Region,Region2,Fuel,Value,,Unit,Source,Updated at,Updated by
AT,CH,Gas_Natural,300,,PJ,"Assumption: first-build allowance on virgin corridor = ~9.5 GW = one mid-size new pipeline (30-36""), ACER/EHB size classes; see Assumptions.txt",2026-07-30,Konstantin Loffler <kl@wip.tu-berlin.de>
AT,CH,H2,150,,PJ,"Assumption: first-build allowance on virgin corridor = ~4.75 GW usable = EHB medium (36"") new-build class; see Assumptions.txt",2026-07-30,Konstantin Loffler <kl@wip.tu-berlin.de>
AT,CH,Power,3,,GW,Assumption: first-build allowance on virgin corridor = one modern HVDC bipole class (2x1.5-2 GW); see Assumptions.txt,2026-07-30,Konstantin Loffler <kl@wip.tu-berlin.de>
AT,CZ,Gas_Natural,300,,PJ,"Assumption: first-build allowance on virgin corridor = ~9.5 GW = one mid-size new pipeline (30-36""), ACER/EHB size classes; see Assumptions.txt",2026-07-30,Konstantin Loffler <kl@wip.tu-berlin.de>
AT,CZ,H2,150,,PJ,"Assumption: first-build allowance on virgin corridor = ~4.75 GW usable = EHB medium (36"") new-build class; see Assumptions.txt",2026-07-30,Konstantin Loffler <kl@wip.tu-berlin.de>
AT,CZ,Power,3,,GW,Assumption: first-build allowance on virgin corridor = one modern HVDC bipole class (2x1.5-2 GW); see Assumptions.txt,2026-07-30,Konstantin Loffler <kl@wip.tu-berlin.de>
AT,DE,Gas_Natural,300,,PJ,"Assumption: first-build allowance on virgin corridor = ~9.5 GW = one mid-size new pipeline (30-36""), ACER/EHB size classes; see Assumptions.txt",2026-07-30,Konstantin Loffler <kl@wip.tu-berlin.de>
AT,DE,H2,150,,PJ,"Assumption: first-build allowance on virgin corridor = ~4.75 GW usable = EHB medium (36"") new-build class; see Assumptions.txt",2026-07-30,Konstantin Loffler <kl@wip.tu-berlin.de>
AT,DE,Power,3,,GW,Assumption: first-build allowance on virgin corridor = one modern HVDC bipole class (2x1.5-2 GW); see Assumptions.txt,2026-07-30,Konstantin Loffler <kl@wip.tu-berlin.de>
AT,DE_BW,Gas_Natural,300,,PJ,"Assumption: first-build allowance on virgin corridor = ~9.5 GW = one mid-size new pipeline (30-36""), ACER/EHB size classes; see Assumptions.txt",2026-07-30,Konstantin Loffler <kl@wip.tu-berlin.de>
AT,DE_BW,H2,150,,PJ,"Assumption: first-build allowance on virgin corridor = ~4.75 GW usable = EHB medium (36"") new-build class; see Assumptions.txt",2026-07-30,Konstantin Loffler <kl@wip.tu-berlin.de>
AT,DE_BW,Power,3,,GW,Assumption: first-build allowance on virgin corridor = one modern HVDC bipole class (2x1.5-2 GW); see Assumptions.txt,2026-07-30,Konstantin Loffler <kl@wip.tu-berlin.de>
AT,DE_BY,Gas_Natural,300,,PJ,"Assumption: first-build allowance on virgin corridor = ~9.5 GW = one mid-size new pipeline (30-36""), ACER/EHB size classes; see Assumptions.txt",2026-07-30,Konstantin Loffler <kl@wip.tu-berlin.de>
AT,DE_BY,H2,150,,PJ,"Assumption: first-build allowance on virgin corridor = ~4.75 GW usable = EHB medium (36"") new-build class; see Assumptions.txt",2026-07-30,Konstantin Loffler <kl@wip.tu-berlin.de>
AT,DE_BY,Power,3,,GW,Assumption: first-build allowance on virgin corridor = one modern HVDC bipole class (2x1.5-2 GW); see Assumptions.txt,2026-07-30,Konstantin Loffler <kl@wip.tu-berlin.de>
AT,HU,Gas_Natural,300,,PJ,"Assumption: first-build allowance on virgin corridor = ~9.5 GW = one mid-size new pipeline (30-36""), ACER/EHB size classes; see Assumptions.txt",2026-07-30,Konstantin Loffler <kl@wip.tu-berlin.de>
AT,HU,H2,150,,PJ,"Assumption: first-build allowance on virgin corridor = ~4.75 GW usable = EHB medium (36"") new-build class; see Assumptions.txt",2026-07-30,Konstantin Loffler <kl@wip.tu-berlin.de>
AT,HU,Power,3,,GW,Assumption: first-build allowance on virgin corridor = one modern HVDC bipole class (2x1.5-2 GW); see Assumptions.txt,2026-07-30,Konstantin Loffler <kl@wip.tu-berlin.de>
AT,IT,Gas_Natural,300,,PJ,"Assumption: first-build allowance on virgin corridor = ~9.5 GW = one mid-size new pipeline (30-36""), ACER/EHB size classes; see Assumptions.txt",2026-07-30,Konstantin Loffler <kl@wip.tu-berlin.de>
AT,IT,H2,150,,PJ,"Assumption: first-build allowance on virgin corridor = ~4.75 GW usable = EHB medium (36"") new-build class; see Assumptions.txt",2026-07-30,Konstantin Loffler <kl@wip.tu-berlin.de>
AT,IT,Power,3,,GW,Assumption: first-build allowance on virgin corridor = one modern HVDC bipole class (2x1.5-2 GW); see Assumptions.txt,2026-07-30,Konstantin Loffler <kl@wip.tu-berlin.de>
AT,SI,Gas_Natural,300,,PJ,"Assumption: first-build allowance on virgin corridor = ~9.5 GW = one mid-size new pipeline (30-36""), ACER/EHB size classes; see Assumptions.txt",2026-07-30,Konstantin Loffler <kl@wip.tu-berlin.de>
AT,SI,H2,150,,PJ,"Assumption: first-build allowance on virgin corridor = ~4.75 GW usable = EHB medium (36"") new-build class; see Assumptions.txt",2026-07-30,Konstantin Loffler <kl@wip.tu-berlin.de>
AT,SI,Power,3,,GW,Assumption: first-build allowance on virgin corridor = one modern HVDC bipole class (2x1.5-2 GW); see Assumptions.txt,2026-07-30,Konstantin Loffler <kl@wip.tu-berlin.de>
AT,SK,Gas_Natural,300,,PJ,"Assumption: first-build allowance on virgin corridor = ~9.5 GW = one mid-size new pipeline (30-36""), ACER/EHB size classes; see Assumptions.txt",2026-07-30,Konstantin Loffler <kl@wip.tu-berlin.de>
AT,SK,H2,150,,PJ,"Assumption: first-build allowance on virgin corridor = ~4.75 GW usable = EHB medium (36"") new-build class; see Assumptions.txt",2026-07-30,Konstantin Loffler <kl@wip.tu-berlin.de>
AT,SK,Power,3,,GW,Assumption: first-build allowance on virgin corridor = one modern HVDC bipole class (2x1.5-2 GW); see Assumptions.txt,2026-07-30,Konstantin Loffler <kl@wip.tu-berlin.de>
BE,DE,Gas_Natural,300,,PJ,"Assumption: first-build allowance on virgin corridor = ~9.5 GW = one mid-size new pipeline (30-36""), ACER/EHB size classes; see Assumptions.txt",2026-07-30,Konstantin Loffler <kl@wip.tu-berlin.de>
BE,DE,H2,150,,PJ,"Assumption: first-build allowance on virgin corridor = ~4.75 GW usable = EHB medium (36"") new-build class; see Assumptions.txt",2026-07-30,Konstantin Loffler <kl@wip.tu-berlin.de>
BE,DE,Power,3,,GW,Assumption: first-build allowance on virgin corridor = one modern HVDC bipole class (2x1.5-2 GW); see Assumptions.txt,2026-07-30,Konstantin Loffler <kl@wip.tu-berlin.de>
BE,DE_RP,Gas_Natural,300,,PJ,"Assumption: first-build allowance on virgin corridor = ~9.5 GW = one mid-size new pipeline (30-36""), ACER/EHB size classes; see Assumptions.txt",2026-07-30,Konstantin Loffler <kl@wip.tu-berlin.de>
BE,DE_RP,H2,150,,PJ,"Assumption: first-build allowance on virgin corridor = ~4.75 GW usable = EHB medium (36"") new-build class; see Assumptions.txt",2026-07-30,Konstantin Loffler <kl@wip.tu-berlin.de>
BE,DE_RP,Power,3,,GW,Assumption: first-build allowance on virgin corridor = one modern HVDC bipole class (2x1.5-2 GW); see Assumptions.txt,2026-07-30,Konstantin Loffler <kl@wip.tu-berlin.de>
BE,FR,Gas_Natural,300,,PJ,"Assumption: first-build allowance on virgin corridor = ~9.5 GW = one mid-size new pipeline (30-36""), ACER/EHB size classes; see Assumptions.txt",2026-07-30,Konstantin Loffler <kl@wip.tu-berlin.de>
BE,FR,H2,150,,PJ,"Assumption: first-build allowance on virgin corridor = ~4.75 GW usable = EHB medium (36"") new-build class; see Assumptions.txt",2026-07-30,Konstantin Loffler <kl@wip.tu-berlin.de>
BE,FR,Power,3,,GW,Assumption: first-build allowance on virgin corridor = one modern HVDC bipole class (2x1.5-2 GW); see Assumptions.txt,2026-07-30,Konstantin Loffler <kl@wip.tu-berlin.de>
BE,LU,Gas_Natural,300,,PJ,"Assumption: first-build allowance on virgin corridor = ~9.5 GW = one mid-size new pipeline (30-36""), ACER/EHB size classes; see Assumptions.txt",2026-07-30,Konstantin Loffler <kl@wip.tu-berlin.de>
BE,LU,H2,150,,PJ,"Assumption: first-build allowance on virgin corridor = ~4.75 GW usable = EHB medium (36"") new-build class; see Assumptions.txt",2026-07-30,Konstantin Loffler <kl@wip.tu-berlin.de>
BE,LU,Power,3,,GW,Assumption: first-build allowance on virgin corridor = one modern HVDC bipole class (2x1.5-2 GW); see Assumptions.txt,2026-07-30,Konstantin Loffler <kl@wip.tu-berlin.de>
BE,NL,Gas_Natural,300,,PJ,"Assumption: first-build allowance on virgin corridor = ~9.5 GW = one mid-size new pipeline (30-36""), ACER/EHB size classes; see Assumptions.txt",2026-07-30,Konstantin Loffler <kl@wip.tu-berlin.de>
BE,NL,H2,150,,PJ,"Assumption: first-build allowance on virgin corridor = ~4.75 GW usable = EHB medium (36"") new-build class; see Assumptions.txt",2026-07-30,Konstantin Loffler <kl@wip.tu-berlin.de>
BE,NL,Power,3,,GW,Assumption: first-build allowance on virgin corridor = one modern HVDC bipole class (2x1.5-2 GW); see Assumptions.txt,2026-07-30,Konstantin Loffler <kl@wip.tu-berlin.de>
BE,NO,Gas_Natural,300,,PJ,"Assumption: first-build allowance on virgin corridor = ~9.5 GW = one mid-size new pipeline (30-36""), ACER/EHB size classes; see Assumptions.txt",2026-07-30,Konstantin Loffler <kl@wip.tu-berlin.de>
BE,NO,H2,150,,PJ,"Assumption: first-build allowance on virgin corridor = ~4.75 GW usable = EHB medium (36"") new-build class; see Assumptions.txt",2026-07-30,Konstantin Loffler <kl@wip.tu-berlin.de>
BE,NO,Power,3,,GW,Assumption: first-build allowance on virgin corridor = one modern HVDC bipole class (2x1.5-2 GW); see Assumptions.txt,2026-07-30,Konstantin Loffler <kl@wip.tu-berlin.de>
BE,UK,Gas_Natural,300,,PJ,"Assumption: first-build allowance on virgin corridor = ~9.5 GW = one mid-size new pipeline (30-36""), ACER/EHB size classes; see Assumptions.txt",2026-07-30,Konstantin Loffler <kl@wip.tu-berlin.de>
BE,UK,H2,150,,PJ,"Assumption: first-build allowance on virgin corridor = ~4.75 GW usable = EHB medium (36"") new-build class; see Assumptions.txt",2026-07-30,Konstantin Loffler <kl@wip.tu-berlin.de>
BE,UK,Power,3,,GW,Assumption: first-build allowance on virgin corridor = one modern HVDC bipole class (2x1.5-2 GW); see Assumptions.txt,2026-07-30,Konstantin Loffler <kl@wip.tu-berlin.de>
BG,GR,Gas_Natural,300,,PJ,"Assumption: first-build allowance on virgin corridor = ~9.5 GW = one mid-size new pipeline (30-36""), ACER/EHB size classes; see Assumptions.txt",2026-07-30,Konstantin Loffler <kl@wip.tu-berlin.de>
BG,GR,H2,150,,PJ,"Assumption: first-build allowance on virgin corridor = ~4.75 GW usable = EHB medium (36"") new-build class; see Assumptions.txt",2026-07-30,Konstantin Loffler <kl@wip.tu-berlin.de>
BG,GR,Power,3,,GW,Assumption: first-build allowance on virgin corridor = one modern HVDC bipole class (2x1.5-2 GW); see Assumptions.txt,2026-07-30,Konstantin Loffler <kl@wip.tu-berlin.de>
BG,NONEU_Balkan,Gas_Natural,300,,PJ,"Assumption: first-build allowance on virgin corridor = ~9.5 GW = one mid-size new pipeline (30-36""), ACER/EHB size classes; see Assumptions.txt",2026-07-30,Konstantin Loffler <kl@wip.tu-berlin.de>
BG,NONEU_Balkan,H2,150,,PJ,"Assumption: first-build allowance on virgin corridor = ~4.75 GW usable = EHB medium (36"") new-build class; see Assumptions.txt",2026-07-30,Konstantin Loffler <kl@wip.tu-berlin.de>
BG,NONEU_Balkan,Power,3,,GW,Assumption: first-build allowance on virgin corridor = one modern HVDC bipole class (2x1.5-2 GW); see Assumptions.txt,2026-07-30,Konstantin Loffler <kl@wip.tu-berlin.de>
BG,RO,Gas_Natural,300,,PJ,"Assumption: first-build allowance on virgin corridor = ~9.5 GW = one mid-size new pipeline (30-36""), ACER/EHB size classes; see Assumptions.txt",2026-07-30,Konstantin Loffler <kl@wip.tu-berlin.de>
BG,RO,H2,150,,PJ,"Assumption: first-build allowance on virgin corridor = ~4.75 GW usable = EHB medium (36"") new-build class; see Assumptions.txt",2026-07-30,Konstantin Loffler <kl@wip.tu-berlin.de>
BG,RO,Power,3,,GW,Assumption: first-build allowance on virgin corridor = one modern HVDC bipole class (2x1.5-2 GW); see Assumptions.txt,2026-07-30,Konstantin Loffler <kl@wip.tu-berlin.de>
BG,TR,Gas_Natural,300,,PJ,"Assumption: first-build allowance on virgin corridor = ~9.5 GW = one mid-size new pipeline (30-36""), ACER/EHB size classes; see Assumptions.txt",2026-07-30,Konstantin Loffler <kl@wip.tu-berlin.de>
BG,TR,H2,150,,PJ,"Assumption: first-build allowance on virgin corridor = ~4.75 GW usable = EHB medium (36"") new-build class; see Assumptions.txt",2026-07-30,Konstantin Loffler <kl@wip.tu-berlin.de>
BG,TR,Power,3,,GW,Assumption: first-build allowance on virgin corridor = one modern HVDC bipole class (2x1.5-2 GW); see Assumptions.txt,2026-07-30,Konstantin Loffler <kl@wip.tu-berlin.de>
CH,AT,Gas_Natural,300,,PJ,"Assumption: first-build allowance on virgin corridor = ~9.5 GW = one mid-size new pipeline (30-36""), ACER/EHB size classes; see Assumptions.txt",2026-07-30,Konstantin Loffler <kl@wip.tu-berlin.de>
CH,AT,H2,150,,PJ,"Assumption: first-build allowance on virgin corridor = ~4.75 GW usable = EHB medium (36"") new-build class; see Assumptions.txt",2026-07-30,Konstantin Loffler <kl@wip.tu-berlin.de>
CH,AT,Power,3,,GW,Assumption: first-build allowance on virgin corridor = one modern HVDC bipole class (2x1.5-2 GW); see Assumptions.txt,2026-07-30,Konstantin Loffler <kl@wip.tu-berlin.de>
CH,DE,Gas_Natural,300,,PJ,"Assumption: first-build allowance on virgin corridor = ~9.5 GW = one mid-size new pipeline (30-36""), ACER/EHB size classes; see Assumptions.txt",2026-07-30,Konstantin Loffler <kl@wip.tu-berlin.de>
CH,DE,H2,150,,PJ,"Assumption: first-build allowance on virgin corridor = ~4.75 GW usable = EHB medium (36"") new-build class; see Assumptions.txt",2026-07-30,Konstantin Loffler <kl@wip.tu-berlin.de>
CH,DE,Power,3,,GW,Assumption: first-build allowance on virgin corridor = one modern HVDC bipole class (2x1.5-2 GW); see Assumptions.txt,2026-07-30,Konstantin Loffler <kl@wip.tu-berlin.de>
CH,DE_BW,Gas_Natural,300,,PJ,"Assumption: first-build allowance on virgin corridor = ~9.5 GW = one mid-size new pipeline (30-36""), ACER/EHB size classes; see Assumptions.txt",2026-07-30,Konstantin Loffler <kl@wip.tu-berlin.de>
CH,DE_BW,H2,150,,PJ,"Assumption: first-build allowance on virgin corridor = ~4.75 GW usable = EHB medium (36"") new-build class; see Assumptions.txt",2026-07-30,Konstantin Loffler <kl@wip.tu-berlin.de>
CH,DE_BW,Power,3,,GW,Assumption: first-build allowance on virgin corridor = one modern HVDC bipole class (2x1.5-2 GW); see Assumptions.txt,2026-07-30,Konstantin Loffler <kl@wip.tu-berlin.de>
CH,FR,Gas_Natural,300,,PJ,"Assumption: first-build allowance on virgin corridor = ~9.5 GW = one mid-size new pipeline (30-36""), ACER/EHB size classes; see Assumptions.txt",2026-07-30,Konstantin Loffler <kl@wip.tu-berlin.de>
CH,FR,H2,150,,PJ,"Assumption: first-build allowance on virgin corridor = ~4.75 GW usable = EHB medium (36"") new-build class; see Assumptions.txt",2026-07-30,Konstantin Loffler <kl@wip.tu-berlin.de>
CH,FR,Power,3,,GW,Assumption: first-build allowance on virgin corridor = one modern HVDC bipole class (2x1.5-2 GW); see Assumptions.txt,2026-07-30,Konstantin Loffler <kl@wip.tu-berlin.de>
CH,IT,Gas_Natural,300,,PJ,"Assumption: first-build allowance on virgin corridor = ~9.5 GW = one mid-size new pipeline (30-36""), ACER/EHB size classes; see Assumptions.txt",2026-07-30,Konstantin Loffler <kl@wip.tu-berlin.de>
CH,IT,H2,150,,PJ,"Assumption: first-build allowance on virgin corridor = ~4.75 GW usable = EHB medium (36"") new-build class; see Assumptions.txt",2026-07-30,Konstantin Loffler <kl@wip.tu-berlin.de>
CH,IT,Power,3,,GW,Assumption: first-build allowance on virgin corridor = one modern HVDC bipole class (2x1.5-2 GW); see Assumptions.txt,2026-07-30,Konstantin Loffler <kl@wip.tu-berlin.de>
CZ,AT,Gas_Natural,300,,PJ,"Assumption: first-build allowance on virgin corridor = ~9.5 GW = one mid-size new pipeline (30-36""), ACER/EHB size classes; see Assumptions.txt",2026-07-30,Konstantin Loffler <kl@wip.tu-berlin.de>
CZ,AT,H2,150,,PJ,"Assumption: first-build allowance on virgin corridor = ~4.75 GW usable = EHB medium (36"") new-build class; see Assumptions.txt",2026-07-30,Konstantin Loffler <kl@wip.tu-berlin.de>
CZ,AT,Power,3,,GW,Assumption: first-build allowance on virgin corridor = one modern HVDC bipole class (2x1.5-2 GW); see Assumptions.txt,2026-07-30,Konstantin Loffler <kl@wip.tu-berlin.de>
CZ,DE,Gas_Natural,300,,PJ,"Assumption: first-build allowance on virgin corridor = ~9.5 GW = one mid-size new pipeline (30-36""), ACER/EHB size classes; see Assumptions.txt",2026-07-30,Konstantin Loffler <kl@wip.tu-berlin.de>
CZ,DE,H2,150,,PJ,"Assumption: first-build allowance on virgin corridor = ~4.75 GW usable = EHB medium (36"") new-build class; see Assumptions.txt",2026-07-30,Konstantin Loffler <kl@wip.tu-berlin.de>
CZ,DE,Power,3,,GW,Assumption: first-build allowance on virgin corridor = one modern HVDC bipole class (2x1.5-2 GW); see Assumptions.txt,2026-07-30,Konstantin Loffler <kl@wip.tu-berlin.de>
CZ,DE_BY,Gas_Natural,300,,PJ,"Assumption: first-build allowance on virgin corridor = ~9.5 GW = one mid-size new pipeline (30-36""), ACER/EHB size classes; see Assumptions.txt",2026-07-30,Konstantin Loffler <kl@wip.tu-berlin.de>
CZ,DE_BY,H2,150,,PJ,"Assumption: first-build allowance on virgin corridor = ~4.75 GW usable = EHB medium (36"") new-build class; see Assumptions.txt",2026-07-30,Konstantin Loffler <kl@wip.tu-berlin.de>
CZ,DE_BY,Power,3,,GW,Assumption: first-build allowance on virgin corridor = one modern HVDC bipole class (2x1.5-2 GW); see Assumptions.txt,2026-07-30,Konstantin Loffler <kl@wip.tu-berlin.de>
CZ,DE_SN,Gas_Natural,300,,PJ,"Assumption: first-build allowance on virgin corridor = ~9.5 GW = one mid-size new pipeline (30-36""), ACER/EHB size classes; see Assumptions.txt",2026-07-30,Konstantin Loffler <kl@wip.tu-berlin.de>
CZ,DE_SN,H2,150,,PJ,"Assumption: first-build allowance on virgin corridor = ~4.75 GW usable = EHB medium (36"") new-build class; see Assumptions.txt",2026-07-30,Konstantin Loffler <kl@wip.tu-berlin.de>
CZ,DE_SN,Power,3,,GW,Assumption: first-build allowance on virgin corridor = one modern HVDC bipole class (2x1.5-2 GW); see Assumptions.txt,2026-07-30,Konstantin Loffler <kl@wip.tu-berlin.de>
CZ,PL,Gas_Natural,300,,PJ,"Assumption: first-build allowance on virgin corridor = ~9.5 GW = one mid-size new pipeline (30-36""), ACER/EHB size classes; see Assumptions.txt",2026-07-30,Konstantin Loffler <kl@wip.tu-berlin.de>
CZ,PL,H2,150,,PJ,"Assumption: first-build allowance on virgin corridor = ~4.75 GW usable = EHB medium (36"") new-build class; see Assumptions.txt",2026-07-30,Konstantin Loffler <kl@wip.tu-berlin.de>
CZ,PL,Power,3,,GW,Assumption: first-build allowance on virgin corridor = one modern HVDC bipole class (2x1.5-2 GW); see Assumptions.txt,2026-07-30,Konstantin Loffler <kl@wip.tu-berlin.de>
CZ,SK,Gas_Natural,300,,PJ,"Assumption: first-build allowance on virgin corridor = ~9.5 GW = one mid-size new pipeline (30-36""), ACER/EHB size classes; see Assumptions.txt",2026-07-30,Konstantin Loffler <kl@wip.tu-berlin.de>
CZ,SK,H2,150,,PJ,"Assumption: first-build allowance on virgin corridor = ~4.75 GW usable = EHB medium (36"") new-build class; see Assumptions.txt",2026-07-30,Konstantin Loffler <kl@wip.tu-berlin.de>
CZ,SK,Power,3,,GW,Assumption: first-build allowance on virgin corridor = one modern HVDC bipole class (2x1.5-2 GW); see Assumptions.txt,2026-07-30,Konstantin Loffler <kl@wip.tu-berlin.de>
California,WECC,Gas_Natural,300,,PJ,"Assumption: first-build allowance on virgin corridor = ~9.5 GW = one mid-size new pipeline (30-36""), ACER/EHB size classes; see Assumptions.txt",2026-07-30,Konstantin Loffler <kl@wip.tu-berlin.de>
California,WECC,H2,150,,PJ,"Assumption: first-build allowance on virgin corridor = ~4.75 GW usable = EHB medium (36"") new-build class; see Assumptions.txt",2026-07-30,Konstantin Loffler <kl@wip.tu-berlin.de>
California,WECC,Power,3,,GW,Assumption: first-build allowance on virgin corridor = one modern HVDC bipole class (2x1.5-2 GW); see Assumptions.txt,2026-07-30,Konstantin Loffler <kl@wip.tu-berlin.de>
Canada,MISO,Gas_Natural,300,,PJ,"Assumption: first-build allowance on virgin corridor = ~9.5 GW = one mid-size new pipeline (30-36""), ACER/EHB size classes; see Assumptions.txt",2026-07-30,Konstantin Loffler <kl@wip.tu-berlin.de>
Canada,MISO,H2,150,,PJ,"Assumption: first-build allowance on virgin corridor = ~4.75 GW usable = EHB medium (36"") new-build class; see Assumptions.txt",2026-07-30,Konstantin Loffler <kl@wip.tu-berlin.de>
Canada,MISO,Power,3,,GW,Assumption: first-build allowance on virgin corridor = one modern HVDC bipole class (2x1.5-2 GW); see Assumptions.txt,2026-07-30,Konstantin Loffler <kl@wip.tu-berlin.de>
Canada,NewEngland,Gas_Natural,300,,PJ,"Assumption: first-build allowance on virgin corridor = ~9.5 GW = one mid-size new pipeline (30-36""), ACER/EHB size classes; see Assumptions.txt",2026-07-30,Konstantin Loffler <kl@wip.tu-berlin.de>
Canada,NewEngland,H2,150,,PJ,"Assumption: first-build allowance on virgin corridor = ~4.75 GW usable = EHB medium (36"") new-build class; see Assumptions.txt",2026-07-30,Konstantin Loffler <kl@wip.tu-berlin.de>
Canada,NewEngland,Power,3,,GW,Assumption: first-build allowance on virgin corridor = one modern HVDC bipole class (2x1.5-2 GW); see Assumptions.txt,2026-07-30,Konstantin Loffler <kl@wip.tu-berlin.de>
Canada,NewYork,Gas_Natural,300,,PJ,"Assumption: first-build allowance on virgin corridor = ~9.5 GW = one mid-size new pipeline (30-36""), ACER/EHB size classes; see Assumptions.txt",2026-07-30,Konstantin Loffler <kl@wip.tu-berlin.de>
Canada,NewYork,H2,150,,PJ,"Assumption: first-build allowance on virgin corridor = ~4.75 GW usable = EHB medium (36"") new-build class; see Assumptions.txt",2026-07-30,Konstantin Loffler <kl@wip.tu-berlin.de>
Canada,NewYork,Power,3,,GW,Assumption: first-build allowance on virgin corridor = one modern HVDC bipole class (2x1.5-2 GW); see Assumptions.txt,2026-07-30,Konstantin Loffler <kl@wip.tu-berlin.de>
Canada,PJM,Gas_Natural,300,,PJ,"Assumption: first-build allowance on virgin corridor = ~9.5 GW = one mid-size new pipeline (30-36""), ACER/EHB size classes; see Assumptions.txt",2026-07-30,Konstantin Loffler <kl@wip.tu-berlin.de>
Canada,PJM,H2,150,,PJ,"Assumption: first-build allowance on virgin corridor = ~4.75 GW usable = EHB medium (36"") new-build class; see Assumptions.txt",2026-07-30,Konstantin Loffler <kl@wip.tu-berlin.de>
Canada,PJM,Power,3,,GW,Assumption: first-build allowance on virgin corridor = one modern HVDC bipole class (2x1.5-2 GW); see Assumptions.txt,2026-07-30,Konstantin Loffler <kl@wip.tu-berlin.de>
Canada,SPP,Gas_Natural,300,,PJ,"Assumption: first-build allowance on virgin corridor = ~9.5 GW = one mid-size new pipeline (30-36""), ACER/EHB size classes; see Assumptions.txt",2026-07-30,Konstantin Loffler <kl@wip.tu-berlin.de>
Canada,SPP,H2,150,,PJ,"Assumption: first-build allowance on virgin corridor = ~4.75 GW usable = EHB medium (36"") new-build class; see Assumptions.txt",2026-07-30,Konstantin Loffler <kl@wip.tu-berlin.de>
Canada,SPP,Power,3,,GW,Assumption: first-build allowance on virgin corridor = one modern HVDC bipole class (2x1.5-2 GW); see Assumptions.txt,2026-07-30,Konstantin Loffler <kl@wip.tu-berlin.de>
Canada,WECC,Gas_Natural,300,,PJ,"Assumption: first-build allowance on virgin corridor = ~9.5 GW = one mid-size new pipeline (30-36""), ACER/EHB size classes; see Assumptions.txt",2026-07-30,Konstantin Loffler <kl@wip.tu-berlin.de>
Canada,WECC,H2,150,,PJ,"Assumption: first-build allowance on virgin corridor = ~4.75 GW usable = EHB medium (36"") new-build class; see Assumptions.txt",2026-07-30,Konstantin Loffler <kl@wip.tu-berlin.de>
Canada,WECC,Power,3,,GW,Assumption: first-build allowance on virgin corridor = one modern HVDC bipole class (2x1.5-2 GW); see Assumptions.txt,2026-07-30,Konstantin Loffler <kl@wip.tu-berlin.de>
DE,AT,Gas_Natural,300,,PJ,"Assumption: first-build allowance on virgin corridor = ~9.5 GW = one mid-size new pipeline (30-36""), ACER/EHB size classes; see Assumptions.txt",2026-07-30,Konstantin Loffler <kl@wip.tu-berlin.de>
DE,AT,H2,150,,PJ,"Assumption: first-build allowance on virgin corridor = ~4.75 GW usable = EHB medium (36"") new-build class; see Assumptions.txt",2026-07-30,Konstantin Loffler <kl@wip.tu-berlin.de>
DE,AT,Power,3,,GW,Assumption: first-build allowance on virgin corridor = one modern HVDC bipole class (2x1.5-2 GW); see Assumptions.txt,2026-07-30,Konstantin Loffler <kl@wip.tu-berlin.de>
DE,BE,Gas_Natural,300,,PJ,"Assumption: first-build allowance on virgin corridor = ~9.5 GW = one mid-size new pipeline (30-36""), ACER/EHB size classes; see Assumptions.txt",2026-07-30,Konstantin Loffler <kl@wip.tu-berlin.de>
DE,BE,H2,150,,PJ,"Assumption: first-build allowance on virgin corridor = ~4.75 GW usable = EHB medium (36"") new-build class; see Assumptions.txt",2026-07-30,Konstantin Loffler <kl@wip.tu-berlin.de>
DE,BE,Power,3,,GW,Assumption: first-build allowance on virgin corridor = one modern HVDC bipole class (2x1.5-2 GW); see Assumptions.txt,2026-07-30,Konstantin Loffler <kl@wip.tu-berlin.de>
DE,CH,Gas_Natural,300,,PJ,"Assumption: first-build allowance on virgin corridor = ~9.5 GW = one mid-size new pipeline (30-36""), ACER/EHB size classes; see Assumptions.txt",2026-07-30,Konstantin Loffler <kl@wip.tu-berlin.de>
DE,CH,H2,150,,PJ,"Assumption: first-build allowance on virgin corridor = ~4.75 GW usable = EHB medium (36"") new-build class; see Assumptions.txt",2026-07-30,Konstantin Loffler <kl@wip.tu-berlin.de>
DE,CH,Power,3,,GW,Assumption: first-build allowance on virgin corridor = one modern HVDC bipole class (2x1.5-2 GW); see Assumptions.txt,2026-07-30,Konstantin Loffler <kl@wip.tu-berlin.de>
DE,CZ,Gas_Natural,300,,PJ,"Assumption: first-build allowance on virgin corridor = ~9.5 GW = one mid-size new pipeline (30-36""), ACER/EHB size classes; see Assumptions.txt",2026-07-30,Konstantin Loffler <kl@wip.tu-berlin.de>
DE,CZ,H2,150,,PJ,"Assumption: first-build allowance on virgin corridor = ~4.75 GW usable = EHB medium (36"") new-build class; see Assumptions.txt",2026-07-30,Konstantin Loffler <kl@wip.tu-berlin.de>
DE,CZ,Power,3,,GW,Assumption: first-build allowance on virgin corridor = one modern HVDC bipole class (2x1.5-2 GW); see Assumptions.txt,2026-07-30,Konstantin Loffler <kl@wip.tu-berlin.de>
DE,DK,Gas_Natural,300,,PJ,"Assumption: first-build allowance on virgin corridor = ~9.5 GW = one mid-size new pipeline (30-36""), ACER/EHB size classes; see Assumptions.txt",2026-07-30,Konstantin Loffler <kl@wip.tu-berlin.de>
DE,DK,H2,150,,PJ,"Assumption: first-build allowance on virgin corridor = ~4.75 GW usable = EHB medium (36"") new-build class; see Assumptions.txt",2026-07-30,Konstantin Loffler <kl@wip.tu-berlin.de>
DE,DK,Power,3,,GW,Assumption: first-build allowance on virgin corridor = one modern HVDC bipole class (2x1.5-2 GW); see Assumptions.txt,2026-07-30,Konstantin Loffler <kl@wip.tu-berlin.de>
DE,FI,Gas_Natural,300,,PJ,"Assumption: first-build allowance on virgin corridor = ~9.5 GW = one mid-size new pipeline (30-36""), ACER/EHB size classes; see Assumptions.txt",2026-07-30,Konstantin Loffler <kl@wip.tu-berlin.de>
DE,FI,H2,150,,PJ,"Assumption: first-build allowance on virgin corridor = ~4.75 GW usable = EHB medium (36"") new-build class; see Assumptions.txt",2026-07-30,Konstantin Loffler <kl@wip.tu-berlin.de>
DE,FI,Power,3,,GW,Assumption: first-build allowance on virgin corridor = one modern HVDC bipole class (2x1.5-2 GW); see Assumptions.txt,2026-07-30,Konstantin Loffler <kl@wip.tu-berlin.de>
DE,FR,Gas_Natural,300,,PJ,"Assumption: first-build allowance on virgin corridor = ~9.5 GW = one mid-size new pipeline (30-36""), ACER/EHB size classes; see Assumptions.txt",2026-07-30,Konstantin Loffler <kl@wip.tu-berlin.de>
DE,FR,H2,150,,PJ,"Assumption: first-build allowance on virgin corridor = ~4.75 GW usable = EHB medium (36"") new-build class; see Assumptions.txt",2026-07-30,Konstantin Loffler <kl@wip.tu-berlin.de>
DE,FR,Power,3,,GW,Assumption: first-build allowance on virgin corridor = one modern HVDC bipole class (2x1.5-2 GW); see Assumptions.txt,2026-07-30,Konstantin Loffler <kl@wip.tu-berlin.de>
DE,LU,Gas_Natural,300,,PJ,"Assumption: first-build allowance on virgin corridor = ~9.5 GW = one mid-size new pipeline (30-36""), ACER/EHB size classes; see Assumptions.txt",2026-07-30,Konstantin Loffler <kl@wip.tu-berlin.de>
DE,LU,H2,150,,PJ,"Assumption: first-build allowance on virgin corridor = ~4.75 GW usable = EHB medium (36"") new-build class; see Assumptions.txt",2026-07-30,Konstantin Loffler <kl@wip.tu-berlin.de>
DE,LU,Power,3,,GW,Assumption: first-build allowance on virgin corridor = one modern HVDC bipole class (2x1.5-2 GW); see Assumptions.txt,2026-07-30,Konstantin Loffler <kl@wip.tu-berlin.de>
DE,NL,Gas_Natural,300,,PJ,"Assumption: first-build allowance on virgin corridor = ~9.5 GW = one mid-size new pipeline (30-36""), ACER/EHB size classes; see Assumptions.txt",2026-07-30,Konstantin Loffler <kl@wip.tu-berlin.de>
DE,NL,H2,150,,PJ,"Assumption: first-build allowance on virgin corridor = ~4.75 GW usable = EHB medium (36"") new-build class; see Assumptions.txt",2026-07-30,Konstantin Loffler <kl@wip.tu-berlin.de>
DE,NL,Power,3,,GW,Assumption: first-build allowance on virgin corridor = one modern HVDC bipole class (2x1.5-2 GW); see Assumptions.txt,2026-07-30,Konstantin Loffler <kl@wip.tu-berlin.de>
DE,NO,Gas_Natural,300,,PJ,"Assumption: first-build allowance on virgin corridor = ~9.5 GW = one mid-size new pipeline (30-36""), ACER/EHB size classes; see Assumptions.txt",2026-07-30,Konstantin Loffler <kl@wip.tu-berlin.de>
DE,NO,H2,150,,PJ,"Assumption: first-build allowance on virgin corridor = ~4.75 GW usable = EHB medium (36"") new-build class; see Assumptions.txt",2026-07-30,Konstantin Loffler <kl@wip.tu-berlin.de>
DE,NO,Power,3,,GW,Assumption: first-build allowance on virgin corridor = one modern HVDC bipole class (2x1.5-2 GW); see Assumptions.txt,2026-07-30,Konstantin Loffler <kl@wip.tu-berlin.de>
DE,PL,Gas_Natural,300,,PJ,"Assumption: first-build allowance on virgin corridor = ~9.5 GW = one mid-size new pipeline (30-36""), ACER/EHB size classes; see Assumptions.txt",2026-07-30,Konstantin Loffler <kl@wip.tu-berlin.de>
DE,PL,H2,150,,PJ,"Assumption: first-build allowance on virgin corridor = ~4.75 GW usable = EHB medium (36"") new-build class; see Assumptions.txt",2026-07-30,Konstantin Loffler <kl@wip.tu-berlin.de>
DE,PL,Power,3,,GW,Assumption: first-build allowance on virgin corridor = one modern HVDC bipole class (2x1.5-2 GW); see Assumptions.txt,2026-07-30,Konstantin Loffler <kl@wip.tu-berlin.de>
DE,SE,Gas_Natural,300,,PJ,"Assumption: first-build allowance on virgin corridor = ~9.5 GW = one mid-size new pipeline (30-36""), ACER/EHB size classes; see Assumptions.txt",2026-07-30,Konstantin Loffler <kl@wip.tu-berlin.de>
DE,SE,H2,150,,PJ,"Assumption: first-build allowance on virgin corridor = ~4.75 GW usable = EHB medium (36"") new-build class; see Assumptions.txt",2026-07-30,Konstantin Loffler <kl@wip.tu-berlin.de>
DE,SE,Power,3,,GW,Assumption: first-build allowance on virgin corridor = one modern HVDC bipole class (2x1.5-2 GW); see Assumptions.txt,2026-07-30,Konstantin Loffler <kl@wip.tu-berlin.de>
DE,UK,Gas_Natural,300,,PJ,"Assumption: first-build allowance on virgin corridor = ~9.5 GW = one mid-size new pipeline (30-36""), ACER/EHB size classes; see Assumptions.txt",2026-07-30,Konstantin Loffler <kl@wip.tu-berlin.de>
DE,UK,H2,150,,PJ,"Assumption: first-build allowance on virgin corridor = ~4.75 GW usable = EHB medium (36"") new-build class; see Assumptions.txt",2026-07-30,Konstantin Loffler <kl@wip.tu-berlin.de>
DE,UK,Power,3,,GW,Assumption: first-build allowance on virgin corridor = one modern HVDC bipole class (2x1.5-2 GW); see Assumptions.txt,2026-07-30,Konstantin Loffler <kl@wip.tu-berlin.de>
DE_BB,DE_BE,Gas_Natural,300,,PJ,"Assumption: first-build allowance on virgin corridor = ~9.5 GW = one mid-size new pipeline (30-36""), ACER/EHB size classes; see Assumptions.txt",2026-07-30,Konstantin Loffler <kl@wip.tu-berlin.de>
DE_BB,DE_BE,H2,150,,PJ,"Assumption: first-build allowance on virgin corridor = ~4.75 GW usable = EHB medium (36"") new-build class; see Assumptions.txt",2026-07-30,Konstantin Loffler <kl@wip.tu-berlin.de>
DE_BB,DE_BE,Power,3,,GW,Assumption: first-build allowance on virgin corridor = one modern HVDC bipole class (2x1.5-2 GW); see Assumptions.txt,2026-07-30,Konstantin Loffler <kl@wip.tu-berlin.de>
DE_BB,DE_MV,Gas_Natural,300,,PJ,"Assumption: first-build allowance on virgin corridor = ~9.5 GW = one mid-size new pipeline (30-36""), ACER/EHB size classes; see Assumptions.txt",2026-07-30,Konstantin Loffler <kl@wip.tu-berlin.de>
DE_BB,DE_MV,H2,150,,PJ,"Assumption: first-build allowance on virgin corridor = ~4.75 GW usable = EHB medium (36"") new-build class; see Assumptions.txt",2026-07-30,Konstantin Loffler <kl@wip.tu-berlin.de>
DE_BB,DE_MV,Power,3,,GW,Assumption: first-build allowance on virgin corridor = one modern HVDC bipole class (2x1.5-2 GW); see Assumptions.txt,2026-07-30,Konstantin Loffler <kl@wip.tu-berlin.de>
DE_BB,DE_NI,Gas_Natural,300,,PJ,"Assumption: first-build allowance on virgin corridor = ~9.5 GW = one mid-size new pipeline (30-36""), ACER/EHB size classes; see Assumptions.txt",2026-07-30,Konstantin Loffler <kl@wip.tu-berlin.de>
DE_BB,DE_NI,H2,150,,PJ,"Assumption: first-build allowance on virgin corridor = ~4.75 GW usable = EHB medium (36"") new-build class; see Assumptions.txt",2026-07-30,Konstantin Loffler <kl@wip.tu-berlin.de>
DE_BB,DE_NI,Power,3,,GW,Assumption: first-build allowance on virgin corridor = one modern HVDC bipole class (2x1.5-2 GW); see Assumptions.txt,2026-07-30,Konstantin Loffler <kl@wip.tu-berlin.de>
DE_BB,DE_SN,Gas_Natural,300,,PJ,"Assumption: first-build allowance on virgin corridor = ~9.5 GW = one mid-size new pipeline (30-36""), ACER/EHB size classes; see Assumptions.txt",2026-07-30,Konstantin Loffler <kl@wip.tu-berlin.de>
DE_BB,DE_SN,H2,150,,PJ,"Assumption: first-build allowance on virgin corridor = ~4.75 GW usable = EHB medium (36"") new-build class; see Assumptions.txt",2026-07-30,Konstantin Loffler <kl@wip.tu-berlin.de>
DE_BB,DE_SN,Power,3,,GW,Assumption: first-build allowance on virgin corridor = one modern HVDC bipole class (2x1.5-2 GW); see Assumptions.txt,2026-07-30,Konstantin Loffler <kl@wip.tu-berlin.de>
DE_BB,DE_ST,Gas_Natural,300,,PJ,"Assumption: first-build allowance on virgin corridor = ~9.5 GW = one mid-size new pipeline (30-36""), ACER/EHB size classes; see Assumptions.txt",2026-07-30,Konstantin Loffler <kl@wip.tu-berlin.de>
DE_BB,DE_ST,H2,150,,PJ,"Assumption: first-build allowance on virgin corridor = ~4.75 GW usable = EHB medium (36"") new-build class; see Assumptions.txt",2026-07-30,Konstantin Loffler <kl@wip.tu-berlin.de>
DE_BB,DE_ST,Power,3,,GW,Assumption: first-build allowance on virgin corridor = one modern HVDC bipole class (2x1.5-2 GW); see Assumptions.txt,2026-07-30,Konstantin Loffler <kl@wip.tu-berlin.de>
DE_BB,PL,Gas_Natural,300,,PJ,"Assumption: first-build allowance on virgin corridor = ~9.5 GW = one mid-size new pipeline (30-36""), ACER/EHB size classes; see Assumptions.txt",2026-07-30,Konstantin Loffler <kl@wip.tu-berlin.de>
DE_BB,PL,H2,150,,PJ,"Assumption: first-build allowance on virgin corridor = ~4.75 GW usable = EHB medium (36"") new-build class; see Assumptions.txt",2026-07-30,Konstantin Loffler <kl@wip.tu-berlin.de>
DE_BB,PL,Power,3,,GW,Assumption: first-build allowance on virgin corridor = one modern HVDC bipole class (2x1.5-2 GW); see Assumptions.txt,2026-07-30,Konstantin Loffler <kl@wip.tu-berlin.de>
DE_BE,DE_BB,Gas_Natural,300,,PJ,"Assumption: first-build allowance on virgin corridor = ~9.5 GW = one mid-size new pipeline (30-36""), ACER/EHB size classes; see Assumptions.txt",2026-07-30,Konstantin Loffler <kl@wip.tu-berlin.de>
DE_BE,DE_BB,H2,150,,PJ,"Assumption: first-build allowance on virgin corridor = ~4.75 GW usable = EHB medium (36"") new-build class; see Assumptions.txt",2026-07-30,Konstantin Loffler <kl@wip.tu-berlin.de>
DE_BE,DE_BB,Power,3,,GW,Assumption: first-build allowance on virgin corridor = one modern HVDC bipole class (2x1.5-2 GW); see Assumptions.txt,2026-07-30,Konstantin Loffler <kl@wip.tu-berlin.de>
DE_BE,DE_ST,Gas_Natural,300,,PJ,"Assumption: first-build allowance on virgin corridor = ~9.5 GW = one mid-size new pipeline (30-36""), ACER/EHB size classes; see Assumptions.txt",2026-07-30,Konstantin Loffler <kl@wip.tu-berlin.de>
DE_BE,DE_ST,H2,150,,PJ,"Assumption: first-build allowance on virgin corridor = ~4.75 GW usable = EHB medium (36"") new-build class; see Assumptions.txt",2026-07-30,Konstantin Loffler <kl@wip.tu-berlin.de>
DE_BE,DE_ST,Power,3,,GW,Assumption: first-build allowance on virgin corridor = one modern HVDC bipole class (2x1.5-2 GW); see Assumptions.txt,2026-07-30,Konstantin Loffler <kl@wip.tu-berlin.de>
DE_BW,AT,Gas_Natural,300,,PJ,"Assumption: first-build allowance on virgin corridor = ~9.5 GW = one mid-size new pipeline (30-36""), ACER/EHB size classes; see Assumptions.txt",2026-07-30,Konstantin Loffler <kl@wip.tu-berlin.de>
DE_BW,AT,H2,150,,PJ,"Assumption: first-build allowance on virgin corridor = ~4.75 GW usable = EHB medium (36"") new-build class; see Assumptions.txt",2026-07-30,Konstantin Loffler <kl@wip.tu-berlin.de>
DE_BW,AT,Power,3,,GW,Assumption: first-build allowance on virgin corridor = one modern HVDC bipole class (2x1.5-2 GW); see Assumptions.txt,2026-07-30,Konstantin Loffler <kl@wip.tu-berlin.de>
DE_BW,CH,Gas_Natural,300,,PJ,"Assumption: first-build allowance on virgin corridor = ~9.5 GW = one mid-size new pipeline (30-36""), ACER/EHB size classes; see Assumptions.txt",2026-07-30,Konstantin Loffler <kl@wip.tu-berlin.de>
DE_BW,CH,H2,150,,PJ,"Assumption: first-build allowance on virgin corridor = ~4.75 GW usable = EHB medium (36"") new-build class; see Assumptions.txt",2026-07-30,Konstantin Loffler <kl@wip.tu-berlin.de>
DE_BW,CH,Power,3,,GW,Assumption: first-build allowance on virgin corridor = one modern HVDC bipole class (2x1.5-2 GW); see Assumptions.txt,2026-07-30,Konstantin Loffler <kl@wip.tu-berlin.de>
DE_BW,DE_BY,Gas_Natural,300,,PJ,"Assumption: first-build allowance on virgin corridor = ~9.5 GW = one mid-size new pipeline (30-36""), ACER/EHB size classes; see Assumptions.txt",2026-07-30,Konstantin Loffler <kl@wip.tu-berlin.de>
DE_BW,DE_BY,H2,150,,PJ,"Assumption: first-build allowance on virgin corridor = ~4.75 GW usable = EHB medium (36"") new-build class; see Assumptions.txt",2026-07-30,Konstantin Loffler <kl@wip.tu-berlin.de>
DE_BW,DE_BY,Power,3,,GW,Assumption: first-build allowance on virgin corridor = one modern HVDC bipole class (2x1.5-2 GW); see Assumptions.txt,2026-07-30,Konstantin Loffler <kl@wip.tu-berlin.de>
DE_BW,DE_HE,Gas_Natural,300,,PJ,"Assumption: first-build allowance on virgin corridor = ~9.5 GW = one mid-size new pipeline (30-36""), ACER/EHB size classes; see Assumptions.txt",2026-07-30,Konstantin Loffler <kl@wip.tu-berlin.de>
DE_BW,DE_HE,H2,150,,PJ,"Assumption: first-build allowance on virgin corridor = ~4.75 GW usable = EHB medium (36"") new-build class; see Assumptions.txt",2026-07-30,Konstantin Loffler <kl@wip.tu-berlin.de>
DE_BW,DE_HE,Power,3,,GW,Assumption: first-build allowance on virgin corridor = one modern HVDC bipole class (2x1.5-2 GW); see Assumptions.txt,2026-07-30,Konstantin Loffler <kl@wip.tu-berlin.de>
DE_BW,DE_NRW,Gas_Natural,300,,PJ,"Assumption: first-build allowance on virgin corridor = ~9.5 GW = one mid-size new pipeline (30-36""), ACER/EHB size classes; see Assumptions.txt",2026-07-30,Konstantin Loffler <kl@wip.tu-berlin.de>
DE_BW,DE_NRW,H2,150,,PJ,"Assumption: first-build allowance on virgin corridor = ~4.75 GW usable = EHB medium (36"") new-build class; see Assumptions.txt",2026-07-30,Konstantin Loffler <kl@wip.tu-berlin.de>
DE_BW,DE_NRW,Power,3,,GW,Assumption: first-build allowance on virgin corridor = one modern HVDC bipole class (2x1.5-2 GW); see Assumptions.txt,2026-07-30,Konstantin Loffler <kl@wip.tu-berlin.de>
DE_BW,DE_RP,Gas_Natural,300,,PJ,"Assumption: first-build allowance on virgin corridor = ~9.5 GW = one mid-size new pipeline (30-36""), ACER/EHB size classes; see Assumptions.txt",2026-07-30,Konstantin Loffler <kl@wip.tu-berlin.de>
DE_BW,DE_RP,H2,150,,PJ,"Assumption: first-build allowance on virgin corridor = ~4.75 GW usable = EHB medium (36"") new-build class; see Assumptions.txt",2026-07-30,Konstantin Loffler <kl@wip.tu-berlin.de>
DE_BW,DE_RP,Power,3,,GW,Assumption: first-build allowance on virgin corridor = one modern HVDC bipole class (2x1.5-2 GW); see Assumptions.txt,2026-07-30,Konstantin Loffler <kl@wip.tu-berlin.de>
DE_BW,DE_SH,Gas_Natural,300,,PJ,"Assumption: first-build allowance on virgin corridor = ~9.5 GW = one mid-size new pipeline (30-36""), ACER/EHB size classes; see Assumptions.txt",2026-07-30,Konstantin Loffler <kl@wip.tu-berlin.de>
DE_BW,DE_SH,H2,150,,PJ,"Assumption: first-build allowance on virgin corridor = ~4.75 GW usable = EHB medium (36"") new-build class; see Assumptions.txt",2026-07-30,Konstantin Loffler <kl@wip.tu-berlin.de>
DE_BW,DE_SH,Power,3,,GW,Assumption: first-build allowance on virgin corridor = one modern HVDC bipole class (2x1.5-2 GW); see Assumptions.txt,2026-07-30,Konstantin Loffler <kl@wip.tu-berlin.de>
DE_BW,FR,Gas_Natural,300,,PJ,"Assumption: first-build allowance on virgin corridor = ~9.5 GW = one mid-size new pipeline (30-36""), ACER/EHB size classes; see Assumptions.txt",2026-07-30,Konstantin Loffler <kl@wip.tu-berlin.de>
DE_BW,FR,H2,150,,PJ,"Assumption: first-build allowance on virgin corridor = ~4.75 GW usable = EHB medium (36"") new-build class; see Assumptions.txt",2026-07-30,Konstantin Loffler <kl@wip.tu-berlin.de>
DE_BW,FR,Power,3,,GW,Assumption: first-build allowance on virgin corridor = one modern HVDC bipole class (2x1.5-2 GW); see Assumptions.txt,2026-07-30,Konstantin Loffler <kl@wip.tu-berlin.de>
DE_BY,AT,Gas_Natural,300,,PJ,"Assumption: first-build allowance on virgin corridor = ~9.5 GW = one mid-size new pipeline (30-36""), ACER/EHB size classes; see Assumptions.txt",2026-07-30,Konstantin Loffler <kl@wip.tu-berlin.de>
DE_BY,AT,H2,150,,PJ,"Assumption: first-build allowance on virgin corridor = ~4.75 GW usable = EHB medium (36"") new-build class; see Assumptions.txt",2026-07-30,Konstantin Loffler <kl@wip.tu-berlin.de>
DE_BY,AT,Power,3,,GW,Assumption: first-build allowance on virgin corridor = one modern HVDC bipole class (2x1.5-2 GW); see Assumptions.txt,2026-07-30,Konstantin Loffler <kl@wip.tu-berlin.de>
DE_BY,CZ,Gas_Natural,300,,PJ,"Assumption: first-build allowance on virgin corridor = ~9.5 GW = one mid-size new pipeline (30-36""), ACER/EHB size classes; see Assumptions.txt",2026-07-30,Konstantin Loffler <kl@wip.tu-berlin.de>
DE_BY,CZ,H2,150,,PJ,"Assumption: first-build allowance on virgin corridor = ~4.75 GW usable = EHB medium (36"") new-build class; see Assumptions.txt",2026-07-30,Konstantin Loffler <kl@wip.tu-berlin.de>
DE_BY,CZ,Power,3,,GW,Assumption: first-build allowance on virgin corridor = one modern HVDC bipole class (2x1.5-2 GW); see Assumptions.txt,2026-07-30,Konstantin Loffler <kl@wip.tu-berlin.de>
DE_BY,DE_BW,Gas_Natural,300,,PJ,"Assumption: first-build allowance on virgin corridor = ~9.5 GW = one mid-size new pipeline (30-36""), ACER/EHB size classes; see Assumptions.txt",2026-07-30,Konstantin Loffler <kl@wip.tu-berlin.de>
DE_BY,DE_BW,H2,150,,PJ,"Assumption: first-build allowance on virgin corridor = ~4.75 GW usable = EHB medium (36"") new-build class; see Assumptions.txt",2026-07-30,Konstantin Loffler <kl@wip.tu-berlin.de>
DE_BY,DE_BW,Power,3,,GW,Assumption: first-build allowance on virgin corridor = one modern HVDC bipole class (2x1.5-2 GW); see Assumptions.txt,2026-07-30,Konstantin Loffler <kl@wip.tu-berlin.de>
DE_BY,DE_HE,Gas_Natural,300,,PJ,"Assumption: first-build allowance on virgin corridor = ~9.5 GW = one mid-size new pipeline (30-36""), ACER/EHB size classes; see Assumptions.txt",2026-07-30,Konstantin Loffler <kl@wip.tu-berlin.de>
DE_BY,DE_HE,H2,150,,PJ,"Assumption: first-build allowance on virgin corridor = ~4.75 GW usable = EHB medium (36"") new-build class; see Assumptions.txt",2026-07-30,Konstantin Loffler <kl@wip.tu-berlin.de>
DE_BY,DE_HE,Power,3,,GW,Assumption: first-build allowance on virgin corridor = one modern HVDC bipole class (2x1.5-2 GW); see Assumptions.txt,2026-07-30,Konstantin Loffler <kl@wip.tu-berlin.de>
DE_BY,DE_SH,Gas_Natural,300,,PJ,"Assumption: first-build allowance on virgin corridor = ~9.5 GW = one mid-size new pipeline (30-36""), ACER/EHB size classes; see Assumptions.txt",2026-07-30,Konstantin Loffler <kl@wip.tu-berlin.de>
DE_BY,DE_SH,H2,150,,PJ,"Assumption: first-build allowance on virgin corridor = ~4.75 GW usable = EHB medium (36"") new-build class; see Assumptions.txt",2026-07-30,Konstantin Loffler <kl@wip.tu-berlin.de>
DE_BY,DE_SH,Power,3,,GW,Assumption: first-build allowance on virgin corridor = one modern HVDC bipole class (2x1.5-2 GW); see Assumptions.txt,2026-07-30,Konstantin Loffler <kl@wip.tu-berlin.de>
DE_BY,DE_ST,Gas_Natural,300,,PJ,"Assumption: first-build allowance on virgin corridor = ~9.5 GW = one mid-size new pipeline (30-36""), ACER/EHB size classes; see Assumptions.txt",2026-07-30,Konstantin Loffler <kl@wip.tu-berlin.de>
DE_BY,DE_ST,H2,150,,PJ,"Assumption: first-build allowance on virgin corridor = ~4.75 GW usable = EHB medium (36"") new-build class; see Assumptions.txt",2026-07-30,Konstantin Loffler <kl@wip.tu-berlin.de>
DE_BY,DE_ST,Power,3,,GW,Assumption: first-build allowance on virgin corridor = one modern HVDC bipole class (2x1.5-2 GW); see Assumptions.txt,2026-07-30,Konstantin Loffler <kl@wip.tu-berlin.de>
DE_BY,DE_TH,Gas_Natural,300,,PJ,"Assumption: first-build allowance on virgin corridor = ~9.5 GW = one mid-size new pipeline (30-36""), ACER/EHB size classes; see Assumptions.txt",2026-07-30,Konstantin Loffler <kl@wip.tu-berlin.de>
DE_BY,DE_TH,H2,150,,PJ,"Assumption: first-build allowance on virgin corridor = ~4.75 GW usable = EHB medium (36"") new-build class; see Assumptions.txt",2026-07-30,Konstantin Loffler <kl@wip.tu-berlin.de>
DE_BY,DE_TH,Power,3,,GW,Assumption: first-build allowance on virgin corridor = one modern HVDC bipole class (2x1.5-2 GW); see Assumptions.txt,2026-07-30,Konstantin Loffler <kl@wip.tu-berlin.de>
DE_Baltic,DE_MV,Gas_Natural,300,,PJ,"Assumption: first-build allowance on virgin corridor = ~9.5 GW = one mid-size new pipeline (30-36""), ACER/EHB size classes; see Assumptions.txt",2026-07-30,Konstantin Loffler <kl@wip.tu-berlin.de>
DE_Baltic,DE_MV,H2,150,,PJ,"Assumption: first-build allowance on virgin corridor = ~4.75 GW usable = EHB medium (36"") new-build class; see Assumptions.txt",2026-07-30,Konstantin Loffler <kl@wip.tu-berlin.de>
DE_Baltic,DE_MV,Power,3,,GW,Assumption: first-build allowance on virgin corridor = one modern HVDC bipole class (2x1.5-2 GW); see Assumptions.txt,2026-07-30,Konstantin Loffler <kl@wip.tu-berlin.de>
DE_Baltic,DE_SH,Gas_Natural,300,,PJ,"Assumption: first-build allowance on virgin corridor = ~9.5 GW = one mid-size new pipeline (30-36""), ACER/EHB size classes; see Assumptions.txt",2026-07-30,Konstantin Loffler <kl@wip.tu-berlin.de>
DE_Baltic,DE_SH,H2,150,,PJ,"Assumption: first-build allowance on virgin corridor = ~4.75 GW usable = EHB medium (36"") new-build class; see Assumptions.txt",2026-07-30,Konstantin Loffler <kl@wip.tu-berlin.de>
DE_Baltic,DE_SH,Power,3,,GW,Assumption: first-build allowance on virgin corridor = one modern HVDC bipole class (2x1.5-2 GW); see Assumptions.txt,2026-07-30,Konstantin Loffler <kl@wip.tu-berlin.de>
DE_HB,DE_NI,Gas_Natural,300,,PJ,"Assumption: first-build allowance on virgin corridor = ~9.5 GW = one mid-size new pipeline (30-36""), ACER/EHB size classes; see Assumptions.txt",2026-07-30,Konstantin Loffler <kl@wip.tu-berlin.de>
DE_HB,DE_NI,H2,150,,PJ,"Assumption: first-build allowance on virgin corridor = ~4.75 GW usable = EHB medium (36"") new-build class; see Assumptions.txt",2026-07-30,Konstantin Loffler <kl@wip.tu-berlin.de>
DE_HB,DE_NI,Power,3,,GW,Assumption: first-build allowance on virgin corridor = one modern HVDC bipole class (2x1.5-2 GW); see Assumptions.txt,2026-07-30,Konstantin Loffler <kl@wip.tu-berlin.de>
DE_HE,DE_BW,Gas_Natural,300,,PJ,"Assumption: first-build allowance on virgin corridor = ~9.5 GW = one mid-size new pipeline (30-36""), ACER/EHB size classes; see Assumptions.txt",2026-07-30,Konstantin Loffler <kl@wip.tu-berlin.de>
DE_HE,DE_BW,H2,150,,PJ,"Assumption: first-build allowance on virgin corridor = ~4.75 GW usable = EHB medium (36"") new-build class; see Assumptions.txt",2026-07-30,Konstantin Loffler <kl@wip.tu-berlin.de>
DE_HE,DE_BW,Power,3,,GW,Assumption: first-build allowance on virgin corridor = one modern HVDC bipole class (2x1.5-2 GW); see Assumptions.txt,2026-07-30,Konstantin Loffler <kl@wip.tu-berlin.de>
DE_HE,DE_BY,Gas_Natural,300,,PJ,"Assumption: first-build allowance on virgin corridor = ~9.5 GW = one mid-size new pipeline (30-36""), ACER/EHB size classes; see Assumptions.txt",2026-07-30,Konstantin Loffler <kl@wip.tu-berlin.de>
DE_HE,DE_BY,H2,150,,PJ,"Assumption: first-build allowance on virgin corridor = ~4.75 GW usable = EHB medium (36"") new-build class; see Assumptions.txt",2026-07-30,Konstantin Loffler <kl@wip.tu-berlin.de>
DE_HE,DE_BY,Power,3,,GW,Assumption: first-build allowance on virgin corridor = one modern HVDC bipole class (2x1.5-2 GW); see Assumptions.txt,2026-07-30,Konstantin Loffler <kl@wip.tu-berlin.de>
DE_HE,DE_NI,Gas_Natural,300,,PJ,"Assumption: first-build allowance on virgin corridor = ~9.5 GW = one mid-size new pipeline (30-36""), ACER/EHB size classes; see Assumptions.txt",2026-07-30,Konstantin Loffler <kl@wip.tu-berlin.de>
DE_HE,DE_NI,H2,150,,PJ,"Assumption: first-build allowance on virgin corridor = ~4.75 GW usable = EHB medium (36"") new-build class; see Assumptions.txt",2026-07-30,Konstantin Loffler <kl@wip.tu-berlin.de>
DE_HE,DE_NI,Power,3,,GW,Assumption: first-build allowance on virgin corridor = one modern HVDC bipole class (2x1.5-2 GW); see Assumptions.txt,2026-07-30,Konstantin Loffler <kl@wip.tu-berlin.de>
DE_HE,DE_NRW,Gas_Natural,300,,PJ,"Assumption: first-build allowance on virgin corridor = ~9.5 GW = one mid-size new pipeline (30-36""), ACER/EHB size classes; see Assumptions.txt",2026-07-30,Konstantin Loffler <kl@wip.tu-berlin.de>
DE_HE,DE_NRW,H2,150,,PJ,"Assumption: first-build allowance on virgin corridor = ~4.75 GW usable = EHB medium (36"") new-build class; see Assumptions.txt",2026-07-30,Konstantin Loffler <kl@wip.tu-berlin.de>
DE_HE,DE_NRW,Power,3,,GW,Assumption: first-build allowance on virgin corridor = one modern HVDC bipole class (2x1.5-2 GW); see Assumptions.txt,2026-07-30,Konstantin Loffler <kl@wip.tu-berlin.de>
DE_HE,DE_RP,Gas_Natural,300,,PJ,"Assumption: first-build allowance on virgin corridor = ~9.5 GW = one mid-size new pipeline (30-36""), ACER/EHB size classes; see Assumptions.txt",2026-07-30,Konstantin Loffler <kl@wip.tu-berlin.de>
DE_HE,DE_RP,H2,150,,PJ,"Assumption: first-build allowance on virgin corridor = ~4.75 GW usable = EHB medium (36"") new-build class; see Assumptions.txt",2026-07-30,Konstantin Loffler <kl@wip.tu-berlin.de>
DE_HE,DE_RP,Power,3,,GW,Assumption: first-build allowance on virgin corridor = one modern HVDC bipole class (2x1.5-2 GW); see Assumptions.txt,2026-07-30,Konstantin Loffler <kl@wip.tu-berlin.de>
DE_HE,DE_TH,Gas_Natural,300,,PJ,"Assumption: first-build allowance on virgin corridor = ~9.5 GW = one mid-size new pipeline (30-36""), ACER/EHB size classes; see Assumptions.txt",2026-07-30,Konstantin Loffler <kl@wip.tu-berlin.de>
DE_HE,DE_TH,H2,150,,PJ,"Assumption: first-build allowance on virgin corridor = ~4.75 GW usable = EHB medium (36"") new-build class; see Assumptions.txt",2026-07-30,Konstantin Loffler <kl@wip.tu-berlin.de>
DE_HE,DE_TH,Power,3,,GW,Assumption: first-build allowance on virgin corridor = one modern HVDC bipole class (2x1.5-2 GW); see Assumptions.txt,2026-07-30,Konstantin Loffler <kl@wip.tu-berlin.de>
DE_HH,DE_NI,Gas_Natural,300,,PJ,"Assumption: first-build allowance on virgin corridor = ~9.5 GW = one mid-size new pipeline (30-36""), ACER/EHB size classes; see Assumptions.txt",2026-07-30,Konstantin Loffler <kl@wip.tu-berlin.de>
DE_HH,DE_NI,H2,150,,PJ,"Assumption: first-build allowance on virgin corridor = ~4.75 GW usable = EHB medium (36"") new-build class; see Assumptions.txt",2026-07-30,Konstantin Loffler <kl@wip.tu-berlin.de>
DE_HH,DE_NI,Power,3,,GW,Assumption: first-build allowance on virgin corridor = one modern HVDC bipole class (2x1.5-2 GW); see Assumptions.txt,2026-07-30,Konstantin Loffler <kl@wip.tu-berlin.de>
DE_HH,DE_SH,Gas_Natural,300,,PJ,"Assumption: first-build allowance on virgin corridor = ~9.5 GW = one mid-size new pipeline (30-36""), ACER/EHB size classes; see Assumptions.txt",2026-07-30,Konstantin Loffler <kl@wip.tu-berlin.de>
DE_HH,DE_SH,H2,150,,PJ,"Assumption: first-build allowance on virgin corridor = ~4.75 GW usable = EHB medium (36"") new-build class; see Assumptions.txt",2026-07-30,Konstantin Loffler <kl@wip.tu-berlin.de>
DE_HH,DE_SH,Power,3,,GW,Assumption: first-build allowance on virgin corridor = one modern HVDC bipole class (2x1.5-2 GW); see Assumptions.txt,2026-07-30,Konstantin Loffler <kl@wip.tu-berlin.de>
DE_MV,DE_BB,Gas_Natural,300,,PJ,"Assumption: first-build allowance on virgin corridor = ~9.5 GW = one mid-size new pipeline (30-36""), ACER/EHB size classes; see Assumptions.txt",2026-07-30,Konstantin Loffler <kl@wip.tu-berlin.de>
DE_MV,DE_BB,H2,150,,PJ,"Assumption: first-build allowance on virgin corridor = ~4.75 GW usable = EHB medium (36"") new-build class; see Assumptions.txt",2026-07-30,Konstantin Loffler <kl@wip.tu-berlin.de>
DE_MV,DE_BB,Power,3,,GW,Assumption: first-build allowance on virgin corridor = one modern HVDC bipole class (2x1.5-2 GW); see Assumptions.txt,2026-07-30,Konstantin Loffler <kl@wip.tu-berlin.de>
DE_MV,DE_Baltic,Gas_Natural,300,,PJ,"Assumption: first-build allowance on virgin corridor = ~9.5 GW = one mid-size new pipeline (30-36""), ACER/EHB size classes; see Assumptions.txt",2026-07-30,Konstantin Loffler <kl@wip.tu-berlin.de>
DE_MV,DE_Baltic,H2,150,,PJ,"Assumption: first-build allowance on virgin corridor = ~4.75 GW usable = EHB medium (36"") new-build class; see Assumptions.txt",2026-07-30,Konstantin Loffler <kl@wip.tu-berlin.de>
DE_MV,DE_Baltic,Power,3,,GW,Assumption: first-build allowance on virgin corridor = one modern HVDC bipole class (2x1.5-2 GW); see Assumptions.txt,2026-07-30,Konstantin Loffler <kl@wip.tu-berlin.de>
DE_MV,DE_NI,Gas_Natural,300,,PJ,"Assumption: first-build allowance on virgin corridor = ~9.5 GW = one mid-size new pipeline (30-36""), ACER/EHB size classes; see Assumptions.txt",2026-07-30,Konstantin Loffler <kl@wip.tu-berlin.de>
DE_MV,DE_NI,H2,150,,PJ,"Assumption: first-build allowance on virgin corridor = ~4.75 GW usable = EHB medium (36"") new-build class; see Assumptions.txt",2026-07-30,Konstantin Loffler <kl@wip.tu-berlin.de>
DE_MV,DE_NI,Power,3,,GW,Assumption: first-build allowance on virgin corridor = one modern HVDC bipole class (2x1.5-2 GW); see Assumptions.txt,2026-07-30,Konstantin Loffler <kl@wip.tu-berlin.de>
DE_MV,DE_SH,Gas_Natural,300,,PJ,"Assumption: first-build allowance on virgin corridor = ~9.5 GW = one mid-size new pipeline (30-36""), ACER/EHB size classes; see Assumptions.txt",2026-07-30,Konstantin Loffler <kl@wip.tu-berlin.de>
DE_MV,DE_SH,H2,150,,PJ,"Assumption: first-build allowance on virgin corridor = ~4.75 GW usable = EHB medium (36"") new-build class; see Assumptions.txt",2026-07-30,Konstantin Loffler <kl@wip.tu-berlin.de>
DE_MV,DE_SH,Power,3,,GW,Assumption: first-build allowance on virgin corridor = one modern HVDC bipole class (2x1.5-2 GW); see Assumptions.txt,2026-07-30,Konstantin Loffler <kl@wip.tu-berlin.de>
DE_MV,DK,Gas_Natural,300,,PJ,"Assumption: first-build allowance on virgin corridor = ~9.5 GW = one mid-size new pipeline (30-36""), ACER/EHB size classes; see Assumptions.txt",2026-07-30,Konstantin Loffler <kl@wip.tu-berlin.de>
DE_MV,DK,H2,150,,PJ,"Assumption: first-build allowance on virgin corridor = ~4.75 GW usable = EHB medium (36"") new-build class; see Assumptions.txt",2026-07-30,Konstantin Loffler <kl@wip.tu-berlin.de>
DE_MV,DK,Power,3,,GW,Assumption: first-build allowance on virgin corridor = one modern HVDC bipole class (2x1.5-2 GW); see Assumptions.txt,2026-07-30,Konstantin Loffler <kl@wip.tu-berlin.de>
DE_NI,DE_BB,Gas_Natural,300,,PJ,"Assumption: first-build allowance on virgin corridor = ~9.5 GW = one mid-size new pipeline (30-36""), ACER/EHB size classes; see Assumptions.txt",2026-07-30,Konstantin Loffler <kl@wip.tu-berlin.de>
DE_NI,DE_BB,H2,150,,PJ,"Assumption: first-build allowance on virgin corridor = ~4.75 GW usable = EHB medium (36"") new-build class; see Assumptions.txt",2026-07-30,Konstantin Loffler <kl@wip.tu-berlin.de>
DE_NI,DE_BB,Power,3,,GW,Assumption: first-build allowance on virgin corridor = one modern HVDC bipole class (2x1.5-2 GW); see Assumptions.txt,2026-07-30,Konstantin Loffler <kl@wip.tu-berlin.de>
DE_NI,DE_HB,Gas_Natural,300,,PJ,"Assumption: first-build allowance on virgin corridor = ~9.5 GW = one mid-size new pipeline (30-36""), ACER/EHB size classes; see Assumptions.txt",2026-07-30,Konstantin Loffler <kl@wip.tu-berlin.de>
DE_NI,DE_HB,H2,150,,PJ,"Assumption: first-build allowance on virgin corridor = ~4.75 GW usable = EHB medium (36"") new-build class; see Assumptions.txt",2026-07-30,Konstantin Loffler <kl@wip.tu-berlin.de>
DE_NI,DE_HB,Power,3,,GW,Assumption: first-build allowance on virgin corridor = one modern HVDC bipole class (2x1.5-2 GW); see Assumptions.txt,2026-07-30,Konstantin Loffler <kl@wip.tu-berlin.de>
DE_NI,DE_HE,Gas_Natural,300,,PJ,"Assumption: first-build allowance on virgin corridor = ~9.5 GW = one mid-size new pipeline (30-36""), ACER/EHB size classes; see Assumptions.txt",2026-07-30,Konstantin Loffler <kl@wip.tu-berlin.de>
DE_NI,DE_HE,H2,150,,PJ,"Assumption: first-build allowance on virgin corridor = ~4.75 GW usable = EHB medium (36"") new-build class; see Assumptions.txt",2026-07-30,Konstantin Loffler <kl@wip.tu-berlin.de>
DE_NI,DE_HE,Power,3,,GW,Assumption: first-build allowance on virgin corridor = one modern HVDC bipole class (2x1.5-2 GW); see Assumptions.txt,2026-07-30,Konstantin Loffler <kl@wip.tu-berlin.de>
DE_NI,DE_HH,Gas_Natural,300,,PJ,"Assumption: first-build allowance on virgin corridor = ~9.5 GW = one mid-size new pipeline (30-36""), ACER/EHB size classes; see Assumptions.txt",2026-07-30,Konstantin Loffler <kl@wip.tu-berlin.de>
DE_NI,DE_HH,H2,150,,PJ,"Assumption: first-build allowance on virgin corridor = ~4.75 GW usable = EHB medium (36"") new-build class; see Assumptions.txt",2026-07-30,Konstantin Loffler <kl@wip.tu-berlin.de>
DE_NI,DE_HH,Power,3,,GW,Assumption: first-build allowance on virgin corridor = one modern HVDC bipole class (2x1.5-2 GW); see Assumptions.txt,2026-07-30,Konstantin Loffler <kl@wip.tu-berlin.de>
DE_NI,DE_MV,Gas_Natural,300,,PJ,"Assumption: first-build allowance on virgin corridor = ~9.5 GW = one mid-size new pipeline (30-36""), ACER/EHB size classes; see Assumptions.txt",2026-07-30,Konstantin Loffler <kl@wip.tu-berlin.de>
DE_NI,DE_MV,H2,150,,PJ,"Assumption: first-build allowance on virgin corridor = ~4.75 GW usable = EHB medium (36"") new-build class; see Assumptions.txt",2026-07-30,Konstantin Loffler <kl@wip.tu-berlin.de>
DE_NI,DE_MV,Power,3,,GW,Assumption: first-build allowance on virgin corridor = one modern HVDC bipole class (2x1.5-2 GW); see Assumptions.txt,2026-07-30,Konstantin Loffler <kl@wip.tu-berlin.de>
DE_NI,DE_NRW,Gas_Natural,300,,PJ,"Assumption: first-build allowance on virgin corridor = ~9.5 GW = one mid-size new pipeline (30-36""), ACER/EHB size classes; see Assumptions.txt",2026-07-30,Konstantin Loffler <kl@wip.tu-berlin.de>
DE_NI,DE_NRW,H2,150,,PJ,"Assumption: first-build allowance on virgin corridor = ~4.75 GW usable = EHB medium (36"") new-build class; see Assumptions.txt",2026-07-30,Konstantin Loffler <kl@wip.tu-berlin.de>
DE_NI,DE_NRW,Power,3,,GW,Assumption: first-build allowance on virgin corridor = one modern HVDC bipole class (2x1.5-2 GW); see Assumptions.txt,2026-07-30,Konstantin Loffler <kl@wip.tu-berlin.de>
DE_NI,DE_Nord,Gas_Natural,300,,PJ,"Assumption: first-build allowance on virgin corridor = ~9.5 GW = one mid-size new pipeline (30-36""), ACER/EHB size classes; see Assumptions.txt",2026-07-30,Konstantin Loffler <kl@wip.tu-berlin.de>
DE_NI,DE_Nord,H2,150,,PJ,"Assumption: first-build allowance on virgin corridor = ~4.75 GW usable = EHB medium (36"") new-build class; see Assumptions.txt",2026-07-30,Konstantin Loffler <kl@wip.tu-berlin.de>
DE_NI,DE_Nord,Power,3,,GW,Assumption: first-build allowance on virgin corridor = one modern HVDC bipole class (2x1.5-2 GW); see Assumptions.txt,2026-07-30,Konstantin Loffler <kl@wip.tu-berlin.de>
DE_NI,DE_SH,Gas_Natural,300,,PJ,"Assumption: first-build allowance on virgin corridor = ~9.5 GW = one mid-size new pipeline (30-36""), ACER/EHB size classes; see Assumptions.txt",2026-07-30,Konstantin Loffler <kl@wip.tu-berlin.de>
DE_NI,DE_SH,H2,150,,PJ,"Assumption: first-build allowance on virgin corridor = ~4.75 GW usable = EHB medium (36"") new-build class; see Assumptions.txt",2026-07-30,Konstantin Loffler <kl@wip.tu-berlin.de>
DE_NI,DE_SH,Power,3,,GW,Assumption: first-build allowance on virgin corridor = one modern HVDC bipole class (2x1.5-2 GW); see Assumptions.txt,2026-07-30,Konstantin Loffler <kl@wip.tu-berlin.de>
DE_NI,DE_ST,Gas_Natural,300,,PJ,"Assumption: first-build allowance on virgin corridor = ~9.5 GW = one mid-size new pipeline (30-36""), ACER/EHB size classes; see Assumptions.txt",2026-07-30,Konstantin Loffler <kl@wip.tu-berlin.de>
DE_NI,DE_ST,H2,150,,PJ,"Assumption: first-build allowance on virgin corridor = ~4.75 GW usable = EHB medium (36"") new-build class; see Assumptions.txt",2026-07-30,Konstantin Loffler <kl@wip.tu-berlin.de>
DE_NI,DE_ST,Power,3,,GW,Assumption: first-build allowance on virgin corridor = one modern HVDC bipole class (2x1.5-2 GW); see Assumptions.txt,2026-07-30,Konstantin Loffler <kl@wip.tu-berlin.de>
DE_NI,DE_TH,Gas_Natural,300,,PJ,"Assumption: first-build allowance on virgin corridor = ~9.5 GW = one mid-size new pipeline (30-36""), ACER/EHB size classes; see Assumptions.txt",2026-07-30,Konstantin Loffler <kl@wip.tu-berlin.de>
DE_NI,DE_TH,H2,150,,PJ,"Assumption: first-build allowance on virgin corridor = ~4.75 GW usable = EHB medium (36"") new-build class; see Assumptions.txt",2026-07-30,Konstantin Loffler <kl@wip.tu-berlin.de>
DE_NI,DE_TH,Power,3,,GW,Assumption: first-build allowance on virgin corridor = one modern HVDC bipole class (2x1.5-2 GW); see Assumptions.txt,2026-07-30,Konstantin Loffler <kl@wip.tu-berlin.de>
DE_NI,NL,Gas_Natural,300,,PJ,"Assumption: first-build allowance on virgin corridor = ~9.5 GW = one mid-size new pipeline (30-36""), ACER/EHB size classes; see Assumptions.txt",2026-07-30,Konstantin Loffler <kl@wip.tu-berlin.de>
DE_NI,NL,H2,150,,PJ,"Assumption: first-build allowance on virgin corridor = ~4.75 GW usable = EHB medium (36"") new-build class; see Assumptions.txt",2026-07-30,Konstantin Loffler <kl@wip.tu-berlin.de>
DE_NI,NL,Power,3,,GW,Assumption: first-build allowance on virgin corridor = one modern HVDC bipole class (2x1.5-2 GW); see Assumptions.txt,2026-07-30,Konstantin Loffler <kl@wip.tu-berlin.de>
DE_NRW,DE_BW,Gas_Natural,300,,PJ,"Assumption: first-build allowance on virgin corridor = ~9.5 GW = one mid-size new pipeline (30-36""), ACER/EHB size classes; see Assumptions.txt",2026-07-30,Konstantin Loffler <kl@wip.tu-berlin.de>
DE_NRW,DE_BW,H2,150,,PJ,"Assumption: first-build allowance on virgin corridor = ~4.75 GW usable = EHB medium (36"") new-build class; see Assumptions.txt",2026-07-30,Konstantin Loffler <kl@wip.tu-berlin.de>
DE_NRW,DE_BW,Power,3,,GW,Assumption: first-build allowance on virgin corridor = one modern HVDC bipole class (2x1.5-2 GW); see Assumptions.txt,2026-07-30,Konstantin Loffler <kl@wip.tu-berlin.de>
DE_NRW,DE_HE,Gas_Natural,300,,PJ,"Assumption: first-build allowance on virgin corridor = ~9.5 GW = one mid-size new pipeline (30-36""), ACER/EHB size classes; see Assumptions.txt",2026-07-30,Konstantin Loffler <kl@wip.tu-berlin.de>
DE_NRW,DE_HE,H2,150,,PJ,"Assumption: first-build allowance on virgin corridor = ~4.75 GW usable = EHB medium (36"") new-build class; see Assumptions.txt",2026-07-30,Konstantin Loffler <kl@wip.tu-berlin.de>
DE_NRW,DE_HE,Power,3,,GW,Assumption: first-build allowance on virgin corridor = one modern HVDC bipole class (2x1.5-2 GW); see Assumptions.txt,2026-07-30,Konstantin Loffler <kl@wip.tu-berlin.de>
DE_NRW,DE_NI,Gas_Natural,300,,PJ,"Assumption: first-build allowance on virgin corridor = ~9.5 GW = one mid-size new pipeline (30-36""), ACER/EHB size classes; see Assumptions.txt",2026-07-30,Konstantin Loffler <kl@wip.tu-berlin.de>
DE_NRW,DE_NI,H2,150,,PJ,"Assumption: first-build allowance on virgin corridor = ~4.75 GW usable = EHB medium (36"") new-build class; see Assumptions.txt",2026-07-30,Konstantin Loffler <kl@wip.tu-berlin.de>
DE_NRW,DE_NI,Power,3,,GW,Assumption: first-build allowance on virgin corridor = one modern HVDC bipole class (2x1.5-2 GW); see Assumptions.txt,2026-07-30,Konstantin Loffler <kl@wip.tu-berlin.de>
DE_NRW,DE_RP,Gas_Natural,300,,PJ,"Assumption: first-build allowance on virgin corridor = ~9.5 GW = one mid-size new pipeline (30-36""), ACER/EHB size classes; see Assumptions.txt",2026-07-30,Konstantin Loffler <kl@wip.tu-berlin.de>
DE_NRW,DE_RP,H2,150,,PJ,"Assumption: first-build allowance on virgin corridor = ~4.75 GW usable = EHB medium (36"") new-build class; see Assumptions.txt",2026-07-30,Konstantin Loffler <kl@wip.tu-berlin.de>
DE_NRW,DE_RP,Power,3,,GW,Assumption: first-build allowance on virgin corridor = one modern HVDC bipole class (2x1.5-2 GW); see Assumptions.txt,2026-07-30,Konstantin Loffler <kl@wip.tu-berlin.de>
DE_NRW,NL,Gas_Natural,300,,PJ,"Assumption: first-build allowance on virgin corridor = ~9.5 GW = one mid-size new pipeline (30-36""), ACER/EHB size classes; see Assumptions.txt",2026-07-30,Konstantin Loffler <kl@wip.tu-berlin.de>
DE_NRW,NL,H2,150,,PJ,"Assumption: first-build allowance on virgin corridor = ~4.75 GW usable = EHB medium (36"") new-build class; see Assumptions.txt",2026-07-30,Konstantin Loffler <kl@wip.tu-berlin.de>
DE_NRW,NL,Power,3,,GW,Assumption: first-build allowance on virgin corridor = one modern HVDC bipole class (2x1.5-2 GW); see Assumptions.txt,2026-07-30,Konstantin Loffler <kl@wip.tu-berlin.de>
DE_Nord,DE_NI,Gas_Natural,300,,PJ,"Assumption: first-build allowance on virgin corridor = ~9.5 GW = one mid-size new pipeline (30-36""), ACER/EHB size classes; see Assumptions.txt",2026-07-30,Konstantin Loffler <kl@wip.tu-berlin.de>
DE_Nord,DE_NI,H2,150,,PJ,"Assumption: first-build allowance on virgin corridor = ~4.75 GW usable = EHB medium (36"") new-build class; see Assumptions.txt",2026-07-30,Konstantin Loffler <kl@wip.tu-berlin.de>
DE_Nord,DE_NI,Power,3,,GW,Assumption: first-build allowance on virgin corridor = one modern HVDC bipole class (2x1.5-2 GW); see Assumptions.txt,2026-07-30,Konstantin Loffler <kl@wip.tu-berlin.de>
DE_Nord,DE_SH,Gas_Natural,300,,PJ,"Assumption: first-build allowance on virgin corridor = ~9.5 GW = one mid-size new pipeline (30-36""), ACER/EHB size classes; see Assumptions.txt",2026-07-30,Konstantin Loffler <kl@wip.tu-berlin.de>
DE_Nord,DE_SH,H2,150,,PJ,"Assumption: first-build allowance on virgin corridor = ~4.75 GW usable = EHB medium (36"") new-build class; see Assumptions.txt",2026-07-30,Konstantin Loffler <kl@wip.tu-berlin.de>
DE_Nord,DE_SH,Power,3,,GW,Assumption: first-build allowance on virgin corridor = one modern HVDC bipole class (2x1.5-2 GW); see Assumptions.txt,2026-07-30,Konstantin Loffler <kl@wip.tu-berlin.de>
DE_RP,BE,Gas_Natural,300,,PJ,"Assumption: first-build allowance on virgin corridor = ~9.5 GW = one mid-size new pipeline (30-36""), ACER/EHB size classes; see Assumptions.txt",2026-07-30,Konstantin Loffler <kl@wip.tu-berlin.de>
DE_RP,BE,H2,150,,PJ,"Assumption: first-build allowance on virgin corridor = ~4.75 GW usable = EHB medium (36"") new-build class; see Assumptions.txt",2026-07-30,Konstantin Loffler <kl@wip.tu-berlin.de>
DE_RP,BE,Power,3,,GW,Assumption: first-build allowance on virgin corridor = one modern HVDC bipole class (2x1.5-2 GW); see Assumptions.txt,2026-07-30,Konstantin Loffler <kl@wip.tu-berlin.de>
DE_RP,DE_BW,Gas_Natural,300,,PJ,"Assumption: first-build allowance on virgin corridor = ~9.5 GW = one mid-size new pipeline (30-36""), ACER/EHB size classes; see Assumptions.txt",2026-07-30,Konstantin Loffler <kl@wip.tu-berlin.de>
DE_RP,DE_BW,H2,150,,PJ,"Assumption: first-build allowance on virgin corridor = ~4.75 GW usable = EHB medium (36"") new-build class; see Assumptions.txt",2026-07-30,Konstantin Loffler <kl@wip.tu-berlin.de>
DE_RP,DE_BW,Power,3,,GW,Assumption: first-build allowance on virgin corridor = one modern HVDC bipole class (2x1.5-2 GW); see Assumptions.txt,2026-07-30,Konstantin Loffler <kl@wip.tu-berlin.de>
DE_RP,DE_HE,Gas_Natural,300,,PJ,"Assumption: first-build allowance on virgin corridor = ~9.5 GW = one mid-size new pipeline (30-36""), ACER/EHB size classes; see Assumptions.txt",2026-07-30,Konstantin Loffler <kl@wip.tu-berlin.de>
DE_RP,DE_HE,H2,150,,PJ,"Assumption: first-build allowance on virgin corridor = ~4.75 GW usable = EHB medium (36"") new-build class; see Assumptions.txt",2026-07-30,Konstantin Loffler <kl@wip.tu-berlin.de>
DE_RP,DE_HE,Power,3,,GW,Assumption: first-build allowance on virgin corridor = one modern HVDC bipole class (2x1.5-2 GW); see Assumptions.txt,2026-07-30,Konstantin Loffler <kl@wip.tu-berlin.de>
DE_RP,DE_NRW,Gas_Natural,300,,PJ,"Assumption: first-build allowance on virgin corridor = ~9.5 GW = one mid-size new pipeline (30-36""), ACER/EHB size classes; see Assumptions.txt",2026-07-30,Konstantin Loffler <kl@wip.tu-berlin.de>
DE_RP,DE_NRW,H2,150,,PJ,"Assumption: first-build allowance on virgin corridor = ~4.75 GW usable = EHB medium (36"") new-build class; see Assumptions.txt",2026-07-30,Konstantin Loffler <kl@wip.tu-berlin.de>
DE_RP,DE_NRW,Power,3,,GW,Assumption: first-build allowance on virgin corridor = one modern HVDC bipole class (2x1.5-2 GW); see Assumptions.txt,2026-07-30,Konstantin Loffler <kl@wip.tu-berlin.de>
DE_RP,DE_SL,Gas_Natural,300,,PJ,"Assumption: first-build allowance on virgin corridor = ~9.5 GW = one mid-size new pipeline (30-36""), ACER/EHB size classes; see Assumptions.txt",2026-07-30,Konstantin Loffler <kl@wip.tu-berlin.de>
DE_RP,DE_SL,H2,150,,PJ,"Assumption: first-build allowance on virgin corridor = ~4.75 GW usable = EHB medium (36"") new-build class; see Assumptions.txt",2026-07-30,Konstantin Loffler <kl@wip.tu-berlin.de>
DE_RP,DE_SL,Power,3,,GW,Assumption: first-build allowance on virgin corridor = one modern HVDC bipole class (2x1.5-2 GW); see Assumptions.txt,2026-07-30,Konstantin Loffler <kl@wip.tu-berlin.de>
DE_SH,DE_BW,Gas_Natural,300,,PJ,"Assumption: first-build allowance on virgin corridor = ~9.5 GW = one mid-size new pipeline (30-36""), ACER/EHB size classes; see Assumptions.txt",2026-07-30,Konstantin Loffler <kl@wip.tu-berlin.de>
DE_SH,DE_BW,H2,150,,PJ,"Assumption: first-build allowance on virgin corridor = ~4.75 GW usable = EHB medium (36"") new-build class; see Assumptions.txt",2026-07-30,Konstantin Loffler <kl@wip.tu-berlin.de>
DE_SH,DE_BW,Power,3,,GW,Assumption: first-build allowance on virgin corridor = one modern HVDC bipole class (2x1.5-2 GW); see Assumptions.txt,2026-07-30,Konstantin Loffler <kl@wip.tu-berlin.de>
DE_SH,DE_BY,Gas_Natural,300,,PJ,"Assumption: first-build allowance on virgin corridor = ~9.5 GW = one mid-size new pipeline (30-36""), ACER/EHB size classes; see Assumptions.txt",2026-07-30,Konstantin Loffler <kl@wip.tu-berlin.de>
DE_SH,DE_BY,H2,150,,PJ,"Assumption: first-build allowance on virgin corridor = ~4.75 GW usable = EHB medium (36"") new-build class; see Assumptions.txt",2026-07-30,Konstantin Loffler <kl@wip.tu-berlin.de>
DE_SH,DE_BY,Power,3,,GW,Assumption: first-build allowance on virgin corridor = one modern HVDC bipole class (2x1.5-2 GW); see Assumptions.txt,2026-07-30,Konstantin Loffler <kl@wip.tu-berlin.de>
DE_SH,DE_Baltic,Gas_Natural,300,,PJ,"Assumption: first-build allowance on virgin corridor = ~9.5 GW = one mid-size new pipeline (30-36""), ACER/EHB size classes; see Assumptions.txt",2026-07-30,Konstantin Loffler <kl@wip.tu-berlin.de>
DE_SH,DE_Baltic,H2,150,,PJ,"Assumption: first-build allowance on virgin corridor = ~4.75 GW usable = EHB medium (36"") new-build class; see Assumptions.txt",2026-07-30,Konstantin Loffler <kl@wip.tu-berlin.de>
DE_SH,DE_Baltic,Power,3,,GW,Assumption: first-build allowance on virgin corridor = one modern HVDC bipole class (2x1.5-2 GW); see Assumptions.txt,2026-07-30,Konstantin Loffler <kl@wip.tu-berlin.de>
DE_SH,DE_HH,Gas_Natural,300,,PJ,"Assumption: first-build allowance on virgin corridor = ~9.5 GW = one mid-size new pipeline (30-36""), ACER/EHB size classes; see Assumptions.txt",2026-07-30,Konstantin Loffler <kl@wip.tu-berlin.de>
DE_SH,DE_HH,H2,150,,PJ,"Assumption: first-build allowance on virgin corridor = ~4.75 GW usable = EHB medium (36"") new-build class; see Assumptions.txt",2026-07-30,Konstantin Loffler <kl@wip.tu-berlin.de>
DE_SH,DE_HH,Power,3,,GW,Assumption: first-build allowance on virgin corridor = one modern HVDC bipole class (2x1.5-2 GW); see Assumptions.txt,2026-07-30,Konstantin Loffler <kl@wip.tu-berlin.de>
DE_SH,DE_MV,Gas_Natural,300,,PJ,"Assumption: first-build allowance on virgin corridor = ~9.5 GW = one mid-size new pipeline (30-36""), ACER/EHB size classes; see Assumptions.txt",2026-07-30,Konstantin Loffler <kl@wip.tu-berlin.de>
DE_SH,DE_MV,H2,150,,PJ,"Assumption: first-build allowance on virgin corridor = ~4.75 GW usable = EHB medium (36"") new-build class; see Assumptions.txt",2026-07-30,Konstantin Loffler <kl@wip.tu-berlin.de>
DE_SH,DE_MV,Power,3,,GW,Assumption: first-build allowance on virgin corridor = one modern HVDC bipole class (2x1.5-2 GW); see Assumptions.txt,2026-07-30,Konstantin Loffler <kl@wip.tu-berlin.de>
DE_SH,DE_NI,Gas_Natural,300,,PJ,"Assumption: first-build allowance on virgin corridor = ~9.5 GW = one mid-size new pipeline (30-36""), ACER/EHB size classes; see Assumptions.txt",2026-07-30,Konstantin Loffler <kl@wip.tu-berlin.de>
DE_SH,DE_NI,H2,150,,PJ,"Assumption: first-build allowance on virgin corridor = ~4.75 GW usable = EHB medium (36"") new-build class; see Assumptions.txt",2026-07-30,Konstantin Loffler <kl@wip.tu-berlin.de>
DE_SH,DE_NI,Power,3,,GW,Assumption: first-build allowance on virgin corridor = one modern HVDC bipole class (2x1.5-2 GW); see Assumptions.txt,2026-07-30,Konstantin Loffler <kl@wip.tu-berlin.de>
DE_SH,DE_Nord,Gas_Natural,300,,PJ,"Assumption: first-build allowance on virgin corridor = ~9.5 GW = one mid-size new pipeline (30-36""), ACER/EHB size classes; see Assumptions.txt",2026-07-30,Konstantin Loffler <kl@wip.tu-berlin.de>
DE_SH,DE_Nord,H2,150,,PJ,"Assumption: first-build allowance on virgin corridor = ~4.75 GW usable = EHB medium (36"") new-build class; see Assumptions.txt",2026-07-30,Konstantin Loffler <kl@wip.tu-berlin.de>
DE_SH,DE_Nord,Power,3,,GW,Assumption: first-build allowance on virgin corridor = one modern HVDC bipole class (2x1.5-2 GW); see Assumptions.txt,2026-07-30,Konstantin Loffler <kl@wip.tu-berlin.de>
DE_SH,DK,Gas_Natural,300,,PJ,"Assumption: first-build allowance on virgin corridor = ~9.5 GW = one mid-size new pipeline (30-36""), ACER/EHB size classes; see Assumptions.txt",2026-07-30,Konstantin Loffler <kl@wip.tu-berlin.de>
DE_SH,DK,H2,150,,PJ,"Assumption: first-build allowance on virgin corridor = ~4.75 GW usable = EHB medium (36"") new-build class; see Assumptions.txt",2026-07-30,Konstantin Loffler <kl@wip.tu-berlin.de>
DE_SH,DK,Power,3,,GW,Assumption: first-build allowance on virgin corridor = one modern HVDC bipole class (2x1.5-2 GW); see Assumptions.txt,2026-07-30,Konstantin Loffler <kl@wip.tu-berlin.de>
DE_SL,DE_RP,Gas_Natural,300,,PJ,"Assumption: first-build allowance on virgin corridor = ~9.5 GW = one mid-size new pipeline (30-36""), ACER/EHB size classes; see Assumptions.txt",2026-07-30,Konstantin Loffler <kl@wip.tu-berlin.de>
DE_SL,DE_RP,H2,150,,PJ,"Assumption: first-build allowance on virgin corridor = ~4.75 GW usable = EHB medium (36"") new-build class; see Assumptions.txt",2026-07-30,Konstantin Loffler <kl@wip.tu-berlin.de>
DE_SL,DE_RP,Power,3,,GW,Assumption: first-build allowance on virgin corridor = one modern HVDC bipole class (2x1.5-2 GW); see Assumptions.txt,2026-07-30,Konstantin Loffler <kl@wip.tu-berlin.de>
DE_SL,FR,Gas_Natural,300,,PJ,"Assumption: first-build allowance on virgin corridor = ~9.5 GW = one mid-size new pipeline (30-36""), ACER/EHB size classes; see Assumptions.txt",2026-07-30,Konstantin Loffler <kl@wip.tu-berlin.de>
DE_SL,FR,H2,150,,PJ,"Assumption: first-build allowance on virgin corridor = ~4.75 GW usable = EHB medium (36"") new-build class; see Assumptions.txt",2026-07-30,Konstantin Loffler <kl@wip.tu-berlin.de>
DE_SL,FR,Power,3,,GW,Assumption: first-build allowance on virgin corridor = one modern HVDC bipole class (2x1.5-2 GW); see Assumptions.txt,2026-07-30,Konstantin Loffler <kl@wip.tu-berlin.de>
DE_SN,CZ,Gas_Natural,300,,PJ,"Assumption: first-build allowance on virgin corridor = ~9.5 GW = one mid-size new pipeline (30-36""), ACER/EHB size classes; see Assumptions.txt",2026-07-30,Konstantin Loffler <kl@wip.tu-berlin.de>
DE_SN,CZ,H2,150,,PJ,"Assumption: first-build allowance on virgin corridor = ~4.75 GW usable = EHB medium (36"") new-build class; see Assumptions.txt",2026-07-30,Konstantin Loffler <kl@wip.tu-berlin.de>
DE_SN,CZ,Power,3,,GW,Assumption: first-build allowance on virgin corridor = one modern HVDC bipole class (2x1.5-2 GW); see Assumptions.txt,2026-07-30,Konstantin Loffler <kl@wip.tu-berlin.de>
DE_SN,DE_BB,Gas_Natural,300,,PJ,"Assumption: first-build allowance on virgin corridor = ~9.5 GW = one mid-size new pipeline (30-36""), ACER/EHB size classes; see Assumptions.txt",2026-07-30,Konstantin Loffler <kl@wip.tu-berlin.de>
DE_SN,DE_BB,H2,150,,PJ,"Assumption: first-build allowance on virgin corridor = ~4.75 GW usable = EHB medium (36"") new-build class; see Assumptions.txt",2026-07-30,Konstantin Loffler <kl@wip.tu-berlin.de>
DE_SN,DE_BB,Power,3,,GW,Assumption: first-build allowance on virgin corridor = one modern HVDC bipole class (2x1.5-2 GW); see Assumptions.txt,2026-07-30,Konstantin Loffler <kl@wip.tu-berlin.de>
DE_SN,DE_ST,Gas_Natural,300,,PJ,"Assumption: first-build allowance on virgin corridor = ~9.5 GW = one mid-size new pipeline (30-36""), ACER/EHB size classes; see Assumptions.txt",2026-07-30,Konstantin Loffler <kl@wip.tu-berlin.de>
DE_SN,DE_ST,H2,150,,PJ,"Assumption: first-build allowance on virgin corridor = ~4.75 GW usable = EHB medium (36"") new-build class; see Assumptions.txt",2026-07-30,Konstantin Loffler <kl@wip.tu-berlin.de>
DE_SN,DE_ST,Power,3,,GW,Assumption: first-build allowance on virgin corridor = one modern HVDC bipole class (2x1.5-2 GW); see Assumptions.txt,2026-07-30,Konstantin Loffler <kl@wip.tu-berlin.de>
DE_SN,DE_TH,Gas_Natural,300,,PJ,"Assumption: first-build allowance on virgin corridor = ~9.5 GW = one mid-size new pipeline (30-36""), ACER/EHB size classes; see Assumptions.txt",2026-07-30,Konstantin Loffler <kl@wip.tu-berlin.de>
DE_SN,DE_TH,H2,150,,PJ,"Assumption: first-build allowance on virgin corridor = ~4.75 GW usable = EHB medium (36"") new-build class; see Assumptions.txt",2026-07-30,Konstantin Loffler <kl@wip.tu-berlin.de>
DE_SN,DE_TH,Power,3,,GW,Assumption: first-build allowance on virgin corridor = one modern HVDC bipole class (2x1.5-2 GW); see Assumptions.txt,2026-07-30,Konstantin Loffler <kl@wip.tu-berlin.de>
DE_SN,PL,Gas_Natural,300,,PJ,"Assumption: first-build allowance on virgin corridor = ~9.5 GW = one mid-size new pipeline (30-36""), ACER/EHB size classes; see Assumptions.txt",2026-07-30,Konstantin Loffler <kl@wip.tu-berlin.de>
DE_SN,PL,H2,150,,PJ,"Assumption: first-build allowance on virgin corridor = ~4.75 GW usable = EHB medium (36"") new-build class; see Assumptions.txt",2026-07-30,Konstantin Loffler <kl@wip.tu-berlin.de>
DE_SN,PL,Power,3,,GW,Assumption: first-build allowance on virgin corridor = one modern HVDC bipole class (2x1.5-2 GW); see Assumptions.txt,2026-07-30,Konstantin Loffler <kl@wip.tu-berlin.de>
DE_ST,DE_BB,Gas_Natural,300,,PJ,"Assumption: first-build allowance on virgin corridor = ~9.5 GW = one mid-size new pipeline (30-36""), ACER/EHB size classes; see Assumptions.txt",2026-07-30,Konstantin Loffler <kl@wip.tu-berlin.de>
DE_ST,DE_BB,H2,150,,PJ,"Assumption: first-build allowance on virgin corridor = ~4.75 GW usable = EHB medium (36"") new-build class; see Assumptions.txt",2026-07-30,Konstantin Loffler <kl@wip.tu-berlin.de>
DE_ST,DE_BB,Power,3,,GW,Assumption: first-build allowance on virgin corridor = one modern HVDC bipole class (2x1.5-2 GW); see Assumptions.txt,2026-07-30,Konstantin Loffler <kl@wip.tu-berlin.de>
DE_ST,DE_BE,Gas_Natural,300,,PJ,"Assumption: first-build allowance on virgin corridor = ~9.5 GW = one mid-size new pipeline (30-36""), ACER/EHB size classes; see Assumptions.txt",2026-07-30,Konstantin Loffler <kl@wip.tu-berlin.de>
DE_ST,DE_BE,H2,150,,PJ,"Assumption: first-build allowance on virgin corridor = ~4.75 GW usable = EHB medium (36"") new-build class; see Assumptions.txt",2026-07-30,Konstantin Loffler <kl@wip.tu-berlin.de>
DE_ST,DE_BE,Power,3,,GW,Assumption: first-build allowance on virgin corridor = one modern HVDC bipole class (2x1.5-2 GW); see Assumptions.txt,2026-07-30,Konstantin Loffler <kl@wip.tu-berlin.de>
DE_ST,DE_BY,Gas_Natural,300,,PJ,"Assumption: first-build allowance on virgin corridor = ~9.5 GW = one mid-size new pipeline (30-36""), ACER/EHB size classes; see Assumptions.txt",2026-07-30,Konstantin Loffler <kl@wip.tu-berlin.de>
DE_ST,DE_BY,H2,150,,PJ,"Assumption: first-build allowance on virgin corridor = ~4.75 GW usable = EHB medium (36"") new-build class; see Assumptions.txt",2026-07-30,Konstantin Loffler <kl@wip.tu-berlin.de>
DE_ST,DE_BY,Power,3,,GW,Assumption: first-build allowance on virgin corridor = one modern HVDC bipole class (2x1.5-2 GW); see Assumptions.txt,2026-07-30,Konstantin Loffler <kl@wip.tu-berlin.de>
DE_ST,DE_NI,Gas_Natural,300,,PJ,"Assumption: first-build allowance on virgin corridor = ~9.5 GW = one mid-size new pipeline (30-36""), ACER/EHB size classes; see Assumptions.txt",2026-07-30,Konstantin Loffler <kl@wip.tu-berlin.de>
DE_ST,DE_NI,H2,150,,PJ,"Assumption: first-build allowance on virgin corridor = ~4.75 GW usable = EHB medium (36"") new-build class; see Assumptions.txt",2026-07-30,Konstantin Loffler <kl@wip.tu-berlin.de>
DE_ST,DE_NI,Power,3,,GW,Assumption: first-build allowance on virgin corridor = one modern HVDC bipole class (2x1.5-2 GW); see Assumptions.txt,2026-07-30,Konstantin Loffler <kl@wip.tu-berlin.de>
DE_ST,DE_SN,Gas_Natural,300,,PJ,"Assumption: first-build allowance on virgin corridor = ~9.5 GW = one mid-size new pipeline (30-36""), ACER/EHB size classes; see Assumptions.txt",2026-07-30,Konstantin Loffler <kl@wip.tu-berlin.de>
DE_ST,DE_SN,H2,150,,PJ,"Assumption: first-build allowance on virgin corridor = ~4.75 GW usable = EHB medium (36"") new-build class; see Assumptions.txt",2026-07-30,Konstantin Loffler <kl@wip.tu-berlin.de>
DE_ST,DE_SN,Power,3,,GW,Assumption: first-build allowance on virgin corridor = one modern HVDC bipole class (2x1.5-2 GW); see Assumptions.txt,2026-07-30,Konstantin Loffler <kl@wip.tu-berlin.de>
DE_ST,DE_TH,Gas_Natural,300,,PJ,"Assumption: first-build allowance on virgin corridor = ~9.5 GW = one mid-size new pipeline (30-36""), ACER/EHB size classes; see Assumptions.txt",2026-07-30,Konstantin Loffler <kl@wip.tu-berlin.de>
DE_ST,DE_TH,H2,150,,PJ,"Assumption: first-build allowance on virgin corridor = ~4.75 GW usable = EHB medium (36"") new-build class; see Assumptions.txt",2026-07-30,Konstantin Loffler <kl@wip.tu-berlin.de>
DE_ST,DE_TH,Power,3,,GW,Assumption: first-build allowance on virgin corridor = one modern HVDC bipole class (2x1.5-2 GW); see Assumptions.txt,2026-07-30,Konstantin Loffler <kl@wip.tu-berlin.de>
DE_TH,DE_BY,Gas_Natural,300,,PJ,"Assumption: first-build allowance on virgin corridor = ~9.5 GW = one mid-size new pipeline (30-36""), ACER/EHB size classes; see Assumptions.txt",2026-07-30,Konstantin Loffler <kl@wip.tu-berlin.de>
DE_TH,DE_BY,H2,150,,PJ,"Assumption: first-build allowance on virgin corridor = ~4.75 GW usable = EHB medium (36"") new-build class; see Assumptions.txt",2026-07-30,Konstantin Loffler <kl@wip.tu-berlin.de>
DE_TH,DE_BY,Power,3,,GW,Assumption: first-build allowance on virgin corridor = one modern HVDC bipole class (2x1.5-2 GW); see Assumptions.txt,2026-07-30,Konstantin Loffler <kl@wip.tu-berlin.de>
DE_TH,DE_HE,Gas_Natural,300,,PJ,"Assumption: first-build allowance on virgin corridor = ~9.5 GW = one mid-size new pipeline (30-36""), ACER/EHB size classes; see Assumptions.txt",2026-07-30,Konstantin Loffler <kl@wip.tu-berlin.de>
DE_TH,DE_HE,H2,150,,PJ,"Assumption: first-build allowance on virgin corridor = ~4.75 GW usable = EHB medium (36"") new-build class; see Assumptions.txt",2026-07-30,Konstantin Loffler <kl@wip.tu-berlin.de>
DE_TH,DE_HE,Power,3,,GW,Assumption: first-build allowance on virgin corridor = one modern HVDC bipole class (2x1.5-2 GW); see Assumptions.txt,2026-07-30,Konstantin Loffler <kl@wip.tu-berlin.de>
DE_TH,DE_NI,Gas_Natural,300,,PJ,"Assumption: first-build allowance on virgin corridor = ~9.5 GW = one mid-size new pipeline (30-36""), ACER/EHB size classes; see Assumptions.txt",2026-07-30,Konstantin Loffler <kl@wip.tu-berlin.de>
DE_TH,DE_NI,H2,150,,PJ,"Assumption: first-build allowance on virgin corridor = ~4.75 GW usable = EHB medium (36"") new-build class; see Assumptions.txt",2026-07-30,Konstantin Loffler <kl@wip.tu-berlin.de>
DE_TH,DE_NI,Power,3,,GW,Assumption: first-build allowance on virgin corridor = one modern HVDC bipole class (2x1.5-2 GW); see Assumptions.txt,2026-07-30,Konstantin Loffler <kl@wip.tu-berlin.de>
DE_TH,DE_SN,Gas_Natural,300,,PJ,"Assumption: first-build allowance on virgin corridor = ~9.5 GW = one mid-size new pipeline (30-36""), ACER/EHB size classes; see Assumptions.txt",2026-07-30,Konstantin Loffler <kl@wip.tu-berlin.de>
DE_TH,DE_SN,H2,150,,PJ,"Assumption: first-build allowance on virgin corridor = ~4.75 GW usable = EHB medium (36"") new-build class; see Assumptions.txt",2026-07-30,Konstantin Loffler <kl@wip.tu-berlin.de>
DE_TH,DE_SN,Power,3,,GW,Assumption: first-build allowance on virgin corridor = one modern HVDC bipole class (2x1.5-2 GW); see Assumptions.txt,2026-07-30,Konstantin Loffler <kl@wip.tu-berlin.de>
DE_TH,DE_ST,Gas_Natural,300,,PJ,"Assumption: first-build allowance on virgin corridor = ~9.5 GW = one mid-size new pipeline (30-36""), ACER/EHB size classes; see Assumptions.txt",2026-07-30,Konstantin Loffler <kl@wip.tu-berlin.de>
DE_TH,DE_ST,H2,150,,PJ,"Assumption: first-build allowance on virgin corridor = ~4.75 GW usable = EHB medium (36"") new-build class; see Assumptions.txt",2026-07-30,Konstantin Loffler <kl@wip.tu-berlin.de>
DE_TH,DE_ST,Power,3,,GW,Assumption: first-build allowance on virgin corridor = one modern HVDC bipole class (2x1.5-2 GW); see Assumptions.txt,2026-07-30,Konstantin Loffler <kl@wip.tu-berlin.de>
DK,DE,Gas_Natural,300,,PJ,"Assumption: first-build allowance on virgin corridor = ~9.5 GW = one mid-size new pipeline (30-36""), ACER/EHB size classes; see Assumptions.txt",2026-07-30,Konstantin Loffler <kl@wip.tu-berlin.de>
DK,DE,H2,150,,PJ,"Assumption: first-build allowance on virgin corridor = ~4.75 GW usable = EHB medium (36"") new-build class; see Assumptions.txt",2026-07-30,Konstantin Loffler <kl@wip.tu-berlin.de>
DK,DE,Power,3,,GW,Assumption: first-build allowance on virgin corridor = one modern HVDC bipole class (2x1.5-2 GW); see Assumptions.txt,2026-07-30,Konstantin Loffler <kl@wip.tu-berlin.de>
DK,DE_MV,Gas_Natural,300,,PJ,"Assumption: first-build allowance on virgin corridor = ~9.5 GW = one mid-size new pipeline (30-36""), ACER/EHB size classes; see Assumptions.txt",2026-07-30,Konstantin Loffler <kl@wip.tu-berlin.de>
DK,DE_MV,H2,150,,PJ,"Assumption: first-build allowance on virgin corridor = ~4.75 GW usable = EHB medium (36"") new-build class; see Assumptions.txt",2026-07-30,Konstantin Loffler <kl@wip.tu-berlin.de>
DK,DE_MV,Power,3,,GW,Assumption: first-build allowance on virgin corridor = one modern HVDC bipole class (2x1.5-2 GW); see Assumptions.txt,2026-07-30,Konstantin Loffler <kl@wip.tu-berlin.de>
DK,DE_SH,Gas_Natural,300,,PJ,"Assumption: first-build allowance on virgin corridor = ~9.5 GW = one mid-size new pipeline (30-36""), ACER/EHB size classes; see Assumptions.txt",2026-07-30,Konstantin Loffler <kl@wip.tu-berlin.de>
DK,DE_SH,H2,150,,PJ,"Assumption: first-build allowance on virgin corridor = ~4.75 GW usable = EHB medium (36"") new-build class; see Assumptions.txt",2026-07-30,Konstantin Loffler <kl@wip.tu-berlin.de>
DK,DE_SH,Power,3,,GW,Assumption: first-build allowance on virgin corridor = one modern HVDC bipole class (2x1.5-2 GW); see Assumptions.txt,2026-07-30,Konstantin Loffler <kl@wip.tu-berlin.de>
DK,NL,Gas_Natural,300,,PJ,"Assumption: first-build allowance on virgin corridor = ~9.5 GW = one mid-size new pipeline (30-36""), ACER/EHB size classes; see Assumptions.txt",2026-07-30,Konstantin Loffler <kl@wip.tu-berlin.de>
DK,NL,H2,150,,PJ,"Assumption: first-build allowance on virgin corridor = ~4.75 GW usable = EHB medium (36"") new-build class; see Assumptions.txt",2026-07-30,Konstantin Loffler <kl@wip.tu-berlin.de>
DK,NL,Power,3,,GW,Assumption: first-build allowance on virgin corridor = one modern HVDC bipole class (2x1.5-2 GW); see Assumptions.txt,2026-07-30,Konstantin Loffler <kl@wip.tu-berlin.de>
DK,NO,Gas_Natural,300,,PJ,"Assumption: first-build allowance on virgin corridor = ~9.5 GW = one mid-size new pipeline (30-36""), ACER/EHB size classes; see Assumptions.txt",2026-07-30,Konstantin Loffler <kl@wip.tu-berlin.de>
DK,NO,H2,150,,PJ,"Assumption: first-build allowance on virgin corridor = ~4.75 GW usable = EHB medium (36"") new-build class; see Assumptions.txt",2026-07-30,Konstantin Loffler <kl@wip.tu-berlin.de>
DK,NO,Power,3,,GW,Assumption: first-build allowance on virgin corridor = one modern HVDC bipole class (2x1.5-2 GW); see Assumptions.txt,2026-07-30,Konstantin Loffler <kl@wip.tu-berlin.de>
DK,SE,Gas_Natural,300,,PJ,"Assumption: first-build allowance on virgin corridor = ~9.5 GW = one mid-size new pipeline (30-36""), ACER/EHB size classes; see Assumptions.txt",2026-07-30,Konstantin Loffler <kl@wip.tu-berlin.de>
DK,SE,H2,150,,PJ,"Assumption: first-build allowance on virgin corridor = ~4.75 GW usable = EHB medium (36"") new-build class; see Assumptions.txt",2026-07-30,Konstantin Loffler <kl@wip.tu-berlin.de>
DK,SE,Power,3,,GW,Assumption: first-build allowance on virgin corridor = one modern HVDC bipole class (2x1.5-2 GW); see Assumptions.txt,2026-07-30,Konstantin Loffler <kl@wip.tu-berlin.de>
DK,UK,Gas_Natural,300,,PJ,"Assumption: first-build allowance on virgin corridor = ~9.5 GW = one mid-size new pipeline (30-36""), ACER/EHB size classes; see Assumptions.txt",2026-07-30,Konstantin Loffler <kl@wip.tu-berlin.de>
DK,UK,H2,150,,PJ,"Assumption: first-build allowance on virgin corridor = ~4.75 GW usable = EHB medium (36"") new-build class; see Assumptions.txt",2026-07-30,Konstantin Loffler <kl@wip.tu-berlin.de>
DK,UK,Power,3,,GW,Assumption: first-build allowance on virgin corridor = one modern HVDC bipole class (2x1.5-2 GW); see Assumptions.txt,2026-07-30,Konstantin Loffler <kl@wip.tu-berlin.de>
EE,FI,Gas_Natural,300,,PJ,"Assumption: first-build allowance on virgin corridor = ~9.5 GW = one mid-size new pipeline (30-36""), ACER/EHB size classes; see Assumptions.txt",2026-07-30,Konstantin Loffler <kl@wip.tu-berlin.de>
EE,FI,H2,150,,PJ,"Assumption: first-build allowance on virgin corridor = ~4.75 GW usable = EHB medium (36"") new-build class; see Assumptions.txt",2026-07-30,Konstantin Loffler <kl@wip.tu-berlin.de>
EE,FI,Power,3,,GW,Assumption: first-build allowance on virgin corridor = one modern HVDC bipole class (2x1.5-2 GW); see Assumptions.txt,2026-07-30,Konstantin Loffler <kl@wip.tu-berlin.de>
EE,LV,Gas_Natural,300,,PJ,"Assumption: first-build allowance on virgin corridor = ~9.5 GW = one mid-size new pipeline (30-36""), ACER/EHB size classes; see Assumptions.txt",2026-07-30,Konstantin Loffler <kl@wip.tu-berlin.de>
EE,LV,H2,150,,PJ,"Assumption: first-build allowance on virgin corridor = ~4.75 GW usable = EHB medium (36"") new-build class; see Assumptions.txt",2026-07-30,Konstantin Loffler <kl@wip.tu-berlin.de>
EE,LV,Power,3,,GW,Assumption: first-build allowance on virgin corridor = one modern HVDC bipole class (2x1.5-2 GW); see Assumptions.txt,2026-07-30,Konstantin Loffler <kl@wip.tu-berlin.de>
ERCOT,MISO,Gas_Natural,300,,PJ,"Assumption: first-build allowance on virgin corridor = ~9.5 GW = one mid-size new pipeline (30-36""), ACER/EHB size classes; see Assumptions.txt",2026-07-30,Konstantin Loffler <kl@wip.tu-berlin.de>
ERCOT,MISO,H2,150,,PJ,"Assumption: first-build allowance on virgin corridor = ~4.75 GW usable = EHB medium (36"") new-build class; see Assumptions.txt",2026-07-30,Konstantin Loffler <kl@wip.tu-berlin.de>
ERCOT,MISO,Power,3,,GW,Assumption: first-build allowance on virgin corridor = one modern HVDC bipole class (2x1.5-2 GW); see Assumptions.txt,2026-07-30,Konstantin Loffler <kl@wip.tu-berlin.de>
ERCOT,SPP,Gas_Natural,300,,PJ,"Assumption: first-build allowance on virgin corridor = ~9.5 GW = one mid-size new pipeline (30-36""), ACER/EHB size classes; see Assumptions.txt",2026-07-30,Konstantin Loffler <kl@wip.tu-berlin.de>
ERCOT,SPP,H2,150,,PJ,"Assumption: first-build allowance on virgin corridor = ~4.75 GW usable = EHB medium (36"") new-build class; see Assumptions.txt",2026-07-30,Konstantin Loffler <kl@wip.tu-berlin.de>
ERCOT,SPP,Power,3,,GW,Assumption: first-build allowance on virgin corridor = one modern HVDC bipole class (2x1.5-2 GW); see Assumptions.txt,2026-07-30,Konstantin Loffler <kl@wip.tu-berlin.de>
ERCOT,WECC,Gas_Natural,300,,PJ,"Assumption: first-build allowance on virgin corridor = ~9.5 GW = one mid-size new pipeline (30-36""), ACER/EHB size classes; see Assumptions.txt",2026-07-30,Konstantin Loffler <kl@wip.tu-berlin.de>
ERCOT,WECC,H2,150,,PJ,"Assumption: first-build allowance on virgin corridor = ~4.75 GW usable = EHB medium (36"") new-build class; see Assumptions.txt",2026-07-30,Konstantin Loffler <kl@wip.tu-berlin.de>
ERCOT,WECC,Power,3,,GW,Assumption: first-build allowance on virgin corridor = one modern HVDC bipole class (2x1.5-2 GW); see Assumptions.txt,2026-07-30,Konstantin Loffler <kl@wip.tu-berlin.de>
ES,FR,Gas_Natural,300,,PJ,"Assumption: first-build allowance on virgin corridor = ~9.5 GW = one mid-size new pipeline (30-36""), ACER/EHB size classes; see Assumptions.txt",2026-07-30,Konstantin Loffler <kl@wip.tu-berlin.de>
ES,FR,H2,150,,PJ,"Assumption: first-build allowance on virgin corridor = ~4.75 GW usable = EHB medium (36"") new-build class; see Assumptions.txt",2026-07-30,Konstantin Loffler <kl@wip.tu-berlin.de>
ES,FR,Power,3,,GW,Assumption: first-build allowance on virgin corridor = one modern HVDC bipole class (2x1.5-2 GW); see Assumptions.txt,2026-07-30,Konstantin Loffler <kl@wip.tu-berlin.de>
ES,IT,Gas_Natural,300,,PJ,"Assumption: first-build allowance on virgin corridor = ~9.5 GW = one mid-size new pipeline (30-36""), ACER/EHB size classes; see Assumptions.txt",2026-07-30,Konstantin Loffler <kl@wip.tu-berlin.de>
ES,IT,H2,150,,PJ,"Assumption: first-build allowance on virgin corridor = ~4.75 GW usable = EHB medium (36"") new-build class; see Assumptions.txt",2026-07-30,Konstantin Loffler <kl@wip.tu-berlin.de>
ES,IT,Power,3,,GW,Assumption: first-build allowance on virgin corridor = one modern HVDC bipole class (2x1.5-2 GW); see Assumptions.txt,2026-07-30,Konstantin Loffler <kl@wip.tu-berlin.de>
ES,PT,Gas_Natural,300,,PJ,"Assumption: first-build allowance on virgin corridor = ~9.5 GW = one mid-size new pipeline (30-36""), ACER/EHB size classes; see Assumptions.txt",2026-07-30,Konstantin Loffler <kl@wip.tu-berlin.de>
ES,PT,H2,150,,PJ,"Assumption: first-build allowance on virgin corridor = ~4.75 GW usable = EHB medium (36"") new-build class; see Assumptions.txt",2026-07-30,Konstantin Loffler <kl@wip.tu-berlin.de>
ES,PT,Power,3,,GW,Assumption: first-build allowance on virgin corridor = one modern HVDC bipole class (2x1.5-2 GW); see Assumptions.txt,2026-07-30,Konstantin Loffler <kl@wip.tu-berlin.de>
FI,DE,Gas_Natural,300,,PJ,"Assumption: first-build allowance on virgin corridor = ~9.5 GW = one mid-size new pipeline (30-36""), ACER/EHB size classes; see Assumptions.txt",2026-07-30,Konstantin Loffler <kl@wip.tu-berlin.de>
FI,DE,H2,150,,PJ,"Assumption: first-build allowance on virgin corridor = ~4.75 GW usable = EHB medium (36"") new-build class; see Assumptions.txt",2026-07-30,Konstantin Loffler <kl@wip.tu-berlin.de>
FI,DE,Power,3,,GW,Assumption: first-build allowance on virgin corridor = one modern HVDC bipole class (2x1.5-2 GW); see Assumptions.txt,2026-07-30,Konstantin Loffler <kl@wip.tu-berlin.de>
FI,EE,Gas_Natural,300,,PJ,"Assumption: first-build allowance on virgin corridor = ~9.5 GW = one mid-size new pipeline (30-36""), ACER/EHB size classes; see Assumptions.txt",2026-07-30,Konstantin Loffler <kl@wip.tu-berlin.de>
FI,EE,H2,150,,PJ,"Assumption: first-build allowance on virgin corridor = ~4.75 GW usable = EHB medium (36"") new-build class; see Assumptions.txt",2026-07-30,Konstantin Loffler <kl@wip.tu-berlin.de>
FI,EE,Power,3,,GW,Assumption: first-build allowance on virgin corridor = one modern HVDC bipole class (2x1.5-2 GW); see Assumptions.txt,2026-07-30,Konstantin Loffler <kl@wip.tu-berlin.de>
FI,NO,Gas_Natural,300,,PJ,"Assumption: first-build allowance on virgin corridor = ~9.5 GW = one mid-size new pipeline (30-36""), ACER/EHB size classes; see Assumptions.txt",2026-07-30,Konstantin Loffler <kl@wip.tu-berlin.de>
FI,NO,H2,150,,PJ,"Assumption: first-build allowance on virgin corridor = ~4.75 GW usable = EHB medium (36"") new-build class; see Assumptions.txt",2026-07-30,Konstantin Loffler <kl@wip.tu-berlin.de>
FI,NO,Power,3,,GW,Assumption: first-build allowance on virgin corridor = one modern HVDC bipole class (2x1.5-2 GW); see Assumptions.txt,2026-07-30,Konstantin Loffler <kl@wip.tu-berlin.de>
FI,SE,Gas_Natural,300,,PJ,"Assumption: first-build allowance on virgin corridor = ~9.5 GW = one mid-size new pipeline (30-36""), ACER/EHB size classes; see Assumptions.txt",2026-07-30,Konstantin Loffler <kl@wip.tu-berlin.de>
FI,SE,H2,150,,PJ,"Assumption: first-build allowance on virgin corridor = ~4.75 GW usable = EHB medium (36"") new-build class; see Assumptions.txt",2026-07-30,Konstantin Loffler <kl@wip.tu-berlin.de>
FI,SE,Power,3,,GW,Assumption: first-build allowance on virgin corridor = one modern HVDC bipole class (2x1.5-2 GW); see Assumptions.txt,2026-07-30,Konstantin Loffler <kl@wip.tu-berlin.de>
FR,BE,Gas_Natural,300,,PJ,"Assumption: first-build allowance on virgin corridor = ~9.5 GW = one mid-size new pipeline (30-36""), ACER/EHB size classes; see Assumptions.txt",2026-07-30,Konstantin Loffler <kl@wip.tu-berlin.de>
FR,BE,H2,150,,PJ,"Assumption: first-build allowance on virgin corridor = ~4.75 GW usable = EHB medium (36"") new-build class; see Assumptions.txt",2026-07-30,Konstantin Loffler <kl@wip.tu-berlin.de>
FR,BE,Power,3,,GW,Assumption: first-build allowance on virgin corridor = one modern HVDC bipole class (2x1.5-2 GW); see Assumptions.txt,2026-07-30,Konstantin Loffler <kl@wip.tu-berlin.de>
FR,CH,Gas_Natural,300,,PJ,"Assumption: first-build allowance on virgin corridor = ~9.5 GW = one mid-size new pipeline (30-36""), ACER/EHB size classes; see Assumptions.txt",2026-07-30,Konstantin Loffler <kl@wip.tu-berlin.de>
FR,CH,H2,150,,PJ,"Assumption: first-build allowance on virgin corridor = ~4.75 GW usable = EHB medium (36"") new-build class; see Assumptions.txt",2026-07-30,Konstantin Loffler <kl@wip.tu-berlin.de>
FR,CH,Power,3,,GW,Assumption: first-build allowance on virgin corridor = one modern HVDC bipole class (2x1.5-2 GW); see Assumptions.txt,2026-07-30,Konstantin Loffler <kl@wip.tu-berlin.de>
FR,DE,Gas_Natural,300,,PJ,"Assumption: first-build allowance on virgin corridor = ~9.5 GW = one mid-size new pipeline (30-36""), ACER/EHB size classes; see Assumptions.txt",2026-07-30,Konstantin Loffler <kl@wip.tu-berlin.de>
FR,DE,H2,150,,PJ,"Assumption: first-build allowance on virgin corridor = ~4.75 GW usable = EHB medium (36"") new-build class; see Assumptions.txt",2026-07-30,Konstantin Loffler <kl@wip.tu-berlin.de>
FR,DE,Power,3,,GW,Assumption: first-build allowance on virgin corridor = one modern HVDC bipole class (2x1.5-2 GW); see Assumptions.txt,2026-07-30,Konstantin Loffler <kl@wip.tu-berlin.de>
FR,DE_BW,Gas_Natural,300,,PJ,"Assumption: first-build allowance on virgin corridor = ~9.5 GW = one mid-size new pipeline (30-36""), ACER/EHB size classes; see Assumptions.txt",2026-07-30,Konstantin Loffler <kl@wip.tu-berlin.de>
FR,DE_BW,H2,150,,PJ,"Assumption: first-build allowance on virgin corridor = ~4.75 GW usable = EHB medium (36"") new-build class; see Assumptions.txt",2026-07-30,Konstantin Loffler <kl@wip.tu-berlin.de>
FR,DE_BW,Power,3,,GW,Assumption: first-build allowance on virgin corridor = one modern HVDC bipole class (2x1.5-2 GW); see Assumptions.txt,2026-07-30,Konstantin Loffler <kl@wip.tu-berlin.de>
FR,DE_SL,Gas_Natural,300,,PJ,"Assumption: first-build allowance on virgin corridor = ~9.5 GW = one mid-size new pipeline (30-36""), ACER/EHB size classes; see Assumptions.txt",2026-07-30,Konstantin Loffler <kl@wip.tu-berlin.de>
FR,DE_SL,H2,150,,PJ,"Assumption: first-build allowance on virgin corridor = ~4.75 GW usable = EHB medium (36"") new-build class; see Assumptions.txt",2026-07-30,Konstantin Loffler <kl@wip.tu-berlin.de>
FR,DE_SL,Power,3,,GW,Assumption: first-build allowance on virgin corridor = one modern HVDC bipole class (2x1.5-2 GW); see Assumptions.txt,2026-07-30,Konstantin Loffler <kl@wip.tu-berlin.de>
FR,ES,Gas_Natural,300,,PJ,"Assumption: first-build allowance on virgin corridor = ~9.5 GW = one mid-size new pipeline (30-36""), ACER/EHB size classes; see Assumptions.txt",2026-07-30,Konstantin Loffler <kl@wip.tu-berlin.de>
FR,ES,H2,150,,PJ,"Assumption: first-build allowance on virgin corridor = ~4.75 GW usable = EHB medium (36"") new-build class; see Assumptions.txt",2026-07-30,Konstantin Loffler <kl@wip.tu-berlin.de>
FR,ES,Power,3,,GW,Assumption: first-build allowance on virgin corridor = one modern HVDC bipole class (2x1.5-2 GW); see Assumptions.txt,2026-07-30,Konstantin Loffler <kl@wip.tu-berlin.de>
FR,IE,Gas_Natural,300,,PJ,"Assumption: first-build allowance on virgin corridor = ~9.5 GW = one mid-size new pipeline (30-36""), ACER/EHB size classes; see Assumptions.txt",2026-07-30,Konstantin Loffler <kl@wip.tu-berlin.de>
FR,IE,H2,150,,PJ,"Assumption: first-build allowance on virgin corridor = ~4.75 GW usable = EHB medium (36"") new-build class; see Assumptions.txt",2026-07-30,Konstantin Loffler <kl@wip.tu-berlin.de>
FR,IE,Power,3,,GW,Assumption: first-build allowance on virgin corridor = one modern HVDC bipole class (2x1.5-2 GW); see Assumptions.txt,2026-07-30,Konstantin Loffler <kl@wip.tu-berlin.de>
FR,IT,Gas_Natural,300,,PJ,"Assumption: first-build allowance on virgin corridor = ~9.5 GW = one mid-size new pipeline (30-36""), ACER/EHB size classes; see Assumptions.txt",2026-07-30,Konstantin Loffler <kl@wip.tu-berlin.de>
FR,IT,H2,150,,PJ,"Assumption: first-build allowance on virgin corridor = ~4.75 GW usable = EHB medium (36"") new-build class; see Assumptions.txt",2026-07-30,Konstantin Loffler <kl@wip.tu-berlin.de>
FR,IT,Power,3,,GW,Assumption: first-build allowance on virgin corridor = one modern HVDC bipole class (2x1.5-2 GW); see Assumptions.txt,2026-07-30,Konstantin Loffler <kl@wip.tu-berlin.de>
FR,LU,Gas_Natural,300,,PJ,"Assumption: first-build allowance on virgin corridor = ~9.5 GW = one mid-size new pipeline (30-36""), ACER/EHB size classes; see Assumptions.txt",2026-07-30,Konstantin Loffler <kl@wip.tu-berlin.de>
FR,LU,H2,150,,PJ,"Assumption: first-build allowance on virgin corridor = ~4.75 GW usable = EHB medium (36"") new-build class; see Assumptions.txt",2026-07-30,Konstantin Loffler <kl@wip.tu-berlin.de>
FR,LU,Power,3,,GW,Assumption: first-build allowance on virgin corridor = one modern HVDC bipole class (2x1.5-2 GW); see Assumptions.txt,2026-07-30,Konstantin Loffler <kl@wip.tu-berlin.de>
FR,NO,Gas_Natural,300,,PJ,"Assumption: first-build allowance on virgin corridor = ~9.5 GW = one mid-size new pipeline (30-36""), ACER/EHB size classes; see Assumptions.txt",2026-07-30,Konstantin Loffler <kl@wip.tu-berlin.de>
FR,NO,H2,150,,PJ,"Assumption: first-build allowance on virgin corridor = ~4.75 GW usable = EHB medium (36"") new-build class; see Assumptions.txt",2026-07-30,Konstantin Loffler <kl@wip.tu-berlin.de>
FR,NO,Power,3,,GW,Assumption: first-build allowance on virgin corridor = one modern HVDC bipole class (2x1.5-2 GW); see Assumptions.txt,2026-07-30,Konstantin Loffler <kl@wip.tu-berlin.de>
FR,UK,Gas_Natural,300,,PJ,"Assumption: first-build allowance on virgin corridor = ~9.5 GW = one mid-size new pipeline (30-36""), ACER/EHB size classes; see Assumptions.txt",2026-07-30,Konstantin Loffler <kl@wip.tu-berlin.de>
FR,UK,H2,150,,PJ,"Assumption: first-build allowance on virgin corridor = ~4.75 GW usable = EHB medium (36"") new-build class; see Assumptions.txt",2026-07-30,Konstantin Loffler <kl@wip.tu-berlin.de>
FR,UK,Power,3,,GW,Assumption: first-build allowance on virgin corridor = one modern HVDC bipole class (2x1.5-2 GW); see Assumptions.txt,2026-07-30,Konstantin Loffler <kl@wip.tu-berlin.de>
GR,BG,Gas_Natural,300,,PJ,"Assumption: first-build allowance on virgin corridor = ~9.5 GW = one mid-size new pipeline (30-36""), ACER/EHB size classes; see Assumptions.txt",2026-07-30,Konstantin Loffler <kl@wip.tu-berlin.de>
GR,BG,H2,150,,PJ,"Assumption: first-build allowance on virgin corridor = ~4.75 GW usable = EHB medium (36"") new-build class; see Assumptions.txt",2026-07-30,Konstantin Loffler <kl@wip.tu-berlin.de>
GR,BG,Power,3,,GW,Assumption: first-build allowance on virgin corridor = one modern HVDC bipole class (2x1.5-2 GW); see Assumptions.txt,2026-07-30,Konstantin Loffler <kl@wip.tu-berlin.de>
GR,IT,Gas_Natural,300,,PJ,"Assumption: first-build allowance on virgin corridor = ~9.5 GW = one mid-size new pipeline (30-36""), ACER/EHB size classes; see Assumptions.txt",2026-07-30,Konstantin Loffler <kl@wip.tu-berlin.de>
GR,IT,H2,150,,PJ,"Assumption: first-build allowance on virgin corridor = ~4.75 GW usable = EHB medium (36"") new-build class; see Assumptions.txt",2026-07-30,Konstantin Loffler <kl@wip.tu-berlin.de>
GR,IT,Power,3,,GW,Assumption: first-build allowance on virgin corridor = one modern HVDC bipole class (2x1.5-2 GW); see Assumptions.txt,2026-07-30,Konstantin Loffler <kl@wip.tu-berlin.de>
GR,NONEU_Balkan,Gas_Natural,300,,PJ,"Assumption: first-build allowance on virgin corridor = ~9.5 GW = one mid-size new pipeline (30-36""), ACER/EHB size classes; see Assumptions.txt",2026-07-30,Konstantin Loffler <kl@wip.tu-berlin.de>
GR,NONEU_Balkan,H2,150,,PJ,"Assumption: first-build allowance on virgin corridor = ~4.75 GW usable = EHB medium (36"") new-build class; see Assumptions.txt",2026-07-30,Konstantin Loffler <kl@wip.tu-berlin.de>
GR,NONEU_Balkan,Power,3,,GW,Assumption: first-build allowance on virgin corridor = one modern HVDC bipole class (2x1.5-2 GW); see Assumptions.txt,2026-07-30,Konstantin Loffler <kl@wip.tu-berlin.de>
GR,TR,Gas_Natural,300,,PJ,"Assumption: first-build allowance on virgin corridor = ~9.5 GW = one mid-size new pipeline (30-36""), ACER/EHB size classes; see Assumptions.txt",2026-07-30,Konstantin Loffler <kl@wip.tu-berlin.de>
GR,TR,H2,150,,PJ,"Assumption: first-build allowance on virgin corridor = ~4.75 GW usable = EHB medium (36"") new-build class; see Assumptions.txt",2026-07-30,Konstantin Loffler <kl@wip.tu-berlin.de>
GR,TR,Power,3,,GW,Assumption: first-build allowance on virgin corridor = one modern HVDC bipole class (2x1.5-2 GW); see Assumptions.txt,2026-07-30,Konstantin Loffler <kl@wip.tu-berlin.de>
HR,HU,Gas_Natural,300,,PJ,"Assumption: first-build allowance on virgin corridor = ~9.5 GW = one mid-size new pipeline (30-36""), ACER/EHB size classes; see Assumptions.txt",2026-07-30,Konstantin Loffler <kl@wip.tu-berlin.de>
HR,HU,H2,150,,PJ,"Assumption: first-build allowance on virgin corridor = ~4.75 GW usable = EHB medium (36"") new-build class; see Assumptions.txt",2026-07-30,Konstantin Loffler <kl@wip.tu-berlin.de>
HR,HU,Power,3,,GW,Assumption: first-build allowance on virgin corridor = one modern HVDC bipole class (2x1.5-2 GW); see Assumptions.txt,2026-07-30,Konstantin Loffler <kl@wip.tu-berlin.de>
HR,NONEU_Balkan,Gas_Natural,300,,PJ,"Assumption: first-build allowance on virgin corridor = ~9.5 GW = one mid-size new pipeline (30-36""), ACER/EHB size classes; see Assumptions.txt",2026-07-30,Konstantin Loffler <kl@wip.tu-berlin.de>
HR,NONEU_Balkan,H2,150,,PJ,"Assumption: first-build allowance on virgin corridor = ~4.75 GW usable = EHB medium (36"") new-build class; see Assumptions.txt",2026-07-30,Konstantin Loffler <kl@wip.tu-berlin.de>
HR,NONEU_Balkan,Power,3,,GW,Assumption: first-build allowance on virgin corridor = one modern HVDC bipole class (2x1.5-2 GW); see Assumptions.txt,2026-07-30,Konstantin Loffler <kl@wip.tu-berlin.de>
HR,SI,Gas_Natural,300,,PJ,"Assumption: first-build allowance on virgin corridor = ~9.5 GW = one mid-size new pipeline (30-36""), ACER/EHB size classes; see Assumptions.txt",2026-07-30,Konstantin Loffler <kl@wip.tu-berlin.de>
HR,SI,H2,150,,PJ,"Assumption: first-build allowance on virgin corridor = ~4.75 GW usable = EHB medium (36"") new-build class; see Assumptions.txt",2026-07-30,Konstantin Loffler <kl@wip.tu-berlin.de>
HR,SI,Power,3,,GW,Assumption: first-build allowance on virgin corridor = one modern HVDC bipole class (2x1.5-2 GW); see Assumptions.txt,2026-07-30,Konstantin Loffler <kl@wip.tu-berlin.de>
HU,AT,Gas_Natural,300,,PJ,"Assumption: first-build allowance on virgin corridor = ~9.5 GW = one mid-size new pipeline (30-36""), ACER/EHB size classes; see Assumptions.txt",2026-07-30,Konstantin Loffler <kl@wip.tu-berlin.de>
HU,AT,H2,150,,PJ,"Assumption: first-build allowance on virgin corridor = ~4.75 GW usable = EHB medium (36"") new-build class; see Assumptions.txt",2026-07-30,Konstantin Loffler <kl@wip.tu-berlin.de>
HU,AT,Power,3,,GW,Assumption: first-build allowance on virgin corridor = one modern HVDC bipole class (2x1.5-2 GW); see Assumptions.txt,2026-07-30,Konstantin Loffler <kl@wip.tu-berlin.de>
HU,HR,Gas_Natural,300,,PJ,"Assumption: first-build allowance on virgin corridor = ~9.5 GW = one mid-size new pipeline (30-36""), ACER/EHB size classes; see Assumptions.txt",2026-07-30,Konstantin Loffler <kl@wip.tu-berlin.de>
HU,HR,H2,150,,PJ,"Assumption: first-build allowance on virgin corridor = ~4.75 GW usable = EHB medium (36"") new-build class; see Assumptions.txt",2026-07-30,Konstantin Loffler <kl@wip.tu-berlin.de>
HU,HR,Power,3,,GW,Assumption: first-build allowance on virgin corridor = one modern HVDC bipole class (2x1.5-2 GW); see Assumptions.txt,2026-07-30,Konstantin Loffler <kl@wip.tu-berlin.de>
HU,NONEU_Balkan,Gas_Natural,300,,PJ,"Assumption: first-build allowance on virgin corridor = ~9.5 GW = one mid-size new pipeline (30-36""), ACER/EHB size classes; see Assumptions.txt",2026-07-30,Konstantin Loffler <kl@wip.tu-berlin.de>
HU,NONEU_Balkan,H2,150,,PJ,"Assumption: first-build allowance on virgin corridor = ~4.75 GW usable = EHB medium (36"") new-build class; see Assumptions.txt",2026-07-30,Konstantin Loffler <kl@wip.tu-berlin.de>
HU,NONEU_Balkan,Power,3,,GW,Assumption: first-build allowance on virgin corridor = one modern HVDC bipole class (2x1.5-2 GW); see Assumptions.txt,2026-07-30,Konstantin Loffler <kl@wip.tu-berlin.de>
HU,RO,Gas_Natural,300,,PJ,"Assumption: first-build allowance on virgin corridor = ~9.5 GW = one mid-size new pipeline (30-36""), ACER/EHB size classes; see Assumptions.txt",2026-07-30,Konstantin Loffler <kl@wip.tu-berlin.de>
HU,RO,H2,150,,PJ,"Assumption: first-build allowance on virgin corridor = ~4.75 GW usable = EHB medium (36"") new-build class; see Assumptions.txt",2026-07-30,Konstantin Loffler <kl@wip.tu-berlin.de>
HU,RO,Power,3,,GW,Assumption: first-build allowance on virgin corridor = one modern HVDC bipole class (2x1.5-2 GW); see Assumptions.txt,2026-07-30,Konstantin Loffler <kl@wip.tu-berlin.de>
HU,SI,Gas_Natural,300,,PJ,"Assumption: first-build allowance on virgin corridor = ~9.5 GW = one mid-size new pipeline (30-36""), ACER/EHB size classes; see Assumptions.txt",2026-07-30,Konstantin Loffler <kl@wip.tu-berlin.de>
HU,SI,H2,150,,PJ,"Assumption: first-build allowance on virgin corridor = ~4.75 GW usable = EHB medium (36"") new-build class; see Assumptions.txt",2026-07-30,Konstantin Loffler <kl@wip.tu-berlin.de>
HU,SI,Power,3,,GW,Assumption: first-build allowance on virgin corridor = one modern HVDC bipole class (2x1.5-2 GW); see Assumptions.txt,2026-07-30,Konstantin Loffler <kl@wip.tu-berlin.de>
HU,SK,Gas_Natural,300,,PJ,"Assumption: first-build allowance on virgin corridor = ~9.5 GW = one mid-size new pipeline (30-36""), ACER/EHB size classes; see Assumptions.txt",2026-07-30,Konstantin Loffler <kl@wip.tu-berlin.de>
HU,SK,H2,150,,PJ,"Assumption: first-build allowance on virgin corridor = ~4.75 GW usable = EHB medium (36"") new-build class; see Assumptions.txt",2026-07-30,Konstantin Loffler <kl@wip.tu-berlin.de>
HU,SK,Power,3,,GW,Assumption: first-build allowance on virgin corridor = one modern HVDC bipole class (2x1.5-2 GW); see Assumptions.txt,2026-07-30,Konstantin Loffler <kl@wip.tu-berlin.de>
IE,FR,Gas_Natural,300,,PJ,"Assumption: first-build allowance on virgin corridor = ~9.5 GW = one mid-size new pipeline (30-36""), ACER/EHB size classes; see Assumptions.txt",2026-07-30,Konstantin Loffler <kl@wip.tu-berlin.de>
IE,FR,H2,150,,PJ,"Assumption: first-build allowance on virgin corridor = ~4.75 GW usable = EHB medium (36"") new-build class; see Assumptions.txt",2026-07-30,Konstantin Loffler <kl@wip.tu-berlin.de>
IE,FR,Power,3,,GW,Assumption: first-build allowance on virgin corridor = one modern HVDC bipole class (2x1.5-2 GW); see Assumptions.txt,2026-07-30,Konstantin Loffler <kl@wip.tu-berlin.de>
IE,UK,Gas_Natural,300,,PJ,"Assumption: first-build allowance on virgin corridor = ~9.5 GW = one mid-size new pipeline (30-36""), ACER/EHB size classes; see Assumptions.txt",2026-07-30,Konstantin Loffler <kl@wip.tu-berlin.de>
IE,UK,H2,150,,PJ,"Assumption: first-build allowance on virgin corridor = ~4.75 GW usable = EHB medium (36"") new-build class; see Assumptions.txt",2026-07-30,Konstantin Loffler <kl@wip.tu-berlin.de>
IE,UK,Power,3,,GW,Assumption: first-build allowance on virgin corridor = one modern HVDC bipole class (2x1.5-2 GW); see Assumptions.txt,2026-07-30,Konstantin Loffler <kl@wip.tu-berlin.de>
IT,AT,Gas_Natural,300,,PJ,"Assumption: first-build allowance on virgin corridor = ~9.5 GW = one mid-size new pipeline (30-36""), ACER/EHB size classes; see Assumptions.txt",2026-07-30,Konstantin Loffler <kl@wip.tu-berlin.de>
IT,AT,H2,150,,PJ,"Assumption: first-build allowance on virgin corridor = ~4.75 GW usable = EHB medium (36"") new-build class; see Assumptions.txt",2026-07-30,Konstantin Loffler <kl@wip.tu-berlin.de>
IT,AT,Power,3,,GW,Assumption: first-build allowance on virgin corridor = one modern HVDC bipole class (2x1.5-2 GW); see Assumptions.txt,2026-07-30,Konstantin Loffler <kl@wip.tu-berlin.de>
IT,CH,Gas_Natural,300,,PJ,"Assumption: first-build allowance on virgin corridor = ~9.5 GW = one mid-size new pipeline (30-36""), ACER/EHB size classes; see Assumptions.txt",2026-07-30,Konstantin Loffler <kl@wip.tu-berlin.de>
IT,CH,H2,150,,PJ,"Assumption: first-build allowance on virgin corridor = ~4.75 GW usable = EHB medium (36"") new-build class; see Assumptions.txt",2026-07-30,Konstantin Loffler <kl@wip.tu-berlin.de>
IT,CH,Power,3,,GW,Assumption: first-build allowance on virgin corridor = one modern HVDC bipole class (2x1.5-2 GW); see Assumptions.txt,2026-07-30,Konstantin Loffler <kl@wip.tu-berlin.de>
IT,ES,Gas_Natural,300,,PJ,"Assumption: first-build allowance on virgin corridor = ~9.5 GW = one mid-size new pipeline (30-36""), ACER/EHB size classes; see Assumptions.txt",2026-07-30,Konstantin Loffler <kl@wip.tu-berlin.de>
IT,ES,H2,150,,PJ,"Assumption: first-build allowance on virgin corridor = ~4.75 GW usable = EHB medium (36"") new-build class; see Assumptions.txt",2026-07-30,Konstantin Loffler <kl@wip.tu-berlin.de>
IT,ES,Power,3,,GW,Assumption: first-build allowance on virgin corridor = one modern HVDC bipole class (2x1.5-2 GW); see Assumptions.txt,2026-07-30,Konstantin Loffler <kl@wip.tu-berlin.de>
IT,FR,Gas_Natural,300,,PJ,"Assumption: first-build allowance on virgin corridor = ~9.5 GW = one mid-size new pipeline (30-36""), ACER/EHB size classes; see Assumptions.txt",2026-07-30,Konstantin Loffler <kl@wip.tu-berlin.de>
IT,FR,H2,150,,PJ,"Assumption: first-build allowance on virgin corridor = ~4.75 GW usable = EHB medium (36"") new-build class; see Assumptions.txt",2026-07-30,Konstantin Loffler <kl@wip.tu-berlin.de>
IT,FR,Power,3,,GW,Assumption: first-build allowance on virgin corridor = one modern HVDC bipole class (2x1.5-2 GW); see Assumptions.txt,2026-07-30,Konstantin Loffler <kl@wip.tu-berlin.de>
IT,GR,Gas_Natural,300,,PJ,"Assumption: first-build allowance on virgin corridor = ~9.5 GW = one mid-size new pipeline (30-36""), ACER/EHB size classes; see Assumptions.txt",2026-07-30,Konstantin Loffler <kl@wip.tu-berlin.de>
IT,GR,H2,150,,PJ,"Assumption: first-build allowance on virgin corridor = ~4.75 GW usable = EHB medium (36"") new-build class; see Assumptions.txt",2026-07-30,Konstantin Loffler <kl@wip.tu-berlin.de>
IT,GR,Power,3,,GW,Assumption: first-build allowance on virgin corridor = one modern HVDC bipole class (2x1.5-2 GW); see Assumptions.txt,2026-07-30,Konstantin Loffler <kl@wip.tu-berlin.de>
IT,NONEU_Balkan,Gas_Natural,300,,PJ,"Assumption: first-build allowance on virgin corridor = ~9.5 GW = one mid-size new pipeline (30-36""), ACER/EHB size classes; see Assumptions.txt",2026-07-30,Konstantin Loffler <kl@wip.tu-berlin.de>
IT,NONEU_Balkan,H2,150,,PJ,"Assumption: first-build allowance on virgin corridor = ~4.75 GW usable = EHB medium (36"") new-build class; see Assumptions.txt",2026-07-30,Konstantin Loffler <kl@wip.tu-berlin.de>
IT,NONEU_Balkan,Power,3,,GW,Assumption: first-build allowance on virgin corridor = one modern HVDC bipole class (2x1.5-2 GW); see Assumptions.txt,2026-07-30,Konstantin Loffler <kl@wip.tu-berlin.de>
IT,SI,Gas_Natural,300,,PJ,"Assumption: first-build allowance on virgin corridor = ~9.5 GW = one mid-size new pipeline (30-36""), ACER/EHB size classes; see Assumptions.txt",2026-07-30,Konstantin Loffler <kl@wip.tu-berlin.de>
IT,SI,H2,150,,PJ,"Assumption: first-build allowance on virgin corridor = ~4.75 GW usable = EHB medium (36"") new-build class; see Assumptions.txt",2026-07-30,Konstantin Loffler <kl@wip.tu-berlin.de>
IT,SI,Power,3,,GW,Assumption: first-build allowance on virgin corridor = one modern HVDC bipole class (2x1.5-2 GW); see Assumptions.txt,2026-07-30,Konstantin Loffler <kl@wip.tu-berlin.de>
LT,LV,Gas_Natural,300,,PJ,"Assumption: first-build allowance on virgin corridor = ~9.5 GW = one mid-size new pipeline (30-36""), ACER/EHB size classes; see Assumptions.txt",2026-07-30,Konstantin Loffler <kl@wip.tu-berlin.de>
LT,LV,H2,150,,PJ,"Assumption: first-build allowance on virgin corridor = ~4.75 GW usable = EHB medium (36"") new-build class; see Assumptions.txt",2026-07-30,Konstantin Loffler <kl@wip.tu-berlin.de>
LT,LV,Power,3,,GW,Assumption: first-build allowance on virgin corridor = one modern HVDC bipole class (2x1.5-2 GW); see Assumptions.txt,2026-07-30,Konstantin Loffler <kl@wip.tu-berlin.de>
LT,PL,Gas_Natural,300,,PJ,"Assumption: first-build allowance on virgin corridor = ~9.5 GW = one mid-size new pipeline (30-36""), ACER/EHB size classes; see Assumptions.txt",2026-07-30,Konstantin Loffler <kl@wip.tu-berlin.de>
LT,PL,H2,150,,PJ,"Assumption: first-build allowance on virgin corridor = ~4.75 GW usable = EHB medium (36"") new-build class; see Assumptions.txt",2026-07-30,Konstantin Loffler <kl@wip.tu-berlin.de>
LT,PL,Power,3,,GW,Assumption: first-build allowance on virgin corridor = one modern HVDC bipole class (2x1.5-2 GW); see Assumptions.txt,2026-07-30,Konstantin Loffler <kl@wip.tu-berlin.de>
LT,SE,Gas_Natural,300,,PJ,"Assumption: first-build allowance on virgin corridor = ~9.5 GW = one mid-size new pipeline (30-36""), ACER/EHB size classes; see Assumptions.txt",2026-07-30,Konstantin Loffler <kl@wip.tu-berlin.de>
LT,SE,H2,150,,PJ,"Assumption: first-build allowance on virgin corridor = ~4.75 GW usable = EHB medium (36"") new-build class; see Assumptions.txt",2026-07-30,Konstantin Loffler <kl@wip.tu-berlin.de>
LT,SE,Power,3,,GW,Assumption: first-build allowance on virgin corridor = one modern HVDC bipole class (2x1.5-2 GW); see Assumptions.txt,2026-07-30,Konstantin Loffler <kl@wip.tu-berlin.de>
LU,BE,Gas_Natural,300,,PJ,"Assumption: first-build allowance on virgin corridor = ~9.5 GW = one mid-size new pipeline (30-36""), ACER/EHB size classes; see Assumptions.txt",2026-07-30,Konstantin Loffler <kl@wip.tu-berlin.de>
LU,BE,H2,150,,PJ,"Assumption: first-build allowance on virgin corridor = ~4.75 GW usable = EHB medium (36"") new-build class; see Assumptions.txt",2026-07-30,Konstantin Loffler <kl@wip.tu-berlin.de>
LU,BE,Power,3,,GW,Assumption: first-build allowance on virgin corridor = one modern HVDC bipole class (2x1.5-2 GW); see Assumptions.txt,2026-07-30,Konstantin Loffler <kl@wip.tu-berlin.de>
LU,DE,Gas_Natural,300,,PJ,"Assumption: first-build allowance on virgin corridor = ~9.5 GW = one mid-size new pipeline (30-36""), ACER/EHB size classes; see Assumptions.txt",2026-07-30,Konstantin Loffler <kl@wip.tu-berlin.de>
LU,DE,H2,150,,PJ,"Assumption: first-build allowance on virgin corridor = ~4.75 GW usable = EHB medium (36"") new-build class; see Assumptions.txt",2026-07-30,Konstantin Loffler <kl@wip.tu-berlin.de>
LU,DE,Power,3,,GW,Assumption: first-build allowance on virgin corridor = one modern HVDC bipole class (2x1.5-2 GW); see Assumptions.txt,2026-07-30,Konstantin Loffler <kl@wip.tu-berlin.de>
LU,FR,Gas_Natural,300,,PJ,"Assumption: first-build allowance on virgin corridor = ~9.5 GW = one mid-size new pipeline (30-36""), ACER/EHB size classes; see Assumptions.txt",2026-07-30,Konstantin Loffler <kl@wip.tu-berlin.de>
LU,FR,H2,150,,PJ,"Assumption: first-build allowance on virgin corridor = ~4.75 GW usable = EHB medium (36"") new-build class; see Assumptions.txt",2026-07-30,Konstantin Loffler <kl@wip.tu-berlin.de>
LU,FR,Power,3,,GW,Assumption: first-build allowance on virgin corridor = one modern HVDC bipole class (2x1.5-2 GW); see Assumptions.txt,2026-07-30,Konstantin Loffler <kl@wip.tu-berlin.de>
LV,EE,Gas_Natural,300,,PJ,"Assumption: first-build allowance on virgin corridor = ~9.5 GW = one mid-size new pipeline (30-36""), ACER/EHB size classes; see Assumptions.txt",2026-07-30,Konstantin Loffler <kl@wip.tu-berlin.de>
LV,EE,H2,150,,PJ,"Assumption: first-build allowance on virgin corridor = ~4.75 GW usable = EHB medium (36"") new-build class; see Assumptions.txt",2026-07-30,Konstantin Loffler <kl@wip.tu-berlin.de>
LV,EE,Power,3,,GW,Assumption: first-build allowance on virgin corridor = one modern HVDC bipole class (2x1.5-2 GW); see Assumptions.txt,2026-07-30,Konstantin Loffler <kl@wip.tu-berlin.de>
LV,LT,Gas_Natural,300,,PJ,"Assumption: first-build allowance on virgin corridor = ~9.5 GW = one mid-size new pipeline (30-36""), ACER/EHB size classes; see Assumptions.txt",2026-07-30,Konstantin Loffler <kl@wip.tu-berlin.de>
LV,LT,H2,150,,PJ,"Assumption: first-build allowance on virgin corridor = ~4.75 GW usable = EHB medium (36"") new-build class; see Assumptions.txt",2026-07-30,Konstantin Loffler <kl@wip.tu-berlin.de>
LV,LT,Power,3,,GW,Assumption: first-build allowance on virgin corridor = one modern HVDC bipole class (2x1.5-2 GW); see Assumptions.txt,2026-07-30,Konstantin Loffler <kl@wip.tu-berlin.de>
MISO,Canada,Gas_Natural,300,,PJ,"Assumption: first-build allowance on virgin corridor = ~9.5 GW = one mid-size new pipeline (30-36""), ACER/EHB size classes; see Assumptions.txt",2026-07-30,Konstantin Loffler <kl@wip.tu-berlin.de>
MISO,Canada,H2,150,,PJ,"Assumption: first-build allowance on virgin corridor = ~4.75 GW usable = EHB medium (36"") new-build class; see Assumptions.txt",2026-07-30,Konstantin Loffler <kl@wip.tu-berlin.de>
MISO,Canada,Power,3,,GW,Assumption: first-build allowance on virgin corridor = one modern HVDC bipole class (2x1.5-2 GW); see Assumptions.txt,2026-07-30,Konstantin Loffler <kl@wip.tu-berlin.de>
MISO,ERCOT,Gas_Natural,300,,PJ,"Assumption: first-build allowance on virgin corridor = ~9.5 GW = one mid-size new pipeline (30-36""), ACER/EHB size classes; see Assumptions.txt",2026-07-30,Konstantin Loffler <kl@wip.tu-berlin.de>
MISO,ERCOT,H2,150,,PJ,"Assumption: first-build allowance on virgin corridor = ~4.75 GW usable = EHB medium (36"") new-build class; see Assumptions.txt",2026-07-30,Konstantin Loffler <kl@wip.tu-berlin.de>
MISO,ERCOT,Power,3,,GW,Assumption: first-build allowance on virgin corridor = one modern HVDC bipole class (2x1.5-2 GW); see Assumptions.txt,2026-07-30,Konstantin Loffler <kl@wip.tu-berlin.de>
MISO,PJM,Gas_Natural,300,,PJ,"Assumption: first-build allowance on virgin corridor = ~9.5 GW = one mid-size new pipeline (30-36""), ACER/EHB size classes; see Assumptions.txt",2026-07-30,Konstantin Loffler <kl@wip.tu-berlin.de>
MISO,PJM,H2,150,,PJ,"Assumption: first-build allowance on virgin corridor = ~4.75 GW usable = EHB medium (36"") new-build class; see Assumptions.txt",2026-07-30,Konstantin Loffler <kl@wip.tu-berlin.de>
MISO,PJM,Power,3,,GW,Assumption: first-build allowance on virgin corridor = one modern HVDC bipole class (2x1.5-2 GW); see Assumptions.txt,2026-07-30,Konstantin Loffler <kl@wip.tu-berlin.de>
MISO,SERC,Gas_Natural,300,,PJ,"Assumption: first-build allowance on virgin corridor = ~9.5 GW = one mid-size new pipeline (30-36""), ACER/EHB size classes; see Assumptions.txt",2026-07-30,Konstantin Loffler <kl@wip.tu-berlin.de>
MISO,SERC,H2,150,,PJ,"Assumption: first-build allowance on virgin corridor = ~4.75 GW usable = EHB medium (36"") new-build class; see Assumptions.txt",2026-07-30,Konstantin Loffler <kl@wip.tu-berlin.de>
MISO,SERC,Power,3,,GW,Assumption: first-build allowance on virgin corridor = one modern HVDC bipole class (2x1.5-2 GW); see Assumptions.txt,2026-07-30,Konstantin Loffler <kl@wip.tu-berlin.de>
MISO,SPP,Gas_Natural,300,,PJ,"Assumption: first-build allowance on virgin corridor = ~9.5 GW = one mid-size new pipeline (30-36""), ACER/EHB size classes; see Assumptions.txt",2026-07-30,Konstantin Loffler <kl@wip.tu-berlin.de>
MISO,SPP,H2,150,,PJ,"Assumption: first-build allowance on virgin corridor = ~4.75 GW usable = EHB medium (36"") new-build class; see Assumptions.txt",2026-07-30,Konstantin Loffler <kl@wip.tu-berlin.de>
MISO,SPP,Power,3,,GW,Assumption: first-build allowance on virgin corridor = one modern HVDC bipole class (2x1.5-2 GW); see Assumptions.txt,2026-07-30,Konstantin Loffler <kl@wip.tu-berlin.de>
MISO,WECC,Gas_Natural,300,,PJ,"Assumption: first-build allowance on virgin corridor = ~9.5 GW = one mid-size new pipeline (30-36""), ACER/EHB size classes; see Assumptions.txt",2026-07-30,Konstantin Loffler <kl@wip.tu-berlin.de>
MISO,WECC,H2,150,,PJ,"Assumption: first-build allowance on virgin corridor = ~4.75 GW usable = EHB medium (36"") new-build class; see Assumptions.txt",2026-07-30,Konstantin Loffler <kl@wip.tu-berlin.de>
MISO,WECC,Power,3,,GW,Assumption: first-build allowance on virgin corridor = one modern HVDC bipole class (2x1.5-2 GW); see Assumptions.txt,2026-07-30,Konstantin Loffler <kl@wip.tu-berlin.de>
NL,BE,Gas_Natural,300,,PJ,"Assumption: first-build allowance on virgin corridor = ~9.5 GW = one mid-size new pipeline (30-36""), ACER/EHB size classes; see Assumptions.txt",2026-07-30,Konstantin Loffler <kl@wip.tu-berlin.de>
NL,BE,H2,150,,PJ,"Assumption: first-build allowance on virgin corridor = ~4.75 GW usable = EHB medium (36"") new-build class; see Assumptions.txt",2026-07-30,Konstantin Loffler <kl@wip.tu-berlin.de>
NL,BE,Power,3,,GW,Assumption: first-build allowance on virgin corridor = one modern HVDC bipole class (2x1.5-2 GW); see Assumptions.txt,2026-07-30,Konstantin Loffler <kl@wip.tu-berlin.de>
NL,DE,Gas_Natural,300,,PJ,"Assumption: first-build allowance on virgin corridor = ~9.5 GW = one mid-size new pipeline (30-36""), ACER/EHB size classes; see Assumptions.txt",2026-07-30,Konstantin Loffler <kl@wip.tu-berlin.de>
NL,DE,H2,150,,PJ,"Assumption: first-build allowance on virgin corridor = ~4.75 GW usable = EHB medium (36"") new-build class; see Assumptions.txt",2026-07-30,Konstantin Loffler <kl@wip.tu-berlin.de>
NL,DE,Power,3,,GW,Assumption: first-build allowance on virgin corridor = one modern HVDC bipole class (2x1.5-2 GW); see Assumptions.txt,2026-07-30,Konstantin Loffler <kl@wip.tu-berlin.de>
NL,DE_NI,Gas_Natural,300,,PJ,"Assumption: first-build allowance on virgin corridor = ~9.5 GW = one mid-size new pipeline (30-36""), ACER/EHB size classes; see Assumptions.txt",2026-07-30,Konstantin Loffler <kl@wip.tu-berlin.de>
NL,DE_NI,H2,150,,PJ,"Assumption: first-build allowance on virgin corridor = ~4.75 GW usable = EHB medium (36"") new-build class; see Assumptions.txt",2026-07-30,Konstantin Loffler <kl@wip.tu-berlin.de>
NL,DE_NI,Power,3,,GW,Assumption: first-build allowance on virgin corridor = one modern HVDC bipole class (2x1.5-2 GW); see Assumptions.txt,2026-07-30,Konstantin Loffler <kl@wip.tu-berlin.de>
NL,DE_NRW,Gas_Natural,300,,PJ,"Assumption: first-build allowance on virgin corridor = ~9.5 GW = one mid-size new pipeline (30-36""), ACER/EHB size classes; see Assumptions.txt",2026-07-30,Konstantin Loffler <kl@wip.tu-berlin.de>
NL,DE_NRW,H2,150,,PJ,"Assumption: first-build allowance on virgin corridor = ~4.75 GW usable = EHB medium (36"") new-build class; see Assumptions.txt",2026-07-30,Konstantin Loffler <kl@wip.tu-berlin.de>
NL,DE_NRW,Power,3,,GW,Assumption: first-build allowance on virgin corridor = one modern HVDC bipole class (2x1.5-2 GW); see Assumptions.txt,2026-07-30,Konstantin Loffler <kl@wip.tu-berlin.de>
NL,DK,Gas_Natural,300,,PJ,"Assumption: first-build allowance on virgin corridor = ~9.5 GW = one mid-size new pipeline (30-36""), ACER/EHB size classes; see Assumptions.txt",2026-07-30,Konstantin Loffler <kl@wip.tu-berlin.de>
NL,DK,H2,150,,PJ,"Assumption: first-build allowance on virgin corridor = ~4.75 GW usable = EHB medium (36"") new-build class; see Assumptions.txt",2026-07-30,Konstantin Loffler <kl@wip.tu-berlin.de>
NL,DK,Power,3,,GW,Assumption: first-build allowance on virgin corridor = one modern HVDC bipole class (2x1.5-2 GW); see Assumptions.txt,2026-07-30,Konstantin Loffler <kl@wip.tu-berlin.de>
NL,NO,Gas_Natural,300,,PJ,"Assumption: first-build allowance on virgin corridor = ~9.5 GW = one mid-size new pipeline (30-36""), ACER/EHB size classes; see Assumptions.txt",2026-07-30,Konstantin Loffler <kl@wip.tu-berlin.de>
NL,NO,H2,150,,PJ,"Assumption: first-build allowance on virgin corridor = ~4.75 GW usable = EHB medium (36"") new-build class; see Assumptions.txt",2026-07-30,Konstantin Loffler <kl@wip.tu-berlin.de>
NL,NO,Power,3,,GW,Assumption: first-build allowance on virgin corridor = one modern HVDC bipole class (2x1.5-2 GW); see Assumptions.txt,2026-07-30,Konstantin Loffler <kl@wip.tu-berlin.de>
NL,UK,Gas_Natural,300,,PJ,"Assumption: first-build allowance on virgin corridor = ~9.5 GW = one mid-size new pipeline (30-36""), ACER/EHB size classes; see Assumptions.txt",2026-07-30,Konstantin Loffler <kl@wip.tu-berlin.de>
NL,UK,H2,150,,PJ,"Assumption: first-build allowance on virgin corridor = ~4.75 GW usable = EHB medium (36"") new-build class; see Assumptions.txt",2026-07-30,Konstantin Loffler <kl@wip.tu-berlin.de>
NL,UK,Power,3,,GW,Assumption: first-build allowance on virgin corridor = one modern HVDC bipole class (2x1.5-2 GW); see Assumptions.txt,2026-07-30,Konstantin Loffler <kl@wip.tu-berlin.de>
NO,BE,Gas_Natural,300,,PJ,"Assumption: first-build allowance on virgin corridor = ~9.5 GW = one mid-size new pipeline (30-36""), ACER/EHB size classes; see Assumptions.txt",2026-07-30,Konstantin Loffler <kl@wip.tu-berlin.de>
NO,BE,H2,150,,PJ,"Assumption: first-build allowance on virgin corridor = ~4.75 GW usable = EHB medium (36"") new-build class; see Assumptions.txt",2026-07-30,Konstantin Loffler <kl@wip.tu-berlin.de>
NO,BE,Power,3,,GW,Assumption: first-build allowance on virgin corridor = one modern HVDC bipole class (2x1.5-2 GW); see Assumptions.txt,2026-07-30,Konstantin Loffler <kl@wip.tu-berlin.de>
NO,DE,Gas_Natural,300,,PJ,"Assumption: first-build allowance on virgin corridor = ~9.5 GW = one mid-size new pipeline (30-36""), ACER/EHB size classes; see Assumptions.txt",2026-07-30,Konstantin Loffler <kl@wip.tu-berlin.de>
NO,DE,H2,150,,PJ,"Assumption: first-build allowance on virgin corridor = ~4.75 GW usable = EHB medium (36"") new-build class; see Assumptions.txt",2026-07-30,Konstantin Loffler <kl@wip.tu-berlin.de>
NO,DE,Power,3,,GW,Assumption: first-build allowance on virgin corridor = one modern HVDC bipole class (2x1.5-2 GW); see Assumptions.txt,2026-07-30,Konstantin Loffler <kl@wip.tu-berlin.de>
NO,DK,Gas_Natural,300,,PJ,"Assumption: first-build allowance on virgin corridor = ~9.5 GW = one mid-size new pipeline (30-36""), ACER/EHB size classes; see Assumptions.txt",2026-07-30,Konstantin Loffler <kl@wip.tu-berlin.de>
NO,DK,H2,150,,PJ,"Assumption: first-build allowance on virgin corridor = ~4.75 GW usable = EHB medium (36"") new-build class; see Assumptions.txt",2026-07-30,Konstantin Loffler <kl@wip.tu-berlin.de>
NO,DK,Power,3,,GW,Assumption: first-build allowance on virgin corridor = one modern HVDC bipole class (2x1.5-2 GW); see Assumptions.txt,2026-07-30,Konstantin Loffler <kl@wip.tu-berlin.de>
NO,FI,Gas_Natural,300,,PJ,"Assumption: first-build allowance on virgin corridor = ~9.5 GW = one mid-size new pipeline (30-36""), ACER/EHB size classes; see Assumptions.txt",2026-07-30,Konstantin Loffler <kl@wip.tu-berlin.de>
NO,FI,H2,150,,PJ,"Assumption: first-build allowance on virgin corridor = ~4.75 GW usable = EHB medium (36"") new-build class; see Assumptions.txt",2026-07-30,Konstantin Loffler <kl@wip.tu-berlin.de>
NO,FI,Power,3,,GW,Assumption: first-build allowance on virgin corridor = one modern HVDC bipole class (2x1.5-2 GW); see Assumptions.txt,2026-07-30,Konstantin Loffler <kl@wip.tu-berlin.de>
NO,FR,Gas_Natural,300,,PJ,"Assumption: first-build allowance on virgin corridor = ~9.5 GW = one mid-size new pipeline (30-36""), ACER/EHB size classes; see Assumptions.txt",2026-07-30,Konstantin Loffler <kl@wip.tu-berlin.de>
NO,FR,H2,150,,PJ,"Assumption: first-build allowance on virgin corridor = ~4.75 GW usable = EHB medium (36"") new-build class; see Assumptions.txt",2026-07-30,Konstantin Loffler <kl@wip.tu-berlin.de>
NO,FR,Power,3,,GW,Assumption: first-build allowance on virgin corridor = one modern HVDC bipole class (2x1.5-2 GW); see Assumptions.txt,2026-07-30,Konstantin Loffler <kl@wip.tu-berlin.de>
NO,NL,Gas_Natural,300,,PJ,"Assumption: first-build allowance on virgin corridor = ~9.5 GW = one mid-size new pipeline (30-36""), ACER/EHB size classes; see Assumptions.txt",2026-07-30,Konstantin Loffler <kl@wip.tu-berlin.de>
NO,NL,H2,150,,PJ,"Assumption: first-build allowance on virgin corridor = ~4.75 GW usable = EHB medium (36"") new-build class; see Assumptions.txt",2026-07-30,Konstantin Loffler <kl@wip.tu-berlin.de>
NO,NL,Power,3,,GW,Assumption: first-build allowance on virgin corridor = one modern HVDC bipole class (2x1.5-2 GW); see Assumptions.txt,2026-07-30,Konstantin Loffler <kl@wip.tu-berlin.de>
NO,SE,Gas_Natural,300,,PJ,"Assumption: first-build allowance on virgin corridor = ~9.5 GW = one mid-size new pipeline (30-36""), ACER/EHB size classes; see Assumptions.txt",2026-07-30,Konstantin Loffler <kl@wip.tu-berlin.de>
NO,SE,H2,150,,PJ,"Assumption: first-build allowance on virgin corridor = ~4.75 GW usable = EHB medium (36"") new-build class; see Assumptions.txt",2026-07-30,Konstantin Loffler <kl@wip.tu-berlin.de>
NO,SE,Power,3,,GW,Assumption: first-build allowance on virgin corridor = one modern HVDC bipole class (2x1.5-2 GW); see Assumptions.txt,2026-07-30,Konstantin Loffler <kl@wip.tu-berlin.de>
NO,UK,Gas_Natural,300,,PJ,"Assumption: first-build allowance on virgin corridor = ~9.5 GW = one mid-size new pipeline (30-36""), ACER/EHB size classes; see Assumptions.txt",2026-07-30,Konstantin Loffler <kl@wip.tu-berlin.de>
NO,UK,H2,150,,PJ,"Assumption: first-build allowance on virgin corridor = ~4.75 GW usable = EHB medium (36"") new-build class; see Assumptions.txt",2026-07-30,Konstantin Loffler <kl@wip.tu-berlin.de>
NO,UK,Power,3,,GW,Assumption: first-build allowance on virgin corridor = one modern HVDC bipole class (2x1.5-2 GW); see Assumptions.txt,2026-07-30,Konstantin Loffler <kl@wip.tu-berlin.de>
NONEU_Balkan,BG,Gas_Natural,300,,PJ,"Assumption: first-build allowance on virgin corridor = ~9.5 GW = one mid-size new pipeline (30-36""), ACER/EHB size classes; see Assumptions.txt",2026-07-30,Konstantin Loffler <kl@wip.tu-berlin.de>
NONEU_Balkan,BG,H2,150,,PJ,"Assumption: first-build allowance on virgin corridor = ~4.75 GW usable = EHB medium (36"") new-build class; see Assumptions.txt",2026-07-30,Konstantin Loffler <kl@wip.tu-berlin.de>
NONEU_Balkan,BG,Power,3,,GW,Assumption: first-build allowance on virgin corridor = one modern HVDC bipole class (2x1.5-2 GW); see Assumptions.txt,2026-07-30,Konstantin Loffler <kl@wip.tu-berlin.de>
NONEU_Balkan,GR,Gas_Natural,300,,PJ,"Assumption: first-build allowance on virgin corridor = ~9.5 GW = one mid-size new pipeline (30-36""), ACER/EHB size classes; see Assumptions.txt",2026-07-30,Konstantin Loffler <kl@wip.tu-berlin.de>
NONEU_Balkan,GR,H2,150,,PJ,"Assumption: first-build allowance on virgin corridor = ~4.75 GW usable = EHB medium (36"") new-build class; see Assumptions.txt",2026-07-30,Konstantin Loffler <kl@wip.tu-berlin.de>
NONEU_Balkan,GR,Power,3,,GW,Assumption: first-build allowance on virgin corridor = one modern HVDC bipole class (2x1.5-2 GW); see Assumptions.txt,2026-07-30,Konstantin Loffler <kl@wip.tu-berlin.de>
NONEU_Balkan,HR,Gas_Natural,300,,PJ,"Assumption: first-build allowance on virgin corridor = ~9.5 GW = one mid-size new pipeline (30-36""), ACER/EHB size classes; see Assumptions.txt",2026-07-30,Konstantin Loffler <kl@wip.tu-berlin.de>
NONEU_Balkan,HR,H2,150,,PJ,"Assumption: first-build allowance on virgin corridor = ~4.75 GW usable = EHB medium (36"") new-build class; see Assumptions.txt",2026-07-30,Konstantin Loffler <kl@wip.tu-berlin.de>
NONEU_Balkan,HR,Power,3,,GW,Assumption: first-build allowance on virgin corridor = one modern HVDC bipole class (2x1.5-2 GW); see Assumptions.txt,2026-07-30,Konstantin Loffler <kl@wip.tu-berlin.de>
NONEU_Balkan,HU,Gas_Natural,300,,PJ,"Assumption: first-build allowance on virgin corridor = ~9.5 GW = one mid-size new pipeline (30-36""), ACER/EHB size classes; see Assumptions.txt",2026-07-30,Konstantin Loffler <kl@wip.tu-berlin.de>
NONEU_Balkan,HU,H2,150,,PJ,"Assumption: first-build allowance on virgin corridor = ~4.75 GW usable = EHB medium (36"") new-build class; see Assumptions.txt",2026-07-30,Konstantin Loffler <kl@wip.tu-berlin.de>
NONEU_Balkan,HU,Power,3,,GW,Assumption: first-build allowance on virgin corridor = one modern HVDC bipole class (2x1.5-2 GW); see Assumptions.txt,2026-07-30,Konstantin Loffler <kl@wip.tu-berlin.de>
NONEU_Balkan,IT,Gas_Natural,300,,PJ,"Assumption: first-build allowance on virgin corridor = ~9.5 GW = one mid-size new pipeline (30-36""), ACER/EHB size classes; see Assumptions.txt",2026-07-30,Konstantin Loffler <kl@wip.tu-berlin.de>
NONEU_Balkan,IT,H2,150,,PJ,"Assumption: first-build allowance on virgin corridor = ~4.75 GW usable = EHB medium (36"") new-build class; see Assumptions.txt",2026-07-30,Konstantin Loffler <kl@wip.tu-berlin.de>
NONEU_Balkan,IT,Power,3,,GW,Assumption: first-build allowance on virgin corridor = one modern HVDC bipole class (2x1.5-2 GW); see Assumptions.txt,2026-07-30,Konstantin Loffler <kl@wip.tu-berlin.de>
NONEU_Balkan,RO,Gas_Natural,300,,PJ,"Assumption: first-build allowance on virgin corridor = ~9.5 GW = one mid-size new pipeline (30-36""), ACER/EHB size classes; see Assumptions.txt",2026-07-30,Konstantin Loffler <kl@wip.tu-berlin.de>
NONEU_Balkan,RO,H2,150,,PJ,"Assumption: first-build allowance on virgin corridor = ~4.75 GW usable = EHB medium (36"") new-build class; see Assumptions.txt",2026-07-30,Konstantin Loffler <kl@wip.tu-berlin.de>
NONEU_Balkan,RO,Power,3,,GW,Assumption: first-build allowance on virgin corridor = one modern HVDC bipole class (2x1.5-2 GW); see Assumptions.txt,2026-07-30,Konstantin Loffler <kl@wip.tu-berlin.de>
NewEngland,Canada,Gas_Natural,300,,PJ,"Assumption: first-build allowance on virgin corridor = ~9.5 GW = one mid-size new pipeline (30-36""), ACER/EHB size classes; see Assumptions.txt",2026-07-30,Konstantin Loffler <kl@wip.tu-berlin.de>
NewEngland,Canada,H2,150,,PJ,"Assumption: first-build allowance on virgin corridor = ~4.75 GW usable = EHB medium (36"") new-build class; see Assumptions.txt",2026-07-30,Konstantin Loffler <kl@wip.tu-berlin.de>
NewEngland,Canada,Power,3,,GW,Assumption: first-build allowance on virgin corridor = one modern HVDC bipole class (2x1.5-2 GW); see Assumptions.txt,2026-07-30,Konstantin Loffler <kl@wip.tu-berlin.de>
NewEngland,NewYork,Gas_Natural,300,,PJ,"Assumption: first-build allowance on virgin corridor = ~9.5 GW = one mid-size new pipeline (30-36""), ACER/EHB size classes; see Assumptions.txt",2026-07-30,Konstantin Loffler <kl@wip.tu-berlin.de>
NewEngland,NewYork,H2,150,,PJ,"Assumption: first-build allowance on virgin corridor = ~4.75 GW usable = EHB medium (36"") new-build class; see Assumptions.txt",2026-07-30,Konstantin Loffler <kl@wip.tu-berlin.de>
NewEngland,NewYork,Power,3,,GW,Assumption: first-build allowance on virgin corridor = one modern HVDC bipole class (2x1.5-2 GW); see Assumptions.txt,2026-07-30,Konstantin Loffler <kl@wip.tu-berlin.de>
NewYork,Canada,Gas_Natural,300,,PJ,"Assumption: first-build allowance on virgin corridor = ~9.5 GW = one mid-size new pipeline (30-36""), ACER/EHB size classes; see Assumptions.txt",2026-07-30,Konstantin Loffler <kl@wip.tu-berlin.de>
NewYork,Canada,H2,150,,PJ,"Assumption: first-build allowance on virgin corridor = ~4.75 GW usable = EHB medium (36"") new-build class; see Assumptions.txt",2026-07-30,Konstantin Loffler <kl@wip.tu-berlin.de>
NewYork,Canada,Power,3,,GW,Assumption: first-build allowance on virgin corridor = one modern HVDC bipole class (2x1.5-2 GW); see Assumptions.txt,2026-07-30,Konstantin Loffler <kl@wip.tu-berlin.de>
NewYork,NewEngland,Gas_Natural,300,,PJ,"Assumption: first-build allowance on virgin corridor = ~9.5 GW = one mid-size new pipeline (30-36""), ACER/EHB size classes; see Assumptions.txt",2026-07-30,Konstantin Loffler <kl@wip.tu-berlin.de>
NewYork,NewEngland,H2,150,,PJ,"Assumption: first-build allowance on virgin corridor = ~4.75 GW usable = EHB medium (36"") new-build class; see Assumptions.txt",2026-07-30,Konstantin Loffler <kl@wip.tu-berlin.de>
NewYork,NewEngland,Power,3,,GW,Assumption: first-build allowance on virgin corridor = one modern HVDC bipole class (2x1.5-2 GW); see Assumptions.txt,2026-07-30,Konstantin Loffler <kl@wip.tu-berlin.de>
NewYork,PJM,Gas_Natural,300,,PJ,"Assumption: first-build allowance on virgin corridor = ~9.5 GW = one mid-size new pipeline (30-36""), ACER/EHB size classes; see Assumptions.txt",2026-07-30,Konstantin Loffler <kl@wip.tu-berlin.de>
NewYork,PJM,H2,150,,PJ,"Assumption: first-build allowance on virgin corridor = ~4.75 GW usable = EHB medium (36"") new-build class; see Assumptions.txt",2026-07-30,Konstantin Loffler <kl@wip.tu-berlin.de>
NewYork,PJM,Power,3,,GW,Assumption: first-build allowance on virgin corridor = one modern HVDC bipole class (2x1.5-2 GW); see Assumptions.txt,2026-07-30,Konstantin Loffler <kl@wip.tu-berlin.de>
PJM,Canada,Gas_Natural,300,,PJ,"Assumption: first-build allowance on virgin corridor = ~9.5 GW = one mid-size new pipeline (30-36""), ACER/EHB size classes; see Assumptions.txt",2026-07-30,Konstantin Loffler <kl@wip.tu-berlin.de>
PJM,Canada,H2,150,,PJ,"Assumption: first-build allowance on virgin corridor = ~4.75 GW usable = EHB medium (36"") new-build class; see Assumptions.txt",2026-07-30,Konstantin Loffler <kl@wip.tu-berlin.de>
PJM,Canada,Power,3,,GW,Assumption: first-build allowance on virgin corridor = one modern HVDC bipole class (2x1.5-2 GW); see Assumptions.txt,2026-07-30,Konstantin Loffler <kl@wip.tu-berlin.de>
PJM,MISO,Gas_Natural,300,,PJ,"Assumption: first-build allowance on virgin corridor = ~9.5 GW = one mid-size new pipeline (30-36""), ACER/EHB size classes; see Assumptions.txt",2026-07-30,Konstantin Loffler <kl@wip.tu-berlin.de>
PJM,MISO,H2,150,,PJ,"Assumption: first-build allowance on virgin corridor = ~4.75 GW usable = EHB medium (36"") new-build class; see Assumptions.txt",2026-07-30,Konstantin Loffler <kl@wip.tu-berlin.de>
PJM,MISO,Power,3,,GW,Assumption: first-build allowance on virgin corridor = one modern HVDC bipole class (2x1.5-2 GW); see Assumptions.txt,2026-07-30,Konstantin Loffler <kl@wip.tu-berlin.de>
PJM,NewYork,Gas_Natural,300,,PJ,"Assumption: first-build allowance on virgin corridor = ~9.5 GW = one mid-size new pipeline (30-36""), ACER/EHB size classes; see Assumptions.txt",2026-07-30,Konstantin Loffler <kl@wip.tu-berlin.de>
PJM,NewYork,H2,150,,PJ,"Assumption: first-build allowance on virgin corridor = ~4.75 GW usable = EHB medium (36"") new-build class; see Assumptions.txt",2026-07-30,Konstantin Loffler <kl@wip.tu-berlin.de>
PJM,NewYork,Power,3,,GW,Assumption: first-build allowance on virgin corridor = one modern HVDC bipole class (2x1.5-2 GW); see Assumptions.txt,2026-07-30,Konstantin Loffler <kl@wip.tu-berlin.de>
PJM,SERC,Gas_Natural,300,,PJ,"Assumption: first-build allowance on virgin corridor = ~9.5 GW = one mid-size new pipeline (30-36""), ACER/EHB size classes; see Assumptions.txt",2026-07-30,Konstantin Loffler <kl@wip.tu-berlin.de>
PJM,SERC,H2,150,,PJ,"Assumption: first-build allowance on virgin corridor = ~4.75 GW usable = EHB medium (36"") new-build class; see Assumptions.txt",2026-07-30,Konstantin Loffler <kl@wip.tu-berlin.de>
PJM,SERC,Power,3,,GW,Assumption: first-build allowance on virgin corridor = one modern HVDC bipole class (2x1.5-2 GW); see Assumptions.txt,2026-07-30,Konstantin Loffler <kl@wip.tu-berlin.de>
PL,CZ,Gas_Natural,300,,PJ,"Assumption: first-build allowance on virgin corridor = ~9.5 GW = one mid-size new pipeline (30-36""), ACER/EHB size classes; see Assumptions.txt",2026-07-30,Konstantin Loffler <kl@wip.tu-berlin.de>
PL,CZ,H2,150,,PJ,"Assumption: first-build allowance on virgin corridor = ~4.75 GW usable = EHB medium (36"") new-build class; see Assumptions.txt",2026-07-30,Konstantin Loffler <kl@wip.tu-berlin.de>
PL,CZ,Power,3,,GW,Assumption: first-build allowance on virgin corridor = one modern HVDC bipole class (2x1.5-2 GW); see Assumptions.txt,2026-07-30,Konstantin Loffler <kl@wip.tu-berlin.de>
PL,DE,Gas_Natural,300,,PJ,"Assumption: first-build allowance on virgin corridor = ~9.5 GW = one mid-size new pipeline (30-36""), ACER/EHB size classes; see Assumptions.txt",2026-07-30,Konstantin Loffler <kl@wip.tu-berlin.de>
PL,DE,H2,150,,PJ,"Assumption: first-build allowance on virgin corridor = ~4.75 GW usable = EHB medium (36"") new-build class; see Assumptions.txt",2026-07-30,Konstantin Loffler <kl@wip.tu-berlin.de>
PL,DE,Power,3,,GW,Assumption: first-build allowance on virgin corridor = one modern HVDC bipole class (2x1.5-2 GW); see Assumptions.txt,2026-07-30,Konstantin Loffler <kl@wip.tu-berlin.de>
PL,DE_BB,Gas_Natural,300,,PJ,"Assumption: first-build allowance on virgin corridor = ~9.5 GW = one mid-size new pipeline (30-36""), ACER/EHB size classes; see Assumptions.txt",2026-07-30,Konstantin Loffler <kl@wip.tu-berlin.de>
PL,DE_BB,H2,150,,PJ,"Assumption: first-build allowance on virgin corridor = ~4.75 GW usable = EHB medium (36"") new-build class; see Assumptions.txt",2026-07-30,Konstantin Loffler <kl@wip.tu-berlin.de>
PL,DE_BB,Power,3,,GW,Assumption: first-build allowance on virgin corridor = one modern HVDC bipole class (2x1.5-2 GW); see Assumptions.txt,2026-07-30,Konstantin Loffler <kl@wip.tu-berlin.de>
PL,DE_SN,Gas_Natural,300,,PJ,"Assumption: first-build allowance on virgin corridor = ~9.5 GW = one mid-size new pipeline (30-36""), ACER/EHB size classes; see Assumptions.txt",2026-07-30,Konstantin Loffler <kl@wip.tu-berlin.de>
PL,DE_SN,H2,150,,PJ,"Assumption: first-build allowance on virgin corridor = ~4.75 GW usable = EHB medium (36"") new-build class; see Assumptions.txt",2026-07-30,Konstantin Loffler <kl@wip.tu-berlin.de>
PL,DE_SN,Power,3,,GW,Assumption: first-build allowance on virgin corridor = one modern HVDC bipole class (2x1.5-2 GW); see Assumptions.txt,2026-07-30,Konstantin Loffler <kl@wip.tu-berlin.de>
PL,LT,Gas_Natural,300,,PJ,"Assumption: first-build allowance on virgin corridor = ~9.5 GW = one mid-size new pipeline (30-36""), ACER/EHB size classes; see Assumptions.txt",2026-07-30,Konstantin Loffler <kl@wip.tu-berlin.de>
PL,LT,H2,150,,PJ,"Assumption: first-build allowance on virgin corridor = ~4.75 GW usable = EHB medium (36"") new-build class; see Assumptions.txt",2026-07-30,Konstantin Loffler <kl@wip.tu-berlin.de>
PL,LT,Power,3,,GW,Assumption: first-build allowance on virgin corridor = one modern HVDC bipole class (2x1.5-2 GW); see Assumptions.txt,2026-07-30,Konstantin Loffler <kl@wip.tu-berlin.de>
PL,SE,Gas_Natural,300,,PJ,"Assumption: first-build allowance on virgin corridor = ~9.5 GW = one mid-size new pipeline (30-36""), ACER/EHB size classes; see Assumptions.txt",2026-07-30,Konstantin Loffler <kl@wip.tu-berlin.de>
PL,SE,H2,150,,PJ,"Assumption: first-build allowance on virgin corridor = ~4.75 GW usable = EHB medium (36"") new-build class; see Assumptions.txt",2026-07-30,Konstantin Loffler <kl@wip.tu-berlin.de>
PL,SE,Power,3,,GW,Assumption: first-build allowance on virgin corridor = one modern HVDC bipole class (2x1.5-2 GW); see Assumptions.txt,2026-07-30,Konstantin Loffler <kl@wip.tu-berlin.de>
PL,SK,Gas_Natural,300,,PJ,"Assumption: first-build allowance on virgin corridor = ~9.5 GW = one mid-size new pipeline (30-36""), ACER/EHB size classes; see Assumptions.txt",2026-07-30,Konstantin Loffler <kl@wip.tu-berlin.de>
PL,SK,H2,150,,PJ,"Assumption: first-build allowance on virgin corridor = ~4.75 GW usable = EHB medium (36"") new-build class; see Assumptions.txt",2026-07-30,Konstantin Loffler <kl@wip.tu-berlin.de>
PL,SK,Power,3,,GW,Assumption: first-build allowance on virgin corridor = one modern HVDC bipole class (2x1.5-2 GW); see Assumptions.txt,2026-07-30,Konstantin Loffler <kl@wip.tu-berlin.de>
PT,ES,Gas_Natural,300,,PJ,"Assumption: first-build allowance on virgin corridor = ~9.5 GW = one mid-size new pipeline (30-36""), ACER/EHB size classes; see Assumptions.txt",2026-07-30,Konstantin Loffler <kl@wip.tu-berlin.de>
PT,ES,H2,150,,PJ,"Assumption: first-build allowance on virgin corridor = ~4.75 GW usable = EHB medium (36"") new-build class; see Assumptions.txt",2026-07-30,Konstantin Loffler <kl@wip.tu-berlin.de>
PT,ES,Power,3,,GW,Assumption: first-build allowance on virgin corridor = one modern HVDC bipole class (2x1.5-2 GW); see Assumptions.txt,2026-07-30,Konstantin Loffler <kl@wip.tu-berlin.de>
RO,BG,Gas_Natural,300,,PJ,"Assumption: first-build allowance on virgin corridor = ~9.5 GW = one mid-size new pipeline (30-36""), ACER/EHB size classes; see Assumptions.txt",2026-07-30,Konstantin Loffler <kl@wip.tu-berlin.de>
RO,BG,H2,150,,PJ,"Assumption: first-build allowance on virgin corridor = ~4.75 GW usable = EHB medium (36"") new-build class; see Assumptions.txt",2026-07-30,Konstantin Loffler <kl@wip.tu-berlin.de>
RO,BG,Power,3,,GW,Assumption: first-build allowance on virgin corridor = one modern HVDC bipole class (2x1.5-2 GW); see Assumptions.txt,2026-07-30,Konstantin Loffler <kl@wip.tu-berlin.de>
RO,HU,Gas_Natural,300,,PJ,"Assumption: first-build allowance on virgin corridor = ~9.5 GW = one mid-size new pipeline (30-36""), ACER/EHB size classes; see Assumptions.txt",2026-07-30,Konstantin Loffler <kl@wip.tu-berlin.de>
RO,HU,H2,150,,PJ,"Assumption: first-build allowance on virgin corridor = ~4.75 GW usable = EHB medium (36"") new-build class; see Assumptions.txt",2026-07-30,Konstantin Loffler <kl@wip.tu-berlin.de>
RO,HU,Power,3,,GW,Assumption: first-build allowance on virgin corridor = one modern HVDC bipole class (2x1.5-2 GW); see Assumptions.txt,2026-07-30,Konstantin Loffler <kl@wip.tu-berlin.de>
RO,NONEU_Balkan,Gas_Natural,300,,PJ,"Assumption: first-build allowance on virgin corridor = ~9.5 GW = one mid-size new pipeline (30-36""), ACER/EHB size classes; see Assumptions.txt",2026-07-30,Konstantin Loffler <kl@wip.tu-berlin.de>
RO,NONEU_Balkan,H2,150,,PJ,"Assumption: first-build allowance on virgin corridor = ~4.75 GW usable = EHB medium (36"") new-build class; see Assumptions.txt",2026-07-30,Konstantin Loffler <kl@wip.tu-berlin.de>
RO,NONEU_Balkan,Power,3,,GW,Assumption: first-build allowance on virgin corridor = one modern HVDC bipole class (2x1.5-2 GW); see Assumptions.txt,2026-07-30,Konstantin Loffler <kl@wip.tu-berlin.de>
SE,DE,Gas_Natural,300,,PJ,"Assumption: first-build allowance on virgin corridor = ~9.5 GW = one mid-size new pipeline (30-36""), ACER/EHB size classes; see Assumptions.txt",2026-07-30,Konstantin Loffler <kl@wip.tu-berlin.de>
SE,DE,H2,150,,PJ,"Assumption: first-build allowance on virgin corridor = ~4.75 GW usable = EHB medium (36"") new-build class; see Assumptions.txt",2026-07-30,Konstantin Loffler <kl@wip.tu-berlin.de>
SE,DE,Power,3,,GW,Assumption: first-build allowance on virgin corridor = one modern HVDC bipole class (2x1.5-2 GW); see Assumptions.txt,2026-07-30,Konstantin Loffler <kl@wip.tu-berlin.de>
SE,DK,Gas_Natural,300,,PJ,"Assumption: first-build allowance on virgin corridor = ~9.5 GW = one mid-size new pipeline (30-36""), ACER/EHB size classes; see Assumptions.txt",2026-07-30,Konstantin Loffler <kl@wip.tu-berlin.de>
SE,DK,H2,150,,PJ,"Assumption: first-build allowance on virgin corridor = ~4.75 GW usable = EHB medium (36"") new-build class; see Assumptions.txt",2026-07-30,Konstantin Loffler <kl@wip.tu-berlin.de>
SE,DK,Power,3,,GW,Assumption: first-build allowance on virgin corridor = one modern HVDC bipole class (2x1.5-2 GW); see Assumptions.txt,2026-07-30,Konstantin Loffler <kl@wip.tu-berlin.de>
SE,FI,Gas_Natural,300,,PJ,"Assumption: first-build allowance on virgin corridor = ~9.5 GW = one mid-size new pipeline (30-36""), ACER/EHB size classes; see Assumptions.txt",2026-07-30,Konstantin Loffler <kl@wip.tu-berlin.de>
SE,FI,H2,150,,PJ,"Assumption: first-build allowance on virgin corridor = ~4.75 GW usable = EHB medium (36"") new-build class; see Assumptions.txt",2026-07-30,Konstantin Loffler <kl@wip.tu-berlin.de>
SE,FI,Power,3,,GW,Assumption: first-build allowance on virgin corridor = one modern HVDC bipole class (2x1.5-2 GW); see Assumptions.txt,2026-07-30,Konstantin Loffler <kl@wip.tu-berlin.de>
SE,LT,Gas_Natural,300,,PJ,"Assumption: first-build allowance on virgin corridor = ~9.5 GW = one mid-size new pipeline (30-36""), ACER/EHB size classes; see Assumptions.txt",2026-07-30,Konstantin Loffler <kl@wip.tu-berlin.de>
SE,LT,H2,150,,PJ,"Assumption: first-build allowance on virgin corridor = ~4.75 GW usable = EHB medium (36"") new-build class; see Assumptions.txt",2026-07-30,Konstantin Loffler <kl@wip.tu-berlin.de>
SE,LT,Power,3,,GW,Assumption: first-build allowance on virgin corridor = one modern HVDC bipole class (2x1.5-2 GW); see Assumptions.txt,2026-07-30,Konstantin Loffler <kl@wip.tu-berlin.de>
SE,NO,Gas_Natural,300,,PJ,"Assumption: first-build allowance on virgin corridor = ~9.5 GW = one mid-size new pipeline (30-36""), ACER/EHB size classes; see Assumptions.txt",2026-07-30,Konstantin Loffler <kl@wip.tu-berlin.de>
SE,NO,H2,150,,PJ,"Assumption: first-build allowance on virgin corridor = ~4.75 GW usable = EHB medium (36"") new-build class; see Assumptions.txt",2026-07-30,Konstantin Loffler <kl@wip.tu-berlin.de>
SE,NO,Power,3,,GW,Assumption: first-build allowance on virgin corridor = one modern HVDC bipole class (2x1.5-2 GW); see Assumptions.txt,2026-07-30,Konstantin Loffler <kl@wip.tu-berlin.de>
SE,PL,Gas_Natural,300,,PJ,"Assumption: first-build allowance on virgin corridor = ~9.5 GW = one mid-size new pipeline (30-36""), ACER/EHB size classes; see Assumptions.txt",2026-07-30,Konstantin Loffler <kl@wip.tu-berlin.de>
SE,PL,H2,150,,PJ,"Assumption: first-build allowance on virgin corridor = ~4.75 GW usable = EHB medium (36"") new-build class; see Assumptions.txt",2026-07-30,Konstantin Loffler <kl@wip.tu-berlin.de>
SE,PL,Power,3,,GW,Assumption: first-build allowance on virgin corridor = one modern HVDC bipole class (2x1.5-2 GW); see Assumptions.txt,2026-07-30,Konstantin Loffler <kl@wip.tu-berlin.de>
SERC,MISO,Gas_Natural,300,,PJ,"Assumption: first-build allowance on virgin corridor = ~9.5 GW = one mid-size new pipeline (30-36""), ACER/EHB size classes; see Assumptions.txt",2026-07-30,Konstantin Loffler <kl@wip.tu-berlin.de>
SERC,MISO,H2,150,,PJ,"Assumption: first-build allowance on virgin corridor = ~4.75 GW usable = EHB medium (36"") new-build class; see Assumptions.txt",2026-07-30,Konstantin Loffler <kl@wip.tu-berlin.de>
SERC,MISO,Power,3,,GW,Assumption: first-build allowance on virgin corridor = one modern HVDC bipole class (2x1.5-2 GW); see Assumptions.txt,2026-07-30,Konstantin Loffler <kl@wip.tu-berlin.de>
SERC,PJM,Gas_Natural,300,,PJ,"Assumption: first-build allowance on virgin corridor = ~9.5 GW = one mid-size new pipeline (30-36""), ACER/EHB size classes; see Assumptions.txt",2026-07-30,Konstantin Loffler <kl@wip.tu-berlin.de>
SERC,PJM,H2,150,,PJ,"Assumption: first-build allowance on virgin corridor = ~4.75 GW usable = EHB medium (36"") new-build class; see Assumptions.txt",2026-07-30,Konstantin Loffler <kl@wip.tu-berlin.de>
SERC,PJM,Power,3,,GW,Assumption: first-build allowance on virgin corridor = one modern HVDC bipole class (2x1.5-2 GW); see Assumptions.txt,2026-07-30,Konstantin Loffler <kl@wip.tu-berlin.de>
SERC,SPP,Gas_Natural,300,,PJ,"Assumption: first-build allowance on virgin corridor = ~9.5 GW = one mid-size new pipeline (30-36""), ACER/EHB size classes; see Assumptions.txt",2026-07-30,Konstantin Loffler <kl@wip.tu-berlin.de>
SERC,SPP,H2,150,,PJ,"Assumption: first-build allowance on virgin corridor = ~4.75 GW usable = EHB medium (36"") new-build class; see Assumptions.txt",2026-07-30,Konstantin Loffler <kl@wip.tu-berlin.de>
SERC,SPP,Power,3,,GW,Assumption: first-build allowance on virgin corridor = one modern HVDC bipole class (2x1.5-2 GW); see Assumptions.txt,2026-07-30,Konstantin Loffler <kl@wip.tu-berlin.de>
SI,AT,Gas_Natural,300,,PJ,"Assumption: first-build allowance on virgin corridor = ~9.5 GW = one mid-size new pipeline (30-36""), ACER/EHB size classes; see Assumptions.txt",2026-07-30,Konstantin Loffler <kl@wip.tu-berlin.de>
SI,AT,H2,150,,PJ,"Assumption: first-build allowance on virgin corridor = ~4.75 GW usable = EHB medium (36"") new-build class; see Assumptions.txt",2026-07-30,Konstantin Loffler <kl@wip.tu-berlin.de>
SI,AT,Power,3,,GW,Assumption: first-build allowance on virgin corridor = one modern HVDC bipole class (2x1.5-2 GW); see Assumptions.txt,2026-07-30,Konstantin Loffler <kl@wip.tu-berlin.de>
SI,HR,Gas_Natural,300,,PJ,"Assumption: first-build allowance on virgin corridor = ~9.5 GW = one mid-size new pipeline (30-36""), ACER/EHB size classes; see Assumptions.txt",2026-07-30,Konstantin Loffler <kl@wip.tu-berlin.de>
SI,HR,H2,150,,PJ,"Assumption: first-build allowance on virgin corridor = ~4.75 GW usable = EHB medium (36"") new-build class; see Assumptions.txt",2026-07-30,Konstantin Loffler <kl@wip.tu-berlin.de>
SI,HR,Power,3,,GW,Assumption: first-build allowance on virgin corridor = one modern HVDC bipole class (2x1.5-2 GW); see Assumptions.txt,2026-07-30,Konstantin Loffler <kl@wip.tu-berlin.de>
SI,HU,Gas_Natural,300,,PJ,"Assumption: first-build allowance on virgin corridor = ~9.5 GW = one mid-size new pipeline (30-36""), ACER/EHB size classes; see Assumptions.txt",2026-07-30,Konstantin Loffler <kl@wip.tu-berlin.de>
SI,HU,H2,150,,PJ,"Assumption: first-build allowance on virgin corridor = ~4.75 GW usable = EHB medium (36"") new-build class; see Assumptions.txt",2026-07-30,Konstantin Loffler <kl@wip.tu-berlin.de>
SI,HU,Power,3,,GW,Assumption: first-build allowance on virgin corridor = one modern HVDC bipole class (2x1.5-2 GW); see Assumptions.txt,2026-07-30,Konstantin Loffler <kl@wip.tu-berlin.de>
SI,IT,Gas_Natural,300,,PJ,"Assumption: first-build allowance on virgin corridor = ~9.5 GW = one mid-size new pipeline (30-36""), ACER/EHB size classes; see Assumptions.txt",2026-07-30,Konstantin Loffler <kl@wip.tu-berlin.de>
SI,IT,H2,150,,PJ,"Assumption: first-build allowance on virgin corridor = ~4.75 GW usable = EHB medium (36"") new-build class; see Assumptions.txt",2026-07-30,Konstantin Loffler <kl@wip.tu-berlin.de>
SI,IT,Power,3,,GW,Assumption: first-build allowance on virgin corridor = one modern HVDC bipole class (2x1.5-2 GW); see Assumptions.txt,2026-07-30,Konstantin Loffler <kl@wip.tu-berlin.de>
SK,AT,Gas_Natural,300,,PJ,"Assumption: first-build allowance on virgin corridor = ~9.5 GW = one mid-size new pipeline (30-36""), ACER/EHB size classes; see Assumptions.txt",2026-07-30,Konstantin Loffler <kl@wip.tu-berlin.de>
SK,AT,H2,150,,PJ,"Assumption: first-build allowance on virgin corridor = ~4.75 GW usable = EHB medium (36"") new-build class; see Assumptions.txt",2026-07-30,Konstantin Loffler <kl@wip.tu-berlin.de>
SK,AT,Power,3,,GW,Assumption: first-build allowance on virgin corridor = one modern HVDC bipole class (2x1.5-2 GW); see Assumptions.txt,2026-07-30,Konstantin Loffler <kl@wip.tu-berlin.de>
SK,CZ,Gas_Natural,300,,PJ,"Assumption: first-build allowance on virgin corridor = ~9.5 GW = one mid-size new pipeline (30-36""), ACER/EHB size classes; see Assumptions.txt",2026-07-30,Konstantin Loffler <kl@wip.tu-berlin.de>
SK,CZ,H2,150,,PJ,"Assumption: first-build allowance on virgin corridor = ~4.75 GW usable = EHB medium (36"") new-build class; see Assumptions.txt",2026-07-30,Konstantin Loffler <kl@wip.tu-berlin.de>
SK,CZ,Power,3,,GW,Assumption: first-build allowance on virgin corridor = one modern HVDC bipole class (2x1.5-2 GW); see Assumptions.txt,2026-07-30,Konstantin Loffler <kl@wip.tu-berlin.de>
SK,HU,Gas_Natural,300,,PJ,"Assumption: first-build allowance on virgin corridor = ~9.5 GW = one mid-size new pipeline (30-36""), ACER/EHB size classes; see Assumptions.txt",2026-07-30,Konstantin Loffler <kl@wip.tu-berlin.de>
SK,HU,H2,150,,PJ,"Assumption: first-build allowance on virgin corridor = ~4.75 GW usable = EHB medium (36"") new-build class; see Assumptions.txt",2026-07-30,Konstantin Loffler <kl@wip.tu-berlin.de>
SK,HU,Power,3,,GW,Assumption: first-build allowance on virgin corridor = one modern HVDC bipole class (2x1.5-2 GW); see Assumptions.txt,2026-07-30,Konstantin Loffler <kl@wip.tu-berlin.de>
SK,PL,Gas_Natural,300,,PJ,"Assumption: first-build allowance on virgin corridor = ~9.5 GW = one mid-size new pipeline (30-36""), ACER/EHB size classes; see Assumptions.txt",2026-07-30,Konstantin Loffler <kl@wip.tu-berlin.de>
SK,PL,H2,150,,PJ,"Assumption: first-build allowance on virgin corridor = ~4.75 GW usable = EHB medium (36"") new-build class; see Assumptions.txt",2026-07-30,Konstantin Loffler <kl@wip.tu-berlin.de>
SK,PL,Power,3,,GW,Assumption: first-build allowance on virgin corridor = one modern HVDC bipole class (2x1.5-2 GW); see Assumptions.txt,2026-07-30,Konstantin Loffler <kl@wip.tu-berlin.de>
SPP,Canada,Gas_Natural,300,,PJ,"Assumption: first-build allowance on virgin corridor = ~9.5 GW = one mid-size new pipeline (30-36""), ACER/EHB size classes; see Assumptions.txt",2026-07-30,Konstantin Loffler <kl@wip.tu-berlin.de>
SPP,Canada,H2,150,,PJ,"Assumption: first-build allowance on virgin corridor = ~4.75 GW usable = EHB medium (36"") new-build class; see Assumptions.txt",2026-07-30,Konstantin Loffler <kl@wip.tu-berlin.de>
SPP,Canada,Power,3,,GW,Assumption: first-build allowance on virgin corridor = one modern HVDC bipole class (2x1.5-2 GW); see Assumptions.txt,2026-07-30,Konstantin Loffler <kl@wip.tu-berlin.de>
SPP,ERCOT,Gas_Natural,300,,PJ,"Assumption: first-build allowance on virgin corridor = ~9.5 GW = one mid-size new pipeline (30-36""), ACER/EHB size classes; see Assumptions.txt",2026-07-30,Konstantin Loffler <kl@wip.tu-berlin.de>
SPP,ERCOT,H2,150,,PJ,"Assumption: first-build allowance on virgin corridor = ~4.75 GW usable = EHB medium (36"") new-build class; see Assumptions.txt",2026-07-30,Konstantin Loffler <kl@wip.tu-berlin.de>
SPP,ERCOT,Power,3,,GW,Assumption: first-build allowance on virgin corridor = one modern HVDC bipole class (2x1.5-2 GW); see Assumptions.txt,2026-07-30,Konstantin Loffler <kl@wip.tu-berlin.de>
SPP,MISO,Gas_Natural,300,,PJ,"Assumption: first-build allowance on virgin corridor = ~9.5 GW = one mid-size new pipeline (30-36""), ACER/EHB size classes; see Assumptions.txt",2026-07-30,Konstantin Loffler <kl@wip.tu-berlin.de>
SPP,MISO,H2,150,,PJ,"Assumption: first-build allowance on virgin corridor = ~4.75 GW usable = EHB medium (36"") new-build class; see Assumptions.txt",2026-07-30,Konstantin Loffler <kl@wip.tu-berlin.de>
SPP,MISO,Power,3,,GW,Assumption: first-build allowance on virgin corridor = one modern HVDC bipole class (2x1.5-2 GW); see Assumptions.txt,2026-07-30,Konstantin Loffler <kl@wip.tu-berlin.de>
SPP,SERC,Gas_Natural,300,,PJ,"Assumption: first-build allowance on virgin corridor = ~9.5 GW = one mid-size new pipeline (30-36""), ACER/EHB size classes; see Assumptions.txt",2026-07-30,Konstantin Loffler <kl@wip.tu-berlin.de>
SPP,SERC,H2,150,,PJ,"Assumption: first-build allowance on virgin corridor = ~4.75 GW usable = EHB medium (36"") new-build class; see Assumptions.txt",2026-07-30,Konstantin Loffler <kl@wip.tu-berlin.de>
SPP,SERC,Power,3,,GW,Assumption: first-build allowance on virgin corridor = one modern HVDC bipole class (2x1.5-2 GW); see Assumptions.txt,2026-07-30,Konstantin Loffler <kl@wip.tu-berlin.de>
SPP,WECC,Gas_Natural,300,,PJ,"Assumption: first-build allowance on virgin corridor = ~9.5 GW = one mid-size new pipeline (30-36""), ACER/EHB size classes; see Assumptions.txt",2026-07-30,Konstantin Loffler <kl@wip.tu-berlin.de>
SPP,WECC,H2,150,,PJ,"Assumption: first-build allowance on virgin corridor = ~4.75 GW usable = EHB medium (36"") new-build class; see Assumptions.txt",2026-07-30,Konstantin Loffler <kl@wip.tu-berlin.de>
SPP,WECC,Power,3,,GW,Assumption: first-build allowance on virgin corridor = one modern HVDC bipole class (2x1.5-2 GW); see Assumptions.txt,2026-07-30,Konstantin Loffler <kl@wip.tu-berlin.de>
TR,BG,Gas_Natural,300,,PJ,"Assumption: first-build allowance on virgin corridor = ~9.5 GW = one mid-size new pipeline (30-36""), ACER/EHB size classes; see Assumptions.txt",2026-07-30,Konstantin Loffler <kl@wip.tu-berlin.de>
TR,BG,H2,150,,PJ,"Assumption: first-build allowance on virgin corridor = ~4.75 GW usable = EHB medium (36"") new-build class; see Assumptions.txt",2026-07-30,Konstantin Loffler <kl@wip.tu-berlin.de>
TR,BG,Power,3,,GW,Assumption: first-build allowance on virgin corridor = one modern HVDC bipole class (2x1.5-2 GW); see Assumptions.txt,2026-07-30,Konstantin Loffler <kl@wip.tu-berlin.de>
TR,GR,Gas_Natural,300,,PJ,"Assumption: first-build allowance on virgin corridor = ~9.5 GW = one mid-size new pipeline (30-36""), ACER/EHB size classes; see Assumptions.txt",2026-07-30,Konstantin Loffler <kl@wip.tu-berlin.de>
TR,GR,H2,150,,PJ,"Assumption: first-build allowance on virgin corridor = ~4.75 GW usable = EHB medium (36"") new-build class; see Assumptions.txt",2026-07-30,Konstantin Loffler <kl@wip.tu-berlin.de>
TR,GR,Power,3,,GW,Assumption: first-build allowance on virgin corridor = one modern HVDC bipole class (2x1.5-2 GW); see Assumptions.txt,2026-07-30,Konstantin Loffler <kl@wip.tu-berlin.de>
UK,BE,Gas_Natural,300,,PJ,"Assumption: first-build allowance on virgin corridor = ~9.5 GW = one mid-size new pipeline (30-36""), ACER/EHB size classes; see Assumptions.txt",2026-07-30,Konstantin Loffler <kl@wip.tu-berlin.de>
UK,BE,H2,150,,PJ,"Assumption: first-build allowance on virgin corridor = ~4.75 GW usable = EHB medium (36"") new-build class; see Assumptions.txt",2026-07-30,Konstantin Loffler <kl@wip.tu-berlin.de>
UK,BE,Power,3,,GW,Assumption: first-build allowance on virgin corridor = one modern HVDC bipole class (2x1.5-2 GW); see Assumptions.txt,2026-07-30,Konstantin Loffler <kl@wip.tu-berlin.de>
UK,DE,Gas_Natural,300,,PJ,"Assumption: first-build allowance on virgin corridor = ~9.5 GW = one mid-size new pipeline (30-36""), ACER/EHB size classes; see Assumptions.txt",2026-07-30,Konstantin Loffler <kl@wip.tu-berlin.de>
UK,DE,H2,150,,PJ,"Assumption: first-build allowance on virgin corridor = ~4.75 GW usable = EHB medium (36"") new-build class; see Assumptions.txt",2026-07-30,Konstantin Loffler <kl@wip.tu-berlin.de>
UK,DE,Power,3,,GW,Assumption: first-build allowance on virgin corridor = one modern HVDC bipole class (2x1.5-2 GW); see Assumptions.txt,2026-07-30,Konstantin Loffler <kl@wip.tu-berlin.de>
UK,DK,Gas_Natural,300,,PJ,"Assumption: first-build allowance on virgin corridor = ~9.5 GW = one mid-size new pipeline (30-36""), ACER/EHB size classes; see Assumptions.txt",2026-07-30,Konstantin Loffler <kl@wip.tu-berlin.de>
UK,DK,H2,150,,PJ,"Assumption: first-build allowance on virgin corridor = ~4.75 GW usable = EHB medium (36"") new-build class; see Assumptions.txt",2026-07-30,Konstantin Loffler <kl@wip.tu-berlin.de>
UK,DK,Power,3,,GW,Assumption: first-build allowance on virgin corridor = one modern HVDC bipole class (2x1.5-2 GW); see Assumptions.txt,2026-07-30,Konstantin Loffler <kl@wip.tu-berlin.de>
UK,FR,Gas_Natural,300,,PJ,"Assumption: first-build allowance on virgin corridor = ~9.5 GW = one mid-size new pipeline (30-36""), ACER/EHB size classes; see Assumptions.txt",2026-07-30,Konstantin Loffler <kl@wip.tu-berlin.de>
UK,FR,H2,150,,PJ,"Assumption: first-build allowance on virgin corridor = ~4.75 GW usable = EHB medium (36"") new-build class; see Assumptions.txt",2026-07-30,Konstantin Loffler <kl@wip.tu-berlin.de>
UK,FR,Power,3,,GW,Assumption: first-build allowance on virgin corridor = one modern HVDC bipole class (2x1.5-2 GW); see Assumptions.txt,2026-07-30,Konstantin Loffler <kl@wip.tu-berlin.de>
UK,IE,Gas_Natural,300,,PJ,"Assumption: first-build allowance on virgin corridor = ~9.5 GW = one mid-size new pipeline (30-36""), ACER/EHB size classes; see Assumptions.txt",2026-07-30,Konstantin Loffler <kl@wip.tu-berlin.de>
UK,IE,H2,150,,PJ,"Assumption: first-build allowance on virgin corridor = ~4.75 GW usable = EHB medium (36"") new-build class; see Assumptions.txt",2026-07-30,Konstantin Loffler <kl@wip.tu-berlin.de>
UK,IE,Power,3,,GW,Assumption: first-build allowance on virgin corridor = one modern HVDC bipole class (2x1.5-2 GW); see Assumptions.txt,2026-07-30,Konstantin Loffler <kl@wip.tu-berlin.de>
UK,NL,Gas_Natural,300,,PJ,"Assumption: first-build allowance on virgin corridor = ~9.5 GW = one mid-size new pipeline (30-36""), ACER/EHB size classes; see Assumptions.txt",2026-07-30,Konstantin Loffler <kl@wip.tu-berlin.de>
UK,NL,H2,150,,PJ,"Assumption: first-build allowance on virgin corridor = ~4.75 GW usable = EHB medium (36"") new-build class; see Assumptions.txt",2026-07-30,Konstantin Loffler <kl@wip.tu-berlin.de>
UK,NL,Power,3,,GW,Assumption: first-build allowance on virgin corridor = one modern HVDC bipole class (2x1.5-2 GW); see Assumptions.txt,2026-07-30,Konstantin Loffler <kl@wip.tu-berlin.de>
UK,NO,Gas_Natural,300,,PJ,"Assumption: first-build allowance on virgin corridor = ~9.5 GW = one mid-size new pipeline (30-36""), ACER/EHB size classes; see Assumptions.txt",2026-07-30,Konstantin Loffler <kl@wip.tu-berlin.de>
UK,NO,H2,150,,PJ,"Assumption: first-build allowance on virgin corridor = ~4.75 GW usable = EHB medium (36"") new-build class; see Assumptions.txt",2026-07-30,Konstantin Loffler <kl@wip.tu-berlin.de>
UK,NO,Power,3,,GW,Assumption: first-build allowance on virgin corridor = one modern HVDC bipole class (2x1.5-2 GW); see Assumptions.txt,2026-07-30,Konstantin Loffler <kl@wip.tu-berlin.de>
WECC,California,Gas_Natural,300,,PJ,"Assumption: first-build allowance on virgin corridor = ~9.5 GW = one mid-size new pipeline (30-36""), ACER/EHB size classes; see Assumptions.txt",2026-07-30,Konstantin Loffler <kl@wip.tu-berlin.de>
WECC,California,H2,150,,PJ,"Assumption: first-build allowance on virgin corridor = ~4.75 GW usable = EHB medium (36"") new-build class; see Assumptions.txt",2026-07-30,Konstantin Loffler <kl@wip.tu-berlin.de>
WECC,California,Power,3,,GW,Assumption: first-build allowance on virgin corridor = one modern HVDC bipole class (2x1.5-2 GW); see Assumptions.txt,2026-07-30,Konstantin Loffler <kl@wip.tu-berlin.de>
WECC,Canada,Gas_Natural,300,,PJ,"Assumption: first-build allowance on virgin corridor = ~9.5 GW = one mid-size new pipeline (30-36""), ACER/EHB size classes; see Assumptions.txt",2026-07-30,Konstantin Loffler <kl@wip.tu-berlin.de>
WECC,Canada,H2,150,,PJ,"Assumption: first-build allowance on virgin corridor = ~4.75 GW usable = EHB medium (36"") new-build class; see Assumptions.txt",2026-07-30,Konstantin Loffler <kl@wip.tu-berlin.de>
WECC,Canada,Power,3,,GW,Assumption: first-build allowance on virgin corridor = one modern HVDC bipole class (2x1.5-2 GW); see Assumptions.txt,2026-07-30,Konstantin Loffler <kl@wip.tu-berlin.de>
WECC,ERCOT,Gas_Natural,300,,PJ,"Assumption: first-build allowance on virgin corridor = ~9.5 GW = one mid-size new pipeline (30-36""), ACER/EHB size classes; see Assumptions.txt",2026-07-30,Konstantin Loffler <kl@wip.tu-berlin.de>
WECC,ERCOT,H2,150,,PJ,"Assumption: first-build allowance on virgin corridor = ~4.75 GW usable = EHB medium (36"") new-build class; see Assumptions.txt",2026-07-30,Konstantin Loffler <kl@wip.tu-berlin.de>
WECC,ERCOT,Power,3,,GW,Assumption: first-build allowance on virgin corridor = one modern HVDC bipole class (2x1.5-2 GW); see Assumptions.txt,2026-07-30,Konstantin Loffler <kl@wip.tu-berlin.de>
WECC,MISO,Gas_Natural,300,,PJ,"Assumption: first-build allowance on virgin corridor = ~9.5 GW = one mid-size new pipeline (30-36""), ACER/EHB size classes; see Assumptions.txt",2026-07-30,Konstantin Loffler <kl@wip.tu-berlin.de>
WECC,MISO,H2,150,,PJ,"Assumption: first-build allowance on virgin corridor = ~4.75 GW usable = EHB medium (36"") new-build class; see Assumptions.txt",2026-07-30,Konstantin Loffler <kl@wip.tu-berlin.de>
WECC,MISO,Power,3,,GW,Assumption: first-build allowance on virgin corridor = one modern HVDC bipole class (2x1.5-2 GW); see Assumptions.txt,2026-07-30,Konstantin Loffler <kl@wip.tu-berlin.de>
WECC,SPP,Gas_Natural,300,,PJ,"Assumption: first-build allowance on virgin corridor = ~9.5 GW = one mid-size new pipeline (30-36""), ACER/EHB size classes; see Assumptions.txt",2026-07-30,Konstantin Loffler <kl@wip.tu-berlin.de>
WECC,SPP,H2,150,,PJ,"Assumption: first-build allowance on virgin corridor = ~4.75 GW usable = EHB medium (36"") new-build class; see Assumptions.txt",2026-07-30,Konstantin Loffler <kl@wip.tu-berlin.de>
WECC,SPP,Power,3,,GW,Assumption: first-build allowance on virgin corridor = one modern HVDC bipole class (2x1.5-2 GW); see Assumptions.txt,2026-07-30,Konstantin Loffler <kl@wip.tu-berlin.de>
