Region,Fuel,Year,Value,,Unit,Source,Updated at,Updated by
California,Power_BEVs,2025,29.814318769986112,,PJ,FEL 2026 Base (NA_inputs/base_fel_v260707_v2.xlsx),2026-05-28,Konstantin Loffler <kl@wip.tu-berlin.de>
California,Power_Buildings_Heat,2025,192.3015183186182,,PJ,FEL 2026 Base (NA_inputs/base_fel_v260707_v2.xlsx),2026-05-28,Konstantin Loffler <kl@wip.tu-berlin.de>
California,Power_DataCenter,2025,16.795143288000002,,PJ,FEL 2026 Base (NA_inputs/base_fel_v260707_v2.xlsx),2026-05-28,Konstantin Loffler <kl@wip.tu-berlin.de>
California,Power_General,2025,737.504131834485,,PJ,FEL 2026 Base (NA_inputs/base_fel_v260707_v2.xlsx),2026-05-28,Konstantin Loffler <kl@wip.tu-berlin.de>
California,Power_Hydrogen,2025,0.2957304168,,PJ,FEL 2026 Base (NA_inputs/base_fel_v260707_v2.xlsx),2026-05-28,Konstantin Loffler <kl@wip.tu-berlin.de>
California,Power_BEVs,2026,31.290281736412624,,PJ,FEL 2026 Base (NA_inputs/base_fel_v260707_v2.xlsx),2026-05-28,Konstantin Loffler <kl@wip.tu-berlin.de>
California,Power_Buildings_Heat,2026,184.46198652056552,,PJ,FEL 2026 Base (NA_inputs/base_fel_v260707_v2.xlsx),2026-05-28,Konstantin Loffler <kl@wip.tu-berlin.de>
California,Power_DataCenter,2026,16.97298660069031,,PJ,FEL 2026 Base (NA_inputs/base_fel_v260707_v2.xlsx),2026-05-28,Konstantin Loffler <kl@wip.tu-berlin.de>
California,Power_General,2026,723.315307254197,,PJ,FEL 2026 Base (NA_inputs/base_fel_v260707_v2.xlsx),2026-05-28,Konstantin Loffler <kl@wip.tu-berlin.de>
California,Power_Hydrogen,2026,0.70073813664,,PJ,FEL 2026 Base (NA_inputs/base_fel_v260707_v2.xlsx),2026-05-28,Konstantin Loffler <kl@wip.tu-berlin.de>
California,Power_BEVs,2027,33.34529358496315,,PJ,FEL 2026 Base (NA_inputs/base_fel_v260707_v2.xlsx),2026-05-28,Konstantin Loffler <kl@wip.tu-berlin.de>
California,Power_Buildings_Heat,2027,177.41240118092568,,PJ,FEL 2026 Base (NA_inputs/base_fel_v260707_v2.xlsx),2026-05-28,Konstantin Loffler <kl@wip.tu-berlin.de>
California,Power_DataCenter,2027,15.5406561530877,,PJ,FEL 2026 Base (NA_inputs/base_fel_v260707_v2.xlsx),2026-05-28,Konstantin Loffler <kl@wip.tu-berlin.de>
California,Power_General,2027,712.9905018667123,,PJ,FEL 2026 Base (NA_inputs/base_fel_v260707_v2.xlsx),2026-05-28,Konstantin Loffler <kl@wip.tu-berlin.de>
California,Power_Hydrogen,2027,1.0409703595200002,,PJ,FEL 2026 Base (NA_inputs/base_fel_v260707_v2.xlsx),2026-05-28,Konstantin Loffler <kl@wip.tu-berlin.de>
California,Power_BEVs,2028,36.40991155725813,,PJ,FEL 2026 Base (NA_inputs/base_fel_v260707_v2.xlsx),2026-05-28,Konstantin Loffler <kl@wip.tu-berlin.de>
California,Power_Buildings_Heat,2028,173.01948968621195,,PJ,FEL 2026 Base (NA_inputs/base_fel_v260707_v2.xlsx),2026-05-28,Konstantin Loffler <kl@wip.tu-berlin.de>
California,Power_DataCenter,2028,16.790905817908744,,PJ,FEL 2026 Base (NA_inputs/base_fel_v260707_v2.xlsx),2026-05-28,Konstantin Loffler <kl@wip.tu-berlin.de>
California,Power_General,2028,715.4597220600226,,PJ,FEL 2026 Base (NA_inputs/base_fel_v260707_v2.xlsx),2026-05-28,Konstantin Loffler <kl@wip.tu-berlin.de>
California,Power_Hydrogen,2028,1.1322198576,,PJ,FEL 2026 Base (NA_inputs/base_fel_v260707_v2.xlsx),2026-05-28,Konstantin Loffler <kl@wip.tu-berlin.de>
California,Power_BEVs,2029,41.57689299906943,,PJ,FEL 2026 Base (NA_inputs/base_fel_v260707_v2.xlsx),2026-05-28,Konstantin Loffler <kl@wip.tu-berlin.de>
California,Power_Buildings_Heat,2029,171.90814198866147,,PJ,FEL 2026 Base (NA_inputs/base_fel_v260707_v2.xlsx),2026-05-28,Konstantin Loffler <kl@wip.tu-berlin.de>
California,Power_DataCenter,2029,20.151334137380324,,PJ,FEL 2026 Base (NA_inputs/base_fel_v260707_v2.xlsx),2026-05-28,Konstantin Loffler <kl@wip.tu-berlin.de>
California,Power_General,2029,735.9170490347523,,PJ,FEL 2026 Base (NA_inputs/base_fel_v260707_v2.xlsx),2026-05-28,Konstantin Loffler <kl@wip.tu-berlin.de>
California,Power_Hydrogen,2029,1.11671352,,PJ,FEL 2026 Base (NA_inputs/base_fel_v260707_v2.xlsx),2026-05-28,Konstantin Loffler <kl@wip.tu-berlin.de>
California,Power_BEVs,2030,48.64419027244665,,PJ,FEL 2026 Base (NA_inputs/base_fel_v260707_v2.xlsx),2026-05-28,Konstantin Loffler <kl@wip.tu-berlin.de>
California,Power_Buildings_Heat,2030,170.76477325085236,,PJ,FEL 2026 Base (NA_inputs/base_fel_v260707_v2.xlsx),2026-05-28,Konstantin Loffler <kl@wip.tu-berlin.de>
California,Power_DataCenter,2030,21.643679323249103,,PJ,FEL 2026 Base (NA_inputs/base_fel_v260707_v2.xlsx),2026-05-28,Konstantin Loffler <kl@wip.tu-berlin.de>
California,Power_General,2030,757.2695911597605,,PJ,FEL 2026 Base (NA_inputs/base_fel_v260707_v2.xlsx),2026-05-28,Konstantin Loffler <kl@wip.tu-berlin.de>
California,Power_Hydrogen,2030,0.8198611344,,PJ,FEL 2026 Base (NA_inputs/base_fel_v260707_v2.xlsx),2026-05-28,Konstantin Loffler <kl@wip.tu-berlin.de>
California,Power_BEVs,2031,58.15195310157016,,PJ,FEL 2026 Base (NA_inputs/base_fel_v260707_v2.xlsx),2026-05-28,Konstantin Loffler <kl@wip.tu-berlin.de>
California,Power_Buildings_Heat,2031,170.30309547906262,,PJ,FEL 2026 Base (NA_inputs/base_fel_v260707_v2.xlsx),2026-05-28,Konstantin Loffler <kl@wip.tu-berlin.de>
California,Power_DataCenter,2031,28.907194321698313,,PJ,FEL 2026 Base (NA_inputs/base_fel_v260707_v2.xlsx),2026-05-28,Konstantin Loffler <kl@wip.tu-berlin.de>
California,Power_General,2031,779.3922798218081,,PJ,FEL 2026 Base (NA_inputs/base_fel_v260707_v2.xlsx),2026-05-28,Konstantin Loffler <kl@wip.tu-berlin.de>
California,Power_Hydrogen,2031,0.7978081608,,PJ,FEL 2026 Base (NA_inputs/base_fel_v260707_v2.xlsx),2026-05-28,Konstantin Loffler <kl@wip.tu-berlin.de>
California,Power_BEVs,2032,68.76530817772411,,PJ,FEL 2026 Base (NA_inputs/base_fel_v260707_v2.xlsx),2026-05-28,Konstantin Loffler <kl@wip.tu-berlin.de>
California,Power_Buildings_Heat,2032,170.23698810484936,,PJ,FEL 2026 Base (NA_inputs/base_fel_v260707_v2.xlsx),2026-05-28,Konstantin Loffler <kl@wip.tu-berlin.de>
California,Power_DataCenter,2032,34.67252351166497,,PJ,FEL 2026 Base (NA_inputs/base_fel_v260707_v2.xlsx),2026-05-28,Konstantin Loffler <kl@wip.tu-berlin.de>
California,Power_General,2032,804.408131004102,,PJ,FEL 2026 Base (NA_inputs/base_fel_v260707_v2.xlsx),2026-05-28,Konstantin Loffler <kl@wip.tu-berlin.de>
California,Power_Hydrogen,2032,0.7935287148,,PJ,FEL 2026 Base (NA_inputs/base_fel_v260707_v2.xlsx),2026-05-28,Konstantin Loffler <kl@wip.tu-berlin.de>
California,Power_BEVs,2033,81.71140490917735,,PJ,FEL 2026 Base (NA_inputs/base_fel_v260707_v2.xlsx),2026-05-28,Konstantin Loffler <kl@wip.tu-berlin.de>
California,Power_Buildings_Heat,2033,171.05874612377337,,PJ,FEL 2026 Base (NA_inputs/base_fel_v260707_v2.xlsx),2026-05-28,Konstantin Loffler <kl@wip.tu-berlin.de>
California,Power_DataCenter,2033,40.55461671244194,,PJ,FEL 2026 Base (NA_inputs/base_fel_v260707_v2.xlsx),2026-05-28,Konstantin Loffler <kl@wip.tu-berlin.de>
California,Power_General,2033,832.3743781346044,,PJ,FEL 2026 Base (NA_inputs/base_fel_v260707_v2.xlsx),2026-05-28,Konstantin Loffler <kl@wip.tu-berlin.de>
California,Power_Hydrogen,2033,0.807003648,,PJ,FEL 2026 Base (NA_inputs/base_fel_v260707_v2.xlsx),2026-05-28,Konstantin Loffler <kl@wip.tu-berlin.de>
California,Power_BEVs,2034,95.33515548858749,,PJ,FEL 2026 Base (NA_inputs/base_fel_v260707_v2.xlsx),2026-05-28,Konstantin Loffler <kl@wip.tu-berlin.de>
California,Power_Buildings_Heat,2034,171.6383468975699,,PJ,FEL 2026 Base (NA_inputs/base_fel_v260707_v2.xlsx),2026-05-28,Konstantin Loffler <kl@wip.tu-berlin.de>
California,Power_DataCenter,2034,48.284316405840386,,PJ,FEL 2026 Base (NA_inputs/base_fel_v260707_v2.xlsx),2026-05-28,Konstantin Loffler <kl@wip.tu-berlin.de>
California,Power_General,2034,859.1959268772505,,PJ,FEL 2026 Base (NA_inputs/base_fel_v260707_v2.xlsx),2026-05-28,Konstantin Loffler <kl@wip.tu-berlin.de>
California,Power_Hydrogen,2034,0.82210405536,,PJ,FEL 2026 Base (NA_inputs/base_fel_v260707_v2.xlsx),2026-05-28,Konstantin Loffler <kl@wip.tu-berlin.de>
California,Power_BEVs,2035,110.59442698451204,,PJ,FEL 2026 Base (NA_inputs/base_fel_v260707_v2.xlsx),2026-05-28,Konstantin Loffler <kl@wip.tu-berlin.de>
California,Power_Buildings_Heat,2035,172.86533732639904,,PJ,FEL 2026 Base (NA_inputs/base_fel_v260707_v2.xlsx),2026-05-28,Konstantin Loffler <kl@wip.tu-berlin.de>
California,Power_DataCenter,2035,55.65114657716738,,PJ,FEL 2026 Base (NA_inputs/base_fel_v260707_v2.xlsx),2026-05-28,Konstantin Loffler <kl@wip.tu-berlin.de>
California,Power_General,2035,887.8501868335552,,PJ,FEL 2026 Base (NA_inputs/base_fel_v260707_v2.xlsx),2026-05-28,Konstantin Loffler <kl@wip.tu-berlin.de>
California,Power_Hydrogen,2035,0.8358222816,,PJ,FEL 2026 Base (NA_inputs/base_fel_v260707_v2.xlsx),2026-05-28,Konstantin Loffler <kl@wip.tu-berlin.de>
California,Power_BEVs,2036,127.96239473700084,,PJ,FEL 2026 Base (NA_inputs/base_fel_v260707_v2.xlsx),2026-05-28,Konstantin Loffler <kl@wip.tu-berlin.de>
California,Power_Buildings_Heat,2036,171.94547253006485,,PJ,FEL 2026 Base (NA_inputs/base_fel_v260707_v2.xlsx),2026-05-28,Konstantin Loffler <kl@wip.tu-berlin.de>
California,Power_DataCenter,2036,61.999046593332196,,PJ,FEL 2026 Base (NA_inputs/base_fel_v260707_v2.xlsx),2026-05-28,Konstantin Loffler <kl@wip.tu-berlin.de>
California,Power_General,2036,905.6059088432974,,PJ,FEL 2026 Base (NA_inputs/base_fel_v260707_v2.xlsx),2026-05-28,Konstantin Loffler <kl@wip.tu-berlin.de>
California,Power_Hydrogen,2036,0.8407319241600001,,PJ,FEL 2026 Base (NA_inputs/base_fel_v260707_v2.xlsx),2026-05-28,Konstantin Loffler <kl@wip.tu-berlin.de>
California,Power_BEVs,2037,145.90736903100156,,PJ,FEL 2026 Base (NA_inputs/base_fel_v260707_v2.xlsx),2026-05-28,Konstantin Loffler <kl@wip.tu-berlin.de>
California,Power_Buildings_Heat,2037,171.3618518998476,,PJ,FEL 2026 Base (NA_inputs/base_fel_v260707_v2.xlsx),2026-05-28,Konstantin Loffler <kl@wip.tu-berlin.de>
California,Power_DataCenter,2037,68.26980730591494,,PJ,FEL 2026 Base (NA_inputs/base_fel_v260707_v2.xlsx),2026-05-28,Konstantin Loffler <kl@wip.tu-berlin.de>
California,Power_General,2037,923.8266074027176,,PJ,FEL 2026 Base (NA_inputs/base_fel_v260707_v2.xlsx),2026-05-28,Konstantin Loffler <kl@wip.tu-berlin.de>
California,Power_Hydrogen,2037,0.84717952704,,PJ,FEL 2026 Base (NA_inputs/base_fel_v260707_v2.xlsx),2026-05-28,Konstantin Loffler <kl@wip.tu-berlin.de>
California,Power_BEVs,2038,161.98903232369716,,PJ,FEL 2026 Base (NA_inputs/base_fel_v260707_v2.xlsx),2026-05-28,Konstantin Loffler <kl@wip.tu-berlin.de>
California,Power_Buildings_Heat,2038,170.86941406555988,,PJ,FEL 2026 Base (NA_inputs/base_fel_v260707_v2.xlsx),2026-05-28,Konstantin Loffler <kl@wip.tu-berlin.de>
California,Power_DataCenter,2038,74.29586663860046,,PJ,FEL 2026 Base (NA_inputs/base_fel_v260707_v2.xlsx),2026-05-28,Konstantin Loffler <kl@wip.tu-berlin.de>
California,Power_General,2038,941.7505930310363,,PJ,FEL 2026 Base (NA_inputs/base_fel_v260707_v2.xlsx),2026-05-28,Konstantin Loffler <kl@wip.tu-berlin.de>
California,Power_Hydrogen,2038,0.85152722256,,PJ,FEL 2026 Base (NA_inputs/base_fel_v260707_v2.xlsx),2026-05-28,Konstantin Loffler <kl@wip.tu-berlin.de>
California,Power_BEVs,2039,177.17667045390448,,PJ,FEL 2026 Base (NA_inputs/base_fel_v260707_v2.xlsx),2026-05-28,Konstantin Loffler <kl@wip.tu-berlin.de>
California,Power_Buildings_Heat,2039,172.4819755185132,,PJ,FEL 2026 Base (NA_inputs/base_fel_v260707_v2.xlsx),2026-05-28,Konstantin Loffler <kl@wip.tu-berlin.de>
California,Power_DataCenter,2039,78.97157844975932,,PJ,FEL 2026 Base (NA_inputs/base_fel_v260707_v2.xlsx),2026-05-28,Konstantin Loffler <kl@wip.tu-berlin.de>
California,Power_General,2039,957.7217063309147,,PJ,FEL 2026 Base (NA_inputs/base_fel_v260707_v2.xlsx),2026-05-28,Konstantin Loffler <kl@wip.tu-berlin.de>
California,Power_Hydrogen,2039,0.85747203072,,PJ,FEL 2026 Base (NA_inputs/base_fel_v260707_v2.xlsx),2026-05-28,Konstantin Loffler <kl@wip.tu-berlin.de>
California,Power_BEVs,2040,192.15947465806386,,PJ,FEL 2026 Base (NA_inputs/base_fel_v260707_v2.xlsx),2026-05-28,Konstantin Loffler <kl@wip.tu-berlin.de>
California,Power_Buildings_Heat,2040,172.52231633811917,,PJ,FEL 2026 Base (NA_inputs/base_fel_v260707_v2.xlsx),2026-05-28,Konstantin Loffler <kl@wip.tu-berlin.de>
California,Power_DataCenter,2040,82.97683109325241,,PJ,FEL 2026 Base (NA_inputs/base_fel_v260707_v2.xlsx),2026-05-28,Konstantin Loffler <kl@wip.tu-berlin.de>
California,Power_General,2040,975.4116795963594,,PJ,FEL 2026 Base (NA_inputs/base_fel_v260707_v2.xlsx),2026-05-28,Konstantin Loffler <kl@wip.tu-berlin.de>
California,Power_Hydrogen,2040,0.8612577792,,PJ,FEL 2026 Base (NA_inputs/base_fel_v260707_v2.xlsx),2026-05-28,Konstantin Loffler <kl@wip.tu-berlin.de>
Canada,Power_BEVs,2025,11.457034838490767,,PJ,FEL 2026 Base (NA_inputs/base_fel_v260707_v2.xlsx),2026-05-28,Konstantin Loffler <kl@wip.tu-berlin.de>
Canada,Power_Buildings_Heat,2025,42.567174294193975,,PJ,FEL 2026 Base (NA_inputs/base_fel_v260707_v2.xlsx),2026-05-28,Konstantin Loffler <kl@wip.tu-berlin.de>
Canada,Power_DataCenter,2025,61.67669579762846,,PJ,FEL 2026 Base (NA_inputs/base_fel_v260707_v2.xlsx),2026-05-28,Konstantin Loffler <kl@wip.tu-berlin.de>
Canada,Power_General,2025,1847.120860536062,,PJ,FEL 2026 Base (NA_inputs/base_fel_v260707_v2.xlsx),2026-05-28,Konstantin Loffler <kl@wip.tu-berlin.de>
Canada,Power_Hydrogen,2025,0.0,,PJ,FEL 2026 Base (NA_inputs/base_fel_v260707_v2.xlsx),2026-05-28,Konstantin Loffler <kl@wip.tu-berlin.de>
Canada,Power_BEVs,2026,15.79975439342955,,PJ,FEL 2026 Base (NA_inputs/base_fel_v260707_v2.xlsx),2026-05-28,Konstantin Loffler <kl@wip.tu-berlin.de>
Canada,Power_Buildings_Heat,2026,45.94545533763379,,PJ,FEL 2026 Base (NA_inputs/base_fel_v260707_v2.xlsx),2026-05-28,Konstantin Loffler <kl@wip.tu-berlin.de>
Canada,Power_DataCenter,2026,85.55409921217954,,PJ,FEL 2026 Base (NA_inputs/base_fel_v260707_v2.xlsx),2026-05-28,Konstantin Loffler <kl@wip.tu-berlin.de>
Canada,Power_General,2026,1826.6483321724866,,PJ,FEL 2026 Base (NA_inputs/base_fel_v260707_v2.xlsx),2026-05-28,Konstantin Loffler <kl@wip.tu-berlin.de>
Canada,Power_Hydrogen,2026,1.198368,,PJ,FEL 2026 Base (NA_inputs/base_fel_v260707_v2.xlsx),2026-05-28,Konstantin Loffler <kl@wip.tu-berlin.de>
Canada,Power_BEVs,2027,21.648129589222698,,PJ,FEL 2026 Base (NA_inputs/base_fel_v260707_v2.xlsx),2026-05-28,Konstantin Loffler <kl@wip.tu-berlin.de>
Canada,Power_Buildings_Heat,2027,49.03459358177231,,PJ,FEL 2026 Base (NA_inputs/base_fel_v260707_v2.xlsx),2026-05-28,Konstantin Loffler <kl@wip.tu-berlin.de>
Canada,Power_DataCenter,2027,93.7702932013665,,PJ,FEL 2026 Base (NA_inputs/base_fel_v260707_v2.xlsx),2026-05-28,Konstantin Loffler <kl@wip.tu-berlin.de>
Canada,Power_General,2027,1810.0493485022605,,PJ,FEL 2026 Base (NA_inputs/base_fel_v260707_v2.xlsx),2026-05-28,Konstantin Loffler <kl@wip.tu-berlin.de>
Canada,Power_Hydrogen,2027,2.459808,,PJ,FEL 2026 Base (NA_inputs/base_fel_v260707_v2.xlsx),2026-05-28,Konstantin Loffler <kl@wip.tu-berlin.de>
Canada,Power_BEVs,2028,29.089340015671457,,PJ,FEL 2026 Base (NA_inputs/base_fel_v260707_v2.xlsx),2026-05-28,Konstantin Loffler <kl@wip.tu-berlin.de>
Canada,Power_Buildings_Heat,2028,52.66733608841827,,PJ,FEL 2026 Base (NA_inputs/base_fel_v260707_v2.xlsx),2026-05-28,Konstantin Loffler <kl@wip.tu-berlin.de>
Canada,Power_DataCenter,2028,95.18002069846173,,PJ,FEL 2026 Base (NA_inputs/base_fel_v260707_v2.xlsx),2026-05-28,Konstantin Loffler <kl@wip.tu-berlin.de>
Canada,Power_General,2028,1796.4213040526815,,PJ,FEL 2026 Base (NA_inputs/base_fel_v260707_v2.xlsx),2026-05-28,Konstantin Loffler <kl@wip.tu-berlin.de>
Canada,Power_Hydrogen,2028,4.919616,,PJ,FEL 2026 Base (NA_inputs/base_fel_v260707_v2.xlsx),2026-05-28,Konstantin Loffler <kl@wip.tu-berlin.de>
Canada,Power_BEVs,2029,38.65079535253062,,PJ,FEL 2026 Base (NA_inputs/base_fel_v260707_v2.xlsx),2026-05-28,Konstantin Loffler <kl@wip.tu-berlin.de>
Canada,Power_Buildings_Heat,2029,57.313334798840515,,PJ,FEL 2026 Base (NA_inputs/base_fel_v260707_v2.xlsx),2026-05-28,Konstantin Loffler <kl@wip.tu-berlin.de>
Canada,Power_DataCenter,2029,127.124797803073,,PJ,FEL 2026 Base (NA_inputs/base_fel_v260707_v2.xlsx),2026-05-28,Konstantin Loffler <kl@wip.tu-berlin.de>
Canada,Power_General,2029,1808.3858678868403,,PJ,FEL 2026 Base (NA_inputs/base_fel_v260707_v2.xlsx),2026-05-28,Konstantin Loffler <kl@wip.tu-berlin.de>
Canada,Power_Hydrogen,2029,8.609328,,PJ,FEL 2026 Base (NA_inputs/base_fel_v260707_v2.xlsx),2026-05-28,Konstantin Loffler <kl@wip.tu-berlin.de>
Canada,Power_BEVs,2030,50.65720093426798,,PJ,FEL 2026 Base (NA_inputs/base_fel_v260707_v2.xlsx),2026-05-28,Konstantin Loffler <kl@wip.tu-berlin.de>
Canada,Power_Buildings_Heat,2030,62.41683741450039,,PJ,FEL 2026 Base (NA_inputs/base_fel_v260707_v2.xlsx),2026-05-28,Konstantin Loffler <kl@wip.tu-berlin.de>
Canada,Power_DataCenter,2030,165.9632179652676,,PJ,FEL 2026 Base (NA_inputs/base_fel_v260707_v2.xlsx),2026-05-28,Konstantin Loffler <kl@wip.tu-berlin.de>
Canada,Power_General,2030,1824.68708877847,,PJ,FEL 2026 Base (NA_inputs/base_fel_v260707_v2.xlsx),2026-05-28,Konstantin Loffler <kl@wip.tu-berlin.de>
Canada,Power_Hydrogen,2030,9.14544,,PJ,FEL 2026 Base (NA_inputs/base_fel_v260707_v2.xlsx),2026-05-28,Konstantin Loffler <kl@wip.tu-berlin.de>
Canada,Power_BEVs,2031,63.96383669633378,,PJ,FEL 2026 Base (NA_inputs/base_fel_v260707_v2.xlsx),2026-05-28,Konstantin Loffler <kl@wip.tu-berlin.de>
Canada,Power_Buildings_Heat,2031,67.82896012233306,,PJ,FEL 2026 Base (NA_inputs/base_fel_v260707_v2.xlsx),2026-05-28,Konstantin Loffler <kl@wip.tu-berlin.de>
Canada,Power_DataCenter,2031,226.44264273867947,,PJ,FEL 2026 Base (NA_inputs/base_fel_v260707_v2.xlsx),2026-05-28,Konstantin Loffler <kl@wip.tu-berlin.de>
Canada,Power_General,2031,1838.4858821505063,,PJ,FEL 2026 Base (NA_inputs/base_fel_v260707_v2.xlsx),2026-05-28,Konstantin Loffler <kl@wip.tu-berlin.de>
Canada,Power_Hydrogen,2031,10.785312,,PJ,FEL 2026 Base (NA_inputs/base_fel_v260707_v2.xlsx),2026-05-28,Konstantin Loffler <kl@wip.tu-berlin.de>
Canada,Power_BEVs,2032,78.55758582355438,,PJ,FEL 2026 Base (NA_inputs/base_fel_v260707_v2.xlsx),2026-05-28,Konstantin Loffler <kl@wip.tu-berlin.de>
Canada,Power_Buildings_Heat,2032,73.28113075078033,,PJ,FEL 2026 Base (NA_inputs/base_fel_v260707_v2.xlsx),2026-05-28,Konstantin Loffler <kl@wip.tu-berlin.de>
Canada,Power_DataCenter,2032,293.19470815761775,,PJ,FEL 2026 Base (NA_inputs/base_fel_v260707_v2.xlsx),2026-05-28,Konstantin Loffler <kl@wip.tu-berlin.de>
Canada,Power_General,2032,1848.334620668217,,PJ,FEL 2026 Base (NA_inputs/base_fel_v260707_v2.xlsx),2026-05-28,Konstantin Loffler <kl@wip.tu-berlin.de>
Canada,Power_Hydrogen,2032,12.582864,,PJ,FEL 2026 Base (NA_inputs/base_fel_v260707_v2.xlsx),2026-05-28,Konstantin Loffler <kl@wip.tu-berlin.de>
Canada,Power_BEVs,2033,95.20807308547674,,PJ,FEL 2026 Base (NA_inputs/base_fel_v260707_v2.xlsx),2026-05-28,Konstantin Loffler <kl@wip.tu-berlin.de>
Canada,Power_Buildings_Heat,2033,78.81219228643305,,PJ,FEL 2026 Base (NA_inputs/base_fel_v260707_v2.xlsx),2026-05-28,Konstantin Loffler <kl@wip.tu-berlin.de>
Canada,Power_DataCenter,2033,366.9515529342084,,PJ,FEL 2026 Base (NA_inputs/base_fel_v260707_v2.xlsx),2026-05-28,Konstantin Loffler <kl@wip.tu-berlin.de>
Canada,Power_General,2033,1853.872328714338,,PJ,FEL 2026 Base (NA_inputs/base_fel_v260707_v2.xlsx),2026-05-28,Konstantin Loffler <kl@wip.tu-berlin.de>
Canada,Power_Hydrogen,2033,14.632704,,PJ,FEL 2026 Base (NA_inputs/base_fel_v260707_v2.xlsx),2026-05-28,Konstantin Loffler <kl@wip.tu-berlin.de>
Canada,Power_BEVs,2034,112.10411256693116,,PJ,FEL 2026 Base (NA_inputs/base_fel_v260707_v2.xlsx),2026-05-28,Konstantin Loffler <kl@wip.tu-berlin.de>
Canada,Power_Buildings_Heat,2034,84.5889392213735,,PJ,FEL 2026 Base (NA_inputs/base_fel_v260707_v2.xlsx),2026-05-28,Konstantin Loffler <kl@wip.tu-berlin.de>
Canada,Power_DataCenter,2034,424.3150360231049,,PJ,FEL 2026 Base (NA_inputs/base_fel_v260707_v2.xlsx),2026-05-28,Konstantin Loffler <kl@wip.tu-berlin.de>
Canada,Power_General,2034,1855.979435436999,,PJ,FEL 2026 Base (NA_inputs/base_fel_v260707_v2.xlsx),2026-05-28,Konstantin Loffler <kl@wip.tu-berlin.de>
Canada,Power_Hydrogen,2034,16.745616000000002,,PJ,FEL 2026 Base (NA_inputs/base_fel_v260707_v2.xlsx),2026-05-28,Konstantin Loffler <kl@wip.tu-berlin.de>
Canada,Power_BEVs,2035,131.56266772640146,,PJ,FEL 2026 Base (NA_inputs/base_fel_v260707_v2.xlsx),2026-05-28,Konstantin Loffler <kl@wip.tu-berlin.de>
Canada,Power_Buildings_Heat,2035,90.52460175504264,,PJ,FEL 2026 Base (NA_inputs/base_fel_v260707_v2.xlsx),2026-05-28,Konstantin Loffler <kl@wip.tu-berlin.de>
Canada,Power_DataCenter,2035,499.507539858157,,PJ,FEL 2026 Base (NA_inputs/base_fel_v260707_v2.xlsx),2026-05-28,Konstantin Loffler <kl@wip.tu-berlin.de>
Canada,Power_General,2035,1857.5528012841394,,PJ,FEL 2026 Base (NA_inputs/base_fel_v260707_v2.xlsx),2026-05-28,Konstantin Loffler <kl@wip.tu-berlin.de>
Canada,Power_Hydrogen,2035,18.9216,,PJ,FEL 2026 Base (NA_inputs/base_fel_v260707_v2.xlsx),2026-05-28,Konstantin Loffler <kl@wip.tu-berlin.de>
Canada,Power_BEVs,2036,149.5785383041242,,PJ,FEL 2026 Base (NA_inputs/base_fel_v260707_v2.xlsx),2026-05-28,Konstantin Loffler <kl@wip.tu-berlin.de>
Canada,Power_Buildings_Heat,2036,96.61560835516711,,PJ,FEL 2026 Base (NA_inputs/base_fel_v260707_v2.xlsx),2026-05-28,Konstantin Loffler <kl@wip.tu-berlin.de>
Canada,Power_DataCenter,2036,564.7900702928912,,PJ,FEL 2026 Base (NA_inputs/base_fel_v260707_v2.xlsx),2026-05-28,Konstantin Loffler <kl@wip.tu-berlin.de>
Canada,Power_General,2036,1859.028289567023,,PJ,FEL 2026 Base (NA_inputs/base_fel_v260707_v2.xlsx),2026-05-28,Konstantin Loffler <kl@wip.tu-berlin.de>
Canada,Power_Hydrogen,2036,21.160656,,PJ,FEL 2026 Base (NA_inputs/base_fel_v260707_v2.xlsx),2026-05-28,Konstantin Loffler <kl@wip.tu-berlin.de>
Canada,Power_BEVs,2037,167.2009555197452,,PJ,FEL 2026 Base (NA_inputs/base_fel_v260707_v2.xlsx),2026-05-28,Konstantin Loffler <kl@wip.tu-berlin.de>
Canada,Power_Buildings_Heat,2037,102.86496280513931,,PJ,FEL 2026 Base (NA_inputs/base_fel_v260707_v2.xlsx),2026-05-28,Konstantin Loffler <kl@wip.tu-berlin.de>
Canada,Power_DataCenter,2037,640.2061561496479,,PJ,FEL 2026 Base (NA_inputs/base_fel_v260707_v2.xlsx),2026-05-28,Konstantin Loffler <kl@wip.tu-berlin.de>
Canada,Power_General,2037,1859.99221949076,,PJ,FEL 2026 Base (NA_inputs/base_fel_v260707_v2.xlsx),2026-05-28,Konstantin Loffler <kl@wip.tu-berlin.de>
Canada,Power_Hydrogen,2037,23.462784,,PJ,FEL 2026 Base (NA_inputs/base_fel_v260707_v2.xlsx),2026-05-28,Konstantin Loffler <kl@wip.tu-berlin.de>
Canada,Power_BEVs,2038,184.52595036481526,,PJ,FEL 2026 Base (NA_inputs/base_fel_v260707_v2.xlsx),2026-05-28,Konstantin Loffler <kl@wip.tu-berlin.de>
Canada,Power_Buildings_Heat,2038,109.27257578884013,,PJ,FEL 2026 Base (NA_inputs/base_fel_v260707_v2.xlsx),2026-05-28,Konstantin Loffler <kl@wip.tu-berlin.de>
Canada,Power_DataCenter,2038,716.6222336757359,,PJ,FEL 2026 Base (NA_inputs/base_fel_v260707_v2.xlsx),2026-05-28,Konstantin Loffler <kl@wip.tu-berlin.de>
Canada,Power_General,2038,1861.562669988143,,PJ,FEL 2026 Base (NA_inputs/base_fel_v260707_v2.xlsx),2026-05-28,Konstantin Loffler <kl@wip.tu-berlin.de>
Canada,Power_Hydrogen,2038,25.827984,,PJ,FEL 2026 Base (NA_inputs/base_fel_v260707_v2.xlsx),2026-05-28,Konstantin Loffler <kl@wip.tu-berlin.de>
Canada,Power_BEVs,2039,199.3828051136782,,PJ,FEL 2026 Base (NA_inputs/base_fel_v260707_v2.xlsx),2026-05-28,Konstantin Loffler <kl@wip.tu-berlin.de>
Canada,Power_Buildings_Heat,2039,115.83835841432986,,PJ,FEL 2026 Base (NA_inputs/base_fel_v260707_v2.xlsx),2026-05-28,Konstantin Loffler <kl@wip.tu-berlin.de>
Canada,Power_DataCenter,2039,772.301374210382,,PJ,FEL 2026 Base (NA_inputs/base_fel_v260707_v2.xlsx),2026-05-28,Konstantin Loffler <kl@wip.tu-berlin.de>
Canada,Power_General,2039,1867.131031578157,,PJ,FEL 2026 Base (NA_inputs/base_fel_v260707_v2.xlsx),2026-05-28,Konstantin Loffler <kl@wip.tu-berlin.de>
Canada,Power_Hydrogen,2039,28.256256,,PJ,FEL 2026 Base (NA_inputs/base_fel_v260707_v2.xlsx),2026-05-28,Konstantin Loffler <kl@wip.tu-berlin.de>
Canada,Power_BEVs,2040,220.4971019452995,,PJ,FEL 2026 Base (NA_inputs/base_fel_v260707_v2.xlsx),2026-05-28,Konstantin Loffler <kl@wip.tu-berlin.de>
Canada,Power_Buildings_Heat,2040,122.56222221635596,,PJ,FEL 2026 Base (NA_inputs/base_fel_v260707_v2.xlsx),2026-05-28,Konstantin Loffler <kl@wip.tu-berlin.de>
Canada,Power_DataCenter,2040,833.702756230098,,PJ,FEL 2026 Base (NA_inputs/base_fel_v260707_v2.xlsx),2026-05-28,Konstantin Loffler <kl@wip.tu-berlin.de>
Canada,Power_General,2040,1868.6351642553216,,PJ,FEL 2026 Base (NA_inputs/base_fel_v260707_v2.xlsx),2026-05-28,Konstantin Loffler <kl@wip.tu-berlin.de>
Canada,Power_Hydrogen,2040,30.747600000000002,,PJ,FEL 2026 Base (NA_inputs/base_fel_v260707_v2.xlsx),2026-05-28,Konstantin Loffler <kl@wip.tu-berlin.de>
ERCOT,Power_BEVs,2025,0.0,,PJ,FEL 2026 Base (NA_inputs/base_fel_v260707_v2.xlsx),2026-05-28,Konstantin Loffler <kl@wip.tu-berlin.de>
ERCOT,Power_Buildings_Heat,2025,295.9288448761302,,PJ,FEL 2026 Base (NA_inputs/base_fel_v260707_v2.xlsx),2026-05-28,Konstantin Loffler <kl@wip.tu-berlin.de>
ERCOT,Power_DataCenter,2025,56.0347053336,,PJ,FEL 2026 Base (NA_inputs/base_fel_v260707_v2.xlsx),2026-05-28,Konstantin Loffler <kl@wip.tu-berlin.de>
ERCOT,Power_General,2025,1457.289821297837,,PJ,FEL 2026 Base (NA_inputs/base_fel_v260707_v2.xlsx),2026-05-28,Konstantin Loffler <kl@wip.tu-berlin.de>
ERCOT,Power_Hydrogen,2025,1.0352648592,,PJ,FEL 2026 Base (NA_inputs/base_fel_v260707_v2.xlsx),2026-05-28,Konstantin Loffler <kl@wip.tu-berlin.de>
ERCOT,Power_BEVs,2026,8.350997674257117,,PJ,FEL 2026 Base (NA_inputs/base_fel_v260707_v2.xlsx),2026-05-28,Konstantin Loffler <kl@wip.tu-berlin.de>
ERCOT,Power_Buildings_Heat,2026,304.693783630621,,PJ,FEL 2026 Base (NA_inputs/base_fel_v260707_v2.xlsx),2026-05-28,Konstantin Loffler <kl@wip.tu-berlin.de>
ERCOT,Power_DataCenter,2026,113.58237623607674,,PJ,FEL 2026 Base (NA_inputs/base_fel_v260707_v2.xlsx),2026-05-28,Konstantin Loffler <kl@wip.tu-berlin.de>
ERCOT,Power_General,2026,1453.5140151956766,,PJ,FEL 2026 Base (NA_inputs/base_fel_v260707_v2.xlsx),2026-05-28,Konstantin Loffler <kl@wip.tu-berlin.de>
ERCOT,Power_Hydrogen,2026,2.63537260128,,PJ,FEL 2026 Base (NA_inputs/base_fel_v260707_v2.xlsx),2026-05-28,Konstantin Loffler <kl@wip.tu-berlin.de>
ERCOT,Power_BEVs,2027,7.305220708198518,,PJ,FEL 2026 Base (NA_inputs/base_fel_v260707_v2.xlsx),2026-05-28,Konstantin Loffler <kl@wip.tu-berlin.de>
ERCOT,Power_Buildings_Heat,2027,323.00028076769996,,PJ,FEL 2026 Base (NA_inputs/base_fel_v260707_v2.xlsx),2026-05-28,Konstantin Loffler <kl@wip.tu-berlin.de>
ERCOT,Power_DataCenter,2027,241.90684921167852,,PJ,FEL 2026 Base (NA_inputs/base_fel_v260707_v2.xlsx),2026-05-28,Konstantin Loffler <kl@wip.tu-berlin.de>
ERCOT,Power_General,2027,1494.6646086353276,,PJ,FEL 2026 Base (NA_inputs/base_fel_v260707_v2.xlsx),2026-05-28,Konstantin Loffler <kl@wip.tu-berlin.de>
ERCOT,Power_Hydrogen,2027,4.32316023984,,PJ,FEL 2026 Base (NA_inputs/base_fel_v260707_v2.xlsx),2026-05-28,Konstantin Loffler <kl@wip.tu-berlin.de>
ERCOT,Power_BEVs,2028,15.037995225090732,,PJ,FEL 2026 Base (NA_inputs/base_fel_v260707_v2.xlsx),2026-05-28,Konstantin Loffler <kl@wip.tu-berlin.de>
ERCOT,Power_Buildings_Heat,2028,334.15714595931667,,PJ,FEL 2026 Base (NA_inputs/base_fel_v260707_v2.xlsx),2026-05-28,Konstantin Loffler <kl@wip.tu-berlin.de>
ERCOT,Power_DataCenter,2028,316.5426163149554,,PJ,FEL 2026 Base (NA_inputs/base_fel_v260707_v2.xlsx),2026-05-28,Konstantin Loffler <kl@wip.tu-berlin.de>
ERCOT,Power_General,2028,1502.3368250014473,,PJ,FEL 2026 Base (NA_inputs/base_fel_v260707_v2.xlsx),2026-05-28,Konstantin Loffler <kl@wip.tu-berlin.de>
ERCOT,Power_Hydrogen,2028,4.993145726400001,,PJ,FEL 2026 Base (NA_inputs/base_fel_v260707_v2.xlsx),2026-05-28,Konstantin Loffler <kl@wip.tu-berlin.de>
ERCOT,Power_BEVs,2029,21.20818601836767,,PJ,FEL 2026 Base (NA_inputs/base_fel_v260707_v2.xlsx),2026-05-28,Konstantin Loffler <kl@wip.tu-berlin.de>
ERCOT,Power_Buildings_Heat,2029,340.80793430727726,,PJ,FEL 2026 Base (NA_inputs/base_fel_v260707_v2.xlsx),2026-05-28,Konstantin Loffler <kl@wip.tu-berlin.de>
ERCOT,Power_DataCenter,2029,465.3913854836095,,PJ,FEL 2026 Base (NA_inputs/base_fel_v260707_v2.xlsx),2026-05-28,Konstantin Loffler <kl@wip.tu-berlin.de>
ERCOT,Power_General,2029,1499.076698077754,,PJ,FEL 2026 Base (NA_inputs/base_fel_v260707_v2.xlsx),2026-05-28,Konstantin Loffler <kl@wip.tu-berlin.de>
ERCOT,Power_Hydrogen,2029,5.05824696,,PJ,FEL 2026 Base (NA_inputs/base_fel_v260707_v2.xlsx),2026-05-28,Konstantin Loffler <kl@wip.tu-berlin.de>
ERCOT,Power_BEVs,2030,20.930221763732817,,PJ,FEL 2026 Base (NA_inputs/base_fel_v260707_v2.xlsx),2026-05-28,Konstantin Loffler <kl@wip.tu-berlin.de>
ERCOT,Power_Buildings_Heat,2030,345.16359834503936,,PJ,FEL 2026 Base (NA_inputs/base_fel_v260707_v2.xlsx),2026-05-28,Konstantin Loffler <kl@wip.tu-berlin.de>
ERCOT,Power_DataCenter,2030,628.5943762429507,,PJ,FEL 2026 Base (NA_inputs/base_fel_v260707_v2.xlsx),2026-05-28,Konstantin Loffler <kl@wip.tu-berlin.de>
ERCOT,Power_General,2030,1480.9352393847375,,PJ,FEL 2026 Base (NA_inputs/base_fel_v260707_v2.xlsx),2026-05-28,Konstantin Loffler <kl@wip.tu-berlin.de>
ERCOT,Power_Hydrogen,2030,3.7876253184000004,,PJ,FEL 2026 Base (NA_inputs/base_fel_v260707_v2.xlsx),2026-05-28,Konstantin Loffler <kl@wip.tu-berlin.de>
ERCOT,Power_BEVs,2031,30.24639831007211,,PJ,FEL 2026 Base (NA_inputs/base_fel_v260707_v2.xlsx),2026-05-28,Konstantin Loffler <kl@wip.tu-berlin.de>
ERCOT,Power_Buildings_Heat,2031,347.3072241559605,,PJ,FEL 2026 Base (NA_inputs/base_fel_v260707_v2.xlsx),2026-05-28,Konstantin Loffler <kl@wip.tu-berlin.de>
ERCOT,Power_DataCenter,2031,762.7215067598466,,PJ,FEL 2026 Base (NA_inputs/base_fel_v260707_v2.xlsx),2026-05-28,Konstantin Loffler <kl@wip.tu-berlin.de>
ERCOT,Power_General,2031,1540.1644251772457,,PJ,FEL 2026 Base (NA_inputs/base_fel_v260707_v2.xlsx),2026-05-28,Konstantin Loffler <kl@wip.tu-berlin.de>
ERCOT,Power_Hydrogen,2031,3.7192504104,,PJ,FEL 2026 Base (NA_inputs/base_fel_v260707_v2.xlsx),2026-05-28,Konstantin Loffler <kl@wip.tu-berlin.de>
ERCOT,Power_BEVs,2032,38.41382837803447,,PJ,FEL 2026 Base (NA_inputs/base_fel_v260707_v2.xlsx),2026-05-28,Konstantin Loffler <kl@wip.tu-berlin.de>
ERCOT,Power_Buildings_Heat,2032,349.3477677736951,,PJ,FEL 2026 Base (NA_inputs/base_fel_v260707_v2.xlsx),2026-05-28,Konstantin Loffler <kl@wip.tu-berlin.de>
ERCOT,Power_DataCenter,2032,881.0457251962482,,PJ,FEL 2026 Base (NA_inputs/base_fel_v260707_v2.xlsx),2026-05-28,Konstantin Loffler <kl@wip.tu-berlin.de>
ERCOT,Power_General,2032,1602.3689892878037,,PJ,FEL 2026 Base (NA_inputs/base_fel_v260707_v2.xlsx),2026-05-28,Konstantin Loffler <kl@wip.tu-berlin.de>
ERCOT,Power_Hydrogen,2032,3.7230782112,,PJ,FEL 2026 Base (NA_inputs/base_fel_v260707_v2.xlsx),2026-05-28,Konstantin Loffler <kl@wip.tu-berlin.de>
ERCOT,Power_BEVs,2033,49.12823079404698,,PJ,FEL 2026 Base (NA_inputs/base_fel_v260707_v2.xlsx),2026-05-28,Konstantin Loffler <kl@wip.tu-berlin.de>
ERCOT,Power_Buildings_Heat,2033,349.63776377809467,,PJ,FEL 2026 Base (NA_inputs/base_fel_v260707_v2.xlsx),2026-05-28,Konstantin Loffler <kl@wip.tu-berlin.de>
ERCOT,Power_DataCenter,2033,978.2923617654167,,PJ,FEL 2026 Base (NA_inputs/base_fel_v260707_v2.xlsx),2026-05-28,Konstantin Loffler <kl@wip.tu-berlin.de>
ERCOT,Power_General,2033,1653.825764575156,,PJ,FEL 2026 Base (NA_inputs/base_fel_v260707_v2.xlsx),2026-05-28,Konstantin Loffler <kl@wip.tu-berlin.de>
ERCOT,Power_Hydrogen,2033,3.7712687616000005,,PJ,FEL 2026 Base (NA_inputs/base_fel_v260707_v2.xlsx),2026-05-28,Konstantin Loffler <kl@wip.tu-berlin.de>
ERCOT,Power_BEVs,2034,73.94420957598865,,PJ,FEL 2026 Base (NA_inputs/base_fel_v260707_v2.xlsx),2026-05-28,Konstantin Loffler <kl@wip.tu-berlin.de>
ERCOT,Power_Buildings_Heat,2034,349.3077223492159,,PJ,FEL 2026 Base (NA_inputs/base_fel_v260707_v2.xlsx),2026-05-28,Konstantin Loffler <kl@wip.tu-berlin.de>
ERCOT,Power_DataCenter,2034,1140.686170531471,,PJ,FEL 2026 Base (NA_inputs/base_fel_v260707_v2.xlsx),2026-05-28,Konstantin Loffler <kl@wip.tu-berlin.de>
ERCOT,Power_General,2034,1701.526866081752,,PJ,FEL 2026 Base (NA_inputs/base_fel_v260707_v2.xlsx),2026-05-28,Konstantin Loffler <kl@wip.tu-berlin.de>
ERCOT,Power_Hydrogen,2034,3.82514864256,,PJ,FEL 2026 Base (NA_inputs/base_fel_v260707_v2.xlsx),2026-05-28,Konstantin Loffler <kl@wip.tu-berlin.de>
ERCOT,Power_BEVs,2035,92.486950903826,,PJ,FEL 2026 Base (NA_inputs/base_fel_v260707_v2.xlsx),2026-05-28,Konstantin Loffler <kl@wip.tu-berlin.de>
ERCOT,Power_Buildings_Heat,2035,349.7796131121543,,PJ,FEL 2026 Base (NA_inputs/base_fel_v260707_v2.xlsx),2026-05-28,Konstantin Loffler <kl@wip.tu-berlin.de>
ERCOT,Power_DataCenter,2035,1309.17736665464,,PJ,FEL 2026 Base (NA_inputs/base_fel_v260707_v2.xlsx),2026-05-28,Konstantin Loffler <kl@wip.tu-berlin.de>
ERCOT,Power_General,2035,1750.3926470180133,,PJ,FEL 2026 Base (NA_inputs/base_fel_v260707_v2.xlsx),2026-05-28,Konstantin Loffler <kl@wip.tu-berlin.de>
ERCOT,Power_Hydrogen,2035,3.8667208464,,PJ,FEL 2026 Base (NA_inputs/base_fel_v260707_v2.xlsx),2026-05-28,Konstantin Loffler <kl@wip.tu-berlin.de>
ERCOT,Power_BEVs,2036,110.72021564214575,,PJ,FEL 2026 Base (NA_inputs/base_fel_v260707_v2.xlsx),2026-05-28,Konstantin Loffler <kl@wip.tu-berlin.de>
ERCOT,Power_Buildings_Heat,2036,347.9992872490036,,PJ,FEL 2026 Base (NA_inputs/base_fel_v260707_v2.xlsx),2026-05-28,Konstantin Loffler <kl@wip.tu-berlin.de>
ERCOT,Power_DataCenter,2036,1458.5099058400817,,PJ,FEL 2026 Base (NA_inputs/base_fel_v260707_v2.xlsx),2026-05-28,Konstantin Loffler <kl@wip.tu-berlin.de>
ERCOT,Power_General,2036,1785.0737366615253,,PJ,FEL 2026 Base (NA_inputs/base_fel_v260707_v2.xlsx),2026-05-28,Konstantin Loffler <kl@wip.tu-berlin.de>
ERCOT,Power_Hydrogen,2036,3.8894340686400004,,PJ,FEL 2026 Base (NA_inputs/base_fel_v260707_v2.xlsx),2026-05-28,Konstantin Loffler <kl@wip.tu-berlin.de>
ERCOT,Power_BEVs,2037,129.2125739064876,,PJ,FEL 2026 Base (NA_inputs/base_fel_v260707_v2.xlsx),2026-05-28,Konstantin Loffler <kl@wip.tu-berlin.de>
ERCOT,Power_Buildings_Heat,2037,346.8741756859523,,PJ,FEL 2026 Base (NA_inputs/base_fel_v260707_v2.xlsx),2026-05-28,Konstantin Loffler <kl@wip.tu-berlin.de>
ERCOT,Power_DataCenter,2037,1606.0277648879073,,PJ,FEL 2026 Base (NA_inputs/base_fel_v260707_v2.xlsx),2026-05-28,Konstantin Loffler <kl@wip.tu-berlin.de>
ERCOT,Power_General,2037,1822.007439436145,,PJ,FEL 2026 Base (NA_inputs/base_fel_v260707_v2.xlsx),2026-05-28,Konstantin Loffler <kl@wip.tu-berlin.de>
ERCOT,Power_Hydrogen,2037,3.91926227616,,PJ,FEL 2026 Base (NA_inputs/base_fel_v260707_v2.xlsx),2026-05-28,Konstantin Loffler <kl@wip.tu-berlin.de>
ERCOT,Power_BEVs,2038,149.71718777560227,,PJ,FEL 2026 Base (NA_inputs/base_fel_v260707_v2.xlsx),2026-05-28,Konstantin Loffler <kl@wip.tu-berlin.de>
ERCOT,Power_Buildings_Heat,2038,345.9266567767543,,PJ,FEL 2026 Base (NA_inputs/base_fel_v260707_v2.xlsx),2026-05-28,Konstantin Loffler <kl@wip.tu-berlin.de>
ERCOT,Power_DataCenter,2038,1747.7890936959395,,PJ,FEL 2026 Base (NA_inputs/base_fel_v260707_v2.xlsx),2026-05-28,Konstantin Loffler <kl@wip.tu-berlin.de>
ERCOT,Power_General,2038,1858.3175462644665,,PJ,FEL 2026 Base (NA_inputs/base_fel_v260707_v2.xlsx),2026-05-28,Konstantin Loffler <kl@wip.tu-berlin.de>
ERCOT,Power_Hydrogen,2038,3.93937579224,,PJ,FEL 2026 Base (NA_inputs/base_fel_v260707_v2.xlsx),2026-05-28,Konstantin Loffler <kl@wip.tu-berlin.de>
ERCOT,Power_BEVs,2039,172.27042843714884,,PJ,FEL 2026 Base (NA_inputs/base_fel_v260707_v2.xlsx),2026-05-28,Konstantin Loffler <kl@wip.tu-berlin.de>
ERCOT,Power_Buildings_Heat,2039,349.08244198009686,,PJ,FEL 2026 Base (NA_inputs/base_fel_v260707_v2.xlsx),2026-05-28,Konstantin Loffler <kl@wip.tu-berlin.de>
ERCOT,Power_DataCenter,2039,1857.7838818119571,,PJ,FEL 2026 Base (NA_inputs/base_fel_v260707_v2.xlsx),2026-05-28,Konstantin Loffler <kl@wip.tu-berlin.de>
ERCOT,Power_General,2039,1891.1816271944674,,PJ,FEL 2026 Base (NA_inputs/base_fel_v260707_v2.xlsx),2026-05-28,Konstantin Loffler <kl@wip.tu-berlin.de>
ERCOT,Power_Hydrogen,2039,3.9668779468800004,,PJ,FEL 2026 Base (NA_inputs/base_fel_v260707_v2.xlsx),2026-05-28,Konstantin Loffler <kl@wip.tu-berlin.de>
ERCOT,Power_BEVs,2040,197.10302111202205,,PJ,FEL 2026 Base (NA_inputs/base_fel_v260707_v2.xlsx),2026-05-28,Konstantin Loffler <kl@wip.tu-berlin.de>
ERCOT,Power_Buildings_Heat,2040,349.17348261242716,,PJ,FEL 2026 Base (NA_inputs/base_fel_v260707_v2.xlsx),2026-05-28,Konstantin Loffler <kl@wip.tu-berlin.de>
ERCOT,Power_DataCenter,2040,1952.006309041267,,PJ,FEL 2026 Base (NA_inputs/base_fel_v260707_v2.xlsx),2026-05-28,Konstantin Loffler <kl@wip.tu-berlin.de>
ERCOT,Power_General,2040,1926.403438829934,,PJ,FEL 2026 Base (NA_inputs/base_fel_v260707_v2.xlsx),2026-05-28,Konstantin Loffler <kl@wip.tu-berlin.de>
ERCOT,Power_Hydrogen,2040,3.9843917568,,PJ,FEL 2026 Base (NA_inputs/base_fel_v260707_v2.xlsx),2026-05-28,Konstantin Loffler <kl@wip.tu-berlin.de>
MISO,Power_BEVs,2025,8.721339259145054,,PJ,FEL 2026 Base (NA_inputs/base_fel_v260707_v2.xlsx),2026-05-28,Konstantin Loffler <kl@wip.tu-berlin.de>
MISO,Power_Buildings_Heat,2025,361.31821432312006,,PJ,FEL 2026 Base (NA_inputs/base_fel_v260707_v2.xlsx),2026-05-28,Konstantin Loffler <kl@wip.tu-berlin.de>
MISO,Power_DataCenter,2025,51.202284560280006,,PJ,FEL 2026 Base (NA_inputs/base_fel_v260707_v2.xlsx),2026-05-28,Konstantin Loffler <kl@wip.tu-berlin.de>
MISO,Power_General,2025,1891.4980600746167,,PJ,FEL 2026 Base (NA_inputs/base_fel_v260707_v2.xlsx),2026-05-28,Konstantin Loffler <kl@wip.tu-berlin.de>
MISO,Power_Hydrogen,2025,1.4822188056,,PJ,FEL 2026 Base (NA_inputs/base_fel_v260707_v2.xlsx),2026-05-28,Konstantin Loffler <kl@wip.tu-berlin.de>
MISO,Power_BEVs,2026,8.369887996508742,,PJ,FEL 2026 Base (NA_inputs/base_fel_v260707_v2.xlsx),2026-05-28,Konstantin Loffler <kl@wip.tu-berlin.de>
MISO,Power_Buildings_Heat,2026,380.4773292737555,,PJ,FEL 2026 Base (NA_inputs/base_fel_v260707_v2.xlsx),2026-05-28,Konstantin Loffler <kl@wip.tu-berlin.de>
MISO,Power_DataCenter,2026,56.13498158877335,,PJ,FEL 2026 Base (NA_inputs/base_fel_v260707_v2.xlsx),2026-05-28,Konstantin Loffler <kl@wip.tu-berlin.de>
MISO,Power_General,2026,1980.0370372185334,,PJ,FEL 2026 Base (NA_inputs/base_fel_v260707_v2.xlsx),2026-05-28,Konstantin Loffler <kl@wip.tu-berlin.de>
MISO,Power_Hydrogen,2026,3.85136284896,,PJ,FEL 2026 Base (NA_inputs/base_fel_v260707_v2.xlsx),2026-05-28,Konstantin Loffler <kl@wip.tu-berlin.de>
MISO,Power_BEVs,2027,14.639916775831614,,PJ,FEL 2026 Base (NA_inputs/base_fel_v260707_v2.xlsx),2026-05-28,Konstantin Loffler <kl@wip.tu-berlin.de>
MISO,Power_Buildings_Heat,2027,370.27023442085334,,PJ,FEL 2026 Base (NA_inputs/base_fel_v260707_v2.xlsx),2026-05-28,Konstantin Loffler <kl@wip.tu-berlin.de>
MISO,Power_DataCenter,2027,66.07978219085948,,PJ,FEL 2026 Base (NA_inputs/base_fel_v260707_v2.xlsx),2026-05-28,Konstantin Loffler <kl@wip.tu-berlin.de>
MISO,Power_General,2027,1922.5392254112785,,PJ,FEL 2026 Base (NA_inputs/base_fel_v260707_v2.xlsx),2026-05-28,Konstantin Loffler <kl@wip.tu-berlin.de>
MISO,Power_Hydrogen,2027,5.7898707984,,PJ,FEL 2026 Base (NA_inputs/base_fel_v260707_v2.xlsx),2026-05-28,Konstantin Loffler <kl@wip.tu-berlin.de>
MISO,Power_BEVs,2028,15.073213811796533,,PJ,FEL 2026 Base (NA_inputs/base_fel_v260707_v2.xlsx),2026-05-28,Konstantin Loffler <kl@wip.tu-berlin.de>
MISO,Power_Buildings_Heat,2028,359.99358063527006,,PJ,FEL 2026 Base (NA_inputs/base_fel_v260707_v2.xlsx),2026-05-28,Konstantin Loffler <kl@wip.tu-berlin.de>
MISO,Power_DataCenter,2028,66.60619414723497,,PJ,FEL 2026 Base (NA_inputs/base_fel_v260707_v2.xlsx),2026-05-28,Konstantin Loffler <kl@wip.tu-berlin.de>
MISO,Power_General,2028,1871.9873347506748,,PJ,FEL 2026 Base (NA_inputs/base_fel_v260707_v2.xlsx),2026-05-28,Konstantin Loffler <kl@wip.tu-berlin.de>
MISO,Power_Hydrogen,2028,6.2796199752,,PJ,FEL 2026 Base (NA_inputs/base_fel_v260707_v2.xlsx),2026-05-28,Konstantin Loffler <kl@wip.tu-berlin.de>
MISO,Power_BEVs,2029,28.33614649315542,,PJ,FEL 2026 Base (NA_inputs/base_fel_v260707_v2.xlsx),2026-05-28,Konstantin Loffler <kl@wip.tu-berlin.de>
MISO,Power_Buildings_Heat,2029,357.6008469113707,,PJ,FEL 2026 Base (NA_inputs/base_fel_v260707_v2.xlsx),2026-05-28,Konstantin Loffler <kl@wip.tu-berlin.de>
MISO,Power_DataCenter,2029,88.43895559331129,,PJ,FEL 2026 Base (NA_inputs/base_fel_v260707_v2.xlsx),2026-05-28,Konstantin Loffler <kl@wip.tu-berlin.de>
MISO,Power_General,2029,1881.1040251513596,,PJ,FEL 2026 Base (NA_inputs/base_fel_v260707_v2.xlsx),2026-05-28,Konstantin Loffler <kl@wip.tu-berlin.de>
MISO,Power_Hydrogen,2029,6.19217352,,PJ,FEL 2026 Base (NA_inputs/base_fel_v260707_v2.xlsx),2026-05-28,Konstantin Loffler <kl@wip.tu-berlin.de>
MISO,Power_BEVs,2030,34.958757139381525,,PJ,FEL 2026 Base (NA_inputs/base_fel_v260707_v2.xlsx),2026-05-28,Konstantin Loffler <kl@wip.tu-berlin.de>
MISO,Power_Buildings_Heat,2030,354.5364314083606,,PJ,FEL 2026 Base (NA_inputs/base_fel_v260707_v2.xlsx),2026-05-28,Konstantin Loffler <kl@wip.tu-berlin.de>
MISO,Power_DataCenter,2030,125.79956586019051,,PJ,FEL 2026 Base (NA_inputs/base_fel_v260707_v2.xlsx),2026-05-28,Konstantin Loffler <kl@wip.tu-berlin.de>
MISO,Power_General,2030,1885.035371597016,,PJ,FEL 2026 Base (NA_inputs/base_fel_v260707_v2.xlsx),2026-05-28,Konstantin Loffler <kl@wip.tu-berlin.de>
MISO,Power_Hydrogen,2030,4.5375144408,,PJ,FEL 2026 Base (NA_inputs/base_fel_v260707_v2.xlsx),2026-05-28,Konstantin Loffler <kl@wip.tu-berlin.de>
MISO,Power_BEVs,2031,45.465252831788234,,PJ,FEL 2026 Base (NA_inputs/base_fel_v260707_v2.xlsx),2026-05-28,Konstantin Loffler <kl@wip.tu-berlin.de>
MISO,Power_Buildings_Heat,2031,353.05382194517,,PJ,FEL 2026 Base (NA_inputs/base_fel_v260707_v2.xlsx),2026-05-28,Konstantin Loffler <kl@wip.tu-berlin.de>
MISO,Power_DataCenter,2031,160.32318512863924,,PJ,FEL 2026 Base (NA_inputs/base_fel_v260707_v2.xlsx),2026-05-28,Konstantin Loffler <kl@wip.tu-berlin.de>
MISO,Power_General,2031,1955.6058082946959,,PJ,FEL 2026 Base (NA_inputs/base_fel_v260707_v2.xlsx),2026-05-28,Konstantin Loffler <kl@wip.tu-berlin.de>
MISO,Power_Hydrogen,2031,4.408828704,,PJ,FEL 2026 Base (NA_inputs/base_fel_v260707_v2.xlsx),2026-05-28,Konstantin Loffler <kl@wip.tu-berlin.de>
MISO,Power_BEVs,2032,53.89395231044363,,PJ,FEL 2026 Base (NA_inputs/base_fel_v260707_v2.xlsx),2026-05-28,Konstantin Loffler <kl@wip.tu-berlin.de>
MISO,Power_Buildings_Heat,2032,351.3372439214978,,PJ,FEL 2026 Base (NA_inputs/base_fel_v260707_v2.xlsx),2026-05-28,Konstantin Loffler <kl@wip.tu-berlin.de>
MISO,Power_DataCenter,2032,193.30843921908763,,PJ,FEL 2026 Base (NA_inputs/base_fel_v260707_v2.xlsx),2026-05-28,Konstantin Loffler <kl@wip.tu-berlin.de>
MISO,Power_General,2032,2028.657310585284,,PJ,FEL 2026 Base (NA_inputs/base_fel_v260707_v2.xlsx),2026-05-28,Konstantin Loffler <kl@wip.tu-berlin.de>
MISO,Power_Hydrogen,2032,4.3656121476,,PJ,FEL 2026 Base (NA_inputs/base_fel_v260707_v2.xlsx),2026-05-28,Konstantin Loffler <kl@wip.tu-berlin.de>
MISO,Power_BEVs,2033,73.8423581147923,,PJ,FEL 2026 Base (NA_inputs/base_fel_v260707_v2.xlsx),2026-05-28,Konstantin Loffler <kl@wip.tu-berlin.de>
MISO,Power_Buildings_Heat,2033,351.69857964006565,,PJ,FEL 2026 Base (NA_inputs/base_fel_v260707_v2.xlsx),2026-05-28,Konstantin Loffler <kl@wip.tu-berlin.de>
MISO,Power_DataCenter,2033,227.07511372384323,,PJ,FEL 2026 Base (NA_inputs/base_fel_v260707_v2.xlsx),2026-05-28,Konstantin Loffler <kl@wip.tu-berlin.de>
MISO,Power_General,2033,2109.852615945887,,PJ,FEL 2026 Base (NA_inputs/base_fel_v260707_v2.xlsx),2026-05-28,Konstantin Loffler <kl@wip.tu-berlin.de>
MISO,Power_Hydrogen,2033,4.4226646272000005,,PJ,FEL 2026 Base (NA_inputs/base_fel_v260707_v2.xlsx),2026-05-28,Konstantin Loffler <kl@wip.tu-berlin.de>
MISO,Power_BEVs,2034,82.3321289897564,,PJ,FEL 2026 Base (NA_inputs/base_fel_v260707_v2.xlsx),2026-05-28,Konstantin Loffler <kl@wip.tu-berlin.de>
MISO,Power_Buildings_Heat,2034,351.85024550070636,,PJ,FEL 2026 Base (NA_inputs/base_fel_v260707_v2.xlsx),2026-05-28,Konstantin Loffler <kl@wip.tu-berlin.de>
MISO,Power_DataCenter,2034,264.6215780833346,,PJ,FEL 2026 Base (NA_inputs/base_fel_v260707_v2.xlsx),2026-05-28,Konstantin Loffler <kl@wip.tu-berlin.de>
MISO,Power_General,2034,2189.463536133343,,PJ,FEL 2026 Base (NA_inputs/base_fel_v260707_v2.xlsx),2026-05-28,Konstantin Loffler <kl@wip.tu-berlin.de>
MISO,Power_Hydrogen,2034,4.49193919104,,PJ,FEL 2026 Base (NA_inputs/base_fel_v260707_v2.xlsx),2026-05-28,Konstantin Loffler <kl@wip.tu-berlin.de>
MISO,Power_BEVs,2035,101.1043414954249,,PJ,FEL 2026 Base (NA_inputs/base_fel_v260707_v2.xlsx),2026-05-28,Konstantin Loffler <kl@wip.tu-berlin.de>
MISO,Power_Buildings_Heat,2035,354.51874035042425,,PJ,FEL 2026 Base (NA_inputs/base_fel_v260707_v2.xlsx),2026-05-28,Konstantin Loffler <kl@wip.tu-berlin.de>
MISO,Power_DataCenter,2035,303.4776964819268,,PJ,FEL 2026 Base (NA_inputs/base_fel_v260707_v2.xlsx),2026-05-28,Konstantin Loffler <kl@wip.tu-berlin.de>
MISO,Power_General,2035,2282.596509164881,,PJ,FEL 2026 Base (NA_inputs/base_fel_v260707_v2.xlsx),2026-05-28,Konstantin Loffler <kl@wip.tu-berlin.de>
MISO,Power_Hydrogen,2035,4.5680888304,,PJ,FEL 2026 Base (NA_inputs/base_fel_v260707_v2.xlsx),2026-05-28,Konstantin Loffler <kl@wip.tu-berlin.de>
MISO,Power_BEVs,2036,121.02827097715637,,PJ,FEL 2026 Base (NA_inputs/base_fel_v260707_v2.xlsx),2026-05-28,Konstantin Loffler <kl@wip.tu-berlin.de>
MISO,Power_Buildings_Heat,2036,352.6386407741199,,PJ,FEL 2026 Base (NA_inputs/base_fel_v260707_v2.xlsx),2026-05-28,Konstantin Loffler <kl@wip.tu-berlin.de>
MISO,Power_DataCenter,2036,338.0941633993158,,PJ,FEL 2026 Base (NA_inputs/base_fel_v260707_v2.xlsx),2026-05-28,Konstantin Loffler <kl@wip.tu-berlin.de>
MISO,Power_General,2036,2343.5385898664204,,PJ,FEL 2026 Base (NA_inputs/base_fel_v260707_v2.xlsx),2026-05-28,Konstantin Loffler <kl@wip.tu-berlin.de>
MISO,Power_Hydrogen,2036,4.594921907040001,,PJ,FEL 2026 Base (NA_inputs/base_fel_v260707_v2.xlsx),2026-05-28,Konstantin Loffler <kl@wip.tu-berlin.de>
MISO,Power_BEVs,2037,141.23423498696098,,PJ,FEL 2026 Base (NA_inputs/base_fel_v260707_v2.xlsx),2026-05-28,Konstantin Loffler <kl@wip.tu-berlin.de>
MISO,Power_Buildings_Heat,2037,351.45537439497775,,PJ,FEL 2026 Base (NA_inputs/base_fel_v260707_v2.xlsx),2026-05-28,Konstantin Loffler <kl@wip.tu-berlin.de>
MISO,Power_DataCenter,2037,372.28997306884645,,PJ,FEL 2026 Base (NA_inputs/base_fel_v260707_v2.xlsx),2026-05-28,Konstantin Loffler <kl@wip.tu-berlin.de>
MISO,Power_General,2037,2408.630303454655,,PJ,FEL 2026 Base (NA_inputs/base_fel_v260707_v2.xlsx),2026-05-28,Konstantin Loffler <kl@wip.tu-berlin.de>
MISO,Power_Hydrogen,2037,4.63016052576,,PJ,FEL 2026 Base (NA_inputs/base_fel_v260707_v2.xlsx),2026-05-28,Konstantin Loffler <kl@wip.tu-berlin.de>
MISO,Power_BEVs,2038,163.63803251330208,,PJ,FEL 2026 Base (NA_inputs/base_fel_v260707_v2.xlsx),2026-05-28,Konstantin Loffler <kl@wip.tu-berlin.de>
MISO,Power_Buildings_Heat,2038,350.46088343865824,,PJ,FEL 2026 Base (NA_inputs/base_fel_v260707_v2.xlsx),2026-05-28,Konstantin Loffler <kl@wip.tu-berlin.de>
MISO,Power_DataCenter,2038,405.15137337460646,,PJ,FEL 2026 Base (NA_inputs/base_fel_v260707_v2.xlsx),2026-05-28,Konstantin Loffler <kl@wip.tu-berlin.de>
MISO,Power_General,2038,2473.0662313531857,,PJ,FEL 2026 Base (NA_inputs/base_fel_v260707_v2.xlsx),2026-05-28,Konstantin Loffler <kl@wip.tu-berlin.de>
MISO,Power_Hydrogen,2038,4.653922346640001,,PJ,FEL 2026 Base (NA_inputs/base_fel_v260707_v2.xlsx),2026-05-28,Konstantin Loffler <kl@wip.tu-berlin.de>
MISO,Power_BEVs,2039,188.27919448896375,,PJ,FEL 2026 Base (NA_inputs/base_fel_v260707_v2.xlsx),2026-05-28,Konstantin Loffler <kl@wip.tu-berlin.de>
MISO,Power_Buildings_Heat,2039,353.83178217407277,,PJ,FEL 2026 Base (NA_inputs/base_fel_v260707_v2.xlsx),2026-05-28,Konstantin Loffler <kl@wip.tu-berlin.de>
MISO,Power_DataCenter,2039,430.649037612238,,PJ,FEL 2026 Base (NA_inputs/base_fel_v260707_v2.xlsx),2026-05-28,Konstantin Loffler <kl@wip.tu-berlin.de>
MISO,Power_General,2039,2534.515901545705,,PJ,FEL 2026 Base (NA_inputs/base_fel_v260707_v2.xlsx),2026-05-28,Konstantin Loffler <kl@wip.tu-berlin.de>
MISO,Power_Hydrogen,2039,4.68641299968,,PJ,FEL 2026 Base (NA_inputs/base_fel_v260707_v2.xlsx),2026-05-28,Konstantin Loffler <kl@wip.tu-berlin.de>
MISO,Power_BEVs,2040,215.41029441452233,,PJ,FEL 2026 Base (NA_inputs/base_fel_v260707_v2.xlsx),2026-05-28,Konstantin Loffler <kl@wip.tu-berlin.de>
MISO,Power_Buildings_Heat,2040,353.94219122701224,,PJ,FEL 2026 Base (NA_inputs/base_fel_v260707_v2.xlsx),2026-05-28,Konstantin Loffler <kl@wip.tu-berlin.de>
MISO,Power_DataCenter,2040,452.4905435080774,,PJ,FEL 2026 Base (NA_inputs/base_fel_v260707_v2.xlsx),2026-05-28,Konstantin Loffler <kl@wip.tu-berlin.de>
MISO,Power_General,2040,2598.243666144994,,PJ,FEL 2026 Base (NA_inputs/base_fel_v260707_v2.xlsx),2026-05-28,Konstantin Loffler <kl@wip.tu-berlin.de>
MISO,Power_Hydrogen,2040,4.707103564800001,,PJ,FEL 2026 Base (NA_inputs/base_fel_v260707_v2.xlsx),2026-05-28,Konstantin Loffler <kl@wip.tu-berlin.de>
NewEngland,Power_BEVs,2025,0.0,,PJ,FEL 2026 Base (NA_inputs/base_fel_v260707_v2.xlsx),2026-05-28,Konstantin Loffler <kl@wip.tu-berlin.de>
NewEngland,Power_Buildings_Heat,2025,93.92869225717209,,PJ,FEL 2026 Base (NA_inputs/base_fel_v260707_v2.xlsx),2026-05-28,Konstantin Loffler <kl@wip.tu-berlin.de>
NewEngland,Power_DataCenter,2025,2.4185006334720005,,PJ,FEL 2026 Base (NA_inputs/base_fel_v260707_v2.xlsx),2026-05-28,Konstantin Loffler <kl@wip.tu-berlin.de>
NewEngland,Power_General,2025,332.5014596518359,,PJ,FEL 2026 Base (NA_inputs/base_fel_v260707_v2.xlsx),2026-05-28,Konstantin Loffler <kl@wip.tu-berlin.de>
NewEngland,Power_Hydrogen,2025,0.0936708552,,PJ,FEL 2026 Base (NA_inputs/base_fel_v260707_v2.xlsx),2026-05-28,Konstantin Loffler <kl@wip.tu-berlin.de>
NewEngland,Power_BEVs,2026,0.0,,PJ,FEL 2026 Base (NA_inputs/base_fel_v260707_v2.xlsx),2026-05-28,Konstantin Loffler <kl@wip.tu-berlin.de>
NewEngland,Power_Buildings_Heat,2026,90.96402358987011,,PJ,FEL 2026 Base (NA_inputs/base_fel_v260707_v2.xlsx),2026-05-28,Konstantin Loffler <kl@wip.tu-berlin.de>
NewEngland,Power_DataCenter,2026,2.2519977003951186,,PJ,FEL 2026 Base (NA_inputs/base_fel_v260707_v2.xlsx),2026-05-28,Konstantin Loffler <kl@wip.tu-berlin.de>
NewEngland,Power_General,2026,331.91043997864233,,PJ,FEL 2026 Base (NA_inputs/base_fel_v260707_v2.xlsx),2026-05-28,Konstantin Loffler <kl@wip.tu-berlin.de>
NewEngland,Power_Hydrogen,2026,0.22364846495999996,,PJ,FEL 2026 Base (NA_inputs/base_fel_v260707_v2.xlsx),2026-05-28,Konstantin Loffler <kl@wip.tu-berlin.de>
NewEngland,Power_BEVs,2027,0.0,,PJ,FEL 2026 Base (NA_inputs/base_fel_v260707_v2.xlsx),2026-05-28,Konstantin Loffler <kl@wip.tu-berlin.de>
NewEngland,Power_Buildings_Heat,2027,87.30938520353139,,PJ,FEL 2026 Base (NA_inputs/base_fel_v260707_v2.xlsx),2026-05-28,Konstantin Loffler <kl@wip.tu-berlin.de>
NewEngland,Power_DataCenter,2027,1.873739972741,,PJ,FEL 2026 Base (NA_inputs/base_fel_v260707_v2.xlsx),2026-05-28,Konstantin Loffler <kl@wip.tu-berlin.de>
NewEngland,Power_General,2027,328.9256468370053,,PJ,FEL 2026 Base (NA_inputs/base_fel_v260707_v2.xlsx),2026-05-28,Konstantin Loffler <kl@wip.tu-berlin.de>
NewEngland,Power_Hydrogen,2027,0.3307245552,,PJ,FEL 2026 Base (NA_inputs/base_fel_v260707_v2.xlsx),2026-05-28,Konstantin Loffler <kl@wip.tu-berlin.de>
NewEngland,Power_BEVs,2028,0.0,,PJ,FEL 2026 Base (NA_inputs/base_fel_v260707_v2.xlsx),2026-05-28,Konstantin Loffler <kl@wip.tu-berlin.de>
NewEngland,Power_Buildings_Heat,2028,83.7509498817241,,PJ,FEL 2026 Base (NA_inputs/base_fel_v260707_v2.xlsx),2026-05-28,Konstantin Loffler <kl@wip.tu-berlin.de>
NewEngland,Power_DataCenter,2028,1.5240251718078062,,PJ,FEL 2026 Base (NA_inputs/base_fel_v260707_v2.xlsx),2026-05-28,Konstantin Loffler <kl@wip.tu-berlin.de>
NewEngland,Power_General,2028,327.0380794427018,,PJ,FEL 2026 Base (NA_inputs/base_fel_v260707_v2.xlsx),2026-05-28,Konstantin Loffler <kl@wip.tu-berlin.de>
NewEngland,Power_Hydrogen,2028,0.3528934344,,PJ,FEL 2026 Base (NA_inputs/base_fel_v260707_v2.xlsx),2026-05-28,Konstantin Loffler <kl@wip.tu-berlin.de>
NewEngland,Power_BEVs,2029,7.100869275153173,,PJ,FEL 2026 Base (NA_inputs/base_fel_v260707_v2.xlsx),2026-05-28,Konstantin Loffler <kl@wip.tu-berlin.de>
NewEngland,Power_Buildings_Heat,2029,81.50588041698347,,PJ,FEL 2026 Base (NA_inputs/base_fel_v260707_v2.xlsx),2026-05-28,Konstantin Loffler <kl@wip.tu-berlin.de>
NewEngland,Power_DataCenter,2029,1.5887333210520065,,PJ,FEL 2026 Base (NA_inputs/base_fel_v260707_v2.xlsx),2026-05-28,Konstantin Loffler <kl@wip.tu-berlin.de>
NewEngland,Power_General,2029,331.3576292465076,,PJ,FEL 2026 Base (NA_inputs/base_fel_v260707_v2.xlsx),2026-05-28,Konstantin Loffler <kl@wip.tu-berlin.de>
NewEngland,Power_Hydrogen,2029,0.34032960000000007,,PJ,FEL 2026 Base (NA_inputs/base_fel_v260707_v2.xlsx),2026-05-28,Konstantin Loffler <kl@wip.tu-berlin.de>
NewEngland,Power_BEVs,2030,7.011464188677243,,PJ,FEL 2026 Base (NA_inputs/base_fel_v260707_v2.xlsx),2026-05-28,Konstantin Loffler <kl@wip.tu-berlin.de>
NewEngland,Power_Buildings_Heat,2030,79.58336421706757,,PJ,FEL 2026 Base (NA_inputs/base_fel_v260707_v2.xlsx),2026-05-28,Konstantin Loffler <kl@wip.tu-berlin.de>
NewEngland,Power_DataCenter,2030,1.6774969044902202,,PJ,FEL 2026 Base (NA_inputs/base_fel_v260707_v2.xlsx),2026-05-28,Konstantin Loffler <kl@wip.tu-berlin.de>
NewEngland,Power_General,2030,337.1783389022502,,PJ,FEL 2026 Base (NA_inputs/base_fel_v260707_v2.xlsx),2026-05-28,Konstantin Loffler <kl@wip.tu-berlin.de>
NewEngland,Power_Hydrogen,2030,0.24522244559999998,,PJ,FEL 2026 Base (NA_inputs/base_fel_v260707_v2.xlsx),2026-05-28,Konstantin Loffler <kl@wip.tu-berlin.de>
NewEngland,Power_BEVs,2031,7.600608256567714,,PJ,FEL 2026 Base (NA_inputs/base_fel_v260707_v2.xlsx),2026-05-28,Konstantin Loffler <kl@wip.tu-berlin.de>
NewEngland,Power_Buildings_Heat,2031,78.04845563433203,,PJ,FEL 2026 Base (NA_inputs/base_fel_v260707_v2.xlsx),2026-05-28,Konstantin Loffler <kl@wip.tu-berlin.de>
NewEngland,Power_DataCenter,2031,1.7635534641992392,,PJ,FEL 2026 Base (NA_inputs/base_fel_v260707_v2.xlsx),2026-05-28,Konstantin Loffler <kl@wip.tu-berlin.de>
NewEngland,Power_General,2031,339.7836768254458,,PJ,FEL 2026 Base (NA_inputs/base_fel_v260707_v2.xlsx),2026-05-28,Konstantin Loffler <kl@wip.tu-berlin.de>
NewEngland,Power_Hydrogen,2031,0.2343371688,,PJ,FEL 2026 Base (NA_inputs/base_fel_v260707_v2.xlsx),2026-05-28,Konstantin Loffler <kl@wip.tu-berlin.de>
NewEngland,Power_BEVs,2032,15.432790641471312,,PJ,FEL 2026 Base (NA_inputs/base_fel_v260707_v2.xlsx),2026-05-28,Konstantin Loffler <kl@wip.tu-berlin.de>
NewEngland,Power_Buildings_Heat,2032,76.57622209032088,,PJ,FEL 2026 Base (NA_inputs/base_fel_v260707_v2.xlsx),2026-05-28,Konstantin Loffler <kl@wip.tu-berlin.de>
NewEngland,Power_DataCenter,2032,1.8220867110564363,,PJ,FEL 2026 Base (NA_inputs/base_fel_v260707_v2.xlsx),2026-05-28,Konstantin Loffler <kl@wip.tu-berlin.de>
NewEngland,Power_General,2032,342.73292415594517,,PJ,FEL 2026 Base (NA_inputs/base_fel_v260707_v2.xlsx),2026-05-28,Konstantin Loffler <kl@wip.tu-berlin.de>
NewEngland,Power_Hydrogen,2032,0.2284826076,,PJ,FEL 2026 Base (NA_inputs/base_fel_v260707_v2.xlsx),2026-05-28,Konstantin Loffler <kl@wip.tu-berlin.de>
NewEngland,Power_BEVs,2033,24.65988086849027,,PJ,FEL 2026 Base (NA_inputs/base_fel_v260707_v2.xlsx),2026-05-28,Konstantin Loffler <kl@wip.tu-berlin.de>
NewEngland,Power_Buildings_Heat,2033,75.83260756484043,,PJ,FEL 2026 Base (NA_inputs/base_fel_v260707_v2.xlsx),2026-05-28,Konstantin Loffler <kl@wip.tu-berlin.de>
NewEngland,Power_DataCenter,2033,1.8782561802999438,,PJ,FEL 2026 Base (NA_inputs/base_fel_v260707_v2.xlsx),2026-05-28,Konstantin Loffler <kl@wip.tu-berlin.de>
NewEngland,Power_General,2033,348.15564337439537,,PJ,FEL 2026 Base (NA_inputs/base_fel_v260707_v2.xlsx),2026-05-28,Konstantin Loffler <kl@wip.tu-berlin.de>
NewEngland,Power_Hydrogen,2033,0.2288514816,,PJ,FEL 2026 Base (NA_inputs/base_fel_v260707_v2.xlsx),2026-05-28,Konstantin Loffler <kl@wip.tu-berlin.de>
NewEngland,Power_BEVs,2034,24.75062877172645,,PJ,FEL 2026 Base (NA_inputs/base_fel_v260707_v2.xlsx),2026-05-28,Konstantin Loffler <kl@wip.tu-berlin.de>
NewEngland,Power_Buildings_Heat,2034,75.38035673428128,,PJ,FEL 2026 Base (NA_inputs/base_fel_v260707_v2.xlsx),2026-05-28,Konstantin Loffler <kl@wip.tu-berlin.de>
NewEngland,Power_DataCenter,2034,2.1638797503016662,,PJ,FEL 2026 Base (NA_inputs/base_fel_v260707_v2.xlsx),2026-05-28,Konstantin Loffler <kl@wip.tu-berlin.de>
NewEngland,Power_General,2034,354.6572144378632,,PJ,FEL 2026 Base (NA_inputs/base_fel_v260707_v2.xlsx),2026-05-28,Konstantin Loffler <kl@wip.tu-berlin.de>
NewEngland,Power_Hydrogen,2034,0.23085722016,,PJ,FEL 2026 Base (NA_inputs/base_fel_v260707_v2.xlsx),2026-05-28,Konstantin Loffler <kl@wip.tu-berlin.de>
NewEngland,Power_BEVs,2035,33.762930233518716,,PJ,FEL 2026 Base (NA_inputs/base_fel_v260707_v2.xlsx),2026-05-28,Konstantin Loffler <kl@wip.tu-berlin.de>
NewEngland,Power_Buildings_Heat,2035,74.66163101911938,,PJ,FEL 2026 Base (NA_inputs/base_fel_v260707_v2.xlsx),2026-05-28,Konstantin Loffler <kl@wip.tu-berlin.de>
NewEngland,Power_DataCenter,2035,2.471299055170237,,PJ,FEL 2026 Base (NA_inputs/base_fel_v260707_v2.xlsx),2026-05-28,Konstantin Loffler <kl@wip.tu-berlin.de>
NewEngland,Power_General,2035,359.2051974186772,,PJ,FEL 2026 Base (NA_inputs/base_fel_v260707_v2.xlsx),2026-05-28,Konstantin Loffler <kl@wip.tu-berlin.de>
NewEngland,Power_Hydrogen,2035,0.23065585920000004,,PJ,FEL 2026 Base (NA_inputs/base_fel_v260707_v2.xlsx),2026-05-28,Konstantin Loffler <kl@wip.tu-berlin.de>
NewEngland,Power_BEVs,2036,40.41222599591367,,PJ,FEL 2026 Base (NA_inputs/base_fel_v260707_v2.xlsx),2026-05-28,Konstantin Loffler <kl@wip.tu-berlin.de>
NewEngland,Power_Buildings_Heat,2036,74.29552349083701,,PJ,FEL 2026 Base (NA_inputs/base_fel_v260707_v2.xlsx),2026-05-28,Konstantin Loffler <kl@wip.tu-berlin.de>
NewEngland,Power_DataCenter,2036,2.753190090254493,,PJ,FEL 2026 Base (NA_inputs/base_fel_v260707_v2.xlsx),2026-05-28,Konstantin Loffler <kl@wip.tu-berlin.de>
NewEngland,Power_General,2036,365.2886155590429,,PJ,FEL 2026 Base (NA_inputs/base_fel_v260707_v2.xlsx),2026-05-28,Konstantin Loffler <kl@wip.tu-berlin.de>
NewEngland,Power_Hydrogen,2036,0.23201073792000002,,PJ,FEL 2026 Base (NA_inputs/base_fel_v260707_v2.xlsx),2026-05-28,Konstantin Loffler <kl@wip.tu-berlin.de>
NewEngland,Power_BEVs,2037,47.154986644813924,,PJ,FEL 2026 Base (NA_inputs/base_fel_v260707_v2.xlsx),2026-05-28,Konstantin Loffler <kl@wip.tu-berlin.de>
NewEngland,Power_Buildings_Heat,2037,74.06474507028533,,PJ,FEL 2026 Base (NA_inputs/base_fel_v260707_v2.xlsx),2026-05-28,Konstantin Loffler <kl@wip.tu-berlin.de>
NewEngland,Power_DataCenter,2037,3.0316556022402303,,PJ,FEL 2026 Base (NA_inputs/base_fel_v260707_v2.xlsx),2026-05-28,Konstantin Loffler <kl@wip.tu-berlin.de>
NewEngland,Power_General,2037,371.36455483872,,PJ,FEL 2026 Base (NA_inputs/base_fel_v260707_v2.xlsx),2026-05-28,Konstantin Loffler <kl@wip.tu-berlin.de>
NewEngland,Power_Hydrogen,2037,0.23379003648000002,,PJ,FEL 2026 Base (NA_inputs/base_fel_v260707_v2.xlsx),2026-05-28,Konstantin Loffler <kl@wip.tu-berlin.de>
NewEngland,Power_BEVs,2038,54.63048976018615,,PJ,FEL 2026 Base (NA_inputs/base_fel_v260707_v2.xlsx),2026-05-28,Konstantin Loffler <kl@wip.tu-berlin.de>
NewEngland,Power_Buildings_Heat,2038,73.8706282997976,,PJ,FEL 2026 Base (NA_inputs/base_fel_v260707_v2.xlsx),2026-05-28,Konstantin Loffler <kl@wip.tu-berlin.de>
NewEngland,Power_DataCenter,2038,3.2992546662526054,,PJ,FEL 2026 Base (NA_inputs/base_fel_v260707_v2.xlsx),2026-05-28,Konstantin Loffler <kl@wip.tu-berlin.de>
NewEngland,Power_General,2038,377.3009364058276,,PJ,FEL 2026 Base (NA_inputs/base_fel_v260707_v2.xlsx),2026-05-28,Konstantin Loffler <kl@wip.tu-berlin.de>
NewEngland,Power_Hydrogen,2038,0.23498983872000004,,PJ,FEL 2026 Base (NA_inputs/base_fel_v260707_v2.xlsx),2026-05-28,Konstantin Loffler <kl@wip.tu-berlin.de>
NewEngland,Power_BEVs,2039,62.85168263092519,,PJ,FEL 2026 Base (NA_inputs/base_fel_v260707_v2.xlsx),2026-05-28,Konstantin Loffler <kl@wip.tu-berlin.de>
NewEngland,Power_Buildings_Heat,2039,74.5243098340873,,PJ,FEL 2026 Base (NA_inputs/base_fel_v260707_v2.xlsx),2026-05-28,Konstantin Loffler <kl@wip.tu-berlin.de>
NewEngland,Power_DataCenter,2039,3.506888882110902,,PJ,FEL 2026 Base (NA_inputs/base_fel_v260707_v2.xlsx),2026-05-28,Konstantin Loffler <kl@wip.tu-berlin.de>
NewEngland,Power_General,2039,382.3607830408197,,PJ,FEL 2026 Base (NA_inputs/base_fel_v260707_v2.xlsx),2026-05-28,Konstantin Loffler <kl@wip.tu-berlin.de>
NewEngland,Power_Hydrogen,2039,0.23663038464,,PJ,FEL 2026 Base (NA_inputs/base_fel_v260707_v2.xlsx),2026-05-28,Konstantin Loffler <kl@wip.tu-berlin.de>
NewEngland,Power_BEVs,2040,71.90300712108832,,PJ,FEL 2026 Base (NA_inputs/base_fel_v260707_v2.xlsx),2026-05-28,Konstantin Loffler <kl@wip.tu-berlin.de>
NewEngland,Power_Buildings_Heat,2040,74.54477266156839,,PJ,FEL 2026 Base (NA_inputs/base_fel_v260707_v2.xlsx),2026-05-28,Konstantin Loffler <kl@wip.tu-berlin.de>
NewEngland,Power_DataCenter,2040,3.684750034708314,,PJ,FEL 2026 Base (NA_inputs/base_fel_v260707_v2.xlsx),2026-05-28,Konstantin Loffler <kl@wip.tu-berlin.de>
NewEngland,Power_General,2040,388.14974601733616,,PJ,FEL 2026 Base (NA_inputs/base_fel_v260707_v2.xlsx),2026-05-28,Konstantin Loffler <kl@wip.tu-berlin.de>
NewEngland,Power_Hydrogen,2040,0.2376751104,,PJ,FEL 2026 Base (NA_inputs/base_fel_v260707_v2.xlsx),2026-05-28,Konstantin Loffler <kl@wip.tu-berlin.de>
NewYork,Power_BEVs,2025,8.740424623222278,,PJ,FEL 2026 Base (NA_inputs/base_fel_v260707_v2.xlsx),2026-05-28,Konstantin Loffler <kl@wip.tu-berlin.de>
NewYork,Power_Buildings_Heat,2025,117.78204719781814,,PJ,FEL 2026 Base (NA_inputs/base_fel_v260707_v2.xlsx),2026-05-28,Konstantin Loffler <kl@wip.tu-berlin.de>
NewYork,Power_DataCenter,2025,0.0,,PJ,FEL 2026 Base (NA_inputs/base_fel_v260707_v2.xlsx),2026-05-28,Konstantin Loffler <kl@wip.tu-berlin.de>
NewYork,Power_General,2025,433.269900392501,,PJ,FEL 2026 Base (NA_inputs/base_fel_v260707_v2.xlsx),2026-05-28,Konstantin Loffler <kl@wip.tu-berlin.de>
NewYork,Power_Hydrogen,2025,0.1052114544,,PJ,FEL 2026 Base (NA_inputs/base_fel_v260707_v2.xlsx),2026-05-28,Konstantin Loffler <kl@wip.tu-berlin.de>
NewYork,Power_BEVs,2026,8.389693668082975,,PJ,FEL 2026 Base (NA_inputs/base_fel_v260707_v2.xlsx),2026-05-28,Konstantin Loffler <kl@wip.tu-berlin.de>
NewYork,Power_Buildings_Heat,2026,113.29566833070419,,PJ,FEL 2026 Base (NA_inputs/base_fel_v260707_v2.xlsx),2026-05-28,Konstantin Loffler <kl@wip.tu-berlin.de>
NewYork,Power_DataCenter,2026,3.698777659340156,,PJ,FEL 2026 Base (NA_inputs/base_fel_v260707_v2.xlsx),2026-05-28,Konstantin Loffler <kl@wip.tu-berlin.de>
NewYork,Power_General,2026,435.1681949784387,,PJ,FEL 2026 Base (NA_inputs/base_fel_v260707_v2.xlsx),2026-05-28,Konstantin Loffler <kl@wip.tu-berlin.de>
NewYork,Power_Hydrogen,2026,0.24945080544,,PJ,FEL 2026 Base (NA_inputs/base_fel_v260707_v2.xlsx),2026-05-28,Konstantin Loffler <kl@wip.tu-berlin.de>
NewYork,Power_BEVs,2027,7.343173550911324,,PJ,FEL 2026 Base (NA_inputs/base_fel_v260707_v2.xlsx),2026-05-28,Konstantin Loffler <kl@wip.tu-berlin.de>
NewYork,Power_Buildings_Heat,2027,108.20139648558717,,PJ,FEL 2026 Base (NA_inputs/base_fel_v260707_v2.xlsx),2026-05-28,Konstantin Loffler <kl@wip.tu-berlin.de>
NewYork,Power_DataCenter,2027,5.650525900507238,,PJ,FEL 2026 Base (NA_inputs/base_fel_v260707_v2.xlsx),2026-05-28,Konstantin Loffler <kl@wip.tu-berlin.de>
NewYork,Power_General,2027,434.73557729076015,,PJ,FEL 2026 Base (NA_inputs/base_fel_v260707_v2.xlsx),2026-05-28,Konstantin Loffler <kl@wip.tu-berlin.de>
NewYork,Power_Hydrogen,2027,0.36699341328,,PJ,FEL 2026 Base (NA_inputs/base_fel_v260707_v2.xlsx),2026-05-28,Konstantin Loffler <kl@wip.tu-berlin.de>
NewYork,Power_BEVs,2028,7.562093393906037,,PJ,FEL 2026 Base (NA_inputs/base_fel_v260707_v2.xlsx),2026-05-28,Konstantin Loffler <kl@wip.tu-berlin.de>
NewYork,Power_Buildings_Heat,2028,105.15273573366537,,PJ,FEL 2026 Base (NA_inputs/base_fel_v260707_v2.xlsx),2026-05-28,Konstantin Loffler <kl@wip.tu-berlin.de>
NewYork,Power_DataCenter,2028,6.357577798003022,,PJ,FEL 2026 Base (NA_inputs/base_fel_v260707_v2.xlsx),2026-05-28,Konstantin Loffler <kl@wip.tu-berlin.de>
NewYork,Power_General,2028,443.7839305812303,,PJ,FEL 2026 Base (NA_inputs/base_fel_v260707_v2.xlsx),2026-05-28,Konstantin Loffler <kl@wip.tu-berlin.de>
NewYork,Power_Hydrogen,2028,0.3970795608,,PJ,FEL 2026 Base (NA_inputs/base_fel_v260707_v2.xlsx),2026-05-28,Konstantin Loffler <kl@wip.tu-berlin.de>
NewYork,Power_BEVs,2029,7.113947847269184,,PJ,FEL 2026 Base (NA_inputs/base_fel_v260707_v2.xlsx),2026-05-28,Konstantin Loffler <kl@wip.tu-berlin.de>
NewYork,Power_Buildings_Heat,2029,102.65062922578277,,PJ,FEL 2026 Base (NA_inputs/base_fel_v260707_v2.xlsx),2026-05-28,Konstantin Loffler <kl@wip.tu-berlin.de>
NewYork,Power_DataCenter,2029,9.234368420399143,,PJ,FEL 2026 Base (NA_inputs/base_fel_v260707_v2.xlsx),2026-05-28,Konstantin Loffler <kl@wip.tu-berlin.de>
NewYork,Power_General,2029,457.59958226158324,,PJ,FEL 2026 Base (NA_inputs/base_fel_v260707_v2.xlsx),2026-05-28,Konstantin Loffler <kl@wip.tu-berlin.de>
NewYork,Power_Hydrogen,2029,0.38424672000000004,,PJ,FEL 2026 Base (NA_inputs/base_fel_v260707_v2.xlsx),2026-05-28,Konstantin Loffler <kl@wip.tu-berlin.de>
NewYork,Power_BEVs,2030,14.041310976217236,,PJ,FEL 2026 Base (NA_inputs/base_fel_v260707_v2.xlsx),2026-05-28,Konstantin Loffler <kl@wip.tu-berlin.de>
NewYork,Power_Buildings_Heat,2030,100.38163578873645,,PJ,FEL 2026 Base (NA_inputs/base_fel_v260707_v2.xlsx),2026-05-28,Konstantin Loffler <kl@wip.tu-berlin.de>
NewYork,Power_DataCenter,2030,12.702127070505751,,PJ,FEL 2026 Base (NA_inputs/base_fel_v260707_v2.xlsx),2026-05-28,Konstantin Loffler <kl@wip.tu-berlin.de>
NewYork,Power_General,2030,473.5958556615938,,PJ,FEL 2026 Base (NA_inputs/base_fel_v260707_v2.xlsx),2026-05-28,Konstantin Loffler <kl@wip.tu-berlin.de>
NewYork,Power_Hydrogen,2030,0.2773248192,,PJ,FEL 2026 Base (NA_inputs/base_fel_v260707_v2.xlsx),2026-05-28,Konstantin Loffler <kl@wip.tu-berlin.de>
NewYork,Power_BEVs,2031,15.221393519864762,,PJ,FEL 2026 Base (NA_inputs/base_fel_v260707_v2.xlsx),2026-05-28,Konstantin Loffler <kl@wip.tu-berlin.de>
NewYork,Power_Buildings_Heat,2031,99.67434563223158,,PJ,FEL 2026 Base (NA_inputs/base_fel_v260707_v2.xlsx),2026-05-28,Konstantin Loffler <kl@wip.tu-berlin.de>
NewYork,Power_DataCenter,2031,15.324403797118956,,PJ,FEL 2026 Base (NA_inputs/base_fel_v260707_v2.xlsx),2026-05-28,Konstantin Loffler <kl@wip.tu-berlin.de>
NewYork,Power_General,2031,488.76272862593027,,PJ,FEL 2026 Base (NA_inputs/base_fel_v260707_v2.xlsx),2026-05-28,Konstantin Loffler <kl@wip.tu-berlin.de>
NewYork,Power_Hydrogen,2031,0.26856370800000007,,PJ,FEL 2026 Base (NA_inputs/base_fel_v260707_v2.xlsx),2026-05-28,Konstantin Loffler <kl@wip.tu-berlin.de>
NewYork,Power_BEVs,2032,15.469369945752858,,PJ,FEL 2026 Base (NA_inputs/base_fel_v260707_v2.xlsx),2026-05-28,Konstantin Loffler <kl@wip.tu-berlin.de>
NewYork,Power_Buildings_Heat,2032,99.12772444926976,,PJ,FEL 2026 Base (NA_inputs/base_fel_v260707_v2.xlsx),2026-05-28,Konstantin Loffler <kl@wip.tu-berlin.de>
NewYork,Power_DataCenter,2032,17.613622770741905,,PJ,FEL 2026 Base (NA_inputs/base_fel_v260707_v2.xlsx),2026-05-28,Konstantin Loffler <kl@wip.tu-berlin.de>
NewYork,Power_General,2032,505.28045830535086,,PJ,FEL 2026 Base (NA_inputs/base_fel_v260707_v2.xlsx),2026-05-28,Konstantin Loffler <kl@wip.tu-berlin.de>
NewYork,Power_Hydrogen,2032,0.2656640268,,PJ,FEL 2026 Base (NA_inputs/base_fel_v260707_v2.xlsx),2026-05-28,Konstantin Loffler <kl@wip.tu-berlin.de>
NewYork,Power_BEVs,2033,24.725497729285294,,PJ,FEL 2026 Base (NA_inputs/base_fel_v260707_v2.xlsx),2026-05-28,Konstantin Loffler <kl@wip.tu-berlin.de>
NewYork,Power_Buildings_Heat,2033,99.32287123541343,,PJ,FEL 2026 Base (NA_inputs/base_fel_v260707_v2.xlsx),2026-05-28,Konstantin Loffler <kl@wip.tu-berlin.de>
NewYork,Power_DataCenter,2033,19.704298928451184,,PJ,FEL 2026 Base (NA_inputs/base_fel_v260707_v2.xlsx),2026-05-28,Konstantin Loffler <kl@wip.tu-berlin.de>
NewYork,Power_General,2033,524.60780106684,,PJ,FEL 2026 Base (NA_inputs/base_fel_v260707_v2.xlsx),2026-05-28,Konstantin Loffler <kl@wip.tu-berlin.de>
NewYork,Power_Hydrogen,2033,0.2694221568,,PJ,FEL 2026 Base (NA_inputs/base_fel_v260707_v2.xlsx),2026-05-28,Konstantin Loffler <kl@wip.tu-berlin.de>
NewYork,Power_BEVs,2034,24.816726368652027,,PJ,FEL 2026 Base (NA_inputs/base_fel_v260707_v2.xlsx),2026-05-28,Konstantin Loffler <kl@wip.tu-berlin.de>
NewYork,Power_Buildings_Heat,2034,100.11045811674869,,PJ,FEL 2026 Base (NA_inputs/base_fel_v260707_v2.xlsx),2026-05-28,Konstantin Loffler <kl@wip.tu-berlin.de>
NewYork,Power_DataCenter,2034,23.115423483529593,,PJ,FEL 2026 Base (NA_inputs/base_fel_v260707_v2.xlsx),2026-05-28,Konstantin Loffler <kl@wip.tu-berlin.de>
NewYork,Power_General,2034,546.3190666118742,,PJ,FEL 2026 Base (NA_inputs/base_fel_v260707_v2.xlsx),2026-05-28,Konstantin Loffler <kl@wip.tu-berlin.de>
NewYork,Power_Hydrogen,2034,0.27582756768,,PJ,FEL 2026 Base (NA_inputs/base_fel_v260707_v2.xlsx),2026-05-28,Konstantin Loffler <kl@wip.tu-berlin.de>
NewYork,Power_BEVs,2035,42.31121707579605,,PJ,FEL 2026 Base (NA_inputs/base_fel_v260707_v2.xlsx),2026-05-28,Konstantin Loffler <kl@wip.tu-berlin.de>
NewYork,Power_Buildings_Heat,2035,101.23800499107193,,PJ,FEL 2026 Base (NA_inputs/base_fel_v260707_v2.xlsx),2026-05-28,Konstantin Loffler <kl@wip.tu-berlin.de>
NewYork,Power_DataCenter,2035,26.624516105537342,,PJ,FEL 2026 Base (NA_inputs/base_fel_v260707_v2.xlsx),2026-05-28,Konstantin Loffler <kl@wip.tu-berlin.de>
NewYork,Power_General,2035,569.2570195622644,,PJ,FEL 2026 Base (NA_inputs/base_fel_v260707_v2.xlsx),2026-05-28,Konstantin Loffler <kl@wip.tu-berlin.de>
NewYork,Power_Hydrogen,2035,0.2817476784,,PJ,FEL 2026 Base (NA_inputs/base_fel_v260707_v2.xlsx),2026-05-28,Konstantin Loffler <kl@wip.tu-berlin.de>
NewYork,Power_BEVs,2036,50.64401846138939,,PJ,FEL 2026 Base (NA_inputs/base_fel_v260707_v2.xlsx),2026-05-28,Konstantin Loffler <kl@wip.tu-berlin.de>
NewYork,Power_Buildings_Heat,2036,100.73700381237056,,PJ,FEL 2026 Base (NA_inputs/base_fel_v260707_v2.xlsx),2026-05-28,Konstantin Loffler <kl@wip.tu-berlin.de>
NewYork,Power_DataCenter,2036,29.661466404168973,,PJ,FEL 2026 Base (NA_inputs/base_fel_v260707_v2.xlsx),2026-05-28,Konstantin Loffler <kl@wip.tu-berlin.de>
NewYork,Power_General,2036,584.8834028034213,,PJ,FEL 2026 Base (NA_inputs/base_fel_v260707_v2.xlsx),2026-05-28,Konstantin Loffler <kl@wip.tu-berlin.de>
NewYork,Power_Hydrogen,2036,0.28340267184,,PJ,FEL 2026 Base (NA_inputs/base_fel_v260707_v2.xlsx),2026-05-28,Konstantin Loffler <kl@wip.tu-berlin.de>
NewYork,Power_BEVs,2037,59.09328462169848,,PJ,FEL 2026 Base (NA_inputs/base_fel_v260707_v2.xlsx),2026-05-28,Konstantin Loffler <kl@wip.tu-berlin.de>
NewYork,Power_Buildings_Heat,2037,100.42124624204781,,PJ,FEL 2026 Base (NA_inputs/base_fel_v260707_v2.xlsx),2026-05-28,Konstantin Loffler <kl@wip.tu-berlin.de>
NewYork,Power_DataCenter,2037,32.66151186333349,,PJ,FEL 2026 Base (NA_inputs/base_fel_v260707_v2.xlsx),2026-05-28,Konstantin Loffler <kl@wip.tu-berlin.de>
NewYork,Power_General,2037,599.9890225089297,,PJ,FEL 2026 Base (NA_inputs/base_fel_v260707_v2.xlsx),2026-05-28,Konstantin Loffler <kl@wip.tu-berlin.de>
NewYork,Power_Hydrogen,2037,0.28557609696,,PJ,FEL 2026 Base (NA_inputs/base_fel_v260707_v2.xlsx),2026-05-28,Konstantin Loffler <kl@wip.tu-berlin.de>
NewYork,Power_BEVs,2038,68.46023272698187,,PJ,FEL 2026 Base (NA_inputs/base_fel_v260707_v2.xlsx),2026-05-28,Konstantin Loffler <kl@wip.tu-berlin.de>
NewYork,Power_Buildings_Heat,2038,100.15567189126784,,PJ,FEL 2026 Base (NA_inputs/base_fel_v260707_v2.xlsx),2026-05-28,Konstantin Loffler <kl@wip.tu-berlin.de>
NewYork,Power_DataCenter,2038,35.544487751953085,,PJ,FEL 2026 Base (NA_inputs/base_fel_v260707_v2.xlsx),2026-05-28,Konstantin Loffler <kl@wip.tu-berlin.de>
NewYork,Power_General,2038,614.8134003209022,,PJ,FEL 2026 Base (NA_inputs/base_fel_v260707_v2.xlsx),2026-05-28,Konstantin Loffler <kl@wip.tu-berlin.de>
NewYork,Power_Hydrogen,2038,0.28704166344000004,,PJ,FEL 2026 Base (NA_inputs/base_fel_v260707_v2.xlsx),2026-05-28,Konstantin Loffler <kl@wip.tu-berlin.de>
NewYork,Power_BEVs,2039,78.76096979830305,,PJ,FEL 2026 Base (NA_inputs/base_fel_v260707_v2.xlsx),2026-05-28,Konstantin Loffler <kl@wip.tu-berlin.de>
NewYork,Power_Buildings_Heat,2039,101.05060122331746,,PJ,FEL 2026 Base (NA_inputs/base_fel_v260707_v2.xlsx),2026-05-28,Konstantin Loffler <kl@wip.tu-berlin.de>
NewYork,Power_DataCenter,2039,37.78143293777116,,PJ,FEL 2026 Base (NA_inputs/base_fel_v260707_v2.xlsx),2026-05-28,Konstantin Loffler <kl@wip.tu-berlin.de>
NewYork,Power_General,2039,627.8875550263975,,PJ,FEL 2026 Base (NA_inputs/base_fel_v260707_v2.xlsx),2026-05-28,Konstantin Loffler <kl@wip.tu-berlin.de>
NewYork,Power_Hydrogen,2039,0.28904560128,,PJ,FEL 2026 Base (NA_inputs/base_fel_v260707_v2.xlsx),2026-05-28,Konstantin Loffler <kl@wip.tu-berlin.de>
NewYork,Power_BEVs,2040,90.1012352498269,,PJ,FEL 2026 Base (NA_inputs/base_fel_v260707_v2.xlsx),2026-05-28,Konstantin Loffler <kl@wip.tu-berlin.de>
NewYork,Power_Buildings_Heat,2040,101.07875140380825,,PJ,FEL 2026 Base (NA_inputs/base_fel_v260707_v2.xlsx),2026-05-28,Konstantin Loffler <kl@wip.tu-berlin.de>
NewYork,Power_DataCenter,2040,39.69761831888565,,PJ,FEL 2026 Base (NA_inputs/base_fel_v260707_v2.xlsx),2026-05-28,Konstantin Loffler <kl@wip.tu-berlin.de>
NewYork,Power_General,2040,641.8834689469155,,PJ,FEL 2026 Base (NA_inputs/base_fel_v260707_v2.xlsx),2026-05-28,Konstantin Loffler <kl@wip.tu-berlin.de>
NewYork,Power_Hydrogen,2040,0.29032174079999995,,PJ,FEL 2026 Base (NA_inputs/base_fel_v260707_v2.xlsx),2026-05-28,Konstantin Loffler <kl@wip.tu-berlin.de>
PJM,Power_BEVs,2025,17.472428112664243,,PJ,FEL 2026 Base (NA_inputs/base_fel_v260707_v2.xlsx),2026-05-28,Konstantin Loffler <kl@wip.tu-berlin.de>
PJM,Power_Buildings_Heat,2025,506.6868699604015,,PJ,FEL 2026 Base (NA_inputs/base_fel_v260707_v2.xlsx),2026-05-28,Konstantin Loffler <kl@wip.tu-berlin.de>
PJM,Power_DataCenter,2025,167.0353341552,,PJ,FEL 2026 Base (NA_inputs/base_fel_v260707_v2.xlsx),2026-05-28,Konstantin Loffler <kl@wip.tu-berlin.de>
PJM,Power_General,2025,2148.8584667523796,,PJ,FEL 2026 Base (NA_inputs/base_fel_v260707_v2.xlsx),2026-05-28,Konstantin Loffler <kl@wip.tu-berlin.de>
PJM,Power_Hydrogen,2025,1.188189756,,PJ,FEL 2026 Base (NA_inputs/base_fel_v260707_v2.xlsx),2026-05-28,Konstantin Loffler <kl@wip.tu-berlin.de>
PJM,Power_BEVs,2026,16.770952605603966,,PJ,FEL 2026 Base (NA_inputs/base_fel_v260707_v2.xlsx),2026-05-28,Konstantin Loffler <kl@wip.tu-berlin.de>
PJM,Power_Buildings_Heat,2026,488.16539219029676,,PJ,FEL 2026 Base (NA_inputs/base_fel_v260707_v2.xlsx),2026-05-28,Konstantin Loffler <kl@wip.tu-berlin.de>
PJM,Power_DataCenter,2026,209.27470057851693,,PJ,FEL 2026 Base (NA_inputs/base_fel_v260707_v2.xlsx),2026-05-28,Konstantin Loffler <kl@wip.tu-berlin.de>
PJM,Power_General,2026,2117.372213587186,,PJ,FEL 2026 Base (NA_inputs/base_fel_v260707_v2.xlsx),2026-05-28,Konstantin Loffler <kl@wip.tu-berlin.de>
PJM,Power_Hydrogen,2026,2.8323225763199997,,PJ,FEL 2026 Base (NA_inputs/base_fel_v260707_v2.xlsx),2026-05-28,Konstantin Loffler <kl@wip.tu-berlin.de>
PJM,Power_BEVs,2027,22.01043190137786,,PJ,FEL 2026 Base (NA_inputs/base_fel_v260707_v2.xlsx),2026-05-28,Konstantin Loffler <kl@wip.tu-berlin.de>
PJM,Power_Buildings_Heat,2027,479.9093075461688,,PJ,FEL 2026 Base (NA_inputs/base_fel_v260707_v2.xlsx),2026-05-28,Konstantin Loffler <kl@wip.tu-berlin.de>
PJM,Power_DataCenter,2027,243.41651388644914,,PJ,FEL 2026 Base (NA_inputs/base_fel_v260707_v2.xlsx),2026-05-28,Konstantin Loffler <kl@wip.tu-berlin.de>
PJM,Power_General,2027,2134.683945594608,,PJ,FEL 2026 Base (NA_inputs/base_fel_v260707_v2.xlsx),2026-05-28,Konstantin Loffler <kl@wip.tu-berlin.de>
PJM,Power_Hydrogen,2027,4.30320850128,,PJ,FEL 2026 Base (NA_inputs/base_fel_v260707_v2.xlsx),2026-05-28,Konstantin Loffler <kl@wip.tu-berlin.de>
PJM,Power_BEVs,2028,30.212323626003997,,PJ,FEL 2026 Base (NA_inputs/base_fel_v260707_v2.xlsx),2026-05-28,Konstantin Loffler <kl@wip.tu-berlin.de>
PJM,Power_Buildings_Heat,2028,469.380453903427,,PJ,FEL 2026 Base (NA_inputs/base_fel_v260707_v2.xlsx),2026-05-28,Konstantin Loffler <kl@wip.tu-berlin.de>
PJM,Power_DataCenter,2028,246.7025765811403,,PJ,FEL 2026 Base (NA_inputs/base_fel_v260707_v2.xlsx),2026-05-28,Konstantin Loffler <kl@wip.tu-berlin.de>
PJM,Power_General,2028,2150.847520936143,,PJ,FEL 2026 Base (NA_inputs/base_fel_v260707_v2.xlsx),2026-05-28,Konstantin Loffler <kl@wip.tu-berlin.de>
PJM,Power_Hydrogen,2028,4.6984770144,,PJ,FEL 2026 Base (NA_inputs/base_fel_v260707_v2.xlsx),2026-05-28,Konstantin Loffler <kl@wip.tu-berlin.de>
PJM,Power_BEVs,2029,28.42218633594233,,PJ,FEL 2026 Base (NA_inputs/base_fel_v260707_v2.xlsx),2026-05-28,Konstantin Loffler <kl@wip.tu-berlin.de>
PJM,Power_Buildings_Heat,2029,465.1309355465225,,PJ,FEL 2026 Base (NA_inputs/base_fel_v260707_v2.xlsx),2026-05-28,Konstantin Loffler <kl@wip.tu-berlin.de>
PJM,Power_DataCenter,2029,336.3612545926127,,PJ,FEL 2026 Base (NA_inputs/base_fel_v260707_v2.xlsx),2026-05-28,Konstantin Loffler <kl@wip.tu-berlin.de>
PJM,Power_General,2029,2213.0489266885684,,PJ,FEL 2026 Base (NA_inputs/base_fel_v260707_v2.xlsx),2026-05-28,Konstantin Loffler <kl@wip.tu-berlin.de>
PJM,Power_Hydrogen,2029,4.623456239999999,,PJ,FEL 2026 Base (NA_inputs/base_fel_v260707_v2.xlsx),2026-05-28,Konstantin Loffler <kl@wip.tu-berlin.de>
PJM,Power_BEVs,2030,49.079094525599736,,PJ,FEL 2026 Base (NA_inputs/base_fel_v260707_v2.xlsx),2026-05-28,Konstantin Loffler <kl@wip.tu-berlin.de>
PJM,Power_Buildings_Heat,2030,464.64784078380995,,PJ,FEL 2026 Base (NA_inputs/base_fel_v260707_v2.xlsx),2026-05-28,Konstantin Loffler <kl@wip.tu-berlin.de>
PJM,Power_DataCenter,2030,481.7811184053883,,PJ,FEL 2026 Base (NA_inputs/base_fel_v260707_v2.xlsx),2026-05-28,Konstantin Loffler <kl@wip.tu-berlin.de>
PJM,Power_General,2030,2295.713450877721,,PJ,FEL 2026 Base (NA_inputs/base_fel_v260707_v2.xlsx),2026-05-28,Konstantin Loffler <kl@wip.tu-berlin.de>
PJM,Power_Hydrogen,2030,3.4133112287999996,,PJ,FEL 2026 Base (NA_inputs/base_fel_v260707_v2.xlsx),2026-05-28,Konstantin Loffler <kl@wip.tu-berlin.de>
PJM,Power_BEVs,2031,60.79369268809756,,PJ,FEL 2026 Base (NA_inputs/base_fel_v260707_v2.xlsx),2026-05-28,Konstantin Loffler <kl@wip.tu-berlin.de>
PJM,Power_Buildings_Heat,2031,474.2372842502293,,PJ,FEL 2026 Base (NA_inputs/base_fel_v260707_v2.xlsx),2026-05-28,Konstantin Loffler <kl@wip.tu-berlin.de>
PJM,Power_DataCenter,2031,609.6653788963893,,PJ,FEL 2026 Base (NA_inputs/base_fel_v260707_v2.xlsx),2026-05-28,Konstantin Loffler <kl@wip.tu-berlin.de>
PJM,Power_General,2031,2418.5789350504433,,PJ,FEL 2026 Base (NA_inputs/base_fel_v260707_v2.xlsx),2026-05-28,Konstantin Loffler <kl@wip.tu-berlin.de>
PJM,Power_Hydrogen,2031,3.3950635488,,PJ,FEL 2026 Base (NA_inputs/base_fel_v260707_v2.xlsx),2026-05-28,Konstantin Loffler <kl@wip.tu-berlin.de>
PJM,Power_BEVs,2032,69.49660495908793,,PJ,FEL 2026 Base (NA_inputs/base_fel_v260707_v2.xlsx),2026-05-28,Konstantin Loffler <kl@wip.tu-berlin.de>
PJM,Power_Buildings_Heat,2032,479.50830540690407,,PJ,FEL 2026 Base (NA_inputs/base_fel_v260707_v2.xlsx),2026-05-28,Konstantin Loffler <kl@wip.tu-berlin.de>
PJM,Power_DataCenter,2032,731.853743924412,,PJ,FEL 2026 Base (NA_inputs/base_fel_v260707_v2.xlsx),2026-05-28,Konstantin Loffler <kl@wip.tu-berlin.de>
PJM,Power_General,2032,2526.2045675135537,,PJ,FEL 2026 Base (NA_inputs/base_fel_v260707_v2.xlsx),2026-05-28,Konstantin Loffler <kl@wip.tu-berlin.de>
PJM,Power_Hydrogen,2032,3.4133657472,,PJ,FEL 2026 Base (NA_inputs/base_fel_v260707_v2.xlsx),2026-05-28,Konstantin Loffler <kl@wip.tu-berlin.de>
PJM,Power_BEVs,2033,90.52015340702759,,PJ,FEL 2026 Base (NA_inputs/base_fel_v260707_v2.xlsx),2026-05-28,Konstantin Loffler <kl@wip.tu-berlin.de>
PJM,Power_Buildings_Heat,2033,479.624453817639,,PJ,FEL 2026 Base (NA_inputs/base_fel_v260707_v2.xlsx),2026-05-28,Konstantin Loffler <kl@wip.tu-berlin.de>
PJM,Power_DataCenter,2033,847.3990207528893,,PJ,FEL 2026 Base (NA_inputs/base_fel_v260707_v2.xlsx),2026-05-28,Konstantin Loffler <kl@wip.tu-berlin.de>
PJM,Power_General,2033,2603.732531282291,,PJ,FEL 2026 Base (NA_inputs/base_fel_v260707_v2.xlsx),2026-05-28,Konstantin Loffler <kl@wip.tu-berlin.de>
PJM,Power_Hydrogen,2033,3.4551622656,,PJ,FEL 2026 Base (NA_inputs/base_fel_v260707_v2.xlsx),2026-05-28,Konstantin Loffler <kl@wip.tu-berlin.de>
PJM,Power_BEVs,2034,115.59427301750387,,PJ,FEL 2026 Base (NA_inputs/base_fel_v260707_v2.xlsx),2026-05-28,Konstantin Loffler <kl@wip.tu-berlin.de>
PJM,Power_Buildings_Heat,2034,478.5320772710905,,PJ,FEL 2026 Base (NA_inputs/base_fel_v260707_v2.xlsx),2026-05-28,Konstantin Loffler <kl@wip.tu-berlin.de>
PJM,Power_DataCenter,2034,995.6384729130529,,PJ,FEL 2026 Base (NA_inputs/base_fel_v260707_v2.xlsx),2026-05-28,Konstantin Loffler <kl@wip.tu-berlin.de>
PJM,Power_General,2034,2673.679906131195,,PJ,FEL 2026 Base (NA_inputs/base_fel_v260707_v2.xlsx),2026-05-28,Konstantin Loffler <kl@wip.tu-berlin.de>
PJM,Power_Hydrogen,2034,3.50012464704,,PJ,FEL 2026 Base (NA_inputs/base_fel_v260707_v2.xlsx),2026-05-28,Konstantin Loffler <kl@wip.tu-berlin.de>
PJM,Power_BEVs,2035,135.19821544438312,,PJ,FEL 2026 Base (NA_inputs/base_fel_v260707_v2.xlsx),2026-05-28,Konstantin Loffler <kl@wip.tu-berlin.de>
PJM,Power_Buildings_Heat,2035,478.47473621645076,,PJ,FEL 2026 Base (NA_inputs/base_fel_v260707_v2.xlsx),2026-05-28,Konstantin Loffler <kl@wip.tu-berlin.de>
PJM,Power_DataCenter,2035,1148.064393535385,,PJ,FEL 2026 Base (NA_inputs/base_fel_v260707_v2.xlsx),2026-05-28,Konstantin Loffler <kl@wip.tu-berlin.de>
PJM,Power_General,2035,2744.244629905045,,PJ,FEL 2026 Base (NA_inputs/base_fel_v260707_v2.xlsx),2026-05-28,Konstantin Loffler <kl@wip.tu-berlin.de>
PJM,Power_Hydrogen,2035,3.5326198224,,PJ,FEL 2026 Base (NA_inputs/base_fel_v260707_v2.xlsx),2026-05-28,Konstantin Loffler <kl@wip.tu-berlin.de>
PJM,Power_BEVs,2036,161.82705630602447,,PJ,FEL 2026 Base (NA_inputs/base_fel_v260707_v2.xlsx),2026-05-28,Konstantin Loffler <kl@wip.tu-berlin.de>
PJM,Power_Buildings_Heat,2036,475.8531427395661,,PJ,FEL 2026 Base (NA_inputs/base_fel_v260707_v2.xlsx),2026-05-28,Konstantin Loffler <kl@wip.tu-berlin.de>
PJM,Power_DataCenter,2036,1279.019430951839,,PJ,FEL 2026 Base (NA_inputs/base_fel_v260707_v2.xlsx),2026-05-28,Konstantin Loffler <kl@wip.tu-berlin.de>
PJM,Power_General,2036,2798.1292389841337,,PJ,FEL 2026 Base (NA_inputs/base_fel_v260707_v2.xlsx),2026-05-28,Konstantin Loffler <kl@wip.tu-berlin.de>
PJM,Power_Hydrogen,2036,3.5533705262399997,,PJ,FEL 2026 Base (NA_inputs/base_fel_v260707_v2.xlsx),2026-05-28,Konstantin Loffler <kl@wip.tu-berlin.de>
PJM,Power_BEVs,2037,188.83002600945792,,PJ,FEL 2026 Base (NA_inputs/base_fel_v260707_v2.xlsx),2026-05-28,Konstantin Loffler <kl@wip.tu-berlin.de>
PJM,Power_Buildings_Heat,2037,474.20865515156333,,PJ,FEL 2026 Base (NA_inputs/base_fel_v260707_v2.xlsx),2026-05-28,Konstantin Loffler <kl@wip.tu-berlin.de>
PJM,Power_DataCenter,2037,1408.3831105395398,,PJ,FEL 2026 Base (NA_inputs/base_fel_v260707_v2.xlsx),2026-05-28,Konstantin Loffler <kl@wip.tu-berlin.de>
PJM,Power_General,2037,2854.038817455156,,PJ,FEL 2026 Base (NA_inputs/base_fel_v260707_v2.xlsx),2026-05-28,Konstantin Loffler <kl@wip.tu-berlin.de>
PJM,Power_Hydrogen,2037,3.58062145056,,PJ,FEL 2026 Base (NA_inputs/base_fel_v260707_v2.xlsx),2026-05-28,Konstantin Loffler <kl@wip.tu-berlin.de>
PJM,Power_BEVs,2038,218.7676821750033,,PJ,FEL 2026 Base (NA_inputs/base_fel_v260707_v2.xlsx),2026-05-28,Konstantin Loffler <kl@wip.tu-berlin.de>
PJM,Power_Buildings_Heat,2038,472.82877470737725,,PJ,FEL 2026 Base (NA_inputs/base_fel_v260707_v2.xlsx),2026-05-28,Konstantin Loffler <kl@wip.tu-berlin.de>
PJM,Power_DataCenter,2038,1532.6986831503343,,PJ,FEL 2026 Base (NA_inputs/base_fel_v260707_v2.xlsx),2026-05-28,Konstantin Loffler <kl@wip.tu-berlin.de>
PJM,Power_General,2038,2908.7182723535257,,PJ,FEL 2026 Base (NA_inputs/base_fel_v260707_v2.xlsx),2026-05-28,Konstantin Loffler <kl@wip.tu-berlin.de>
PJM,Power_Hydrogen,2038,3.59899707384,,PJ,FEL 2026 Base (NA_inputs/base_fel_v260707_v2.xlsx),2026-05-28,Konstantin Loffler <kl@wip.tu-berlin.de>
PJM,Power_BEVs,2039,251.69219256982936,,PJ,FEL 2026 Base (NA_inputs/base_fel_v260707_v2.xlsx),2026-05-28,Konstantin Loffler <kl@wip.tu-berlin.de>
PJM,Power_Buildings_Heat,2039,477.5718310356894,,PJ,FEL 2026 Base (NA_inputs/base_fel_v260707_v2.xlsx),2026-05-28,Konstantin Loffler <kl@wip.tu-berlin.de>
PJM,Power_DataCenter,2039,1629.1570416026777,,PJ,FEL 2026 Base (NA_inputs/base_fel_v260707_v2.xlsx),2026-05-28,Konstantin Loffler <kl@wip.tu-berlin.de>
PJM,Power_General,2039,2957.513177780387,,PJ,FEL 2026 Base (NA_inputs/base_fel_v260707_v2.xlsx),2026-05-28,Konstantin Loffler <kl@wip.tu-berlin.de>
PJM,Power_Hydrogen,2039,3.6241229260799996,,PJ,FEL 2026 Base (NA_inputs/base_fel_v260707_v2.xlsx),2026-05-28,Konstantin Loffler <kl@wip.tu-berlin.de>
PJM,Power_BEVs,2040,287.9417542971066,,PJ,FEL 2026 Base (NA_inputs/base_fel_v260707_v2.xlsx),2026-05-28,Konstantin Loffler <kl@wip.tu-berlin.de>
PJM,Power_Buildings_Heat,2040,477.7416895120255,,PJ,FEL 2026 Base (NA_inputs/base_fel_v260707_v2.xlsx),2026-05-28,Konstantin Loffler <kl@wip.tu-berlin.de>
PJM,Power_DataCenter,2040,1711.78405344208,,PJ,FEL 2026 Base (NA_inputs/base_fel_v260707_v2.xlsx),2026-05-28,Konstantin Loffler <kl@wip.tu-berlin.de>
PJM,Power_General,2040,3010.4676922836315,,PJ,FEL 2026 Base (NA_inputs/base_fel_v260707_v2.xlsx),2026-05-28,Konstantin Loffler <kl@wip.tu-berlin.de>
PJM,Power_Hydrogen,2040,3.6401234688,,PJ,FEL 2026 Base (NA_inputs/base_fel_v260707_v2.xlsx),2026-05-28,Konstantin Loffler <kl@wip.tu-berlin.de>
SERC,Power_BEVs,2025,8.720397995796795,,PJ,FEL 2026 Base (NA_inputs/base_fel_v260707_v2.xlsx),2026-05-28,Konstantin Loffler <kl@wip.tu-berlin.de>
SERC,Power_Buildings_Heat,2025,693.1703977563984,,PJ,FEL 2026 Base (NA_inputs/base_fel_v260707_v2.xlsx),2026-05-28,Konstantin Loffler <kl@wip.tu-berlin.de>
SERC,Power_DataCenter,2025,47.724163068456,,PJ,FEL 2026 Base (NA_inputs/base_fel_v260707_v2.xlsx),2026-05-28,Konstantin Loffler <kl@wip.tu-berlin.de>
SERC,Power_General,2025,2752.8879827082433,,PJ,FEL 2026 Base (NA_inputs/base_fel_v260707_v2.xlsx),2026-05-28,Konstantin Loffler <kl@wip.tu-berlin.de>
SERC,Power_Hydrogen,2025,1.2453597936,,PJ,FEL 2026 Base (NA_inputs/base_fel_v260707_v2.xlsx),2026-05-28,Konstantin Loffler <kl@wip.tu-berlin.de>
SERC,Power_BEVs,2026,8.368799305948002,,PJ,FEL 2026 Base (NA_inputs/base_fel_v260707_v2.xlsx),2026-05-28,Konstantin Loffler <kl@wip.tu-berlin.de>
SERC,Power_Buildings_Heat,2026,682.9575791876497,,PJ,FEL 2026 Base (NA_inputs/base_fel_v260707_v2.xlsx),2026-05-28,Konstantin Loffler <kl@wip.tu-berlin.de>
SERC,Power_DataCenter,2026,57.983913920403104,,PJ,FEL 2026 Base (NA_inputs/base_fel_v260707_v2.xlsx),2026-05-28,Konstantin Loffler <kl@wip.tu-berlin.de>
SERC,Power_General,2026,2764.4842674845054,,PJ,FEL 2026 Base (NA_inputs/base_fel_v260707_v2.xlsx),2026-05-28,Konstantin Loffler <kl@wip.tu-berlin.de>
SERC,Power_Hydrogen,2026,3.02812277472,,PJ,FEL 2026 Base (NA_inputs/base_fel_v260707_v2.xlsx),2026-05-28,Konstantin Loffler <kl@wip.tu-berlin.de>
SERC,Power_BEVs,2027,7.3240294453286,,PJ,FEL 2026 Base (NA_inputs/base_fel_v260707_v2.xlsx),2026-05-28,Konstantin Loffler <kl@wip.tu-berlin.de>
SERC,Power_Buildings_Heat,2027,668.2341989457315,,PJ,FEL 2026 Base (NA_inputs/base_fel_v260707_v2.xlsx),2026-05-28,Konstantin Loffler <kl@wip.tu-berlin.de>
SERC,Power_DataCenter,2027,64.7558180451239,,PJ,FEL 2026 Base (NA_inputs/base_fel_v260707_v2.xlsx),2026-05-28,Konstantin Loffler <kl@wip.tu-berlin.de>
SERC,Power_General,2027,2763.64852944293,,PJ,FEL 2026 Base (NA_inputs/base_fel_v260707_v2.xlsx),2026-05-28,Konstantin Loffler <kl@wip.tu-berlin.de>
SERC,Power_Hydrogen,2027,4.570391666880001,,PJ,FEL 2026 Base (NA_inputs/base_fel_v260707_v2.xlsx),2026-05-28,Konstantin Loffler <kl@wip.tu-berlin.de>
SERC,Power_BEVs,2028,7.541356228268078,,PJ,FEL 2026 Base (NA_inputs/base_fel_v260707_v2.xlsx),2026-05-28,Konstantin Loffler <kl@wip.tu-berlin.de>
SERC,Power_Buildings_Heat,2028,650.9430908663774,,PJ,FEL 2026 Base (NA_inputs/base_fel_v260707_v2.xlsx),2026-05-28,Konstantin Loffler <kl@wip.tu-berlin.de>
SERC,Power_DataCenter,2028,70.32252347169491,,PJ,FEL 2026 Base (NA_inputs/base_fel_v260707_v2.xlsx),2026-05-28,Konstantin Loffler <kl@wip.tu-berlin.de>
SERC,Power_General,2028,2760.559264769337,,PJ,FEL 2026 Base (NA_inputs/base_fel_v260707_v2.xlsx),2026-05-28,Konstantin Loffler <kl@wip.tu-berlin.de>
SERC,Power_Hydrogen,2028,4.9582335816,,PJ,FEL 2026 Base (NA_inputs/base_fel_v260707_v2.xlsx),2026-05-28,Konstantin Loffler <kl@wip.tu-berlin.de>
SERC,Power_BEVs,2029,14.17563962315816,,PJ,FEL 2026 Base (NA_inputs/base_fel_v260707_v2.xlsx),2026-05-28,Konstantin Loffler <kl@wip.tu-berlin.de>
SERC,Power_Buildings_Heat,2029,644.692120026973,,PJ,FEL 2026 Base (NA_inputs/base_fel_v260707_v2.xlsx),2026-05-28,Konstantin Loffler <kl@wip.tu-berlin.de>
SERC,Power_DataCenter,2029,101.38401135318496,,PJ,FEL 2026 Base (NA_inputs/base_fel_v260707_v2.xlsx),2026-05-28,Konstantin Loffler <kl@wip.tu-berlin.de>
SERC,Power_General,2029,2821.6432018189553,,PJ,FEL 2026 Base (NA_inputs/base_fel_v260707_v2.xlsx),2026-05-28,Konstantin Loffler <kl@wip.tu-berlin.de>
SERC,Power_Hydrogen,2029,4.87185192,,PJ,FEL 2026 Base (NA_inputs/base_fel_v260707_v2.xlsx),2026-05-28,Konstantin Loffler <kl@wip.tu-berlin.de>
SERC,Power_BEVs,2030,13.995057322924463,,PJ,FEL 2026 Base (NA_inputs/base_fel_v260707_v2.xlsx),2026-05-28,Konstantin Loffler <kl@wip.tu-berlin.de>
SERC,Power_Buildings_Heat,2030,640.7232256739619,,PJ,FEL 2026 Base (NA_inputs/base_fel_v260707_v2.xlsx),2026-05-28,Konstantin Loffler <kl@wip.tu-berlin.de>
SERC,Power_DataCenter,2030,148.31444289963002,,PJ,FEL 2026 Base (NA_inputs/base_fel_v260707_v2.xlsx),2026-05-28,Konstantin Loffler <kl@wip.tu-berlin.de>
SERC,Power_General,2030,2895.0756538253095,,PJ,FEL 2026 Base (NA_inputs/base_fel_v260707_v2.xlsx),2026-05-28,Konstantin Loffler <kl@wip.tu-berlin.de>
SERC,Power_Hydrogen,2030,3.57715116,,PJ,FEL 2026 Base (NA_inputs/base_fel_v260707_v2.xlsx),2026-05-28,Konstantin Loffler <kl@wip.tu-berlin.de>
SERC,Power_BEVs,2031,15.17043995750913,,PJ,FEL 2026 Base (NA_inputs/base_fel_v260707_v2.xlsx),2026-05-28,Konstantin Loffler <kl@wip.tu-berlin.de>
SERC,Power_Buildings_Heat,2031,633.8966263916249,,PJ,FEL 2026 Base (NA_inputs/base_fel_v260707_v2.xlsx),2026-05-28,Konstantin Loffler <kl@wip.tu-berlin.de>
SERC,Power_DataCenter,2031,193.06694345941105,,PJ,FEL 2026 Base (NA_inputs/base_fel_v260707_v2.xlsx),2026-05-28,Konstantin Loffler <kl@wip.tu-berlin.de>
SERC,Power_General,2031,2946.567736323415,,PJ,FEL 2026 Base (NA_inputs/base_fel_v260707_v2.xlsx),2026-05-28,Konstantin Loffler <kl@wip.tu-berlin.de>
SERC,Power_Hydrogen,2031,3.4510687848000003,,PJ,FEL 2026 Base (NA_inputs/base_fel_v260707_v2.xlsx),2026-05-28,Konstantin Loffler <kl@wip.tu-berlin.de>
SERC,Power_BEVs,2032,30.8080107387539,,PJ,FEL 2026 Base (NA_inputs/base_fel_v260707_v2.xlsx),2026-05-28,Konstantin Loffler <kl@wip.tu-berlin.de>
SERC,Power_Buildings_Heat,2032,624.446431816365,,PJ,FEL 2026 Base (NA_inputs/base_fel_v260707_v2.xlsx),2026-05-28,Konstantin Loffler <kl@wip.tu-berlin.de>
SERC,Power_DataCenter,2032,228.59628730765078,,PJ,FEL 2026 Base (NA_inputs/base_fel_v260707_v2.xlsx),2026-05-28,Konstantin Loffler <kl@wip.tu-berlin.de>
SERC,Power_General,2032,2987.768260347844,,PJ,FEL 2026 Base (NA_inputs/base_fel_v260707_v2.xlsx),2026-05-28,Konstantin Loffler <kl@wip.tu-berlin.de>
SERC,Power_Hydrogen,2032,3.379966164,,PJ,FEL 2026 Base (NA_inputs/base_fel_v260707_v2.xlsx),2026-05-28,Konstantin Loffler <kl@wip.tu-berlin.de>
SERC,Power_BEVs,2033,32.838102561238074,,PJ,FEL 2026 Base (NA_inputs/base_fel_v260707_v2.xlsx),2026-05-28,Konstantin Loffler <kl@wip.tu-berlin.de>
SERC,Power_Buildings_Heat,2033,614.0089180083307,,PJ,FEL 2026 Base (NA_inputs/base_fel_v260707_v2.xlsx),2026-05-28,Konstantin Loffler <kl@wip.tu-berlin.de>
SERC,Power_DataCenter,2033,259.5184502511246,,PJ,FEL 2026 Base (NA_inputs/base_fel_v260707_v2.xlsx),2026-05-28,Konstantin Loffler <kl@wip.tu-berlin.de>
SERC,Power_General,2033,3016.5155329587474,,PJ,FEL 2026 Base (NA_inputs/base_fel_v260707_v2.xlsx),2026-05-28,Konstantin Loffler <kl@wip.tu-berlin.de>
SERC,Power_Hydrogen,2033,3.3606510336,,PJ,FEL 2026 Base (NA_inputs/base_fel_v260707_v2.xlsx),2026-05-28,Konstantin Loffler <kl@wip.tu-berlin.de>
SERC,Power_BEVs,2034,41.185312033710844,,PJ,FEL 2026 Base (NA_inputs/base_fel_v260707_v2.xlsx),2026-05-28,Konstantin Loffler <kl@wip.tu-berlin.de>
SERC,Power_Buildings_Heat,2034,605.2065836435128,,PJ,FEL 2026 Base (NA_inputs/base_fel_v260707_v2.xlsx),2026-05-28,Konstantin Loffler <kl@wip.tu-berlin.de>
SERC,Power_DataCenter,2034,303.5901105293951,,PJ,FEL 2026 Base (NA_inputs/base_fel_v260707_v2.xlsx),2026-05-28,Konstantin Loffler <kl@wip.tu-berlin.de>
SERC,Power_General,2034,3050.2557168896283,,PJ,FEL 2026 Base (NA_inputs/base_fel_v260707_v2.xlsx),2026-05-28,Konstantin Loffler <kl@wip.tu-berlin.de>
SERC,Power_Hydrogen,2034,3.3604617916799997,,PJ,FEL 2026 Base (NA_inputs/base_fel_v260707_v2.xlsx),2026-05-28,Konstantin Loffler <kl@wip.tu-berlin.de>
SERC,Power_BEVs,2035,50.574512646087285,,PJ,FEL 2026 Base (NA_inputs/base_fel_v260707_v2.xlsx),2026-05-28,Konstantin Loffler <kl@wip.tu-berlin.de>
SERC,Power_Buildings_Heat,2035,596.9644794954991,,PJ,FEL 2026 Base (NA_inputs/base_fel_v260707_v2.xlsx),2026-05-28,Konstantin Loffler <kl@wip.tu-berlin.de>
SERC,Power_DataCenter,2035,348.3579327631304,,PJ,FEL 2026 Base (NA_inputs/base_fel_v260707_v2.xlsx),2026-05-28,Konstantin Loffler <kl@wip.tu-berlin.de>
SERC,Power_General,2035,3079.0124486482005,,PJ,FEL 2026 Base (NA_inputs/base_fel_v260707_v2.xlsx),2026-05-28,Konstantin Loffler <kl@wip.tu-berlin.de>
SERC,Power_Hydrogen,2035,3.3435943344,,PJ,FEL 2026 Base (NA_inputs/base_fel_v260707_v2.xlsx),2026-05-28,Konstantin Loffler <kl@wip.tu-berlin.de>
SERC,Power_BEVs,2036,60.53893022105048,,PJ,FEL 2026 Base (NA_inputs/base_fel_v260707_v2.xlsx),2026-05-28,Konstantin Loffler <kl@wip.tu-berlin.de>
SERC,Power_Buildings_Heat,2036,593.999686002638,,PJ,FEL 2026 Base (NA_inputs/base_fel_v260707_v2.xlsx),2026-05-28,Konstantin Loffler <kl@wip.tu-berlin.de>
SERC,Power_DataCenter,2036,388.0937057530349,,PJ,FEL 2026 Base (NA_inputs/base_fel_v260707_v2.xlsx),2026-05-28,Konstantin Loffler <kl@wip.tu-berlin.de>
SERC,Power_General,2036,3132.2036637007354,,PJ,FEL 2026 Base (NA_inputs/base_fel_v260707_v2.xlsx),2026-05-28,Konstantin Loffler <kl@wip.tu-berlin.de>
SERC,Power_Hydrogen,2036,3.3632346974400003,,PJ,FEL 2026 Base (NA_inputs/base_fel_v260707_v2.xlsx),2026-05-28,Konstantin Loffler <kl@wip.tu-berlin.de>
SERC,Power_BEVs,2037,70.64416960349975,,PJ,FEL 2026 Base (NA_inputs/base_fel_v260707_v2.xlsx),2026-05-28,Konstantin Loffler <kl@wip.tu-berlin.de>
SERC,Power_Buildings_Heat,2037,592.1313295000921,,PJ,FEL 2026 Base (NA_inputs/base_fel_v260707_v2.xlsx),2026-05-28,Konstantin Loffler <kl@wip.tu-berlin.de>
SERC,Power_DataCenter,2037,427.34661199205584,,PJ,FEL 2026 Base (NA_inputs/base_fel_v260707_v2.xlsx),2026-05-28,Konstantin Loffler <kl@wip.tu-berlin.de>
SERC,Power_General,2037,3187.7686744672205,,PJ,FEL 2026 Base (NA_inputs/base_fel_v260707_v2.xlsx),2026-05-28,Konstantin Loffler <kl@wip.tu-berlin.de>
SERC,Power_Hydrogen,2037,3.38902746336,,PJ,FEL 2026 Base (NA_inputs/base_fel_v260707_v2.xlsx),2026-05-28,Konstantin Loffler <kl@wip.tu-berlin.de>
SERC,Power_BEVs,2038,81.8483237546158,,PJ,FEL 2026 Base (NA_inputs/base_fel_v260707_v2.xlsx),2026-05-28,Konstantin Loffler <kl@wip.tu-berlin.de>
SERC,Power_Buildings_Heat,2038,590.5600102281762,,PJ,FEL 2026 Base (NA_inputs/base_fel_v260707_v2.xlsx),2026-05-28,Konstantin Loffler <kl@wip.tu-berlin.de>
SERC,Power_DataCenter,2038,465.0677678164277,,PJ,FEL 2026 Base (NA_inputs/base_fel_v260707_v2.xlsx),2026-05-28,Konstantin Loffler <kl@wip.tu-berlin.de>
SERC,Power_General,2038,3242.348983018325,,PJ,FEL 2026 Base (NA_inputs/base_fel_v260707_v2.xlsx),2026-05-28,Konstantin Loffler <kl@wip.tu-berlin.de>
SERC,Power_Hydrogen,2038,3.40641983304,,PJ,FEL 2026 Base (NA_inputs/base_fel_v260707_v2.xlsx),2026-05-28,Konstantin Loffler <kl@wip.tu-berlin.de>
SERC,Power_BEVs,2039,94.17106688546693,,PJ,FEL 2026 Base (NA_inputs/base_fel_v260707_v2.xlsx),2026-05-28,Konstantin Loffler <kl@wip.tu-berlin.de>
SERC,Power_Buildings_Heat,2039,595.8575170986762,,PJ,FEL 2026 Base (NA_inputs/base_fel_v260707_v2.xlsx),2026-05-28,Konstantin Loffler <kl@wip.tu-berlin.de>
SERC,Power_DataCenter,2039,494.336190857324,,PJ,FEL 2026 Base (NA_inputs/base_fel_v260707_v2.xlsx),2026-05-28,Konstantin Loffler <kl@wip.tu-berlin.de>
SERC,Power_General,2039,3291.059205614096,,PJ,FEL 2026 Base (NA_inputs/base_fel_v260707_v2.xlsx),2026-05-28,Konstantin Loffler <kl@wip.tu-berlin.de>
SERC,Power_Hydrogen,2039,3.43020123648,,PJ,FEL 2026 Base (NA_inputs/base_fel_v260707_v2.xlsx),2026-05-28,Konstantin Loffler <kl@wip.tu-berlin.de>
SERC,Power_BEVs,2040,107.73879569667992,,PJ,FEL 2026 Base (NA_inputs/base_fel_v260707_v2.xlsx),2026-05-28,Konstantin Loffler <kl@wip.tu-berlin.de>
SERC,Power_Buildings_Heat,2040,596.0247261063977,,PJ,FEL 2026 Base (NA_inputs/base_fel_v260707_v2.xlsx),2026-05-28,Konstantin Loffler <kl@wip.tu-berlin.de>
SERC,Power_DataCenter,2040,519.407759313629,,PJ,FEL 2026 Base (NA_inputs/base_fel_v260707_v2.xlsx),2026-05-28,Konstantin Loffler <kl@wip.tu-berlin.de>
SERC,Power_General,2040,3345.1688101074296,,PJ,FEL 2026 Base (NA_inputs/base_fel_v260707_v2.xlsx),2026-05-28,Konstantin Loffler <kl@wip.tu-berlin.de>
SERC,Power_Hydrogen,2040,3.4453456128,,PJ,FEL 2026 Base (NA_inputs/base_fel_v260707_v2.xlsx),2026-05-28,Konstantin Loffler <kl@wip.tu-berlin.de>
SPP,Power_BEVs,2025,0.0,,PJ,FEL 2026 Base (NA_inputs/base_fel_v260707_v2.xlsx),2026-05-28,Konstantin Loffler <kl@wip.tu-berlin.de>
SPP,Power_Buildings_Heat,2025,193.49896131484553,,PJ,FEL 2026 Base (NA_inputs/base_fel_v260707_v2.xlsx),2026-05-28,Konstantin Loffler <kl@wip.tu-berlin.de>
SPP,Power_DataCenter,2025,32.994822404880004,,PJ,FEL 2026 Base (NA_inputs/base_fel_v260707_v2.xlsx),2026-05-28,Konstantin Loffler <kl@wip.tu-berlin.de>
SPP,Power_General,2025,895.772059936826,,PJ,FEL 2026 Base (NA_inputs/base_fel_v260707_v2.xlsx),2026-05-28,Konstantin Loffler <kl@wip.tu-berlin.de>
SPP,Power_Hydrogen,2025,0.5926360752000001,,PJ,FEL 2026 Base (NA_inputs/base_fel_v260707_v2.xlsx),2026-05-28,Konstantin Loffler <kl@wip.tu-berlin.de>
SPP,Power_BEVs,2026,0.0,,PJ,FEL 2026 Base (NA_inputs/base_fel_v260707_v2.xlsx),2026-05-28,Konstantin Loffler <kl@wip.tu-berlin.de>
SPP,Power_Buildings_Heat,2026,196.86681514726848,,PJ,FEL 2026 Base (NA_inputs/base_fel_v260707_v2.xlsx),2026-05-28,Konstantin Loffler <kl@wip.tu-berlin.de>
SPP,Power_DataCenter,2026,36.32334414669907,,PJ,FEL 2026 Base (NA_inputs/base_fel_v260707_v2.xlsx),2026-05-28,Konstantin Loffler <kl@wip.tu-berlin.de>
SPP,Power_General,2026,906.1851588829497,,PJ,FEL 2026 Base (NA_inputs/base_fel_v260707_v2.xlsx),2026-05-28,Konstantin Loffler <kl@wip.tu-berlin.de>
SPP,Power_Hydrogen,2026,1.4885718537600001,,PJ,FEL 2026 Base (NA_inputs/base_fel_v260707_v2.xlsx),2026-05-28,Konstantin Loffler <kl@wip.tu-berlin.de>
SPP,Power_BEVs,2027,7.313280123129625,,PJ,FEL 2026 Base (NA_inputs/base_fel_v260707_v2.xlsx),2026-05-28,Konstantin Loffler <kl@wip.tu-berlin.de>
SPP,Power_Buildings_Heat,2027,189.74119953277815,,PJ,FEL 2026 Base (NA_inputs/base_fel_v260707_v2.xlsx),2026-05-28,Konstantin Loffler <kl@wip.tu-berlin.de>
SPP,Power_DataCenter,2027,38.02836109236977,,PJ,FEL 2026 Base (NA_inputs/base_fel_v260707_v2.xlsx),2026-05-28,Konstantin Loffler <kl@wip.tu-berlin.de>
SPP,Power_General,2027,871.037769788684,,PJ,FEL 2026 Base (NA_inputs/base_fel_v260707_v2.xlsx),2026-05-28,Konstantin Loffler <kl@wip.tu-berlin.de>
SPP,Power_Hydrogen,2027,2.2167309528,,PJ,FEL 2026 Base (NA_inputs/base_fel_v260707_v2.xlsx),2026-05-28,Konstantin Loffler <kl@wip.tu-berlin.de>
SPP,Power_BEVs,2028,7.528531986686222,,PJ,FEL 2026 Base (NA_inputs/base_fel_v260707_v2.xlsx),2026-05-28,Konstantin Loffler <kl@wip.tu-berlin.de>
SPP,Power_Buildings_Heat,2028,188.10974616852832,,PJ,FEL 2026 Base (NA_inputs/base_fel_v260707_v2.xlsx),2026-05-28,Konstantin Loffler <kl@wip.tu-berlin.de>
SPP,Power_DataCenter,2028,56.313927830535626,,PJ,FEL 2026 Base (NA_inputs/base_fel_v260707_v2.xlsx),2026-05-28,Konstantin Loffler <kl@wip.tu-berlin.de>
SPP,Power_General,2028,864.3120442822557,,PJ,FEL 2026 Base (NA_inputs/base_fel_v260707_v2.xlsx),2026-05-28,Konstantin Loffler <kl@wip.tu-berlin.de>
SPP,Power_Hydrogen,2028,2.4508836144,,PJ,FEL 2026 Base (NA_inputs/base_fel_v260707_v2.xlsx),2026-05-28,Konstantin Loffler <kl@wip.tu-berlin.de>
SPP,Power_BEVs,2029,7.079570571238902,,PJ,FEL 2026 Base (NA_inputs/base_fel_v260707_v2.xlsx),2026-05-28,Konstantin Loffler <kl@wip.tu-berlin.de>
SPP,Power_Buildings_Heat,2029,190.81787963237414,,PJ,FEL 2026 Base (NA_inputs/base_fel_v260707_v2.xlsx),2026-05-28,Konstantin Loffler <kl@wip.tu-berlin.de>
SPP,Power_DataCenter,2029,103.02220724673867,,PJ,FEL 2026 Base (NA_inputs/base_fel_v260707_v2.xlsx),2026-05-28,Konstantin Loffler <kl@wip.tu-berlin.de>
SPP,Power_General,2029,885.083514784442,,PJ,FEL 2026 Base (NA_inputs/base_fel_v260707_v2.xlsx),2026-05-28,Konstantin Loffler <kl@wip.tu-berlin.de>
SPP,Power_Hydrogen,2029,2.4671087999999997,,PJ,FEL 2026 Base (NA_inputs/base_fel_v260707_v2.xlsx),2026-05-28,Konstantin Loffler <kl@wip.tu-berlin.de>
SPP,Power_BEVs,2030,6.98776361791946,,PJ,FEL 2026 Base (NA_inputs/base_fel_v260707_v2.xlsx),2026-05-28,Konstantin Loffler <kl@wip.tu-berlin.de>
SPP,Power_Buildings_Heat,2030,190.4724398782559,,PJ,FEL 2026 Base (NA_inputs/base_fel_v260707_v2.xlsx),2026-05-28,Konstantin Loffler <kl@wip.tu-berlin.de>
SPP,Power_DataCenter,2030,170.46993305847428,,PJ,FEL 2026 Base (NA_inputs/base_fel_v260707_v2.xlsx),2026-05-28,Konstantin Loffler <kl@wip.tu-berlin.de>
SPP,Power_General,2030,891.3710638490357,,PJ,FEL 2026 Base (NA_inputs/base_fel_v260707_v2.xlsx),2026-05-28,Konstantin Loffler <kl@wip.tu-berlin.de>
SPP,Power_Hydrogen,2030,1.8199544615999999,,PJ,FEL 2026 Base (NA_inputs/base_fel_v260707_v2.xlsx),2026-05-28,Konstantin Loffler <kl@wip.tu-berlin.de>
SPP,Power_BEVs,2031,15.144897679691148,,PJ,FEL 2026 Base (NA_inputs/base_fel_v260707_v2.xlsx),2026-05-28,Konstantin Loffler <kl@wip.tu-berlin.de>
SPP,Power_Buildings_Heat,2031,185.65535618778156,,PJ,FEL 2026 Base (NA_inputs/base_fel_v260707_v2.xlsx),2026-05-28,Konstantin Loffler <kl@wip.tu-berlin.de>
SPP,Power_DataCenter,2031,206.59361642817186,,PJ,FEL 2026 Base (NA_inputs/base_fel_v260707_v2.xlsx),2026-05-28,Konstantin Loffler <kl@wip.tu-berlin.de>
SPP,Power_General,2031,909.0784412207116,,PJ,FEL 2026 Base (NA_inputs/base_fel_v260707_v2.xlsx),2026-05-28,Konstantin Loffler <kl@wip.tu-berlin.de>
SPP,Power_Hydrogen,2031,1.7315169984,,PJ,FEL 2026 Base (NA_inputs/base_fel_v260707_v2.xlsx),2026-05-28,Konstantin Loffler <kl@wip.tu-berlin.de>
SPP,Power_BEVs,2032,15.388776696211885,,PJ,FEL 2026 Base (NA_inputs/base_fel_v260707_v2.xlsx),2026-05-28,Konstantin Loffler <kl@wip.tu-berlin.de>
SPP,Power_Buildings_Heat,2032,181.1746979892252,,PJ,FEL 2026 Base (NA_inputs/base_fel_v260707_v2.xlsx),2026-05-28,Konstantin Loffler <kl@wip.tu-berlin.de>
SPP,Power_DataCenter,2032,237.7842522261846,,PJ,FEL 2026 Base (NA_inputs/base_fel_v260707_v2.xlsx),2026-05-28,Konstantin Loffler <kl@wip.tu-berlin.de>
SPP,Power_General,2032,928.6676062979087,,PJ,FEL 2026 Base (NA_inputs/base_fel_v260707_v2.xlsx),2026-05-28,Konstantin Loffler <kl@wip.tu-berlin.de>
SPP,Power_Hydrogen,2032,1.6819218,,PJ,FEL 2026 Base (NA_inputs/base_fel_v260707_v2.xlsx),2026-05-28,Konstantin Loffler <kl@wip.tu-berlin.de>
SPP,Power_BEVs,2033,16.40158046242379,,PJ,FEL 2026 Base (NA_inputs/base_fel_v260707_v2.xlsx),2026-05-28,Konstantin Loffler <kl@wip.tu-berlin.de>
SPP,Power_Buildings_Heat,2033,178.47772505859209,,PJ,FEL 2026 Base (NA_inputs/base_fel_v260707_v2.xlsx),2026-05-28,Konstantin Loffler <kl@wip.tu-berlin.de>
SPP,Power_DataCenter,2033,265.93679467874307,,PJ,FEL 2026 Base (NA_inputs/base_fel_v260707_v2.xlsx),2026-05-28,Konstantin Loffler <kl@wip.tu-berlin.de>
SPP,Power_General,2033,954.5142307707308,,PJ,FEL 2026 Base (NA_inputs/base_fel_v260707_v2.xlsx),2026-05-28,Konstantin Loffler <kl@wip.tu-berlin.de>
SPP,Power_Hydrogen,2033,1.6773087744,,PJ,FEL 2026 Base (NA_inputs/base_fel_v260707_v2.xlsx),2026-05-28,Konstantin Loffler <kl@wip.tu-berlin.de>
SPP,Power_BEVs,2034,32.912544365186655,,PJ,FEL 2026 Base (NA_inputs/base_fel_v260707_v2.xlsx),2026-05-28,Konstantin Loffler <kl@wip.tu-berlin.de>
SPP,Power_Buildings_Heat,2034,174.2961469418099,,PJ,FEL 2026 Base (NA_inputs/base_fel_v260707_v2.xlsx),2026-05-28,Konstantin Loffler <kl@wip.tu-berlin.de>
SPP,Power_DataCenter,2034,309.845905252436,,PJ,FEL 2026 Base (NA_inputs/base_fel_v260707_v2.xlsx),2026-05-28,Konstantin Loffler <kl@wip.tu-berlin.de>
SPP,Power_General,2034,971.2226675321576,,PJ,FEL 2026 Base (NA_inputs/base_fel_v260707_v2.xlsx),2026-05-28,Konstantin Loffler <kl@wip.tu-berlin.de>
SPP,Power_Hydrogen,2034,1.6636804329600001,,PJ,FEL 2026 Base (NA_inputs/base_fel_v260707_v2.xlsx),2026-05-28,Konstantin Loffler <kl@wip.tu-berlin.de>
SPP,Power_BEVs,2035,33.683273388924746,,PJ,FEL 2026 Base (NA_inputs/base_fel_v260707_v2.xlsx),2026-05-28,Konstantin Loffler <kl@wip.tu-berlin.de>
SPP,Power_Buildings_Heat,2035,170.4081527115727,,PJ,FEL 2026 Base (NA_inputs/base_fel_v260707_v2.xlsx),2026-05-28,Konstantin Loffler <kl@wip.tu-berlin.de>
SPP,Power_DataCenter,2035,355.60233799542505,,PJ,FEL 2026 Base (NA_inputs/base_fel_v260707_v2.xlsx),2026-05-28,Konstantin Loffler <kl@wip.tu-berlin.de>
SPP,Power_General,2035,986.6313532753775,,PJ,FEL 2026 Base (NA_inputs/base_fel_v260707_v2.xlsx),2026-05-28,Konstantin Loffler <kl@wip.tu-berlin.de>
SPP,Power_Hydrogen,2035,1.6426091088,,PJ,FEL 2026 Base (NA_inputs/base_fel_v260707_v2.xlsx),2026-05-28,Konstantin Loffler <kl@wip.tu-berlin.de>
SPP,Power_BEVs,2036,40.32283950576556,,PJ,FEL 2026 Base (NA_inputs/base_fel_v260707_v2.xlsx),2026-05-28,Konstantin Loffler <kl@wip.tu-berlin.de>
SPP,Power_Buildings_Heat,2036,169.5018179925683,,PJ,FEL 2026 Base (NA_inputs/base_fel_v260707_v2.xlsx),2026-05-28,Konstantin Loffler <kl@wip.tu-berlin.de>
SPP,Power_DataCenter,2036,396.16445083490356,,PJ,FEL 2026 Base (NA_inputs/base_fel_v260707_v2.xlsx),2026-05-28,Konstantin Loffler <kl@wip.tu-berlin.de>
SPP,Power_General,2036,1017.4553457232026,,PJ,FEL 2026 Base (NA_inputs/base_fel_v260707_v2.xlsx),2026-05-28,Konstantin Loffler <kl@wip.tu-berlin.de>
SPP,Power_Hydrogen,2036,1.65225783888,,PJ,FEL 2026 Base (NA_inputs/base_fel_v260707_v2.xlsx),2026-05-28,Konstantin Loffler <kl@wip.tu-berlin.de>
SPP,Power_BEVs,2037,47.05656219915465,,PJ,FEL 2026 Base (NA_inputs/base_fel_v260707_v2.xlsx),2026-05-28,Konstantin Loffler <kl@wip.tu-berlin.de>
SPP,Power_Buildings_Heat,2037,168.9314468393042,,PJ,FEL 2026 Base (NA_inputs/base_fel_v260707_v2.xlsx),2026-05-28,Konstantin Loffler <kl@wip.tu-berlin.de>
SPP,Power_DataCenter,2037,436.23365529077637,,PJ,FEL 2026 Base (NA_inputs/base_fel_v260707_v2.xlsx),2026-05-28,Konstantin Loffler <kl@wip.tu-berlin.de>
SPP,Power_General,2037,1049.936358976539,,PJ,FEL 2026 Base (NA_inputs/base_fel_v260707_v2.xlsx),2026-05-28,Konstantin Loffler <kl@wip.tu-berlin.de>
SPP,Power_Hydrogen,2037,1.6649290627199997,,PJ,FEL 2026 Base (NA_inputs/base_fel_v260707_v2.xlsx),2026-05-28,Konstantin Loffler <kl@wip.tu-berlin.de>
SPP,Power_BEVs,2038,54.52291367095872,,PJ,FEL 2026 Base (NA_inputs/base_fel_v260707_v2.xlsx),2026-05-28,Konstantin Loffler <kl@wip.tu-berlin.de>
SPP,Power_Buildings_Heat,2038,168.4520913689085,,PJ,FEL 2026 Base (NA_inputs/base_fel_v260707_v2.xlsx),2026-05-28,Konstantin Loffler <kl@wip.tu-berlin.de>
SPP,Power_DataCenter,2038,474.7392552541259,,PJ,FEL 2026 Base (NA_inputs/base_fel_v260707_v2.xlsx),2026-05-28,Konstantin Loffler <kl@wip.tu-berlin.de>
SPP,Power_General,2038,1082.419645307722,,PJ,FEL 2026 Base (NA_inputs/base_fel_v260707_v2.xlsx),2026-05-28,Konstantin Loffler <kl@wip.tu-berlin.de>
SPP,Power_Hydrogen,2038,1.67347342008,,PJ,FEL 2026 Base (NA_inputs/base_fel_v260707_v2.xlsx),2026-05-28,Konstantin Loffler <kl@wip.tu-berlin.de>
SPP,Power_BEVs,2039,62.73514797277901,,PJ,FEL 2026 Base (NA_inputs/base_fel_v260707_v2.xlsx),2026-05-28,Konstantin Loffler <kl@wip.tu-berlin.de>
SPP,Power_Buildings_Heat,2039,170.07743605804924,,PJ,FEL 2026 Base (NA_inputs/base_fel_v260707_v2.xlsx),2026-05-28,Konstantin Loffler <kl@wip.tu-berlin.de>
SPP,Power_DataCenter,2039,504.61634052738935,,PJ,FEL 2026 Base (NA_inputs/base_fel_v260707_v2.xlsx),2026-05-28,Konstantin Loffler <kl@wip.tu-berlin.de>
SPP,Power_General,2039,1113.5451716124676,,PJ,FEL 2026 Base (NA_inputs/base_fel_v260707_v2.xlsx),2026-05-28,Konstantin Loffler <kl@wip.tu-berlin.de>
SPP,Power_Hydrogen,2039,1.68515652096,,PJ,FEL 2026 Base (NA_inputs/base_fel_v260707_v2.xlsx),2026-05-28,Konstantin Loffler <kl@wip.tu-berlin.de>
SPP,Power_BEVs,2040,71.77735737326248,,PJ,FEL 2026 Base (NA_inputs/base_fel_v260707_v2.xlsx),2026-05-28,Konstantin Loffler <kl@wip.tu-berlin.de>
SPP,Power_Buildings_Heat,2040,170.1307907845941,,PJ,FEL 2026 Base (NA_inputs/base_fel_v260707_v2.xlsx),2026-05-28,Konstantin Loffler <kl@wip.tu-berlin.de>
SPP,Power_DataCenter,2040,530.2092939863724,,PJ,FEL 2026 Base (NA_inputs/base_fel_v260707_v2.xlsx),2026-05-28,Konstantin Loffler <kl@wip.tu-berlin.de>
SPP,Power_General,2040,1146.3491153014852,,PJ,FEL 2026 Base (NA_inputs/base_fel_v260707_v2.xlsx),2026-05-28,Konstantin Loffler <kl@wip.tu-berlin.de>
SPP,Power_Hydrogen,2040,1.6925965056,,PJ,FEL 2026 Base (NA_inputs/base_fel_v260707_v2.xlsx),2026-05-28,Konstantin Loffler <kl@wip.tu-berlin.de>
WECC,Power_BEVs,2025,17.433974862998504,,PJ,FEL 2026 Base (NA_inputs/base_fel_v260707_v2.xlsx),2026-05-28,Konstantin Loffler <kl@wip.tu-berlin.de>
WECC,Power_Buildings_Heat,2025,296.82006438971376,,PJ,FEL 2026 Base (NA_inputs/base_fel_v260707_v2.xlsx),2026-05-28,Konstantin Loffler <kl@wip.tu-berlin.de>
WECC,Power_DataCenter,2025,105.372728988912,,PJ,FEL 2026 Base (NA_inputs/base_fel_v260707_v2.xlsx),2026-05-28,Konstantin Loffler <kl@wip.tu-berlin.de>
WECC,Power_General,2025,1288.374408643492,,PJ,FEL 2026 Base (NA_inputs/base_fel_v260707_v2.xlsx),2026-05-28,Konstantin Loffler <kl@wip.tu-berlin.de>
WECC,Power_Hydrogen,2025,0.794517984,,PJ,FEL 2026 Base (NA_inputs/base_fel_v260707_v2.xlsx),2026-05-28,Konstantin Loffler <kl@wip.tu-berlin.de>
WECC,Power_BEVs,2026,25.08842816921692,,PJ,FEL 2026 Base (NA_inputs/base_fel_v260707_v2.xlsx),2026-05-28,Konstantin Loffler <kl@wip.tu-berlin.de>
WECC,Power_Buildings_Heat,2026,286.58509867332117,,PJ,FEL 2026 Base (NA_inputs/base_fel_v260707_v2.xlsx),2026-05-28,Konstantin Loffler <kl@wip.tu-berlin.de>
WECC,Power_DataCenter,2026,99.06247006542519,,PJ,FEL 2026 Base (NA_inputs/base_fel_v260707_v2.xlsx),2026-05-28,Konstantin Loffler <kl@wip.tu-berlin.de>
WECC,Power_General,2026,1270.1274926035383,,PJ,FEL 2026 Base (NA_inputs/base_fel_v260707_v2.xlsx),2026-05-28,Konstantin Loffler <kl@wip.tu-berlin.de>
WECC,Power_Hydrogen,2026,1.89887302944,,PJ,FEL 2026 Base (NA_inputs/base_fel_v260707_v2.xlsx),2026-05-28,Konstantin Loffler <kl@wip.tu-berlin.de>
WECC,Power_BEVs,2027,29.264691979068193,,PJ,FEL 2026 Base (NA_inputs/base_fel_v260707_v2.xlsx),2026-05-28,Konstantin Loffler <kl@wip.tu-berlin.de>
WECC,Power_Buildings_Heat,2027,276.44831393850035,,PJ,FEL 2026 Base (NA_inputs/base_fel_v260707_v2.xlsx),2026-05-28,Konstantin Loffler <kl@wip.tu-berlin.de>
WECC,Power_DataCenter,2027,85.22516486560109,,PJ,FEL 2026 Base (NA_inputs/base_fel_v260707_v2.xlsx),2026-05-28,Konstantin Loffler <kl@wip.tu-berlin.de>
WECC,Power_General,2027,1255.1396759383836,,PJ,FEL 2026 Base (NA_inputs/base_fel_v260707_v2.xlsx),2026-05-28,Konstantin Loffler <kl@wip.tu-berlin.de>
WECC,Power_Hydrogen,2027,2.83541529024,,PJ,FEL 2026 Base (NA_inputs/base_fel_v260707_v2.xlsx),2026-05-28,Konstantin Loffler <kl@wip.tu-berlin.de>
WECC,Power_BEVs,2028,37.655561996194,,PJ,FEL 2026 Base (NA_inputs/base_fel_v260707_v2.xlsx),2026-05-28,Konstantin Loffler <kl@wip.tu-berlin.de>
WECC,Power_Buildings_Heat,2028,270.49144768908076,,PJ,FEL 2026 Base (NA_inputs/base_fel_v260707_v2.xlsx),2026-05-28,Konstantin Loffler <kl@wip.tu-berlin.de>
WECC,Power_DataCenter,2028,75.39330300956611,,PJ,FEL 2026 Base (NA_inputs/base_fel_v260707_v2.xlsx),2026-05-28,Konstantin Loffler <kl@wip.tu-berlin.de>
WECC,Power_General,2028,1263.3733366414956,,PJ,FEL 2026 Base (NA_inputs/base_fel_v260707_v2.xlsx),2026-05-28,Konstantin Loffler <kl@wip.tu-berlin.de>
WECC,Power_Hydrogen,2028,3.0982472351999997,,PJ,FEL 2026 Base (NA_inputs/base_fel_v260707_v2.xlsx),2026-05-28,Konstantin Loffler <kl@wip.tu-berlin.de>
WECC,Power_BEVs,2029,42.490822259097136,,PJ,FEL 2026 Base (NA_inputs/base_fel_v260707_v2.xlsx),2026-05-28,Konstantin Loffler <kl@wip.tu-berlin.de>
WECC,Power_Buildings_Heat,2029,265.81729311827786,,PJ,FEL 2026 Base (NA_inputs/base_fel_v260707_v2.xlsx),2026-05-28,Konstantin Loffler <kl@wip.tu-berlin.de>
WECC,Power_DataCenter,2029,86.97947169099827,,PJ,FEL 2026 Base (NA_inputs/base_fel_v260707_v2.xlsx),2026-05-28,Konstantin Loffler <kl@wip.tu-berlin.de>
WECC,Power_General,2029,1288.1187417965855,,PJ,FEL 2026 Base (NA_inputs/base_fel_v260707_v2.xlsx),2026-05-28,Konstantin Loffler <kl@wip.tu-berlin.de>
WECC,Power_Hydrogen,2029,3.0258727199999997,,PJ,FEL 2026 Base (NA_inputs/base_fel_v260707_v2.xlsx),2026-05-28,Konstantin Loffler <kl@wip.tu-berlin.de>
WECC,Power_BEVs,2030,55.913881698566605,,PJ,FEL 2026 Base (NA_inputs/base_fel_v260707_v2.xlsx),2026-05-28,Konstantin Loffler <kl@wip.tu-berlin.de>
WECC,Power_Buildings_Heat,2030,260.3178947539512,,PJ,FEL 2026 Base (NA_inputs/base_fel_v260707_v2.xlsx),2026-05-28,Konstantin Loffler <kl@wip.tu-berlin.de>
WECC,Power_DataCenter,2030,107.59541703096028,,PJ,FEL 2026 Base (NA_inputs/base_fel_v260707_v2.xlsx),2026-05-28,Konstantin Loffler <kl@wip.tu-berlin.de>
WECC,Power_General,2030,1308.9633455691676,,PJ,FEL 2026 Base (NA_inputs/base_fel_v260707_v2.xlsx),2026-05-28,Konstantin Loffler <kl@wip.tu-berlin.de>
WECC,Power_Hydrogen,2030,2.1932349911999998,,PJ,FEL 2026 Base (NA_inputs/base_fel_v260707_v2.xlsx),2026-05-28,Konstantin Loffler <kl@wip.tu-berlin.de>
WECC,Power_BEVs,2031,75.74841311899283,,PJ,FEL 2026 Base (NA_inputs/base_fel_v260707_v2.xlsx),2026-05-28,Konstantin Loffler <kl@wip.tu-berlin.de>
WECC,Power_Buildings_Heat,2031,255.50473110315323,,PJ,FEL 2026 Base (NA_inputs/base_fel_v260707_v2.xlsx),2026-05-28,Konstantin Loffler <kl@wip.tu-berlin.de>
WECC,Power_DataCenter,2031,128.10658737588338,,PJ,FEL 2026 Base (NA_inputs/base_fel_v260707_v2.xlsx),2026-05-28,Konstantin Loffler <kl@wip.tu-berlin.de>
WECC,Power_General,2031,1327.8967798013962,,PJ,FEL 2026 Base (NA_inputs/base_fel_v260707_v2.xlsx),2026-05-28,Konstantin Loffler <kl@wip.tu-berlin.de>
WECC,Power_Hydrogen,2031,2.1031826256,,PJ,FEL 2026 Base (NA_inputs/base_fel_v260707_v2.xlsx),2026-05-28,Konstantin Loffler <kl@wip.tu-berlin.de>
WECC,Power_BEVs,2032,100.04899696390352,,PJ,FEL 2026 Base (NA_inputs/base_fel_v260707_v2.xlsx),2026-05-28,Konstantin Loffler <kl@wip.tu-berlin.de>
WECC,Power_Buildings_Heat,2032,250.24977040886088,,PJ,FEL 2026 Base (NA_inputs/base_fel_v260707_v2.xlsx),2026-05-28,Konstantin Loffler <kl@wip.tu-berlin.de>
WECC,Power_DataCenter,2032,147.08585949708993,,PJ,FEL 2026 Base (NA_inputs/base_fel_v260707_v2.xlsx),2026-05-28,Konstantin Loffler <kl@wip.tu-berlin.de>
WECC,Power_General,2032,1345.3557296323397,,PJ,FEL 2026 Base (NA_inputs/base_fel_v260707_v2.xlsx),2026-05-28,Konstantin Loffler <kl@wip.tu-berlin.de>
WECC,Power_Hydrogen,2032,2.0527805808,,PJ,FEL 2026 Base (NA_inputs/base_fel_v260707_v2.xlsx),2026-05-28,Konstantin Loffler <kl@wip.tu-berlin.de>
WECC,Power_BEVs,2033,123.03354848021374,,PJ,FEL 2026 Base (NA_inputs/base_fel_v260707_v2.xlsx),2026-05-28,Konstantin Loffler <kl@wip.tu-berlin.de>
WECC,Power_Buildings_Heat,2033,246.98736848263735,,PJ,FEL 2026 Base (NA_inputs/base_fel_v260707_v2.xlsx),2026-05-28,Konstantin Loffler <kl@wip.tu-berlin.de>
WECC,Power_DataCenter,2033,165.4686059109078,,PJ,FEL 2026 Base (NA_inputs/base_fel_v260707_v2.xlsx),2026-05-28,Konstantin Loffler <kl@wip.tu-berlin.de>
WECC,Power_General,2033,1369.3282583850412,,PJ,FEL 2026 Base (NA_inputs/base_fel_v260707_v2.xlsx),2026-05-28,Konstantin Loffler <kl@wip.tu-berlin.de>
WECC,Power_Hydrogen,2033,2.052487296,,PJ,FEL 2026 Base (NA_inputs/base_fel_v260707_v2.xlsx),2026-05-28,Konstantin Loffler <kl@wip.tu-berlin.de>
WECC,Power_BEVs,2034,139.92022922324426,,PJ,FEL 2026 Base (NA_inputs/base_fel_v260707_v2.xlsx),2026-05-28,Konstantin Loffler <kl@wip.tu-berlin.de>
WECC,Power_Buildings_Heat,2034,242.69156019468414,,PJ,FEL 2026 Base (NA_inputs/base_fel_v260707_v2.xlsx),2026-05-28,Konstantin Loffler <kl@wip.tu-berlin.de>
WECC,Power_DataCenter,2034,194.15280080956157,,PJ,FEL 2026 Base (NA_inputs/base_fel_v260707_v2.xlsx),2026-05-28,Konstantin Loffler <kl@wip.tu-berlin.de>
WECC,Power_General,2034,1386.1747372424832,,PJ,FEL 2026 Base (NA_inputs/base_fel_v260707_v2.xlsx),2026-05-28,Konstantin Loffler <kl@wip.tu-berlin.de>
WECC,Power_Hydrogen,2034,2.05031623104,,PJ,FEL 2026 Base (NA_inputs/base_fel_v260707_v2.xlsx),2026-05-28,Konstantin Loffler <kl@wip.tu-berlin.de>
WECC,Power_BEVs,2035,160.0391605689604,,PJ,FEL 2026 Base (NA_inputs/base_fel_v260707_v2.xlsx),2026-05-28,Konstantin Loffler <kl@wip.tu-berlin.de>
WECC,Power_Buildings_Heat,2035,239.595873809805,,PJ,FEL 2026 Base (NA_inputs/base_fel_v260707_v2.xlsx),2026-05-28,Konstantin Loffler <kl@wip.tu-berlin.de>
WECC,Power_DataCenter,2035,223.68972209089998,,PJ,FEL 2026 Base (NA_inputs/base_fel_v260707_v2.xlsx),2026-05-28,Konstantin Loffler <kl@wip.tu-berlin.de>
WECC,Power_General,2035,1406.000455677941,,PJ,FEL 2026 Base (NA_inputs/base_fel_v260707_v2.xlsx),2026-05-28,Konstantin Loffler <kl@wip.tu-berlin.de>
WECC,Power_Hydrogen,2035,2.0453208912000003,,PJ,FEL 2026 Base (NA_inputs/base_fel_v260707_v2.xlsx),2026-05-28,Konstantin Loffler <kl@wip.tu-berlin.de>
WECC,Power_BEVs,2036,191.58112139211562,,PJ,FEL 2026 Base (NA_inputs/base_fel_v260707_v2.xlsx),2026-05-28,Konstantin Loffler <kl@wip.tu-berlin.de>
WECC,Power_Buildings_Heat,2036,238.23939212427578,,PJ,FEL 2026 Base (NA_inputs/base_fel_v260707_v2.xlsx),2026-05-28,Konstantin Loffler <kl@wip.tu-berlin.de>
WECC,Power_DataCenter,2036,249.20509918214776,,PJ,FEL 2026 Base (NA_inputs/base_fel_v260707_v2.xlsx),2026-05-28,Konstantin Loffler <kl@wip.tu-berlin.de>
WECC,Power_General,2036,1433.7389654081258,,PJ,FEL 2026 Base (NA_inputs/base_fel_v260707_v2.xlsx),2026-05-28,Konstantin Loffler <kl@wip.tu-berlin.de>
WECC,Power_Hydrogen,2036,2.05733516112,,PJ,FEL 2026 Base (NA_inputs/base_fel_v260707_v2.xlsx),2026-05-28,Konstantin Loffler <kl@wip.tu-berlin.de>
WECC,Power_BEVs,2037,223.5699891091699,,PJ,FEL 2026 Base (NA_inputs/base_fel_v260707_v2.xlsx),2026-05-28,Konstantin Loffler <kl@wip.tu-berlin.de>
WECC,Power_Buildings_Heat,2037,237.3865551667737,,PJ,FEL 2026 Base (NA_inputs/base_fel_v260707_v2.xlsx),2026-05-28,Konstantin Loffler <kl@wip.tu-berlin.de>
WECC,Power_DataCenter,2037,274.4104149279992,,PJ,FEL 2026 Base (NA_inputs/base_fel_v260707_v2.xlsx),2026-05-28,Konstantin Loffler <kl@wip.tu-berlin.de>
WECC,Power_General,2037,1463.0279271682969,,PJ,FEL 2026 Base (NA_inputs/base_fel_v260707_v2.xlsx),2026-05-28,Konstantin Loffler <kl@wip.tu-berlin.de>
WECC,Power_Hydrogen,2037,2.07311293728,,PJ,FEL 2026 Base (NA_inputs/base_fel_v260707_v2.xlsx),2026-05-28,Konstantin Loffler <kl@wip.tu-berlin.de>
WECC,Power_BEVs,2038,259.03879301316636,,PJ,FEL 2026 Base (NA_inputs/base_fel_v260707_v2.xlsx),2026-05-28,Konstantin Loffler <kl@wip.tu-berlin.de>
WECC,Power_Buildings_Heat,2038,236.67015143575162,,PJ,FEL 2026 Base (NA_inputs/base_fel_v260707_v2.xlsx),2026-05-28,Konstantin Loffler <kl@wip.tu-berlin.de>
WECC,Power_DataCenter,2038,298.6321537481073,,PJ,FEL 2026 Base (NA_inputs/base_fel_v260707_v2.xlsx),2026-05-28,Konstantin Loffler <kl@wip.tu-berlin.de>
WECC,Power_General,2038,1491.7703617161337,,PJ,FEL 2026 Base (NA_inputs/base_fel_v260707_v2.xlsx),2026-05-28,Konstantin Loffler <kl@wip.tu-berlin.de>
WECC,Power_Hydrogen,2038,2.0837520799200004,,PJ,FEL 2026 Base (NA_inputs/base_fel_v260707_v2.xlsx),2026-05-28,Konstantin Loffler <kl@wip.tu-berlin.de>
WECC,Power_BEVs,2039,298.05030320437294,,PJ,FEL 2026 Base (NA_inputs/base_fel_v260707_v2.xlsx),2026-05-28,Konstantin Loffler <kl@wip.tu-berlin.de>
WECC,Power_Buildings_Heat,2039,239.1090004454692,,PJ,FEL 2026 Base (NA_inputs/base_fel_v260707_v2.xlsx),2026-05-28,Konstantin Loffler <kl@wip.tu-berlin.de>
WECC,Power_DataCenter,2039,317.4261721995507,,PJ,FEL 2026 Base (NA_inputs/base_fel_v260707_v2.xlsx),2026-05-28,Konstantin Loffler <kl@wip.tu-berlin.de>
WECC,Power_General,2039,1517.8062533620762,,PJ,FEL 2026 Base (NA_inputs/base_fel_v260707_v2.xlsx),2026-05-28,Konstantin Loffler <kl@wip.tu-berlin.de>
WECC,Power_Hydrogen,2039,2.09829947904,,PJ,FEL 2026 Base (NA_inputs/base_fel_v260707_v2.xlsx),2026-05-28,Konstantin Loffler <kl@wip.tu-berlin.de>
WECC,Power_BEVs,2040,341.00420110277264,,PJ,FEL 2026 Base (NA_inputs/base_fel_v260707_v2.xlsx),2026-05-28,Konstantin Loffler <kl@wip.tu-berlin.de>
WECC,Power_Buildings_Heat,2040,239.19118680216178,,PJ,FEL 2026 Base (NA_inputs/base_fel_v260707_v2.xlsx),2026-05-28,Konstantin Loffler <kl@wip.tu-berlin.de>
WECC,Power_DataCenter,2040,333.5252807684007,,PJ,FEL 2026 Base (NA_inputs/base_fel_v260707_v2.xlsx),2026-05-28,Konstantin Loffler <kl@wip.tu-berlin.de>
WECC,Power_General,2040,1546.0011702691638,,PJ,FEL 2026 Base (NA_inputs/base_fel_v260707_v2.xlsx),2026-05-28,Konstantin Loffler <kl@wip.tu-berlin.de>
WECC,Power_Hydrogen,2040,2.1075634944,,PJ,FEL 2026 Base (NA_inputs/base_fel_v260707_v2.xlsx),2026-05-28,Konstantin Loffler <kl@wip.tu-berlin.de>
