Region,Region2,Fuel,Year,Value,,Unit,Source,Updated at,Updated by
AT,SI,H2,2030,0.0,,PJ,TYNDP 2022 - Annex C2,02.08.2024,Julian Bornemann <jb@wip.tu-berlin.de>
AT,DE,H2,2035,0.0,,PJ,TYNDP 2022 - Annex C2,02.08.2024,Julian Bornemann <jb@wip.tu-berlin.de>
AT,IT,H2,2035,0.0,,PJ,TYNDP 2022 - Annex C2,02.08.2024,Julian Bornemann <jb@wip.tu-berlin.de>
AT,SK,H2,2035,0.0,,PJ,TYNDP 2022 - Annex C2,02.08.2024,Julian Bornemann <jb@wip.tu-berlin.de>
AT,DE,H2,2040,0.0,,PJ,TYNDP 2022 - Annex C2,02.08.2024,Julian Bornemann <jb@wip.tu-berlin.de>
AT,IT,H2,2040,0.0,,PJ,TYNDP 2022 - Annex C2,02.08.2024,Julian Bornemann <jb@wip.tu-berlin.de>
AT,SK,H2,2040,0.0,,PJ,TYNDP 2022 - Annex C2,02.08.2024,Julian Bornemann <jb@wip.tu-berlin.de>
AT,DE,H2,2045,0.0,,PJ,TYNDP 2022 - Annex C2,02.08.2024,Julian Bornemann <jb@wip.tu-berlin.de>
AT,IT,H2,2045,0.0,,PJ,TYNDP 2022 - Annex C2,02.08.2024,Julian Bornemann <jb@wip.tu-berlin.de>
AT,SK,H2,2045,0.0,,PJ,TYNDP 2022 - Annex C2,02.08.2024,Julian Bornemann <jb@wip.tu-berlin.de>
AT,SI,H2,2045,0.0,,PJ,TYNDP 2022 - Annex C2,02.08.2024,Julian Bornemann <jb@wip.tu-berlin.de>
AT,DE,H2,2050,0.0,,PJ,TYNDP 2022 - Annex C2,02.08.2024,Julian Bornemann <jb@wip.tu-berlin.de>
AT,IT,H2,2050,0.0,,PJ,TYNDP 2022 - Annex C2,02.08.2024,Julian Bornemann <jb@wip.tu-berlin.de>
AT,SK,H2,2050,0.0,,PJ,TYNDP 2022 - Annex C2,02.08.2024,Julian Bornemann <jb@wip.tu-berlin.de>
AT,SI,H2,2050,0.0,,PJ,TYNDP 2022 - Annex C2,02.08.2024,Julian Bornemann <jb@wip.tu-berlin.de>
AT,DE,H2,2055,0.0,,PJ,same as 2050 for now,29.01.2025,Nikita Moskalenko <nim@wip.tu-berlin.de>
AT,IT,H2,2055,0.0,,PJ,same as 2050 for now,29.01.2025,Nikita Moskalenko <nim@wip.tu-berlin.de>
AT,SK,H2,2055,0.0,,PJ,same as 2050 for now,29.01.2025,Nikita Moskalenko <nim@wip.tu-berlin.de>
AT,SI,H2,2055,0.0,,PJ,same as 2050 for now,29.01.2025,Nikita Moskalenko <nim@wip.tu-berlin.de>
AT,DE,H2,2060,0.0,,PJ,same as 2050 for now,29.01.2025,Nikita Moskalenko <nim@wip.tu-berlin.de>
AT,IT,H2,2060,0.0,,PJ,same as 2050 for now,29.01.2025,Nikita Moskalenko <nim@wip.tu-berlin.de>
AT,SK,H2,2060,0.0,,PJ,same as 2050 for now,29.01.2025,Nikita Moskalenko <nim@wip.tu-berlin.de>
AT,SI,H2,2060,0.0,,PJ,same as 2050 for now,29.01.2025,Nikita Moskalenko <nim@wip.tu-berlin.de>
AT,CH,Power,2025,0.0,,GW,https://ember-climate.org/data/data-tools/electricity-interconnection-europe/,02.08.2024,Julian Bornemann <jb@wip.tu-berlin.de>
AT,CZ,Power,2025,0.0,,GW,https://ember-climate.org/data/data-tools/electricity-interconnection-europe/,02.08.2024,Julian Bornemann <jb@wip.tu-berlin.de>
AT,DE,Power,2025,4.0,,GW,https://ember-climate.org/data/data-tools/electricity-interconnection-europe/,02.08.2024,Julian Bornemann <jb@wip.tu-berlin.de>
AT,HU,Power,2025,0.0,,GW,https://ember-climate.org/data/data-tools/electricity-interconnection-europe/,02.08.2024,Julian Bornemann <jb@wip.tu-berlin.de>
AT,IT,Power,2025,0.39,,GW,https://ember-climate.org/data/data-tools/electricity-interconnection-europe/,02.08.2024,Julian Bornemann <jb@wip.tu-berlin.de>
AT,SI,Power,2025,0.0,,GW,https://ember-climate.org/data/data-tools/electricity-interconnection-europe/,02.08.2024,Julian Bornemann <jb@wip.tu-berlin.de>
AT,SK,Power,2025,0.0,,GW,https://ember-climate.org/data/data-tools/electricity-interconnection-europe/,02.08.2024,Julian Bornemann <jb@wip.tu-berlin.de>
AT,CH,Power,2030,0.0,,GW,https://ember-climate.org/data/data-tools/electricity-interconnection-europe/,02.08.2024,Julian Bornemann <jb@wip.tu-berlin.de>
AT,CZ,Power,2030,0.0,,GW,https://ember-climate.org/data/data-tools/electricity-interconnection-europe/,02.08.2024,Julian Bornemann <jb@wip.tu-berlin.de>
AT,DE,Power,2030,0.1,,GW,https://ember-climate.org/data/data-tools/electricity-interconnection-europe/,02.08.2024,Julian Bornemann <jb@wip.tu-berlin.de>
AT,HU,Power,2030,0.0,,GW,https://ember-climate.org/data/data-tools/electricity-interconnection-europe/,02.08.2024,Julian Bornemann <jb@wip.tu-berlin.de>
AT,IT,Power,2030,0.15,,GW,https://ember-climate.org/data/data-tools/electricity-interconnection-europe/,02.08.2024,Julian Bornemann <jb@wip.tu-berlin.de>
AT,SI,Power,2030,0.0,,GW,https://ember-climate.org/data/data-tools/electricity-interconnection-europe/,02.08.2024,Julian Bornemann <jb@wip.tu-berlin.de>
AT,SK,Power,2030,0.0,,GW,https://ember-climate.org/data/data-tools/electricity-interconnection-europe/,02.08.2024,Julian Bornemann <jb@wip.tu-berlin.de>
AT,CH,Power,2035,0.0,,GW,https://ember-climate.org/data/data-tools/electricity-interconnection-europe/,02.08.2024,Julian Bornemann <jb@wip.tu-berlin.de>
AT,CZ,Power,2035,0.0,,GW,https://ember-climate.org/data/data-tools/electricity-interconnection-europe/,02.08.2024,Julian Bornemann <jb@wip.tu-berlin.de>
AT,DE,Power,2035,1.35,,GW,https://ember-climate.org/data/data-tools/electricity-interconnection-europe/,02.08.2024,Julian Bornemann <jb@wip.tu-berlin.de>
AT,HU,Power,2035,0.0,,GW,https://ember-climate.org/data/data-tools/electricity-interconnection-europe/,02.08.2024,Julian Bornemann <jb@wip.tu-berlin.de>
AT,IT,Power,2035,0.25,,GW,https://ember-climate.org/data/data-tools/electricity-interconnection-europe/,02.08.2024,Julian Bornemann <jb@wip.tu-berlin.de>
AT,SI,Power,2035,0.0,,GW,https://ember-climate.org/data/data-tools/electricity-interconnection-europe/,02.08.2024,Julian Bornemann <jb@wip.tu-berlin.de>
AT,SK,Power,2035,0.25,,GW,https://ember-climate.org/data/data-tools/electricity-interconnection-europe/,02.08.2024,Julian Bornemann <jb@wip.tu-berlin.de>
AT,CH,Power,2040,0.0,,GW,https://ember-climate.org/data/data-tools/electricity-interconnection-europe/,02.08.2024,Julian Bornemann <jb@wip.tu-berlin.de>
AT,CZ,Power,2040,0.0,,GW,https://ember-climate.org/data/data-tools/electricity-interconnection-europe/,02.08.2024,Julian Bornemann <jb@wip.tu-berlin.de>
AT,DE,Power,2040,1.35,,GW,https://ember-climate.org/data/data-tools/electricity-interconnection-europe/,02.08.2024,Julian Bornemann <jb@wip.tu-berlin.de>
AT,HU,Power,2040,0.0,,GW,https://ember-climate.org/data/data-tools/electricity-interconnection-europe/,02.08.2024,Julian Bornemann <jb@wip.tu-berlin.de>
AT,IT,Power,2040,0.25,,GW,https://ember-climate.org/data/data-tools/electricity-interconnection-europe/,02.08.2024,Julian Bornemann <jb@wip.tu-berlin.de>
AT,SI,Power,2040,0.0,,GW,https://ember-climate.org/data/data-tools/electricity-interconnection-europe/,02.08.2024,Julian Bornemann <jb@wip.tu-berlin.de>
AT,SK,Power,2040,0.25,,GW,https://ember-climate.org/data/data-tools/electricity-interconnection-europe/,02.08.2024,Julian Bornemann <jb@wip.tu-berlin.de>
BE,LU,H2,2030,0.0,,PJ,TYNDP 2022 - Annex C2,02.08.2024,Julian Bornemann <jb@wip.tu-berlin.de>
BE,UK,H2,2030,0.0,,PJ,TYNDP 2022 - Annex C2,02.08.2024,Julian Bornemann <jb@wip.tu-berlin.de>
BE,FR,H2,2035,0.0,,PJ,TYNDP 2022 - Annex C2,02.08.2024,Julian Bornemann <jb@wip.tu-berlin.de>
BE,DE,H2,2035,0.0,,PJ,TYNDP 2022 - Annex C2,02.08.2024,Julian Bornemann <jb@wip.tu-berlin.de>
BE,LU,H2,2035,0.0,,PJ,TYNDP 2022 - Annex C2,02.08.2024,Julian Bornemann <jb@wip.tu-berlin.de>
BE,UK,H2,2035,0.0,,PJ,TYNDP 2022 - Annex C2,02.08.2024,Julian Bornemann <jb@wip.tu-berlin.de>
BE,FR,H2,2040,0.0,,PJ,TYNDP 2022 - Annex C2,02.08.2024,Julian Bornemann <jb@wip.tu-berlin.de>
BE,DE,H2,2040,0.0,,PJ,TYNDP 2022 - Annex C2,02.08.2024,Julian Bornemann <jb@wip.tu-berlin.de>
BE,LU,H2,2040,0.0,,PJ,TYNDP 2022 - Annex C2,02.08.2024,Julian Bornemann <jb@wip.tu-berlin.de>
BE,UK,H2,2040,0.0,,PJ,TYNDP 2022 - Annex C2,02.08.2024,Julian Bornemann <jb@wip.tu-berlin.de>
BE,FR,H2,2045,0.0,,PJ,TYNDP 2022 - Annex C2,02.08.2024,Julian Bornemann <jb@wip.tu-berlin.de>
BE,DE,H2,2045,0.0,,PJ,TYNDP 2022 - Annex C2,02.08.2024,Julian Bornemann <jb@wip.tu-berlin.de>
BE,LU,H2,2045,0.0,,PJ,TYNDP 2022 - Annex C2,02.08.2024,Julian Bornemann <jb@wip.tu-berlin.de>
BE,UK,H2,2045,0.0,,PJ,TYNDP 2022 - Annex C2,02.08.2024,Julian Bornemann <jb@wip.tu-berlin.de>
BE,FR,H2,2050,0.0,,PJ,TYNDP 2022 - Annex C2,02.08.2024,Julian Bornemann <jb@wip.tu-berlin.de>
BE,DE,H2,2050,0.0,,PJ,TYNDP 2022 - Annex C2,02.08.2024,Julian Bornemann <jb@wip.tu-berlin.de>
BE,LU,H2,2050,0.0,,PJ,TYNDP 2022 - Annex C2,02.08.2024,Julian Bornemann <jb@wip.tu-berlin.de>
BE,UK,H2,2050,0.0,,PJ,TYNDP 2022 - Annex C2,02.08.2024,Julian Bornemann <jb@wip.tu-berlin.de>
BE,FR,H2,2055,0.0,,PJ,same as 2050 for now,29.01.2025,Nikita Moskalenko <nim@wip.tu-berlin.de>
BE,DE,H2,2055,0.0,,PJ,same as 2050 for now,29.01.2025,Nikita Moskalenko <nim@wip.tu-berlin.de>
BE,LU,H2,2055,0.0,,PJ,same as 2050 for now,29.01.2025,Nikita Moskalenko <nim@wip.tu-berlin.de>
BE,UK,H2,2055,0.0,,PJ,same as 2050 for now,29.01.2025,Nikita Moskalenko <nim@wip.tu-berlin.de>
BE,FR,H2,2060,0.0,,PJ,same as 2050 for now,29.01.2025,Nikita Moskalenko <nim@wip.tu-berlin.de>
BE,DE,H2,2060,0.0,,PJ,same as 2050 for now,29.01.2025,Nikita Moskalenko <nim@wip.tu-berlin.de>
BE,LU,H2,2060,0.0,,PJ,same as 2050 for now,29.01.2025,Nikita Moskalenko <nim@wip.tu-berlin.de>
BE,UK,H2,2060,0.0,,PJ,same as 2050 for now,29.01.2025,Nikita Moskalenko <nim@wip.tu-berlin.de>
BE,DE,Power,2025,0.0,,GW,https://ember-climate.org/data/data-tools/electricity-interconnection-europe/,02.08.2024,Julian Bornemann <jb@wip.tu-berlin.de>
BE,DK,Power,2025,0.0,,GW,https://ember-climate.org/data/data-tools/electricity-interconnection-europe/,02.08.2024,Julian Bornemann <jb@wip.tu-berlin.de>
BE,LU,Power,2025,0.0,,GW,https://ember-climate.org/data/data-tools/electricity-interconnection-europe/,02.08.2024,Julian Bornemann <jb@wip.tu-berlin.de>
BE,NL,Power,2025,1.0,,GW,https://ember-climate.org/data/data-tools/electricity-interconnection-europe/,02.08.2024,Julian Bornemann <jb@wip.tu-berlin.de>
BE,UK,Power,2025,0.0,,GW,https://ember-climate.org/data/data-tools/electricity-interconnection-europe/,02.08.2024,Julian Bornemann <jb@wip.tu-berlin.de>
BE,DE,Power,2030,0.0,,GW,https://ember-climate.org/data/data-tools/electricity-interconnection-europe/,02.08.2024,Julian Bornemann <jb@wip.tu-berlin.de>
BE,DK,Power,2030,0.0,,GW,https://ember-climate.org/data/data-tools/electricity-interconnection-europe/,02.08.2024,Julian Bornemann <jb@wip.tu-berlin.de>
BE,LU,Power,2030,0.0,,GW,https://ember-climate.org/data/data-tools/electricity-interconnection-europe/,02.08.2024,Julian Bornemann <jb@wip.tu-berlin.de>
BE,NL,Power,2030,0.0,,GW,https://ember-climate.org/data/data-tools/electricity-interconnection-europe/,02.08.2024,Julian Bornemann <jb@wip.tu-berlin.de>
BE,UK,Power,2030,0.0,,GW,https://ember-climate.org/data/data-tools/electricity-interconnection-europe/,02.08.2024,Julian Bornemann <jb@wip.tu-berlin.de>
BE,DE,Power,2035,0.0,,GW,https://ember-climate.org/data/data-tools/electricity-interconnection-europe/,02.08.2024,Julian Bornemann <jb@wip.tu-berlin.de>
BE,DK,Power,2035,0.0,,GW,https://ember-climate.org/data/data-tools/electricity-interconnection-europe/,02.08.2024,Julian Bornemann <jb@wip.tu-berlin.de>
BE,FR,Power,2035,0.5,,GW,https://ember-climate.org/data/data-tools/electricity-interconnection-europe/,02.08.2024,Julian Bornemann <jb@wip.tu-berlin.de>
BE,LU,Power,2035,0.0,,GW,https://ember-climate.org/data/data-tools/electricity-interconnection-europe/,02.08.2024,Julian Bornemann <jb@wip.tu-berlin.de>
BE,NL,Power,2035,1.0,,GW,https://ember-climate.org/data/data-tools/electricity-interconnection-europe/,02.08.2024,Julian Bornemann <jb@wip.tu-berlin.de>
BE,UK,Power,2035,0.7,,GW,https://ember-climate.org/data/data-tools/electricity-interconnection-europe/,02.08.2024,Julian Bornemann <jb@wip.tu-berlin.de>
BE,DE,Power,2040,0.0,,GW,https://ember-climate.org/data/data-tools/electricity-interconnection-europe/,02.08.2024,Julian Bornemann <jb@wip.tu-berlin.de>
BE,DK,Power,2040,0.0,,GW,https://ember-climate.org/data/data-tools/electricity-interconnection-europe/,02.08.2024,Julian Bornemann <jb@wip.tu-berlin.de>
BE,FR,Power,2040,0.5,,GW,https://ember-climate.org/data/data-tools/electricity-interconnection-europe/,02.08.2024,Julian Bornemann <jb@wip.tu-berlin.de>
BE,LU,Power,2040,0.0,,GW,https://ember-climate.org/data/data-tools/electricity-interconnection-europe/,02.08.2024,Julian Bornemann <jb@wip.tu-berlin.de>
BE,NL,Power,2040,1.0,,GW,https://ember-climate.org/data/data-tools/electricity-interconnection-europe/,02.08.2024,Julian Bornemann <jb@wip.tu-berlin.de>
BE,UK,Power,2040,0.7,,GW,https://ember-climate.org/data/data-tools/electricity-interconnection-europe/,02.08.2024,Julian Bornemann <jb@wip.tu-berlin.de>
BG,GR,H2,2035,0.0,,PJ,TYNDP 2022 - Annex C2,02.08.2024,Julian Bornemann <jb@wip.tu-berlin.de>
BG,GR,H2,2040,0.0,,PJ,TYNDP 2022 - Annex C2,02.08.2024,Julian Bornemann <jb@wip.tu-berlin.de>
BG,GR,H2,2045,0.0,,PJ,TYNDP 2022 - Annex C2,02.08.2024,Julian Bornemann <jb@wip.tu-berlin.de>
BG,RO,H2,2045,0.0,,PJ,TYNDP 2022 - Annex C2,02.08.2024,Julian Bornemann <jb@wip.tu-berlin.de>
BG,GR,H2,2050,0.0,,PJ,TYNDP 2022 - Annex C2,02.08.2024,Julian Bornemann <jb@wip.tu-berlin.de>
BG,RO,H2,2050,0.0,,PJ,TYNDP 2022 - Annex C2,02.08.2024,Julian Bornemann <jb@wip.tu-berlin.de>
BG,GR,H2,2055,0.0,,PJ,same as 2050 for now,29.01.2025,Nikita Moskalenko <nim@wip.tu-berlin.de>
BG,RO,H2,2055,0.0,,PJ,same as 2050 for now,29.01.2025,Nikita Moskalenko <nim@wip.tu-berlin.de>
BG,GR,H2,2060,0.0,,PJ,same as 2050 for now,29.01.2025,Nikita Moskalenko <nim@wip.tu-berlin.de>
BG,RO,H2,2060,0.0,,PJ,same as 2050 for now,29.01.2025,Nikita Moskalenko <nim@wip.tu-berlin.de>
BG,GR,Power,2025,0.93,,GW,https://ember-climate.org/data/data-tools/electricity-interconnection-europe/,02.08.2024,Julian Bornemann <jb@wip.tu-berlin.de>
BG,NONEU_Balkan,Power,2025,0.0,,GW,https://ember-climate.org/data/data-tools/electricity-interconnection-europe/,02.08.2024,Julian Bornemann <jb@wip.tu-berlin.de>
BG,RO,Power,2025,0.6,,GW,https://ember-climate.org/data/data-tools/electricity-interconnection-europe/,02.08.2024,Julian Bornemann <jb@wip.tu-berlin.de>
BG,TR,Power,2025,0.0,,GW,https://ember-climate.org/data/data-tools/electricity-interconnection-europe/,02.08.2024,Julian Bornemann <jb@wip.tu-berlin.de>
BG,GR,Power,2030,0.0,,GW,https://ember-climate.org/data/data-tools/electricity-interconnection-europe/,02.08.2024,Julian Bornemann <jb@wip.tu-berlin.de>
BG,NONEU_Balkan,Power,2030,0.0,,GW,https://ember-climate.org/data/data-tools/electricity-interconnection-europe/,02.08.2024,Julian Bornemann <jb@wip.tu-berlin.de>
BG,RO,Power,2030,0.0,,GW,https://ember-climate.org/data/data-tools/electricity-interconnection-europe/,02.08.2024,Julian Bornemann <jb@wip.tu-berlin.de>
BG,TR,Power,2030,0.0,,GW,https://ember-climate.org/data/data-tools/electricity-interconnection-europe/,02.08.2024,Julian Bornemann <jb@wip.tu-berlin.de>
BG,GR,Power,2035,0.0,,GW,https://ember-climate.org/data/data-tools/electricity-interconnection-europe/,02.08.2024,Julian Bornemann <jb@wip.tu-berlin.de>
BG,NONEU_Balkan,Power,2035,0.365,,GW,https://ember-climate.org/data/data-tools/electricity-interconnection-europe/,02.08.2024,Julian Bornemann <jb@wip.tu-berlin.de>
BG,RO,Power,2035,0.0,,GW,https://ember-climate.org/data/data-tools/electricity-interconnection-europe/,02.08.2024,Julian Bornemann <jb@wip.tu-berlin.de>
BG,TR,Power,2035,0.0,,GW,https://ember-climate.org/data/data-tools/electricity-interconnection-europe/,02.08.2024,Julian Bornemann <jb@wip.tu-berlin.de>
BG,GR,Power,2040,0.0,,GW,https://ember-climate.org/data/data-tools/electricity-interconnection-europe/,02.08.2024,Julian Bornemann <jb@wip.tu-berlin.de>
BG,NONEU_Balkan,Power,2040,0.365,,GW,https://ember-climate.org/data/data-tools/electricity-interconnection-europe/,02.08.2024,Julian Bornemann <jb@wip.tu-berlin.de>
BG,RO,Power,2040,0.0,,GW,https://ember-climate.org/data/data-tools/electricity-interconnection-europe/,02.08.2024,Julian Bornemann <jb@wip.tu-berlin.de>
BG,TR,Power,2040,0.0,,GW,https://ember-climate.org/data/data-tools/electricity-interconnection-europe/,02.08.2024,Julian Bornemann <jb@wip.tu-berlin.de>
CH,FR,H2,2030,0.0,,PJ,TYNDP 2022 - Annex C2,02.08.2024,Julian Bornemann <jb@wip.tu-berlin.de>
CH,DE,H2,2030,0.0,,PJ,TYNDP 2022 - Annex C2,02.08.2024,Julian Bornemann <jb@wip.tu-berlin.de>
CH,FR,H2,2035,0.0,,PJ,TYNDP 2022 - Annex C2,02.08.2024,Julian Bornemann <jb@wip.tu-berlin.de>
CH,DE,H2,2035,0.0,,PJ,TYNDP 2022 - Annex C2,02.08.2024,Julian Bornemann <jb@wip.tu-berlin.de>
CH,IT,H2,2035,0.0,,PJ,TYNDP 2022 - Annex C2,02.08.2024,Julian Bornemann <jb@wip.tu-berlin.de>
CH,FR,H2,2040,0.0,,PJ,TYNDP 2022 - Annex C2,02.08.2024,Julian Bornemann <jb@wip.tu-berlin.de>
CH,DE,H2,2040,0.0,,PJ,TYNDP 2022 - Annex C2,02.08.2024,Julian Bornemann <jb@wip.tu-berlin.de>
CH,IT,H2,2040,0.0,,PJ,TYNDP 2022 - Annex C2,02.08.2024,Julian Bornemann <jb@wip.tu-berlin.de>
CH,FR,H2,2045,0.0,,PJ,TYNDP 2022 - Annex C2,02.08.2024,Julian Bornemann <jb@wip.tu-berlin.de>
CH,DE,H2,2045,0.0,,PJ,TYNDP 2022 - Annex C2,02.08.2024,Julian Bornemann <jb@wip.tu-berlin.de>
CH,IT,H2,2045,0.0,,PJ,TYNDP 2022 - Annex C2,02.08.2024,Julian Bornemann <jb@wip.tu-berlin.de>
CH,FR,H2,2050,0.0,,PJ,TYNDP 2022 - Annex C2,02.08.2024,Julian Bornemann <jb@wip.tu-berlin.de>
CH,DE,H2,2050,0.0,,PJ,TYNDP 2022 - Annex C2,02.08.2024,Julian Bornemann <jb@wip.tu-berlin.de>
CH,IT,H2,2050,0.0,,PJ,TYNDP 2022 - Annex C2,02.08.2024,Julian Bornemann <jb@wip.tu-berlin.de>
CH,FR,H2,2055,0.0,,PJ,same as 2050 for now,29.01.2025,Nikita Moskalenko <nim@wip.tu-berlin.de>
CH,DE,H2,2055,0.0,,PJ,same as 2050 for now,29.01.2025,Nikita Moskalenko <nim@wip.tu-berlin.de>
CH,IT,H2,2055,0.0,,PJ,same as 2050 for now,29.01.2025,Nikita Moskalenko <nim@wip.tu-berlin.de>
CH,FR,H2,2060,0.0,,PJ,same as 2050 for now,29.01.2025,Nikita Moskalenko <nim@wip.tu-berlin.de>
CH,DE,H2,2060,0.0,,PJ,same as 2050 for now,29.01.2025,Nikita Moskalenko <nim@wip.tu-berlin.de>
CH,IT,H2,2060,0.0,,PJ,same as 2050 for now,29.01.2025,Nikita Moskalenko <nim@wip.tu-berlin.de>
CH,AT,Power,2025,0.0,,GW,https://ember-climate.org/data/data-tools/electricity-interconnection-europe/,02.08.2024,Julian Bornemann <jb@wip.tu-berlin.de>
CH,DE,Power,2025,0.0,,GW,https://ember-climate.org/data/data-tools/electricity-interconnection-europe/,02.08.2024,Julian Bornemann <jb@wip.tu-berlin.de>
CH,FR,Power,2025,0.0,,GW,https://ember-climate.org/data/data-tools/electricity-interconnection-europe/,02.08.2024,Julian Bornemann <jb@wip.tu-berlin.de>
CH,IT,Power,2025,0.0,,GW,https://ember-climate.org/data/data-tools/electricity-interconnection-europe/,02.08.2024,Julian Bornemann <jb@wip.tu-berlin.de>
CH,AT,Power,2030,0.0,,GW,https://ember-climate.org/data/data-tools/electricity-interconnection-europe/,02.08.2024,Julian Bornemann <jb@wip.tu-berlin.de>
CH,DE,Power,2030,0.0,,GW,https://ember-climate.org/data/data-tools/electricity-interconnection-europe/,02.08.2024,Julian Bornemann <jb@wip.tu-berlin.de>
CH,FR,Power,2030,0.0,,GW,https://ember-climate.org/data/data-tools/electricity-interconnection-europe/,02.08.2024,Julian Bornemann <jb@wip.tu-berlin.de>
CH,IT,Power,2030,0.0,,GW,https://ember-climate.org/data/data-tools/electricity-interconnection-europe/,02.08.2024,Julian Bornemann <jb@wip.tu-berlin.de>
CH,AT,Power,2035,0.0,,GW,https://ember-climate.org/data/data-tools/electricity-interconnection-europe/,02.08.2024,Julian Bornemann <jb@wip.tu-berlin.de>
CH,DE,Power,2035,0.1,,GW,https://ember-climate.org/data/data-tools/electricity-interconnection-europe/,02.08.2024,Julian Bornemann <jb@wip.tu-berlin.de>
CH,FR,Power,2035,0.0,,GW,https://ember-climate.org/data/data-tools/electricity-interconnection-europe/,02.08.2024,Julian Bornemann <jb@wip.tu-berlin.de>
CH,IT,Power,2035,0.5,,GW,https://ember-climate.org/data/data-tools/electricity-interconnection-europe/,02.08.2024,Julian Bornemann <jb@wip.tu-berlin.de>
CH,AT,Power,2040,0.0,,GW,https://ember-climate.org/data/data-tools/electricity-interconnection-europe/,02.08.2024,Julian Bornemann <jb@wip.tu-berlin.de>
CH,DE,Power,2040,0.1,,GW,https://ember-climate.org/data/data-tools/electricity-interconnection-europe/,02.08.2024,Julian Bornemann <jb@wip.tu-berlin.de>
CH,FR,Power,2040,0.0,,GW,https://ember-climate.org/data/data-tools/electricity-interconnection-europe/,02.08.2024,Julian Bornemann <jb@wip.tu-berlin.de>
CH,IT,Power,2040,0.5,,GW,https://ember-climate.org/data/data-tools/electricity-interconnection-europe/,02.08.2024,Julian Bornemann <jb@wip.tu-berlin.de>
CZ,PL,H2,2030,0.0,,PJ,TYNDP 2022 - Annex C2,02.08.2024,Julian Bornemann <jb@wip.tu-berlin.de>
CZ,SK,H2,2030,0.0,,PJ,TYNDP 2022 - Annex C2,02.08.2024,Julian Bornemann <jb@wip.tu-berlin.de>
CZ,DE,H2,2035,0.0,,PJ,TYNDP 2022 - Annex C2,02.08.2024,Julian Bornemann <jb@wip.tu-berlin.de>
CZ,PL,H2,2035,0.0,,PJ,TYNDP 2022 - Annex C2,02.08.2024,Julian Bornemann <jb@wip.tu-berlin.de>
CZ,SK,H2,2035,0.0,,PJ,TYNDP 2022 - Annex C2,02.08.2024,Julian Bornemann <jb@wip.tu-berlin.de>
CZ,DE,H2,2040,0.0,,PJ,TYNDP 2022 - Annex C2,02.08.2024,Julian Bornemann <jb@wip.tu-berlin.de>
CZ,PL,H2,2040,0.0,,PJ,TYNDP 2022 - Annex C2,02.08.2024,Julian Bornemann <jb@wip.tu-berlin.de>
CZ,SK,H2,2040,0.0,,PJ,TYNDP 2022 - Annex C2,02.08.2024,Julian Bornemann <jb@wip.tu-berlin.de>
CZ,DE,H2,2045,0.0,,PJ,TYNDP 2022 - Annex C2,02.08.2024,Julian Bornemann <jb@wip.tu-berlin.de>
CZ,PL,H2,2045,0.0,,PJ,TYNDP 2022 - Annex C2,02.08.2024,Julian Bornemann <jb@wip.tu-berlin.de>
CZ,SK,H2,2045,0.0,,PJ,TYNDP 2022 - Annex C2,02.08.2024,Julian Bornemann <jb@wip.tu-berlin.de>
CZ,DE,H2,2050,0.0,,PJ,TYNDP 2022 - Annex C2,02.08.2024,Julian Bornemann <jb@wip.tu-berlin.de>
CZ,PL,H2,2050,0.0,,PJ,TYNDP 2022 - Annex C2,02.08.2024,Julian Bornemann <jb@wip.tu-berlin.de>
CZ,SK,H2,2050,0.0,,PJ,TYNDP 2022 - Annex C2,02.08.2024,Julian Bornemann <jb@wip.tu-berlin.de>
CZ,DE,H2,2055,0.0,,PJ,same as 2050 for now,29.01.2025,Nikita Moskalenko <nim@wip.tu-berlin.de>
CZ,PL,H2,2055,0.0,,PJ,same as 2050 for now,29.01.2025,Nikita Moskalenko <nim@wip.tu-berlin.de>
CZ,SK,H2,2055,0.0,,PJ,same as 2050 for now,29.01.2025,Nikita Moskalenko <nim@wip.tu-berlin.de>
CZ,DE,H2,2060,0.0,,PJ,same as 2050 for now,29.01.2025,Nikita Moskalenko <nim@wip.tu-berlin.de>
CZ,PL,H2,2060,0.0,,PJ,same as 2050 for now,29.01.2025,Nikita Moskalenko <nim@wip.tu-berlin.de>
CZ,SK,H2,2060,0.0,,PJ,same as 2050 for now,29.01.2025,Nikita Moskalenko <nim@wip.tu-berlin.de>
CZ,AT,Power,2025,0.0,,GW,https://ember-climate.org/data/data-tools/electricity-interconnection-europe/,02.08.2024,Julian Bornemann <jb@wip.tu-berlin.de>
CZ,DE,Power,2025,0.5,,GW,https://ember-climate.org/data/data-tools/electricity-interconnection-europe/,02.08.2024,Julian Bornemann <jb@wip.tu-berlin.de>
CZ,PL,Power,2025,0.0,,GW,https://ember-climate.org/data/data-tools/electricity-interconnection-europe/,02.08.2024,Julian Bornemann <jb@wip.tu-berlin.de>
CZ,SK,Power,2025,0.0,,GW,https://ember-climate.org/data/data-tools/electricity-interconnection-europe/,02.08.2024,Julian Bornemann <jb@wip.tu-berlin.de>
CZ,AT,Power,2030,0.0,,GW,https://ember-climate.org/data/data-tools/electricity-interconnection-europe/,02.08.2024,Julian Bornemann <jb@wip.tu-berlin.de>
CZ,DE,Power,2030,0.15,,GW,https://ember-climate.org/data/data-tools/electricity-interconnection-europe/,02.08.2024,Julian Bornemann <jb@wip.tu-berlin.de>
CZ,PL,Power,2030,0.0,,GW,https://ember-climate.org/data/data-tools/electricity-interconnection-europe/,02.08.2024,Julian Bornemann <jb@wip.tu-berlin.de>
CZ,SK,Power,2030,0.0,,GW,https://ember-climate.org/data/data-tools/electricity-interconnection-europe/,02.08.2024,Julian Bornemann <jb@wip.tu-berlin.de>
CZ,AT,Power,2035,0.0,,GW,https://ember-climate.org/data/data-tools/electricity-interconnection-europe/,02.08.2024,Julian Bornemann <jb@wip.tu-berlin.de>
CZ,DE,Power,2035,0.25,,GW,https://ember-climate.org/data/data-tools/electricity-interconnection-europe/,02.08.2024,Julian Bornemann <jb@wip.tu-berlin.de>
CZ,PL,Power,2035,0.0,,GW,https://ember-climate.org/data/data-tools/electricity-interconnection-europe/,02.08.2024,Julian Bornemann <jb@wip.tu-berlin.de>
CZ,SK,Power,2035,0.0,,GW,https://ember-climate.org/data/data-tools/electricity-interconnection-europe/,02.08.2024,Julian Bornemann <jb@wip.tu-berlin.de>
CZ,AT,Power,2040,0.0,,GW,https://ember-climate.org/data/data-tools/electricity-interconnection-europe/,02.08.2024,Julian Bornemann <jb@wip.tu-berlin.de>
CZ,DE,Power,2040,0.25,,GW,https://ember-climate.org/data/data-tools/electricity-interconnection-europe/,02.08.2024,Julian Bornemann <jb@wip.tu-berlin.de>
CZ,PL,Power,2040,0.0,,GW,https://ember-climate.org/data/data-tools/electricity-interconnection-europe/,02.08.2024,Julian Bornemann <jb@wip.tu-berlin.de>
CZ,SK,Power,2040,0.0,,GW,https://ember-climate.org/data/data-tools/electricity-interconnection-europe/,02.08.2024,Julian Bornemann <jb@wip.tu-berlin.de>
DE,CH,H2,2030,0.0,,PJ,TYNDP 2022 - Annex C2,02.08.2024,Julian Bornemann <jb@wip.tu-berlin.de>
DE,AT,H2,2035,0.0,,PJ,TYNDP 2022 - Annex C2,02.08.2024,Julian Bornemann <jb@wip.tu-berlin.de>
DE,BE,H2,2035,0.0,,PJ,TYNDP 2022 - Annex C2,02.08.2024,Julian Bornemann <jb@wip.tu-berlin.de>
DE,FI,H2,2035,0.0,,PJ,TYNDP 2022 - Annex C2,02.08.2024,Julian Bornemann <jb@wip.tu-berlin.de>
DE,FR,H2,2035,0.0,,PJ,TYNDP 2022 - Annex C2,02.08.2024,Julian Bornemann <jb@wip.tu-berlin.de>
DE,NL,H2,2035,0.0,,PJ,TYNDP 2022 - Annex C2,02.08.2024,Julian Bornemann <jb@wip.tu-berlin.de>
DE,PL,H2,2035,0.0,,PJ,TYNDP 2022 - Annex C2,02.08.2024,Julian Bornemann <jb@wip.tu-berlin.de>
DE,CH,H2,2035,0.0,,PJ,TYNDP 2022 - Annex C2,02.08.2024,Julian Bornemann <jb@wip.tu-berlin.de>
DE,AT,H2,2040,0.0,,PJ,TYNDP 2022 - Annex C2,02.08.2024,Julian Bornemann <jb@wip.tu-berlin.de>
DE,BE,H2,2040,0.0,,PJ,TYNDP 2022 - Annex C2,02.08.2024,Julian Bornemann <jb@wip.tu-berlin.de>
DE,FI,H2,2040,0.0,,PJ,TYNDP 2022 - Annex C2,02.08.2024,Julian Bornemann <jb@wip.tu-berlin.de>
DE,FR,H2,2040,0.0,,PJ,TYNDP 2022 - Annex C2,02.08.2024,Julian Bornemann <jb@wip.tu-berlin.de>
DE,NL,H2,2040,0.0,,PJ,TYNDP 2022 - Annex C2,02.08.2024,Julian Bornemann <jb@wip.tu-berlin.de>
DE,PL,H2,2040,0.0,,PJ,TYNDP 2022 - Annex C2,02.08.2024,Julian Bornemann <jb@wip.tu-berlin.de>
DE,CH,H2,2040,0.0,,PJ,TYNDP 2022 - Annex C2,02.08.2024,Julian Bornemann <jb@wip.tu-berlin.de>
DE,AT,H2,2045,0.0,,PJ,TYNDP 2022 - Annex C2,02.08.2024,Julian Bornemann <jb@wip.tu-berlin.de>
DE,BE,H2,2045,0.0,,PJ,TYNDP 2022 - Annex C2,02.08.2024,Julian Bornemann <jb@wip.tu-berlin.de>
DE,CZ,H2,2045,0.0,,PJ,TYNDP 2022 - Annex C2,02.08.2024,Julian Bornemann <jb@wip.tu-berlin.de>
DE,DK,H2,2045,0.0,,PJ,TYNDP 2022 - Annex C2,02.08.2024,Julian Bornemann <jb@wip.tu-berlin.de>
DE,FI,H2,2045,0.0,,PJ,TYNDP 2022 - Annex C2,02.08.2024,Julian Bornemann <jb@wip.tu-berlin.de>
DE,FR,H2,2045,0.0,,PJ,TYNDP 2022 - Annex C2,02.08.2024,Julian Bornemann <jb@wip.tu-berlin.de>
DE,NL,H2,2045,0.0,,PJ,TYNDP 2022 - Annex C2,02.08.2024,Julian Bornemann <jb@wip.tu-berlin.de>
DE,PL,H2,2045,0.0,,PJ,TYNDP 2022 - Annex C2,02.08.2024,Julian Bornemann <jb@wip.tu-berlin.de>
DE,CH,H2,2045,0.0,,PJ,TYNDP 2022 - Annex C2,02.08.2024,Julian Bornemann <jb@wip.tu-berlin.de>
DE,AT,H2,2050,0.0,,PJ,TYNDP 2022 - Annex C2,02.08.2024,Julian Bornemann <jb@wip.tu-berlin.de>
DE,BE,H2,2050,0.0,,PJ,TYNDP 2022 - Annex C2,02.08.2024,Julian Bornemann <jb@wip.tu-berlin.de>
DE,CZ,H2,2050,0.0,,PJ,TYNDP 2022 - Annex C2,02.08.2024,Julian Bornemann <jb@wip.tu-berlin.de>
DE,DK,H2,2050,0.0,,PJ,TYNDP 2022 - Annex C2,02.08.2024,Julian Bornemann <jb@wip.tu-berlin.de>
DE,FI,H2,2050,0.0,,PJ,TYNDP 2022 - Annex C2,02.08.2024,Julian Bornemann <jb@wip.tu-berlin.de>
DE,FR,H2,2050,0.0,,PJ,TYNDP 2022 - Annex C2,02.08.2024,Julian Bornemann <jb@wip.tu-berlin.de>
DE,NL,H2,2050,0.0,,PJ,TYNDP 2022 - Annex C2,02.08.2024,Julian Bornemann <jb@wip.tu-berlin.de>
DE,PL,H2,2050,0.0,,PJ,TYNDP 2022 - Annex C2,02.08.2024,Julian Bornemann <jb@wip.tu-berlin.de>
DE,CH,H2,2050,0.0,,PJ,TYNDP 2022 - Annex C2,02.08.2024,Julian Bornemann <jb@wip.tu-berlin.de>
DE,AT,H2,2055,0.0,,PJ,same as 2050 for now,29.01.2025,Nikita Moskalenko <nim@wip.tu-berlin.de>
DE,BE,H2,2055,0.0,,PJ,same as 2050 for now,29.01.2025,Nikita Moskalenko <nim@wip.tu-berlin.de>
DE,CZ,H2,2055,0.0,,PJ,same as 2050 for now,29.01.2025,Nikita Moskalenko <nim@wip.tu-berlin.de>
DE,DK,H2,2055,0.0,,PJ,same as 2050 for now,29.01.2025,Nikita Moskalenko <nim@wip.tu-berlin.de>
DE,FI,H2,2055,0.0,,PJ,same as 2050 for now,29.01.2025,Nikita Moskalenko <nim@wip.tu-berlin.de>
DE,FR,H2,2055,0.0,,PJ,same as 2050 for now,29.01.2025,Nikita Moskalenko <nim@wip.tu-berlin.de>
DE,NL,H2,2055,0.0,,PJ,same as 2050 for now,29.01.2025,Nikita Moskalenko <nim@wip.tu-berlin.de>
DE,PL,H2,2055,0.0,,PJ,same as 2050 for now,29.01.2025,Nikita Moskalenko <nim@wip.tu-berlin.de>
DE,CH,H2,2055,0.0,,PJ,same as 2050 for now,29.01.2025,Nikita Moskalenko <nim@wip.tu-berlin.de>
DE,AT,H2,2060,0.0,,PJ,same as 2050 for now,29.01.2025,Nikita Moskalenko <nim@wip.tu-berlin.de>
DE,BE,H2,2060,0.0,,PJ,same as 2050 for now,29.01.2025,Nikita Moskalenko <nim@wip.tu-berlin.de>
DE,CZ,H2,2060,0.0,,PJ,same as 2050 for now,29.01.2025,Nikita Moskalenko <nim@wip.tu-berlin.de>
DE,DK,H2,2060,0.0,,PJ,same as 2050 for now,29.01.2025,Nikita Moskalenko <nim@wip.tu-berlin.de>
DE,FI,H2,2060,0.0,,PJ,same as 2050 for now,29.01.2025,Nikita Moskalenko <nim@wip.tu-berlin.de>
DE,FR,H2,2060,0.0,,PJ,same as 2050 for now,29.01.2025,Nikita Moskalenko <nim@wip.tu-berlin.de>
DE,NL,H2,2060,0.0,,PJ,same as 2050 for now,29.01.2025,Nikita Moskalenko <nim@wip.tu-berlin.de>
DE,PL,H2,2060,0.0,,PJ,same as 2050 for now,29.01.2025,Nikita Moskalenko <nim@wip.tu-berlin.de>
DE,CH,H2,2060,0.0,,PJ,same as 2050 for now,29.01.2025,Nikita Moskalenko <nim@wip.tu-berlin.de>
DE,AT,Power,2025,4.0,,GW,https://ember-climate.org/data/data-tools/electricity-interconnection-europe/,02.08.2024,Julian Bornemann <jb@wip.tu-berlin.de>
DE,BE,Power,2025,0.0,,GW,https://ember-climate.org/data/data-tools/electricity-interconnection-europe/,02.08.2024,Julian Bornemann <jb@wip.tu-berlin.de>
DE,CH,Power,2025,0.0,,GW,https://ember-climate.org/data/data-tools/electricity-interconnection-europe/,02.08.2024,Julian Bornemann <jb@wip.tu-berlin.de>
DE,CZ,Power,2025,0.5,,GW,https://ember-climate.org/data/data-tools/electricity-interconnection-europe/,02.08.2024,Julian Bornemann <jb@wip.tu-berlin.de>
DE,DK,Power,2025,1.0,,GW,https://ember-climate.org/data/data-tools/electricity-interconnection-europe/,02.08.2024,Julian Bornemann <jb@wip.tu-berlin.de>
DE,FR,Power,2025,0.3,,GW,https://ember-climate.org/data/data-tools/electricity-interconnection-europe/,02.08.2024,Julian Bornemann <jb@wip.tu-berlin.de>
DE,LU,Power,2025,0.0,,GW,https://ember-climate.org/data/data-tools/electricity-interconnection-europe/,02.08.2024,Julian Bornemann <jb@wip.tu-berlin.de>
DE,NL,Power,2025,1.05,,GW,https://ember-climate.org/data/data-tools/electricity-interconnection-europe/,02.08.2024,Julian Bornemann <jb@wip.tu-berlin.de>
DE,NO,Power,2025,0.0,,GW,https://ember-climate.org/data/data-tools/electricity-interconnection-europe/,02.08.2024,Julian Bornemann <jb@wip.tu-berlin.de>
DE,PL,Power,2025,2.0,,GW,https://ember-climate.org/data/data-tools/electricity-interconnection-europe/,02.08.2024,Julian Bornemann <jb@wip.tu-berlin.de>
DE,SE,Power,2025,0.0,,GW,https://ember-climate.org/data/data-tools/electricity-interconnection-europe/,02.08.2024,Julian Bornemann <jb@wip.tu-berlin.de>
DE,UK,Power,2025,0.0,,GW,https://ember-climate.org/data/data-tools/electricity-interconnection-europe/,02.08.2024,Julian Bornemann <jb@wip.tu-berlin.de>
DE,AT,Power,2030,0.1,,GW,https://ember-climate.org/data/data-tools/electricity-interconnection-europe/,02.08.2024,Julian Bornemann <jb@wip.tu-berlin.de>
DE,BE,Power,2030,0.0,,GW,https://ember-climate.org/data/data-tools/electricity-interconnection-europe/,02.08.2024,Julian Bornemann <jb@wip.tu-berlin.de>
DE,CH,Power,2030,0.0,,GW,https://ember-climate.org/data/data-tools/electricity-interconnection-europe/,02.08.2024,Julian Bornemann <jb@wip.tu-berlin.de>
DE,CZ,Power,2030,0.15,,GW,https://ember-climate.org/data/data-tools/electricity-interconnection-europe/,02.08.2024,Julian Bornemann <jb@wip.tu-berlin.de>
DE,DK,Power,2030,0.0,,GW,https://ember-climate.org/data/data-tools/electricity-interconnection-europe/,02.08.2024,Julian Bornemann <jb@wip.tu-berlin.de>
DE,FR,Power,2030,1.5,,GW,TYNDP 2024 Starting Grid,04.11.2025,Nikita Moskalenko <nim@wip.tu-berlin.de>
DE,LU,Power,2030,1.0,,GW,https://ember-climate.org/data/data-tools/electricity-interconnection-europe/,02.08.2024,Julian Bornemann <jb@wip.tu-berlin.de>
DE,NL,Power,2030,0.0,,GW,https://ember-climate.org/data/data-tools/electricity-interconnection-europe/,02.08.2024,Julian Bornemann <jb@wip.tu-berlin.de>
DE,NO,Power,2030,0.0,,GW,https://ember-climate.org/data/data-tools/electricity-interconnection-europe/,02.08.2024,Julian Bornemann <jb@wip.tu-berlin.de>
DE,PL,Power,2030,0.4,,GW,https://ember-climate.org/data/data-tools/electricity-interconnection-europe/,02.08.2024,Julian Bornemann <jb@wip.tu-berlin.de>
DE,SE,Power,2030,0.7,,GW,https://ember-climate.org/data/data-tools/electricity-interconnection-europe/,02.08.2024,Julian Bornemann <jb@wip.tu-berlin.de>
DE,UK,Power,2030,1.4,,GW,https://ember-climate.org/data/data-tools/electricity-interconnection-europe/,02.08.2024,Julian Bornemann <jb@wip.tu-berlin.de>
DE,AT,Power,2035,1.35,,GW,https://ember-climate.org/data/data-tools/electricity-interconnection-europe/,02.08.2024,Julian Bornemann <jb@wip.tu-berlin.de>
DE,BE,Power,2035,0.0,,GW,https://ember-climate.org/data/data-tools/electricity-interconnection-europe/,02.08.2024,Julian Bornemann <jb@wip.tu-berlin.de>
DE,CH,Power,2035,0.6,,GW,https://ember-climate.org/data/data-tools/electricity-interconnection-europe/,02.08.2024,Julian Bornemann <jb@wip.tu-berlin.de>
DE,CZ,Power,2035,0.25,,GW,https://ember-climate.org/data/data-tools/electricity-interconnection-europe/,02.08.2024,Julian Bornemann <jb@wip.tu-berlin.de>
DE,DK,Power,2035,0.0,,GW,https://ember-climate.org/data/data-tools/electricity-interconnection-europe/,02.08.2024,Julian Bornemann <jb@wip.tu-berlin.de>
DE,FR,Power,2035,0.75,,GW,https://ember-climate.org/data/data-tools/electricity-interconnection-europe/,02.08.2024,Julian Bornemann <jb@wip.tu-berlin.de>
DE,LU,Power,2035,0.2,,GW,https://ember-climate.org/data/data-tools/electricity-interconnection-europe/,02.08.2024,Julian Bornemann <jb@wip.tu-berlin.de>
DE,NL,Power,2035,0.0,,GW,https://ember-climate.org/data/data-tools/electricity-interconnection-europe/,02.08.2024,Julian Bornemann <jb@wip.tu-berlin.de>
DE,NO,Power,2035,0.0,,GW,https://ember-climate.org/data/data-tools/electricity-interconnection-europe/,02.08.2024,Julian Bornemann <jb@wip.tu-berlin.de>
DE,PL,Power,2035,0.0,,GW,https://ember-climate.org/data/data-tools/electricity-interconnection-europe/,02.08.2024,Julian Bornemann <jb@wip.tu-berlin.de>
DE,SE,Power,2035,0.0,,GW,https://ember-climate.org/data/data-tools/electricity-interconnection-europe/,02.08.2024,Julian Bornemann <jb@wip.tu-berlin.de>
DE,UK,Power,2035,0.0,,GW,https://ember-climate.org/data/data-tools/electricity-interconnection-europe/,02.08.2024,Julian Bornemann <jb@wip.tu-berlin.de>
DE,AT,Power,2040,1.35,,GW,https://ember-climate.org/data/data-tools/electricity-interconnection-europe/,02.08.2024,Julian Bornemann <jb@wip.tu-berlin.de>
DE,BE,Power,2040,0.0,,GW,https://ember-climate.org/data/data-tools/electricity-interconnection-europe/,02.08.2024,Julian Bornemann <jb@wip.tu-berlin.de>
DE,CH,Power,2040,0.6,,GW,https://ember-climate.org/data/data-tools/electricity-interconnection-europe/,02.08.2024,Julian Bornemann <jb@wip.tu-berlin.de>
DE,CZ,Power,2040,0.25,,GW,https://ember-climate.org/data/data-tools/electricity-interconnection-europe/,02.08.2024,Julian Bornemann <jb@wip.tu-berlin.de>
DE,DK,Power,2040,0.0,,GW,https://ember-climate.org/data/data-tools/electricity-interconnection-europe/,02.08.2024,Julian Bornemann <jb@wip.tu-berlin.de>
DE,FR,Power,2040,0.75,,GW,https://ember-climate.org/data/data-tools/electricity-interconnection-europe/,02.08.2024,Julian Bornemann <jb@wip.tu-berlin.de>
DE,LU,Power,2040,0.2,,GW,https://ember-climate.org/data/data-tools/electricity-interconnection-europe/,02.08.2024,Julian Bornemann <jb@wip.tu-berlin.de>
DE,NL,Power,2040,0.0,,GW,https://ember-climate.org/data/data-tools/electricity-interconnection-europe/,02.08.2024,Julian Bornemann <jb@wip.tu-berlin.de>
DE,NO,Power,2040,0.0,,GW,https://ember-climate.org/data/data-tools/electricity-interconnection-europe/,02.08.2024,Julian Bornemann <jb@wip.tu-berlin.de>
DE,PL,Power,2040,0.0,,GW,https://ember-climate.org/data/data-tools/electricity-interconnection-europe/,02.08.2024,Julian Bornemann <jb@wip.tu-berlin.de>
DE,SE,Power,2040,0.0,,GW,https://ember-climate.org/data/data-tools/electricity-interconnection-europe/,02.08.2024,Julian Bornemann <jb@wip.tu-berlin.de>
DE,UK,Power,2040,0.0,,GW,https://ember-climate.org/data/data-tools/electricity-interconnection-europe/,02.08.2024,Julian Bornemann <jb@wip.tu-berlin.de>
DK,DE,H2,2045,0.0,,PJ,TYNDP 2022 - Annex C2,02.08.2024,Julian Bornemann <jb@wip.tu-berlin.de>
DK,DE,H2,2050,0.0,,PJ,TYNDP 2022 - Annex C2,02.08.2024,Julian Bornemann <jb@wip.tu-berlin.de>
DK,DE,H2,2055,0.0,,PJ,same as 2050 for now,29.01.2025,Nikita Moskalenko <nim@wip.tu-berlin.de>
DK,DE,H2,2060,0.0,,PJ,same as 2050 for now,29.01.2025,Nikita Moskalenko <nim@wip.tu-berlin.de>
DK,BE,Power,2025,0.0,,GW,https://ember-climate.org/data/data-tools/electricity-interconnection-europe/,02.08.2024,Julian Bornemann <jb@wip.tu-berlin.de>
DK,DE,Power,2025,1.0,,GW,https://ember-climate.org/data/data-tools/electricity-interconnection-europe/,02.08.2024,Julian Bornemann <jb@wip.tu-berlin.de>
DK,NL,Power,2025,0.0,,GW,https://ember-climate.org/data/data-tools/electricity-interconnection-europe/,02.08.2024,Julian Bornemann <jb@wip.tu-berlin.de>
DK,NO,Power,2025,0.0,,GW,https://ember-climate.org/data/data-tools/electricity-interconnection-europe/,02.08.2024,Julian Bornemann <jb@wip.tu-berlin.de>
DK,PL,Power,2025,0.0,,GW,https://ember-climate.org/data/data-tools/electricity-interconnection-europe/,02.08.2024,Julian Bornemann <jb@wip.tu-berlin.de>
DK,SE,Power,2025,0.0,,GW,https://ember-climate.org/data/data-tools/electricity-interconnection-europe/,02.08.2024,Julian Bornemann <jb@wip.tu-berlin.de>
DK,UK,Power,2025,1.4,,GW,https://ember-climate.org/data/data-tools/electricity-interconnection-europe/,02.08.2024,Julian Bornemann <jb@wip.tu-berlin.de>
DK,BE,Power,2030,0.0,,GW,https://ember-climate.org/data/data-tools/electricity-interconnection-europe/,02.08.2024,Julian Bornemann <jb@wip.tu-berlin.de>
DK,DE,Power,2030,0.0,,GW,https://ember-climate.org/data/data-tools/electricity-interconnection-europe/,02.08.2024,Julian Bornemann <jb@wip.tu-berlin.de>
DK,NL,Power,2030,0.0,,GW,https://ember-climate.org/data/data-tools/electricity-interconnection-europe/,02.08.2024,Julian Bornemann <jb@wip.tu-berlin.de>
DK,NO,Power,2030,0.0,,GW,https://ember-climate.org/data/data-tools/electricity-interconnection-europe/,02.08.2024,Julian Bornemann <jb@wip.tu-berlin.de>
DK,PL,Power,2030,0.0,,GW,https://ember-climate.org/data/data-tools/electricity-interconnection-europe/,02.08.2024,Julian Bornemann <jb@wip.tu-berlin.de>
DK,SE,Power,2030,0.0,,GW,https://ember-climate.org/data/data-tools/electricity-interconnection-europe/,02.08.2024,Julian Bornemann <jb@wip.tu-berlin.de>
DK,UK,Power,2030,0.0,,GW,https://ember-climate.org/data/data-tools/electricity-interconnection-europe/,02.08.2024,Julian Bornemann <jb@wip.tu-berlin.de>
DK,BE,Power,2035,0.0,,GW,https://ember-climate.org/data/data-tools/electricity-interconnection-europe/,02.08.2024,Julian Bornemann <jb@wip.tu-berlin.de>
DK,DE,Power,2035,0.0,,GW,https://ember-climate.org/data/data-tools/electricity-interconnection-europe/,02.08.2024,Julian Bornemann <jb@wip.tu-berlin.de>
DK,NL,Power,2035,0.0,,GW,https://ember-climate.org/data/data-tools/electricity-interconnection-europe/,02.08.2024,Julian Bornemann <jb@wip.tu-berlin.de>
DK,NO,Power,2035,0.0,,GW,https://ember-climate.org/data/data-tools/electricity-interconnection-europe/,02.08.2024,Julian Bornemann <jb@wip.tu-berlin.de>
DK,PL,Power,2035,0.0,,GW,https://ember-climate.org/data/data-tools/electricity-interconnection-europe/,02.08.2024,Julian Bornemann <jb@wip.tu-berlin.de>
DK,SE,Power,2035,0.0,,GW,https://ember-climate.org/data/data-tools/electricity-interconnection-europe/,02.08.2024,Julian Bornemann <jb@wip.tu-berlin.de>
DK,UK,Power,2035,0.0,,GW,https://ember-climate.org/data/data-tools/electricity-interconnection-europe/,02.08.2024,Julian Bornemann <jb@wip.tu-berlin.de>
DK,BE,Power,2040,0.0,,GW,https://ember-climate.org/data/data-tools/electricity-interconnection-europe/,02.08.2024,Julian Bornemann <jb@wip.tu-berlin.de>
DK,DE,Power,2040,0.0,,GW,https://ember-climate.org/data/data-tools/electricity-interconnection-europe/,02.08.2024,Julian Bornemann <jb@wip.tu-berlin.de>
DK,NL,Power,2040,0.0,,GW,https://ember-climate.org/data/data-tools/electricity-interconnection-europe/,02.08.2024,Julian Bornemann <jb@wip.tu-berlin.de>
DK,NO,Power,2040,0.0,,GW,https://ember-climate.org/data/data-tools/electricity-interconnection-europe/,02.08.2024,Julian Bornemann <jb@wip.tu-berlin.de>
DK,PL,Power,2040,0.0,,GW,https://ember-climate.org/data/data-tools/electricity-interconnection-europe/,02.08.2024,Julian Bornemann <jb@wip.tu-berlin.de>
DK,SE,Power,2040,0.0,,GW,https://ember-climate.org/data/data-tools/electricity-interconnection-europe/,02.08.2024,Julian Bornemann <jb@wip.tu-berlin.de>
DK,UK,Power,2040,0.0,,GW,https://ember-climate.org/data/data-tools/electricity-interconnection-europe/,02.08.2024,Julian Bornemann <jb@wip.tu-berlin.de>
EE,FI,H2,2035,0.0,,PJ,TYNDP 2022 - Annex C2,02.08.2024,Julian Bornemann <jb@wip.tu-berlin.de>
EE,LV,H2,2035,0.0,,PJ,TYNDP 2022 - Annex C2,02.08.2024,Julian Bornemann <jb@wip.tu-berlin.de>
EE,FI,H2,2040,0.0,,PJ,TYNDP 2022 - Annex C2,02.08.2024,Julian Bornemann <jb@wip.tu-berlin.de>
EE,LV,H2,2040,0.0,,PJ,TYNDP 2022 - Annex C2,02.08.2024,Julian Bornemann <jb@wip.tu-berlin.de>
EE,FI,H2,2045,0.0,,PJ,TYNDP 2022 - Annex C2,02.08.2024,Julian Bornemann <jb@wip.tu-berlin.de>
EE,LV,H2,2045,0.0,,PJ,TYNDP 2022 - Annex C2,02.08.2024,Julian Bornemann <jb@wip.tu-berlin.de>
EE,FI,H2,2050,0.0,,PJ,TYNDP 2022 - Annex C2,02.08.2024,Julian Bornemann <jb@wip.tu-berlin.de>
EE,LV,H2,2050,0.0,,PJ,TYNDP 2022 - Annex C2,02.08.2024,Julian Bornemann <jb@wip.tu-berlin.de>
EE,FI,H2,2055,0.0,,PJ,same as 2050 for now,29.01.2025,Nikita Moskalenko <nim@wip.tu-berlin.de>
EE,LV,H2,2055,0.0,,PJ,same as 2050 for now,29.01.2025,Nikita Moskalenko <nim@wip.tu-berlin.de>
EE,FI,H2,2060,0.0,,PJ,same as 2050 for now,29.01.2025,Nikita Moskalenko <nim@wip.tu-berlin.de>
EE,LV,H2,2060,0.0,,PJ,same as 2050 for now,29.01.2025,Nikita Moskalenko <nim@wip.tu-berlin.de>
EE,FI,Power,2025,0.0,,GW,https://ember-climate.org/data/data-tools/electricity-interconnection-europe/,02.08.2024,Julian Bornemann <jb@wip.tu-berlin.de>
EE,LV,Power,2025,1.1,,GW,https://ember-climate.org/data/data-tools/electricity-interconnection-europe/,02.08.2024,Julian Bornemann <jb@wip.tu-berlin.de>
EE,FI,Power,2030,0.0,,GW,https://ember-climate.org/data/data-tools/electricity-interconnection-europe/,02.08.2024,Julian Bornemann <jb@wip.tu-berlin.de>
EE,LV,Power,2030,0.0,,GW,https://ember-climate.org/data/data-tools/electricity-interconnection-europe/,02.08.2024,Julian Bornemann <jb@wip.tu-berlin.de>
EE,FI,Power,2035,0.0,,GW,https://ember-climate.org/data/data-tools/electricity-interconnection-europe/,02.08.2024,Julian Bornemann <jb@wip.tu-berlin.de>
EE,LV,Power,2035,0.0,,GW,https://ember-climate.org/data/data-tools/electricity-interconnection-europe/,02.08.2024,Julian Bornemann <jb@wip.tu-berlin.de>
EE,FI,Power,2040,0.0,,GW,https://ember-climate.org/data/data-tools/electricity-interconnection-europe/,02.08.2024,Julian Bornemann <jb@wip.tu-berlin.de>
EE,LV,Power,2040,0.0,,GW,https://ember-climate.org/data/data-tools/electricity-interconnection-europe/,02.08.2024,Julian Bornemann <jb@wip.tu-berlin.de>
ES,IT,H2,2030,0.0,,PJ,TYNDP 2022 - Annex C2,02.08.2024,Julian Bornemann <jb@wip.tu-berlin.de>
ES,FR,H2,2035,0.0,,PJ,TYNDP 2022 - Annex C2,02.08.2024,Julian Bornemann <jb@wip.tu-berlin.de>
ES,PT,H2,2035,0.0,,PJ,TYNDP 2022 - Annex C2,02.08.2024,Julian Bornemann <jb@wip.tu-berlin.de>
ES,FR,H2,2040,0.0,,PJ,TYNDP 2022 - Annex C2,02.08.2024,Julian Bornemann <jb@wip.tu-berlin.de>
ES,PT,H2,2040,0.0,,PJ,TYNDP 2022 - Annex C2,02.08.2024,Julian Bornemann <jb@wip.tu-berlin.de>
ES,FR,H2,2045,0.0,,PJ,TYNDP 2022 - Annex C2,02.08.2024,Julian Bornemann <jb@wip.tu-berlin.de>
ES,IT,H2,2045,0.0,,PJ,TYNDP 2022 - Annex C2,02.08.2024,Julian Bornemann <jb@wip.tu-berlin.de>
ES,PT,H2,2045,0.0,,PJ,TYNDP 2022 - Annex C2,02.08.2024,Julian Bornemann <jb@wip.tu-berlin.de>
ES,FR,H2,2050,0.0,,PJ,TYNDP 2022 - Annex C2,02.08.2024,Julian Bornemann <jb@wip.tu-berlin.de>
ES,IT,H2,2050,0.0,,PJ,TYNDP 2022 - Annex C2,02.08.2024,Julian Bornemann <jb@wip.tu-berlin.de>
ES,PT,H2,2050,0.0,,PJ,TYNDP 2022 - Annex C2,02.08.2024,Julian Bornemann <jb@wip.tu-berlin.de>
ES,FR,H2,2055,0.0,,PJ,same as 2050 for now,29.01.2025,Nikita Moskalenko <nim@wip.tu-berlin.de>
ES,IT,H2,2055,0.0,,PJ,same as 2050 for now,29.01.2025,Nikita Moskalenko <nim@wip.tu-berlin.de>
ES,PT,H2,2055,0.0,,PJ,same as 2050 for now,29.01.2025,Nikita Moskalenko <nim@wip.tu-berlin.de>
ES,FR,H2,2060,0.0,,PJ,same as 2050 for now,29.01.2025,Nikita Moskalenko <nim@wip.tu-berlin.de>
ES,IT,H2,2060,0.0,,PJ,same as 2050 for now,29.01.2025,Nikita Moskalenko <nim@wip.tu-berlin.de>
ES,PT,H2,2060,0.0,,PJ,same as 2050 for now,29.01.2025,Nikita Moskalenko <nim@wip.tu-berlin.de>
ES,FR,Power,2025,2.2,,GW,https://ember-climate.org/data/data-tools/electricity-interconnection-europe/,02.08.2024,Julian Bornemann <jb@wip.tu-berlin.de>
ES,PT,Power,2025,1.9,,GW,https://ember-climate.org/data/data-tools/electricity-interconnection-europe/,02.08.2024,Julian Bornemann <jb@wip.tu-berlin.de>
ES,FR,Power,2030,0.0,,GW,https://ember-climate.org/data/data-tools/electricity-interconnection-europe/,02.08.2024,Julian Bornemann <jb@wip.tu-berlin.de>
ES,PT,Power,2030,0.0,,GW,https://ember-climate.org/data/data-tools/electricity-interconnection-europe/,02.08.2024,Julian Bornemann <jb@wip.tu-berlin.de>
ES,FR,Power,2035,0.75,,GW,https://ember-climate.org/data/data-tools/electricity-interconnection-europe/,02.08.2024,Julian Bornemann <jb@wip.tu-berlin.de>
ES,PT,Power,2035,0.0,,GW,https://ember-climate.org/data/data-tools/electricity-interconnection-europe/,02.08.2024,Julian Bornemann <jb@wip.tu-berlin.de>
ES,FR,Power,2040,0.75,,GW,https://ember-climate.org/data/data-tools/electricity-interconnection-europe/,02.08.2024,Julian Bornemann <jb@wip.tu-berlin.de>
ES,PT,Power,2040,0.5,,GW,Feedback from Man0EUvRE Partner - LNEG,15.04.2025,Nikita Moskalenko <nim@wip.tu-berlin.de>
FI,EE,H2,2035,0.0,,PJ,TYNDP 2022 - Annex C2,02.08.2024,Julian Bornemann <jb@wip.tu-berlin.de>
FI,DE,H2,2035,0.0,,PJ,TYNDP 2022 - Annex C2,02.08.2024,Julian Bornemann <jb@wip.tu-berlin.de>
FI,SE,H2,2035,0.0,,PJ,TYNDP 2022 - Annex C2,02.08.2024,Julian Bornemann <jb@wip.tu-berlin.de>
FI,EE,H2,2040,0.0,,PJ,TYNDP 2022 - Annex C2,02.08.2024,Julian Bornemann <jb@wip.tu-berlin.de>
FI,DE,H2,2040,0.0,,PJ,TYNDP 2022 - Annex C2,02.08.2024,Julian Bornemann <jb@wip.tu-berlin.de>
FI,SE,H2,2040,0.0,,PJ,TYNDP 2022 - Annex C2,02.08.2024,Julian Bornemann <jb@wip.tu-berlin.de>
FI,EE,H2,2045,0.0,,PJ,TYNDP 2022 - Annex C2,02.08.2024,Julian Bornemann <jb@wip.tu-berlin.de>
FI,DE,H2,2045,0.0,,PJ,TYNDP 2022 - Annex C2,02.08.2024,Julian Bornemann <jb@wip.tu-berlin.de>
FI,SE,H2,2045,0.0,,PJ,TYNDP 2022 - Annex C2,02.08.2024,Julian Bornemann <jb@wip.tu-berlin.de>
FI,EE,H2,2050,0.0,,PJ,TYNDP 2022 - Annex C2,02.08.2024,Julian Bornemann <jb@wip.tu-berlin.de>
FI,DE,H2,2050,0.0,,PJ,TYNDP 2022 - Annex C2,02.08.2024,Julian Bornemann <jb@wip.tu-berlin.de>
FI,SE,H2,2050,0.0,,PJ,TYNDP 2022 - Annex C2,02.08.2024,Julian Bornemann <jb@wip.tu-berlin.de>
FI,EE,H2,2055,0.0,,PJ,same as 2050 for now,29.01.2025,Nikita Moskalenko <nim@wip.tu-berlin.de>
FI,DE,H2,2055,0.0,,PJ,same as 2050 for now,29.01.2025,Nikita Moskalenko <nim@wip.tu-berlin.de>
FI,SE,H2,2055,0.0,,PJ,same as 2050 for now,29.01.2025,Nikita Moskalenko <nim@wip.tu-berlin.de>
FI,EE,H2,2060,0.0,,PJ,same as 2050 for now,29.01.2025,Nikita Moskalenko <nim@wip.tu-berlin.de>
FI,DE,H2,2060,0.0,,PJ,same as 2050 for now,29.01.2025,Nikita Moskalenko <nim@wip.tu-berlin.de>
FI,SE,H2,2060,0.0,,PJ,same as 2050 for now,29.01.2025,Nikita Moskalenko <nim@wip.tu-berlin.de>
FI,EE,Power,2025,0.0,,GW,https://ember-climate.org/data/data-tools/electricity-interconnection-europe/,02.08.2024,Julian Bornemann <jb@wip.tu-berlin.de>
FI,NO,Power,2025,0.0,,GW,https://ember-climate.org/data/data-tools/electricity-interconnection-europe/,02.08.2024,Julian Bornemann <jb@wip.tu-berlin.de>
FI,SE,Power,2025,0.0,,GW,https://ember-climate.org/data/data-tools/electricity-interconnection-europe/,02.08.2024,Julian Bornemann <jb@wip.tu-berlin.de>
FI,EE,Power,2030,0.0,,GW,https://ember-climate.org/data/data-tools/electricity-interconnection-europe/,02.08.2024,Julian Bornemann <jb@wip.tu-berlin.de>
FI,NO,Power,2030,0.0,,GW,https://ember-climate.org/data/data-tools/electricity-interconnection-europe/,02.08.2024,Julian Bornemann <jb@wip.tu-berlin.de>
FI,SE,Power,2030,0.9,,GW,https://ember-climate.org/data/data-tools/electricity-interconnection-europe/,02.08.2024,Julian Bornemann <jb@wip.tu-berlin.de>
FI,EE,Power,2035,0.0,,GW,https://ember-climate.org/data/data-tools/electricity-interconnection-europe/,02.08.2024,Julian Bornemann <jb@wip.tu-berlin.de>
FI,NO,Power,2035,0.0,,GW,https://ember-climate.org/data/data-tools/electricity-interconnection-europe/,02.08.2024,Julian Bornemann <jb@wip.tu-berlin.de>
FI,SE,Power,2035,0.0,,GW,https://ember-climate.org/data/data-tools/electricity-interconnection-europe/,02.08.2024,Julian Bornemann <jb@wip.tu-berlin.de>
FI,EE,Power,2040,0.0,,GW,https://ember-climate.org/data/data-tools/electricity-interconnection-europe/,02.08.2024,Julian Bornemann <jb@wip.tu-berlin.de>
FI,NO,Power,2040,0.0,,GW,https://ember-climate.org/data/data-tools/electricity-interconnection-europe/,02.08.2024,Julian Bornemann <jb@wip.tu-berlin.de>
FI,SE,Power,2040,0.0,,GW,https://ember-climate.org/data/data-tools/electricity-interconnection-europe/,02.08.2024,Julian Bornemann <jb@wip.tu-berlin.de>
FR,CH,H2,2030,0.0,,PJ,TYNDP 2022 - Annex C2,02.08.2024,Julian Bornemann <jb@wip.tu-berlin.de>
FR,BE,H2,2035,0.0,,PJ,TYNDP 2022 - Annex C2,02.08.2024,Julian Bornemann <jb@wip.tu-berlin.de>
FR,DE,H2,2035,0.0,,PJ,TYNDP 2022 - Annex C2,02.08.2024,Julian Bornemann <jb@wip.tu-berlin.de>
FR,ES,H2,2035,0.0,,PJ,TYNDP 2022 - Annex C2,02.08.2024,Julian Bornemann <jb@wip.tu-berlin.de>
FR,CH,H2,2035,0.0,,PJ,TYNDP 2022 - Annex C2,02.08.2024,Julian Bornemann <jb@wip.tu-berlin.de>
FR,BE,H2,2040,0.0,,PJ,TYNDP 2022 - Annex C2,02.08.2024,Julian Bornemann <jb@wip.tu-berlin.de>
FR,DE,H2,2040,0.0,,PJ,TYNDP 2022 - Annex C2,02.08.2024,Julian Bornemann <jb@wip.tu-berlin.de>
FR,ES,H2,2040,0.0,,PJ,TYNDP 2022 - Annex C2,02.08.2024,Julian Bornemann <jb@wip.tu-berlin.de>
FR,CH,H2,2040,0.0,,PJ,TYNDP 2022 - Annex C2,02.08.2024,Julian Bornemann <jb@wip.tu-berlin.de>
FR,BE,H2,2045,0.0,,PJ,TYNDP 2022 - Annex C2,02.08.2024,Julian Bornemann <jb@wip.tu-berlin.de>
FR,DE,H2,2045,0.0,,PJ,TYNDP 2022 - Annex C2,02.08.2024,Julian Bornemann <jb@wip.tu-berlin.de>
FR,ES,H2,2045,0.0,,PJ,TYNDP 2022 - Annex C2,02.08.2024,Julian Bornemann <jb@wip.tu-berlin.de>
FR,CH,H2,2045,0.0,,PJ,TYNDP 2022 - Annex C2,02.08.2024,Julian Bornemann <jb@wip.tu-berlin.de>
FR,BE,H2,2050,0.0,,PJ,TYNDP 2022 - Annex C2,02.08.2024,Julian Bornemann <jb@wip.tu-berlin.de>
FR,DE,H2,2050,0.0,,PJ,TYNDP 2022 - Annex C2,02.08.2024,Julian Bornemann <jb@wip.tu-berlin.de>
FR,ES,H2,2050,0.0,,PJ,TYNDP 2022 - Annex C2,02.08.2024,Julian Bornemann <jb@wip.tu-berlin.de>
FR,CH,H2,2050,0.0,,PJ,TYNDP 2022 - Annex C2,02.08.2024,Julian Bornemann <jb@wip.tu-berlin.de>
FR,BE,H2,2055,0.0,,PJ,same as 2050 for now,29.01.2025,Nikita Moskalenko <nim@wip.tu-berlin.de>
FR,DE,H2,2055,0.0,,PJ,same as 2050 for now,29.01.2025,Nikita Moskalenko <nim@wip.tu-berlin.de>
FR,ES,H2,2055,0.0,,PJ,same as 2050 for now,29.01.2025,Nikita Moskalenko <nim@wip.tu-berlin.de>
FR,CH,H2,2055,0.0,,PJ,same as 2050 for now,29.01.2025,Nikita Moskalenko <nim@wip.tu-berlin.de>
FR,BE,H2,2060,0.0,,PJ,same as 2050 for now,29.01.2025,Nikita Moskalenko <nim@wip.tu-berlin.de>
FR,DE,H2,2060,0.0,,PJ,same as 2050 for now,29.01.2025,Nikita Moskalenko <nim@wip.tu-berlin.de>
FR,ES,H2,2060,0.0,,PJ,same as 2050 for now,29.01.2025,Nikita Moskalenko <nim@wip.tu-berlin.de>
FR,CH,H2,2060,0.0,,PJ,same as 2050 for now,29.01.2025,Nikita Moskalenko <nim@wip.tu-berlin.de>
FR,BE,Power,2025,1.5,,GW,https://ember-climate.org/data/data-tools/electricity-interconnection-europe/,02.08.2024,Julian Bornemann <jb@wip.tu-berlin.de>
FR,CH,Power,2025,0.0,,GW,https://ember-climate.org/data/data-tools/electricity-interconnection-europe/,02.08.2024,Julian Bornemann <jb@wip.tu-berlin.de>
FR,DE,Power,2025,0.3,,GW,https://ember-climate.org/data/data-tools/electricity-interconnection-europe/,02.08.2024,Julian Bornemann <jb@wip.tu-berlin.de>
FR,ES,Power,2025,2.2,,GW,https://ember-climate.org/data/data-tools/electricity-interconnection-europe/,02.08.2024,Julian Bornemann <jb@wip.tu-berlin.de>
FR,IE,Power,2025,0.0,,GW,https://ember-climate.org/data/data-tools/electricity-interconnection-europe/,02.08.2024,Julian Bornemann <jb@wip.tu-berlin.de>
FR,IT,Power,2025,1.2,,GW,https://ember-climate.org/data/data-tools/electricity-interconnection-europe/,02.08.2024,Julian Bornemann <jb@wip.tu-berlin.de>
FR,LU,Power,2025,0.0,,GW,https://ember-climate.org/data/data-tools/electricity-interconnection-europe/,02.08.2024,Julian Bornemann <jb@wip.tu-berlin.de>
FR,UK,Power,2025,1.0,,GW,https://ember-climate.org/data/data-tools/electricity-interconnection-europe/,02.08.2024,Julian Bornemann <jb@wip.tu-berlin.de>
FR,BE,Power,2030,0.0,,GW,https://ember-climate.org/data/data-tools/electricity-interconnection-europe/,02.08.2024,Julian Bornemann <jb@wip.tu-berlin.de>
FR,CH,Power,2030,0.8,,GW,TYNDP 2024 Starting Grid,04.11.2025,Nikita Moskalenko <nim@wip.tu-berlin.de>
FR,DE,Power,2030,1.5,,GW,TYNDP 2024 Starting Grid,04.11.2025,Nikita Moskalenko <nim@wip.tu-berlin.de>
FR,ES,Power,2030,0.0,,GW,https://ember-climate.org/data/data-tools/electricity-interconnection-europe/,02.08.2024,Julian Bornemann <jb@wip.tu-berlin.de>
FR,IE,Power,2030,0.7,,GW,https://ember-climate.org/data/data-tools/electricity-interconnection-europe/,02.08.2024,Julian Bornemann <jb@wip.tu-berlin.de>
FR,IT,Power,2030,0.385,,GW,TYNDP 2024 Starting Grid,04.11.2025,Nikita Moskalenko <nim@wip.tu-berlin.de>
FR,LU,Power,2030,0.0,,GW,https://ember-climate.org/data/data-tools/electricity-interconnection-europe/,02.08.2024,Julian Bornemann <jb@wip.tu-berlin.de>
FR,UK,Power,2030,1.6,,GW,TYNDP 2024 Starting Grid,04.11.2025,Nikita Moskalenko <nim@wip.tu-berlin.de>
FR,BE,Power,2035,0.5,,GW,https://ember-climate.org/data/data-tools/electricity-interconnection-europe/,02.08.2024,Julian Bornemann <jb@wip.tu-berlin.de>
FR,CH,Power,2035,0.0,,GW,https://ember-climate.org/data/data-tools/electricity-interconnection-europe/,02.08.2024,Julian Bornemann <jb@wip.tu-berlin.de>
FR,DE,Power,2035,0.75,,GW,https://ember-climate.org/data/data-tools/electricity-interconnection-europe/,02.08.2024,Julian Bornemann <jb@wip.tu-berlin.de>
FR,ES,Power,2035,0.75,,GW,https://ember-climate.org/data/data-tools/electricity-interconnection-europe/,02.08.2024,Julian Bornemann <jb@wip.tu-berlin.de>
FR,IE,Power,2035,0.0,,GW,https://ember-climate.org/data/data-tools/electricity-interconnection-europe/,02.08.2024,Julian Bornemann <jb@wip.tu-berlin.de>
FR,IT,Power,2035,0.0,,GW,https://ember-climate.org/data/data-tools/electricity-interconnection-europe/,02.08.2024,Julian Bornemann <jb@wip.tu-berlin.de>
FR,LU,Power,2035,0.0,,GW,https://ember-climate.org/data/data-tools/electricity-interconnection-europe/,02.08.2024,Julian Bornemann <jb@wip.tu-berlin.de>
FR,UK,Power,2035,0.0,,GW,https://ember-climate.org/data/data-tools/electricity-interconnection-europe/,02.08.2024,Julian Bornemann <jb@wip.tu-berlin.de>
FR,BE,Power,2040,0.5,,GW,https://ember-climate.org/data/data-tools/electricity-interconnection-europe/,02.08.2024,Julian Bornemann <jb@wip.tu-berlin.de>
FR,CH,Power,2040,0.0,,GW,https://ember-climate.org/data/data-tools/electricity-interconnection-europe/,02.08.2024,Julian Bornemann <jb@wip.tu-berlin.de>
FR,DE,Power,2040,0.75,,GW,https://ember-climate.org/data/data-tools/electricity-interconnection-europe/,02.08.2024,Julian Bornemann <jb@wip.tu-berlin.de>
FR,ES,Power,2040,0.75,,GW,https://ember-climate.org/data/data-tools/electricity-interconnection-europe/,02.08.2024,Julian Bornemann <jb@wip.tu-berlin.de>
FR,IE,Power,2040,0.0,,GW,https://ember-climate.org/data/data-tools/electricity-interconnection-europe/,02.08.2024,Julian Bornemann <jb@wip.tu-berlin.de>
FR,IT,Power,2040,0.0,,GW,https://ember-climate.org/data/data-tools/electricity-interconnection-europe/,02.08.2024,Julian Bornemann <jb@wip.tu-berlin.de>
FR,LU,Power,2040,0.0,,GW,https://ember-climate.org/data/data-tools/electricity-interconnection-europe/,02.08.2024,Julian Bornemann <jb@wip.tu-berlin.de>
FR,UK,Power,2040,0.0,,GW,https://ember-climate.org/data/data-tools/electricity-interconnection-europe/,02.08.2024,Julian Bornemann <jb@wip.tu-berlin.de>
GR,BG,H2,2035,0.0,,PJ,TYNDP 2022 - Annex C2,02.08.2024,Julian Bornemann <jb@wip.tu-berlin.de>
GR,BG,H2,2040,0.0,,PJ,TYNDP 2022 - Annex C2,02.08.2024,Julian Bornemann <jb@wip.tu-berlin.de>
GR,BG,H2,2045,0.0,,PJ,TYNDP 2022 - Annex C2,02.08.2024,Julian Bornemann <jb@wip.tu-berlin.de>
GR,BG,H2,2050,0.0,,PJ,TYNDP 2022 - Annex C2,02.08.2024,Julian Bornemann <jb@wip.tu-berlin.de>
GR,BG,H2,2055,0.0,,PJ,same as 2050 for now,29.01.2025,Nikita Moskalenko <nim@wip.tu-berlin.de>
GR,BG,H2,2060,0.0,,PJ,same as 2050 for now,29.01.2025,Nikita Moskalenko <nim@wip.tu-berlin.de>
GR,NONEU_Balkan,Power,2025,0.0,,GW,https://ember-climate.org/data/data-tools/electricity-interconnection-europe/,02.08.2024,Julian Bornemann <jb@wip.tu-berlin.de>
GR,BG,Power,2025,0.6,,GW,https://ember-climate.org/data/data-tools/electricity-interconnection-europe/,02.08.2024,Julian Bornemann <jb@wip.tu-berlin.de>
GR,IT,Power,2025,0.0,,GW,https://ember-climate.org/data/data-tools/electricity-interconnection-europe/,02.08.2024,Julian Bornemann <jb@wip.tu-berlin.de>
GR,TR,Power,2025,0.0,,GW,https://ember-climate.org/data/data-tools/electricity-interconnection-europe/,02.08.2024,Julian Bornemann <jb@wip.tu-berlin.de>
GR,NONEU_Balkan,Power,2030,0.0,,GW,https://ember-climate.org/data/data-tools/electricity-interconnection-europe/,02.08.2024,Julian Bornemann <jb@wip.tu-berlin.de>
GR,BG,Power,2030,0.0,,GW,https://ember-climate.org/data/data-tools/electricity-interconnection-europe/,02.08.2024,Julian Bornemann <jb@wip.tu-berlin.de>
GR,IT,Power,2030,0.0,,GW,https://ember-climate.org/data/data-tools/electricity-interconnection-europe/,02.08.2024,Julian Bornemann <jb@wip.tu-berlin.de>
GR,TR,Power,2030,0.0,,GW,https://ember-climate.org/data/data-tools/electricity-interconnection-europe/,02.08.2024,Julian Bornemann <jb@wip.tu-berlin.de>
GR,NONEU_Balkan,Power,2035,0.0,,GW,https://ember-climate.org/data/data-tools/electricity-interconnection-europe/,02.08.2024,Julian Bornemann <jb@wip.tu-berlin.de>
GR,BG,Power,2035,0.0,,GW,https://ember-climate.org/data/data-tools/electricity-interconnection-europe/,02.08.2024,Julian Bornemann <jb@wip.tu-berlin.de>
GR,IT,Power,2035,0.0,,GW,https://ember-climate.org/data/data-tools/electricity-interconnection-europe/,02.08.2024,Julian Bornemann <jb@wip.tu-berlin.de>
GR,TR,Power,2035,0.0,,GW,https://ember-climate.org/data/data-tools/electricity-interconnection-europe/,02.08.2024,Julian Bornemann <jb@wip.tu-berlin.de>
GR,NONEU_Balkan,Power,2040,0.0,,GW,https://ember-climate.org/data/data-tools/electricity-interconnection-europe/,02.08.2024,Julian Bornemann <jb@wip.tu-berlin.de>
GR,BG,Power,2040,0.0,,GW,https://ember-climate.org/data/data-tools/electricity-interconnection-europe/,02.08.2024,Julian Bornemann <jb@wip.tu-berlin.de>
GR,IT,Power,2040,0.0,,GW,https://ember-climate.org/data/data-tools/electricity-interconnection-europe/,02.08.2024,Julian Bornemann <jb@wip.tu-berlin.de>
GR,TR,Power,2040,0.0,,GW,https://ember-climate.org/data/data-tools/electricity-interconnection-europe/,02.08.2024,Julian Bornemann <jb@wip.tu-berlin.de>
HR,NONEU_Balkan,H2,2030,0.0,,PJ,TYNDP 2022 - Annex C2,02.08.2024,Julian Bornemann <jb@wip.tu-berlin.de>
HR,HU,H2,2030,0.0,,PJ,TYNDP 2022 - Annex C2,02.08.2024,Julian Bornemann <jb@wip.tu-berlin.de>
HR,SI,H2,2030,0.0,,PJ,TYNDP 2022 - Annex C2,02.08.2024,Julian Bornemann <jb@wip.tu-berlin.de>
HR,NONEU_Balkan,H2,2035,0.0,,PJ,TYNDP 2022 - Annex C2,02.08.2024,Julian Bornemann <jb@wip.tu-berlin.de>
HR,NONEU_Balkan,H2,2040,0.0,,PJ,TYNDP 2022 - Annex C2,02.08.2024,Julian Bornemann <jb@wip.tu-berlin.de>
HR,NONEU_Balkan,H2,2045,0.0,,PJ,TYNDP 2022 - Annex C2,02.08.2024,Julian Bornemann <jb@wip.tu-berlin.de>
HR,HU,H2,2045,0.0,,PJ,TYNDP 2022 - Annex C2,02.08.2024,Julian Bornemann <jb@wip.tu-berlin.de>
HR,SI,H2,2045,0.0,,PJ,TYNDP 2022 - Annex C2,02.08.2024,Julian Bornemann <jb@wip.tu-berlin.de>
HR,NONEU_Balkan,H2,2050,0.0,,PJ,TYNDP 2022 - Annex C2,02.08.2024,Julian Bornemann <jb@wip.tu-berlin.de>
HR,HU,H2,2050,0.0,,PJ,TYNDP 2022 - Annex C2,02.08.2024,Julian Bornemann <jb@wip.tu-berlin.de>
HR,SI,H2,2050,0.0,,PJ,TYNDP 2022 - Annex C2,02.08.2024,Julian Bornemann <jb@wip.tu-berlin.de>
HR,NONEU_Balkan,H2,2055,0.0,,PJ,same as 2050 for now,29.01.2025,Nikita Moskalenko <nim@wip.tu-berlin.de>
HR,HU,H2,2055,0.0,,PJ,same as 2050 for now,29.01.2025,Nikita Moskalenko <nim@wip.tu-berlin.de>
HR,SI,H2,2055,0.0,,PJ,same as 2050 for now,29.01.2025,Nikita Moskalenko <nim@wip.tu-berlin.de>
HR,NONEU_Balkan,H2,2060,0.0,,PJ,same as 2050 for now,29.01.2025,Nikita Moskalenko <nim@wip.tu-berlin.de>
HR,HU,H2,2060,0.0,,PJ,same as 2050 for now,29.01.2025,Nikita Moskalenko <nim@wip.tu-berlin.de>
HR,SI,H2,2060,0.0,,PJ,same as 2050 for now,29.01.2025,Nikita Moskalenko <nim@wip.tu-berlin.de>
HR,NONEU_Balkan,Power,2025,0.0,,GW,https://ember-climate.org/data/data-tools/electricity-interconnection-europe/,02.08.2024,Julian Bornemann <jb@wip.tu-berlin.de>
HR,HU,Power,2025,0.0,,GW,https://ember-climate.org/data/data-tools/electricity-interconnection-europe/,02.08.2024,Julian Bornemann <jb@wip.tu-berlin.de>
HR,SI,Power,2025,0.0,,GW,https://ember-climate.org/data/data-tools/electricity-interconnection-europe/,02.08.2024,Julian Bornemann <jb@wip.tu-berlin.de>
HR,NONEU_Balkan,Power,2030,0.0,,GW,https://ember-climate.org/data/data-tools/electricity-interconnection-europe/,02.08.2024,Julian Bornemann <jb@wip.tu-berlin.de>
HR,HU,Power,2030,0.0,,GW,https://ember-climate.org/data/data-tools/electricity-interconnection-europe/,02.08.2024,Julian Bornemann <jb@wip.tu-berlin.de>
HR,SI,Power,2030,0.0,,GW,https://ember-climate.org/data/data-tools/electricity-interconnection-europe/,02.08.2024,Julian Bornemann <jb@wip.tu-berlin.de>
HR,NONEU_Balkan,Power,2035,0.122,,GW,https://ember-climate.org/data/data-tools/electricity-interconnection-europe/,02.08.2024,Julian Bornemann <jb@wip.tu-berlin.de>
HR,HU,Power,2035,0.0,,GW,https://ember-climate.org/data/data-tools/electricity-interconnection-europe/,02.08.2024,Julian Bornemann <jb@wip.tu-berlin.de>
HR,SI,Power,2035,0.0,,GW,https://ember-climate.org/data/data-tools/electricity-interconnection-europe/,02.08.2024,Julian Bornemann <jb@wip.tu-berlin.de>
HR,NONEU_Balkan,Power,2040,0.122,,GW,https://ember-climate.org/data/data-tools/electricity-interconnection-europe/,02.08.2024,Julian Bornemann <jb@wip.tu-berlin.de>
HR,HU,Power,2040,0.0,,GW,https://ember-climate.org/data/data-tools/electricity-interconnection-europe/,02.08.2024,Julian Bornemann <jb@wip.tu-berlin.de>
HR,SI,Power,2040,0.0,,GW,https://ember-climate.org/data/data-tools/electricity-interconnection-europe/,02.08.2024,Julian Bornemann <jb@wip.tu-berlin.de>
HU,HR,H2,2030,0.0,,PJ,TYNDP 2022 - Annex C2,02.08.2024,Julian Bornemann <jb@wip.tu-berlin.de>
HU,SI,H2,2030,0.0,,PJ,TYNDP 2022 - Annex C2,02.08.2024,Julian Bornemann <jb@wip.tu-berlin.de>
HU,HR,H2,2045,0.0,,PJ,TYNDP 2022 - Annex C2,02.08.2024,Julian Bornemann <jb@wip.tu-berlin.de>
HU,RO,H2,2045,0.0,,PJ,TYNDP 2022 - Annex C2,02.08.2024,Julian Bornemann <jb@wip.tu-berlin.de>
HU,SK,H2,2045,0.0,,PJ,TYNDP 2022 - Annex C2,02.08.2024,Julian Bornemann <jb@wip.tu-berlin.de>
HU,SI,H2,2045,0.0,,PJ,TYNDP 2022 - Annex C2,02.08.2024,Julian Bornemann <jb@wip.tu-berlin.de>
HU,HR,H2,2050,0.0,,PJ,TYNDP 2022 - Annex C2,02.08.2024,Julian Bornemann <jb@wip.tu-berlin.de>
HU,RO,H2,2050,0.0,,PJ,TYNDP 2022 - Annex C2,02.08.2024,Julian Bornemann <jb@wip.tu-berlin.de>
HU,SK,H2,2050,0.0,,PJ,TYNDP 2022 - Annex C2,02.08.2024,Julian Bornemann <jb@wip.tu-berlin.de>
HU,SI,H2,2050,0.0,,PJ,TYNDP 2022 - Annex C2,02.08.2024,Julian Bornemann <jb@wip.tu-berlin.de>
HU,HR,H2,2055,0.0,,PJ,same as 2050 for now,29.01.2025,Nikita Moskalenko <nim@wip.tu-berlin.de>
HU,RO,H2,2055,0.0,,PJ,same as 2050 for now,29.01.2025,Nikita Moskalenko <nim@wip.tu-berlin.de>
HU,SK,H2,2055,0.0,,PJ,same as 2050 for now,29.01.2025,Nikita Moskalenko <nim@wip.tu-berlin.de>
HU,SI,H2,2055,0.0,,PJ,same as 2050 for now,29.01.2025,Nikita Moskalenko <nim@wip.tu-berlin.de>
HU,HR,H2,2060,0.0,,PJ,same as 2050 for now,29.01.2025,Nikita Moskalenko <nim@wip.tu-berlin.de>
HU,RO,H2,2060,0.0,,PJ,same as 2050 for now,29.01.2025,Nikita Moskalenko <nim@wip.tu-berlin.de>
HU,SK,H2,2060,0.0,,PJ,same as 2050 for now,29.01.2025,Nikita Moskalenko <nim@wip.tu-berlin.de>
HU,SI,H2,2060,0.0,,PJ,same as 2050 for now,29.01.2025,Nikita Moskalenko <nim@wip.tu-berlin.de>
HU,AT,Power,2025,0.0,,GW,https://ember-climate.org/data/data-tools/electricity-interconnection-europe/,02.08.2024,Julian Bornemann <jb@wip.tu-berlin.de>
HU,HR,Power,2025,0.0,,GW,https://ember-climate.org/data/data-tools/electricity-interconnection-europe/,02.08.2024,Julian Bornemann <jb@wip.tu-berlin.de>
HU,RO,Power,2025,0.0,,GW,https://ember-climate.org/data/data-tools/electricity-interconnection-europe/,02.08.2024,Julian Bornemann <jb@wip.tu-berlin.de>
HU,NONEU_Balkan,Power,2025,0.0,,GW,https://ember-climate.org/data/data-tools/electricity-interconnection-europe/,02.08.2024,Julian Bornemann <jb@wip.tu-berlin.de>
HU,SI,Power,2025,1.2,,GW,https://ember-climate.org/data/data-tools/electricity-interconnection-europe/,02.08.2024,Julian Bornemann <jb@wip.tu-berlin.de>
HU,SK,Power,2025,0.8,,GW,https://ember-climate.org/data/data-tools/electricity-interconnection-europe/,02.08.2024,Julian Bornemann <jb@wip.tu-berlin.de>
HU,AT,Power,2030,0.0,,GW,https://ember-climate.org/data/data-tools/electricity-interconnection-europe/,02.08.2024,Julian Bornemann <jb@wip.tu-berlin.de>
HU,HR,Power,2030,0.0,,GW,https://ember-climate.org/data/data-tools/electricity-interconnection-europe/,02.08.2024,Julian Bornemann <jb@wip.tu-berlin.de>
HU,RO,Power,2030,0.617,,GW,https://ember-climate.org/data/data-tools/electricity-interconnection-europe/,02.08.2024,Julian Bornemann <jb@wip.tu-berlin.de>
HU,NONEU_Balkan,Power,2030,0.0,,GW,https://ember-climate.org/data/data-tools/electricity-interconnection-europe/,02.08.2024,Julian Bornemann <jb@wip.tu-berlin.de>
HU,SI,Power,2030,0.0,,GW,https://ember-climate.org/data/data-tools/electricity-interconnection-europe/,02.08.2024,Julian Bornemann <jb@wip.tu-berlin.de>
HU,SK,Power,2030,0.0,,GW,https://ember-climate.org/data/data-tools/electricity-interconnection-europe/,02.08.2024,Julian Bornemann <jb@wip.tu-berlin.de>
HU,AT,Power,2035,0.0,,GW,https://ember-climate.org/data/data-tools/electricity-interconnection-europe/,02.08.2024,Julian Bornemann <jb@wip.tu-berlin.de>
HU,HR,Power,2035,0.0,,GW,https://ember-climate.org/data/data-tools/electricity-interconnection-europe/,02.08.2024,Julian Bornemann <jb@wip.tu-berlin.de>
HU,RO,Power,2035,0.0,,GW,https://ember-climate.org/data/data-tools/electricity-interconnection-europe/,02.08.2024,Julian Bornemann <jb@wip.tu-berlin.de>
HU,NONEU_Balkan,Power,2035,0.25,,GW,https://ember-climate.org/data/data-tools/electricity-interconnection-europe/,02.08.2024,Julian Bornemann <jb@wip.tu-berlin.de>
HU,SI,Power,2035,0.0,,GW,https://ember-climate.org/data/data-tools/electricity-interconnection-europe/,02.08.2024,Julian Bornemann <jb@wip.tu-berlin.de>
HU,SK,Power,2035,0.0,,GW,https://ember-climate.org/data/data-tools/electricity-interconnection-europe/,02.08.2024,Julian Bornemann <jb@wip.tu-berlin.de>
HU,AT,Power,2040,0.0,,GW,https://ember-climate.org/data/data-tools/electricity-interconnection-europe/,02.08.2024,Julian Bornemann <jb@wip.tu-berlin.de>
HU,HR,Power,2040,0.0,,GW,https://ember-climate.org/data/data-tools/electricity-interconnection-europe/,02.08.2024,Julian Bornemann <jb@wip.tu-berlin.de>
HU,RO,Power,2040,0.0,,GW,https://ember-climate.org/data/data-tools/electricity-interconnection-europe/,02.08.2024,Julian Bornemann <jb@wip.tu-berlin.de>
HU,NONEU_Balkan,Power,2040,0.25,,GW,https://ember-climate.org/data/data-tools/electricity-interconnection-europe/,02.08.2024,Julian Bornemann <jb@wip.tu-berlin.de>
HU,SI,Power,2040,0.0,,GW,https://ember-climate.org/data/data-tools/electricity-interconnection-europe/,02.08.2024,Julian Bornemann <jb@wip.tu-berlin.de>
HU,SK,Power,2040,0.0,,GW,https://ember-climate.org/data/data-tools/electricity-interconnection-europe/,02.08.2024,Julian Bornemann <jb@wip.tu-berlin.de>
IE,UK,H2,2030,0.0,,PJ,TYNDP 2022 - Annex C2,02.08.2024,Julian Bornemann <jb@wip.tu-berlin.de>
IE,UK,H2,2035,0.0,,PJ,TYNDP 2022 - Annex C2,02.08.2024,Julian Bornemann <jb@wip.tu-berlin.de>
IE,UK,H2,2040,0.0,,PJ,TYNDP 2022 - Annex C2,02.08.2024,Julian Bornemann <jb@wip.tu-berlin.de>
IE,UK,H2,2045,0.0,,PJ,TYNDP 2022 - Annex C2,02.08.2024,Julian Bornemann <jb@wip.tu-berlin.de>
IE,UK,H2,2050,0.0,,PJ,TYNDP 2022 - Annex C2,02.08.2024,Julian Bornemann <jb@wip.tu-berlin.de>
IE,UK,H2,2055,0.0,,PJ,same as 2050 for now,29.01.2025,Nikita Moskalenko <nim@wip.tu-berlin.de>
IE,UK,H2,2060,0.0,,PJ,same as 2050 for now,29.01.2025,Nikita Moskalenko <nim@wip.tu-berlin.de>
IE,FR,Power,2025,0.0,,GW,https://ember-climate.org/data/data-tools/electricity-interconnection-europe/,02.08.2024,Julian Bornemann <jb@wip.tu-berlin.de>
IE,UK,Power,2025,1.12,,GW,https://ember-climate.org/data/data-tools/electricity-interconnection-europe/,02.08.2024,Julian Bornemann <jb@wip.tu-berlin.de>
IE,FR,Power,2030,0.7,,GW,https://ember-climate.org/data/data-tools/electricity-interconnection-europe/,02.08.2024,Julian Bornemann <jb@wip.tu-berlin.de>
IE,UK,Power,2030,0.0,,GW,https://ember-climate.org/data/data-tools/electricity-interconnection-europe/,02.08.2024,Julian Bornemann <jb@wip.tu-berlin.de>
IE,FR,Power,2035,0.0,,GW,https://ember-climate.org/data/data-tools/electricity-interconnection-europe/,02.08.2024,Julian Bornemann <jb@wip.tu-berlin.de>
IE,UK,Power,2035,0.0,,GW,https://ember-climate.org/data/data-tools/electricity-interconnection-europe/,02.08.2024,Julian Bornemann <jb@wip.tu-berlin.de>
IE,FR,Power,2040,0.0,,GW,https://ember-climate.org/data/data-tools/electricity-interconnection-europe/,02.08.2024,Julian Bornemann <jb@wip.tu-berlin.de>
IE,UK,Power,2040,0.0,,GW,https://ember-climate.org/data/data-tools/electricity-interconnection-europe/,02.08.2024,Julian Bornemann <jb@wip.tu-berlin.de>
IT,SI,H2,2030,0.0,,PJ,TYNDP 2022 - Annex C2,02.08.2024,Julian Bornemann <jb@wip.tu-berlin.de>
IT,AT,H2,2035,0.0,,PJ,TYNDP 2022 - Annex C2,02.08.2024,Julian Bornemann <jb@wip.tu-berlin.de>
IT,CH,H2,2035,0.0,,PJ,TYNDP 2022 - Annex C2,02.08.2024,Julian Bornemann <jb@wip.tu-berlin.de>
IT,AT,H2,2040,0.0,,PJ,TYNDP 2022 - Annex C2,02.08.2024,Julian Bornemann <jb@wip.tu-berlin.de>
IT,CH,H2,2040,0.0,,PJ,TYNDP 2022 - Annex C2,02.08.2024,Julian Bornemann <jb@wip.tu-berlin.de>
IT,AT,H2,2045,0.0,,PJ,TYNDP 2022 - Annex C2,02.08.2024,Julian Bornemann <jb@wip.tu-berlin.de>
IT,SI,H2,2045,0.0,,PJ,TYNDP 2022 - Annex C2,02.08.2024,Julian Bornemann <jb@wip.tu-berlin.de>
IT,CH,H2,2045,0.0,,PJ,TYNDP 2022 - Annex C2,02.08.2024,Julian Bornemann <jb@wip.tu-berlin.de>
IT,AT,H2,2050,0.0,,PJ,TYNDP 2022 - Annex C2,02.08.2024,Julian Bornemann <jb@wip.tu-berlin.de>
IT,SI,H2,2050,0.0,,PJ,TYNDP 2022 - Annex C2,02.08.2024,Julian Bornemann <jb@wip.tu-berlin.de>
IT,CH,H2,2050,0.0,,PJ,TYNDP 2022 - Annex C2,02.08.2024,Julian Bornemann <jb@wip.tu-berlin.de>
IT,AT,H2,2055,0.0,,PJ,same as 2050 for now,29.01.2025,Nikita Moskalenko <nim@wip.tu-berlin.de>
IT,SI,H2,2055,0.0,,PJ,same as 2050 for now,29.01.2025,Nikita Moskalenko <nim@wip.tu-berlin.de>
IT,CH,H2,2055,0.0,,PJ,same as 2050 for now,29.01.2025,Nikita Moskalenko <nim@wip.tu-berlin.de>
IT,AT,H2,2060,0.0,,PJ,same as 2050 for now,29.01.2025,Nikita Moskalenko <nim@wip.tu-berlin.de>
IT,SI,H2,2060,0.0,,PJ,same as 2050 for now,29.01.2025,Nikita Moskalenko <nim@wip.tu-berlin.de>
IT,CH,H2,2060,0.0,,PJ,same as 2050 for now,29.01.2025,Nikita Moskalenko <nim@wip.tu-berlin.de>
IT,AT,Power,2025,0.39,,GW,https://ember-climate.org/data/data-tools/electricity-interconnection-europe/,02.08.2024,Julian Bornemann <jb@wip.tu-berlin.de>
IT,CH,Power,2025,0.0,,GW,https://ember-climate.org/data/data-tools/electricity-interconnection-europe/,02.08.2024,Julian Bornemann <jb@wip.tu-berlin.de>
IT,GR,Power,2025,0.0,,GW,https://ember-climate.org/data/data-tools/electricity-interconnection-europe/,02.08.2024,Julian Bornemann <jb@wip.tu-berlin.de>
IT,NONEU_Balkan,Power,2025,0.0,,GW,https://ember-climate.org/data/data-tools/electricity-interconnection-europe/,02.08.2024,Julian Bornemann <jb@wip.tu-berlin.de>
IT,SI,Power,2025,0.0,,GW,https://ember-climate.org/data/data-tools/electricity-interconnection-europe/,02.08.2024,Julian Bornemann <jb@wip.tu-berlin.de>
IT,AT,Power,2030,0.15,,GW,https://ember-climate.org/data/data-tools/electricity-interconnection-europe/,02.08.2024,Julian Bornemann <jb@wip.tu-berlin.de>
IT,CH,Power,2030,0.0,,GW,https://ember-climate.org/data/data-tools/electricity-interconnection-europe/,02.08.2024,Julian Bornemann <jb@wip.tu-berlin.de>
IT,GR,Power,2030,0.0,,GW,https://ember-climate.org/data/data-tools/electricity-interconnection-europe/,02.08.2024,Julian Bornemann <jb@wip.tu-berlin.de>
IT,NONEU_Balkan,Power,2030,0.0,,GW,https://ember-climate.org/data/data-tools/electricity-interconnection-europe/,02.08.2024,Julian Bornemann <jb@wip.tu-berlin.de>
IT,SI,Power,2030,0.01,,GW,https://ember-climate.org/data/data-tools/electricity-interconnection-europe/,02.08.2024,Julian Bornemann <jb@wip.tu-berlin.de>
IT,AT,Power,2035,0.25,,GW,https://ember-climate.org/data/data-tools/electricity-interconnection-europe/,02.08.2024,Julian Bornemann <jb@wip.tu-berlin.de>
IT,CH,Power,2035,0.5,,GW,https://ember-climate.org/data/data-tools/electricity-interconnection-europe/,02.08.2024,Julian Bornemann <jb@wip.tu-berlin.de>
IT,GR,Power,2035,0.0,,GW,https://ember-climate.org/data/data-tools/electricity-interconnection-europe/,02.08.2024,Julian Bornemann <jb@wip.tu-berlin.de>
IT,NONEU_Balkan,Power,2035,0.3,,GW,https://ember-climate.org/data/data-tools/electricity-interconnection-europe/,02.08.2024,Julian Bornemann <jb@wip.tu-berlin.de>
IT,SI,Power,2035,0.0,,GW,https://ember-climate.org/data/data-tools/electricity-interconnection-europe/,02.08.2024,Julian Bornemann <jb@wip.tu-berlin.de>
IT,AT,Power,2040,0.25,,GW,https://ember-climate.org/data/data-tools/electricity-interconnection-europe/,02.08.2024,Julian Bornemann <jb@wip.tu-berlin.de>
IT,CH,Power,2040,0.5,,GW,https://ember-climate.org/data/data-tools/electricity-interconnection-europe/,02.08.2024,Julian Bornemann <jb@wip.tu-berlin.de>
IT,GR,Power,2040,0.0,,GW,https://ember-climate.org/data/data-tools/electricity-interconnection-europe/,02.08.2024,Julian Bornemann <jb@wip.tu-berlin.de>
IT,NONEU_Balkan,Power,2040,0.3,,GW,https://ember-climate.org/data/data-tools/electricity-interconnection-europe/,02.08.2024,Julian Bornemann <jb@wip.tu-berlin.de>
IT,SI,Power,2040,0.0,,GW,https://ember-climate.org/data/data-tools/electricity-interconnection-europe/,02.08.2024,Julian Bornemann <jb@wip.tu-berlin.de>
LT,LV,H2,2035,0.0,,PJ,TYNDP 2022 - Annex C2,02.08.2024,Julian Bornemann <jb@wip.tu-berlin.de>
LT,PL,H2,2035,0.0,,PJ,TYNDP 2022 - Annex C2,02.08.2024,Julian Bornemann <jb@wip.tu-berlin.de>
LT,LV,H2,2040,0.0,,PJ,TYNDP 2022 - Annex C2,02.08.2024,Julian Bornemann <jb@wip.tu-berlin.de>
LT,PL,H2,2040,0.0,,PJ,TYNDP 2022 - Annex C2,02.08.2024,Julian Bornemann <jb@wip.tu-berlin.de>
LT,LV,H2,2045,0.0,,PJ,TYNDP 2022 - Annex C2,02.08.2024,Julian Bornemann <jb@wip.tu-berlin.de>
LT,PL,H2,2045,0.0,,PJ,TYNDP 2022 - Annex C2,02.08.2024,Julian Bornemann <jb@wip.tu-berlin.de>
LT,LV,H2,2050,0.0,,PJ,TYNDP 2022 - Annex C2,02.08.2024,Julian Bornemann <jb@wip.tu-berlin.de>
LT,PL,H2,2050,0.0,,PJ,TYNDP 2022 - Annex C2,02.08.2024,Julian Bornemann <jb@wip.tu-berlin.de>
LT,LV,H2,2055,0.0,,PJ,same as 2050 for now,29.01.2025,Nikita Moskalenko <nim@wip.tu-berlin.de>
LT,PL,H2,2055,0.0,,PJ,same as 2050 for now,29.01.2025,Nikita Moskalenko <nim@wip.tu-berlin.de>
LT,LV,H2,2060,0.0,,PJ,same as 2050 for now,29.01.2025,Nikita Moskalenko <nim@wip.tu-berlin.de>
LT,PL,H2,2060,0.0,,PJ,same as 2050 for now,29.01.2025,Nikita Moskalenko <nim@wip.tu-berlin.de>
LT,LV,Power,2025,0.0,,GW,https://ember-climate.org/data/data-tools/electricity-interconnection-europe/,02.08.2024,Julian Bornemann <jb@wip.tu-berlin.de>
LT,PL,Power,2025,0.5,,GW,https://ember-climate.org/data/data-tools/electricity-interconnection-europe/,02.08.2024,Julian Bornemann <jb@wip.tu-berlin.de>
LT,SE,Power,2025,0.0,,GW,https://ember-climate.org/data/data-tools/electricity-interconnection-europe/,02.08.2024,Julian Bornemann <jb@wip.tu-berlin.de>
LT,LV,Power,2030,0.0,,GW,https://ember-climate.org/data/data-tools/electricity-interconnection-europe/,02.08.2024,Julian Bornemann <jb@wip.tu-berlin.de>
LT,PL,Power,2030,0.5,,GW,https://ember-climate.org/data/data-tools/electricity-interconnection-europe/,02.08.2024,Julian Bornemann <jb@wip.tu-berlin.de>
LT,SE,Power,2030,0.0,,GW,https://ember-climate.org/data/data-tools/electricity-interconnection-europe/,02.08.2024,Julian Bornemann <jb@wip.tu-berlin.de>
LT,LV,Power,2035,0.0,,GW,https://ember-climate.org/data/data-tools/electricity-interconnection-europe/,02.08.2024,Julian Bornemann <jb@wip.tu-berlin.de>
LT,PL,Power,2035,0.0,,GW,https://ember-climate.org/data/data-tools/electricity-interconnection-europe/,02.08.2024,Julian Bornemann <jb@wip.tu-berlin.de>
LT,SE,Power,2035,0.0,,GW,https://ember-climate.org/data/data-tools/electricity-interconnection-europe/,02.08.2024,Julian Bornemann <jb@wip.tu-berlin.de>
LT,LV,Power,2040,0.0,,GW,https://ember-climate.org/data/data-tools/electricity-interconnection-europe/,02.08.2024,Julian Bornemann <jb@wip.tu-berlin.de>
LT,PL,Power,2040,0.0,,GW,https://ember-climate.org/data/data-tools/electricity-interconnection-europe/,02.08.2024,Julian Bornemann <jb@wip.tu-berlin.de>
LT,SE,Power,2040,0.0,,GW,https://ember-climate.org/data/data-tools/electricity-interconnection-europe/,02.08.2024,Julian Bornemann <jb@wip.tu-berlin.de>
LU,BE,H2,2030,0.0,,PJ,TYNDP 2022 - Annex C2,02.08.2024,Julian Bornemann <jb@wip.tu-berlin.de>
LU,BE,H2,2035,0.0,,PJ,TYNDP 2022 - Annex C2,02.08.2024,Julian Bornemann <jb@wip.tu-berlin.de>
LU,BE,H2,2040,0.0,,PJ,TYNDP 2022 - Annex C2,02.08.2024,Julian Bornemann <jb@wip.tu-berlin.de>
LU,BE,H2,2045,0.0,,PJ,TYNDP 2022 - Annex C2,02.08.2024,Julian Bornemann <jb@wip.tu-berlin.de>
LU,BE,H2,2050,0.0,,PJ,TYNDP 2022 - Annex C2,02.08.2024,Julian Bornemann <jb@wip.tu-berlin.de>
LU,BE,H2,2055,0.0,,PJ,same as 2050 for now,29.01.2025,Nikita Moskalenko <nim@wip.tu-berlin.de>
LU,BE,H2,2060,0.0,,PJ,same as 2050 for now,29.01.2025,Nikita Moskalenko <nim@wip.tu-berlin.de>
LU,BE,Power,2025,0.0,,GW,https://ember-climate.org/data/data-tools/electricity-interconnection-europe/,02.08.2024,Julian Bornemann <jb@wip.tu-berlin.de>
LU,DE,Power,2025,0.0,,GW,https://ember-climate.org/data/data-tools/electricity-interconnection-europe/,02.08.2024,Julian Bornemann <jb@wip.tu-berlin.de>
LU,BE,Power,2030,0.0,,GW,https://ember-climate.org/data/data-tools/electricity-interconnection-europe/,02.08.2024,Julian Bornemann <jb@wip.tu-berlin.de>
LU,DE,Power,2030,1.0,,GW,https://ember-climate.org/data/data-tools/electricity-interconnection-europe/,02.08.2024,Julian Bornemann <jb@wip.tu-berlin.de>
LU,BE,Power,2035,0.0,,GW,https://ember-climate.org/data/data-tools/electricity-interconnection-europe/,02.08.2024,Julian Bornemann <jb@wip.tu-berlin.de>
LU,DE,Power,2035,0.2,,GW,https://ember-climate.org/data/data-tools/electricity-interconnection-europe/,02.08.2024,Julian Bornemann <jb@wip.tu-berlin.de>
LU,BE,Power,2040,0.0,,GW,https://ember-climate.org/data/data-tools/electricity-interconnection-europe/,02.08.2024,Julian Bornemann <jb@wip.tu-berlin.de>
LU,DE,Power,2040,0.2,,GW,https://ember-climate.org/data/data-tools/electricity-interconnection-europe/,02.08.2024,Julian Bornemann <jb@wip.tu-berlin.de>
LV,EE,H2,2035,0.0,,PJ,TYNDP 2022 - Annex C2,02.08.2024,Julian Bornemann <jb@wip.tu-berlin.de>
LV,LT,H2,2035,0.0,,PJ,TYNDP 2022 - Annex C2,02.08.2024,Julian Bornemann <jb@wip.tu-berlin.de>
LV,EE,H2,2040,0.0,,PJ,TYNDP 2022 - Annex C2,02.08.2024,Julian Bornemann <jb@wip.tu-berlin.de>
LV,LT,H2,2040,0.0,,PJ,TYNDP 2022 - Annex C2,02.08.2024,Julian Bornemann <jb@wip.tu-berlin.de>
LV,EE,H2,2045,0.0,,PJ,TYNDP 2022 - Annex C2,02.08.2024,Julian Bornemann <jb@wip.tu-berlin.de>
LV,LT,H2,2045,0.0,,PJ,TYNDP 2022 - Annex C2,02.08.2024,Julian Bornemann <jb@wip.tu-berlin.de>
LV,EE,H2,2050,0.0,,PJ,TYNDP 2022 - Annex C2,02.08.2024,Julian Bornemann <jb@wip.tu-berlin.de>
LV,LT,H2,2050,0.0,,PJ,TYNDP 2022 - Annex C2,02.08.2024,Julian Bornemann <jb@wip.tu-berlin.de>
LV,EE,H2,2055,0.0,,PJ,same as 2050 for now,29.01.2025,Nikita Moskalenko <nim@wip.tu-berlin.de>
LV,LT,H2,2055,0.0,,PJ,same as 2050 for now,29.01.2025,Nikita Moskalenko <nim@wip.tu-berlin.de>
LV,EE,H2,2060,0.0,,PJ,same as 2050 for now,29.01.2025,Nikita Moskalenko <nim@wip.tu-berlin.de>
LV,LT,H2,2060,0.0,,PJ,same as 2050 for now,29.01.2025,Nikita Moskalenko <nim@wip.tu-berlin.de>
LV,EE,Power,2025,1.1,,GW,https://ember-climate.org/data/data-tools/electricity-interconnection-europe/,02.08.2024,Julian Bornemann <jb@wip.tu-berlin.de>
LV,LT,Power,2025,0.0,,GW,https://ember-climate.org/data/data-tools/electricity-interconnection-europe/,02.08.2024,Julian Bornemann <jb@wip.tu-berlin.de>
LV,EE,Power,2030,0.0,,GW,https://ember-climate.org/data/data-tools/electricity-interconnection-europe/,02.08.2024,Julian Bornemann <jb@wip.tu-berlin.de>
LV,LT,Power,2030,0.0,,GW,https://ember-climate.org/data/data-tools/electricity-interconnection-europe/,02.08.2024,Julian Bornemann <jb@wip.tu-berlin.de>
LV,EE,Power,2035,0.0,,GW,https://ember-climate.org/data/data-tools/electricity-interconnection-europe/,02.08.2024,Julian Bornemann <jb@wip.tu-berlin.de>
LV,LT,Power,2035,0.0,,GW,https://ember-climate.org/data/data-tools/electricity-interconnection-europe/,02.08.2024,Julian Bornemann <jb@wip.tu-berlin.de>
LV,EE,Power,2040,0.0,,GW,https://ember-climate.org/data/data-tools/electricity-interconnection-europe/,02.08.2024,Julian Bornemann <jb@wip.tu-berlin.de>
LV,LT,Power,2040,0.0,,GW,https://ember-climate.org/data/data-tools/electricity-interconnection-europe/,02.08.2024,Julian Bornemann <jb@wip.tu-berlin.de>
NL,DE,H2,2035,0.0,,PJ,TYNDP 2022 - Annex C2,02.08.2024,Julian Bornemann <jb@wip.tu-berlin.de>
NL,DE,H2,2040,0.0,,PJ,TYNDP 2022 - Annex C2,02.08.2024,Julian Bornemann <jb@wip.tu-berlin.de>
NL,DE,H2,2045,0.0,,PJ,TYNDP 2022 - Annex C2,02.08.2024,Julian Bornemann <jb@wip.tu-berlin.de>
NL,DE,H2,2050,0.0,,PJ,TYNDP 2022 - Annex C2,02.08.2024,Julian Bornemann <jb@wip.tu-berlin.de>
NL,DE,H2,2055,0.0,,PJ,same as 2050 for now,29.01.2025,Nikita Moskalenko <nim@wip.tu-berlin.de>
NL,DE,H2,2060,0.0,,PJ,same as 2050 for now,29.01.2025,Nikita Moskalenko <nim@wip.tu-berlin.de>
NL,BE,Power,2025,2.0,,GW,https://ember-climate.org/data/data-tools/electricity-interconnection-europe/,02.08.2024,Julian Bornemann <jb@wip.tu-berlin.de>
NL,DE,Power,2025,1.05,,GW,https://ember-climate.org/data/data-tools/electricity-interconnection-europe/,02.08.2024,Julian Bornemann <jb@wip.tu-berlin.de>
NL,DK,Power,2025,0.0,,GW,https://ember-climate.org/data/data-tools/electricity-interconnection-europe/,02.08.2024,Julian Bornemann <jb@wip.tu-berlin.de>
NL,NO,Power,2025,0.0,,GW,https://ember-climate.org/data/data-tools/electricity-interconnection-europe/,02.08.2024,Julian Bornemann <jb@wip.tu-berlin.de>
NL,UK,Power,2025,0.0,,GW,https://ember-climate.org/data/data-tools/electricity-interconnection-europe/,02.08.2024,Julian Bornemann <jb@wip.tu-berlin.de>
NL,BE,Power,2030,0.0,,GW,https://ember-climate.org/data/data-tools/electricity-interconnection-europe/,02.08.2024,Julian Bornemann <jb@wip.tu-berlin.de>
NL,DE,Power,2030,0.0,,GW,https://ember-climate.org/data/data-tools/electricity-interconnection-europe/,02.08.2024,Julian Bornemann <jb@wip.tu-berlin.de>
NL,DK,Power,2030,0.0,,GW,https://ember-climate.org/data/data-tools/electricity-interconnection-europe/,02.08.2024,Julian Bornemann <jb@wip.tu-berlin.de>
NL,NO,Power,2030,0.0,,GW,https://ember-climate.org/data/data-tools/electricity-interconnection-europe/,02.08.2024,Julian Bornemann <jb@wip.tu-berlin.de>
NL,UK,Power,2030,0.0,,GW,https://ember-climate.org/data/data-tools/electricity-interconnection-europe/,02.08.2024,Julian Bornemann <jb@wip.tu-berlin.de>
NL,BE,Power,2035,1.0,,GW,https://ember-climate.org/data/data-tools/electricity-interconnection-europe/,02.08.2024,Julian Bornemann <jb@wip.tu-berlin.de>
NL,DE,Power,2035,0.0,,GW,https://ember-climate.org/data/data-tools/electricity-interconnection-europe/,02.08.2024,Julian Bornemann <jb@wip.tu-berlin.de>
NL,DK,Power,2035,0.0,,GW,https://ember-climate.org/data/data-tools/electricity-interconnection-europe/,02.08.2024,Julian Bornemann <jb@wip.tu-berlin.de>
NL,NO,Power,2035,0.0,,GW,https://ember-climate.org/data/data-tools/electricity-interconnection-europe/,02.08.2024,Julian Bornemann <jb@wip.tu-berlin.de>
NL,UK,Power,2035,1.0,,GW,https://ember-climate.org/data/data-tools/electricity-interconnection-europe/,02.08.2024,Julian Bornemann <jb@wip.tu-berlin.de>
NL,BE,Power,2040,1.0,,GW,https://ember-climate.org/data/data-tools/electricity-interconnection-europe/,02.08.2024,Julian Bornemann <jb@wip.tu-berlin.de>
NL,DE,Power,2040,0.0,,GW,https://ember-climate.org/data/data-tools/electricity-interconnection-europe/,02.08.2024,Julian Bornemann <jb@wip.tu-berlin.de>
NL,DK,Power,2040,0.0,,GW,https://ember-climate.org/data/data-tools/electricity-interconnection-europe/,02.08.2024,Julian Bornemann <jb@wip.tu-berlin.de>
NL,NO,Power,2040,0.0,,GW,https://ember-climate.org/data/data-tools/electricity-interconnection-europe/,02.08.2024,Julian Bornemann <jb@wip.tu-berlin.de>
NL,UK,Power,2040,1.0,,GW,https://ember-climate.org/data/data-tools/electricity-interconnection-europe/,02.08.2024,Julian Bornemann <jb@wip.tu-berlin.de>
NO,BE,H2,2030,0.0,,PJ,TYNDP 2022 - Annex C2,02.08.2024,Julian Bornemann <jb@wip.tu-berlin.de>
NO,BE,H2,2035,0.0,,PJ,TYNDP 2022 - Annex C2,02.08.2024,Julian Bornemann <jb@wip.tu-berlin.de>
NO,DE,H2,2035,0.0,,PJ,TYNDP 2022 - Annex C2,02.08.2024,Julian Bornemann <jb@wip.tu-berlin.de>
NO,BE,H2,2040,0.0,,PJ,TYNDP 2022 - Annex C2,02.08.2024,Julian Bornemann <jb@wip.tu-berlin.de>
NO,DE,H2,2040,0.0,,PJ,TYNDP 2022 - Annex C2,02.08.2024,Julian Bornemann <jb@wip.tu-berlin.de>
NO,BE,H2,2045,0.0,,PJ,TYNDP 2022 - Annex C2,02.08.2024,Julian Bornemann <jb@wip.tu-berlin.de>
NO,DE,H2,2045,0.0,,PJ,TYNDP 2022 - Annex C2,02.08.2024,Julian Bornemann <jb@wip.tu-berlin.de>
NO,BE,H2,2050,0.0,,PJ,TYNDP 2022 - Annex C2,02.08.2024,Julian Bornemann <jb@wip.tu-berlin.de>
NO,DE,H2,2050,0.0,,PJ,TYNDP 2022 - Annex C2,02.08.2024,Julian Bornemann <jb@wip.tu-berlin.de>
NO,BE,H2,2055,0.0,,PJ,same as 2050 for now,29.01.2025,Nikita Moskalenko <nim@wip.tu-berlin.de>
NO,DE,H2,2055,0.0,,PJ,same as 2050 for now,29.01.2025,Nikita Moskalenko <nim@wip.tu-berlin.de>
NO,BE,H2,2060,0.0,,PJ,same as 2050 for now,29.01.2025,Nikita Moskalenko <nim@wip.tu-berlin.de>
NO,DE,H2,2060,0.0,,PJ,same as 2050 for now,29.01.2025,Nikita Moskalenko <nim@wip.tu-berlin.de>
NO,DE,Power,2025,0.0,,GW,https://ember-climate.org/data/data-tools/electricity-interconnection-europe/,02.08.2024,Julian Bornemann <jb@wip.tu-berlin.de>
NO,DK,Power,2025,0.0,,GW,https://ember-climate.org/data/data-tools/electricity-interconnection-europe/,02.08.2024,Julian Bornemann <jb@wip.tu-berlin.de>
NO,FI,Power,2025,0.0,,GW,https://ember-climate.org/data/data-tools/electricity-interconnection-europe/,02.08.2024,Julian Bornemann <jb@wip.tu-berlin.de>
NO,NL,Power,2025,0.0,,GW,https://ember-climate.org/data/data-tools/electricity-interconnection-europe/,02.08.2024,Julian Bornemann <jb@wip.tu-berlin.de>
NO,SE,Power,2025,0.0,,GW,https://ember-climate.org/data/data-tools/electricity-interconnection-europe/,02.08.2024,Julian Bornemann <jb@wip.tu-berlin.de>
NO,UK,Power,2025,0.0,,GW,https://ember-climate.org/data/data-tools/electricity-interconnection-europe/,02.08.2024,Julian Bornemann <jb@wip.tu-berlin.de>
NO,DE,Power,2030,0.0,,GW,https://ember-climate.org/data/data-tools/electricity-interconnection-europe/,02.08.2024,Julian Bornemann <jb@wip.tu-berlin.de>
NO,DK,Power,2030,0.0,,GW,https://ember-climate.org/data/data-tools/electricity-interconnection-europe/,02.08.2024,Julian Bornemann <jb@wip.tu-berlin.de>
NO,FI,Power,2030,0.0,,GW,https://ember-climate.org/data/data-tools/electricity-interconnection-europe/,02.08.2024,Julian Bornemann <jb@wip.tu-berlin.de>
NO,NL,Power,2030,0.0,,GW,https://ember-climate.org/data/data-tools/electricity-interconnection-europe/,02.08.2024,Julian Bornemann <jb@wip.tu-berlin.de>
NO,SE,Power,2030,0.0,,GW,https://ember-climate.org/data/data-tools/electricity-interconnection-europe/,02.08.2024,Julian Bornemann <jb@wip.tu-berlin.de>
NO,UK,Power,2030,1.4,,GW,https://ember-climate.org/data/data-tools/electricity-interconnection-europe/,02.08.2024,Julian Bornemann <jb@wip.tu-berlin.de>
NO,DE,Power,2035,0.0,,GW,https://ember-climate.org/data/data-tools/electricity-interconnection-europe/,02.08.2024,Julian Bornemann <jb@wip.tu-berlin.de>
NO,DK,Power,2035,0.0,,GW,https://ember-climate.org/data/data-tools/electricity-interconnection-europe/,02.08.2024,Julian Bornemann <jb@wip.tu-berlin.de>
NO,FI,Power,2035,0.0,,GW,https://ember-climate.org/data/data-tools/electricity-interconnection-europe/,02.08.2024,Julian Bornemann <jb@wip.tu-berlin.de>
NO,NL,Power,2035,0.0,,GW,https://ember-climate.org/data/data-tools/electricity-interconnection-europe/,02.08.2024,Julian Bornemann <jb@wip.tu-berlin.de>
NO,SE,Power,2035,0.0,,GW,https://ember-climate.org/data/data-tools/electricity-interconnection-europe/,02.08.2024,Julian Bornemann <jb@wip.tu-berlin.de>
NO,UK,Power,2035,0.0,,GW,https://ember-climate.org/data/data-tools/electricity-interconnection-europe/,02.08.2024,Julian Bornemann <jb@wip.tu-berlin.de>
NO,DE,Power,2040,0.0,,GW,https://ember-climate.org/data/data-tools/electricity-interconnection-europe/,02.08.2024,Julian Bornemann <jb@wip.tu-berlin.de>
NO,DK,Power,2040,0.0,,GW,https://ember-climate.org/data/data-tools/electricity-interconnection-europe/,02.08.2024,Julian Bornemann <jb@wip.tu-berlin.de>
NO,FI,Power,2040,0.0,,GW,https://ember-climate.org/data/data-tools/electricity-interconnection-europe/,02.08.2024,Julian Bornemann <jb@wip.tu-berlin.de>
NO,NL,Power,2040,0.0,,GW,https://ember-climate.org/data/data-tools/electricity-interconnection-europe/,02.08.2024,Julian Bornemann <jb@wip.tu-berlin.de>
NO,SE,Power,2040,0.0,,GW,https://ember-climate.org/data/data-tools/electricity-interconnection-europe/,02.08.2024,Julian Bornemann <jb@wip.tu-berlin.de>
NO,UK,Power,2040,0.0,,GW,https://ember-climate.org/data/data-tools/electricity-interconnection-europe/,02.08.2024,Julian Bornemann <jb@wip.tu-berlin.de>
NONEU_Balkan,HR,H2,2030,0.0,,PJ,TYNDP 2022 - Annex C2,02.08.2024,Julian Bornemann <jb@wip.tu-berlin.de>
NONEU_Balkan,HR,H2,2035,0.0,,PJ,TYNDP 2022 - Annex C2,02.08.2024,Julian Bornemann <jb@wip.tu-berlin.de>
NONEU_Balkan,HR,H2,2040,0.0,,PJ,TYNDP 2022 - Annex C2,02.08.2024,Julian Bornemann <jb@wip.tu-berlin.de>
NONEU_Balkan,HR,H2,2045,0.0,,PJ,TYNDP 2022 - Annex C2,02.08.2024,Julian Bornemann <jb@wip.tu-berlin.de>
NONEU_Balkan,HR,H2,2050,0.0,,PJ,TYNDP 2022 - Annex C2,02.08.2024,Julian Bornemann <jb@wip.tu-berlin.de>
NONEU_Balkan,HR,H2,2055,0.0,,PJ,same as 2050 for now,29.01.2025,Nikita Moskalenko <nim@wip.tu-berlin.de>
NONEU_Balkan,HR,H2,2060,0.0,,PJ,same as 2050 for now,29.01.2025,Nikita Moskalenko <nim@wip.tu-berlin.de>
NONEU_Balkan,GR,Power,2025,0.0,,GW,https://ember-climate.org/data/data-tools/electricity-interconnection-europe/,02.08.2024,Julian Bornemann <jb@wip.tu-berlin.de>
NONEU_Balkan,HR,Power,2025,0.0,,GW,https://ember-climate.org/data/data-tools/electricity-interconnection-europe/,02.08.2024,Julian Bornemann <jb@wip.tu-berlin.de>
NONEU_Balkan,IT,Power,2025,0.0,,GW,https://ember-climate.org/data/data-tools/electricity-interconnection-europe/,02.08.2024,Julian Bornemann <jb@wip.tu-berlin.de>
NONEU_Balkan,BG,Power,2025,0.0,,GW,https://ember-climate.org/data/data-tools/electricity-interconnection-europe/,02.08.2024,Julian Bornemann <jb@wip.tu-berlin.de>
NONEU_Balkan,HU,Power,2025,0.0,,GW,https://ember-climate.org/data/data-tools/electricity-interconnection-europe/,02.08.2024,Julian Bornemann <jb@wip.tu-berlin.de>
NONEU_Balkan,RO,Power,2025,0.0,,GW,https://ember-climate.org/data/data-tools/electricity-interconnection-europe/,02.08.2024,Julian Bornemann <jb@wip.tu-berlin.de>
NONEU_Balkan,GR,Power,2030,0.0,,GW,https://ember-climate.org/data/data-tools/electricity-interconnection-europe/,02.08.2024,Julian Bornemann <jb@wip.tu-berlin.de>
NONEU_Balkan,HR,Power,2030,0.0,,GW,https://ember-climate.org/data/data-tools/electricity-interconnection-europe/,02.08.2024,Julian Bornemann <jb@wip.tu-berlin.de>
NONEU_Balkan,IT,Power,2030,0.0,,GW,https://ember-climate.org/data/data-tools/electricity-interconnection-europe/,02.08.2024,Julian Bornemann <jb@wip.tu-berlin.de>
NONEU_Balkan,BG,Power,2030,0.0,,GW,https://ember-climate.org/data/data-tools/electricity-interconnection-europe/,02.08.2024,Julian Bornemann <jb@wip.tu-berlin.de>
NONEU_Balkan,HU,Power,2030,0.0,,GW,https://ember-climate.org/data/data-tools/electricity-interconnection-europe/,02.08.2024,Julian Bornemann <jb@wip.tu-berlin.de>
NONEU_Balkan,RO,Power,2030,0.6,,GW,https://ember-climate.org/data/data-tools/electricity-interconnection-europe/,02.08.2024,Julian Bornemann <jb@wip.tu-berlin.de>
NONEU_Balkan,GR,Power,2035,0.0,,GW,https://ember-climate.org/data/data-tools/electricity-interconnection-europe/,02.08.2024,Julian Bornemann <jb@wip.tu-berlin.de>
NONEU_Balkan,IT,Power,2035,0.3,,GW,https://ember-climate.org/data/data-tools/electricity-interconnection-europe/,02.08.2024,Julian Bornemann <jb@wip.tu-berlin.de>
NONEU_Balkan,BG,Power,2035,0.0,,GW,https://ember-climate.org/data/data-tools/electricity-interconnection-europe/,02.08.2024,Julian Bornemann <jb@wip.tu-berlin.de>
NONEU_Balkan,HR,Power,2035,0.3,,GW,https://ember-climate.org/data/data-tools/electricity-interconnection-europe/,02.08.2024,Julian Bornemann <jb@wip.tu-berlin.de>
NONEU_Balkan,HU,Power,2035,0.25,,GW,https://ember-climate.org/data/data-tools/electricity-interconnection-europe/,02.08.2024,Julian Bornemann <jb@wip.tu-berlin.de>
NONEU_Balkan,RO,Power,2035,0.1735,,GW,https://ember-climate.org/data/data-tools/electricity-interconnection-europe/,02.08.2024,Julian Bornemann <jb@wip.tu-berlin.de>
NONEU_Balkan,GR,Power,2040,0.0,,GW,https://ember-climate.org/data/data-tools/electricity-interconnection-europe/,02.08.2024,Julian Bornemann <jb@wip.tu-berlin.de>
NONEU_Balkan,IT,Power,2040,0.3,,GW,https://ember-climate.org/data/data-tools/electricity-interconnection-europe/,02.08.2024,Julian Bornemann <jb@wip.tu-berlin.de>
NONEU_Balkan,BG,Power,2040,0.0,,GW,https://ember-climate.org/data/data-tools/electricity-interconnection-europe/,02.08.2024,Julian Bornemann <jb@wip.tu-berlin.de>
NONEU_Balkan,HR,Power,2040,0.3,,GW,https://ember-climate.org/data/data-tools/electricity-interconnection-europe/,02.08.2024,Julian Bornemann <jb@wip.tu-berlin.de>
NONEU_Balkan,HU,Power,2040,0.25,,GW,https://ember-climate.org/data/data-tools/electricity-interconnection-europe/,02.08.2024,Julian Bornemann <jb@wip.tu-berlin.de>
NONEU_Balkan,RO,Power,2040,0.1735,,GW,https://ember-climate.org/data/data-tools/electricity-interconnection-europe/,02.08.2024,Julian Bornemann <jb@wip.tu-berlin.de>
PL,CZ,H2,2030,0.0,,PJ,TYNDP 2022 - Annex C2,02.08.2024,Julian Bornemann <jb@wip.tu-berlin.de>
PL,CZ,H2,2035,0.0,,PJ,TYNDP 2022 - Annex C2,02.08.2024,Julian Bornemann <jb@wip.tu-berlin.de>
PL,DE,H2,2035,0.0,,PJ,TYNDP 2022 - Annex C2,02.08.2024,Julian Bornemann <jb@wip.tu-berlin.de>
PL,LT,H2,2035,0.0,,PJ,TYNDP 2022 - Annex C2,02.08.2024,Julian Bornemann <jb@wip.tu-berlin.de>
PL,CZ,H2,2040,0.0,,PJ,TYNDP 2022 - Annex C2,02.08.2024,Julian Bornemann <jb@wip.tu-berlin.de>
PL,DE,H2,2040,0.0,,PJ,TYNDP 2022 - Annex C2,02.08.2024,Julian Bornemann <jb@wip.tu-berlin.de>
PL,LT,H2,2040,0.0,,PJ,TYNDP 2022 - Annex C2,02.08.2024,Julian Bornemann <jb@wip.tu-berlin.de>
PL,CZ,H2,2045,0.0,,PJ,TYNDP 2022 - Annex C2,02.08.2024,Julian Bornemann <jb@wip.tu-berlin.de>
PL,DE,H2,2045,0.0,,PJ,TYNDP 2022 - Annex C2,02.08.2024,Julian Bornemann <jb@wip.tu-berlin.de>
PL,LT,H2,2045,0.0,,PJ,TYNDP 2022 - Annex C2,02.08.2024,Julian Bornemann <jb@wip.tu-berlin.de>
PL,CZ,H2,2050,0.0,,PJ,TYNDP 2022 - Annex C2,02.08.2024,Julian Bornemann <jb@wip.tu-berlin.de>
PL,DE,H2,2050,0.0,,PJ,TYNDP 2022 - Annex C2,02.08.2024,Julian Bornemann <jb@wip.tu-berlin.de>
PL,LT,H2,2050,0.0,,PJ,TYNDP 2022 - Annex C2,02.08.2024,Julian Bornemann <jb@wip.tu-berlin.de>
PL,CZ,H2,2055,0.0,,PJ,same as 2050 for now,29.01.2025,Nikita Moskalenko <nim@wip.tu-berlin.de>
PL,DE,H2,2055,0.0,,PJ,same as 2050 for now,29.01.2025,Nikita Moskalenko <nim@wip.tu-berlin.de>
PL,LT,H2,2055,0.0,,PJ,same as 2050 for now,29.01.2025,Nikita Moskalenko <nim@wip.tu-berlin.de>
PL,CZ,H2,2060,0.0,,PJ,same as 2050 for now,29.01.2025,Nikita Moskalenko <nim@wip.tu-berlin.de>
PL,DE,H2,2060,0.0,,PJ,same as 2050 for now,29.01.2025,Nikita Moskalenko <nim@wip.tu-berlin.de>
PL,LT,H2,2060,0.0,,PJ,same as 2050 for now,29.01.2025,Nikita Moskalenko <nim@wip.tu-berlin.de>
PL,CZ,Power,2025,0.0,,GW,https://ember-climate.org/data/data-tools/electricity-interconnection-europe/,02.08.2024,Julian Bornemann <jb@wip.tu-berlin.de>
PL,DE,Power,2025,2.0,,GW,https://ember-climate.org/data/data-tools/electricity-interconnection-europe/,02.08.2024,Julian Bornemann <jb@wip.tu-berlin.de>
PL,DK,Power,2025,0.0,,GW,https://ember-climate.org/data/data-tools/electricity-interconnection-europe/,02.08.2024,Julian Bornemann <jb@wip.tu-berlin.de>
PL,LT,Power,2025,0.5,,GW,https://ember-climate.org/data/data-tools/electricity-interconnection-europe/,02.08.2024,Julian Bornemann <jb@wip.tu-berlin.de>
PL,SE,Power,2025,0.0,,GW,https://ember-climate.org/data/data-tools/electricity-interconnection-europe/,02.08.2024,Julian Bornemann <jb@wip.tu-berlin.de>
PL,SK,Power,2025,0.0,,GW,https://ember-climate.org/data/data-tools/electricity-interconnection-europe/,02.08.2024,Julian Bornemann <jb@wip.tu-berlin.de>
PL,CZ,Power,2030,0.0,,GW,https://ember-climate.org/data/data-tools/electricity-interconnection-europe/,02.08.2024,Julian Bornemann <jb@wip.tu-berlin.de>
PL,DE,Power,2030,0.4,,GW,https://ember-climate.org/data/data-tools/electricity-interconnection-europe/,02.08.2024,Julian Bornemann <jb@wip.tu-berlin.de>
PL,DK,Power,2030,0.0,,GW,https://ember-climate.org/data/data-tools/electricity-interconnection-europe/,02.08.2024,Julian Bornemann <jb@wip.tu-berlin.de>
PL,LT,Power,2030,1.0,,GW,https://ember-climate.org/data/data-tools/electricity-interconnection-europe/,02.08.2024,Julian Bornemann <jb@wip.tu-berlin.de>
PL,SE,Power,2030,0.0,,GW,https://ember-climate.org/data/data-tools/electricity-interconnection-europe/,02.08.2024,Julian Bornemann <jb@wip.tu-berlin.de>
PL,SK,Power,2030,0.0,,GW,https://ember-climate.org/data/data-tools/electricity-interconnection-europe/,02.08.2024,Julian Bornemann <jb@wip.tu-berlin.de>
PL,CZ,Power,2035,0.0,,GW,https://ember-climate.org/data/data-tools/electricity-interconnection-europe/,02.08.2024,Julian Bornemann <jb@wip.tu-berlin.de>
PL,DE,Power,2035,0.0,,GW,https://ember-climate.org/data/data-tools/electricity-interconnection-europe/,02.08.2024,Julian Bornemann <jb@wip.tu-berlin.de>
PL,DK,Power,2035,0.0,,GW,https://ember-climate.org/data/data-tools/electricity-interconnection-europe/,02.08.2024,Julian Bornemann <jb@wip.tu-berlin.de>
PL,LT,Power,2035,0.0,,GW,https://ember-climate.org/data/data-tools/electricity-interconnection-europe/,02.08.2024,Julian Bornemann <jb@wip.tu-berlin.de>
PL,SE,Power,2035,0.0,,GW,https://ember-climate.org/data/data-tools/electricity-interconnection-europe/,02.08.2024,Julian Bornemann <jb@wip.tu-berlin.de>
PL,SK,Power,2035,0.0,,GW,https://ember-climate.org/data/data-tools/electricity-interconnection-europe/,02.08.2024,Julian Bornemann <jb@wip.tu-berlin.de>
PL,CZ,Power,2040,0.0,,GW,https://ember-climate.org/data/data-tools/electricity-interconnection-europe/,02.08.2024,Julian Bornemann <jb@wip.tu-berlin.de>
PL,DE,Power,2040,0.0,,GW,https://ember-climate.org/data/data-tools/electricity-interconnection-europe/,02.08.2024,Julian Bornemann <jb@wip.tu-berlin.de>
PL,DK,Power,2040,0.0,,GW,https://ember-climate.org/data/data-tools/electricity-interconnection-europe/,02.08.2024,Julian Bornemann <jb@wip.tu-berlin.de>
PL,LT,Power,2040,0.0,,GW,https://ember-climate.org/data/data-tools/electricity-interconnection-europe/,02.08.2024,Julian Bornemann <jb@wip.tu-berlin.de>
PL,SE,Power,2040,0.0,,GW,https://ember-climate.org/data/data-tools/electricity-interconnection-europe/,02.08.2024,Julian Bornemann <jb@wip.tu-berlin.de>
PL,SK,Power,2040,0.0,,GW,https://ember-climate.org/data/data-tools/electricity-interconnection-europe/,02.08.2024,Julian Bornemann <jb@wip.tu-berlin.de>
PT,ES,H2,2035,0.0,,PJ,TYNDP 2022 - Annex C2,02.08.2024,Julian Bornemann <jb@wip.tu-berlin.de>
PT,ES,H2,2040,0.0,,PJ,TYNDP 2022 - Annex C2,02.08.2024,Julian Bornemann <jb@wip.tu-berlin.de>
PT,ES,H2,2045,0.0,,PJ,TYNDP 2022 - Annex C2,02.08.2024,Julian Bornemann <jb@wip.tu-berlin.de>
PT,ES,H2,2050,0.0,,PJ,TYNDP 2022 - Annex C2,02.08.2024,Julian Bornemann <jb@wip.tu-berlin.de>
PT,ES,H2,2055,0.0,,PJ,same as 2050 for now,29.01.2025,Nikita Moskalenko <nim@wip.tu-berlin.de>
PT,ES,H2,2060,0.0,,PJ,same as 2050 for now,29.01.2025,Nikita Moskalenko <nim@wip.tu-berlin.de>
PT,ES,Power,2025,0.8,,GW,Feedback from Man0EUvRE Partner - LNEG,15.04.2025,Nikita Moskalenko <nim@wip.tu-berlin.de>
PT,ES,Power,2030,0.0,,GW,https://ember-climate.org/data/data-tools/electricity-interconnection-europe/,02.08.2024,Julian Bornemann <jb@wip.tu-berlin.de>
PT,ES,Power,2035,0.0,,GW,https://ember-climate.org/data/data-tools/electricity-interconnection-europe/,02.08.2024,Julian Bornemann <jb@wip.tu-berlin.de>
PT,ES,Power,2040,0.5,,GW,Feedback from Man0EUvRE Partner - LNEG,15.04.2025,Nikita Moskalenko <nim@wip.tu-berlin.de>
RO,BG,H2,2045,0.0,,PJ,TYNDP 2022 - Annex C2,02.08.2024,Julian Bornemann <jb@wip.tu-berlin.de>
RO,HU,H2,2045,0.0,,PJ,TYNDP 2022 - Annex C2,02.08.2024,Julian Bornemann <jb@wip.tu-berlin.de>
RO,BG,H2,2050,0.0,,PJ,TYNDP 2022 - Annex C2,02.08.2024,Julian Bornemann <jb@wip.tu-berlin.de>
RO,HU,H2,2050,0.0,,PJ,TYNDP 2022 - Annex C2,02.08.2024,Julian Bornemann <jb@wip.tu-berlin.de>
RO,BG,H2,2055,0.0,,PJ,same as 2050 for now,29.01.2025,Nikita Moskalenko <nim@wip.tu-berlin.de>
RO,HU,H2,2055,0.0,,PJ,same as 2050 for now,29.01.2025,Nikita Moskalenko <nim@wip.tu-berlin.de>
RO,BG,H2,2060,0.0,,PJ,same as 2050 for now,29.01.2025,Nikita Moskalenko <nim@wip.tu-berlin.de>
RO,HU,H2,2060,0.0,,PJ,same as 2050 for now,29.01.2025,Nikita Moskalenko <nim@wip.tu-berlin.de>
RO,BG,Power,2025,0.6,,GW,https://ember-climate.org/data/data-tools/electricity-interconnection-europe/,02.08.2024,Julian Bornemann <jb@wip.tu-berlin.de>
RO,HU,Power,2025,0.0,,GW,https://ember-climate.org/data/data-tools/electricity-interconnection-europe/,02.08.2024,Julian Bornemann <jb@wip.tu-berlin.de>
RO,NONEU_Balkan,Power,2025,0.0,,GW,https://ember-climate.org/data/data-tools/electricity-interconnection-europe/,02.08.2024,Julian Bornemann <jb@wip.tu-berlin.de>
RO,BG,Power,2030,0.0,,GW,https://ember-climate.org/data/data-tools/electricity-interconnection-europe/,02.08.2024,Julian Bornemann <jb@wip.tu-berlin.de>
RO,HU,Power,2030,0.335,,GW,https://ember-climate.org/data/data-tools/electricity-interconnection-europe/,02.08.2024,Julian Bornemann <jb@wip.tu-berlin.de>
RO,NONEU_Balkan,Power,2030,0.844,,GW,https://ember-climate.org/data/data-tools/electricity-interconnection-europe/,02.08.2024,Julian Bornemann <jb@wip.tu-berlin.de>
RO,BG,Power,2035,0.0,,GW,https://ember-climate.org/data/data-tools/electricity-interconnection-europe/,02.08.2024,Julian Bornemann <jb@wip.tu-berlin.de>
RO,HU,Power,2035,0.0,,GW,https://ember-climate.org/data/data-tools/electricity-interconnection-europe/,02.08.2024,Julian Bornemann <jb@wip.tu-berlin.de>
RO,NONEU_Balkan,Power,2035,0.311,,GW,https://ember-climate.org/data/data-tools/electricity-interconnection-europe/,02.08.2024,Julian Bornemann <jb@wip.tu-berlin.de>
RO,BG,Power,2040,0.0,,GW,https://ember-climate.org/data/data-tools/electricity-interconnection-europe/,02.08.2024,Julian Bornemann <jb@wip.tu-berlin.de>
RO,HU,Power,2040,0.0,,GW,https://ember-climate.org/data/data-tools/electricity-interconnection-europe/,02.08.2024,Julian Bornemann <jb@wip.tu-berlin.de>
RO,NONEU_Balkan,Power,2040,0.311,,GW,https://ember-climate.org/data/data-tools/electricity-interconnection-europe/,02.08.2024,Julian Bornemann <jb@wip.tu-berlin.de>
SE,FI,H2,2035,0.0,,PJ,TYNDP 2022 - Annex C2,02.08.2024,Julian Bornemann <jb@wip.tu-berlin.de>
SE,FI,H2,2040,0.0,,PJ,TYNDP 2022 - Annex C2,02.08.2024,Julian Bornemann <jb@wip.tu-berlin.de>
SE,FI,H2,2045,0.0,,PJ,TYNDP 2022 - Annex C2,02.08.2024,Julian Bornemann <jb@wip.tu-berlin.de>
SE,FI,H2,2050,0.0,,PJ,TYNDP 2022 - Annex C2,02.08.2024,Julian Bornemann <jb@wip.tu-berlin.de>
SE,FI,H2,2055,0.0,,PJ,same as 2050 for now,29.01.2025,Nikita Moskalenko <nim@wip.tu-berlin.de>
SE,FI,H2,2060,0.0,,PJ,same as 2050 for now,29.01.2025,Nikita Moskalenko <nim@wip.tu-berlin.de>
SE,DE,Power,2025,0.0,,GW,https://ember-climate.org/data/data-tools/electricity-interconnection-europe/,02.08.2024,Julian Bornemann <jb@wip.tu-berlin.de>
SE,DK,Power,2025,0.0,,GW,https://ember-climate.org/data/data-tools/electricity-interconnection-europe/,02.08.2024,Julian Bornemann <jb@wip.tu-berlin.de>
SE,FI,Power,2025,0.0,,GW,https://ember-climate.org/data/data-tools/electricity-interconnection-europe/,02.08.2024,Julian Bornemann <jb@wip.tu-berlin.de>
SE,LT,Power,2025,0.0,,GW,https://ember-climate.org/data/data-tools/electricity-interconnection-europe/,02.08.2024,Julian Bornemann <jb@wip.tu-berlin.de>
SE,LV,Power,2025,0.0,,GW,https://ember-climate.org/data/data-tools/electricity-interconnection-europe/,02.08.2024,Julian Bornemann <jb@wip.tu-berlin.de>
SE,NO,Power,2025,0.0,,GW,https://ember-climate.org/data/data-tools/electricity-interconnection-europe/,02.08.2024,Julian Bornemann <jb@wip.tu-berlin.de>
SE,PL,Power,2025,0.0,,GW,https://ember-climate.org/data/data-tools/electricity-interconnection-europe/,02.08.2024,Julian Bornemann <jb@wip.tu-berlin.de>
SE,DE,Power,2030,0.7,,GW,https://ember-climate.org/data/data-tools/electricity-interconnection-europe/,02.08.2024,Julian Bornemann <jb@wip.tu-berlin.de>
SE,DK,Power,2030,0.0,,GW,https://ember-climate.org/data/data-tools/electricity-interconnection-europe/,02.08.2024,Julian Bornemann <jb@wip.tu-berlin.de>
SE,FI,Power,2030,0.8,,GW,https://ember-climate.org/data/data-tools/electricity-interconnection-europe/,02.08.2024,Julian Bornemann <jb@wip.tu-berlin.de>
SE,LT,Power,2030,0.0,,GW,https://ember-climate.org/data/data-tools/electricity-interconnection-europe/,02.08.2024,Julian Bornemann <jb@wip.tu-berlin.de>
SE,LV,Power,2030,0.0,,GW,https://ember-climate.org/data/data-tools/electricity-interconnection-europe/,02.08.2024,Julian Bornemann <jb@wip.tu-berlin.de>
SE,NO,Power,2030,0.0,,GW,https://ember-climate.org/data/data-tools/electricity-interconnection-europe/,02.08.2024,Julian Bornemann <jb@wip.tu-berlin.de>
SE,PL,Power,2030,0.0,,GW,https://ember-climate.org/data/data-tools/electricity-interconnection-europe/,02.08.2024,Julian Bornemann <jb@wip.tu-berlin.de>
SE,DE,Power,2035,0.0,,GW,https://ember-climate.org/data/data-tools/electricity-interconnection-europe/,02.08.2024,Julian Bornemann <jb@wip.tu-berlin.de>
SE,DK,Power,2035,0.0,,GW,https://ember-climate.org/data/data-tools/electricity-interconnection-europe/,02.08.2024,Julian Bornemann <jb@wip.tu-berlin.de>
SE,FI,Power,2035,0.0,,GW,https://ember-climate.org/data/data-tools/electricity-interconnection-europe/,02.08.2024,Julian Bornemann <jb@wip.tu-berlin.de>
SE,LT,Power,2035,0.0,,GW,https://ember-climate.org/data/data-tools/electricity-interconnection-europe/,02.08.2024,Julian Bornemann <jb@wip.tu-berlin.de>
SE,LV,Power,2035,0.0,,GW,https://ember-climate.org/data/data-tools/electricity-interconnection-europe/,02.08.2024,Julian Bornemann <jb@wip.tu-berlin.de>
SE,NO,Power,2035,0.0,,GW,https://ember-climate.org/data/data-tools/electricity-interconnection-europe/,02.08.2024,Julian Bornemann <jb@wip.tu-berlin.de>
SE,PL,Power,2035,0.0,,GW,https://ember-climate.org/data/data-tools/electricity-interconnection-europe/,02.08.2024,Julian Bornemann <jb@wip.tu-berlin.de>
SE,DE,Power,2040,0.0,,GW,https://ember-climate.org/data/data-tools/electricity-interconnection-europe/,02.08.2024,Julian Bornemann <jb@wip.tu-berlin.de>
SE,DK,Power,2040,0.0,,GW,https://ember-climate.org/data/data-tools/electricity-interconnection-europe/,02.08.2024,Julian Bornemann <jb@wip.tu-berlin.de>
SE,FI,Power,2040,0.0,,GW,https://ember-climate.org/data/data-tools/electricity-interconnection-europe/,02.08.2024,Julian Bornemann <jb@wip.tu-berlin.de>
SE,LT,Power,2040,0.0,,GW,https://ember-climate.org/data/data-tools/electricity-interconnection-europe/,02.08.2024,Julian Bornemann <jb@wip.tu-berlin.de>
SE,LV,Power,2040,0.0,,GW,https://ember-climate.org/data/data-tools/electricity-interconnection-europe/,02.08.2024,Julian Bornemann <jb@wip.tu-berlin.de>
SE,NO,Power,2040,0.0,,GW,https://ember-climate.org/data/data-tools/electricity-interconnection-europe/,02.08.2024,Julian Bornemann <jb@wip.tu-berlin.de>
SE,PL,Power,2040,0.0,,GW,https://ember-climate.org/data/data-tools/electricity-interconnection-europe/,02.08.2024,Julian Bornemann <jb@wip.tu-berlin.de>
SI,AT,H2,2030,0.0,,PJ,TYNDP 2022 - Annex C2,02.08.2024,Julian Bornemann <jb@wip.tu-berlin.de>
SI,HR,H2,2030,0.0,,PJ,TYNDP 2022 - Annex C2,02.08.2024,Julian Bornemann <jb@wip.tu-berlin.de>
SI,HU,H2,2030,0.0,,PJ,TYNDP 2022 - Annex C2,02.08.2024,Julian Bornemann <jb@wip.tu-berlin.de>
SI,IT,H2,2030,0.0,,PJ,TYNDP 2022 - Annex C2,02.08.2024,Julian Bornemann <jb@wip.tu-berlin.de>
SI,AT,H2,2045,0.0,,PJ,TYNDP 2022 - Annex C2,02.08.2024,Julian Bornemann <jb@wip.tu-berlin.de>
SI,HR,H2,2045,0.0,,PJ,TYNDP 2022 - Annex C2,02.08.2024,Julian Bornemann <jb@wip.tu-berlin.de>
SI,HU,H2,2045,0.0,,PJ,TYNDP 2022 - Annex C2,02.08.2024,Julian Bornemann <jb@wip.tu-berlin.de>
SI,IT,H2,2045,0.0,,PJ,TYNDP 2022 - Annex C2,02.08.2024,Julian Bornemann <jb@wip.tu-berlin.de>
SI,AT,H2,2050,0.0,,PJ,TYNDP 2022 - Annex C2,02.08.2024,Julian Bornemann <jb@wip.tu-berlin.de>
SI,HR,H2,2050,0.0,,PJ,TYNDP 2022 - Annex C2,02.08.2024,Julian Bornemann <jb@wip.tu-berlin.de>
SI,HU,H2,2050,0.0,,PJ,TYNDP 2022 - Annex C2,02.08.2024,Julian Bornemann <jb@wip.tu-berlin.de>
SI,IT,H2,2050,0.0,,PJ,TYNDP 2022 - Annex C2,02.08.2024,Julian Bornemann <jb@wip.tu-berlin.de>
SI,AT,H2,2055,0.0,,PJ,same as 2050 for now,29.01.2025,Nikita Moskalenko <nim@wip.tu-berlin.de>
SI,HR,H2,2055,0.0,,PJ,same as 2050 for now,29.01.2025,Nikita Moskalenko <nim@wip.tu-berlin.de>
SI,HU,H2,2055,0.0,,PJ,same as 2050 for now,29.01.2025,Nikita Moskalenko <nim@wip.tu-berlin.de>
SI,IT,H2,2055,0.0,,PJ,same as 2050 for now,29.01.2025,Nikita Moskalenko <nim@wip.tu-berlin.de>
SI,AT,H2,2060,0.0,,PJ,same as 2050 for now,29.01.2025,Nikita Moskalenko <nim@wip.tu-berlin.de>
SI,HR,H2,2060,0.0,,PJ,same as 2050 for now,29.01.2025,Nikita Moskalenko <nim@wip.tu-berlin.de>
SI,HU,H2,2060,0.0,,PJ,same as 2050 for now,29.01.2025,Nikita Moskalenko <nim@wip.tu-berlin.de>
SI,IT,H2,2060,0.0,,PJ,same as 2050 for now,29.01.2025,Nikita Moskalenko <nim@wip.tu-berlin.de>
SI,AT,Power,2025,0.0,,GW,https://ember-climate.org/data/data-tools/electricity-interconnection-europe/,02.08.2024,Julian Bornemann <jb@wip.tu-berlin.de>
SI,HR,Power,2025,0.0,,GW,https://ember-climate.org/data/data-tools/electricity-interconnection-europe/,02.08.2024,Julian Bornemann <jb@wip.tu-berlin.de>
SI,HU,Power,2025,1.2,,GW,https://ember-climate.org/data/data-tools/electricity-interconnection-europe/,02.08.2024,Julian Bornemann <jb@wip.tu-berlin.de>
SI,IT,Power,2025,0.0,,GW,https://ember-climate.org/data/data-tools/electricity-interconnection-europe/,02.08.2024,Julian Bornemann <jb@wip.tu-berlin.de>
SI,AT,Power,2030,0.0,,GW,https://ember-climate.org/data/data-tools/electricity-interconnection-europe/,02.08.2024,Julian Bornemann <jb@wip.tu-berlin.de>
SI,HR,Power,2030,0.0,,GW,https://ember-climate.org/data/data-tools/electricity-interconnection-europe/,02.08.2024,Julian Bornemann <jb@wip.tu-berlin.de>
SI,HU,Power,2030,0.0,,GW,https://ember-climate.org/data/data-tools/electricity-interconnection-europe/,02.08.2024,Julian Bornemann <jb@wip.tu-berlin.de>
SI,IT,Power,2030,0.05,,GW,https://ember-climate.org/data/data-tools/electricity-interconnection-europe/,02.08.2024,Julian Bornemann <jb@wip.tu-berlin.de>
SI,AT,Power,2035,0.0,,GW,https://ember-climate.org/data/data-tools/electricity-interconnection-europe/,02.08.2024,Julian Bornemann <jb@wip.tu-berlin.de>
SI,HR,Power,2035,0.0,,GW,https://ember-climate.org/data/data-tools/electricity-interconnection-europe/,02.08.2024,Julian Bornemann <jb@wip.tu-berlin.de>
SI,HU,Power,2035,0.0,,GW,https://ember-climate.org/data/data-tools/electricity-interconnection-europe/,02.08.2024,Julian Bornemann <jb@wip.tu-berlin.de>
SI,IT,Power,2035,0.0,,GW,https://ember-climate.org/data/data-tools/electricity-interconnection-europe/,02.08.2024,Julian Bornemann <jb@wip.tu-berlin.de>
SI,AT,Power,2040,0.0,,GW,https://ember-climate.org/data/data-tools/electricity-interconnection-europe/,02.08.2024,Julian Bornemann <jb@wip.tu-berlin.de>
SI,HR,Power,2040,0.0,,GW,https://ember-climate.org/data/data-tools/electricity-interconnection-europe/,02.08.2024,Julian Bornemann <jb@wip.tu-berlin.de>
SI,HU,Power,2040,0.0,,GW,https://ember-climate.org/data/data-tools/electricity-interconnection-europe/,02.08.2024,Julian Bornemann <jb@wip.tu-berlin.de>
SI,IT,Power,2040,0.0,,GW,https://ember-climate.org/data/data-tools/electricity-interconnection-europe/,02.08.2024,Julian Bornemann <jb@wip.tu-berlin.de>
SK,AT,H2,2035,0.0,,PJ,TYNDP 2022 - Annex C2,02.08.2024,Julian Bornemann <jb@wip.tu-berlin.de>
SK,CZ,H2,2035,0.0,,PJ,TYNDP 2022 - Annex C2,02.08.2024,Julian Bornemann <jb@wip.tu-berlin.de>
SK,AT,H2,2040,0.0,,PJ,TYNDP 2022 - Annex C2,02.08.2024,Julian Bornemann <jb@wip.tu-berlin.de>
SK,CZ,H2,2040,0.0,,PJ,TYNDP 2022 - Annex C2,02.08.2024,Julian Bornemann <jb@wip.tu-berlin.de>
SK,AT,H2,2045,0.0,,PJ,TYNDP 2022 - Annex C2,02.08.2024,Julian Bornemann <jb@wip.tu-berlin.de>
SK,CZ,H2,2045,0.0,,PJ,TYNDP 2022 - Annex C2,02.08.2024,Julian Bornemann <jb@wip.tu-berlin.de>
SK,HU,H2,2045,0.0,,PJ,TYNDP 2022 - Annex C2,02.08.2024,Julian Bornemann <jb@wip.tu-berlin.de>
SK,AT,H2,2050,0.0,,PJ,TYNDP 2022 - Annex C2,02.08.2024,Julian Bornemann <jb@wip.tu-berlin.de>
SK,CZ,H2,2050,0.0,,PJ,TYNDP 2022 - Annex C2,02.08.2024,Julian Bornemann <jb@wip.tu-berlin.de>
SK,HU,H2,2050,0.0,,PJ,TYNDP 2022 - Annex C2,02.08.2024,Julian Bornemann <jb@wip.tu-berlin.de>
SK,AT,H2,2055,0.0,,PJ,same as 2050 for now,29.01.2025,Nikita Moskalenko <nim@wip.tu-berlin.de>
SK,CZ,H2,2055,0.0,,PJ,same as 2050 for now,29.01.2025,Nikita Moskalenko <nim@wip.tu-berlin.de>
SK,HU,H2,2055,0.0,,PJ,same as 2050 for now,29.01.2025,Nikita Moskalenko <nim@wip.tu-berlin.de>
SK,AT,H2,2060,0.0,,PJ,same as 2050 for now,29.01.2025,Nikita Moskalenko <nim@wip.tu-berlin.de>
SK,CZ,H2,2060,0.0,,PJ,same as 2050 for now,29.01.2025,Nikita Moskalenko <nim@wip.tu-berlin.de>
SK,HU,H2,2060,0.0,,PJ,same as 2050 for now,29.01.2025,Nikita Moskalenko <nim@wip.tu-berlin.de>
SK,AT,Power,2025,0.0,,GW,https://ember-climate.org/data/data-tools/electricity-interconnection-europe/,02.08.2024,Julian Bornemann <jb@wip.tu-berlin.de>
SK,CZ,Power,2025,0.0,,GW,https://ember-climate.org/data/data-tools/electricity-interconnection-europe/,02.08.2024,Julian Bornemann <jb@wip.tu-berlin.de>
SK,HU,Power,2025,1.3,,GW,https://ember-climate.org/data/data-tools/electricity-interconnection-europe/,02.08.2024,Julian Bornemann <jb@wip.tu-berlin.de>
SK,PL,Power,2025,0.0,,GW,https://ember-climate.org/data/data-tools/electricity-interconnection-europe/,02.08.2024,Julian Bornemann <jb@wip.tu-berlin.de>
SK,AT,Power,2030,0.0,,GW,https://ember-climate.org/data/data-tools/electricity-interconnection-europe/,02.08.2024,Julian Bornemann <jb@wip.tu-berlin.de>
SK,CZ,Power,2030,0.0,,GW,https://ember-climate.org/data/data-tools/electricity-interconnection-europe/,02.08.2024,Julian Bornemann <jb@wip.tu-berlin.de>
SK,HU,Power,2030,0.0,,GW,https://ember-climate.org/data/data-tools/electricity-interconnection-europe/,02.08.2024,Julian Bornemann <jb@wip.tu-berlin.de>
SK,PL,Power,2030,0.0,,GW,https://ember-climate.org/data/data-tools/electricity-interconnection-europe/,02.08.2024,Julian Bornemann <jb@wip.tu-berlin.de>
SK,AT,Power,2035,0.25,,GW,https://ember-climate.org/data/data-tools/electricity-interconnection-europe/,02.08.2024,Julian Bornemann <jb@wip.tu-berlin.de>
SK,CZ,Power,2035,0.0,,GW,https://ember-climate.org/data/data-tools/electricity-interconnection-europe/,02.08.2024,Julian Bornemann <jb@wip.tu-berlin.de>
SK,HU,Power,2035,0.0,,GW,https://ember-climate.org/data/data-tools/electricity-interconnection-europe/,02.08.2024,Julian Bornemann <jb@wip.tu-berlin.de>
SK,PL,Power,2035,0.0,,GW,https://ember-climate.org/data/data-tools/electricity-interconnection-europe/,02.08.2024,Julian Bornemann <jb@wip.tu-berlin.de>
SK,AT,Power,2040,0.25,,GW,https://ember-climate.org/data/data-tools/electricity-interconnection-europe/,02.08.2024,Julian Bornemann <jb@wip.tu-berlin.de>
SK,CZ,Power,2040,0.0,,GW,https://ember-climate.org/data/data-tools/electricity-interconnection-europe/,02.08.2024,Julian Bornemann <jb@wip.tu-berlin.de>
SK,HU,Power,2040,0.0,,GW,https://ember-climate.org/data/data-tools/electricity-interconnection-europe/,02.08.2024,Julian Bornemann <jb@wip.tu-berlin.de>
SK,PL,Power,2040,0.0,,GW,https://ember-climate.org/data/data-tools/electricity-interconnection-europe/,02.08.2024,Julian Bornemann <jb@wip.tu-berlin.de>
UK,BE,H2,2030,0.0,,PJ,TYNDP 2022 - Annex C2,02.08.2024,Julian Bornemann <jb@wip.tu-berlin.de>
UK,IE,H2,2030,0.0,,PJ,TYNDP 2022 - Annex C2,02.08.2024,Julian Bornemann <jb@wip.tu-berlin.de>
UK,BE,H2,2035,0.0,,PJ,TYNDP 2022 - Annex C2,02.08.2024,Julian Bornemann <jb@wip.tu-berlin.de>
UK,IE,H2,2035,0.0,,PJ,TYNDP 2022 - Annex C2,02.08.2024,Julian Bornemann <jb@wip.tu-berlin.de>
UK,BE,H2,2040,0.0,,PJ,TYNDP 2022 - Annex C2,02.08.2024,Julian Bornemann <jb@wip.tu-berlin.de>
UK,IE,H2,2040,0.0,,PJ,TYNDP 2022 - Annex C2,02.08.2024,Julian Bornemann <jb@wip.tu-berlin.de>
UK,BE,H2,2045,0.0,,PJ,TYNDP 2022 - Annex C2,02.08.2024,Julian Bornemann <jb@wip.tu-berlin.de>
UK,IE,H2,2045,0.0,,PJ,TYNDP 2022 - Annex C2,02.08.2024,Julian Bornemann <jb@wip.tu-berlin.de>
UK,BE,H2,2050,0.0,,PJ,TYNDP 2022 - Annex C2,02.08.2024,Julian Bornemann <jb@wip.tu-berlin.de>
UK,IE,H2,2050,0.0,,PJ,TYNDP 2022 - Annex C2,02.08.2024,Julian Bornemann <jb@wip.tu-berlin.de>
UK,BE,H2,2055,0.0,,PJ,same as 2050 for now,29.01.2025,Nikita Moskalenko <nim@wip.tu-berlin.de>
UK,IE,H2,2055,0.0,,PJ,same as 2050 for now,29.01.2025,Nikita Moskalenko <nim@wip.tu-berlin.de>
UK,BE,H2,2060,0.0,,PJ,same as 2050 for now,29.01.2025,Nikita Moskalenko <nim@wip.tu-berlin.de>
UK,IE,H2,2060,0.0,,PJ,same as 2050 for now,29.01.2025,Nikita Moskalenko <nim@wip.tu-berlin.de>
UK,BE,Power,2025,0.0,,GW,https://ember-climate.org/data/data-tools/electricity-interconnection-europe/,02.08.2024,Julian Bornemann <jb@wip.tu-berlin.de>
UK,DE,Power,2025,0.0,,GW,https://ember-climate.org/data/data-tools/electricity-interconnection-europe/,02.08.2024,Julian Bornemann <jb@wip.tu-berlin.de>
UK,DK,Power,2025,1.4,,GW,https://ember-climate.org/data/data-tools/electricity-interconnection-europe/,02.08.2024,Julian Bornemann <jb@wip.tu-berlin.de>
UK,FR,Power,2025,1.0,,GW,https://ember-climate.org/data/data-tools/electricity-interconnection-europe/,02.08.2024,Julian Bornemann <jb@wip.tu-berlin.de>
UK,IE,Power,2025,1.12,,GW,https://ember-climate.org/data/data-tools/electricity-interconnection-europe/,02.08.2024,Julian Bornemann <jb@wip.tu-berlin.de>
UK,NL,Power,2025,0.0,,GW,https://ember-climate.org/data/data-tools/electricity-interconnection-europe/,02.08.2024,Julian Bornemann <jb@wip.tu-berlin.de>
UK,NO,Power,2025,0.0,,GW,https://ember-climate.org/data/data-tools/electricity-interconnection-europe/,02.08.2024,Julian Bornemann <jb@wip.tu-berlin.de>
UK,BE,Power,2030,0.0,,GW,https://ember-climate.org/data/data-tools/electricity-interconnection-europe/,02.08.2024,Julian Bornemann <jb@wip.tu-berlin.de>
UK,DE,Power,2030,1.4,,GW,https://ember-climate.org/data/data-tools/electricity-interconnection-europe/,02.08.2024,Julian Bornemann <jb@wip.tu-berlin.de>
UK,DK,Power,2030,0.0,,GW,https://ember-climate.org/data/data-tools/electricity-interconnection-europe/,02.08.2024,Julian Bornemann <jb@wip.tu-berlin.de>
UK,FR,Power,2030,1.6,,GW,TYNDP 2024 Starting Grid,04.11.2025,Nikita Moskalenko <nim@wip.tu-berlin.de>
UK,IE,Power,2030,0.0,,GW,https://ember-climate.org/data/data-tools/electricity-interconnection-europe/,02.08.2024,Julian Bornemann <jb@wip.tu-berlin.de>
UK,NL,Power,2030,0.0,,GW,https://ember-climate.org/data/data-tools/electricity-interconnection-europe/,02.08.2024,Julian Bornemann <jb@wip.tu-berlin.de>
UK,NO,Power,2030,1.4,,GW,https://ember-climate.org/data/data-tools/electricity-interconnection-europe/,02.08.2024,Julian Bornemann <jb@wip.tu-berlin.de>
UK,BE,Power,2035,0.7,,GW,https://ember-climate.org/data/data-tools/electricity-interconnection-europe/,02.08.2024,Julian Bornemann <jb@wip.tu-berlin.de>
UK,DE,Power,2035,0.0,,GW,https://ember-climate.org/data/data-tools/electricity-interconnection-europe/,02.08.2024,Julian Bornemann <jb@wip.tu-berlin.de>
UK,DK,Power,2035,0.0,,GW,https://ember-climate.org/data/data-tools/electricity-interconnection-europe/,02.08.2024,Julian Bornemann <jb@wip.tu-berlin.de>
UK,FR,Power,2035,0.0,,GW,https://ember-climate.org/data/data-tools/electricity-interconnection-europe/,02.08.2024,Julian Bornemann <jb@wip.tu-berlin.de>
UK,IE,Power,2035,0.0,,GW,https://ember-climate.org/data/data-tools/electricity-interconnection-europe/,02.08.2024,Julian Bornemann <jb@wip.tu-berlin.de>
UK,NL,Power,2035,1.0,,GW,https://ember-climate.org/data/data-tools/electricity-interconnection-europe/,02.08.2024,Julian Bornemann <jb@wip.tu-berlin.de>
UK,NO,Power,2035,0.0,,GW,https://ember-climate.org/data/data-tools/electricity-interconnection-europe/,02.08.2024,Julian Bornemann <jb@wip.tu-berlin.de>
UK,BE,Power,2040,0.7,,GW,https://ember-climate.org/data/data-tools/electricity-interconnection-europe/,02.08.2024,Julian Bornemann <jb@wip.tu-berlin.de>
UK,DE,Power,2040,0.0,,GW,https://ember-climate.org/data/data-tools/electricity-interconnection-europe/,02.08.2024,Julian Bornemann <jb@wip.tu-berlin.de>
UK,DK,Power,2040,0.0,,GW,https://ember-climate.org/data/data-tools/electricity-interconnection-europe/,02.08.2024,Julian Bornemann <jb@wip.tu-berlin.de>
UK,FR,Power,2040,0.0,,GW,https://ember-climate.org/data/data-tools/electricity-interconnection-europe/,02.08.2024,Julian Bornemann <jb@wip.tu-berlin.de>
UK,IE,Power,2040,0.0,,GW,https://ember-climate.org/data/data-tools/electricity-interconnection-europe/,02.08.2024,Julian Bornemann <jb@wip.tu-berlin.de>
UK,NL,Power,2040,1.0,,GW,https://ember-climate.org/data/data-tools/electricity-interconnection-europe/,02.08.2024,Julian Bornemann <jb@wip.tu-berlin.de>
UK,NO,Power,2040,0.0,,GW,https://ember-climate.org/data/data-tools/electricity-interconnection-europe/,02.08.2024,Julian Bornemann <jb@wip.tu-berlin.de>
AT,DE,H2,2036,0.0,,PJ,interpolated,02.08.2024,Julian Bornemann <jb@wip.tu-berlin.de>
AT,DE,H2,2037,0.0,,PJ,interpolated,02.08.2024,Julian Bornemann <jb@wip.tu-berlin.de>
AT,DE,H2,2038,0.0,,PJ,interpolated,02.08.2024,Julian Bornemann <jb@wip.tu-berlin.de>
AT,DE,H2,2039,0.0,,PJ,interpolated,02.08.2024,Julian Bornemann <jb@wip.tu-berlin.de>
AT,IT,H2,2036,0.0,,PJ,interpolated,02.08.2024,Julian Bornemann <jb@wip.tu-berlin.de>
AT,IT,H2,2037,0.0,,PJ,interpolated,02.08.2024,Julian Bornemann <jb@wip.tu-berlin.de>
AT,IT,H2,2038,0.0,,PJ,interpolated,02.08.2024,Julian Bornemann <jb@wip.tu-berlin.de>
AT,IT,H2,2039,0.0,,PJ,interpolated,02.08.2024,Julian Bornemann <jb@wip.tu-berlin.de>
AT,SK,H2,2036,0.0,,PJ,interpolated,02.08.2024,Julian Bornemann <jb@wip.tu-berlin.de>
AT,SK,H2,2037,0.0,,PJ,interpolated,02.08.2024,Julian Bornemann <jb@wip.tu-berlin.de>
AT,SK,H2,2038,0.0,,PJ,interpolated,02.08.2024,Julian Bornemann <jb@wip.tu-berlin.de>
AT,SK,H2,2039,0.0,,PJ,interpolated,02.08.2024,Julian Bornemann <jb@wip.tu-berlin.de>
AT,CH,Power,2026,0.0,,GW,interpolated,02.08.2024,Julian Bornemann <jb@wip.tu-berlin.de>
AT,CH,Power,2027,0.0,,GW,interpolated,02.08.2024,Julian Bornemann <jb@wip.tu-berlin.de>
AT,CH,Power,2028,0.0,,GW,interpolated,02.08.2024,Julian Bornemann <jb@wip.tu-berlin.de>
AT,CH,Power,2029,0.0,,GW,interpolated,02.08.2024,Julian Bornemann <jb@wip.tu-berlin.de>
AT,CH,Power,2031,0.0,,GW,interpolated,02.08.2024,Julian Bornemann <jb@wip.tu-berlin.de>
AT,CH,Power,2032,0.0,,GW,interpolated,02.08.2024,Julian Bornemann <jb@wip.tu-berlin.de>
AT,CH,Power,2033,0.0,,GW,interpolated,02.08.2024,Julian Bornemann <jb@wip.tu-berlin.de>
AT,CH,Power,2034,0.0,,GW,interpolated,02.08.2024,Julian Bornemann <jb@wip.tu-berlin.de>
AT,CH,Power,2036,0.0,,GW,interpolated,02.08.2024,Julian Bornemann <jb@wip.tu-berlin.de>
AT,CH,Power,2037,0.0,,GW,interpolated,02.08.2024,Julian Bornemann <jb@wip.tu-berlin.de>
AT,CH,Power,2038,0.0,,GW,interpolated,02.08.2024,Julian Bornemann <jb@wip.tu-berlin.de>
AT,CH,Power,2039,0.0,,GW,interpolated,02.08.2024,Julian Bornemann <jb@wip.tu-berlin.de>
AT,CZ,Power,2026,0.0,,GW,interpolated,02.08.2024,Julian Bornemann <jb@wip.tu-berlin.de>
AT,CZ,Power,2027,0.0,,GW,interpolated,02.08.2024,Julian Bornemann <jb@wip.tu-berlin.de>
AT,CZ,Power,2028,0.0,,GW,interpolated,02.08.2024,Julian Bornemann <jb@wip.tu-berlin.de>
AT,CZ,Power,2029,0.0,,GW,interpolated,02.08.2024,Julian Bornemann <jb@wip.tu-berlin.de>
AT,CZ,Power,2031,0.0,,GW,interpolated,02.08.2024,Julian Bornemann <jb@wip.tu-berlin.de>
AT,CZ,Power,2032,0.0,,GW,interpolated,02.08.2024,Julian Bornemann <jb@wip.tu-berlin.de>
AT,CZ,Power,2033,0.0,,GW,interpolated,02.08.2024,Julian Bornemann <jb@wip.tu-berlin.de>
AT,CZ,Power,2034,0.0,,GW,interpolated,02.08.2024,Julian Bornemann <jb@wip.tu-berlin.de>
AT,CZ,Power,2036,0.0,,GW,interpolated,02.08.2024,Julian Bornemann <jb@wip.tu-berlin.de>
AT,CZ,Power,2037,0.0,,GW,interpolated,02.08.2024,Julian Bornemann <jb@wip.tu-berlin.de>
AT,CZ,Power,2038,0.0,,GW,interpolated,02.08.2024,Julian Bornemann <jb@wip.tu-berlin.de>
AT,CZ,Power,2039,0.0,,GW,interpolated,02.08.2024,Julian Bornemann <jb@wip.tu-berlin.de>
AT,DE,Power,2026,3.22,,GW,interpolated,02.08.2024,Julian Bornemann <jb@wip.tu-berlin.de>
AT,DE,Power,2027,2.44,,GW,interpolated,02.08.2024,Julian Bornemann <jb@wip.tu-berlin.de>
AT,DE,Power,2028,1.66,,GW,interpolated,02.08.2024,Julian Bornemann <jb@wip.tu-berlin.de>
AT,DE,Power,2029,0.88,,GW,interpolated,02.08.2024,Julian Bornemann <jb@wip.tu-berlin.de>
AT,DE,Power,2031,0.35,,GW,interpolated,02.08.2024,Julian Bornemann <jb@wip.tu-berlin.de>
AT,DE,Power,2032,0.6,,GW,interpolated,02.08.2024,Julian Bornemann <jb@wip.tu-berlin.de>
AT,DE,Power,2033,0.85,,GW,interpolated,02.08.2024,Julian Bornemann <jb@wip.tu-berlin.de>
AT,DE,Power,2034,1.1,,GW,interpolated,02.08.2024,Julian Bornemann <jb@wip.tu-berlin.de>
AT,DE,Power,2036,1.35,,GW,interpolated,02.08.2024,Julian Bornemann <jb@wip.tu-berlin.de>
AT,DE,Power,2037,1.35,,GW,interpolated,02.08.2024,Julian Bornemann <jb@wip.tu-berlin.de>
AT,DE,Power,2038,1.35,,GW,interpolated,02.08.2024,Julian Bornemann <jb@wip.tu-berlin.de>
AT,DE,Power,2039,1.35,,GW,interpolated,02.08.2024,Julian Bornemann <jb@wip.tu-berlin.de>
AT,HU,Power,2026,0.0,,GW,interpolated,02.08.2024,Julian Bornemann <jb@wip.tu-berlin.de>
AT,HU,Power,2027,0.0,,GW,interpolated,02.08.2024,Julian Bornemann <jb@wip.tu-berlin.de>
AT,HU,Power,2028,0.0,,GW,interpolated,02.08.2024,Julian Bornemann <jb@wip.tu-berlin.de>
AT,HU,Power,2029,0.0,,GW,interpolated,02.08.2024,Julian Bornemann <jb@wip.tu-berlin.de>
AT,HU,Power,2031,0.0,,GW,interpolated,02.08.2024,Julian Bornemann <jb@wip.tu-berlin.de>
AT,HU,Power,2032,0.0,,GW,interpolated,02.08.2024,Julian Bornemann <jb@wip.tu-berlin.de>
AT,HU,Power,2033,0.0,,GW,interpolated,02.08.2024,Julian Bornemann <jb@wip.tu-berlin.de>
AT,HU,Power,2034,0.0,,GW,interpolated,02.08.2024,Julian Bornemann <jb@wip.tu-berlin.de>
AT,HU,Power,2036,0.0,,GW,interpolated,02.08.2024,Julian Bornemann <jb@wip.tu-berlin.de>
AT,HU,Power,2037,0.0,,GW,interpolated,02.08.2024,Julian Bornemann <jb@wip.tu-berlin.de>
AT,HU,Power,2038,0.0,,GW,interpolated,02.08.2024,Julian Bornemann <jb@wip.tu-berlin.de>
AT,HU,Power,2039,0.0,,GW,interpolated,02.08.2024,Julian Bornemann <jb@wip.tu-berlin.de>
AT,IT,Power,2026,0.342,,GW,interpolated,02.08.2024,Julian Bornemann <jb@wip.tu-berlin.de>
AT,IT,Power,2027,0.294,,GW,interpolated,02.08.2024,Julian Bornemann <jb@wip.tu-berlin.de>
AT,IT,Power,2028,0.246,,GW,interpolated,02.08.2024,Julian Bornemann <jb@wip.tu-berlin.de>
AT,IT,Power,2029,0.198,,GW,interpolated,02.08.2024,Julian Bornemann <jb@wip.tu-berlin.de>
AT,IT,Power,2031,0.17,,GW,interpolated,02.08.2024,Julian Bornemann <jb@wip.tu-berlin.de>
AT,IT,Power,2032,0.19,,GW,interpolated,02.08.2024,Julian Bornemann <jb@wip.tu-berlin.de>
AT,IT,Power,2033,0.21,,GW,interpolated,02.08.2024,Julian Bornemann <jb@wip.tu-berlin.de>
AT,IT,Power,2034,0.23,,GW,interpolated,02.08.2024,Julian Bornemann <jb@wip.tu-berlin.de>
AT,IT,Power,2036,0.25,,GW,interpolated,02.08.2024,Julian Bornemann <jb@wip.tu-berlin.de>
AT,IT,Power,2037,0.25,,GW,interpolated,02.08.2024,Julian Bornemann <jb@wip.tu-berlin.de>
AT,IT,Power,2038,0.25,,GW,interpolated,02.08.2024,Julian Bornemann <jb@wip.tu-berlin.de>
AT,IT,Power,2039,0.25,,GW,interpolated,02.08.2024,Julian Bornemann <jb@wip.tu-berlin.de>
AT,SI,Power,2026,0.0,,GW,interpolated,02.08.2024,Julian Bornemann <jb@wip.tu-berlin.de>
AT,SI,Power,2027,0.0,,GW,interpolated,02.08.2024,Julian Bornemann <jb@wip.tu-berlin.de>
AT,SI,Power,2028,0.0,,GW,interpolated,02.08.2024,Julian Bornemann <jb@wip.tu-berlin.de>
AT,SI,Power,2029,0.0,,GW,interpolated,02.08.2024,Julian Bornemann <jb@wip.tu-berlin.de>
AT,SI,Power,2031,0.0,,GW,interpolated,02.08.2024,Julian Bornemann <jb@wip.tu-berlin.de>
AT,SI,Power,2032,0.0,,GW,interpolated,02.08.2024,Julian Bornemann <jb@wip.tu-berlin.de>
AT,SI,Power,2033,0.0,,GW,interpolated,02.08.2024,Julian Bornemann <jb@wip.tu-berlin.de>
AT,SI,Power,2034,0.0,,GW,interpolated,02.08.2024,Julian Bornemann <jb@wip.tu-berlin.de>
AT,SI,Power,2036,0.0,,GW,interpolated,02.08.2024,Julian Bornemann <jb@wip.tu-berlin.de>
AT,SI,Power,2037,0.0,,GW,interpolated,02.08.2024,Julian Bornemann <jb@wip.tu-berlin.de>
AT,SI,Power,2038,0.0,,GW,interpolated,02.08.2024,Julian Bornemann <jb@wip.tu-berlin.de>
AT,SI,Power,2039,0.0,,GW,interpolated,02.08.2024,Julian Bornemann <jb@wip.tu-berlin.de>
AT,SK,Power,2026,0.0,,GW,interpolated,02.08.2024,Julian Bornemann <jb@wip.tu-berlin.de>
AT,SK,Power,2027,0.0,,GW,interpolated,02.08.2024,Julian Bornemann <jb@wip.tu-berlin.de>
AT,SK,Power,2028,0.0,,GW,interpolated,02.08.2024,Julian Bornemann <jb@wip.tu-berlin.de>
AT,SK,Power,2029,0.0,,GW,interpolated,02.08.2024,Julian Bornemann <jb@wip.tu-berlin.de>
AT,SK,Power,2031,0.05,,GW,interpolated,02.08.2024,Julian Bornemann <jb@wip.tu-berlin.de>
AT,SK,Power,2032,0.1,,GW,interpolated,02.08.2024,Julian Bornemann <jb@wip.tu-berlin.de>
AT,SK,Power,2033,0.15,,GW,interpolated,02.08.2024,Julian Bornemann <jb@wip.tu-berlin.de>
AT,SK,Power,2034,0.2,,GW,interpolated,02.08.2024,Julian Bornemann <jb@wip.tu-berlin.de>
AT,SK,Power,2036,0.25,,GW,interpolated,02.08.2024,Julian Bornemann <jb@wip.tu-berlin.de>
AT,SK,Power,2037,0.25,,GW,interpolated,02.08.2024,Julian Bornemann <jb@wip.tu-berlin.de>
AT,SK,Power,2038,0.25,,GW,interpolated,02.08.2024,Julian Bornemann <jb@wip.tu-berlin.de>
AT,SK,Power,2039,0.25,,GW,interpolated,02.08.2024,Julian Bornemann <jb@wip.tu-berlin.de>
BE,FR,H2,2036,0.0,,PJ,interpolated,02.08.2024,Julian Bornemann <jb@wip.tu-berlin.de>
BE,FR,H2,2037,0.0,,PJ,interpolated,02.08.2024,Julian Bornemann <jb@wip.tu-berlin.de>
BE,FR,H2,2038,0.0,,PJ,interpolated,02.08.2024,Julian Bornemann <jb@wip.tu-berlin.de>
BE,FR,H2,2039,0.0,,PJ,interpolated,02.08.2024,Julian Bornemann <jb@wip.tu-berlin.de>
BE,DE,H2,2036,0.0,,PJ,interpolated,02.08.2024,Julian Bornemann <jb@wip.tu-berlin.de>
BE,DE,H2,2037,0.0,,PJ,interpolated,02.08.2024,Julian Bornemann <jb@wip.tu-berlin.de>
BE,DE,H2,2038,0.0,,PJ,interpolated,02.08.2024,Julian Bornemann <jb@wip.tu-berlin.de>
BE,DE,H2,2039,0.0,,PJ,interpolated,02.08.2024,Julian Bornemann <jb@wip.tu-berlin.de>
BE,LU,H2,2031,0.0,,PJ,interpolated,02.08.2024,Julian Bornemann <jb@wip.tu-berlin.de>
BE,LU,H2,2032,0.0,,PJ,interpolated,02.08.2024,Julian Bornemann <jb@wip.tu-berlin.de>
BE,LU,H2,2033,0.0,,PJ,interpolated,02.08.2024,Julian Bornemann <jb@wip.tu-berlin.de>
BE,LU,H2,2034,0.0,,PJ,interpolated,02.08.2024,Julian Bornemann <jb@wip.tu-berlin.de>
BE,LU,H2,2036,0.0,,PJ,interpolated,02.08.2024,Julian Bornemann <jb@wip.tu-berlin.de>
BE,LU,H2,2037,0.0,,PJ,interpolated,02.08.2024,Julian Bornemann <jb@wip.tu-berlin.de>
BE,LU,H2,2038,0.0,,PJ,interpolated,02.08.2024,Julian Bornemann <jb@wip.tu-berlin.de>
BE,LU,H2,2039,0.0,,PJ,interpolated,02.08.2024,Julian Bornemann <jb@wip.tu-berlin.de>
BE,UK,H2,2031,0.0,,PJ,interpolated,02.08.2024,Julian Bornemann <jb@wip.tu-berlin.de>
BE,UK,H2,2032,0.0,,PJ,interpolated,02.08.2024,Julian Bornemann <jb@wip.tu-berlin.de>
BE,UK,H2,2033,0.0,,PJ,interpolated,02.08.2024,Julian Bornemann <jb@wip.tu-berlin.de>
BE,UK,H2,2034,0.0,,PJ,interpolated,02.08.2024,Julian Bornemann <jb@wip.tu-berlin.de>
BE,UK,H2,2036,0.0,,PJ,interpolated,02.08.2024,Julian Bornemann <jb@wip.tu-berlin.de>
BE,UK,H2,2037,0.0,,PJ,interpolated,02.08.2024,Julian Bornemann <jb@wip.tu-berlin.de>
BE,UK,H2,2038,0.0,,PJ,interpolated,02.08.2024,Julian Bornemann <jb@wip.tu-berlin.de>
BE,UK,H2,2039,0.0,,PJ,interpolated,02.08.2024,Julian Bornemann <jb@wip.tu-berlin.de>
BE,DE,Power,2026,0.0,,GW,interpolated,02.08.2024,Julian Bornemann <jb@wip.tu-berlin.de>
BE,DE,Power,2027,0.0,,GW,interpolated,02.08.2024,Julian Bornemann <jb@wip.tu-berlin.de>
BE,DE,Power,2028,0.0,,GW,interpolated,02.08.2024,Julian Bornemann <jb@wip.tu-berlin.de>
BE,DE,Power,2029,0.0,,GW,interpolated,02.08.2024,Julian Bornemann <jb@wip.tu-berlin.de>
BE,DE,Power,2031,0.0,,GW,interpolated,02.08.2024,Julian Bornemann <jb@wip.tu-berlin.de>
BE,DE,Power,2032,0.0,,GW,interpolated,02.08.2024,Julian Bornemann <jb@wip.tu-berlin.de>
BE,DE,Power,2033,0.0,,GW,interpolated,02.08.2024,Julian Bornemann <jb@wip.tu-berlin.de>
BE,DE,Power,2034,0.0,,GW,interpolated,02.08.2024,Julian Bornemann <jb@wip.tu-berlin.de>
BE,DE,Power,2036,0.0,,GW,interpolated,02.08.2024,Julian Bornemann <jb@wip.tu-berlin.de>
BE,DE,Power,2037,0.0,,GW,interpolated,02.08.2024,Julian Bornemann <jb@wip.tu-berlin.de>
BE,DE,Power,2038,0.0,,GW,interpolated,02.08.2024,Julian Bornemann <jb@wip.tu-berlin.de>
BE,DE,Power,2039,0.0,,GW,interpolated,02.08.2024,Julian Bornemann <jb@wip.tu-berlin.de>
BE,DK,Power,2026,0.0,,GW,interpolated,02.08.2024,Julian Bornemann <jb@wip.tu-berlin.de>
BE,DK,Power,2027,0.0,,GW,interpolated,02.08.2024,Julian Bornemann <jb@wip.tu-berlin.de>
BE,DK,Power,2028,0.0,,GW,interpolated,02.08.2024,Julian Bornemann <jb@wip.tu-berlin.de>
BE,DK,Power,2029,0.0,,GW,interpolated,02.08.2024,Julian Bornemann <jb@wip.tu-berlin.de>
BE,DK,Power,2031,0.0,,GW,interpolated,02.08.2024,Julian Bornemann <jb@wip.tu-berlin.de>
BE,DK,Power,2032,0.0,,GW,interpolated,02.08.2024,Julian Bornemann <jb@wip.tu-berlin.de>
BE,DK,Power,2033,0.0,,GW,interpolated,02.08.2024,Julian Bornemann <jb@wip.tu-berlin.de>
BE,DK,Power,2034,0.0,,GW,interpolated,02.08.2024,Julian Bornemann <jb@wip.tu-berlin.de>
BE,DK,Power,2036,0.0,,GW,interpolated,02.08.2024,Julian Bornemann <jb@wip.tu-berlin.de>
BE,DK,Power,2037,0.0,,GW,interpolated,02.08.2024,Julian Bornemann <jb@wip.tu-berlin.de>
BE,DK,Power,2038,0.0,,GW,interpolated,02.08.2024,Julian Bornemann <jb@wip.tu-berlin.de>
BE,DK,Power,2039,0.0,,GW,interpolated,02.08.2024,Julian Bornemann <jb@wip.tu-berlin.de>
BE,LU,Power,2026,0.0,,GW,interpolated,02.08.2024,Julian Bornemann <jb@wip.tu-berlin.de>
BE,LU,Power,2027,0.0,,GW,interpolated,02.08.2024,Julian Bornemann <jb@wip.tu-berlin.de>
BE,LU,Power,2028,0.0,,GW,interpolated,02.08.2024,Julian Bornemann <jb@wip.tu-berlin.de>
BE,LU,Power,2029,0.0,,GW,interpolated,02.08.2024,Julian Bornemann <jb@wip.tu-berlin.de>
BE,LU,Power,2031,0.0,,GW,interpolated,02.08.2024,Julian Bornemann <jb@wip.tu-berlin.de>
BE,LU,Power,2032,0.0,,GW,interpolated,02.08.2024,Julian Bornemann <jb@wip.tu-berlin.de>
BE,LU,Power,2033,0.0,,GW,interpolated,02.08.2024,Julian Bornemann <jb@wip.tu-berlin.de>
BE,LU,Power,2034,0.0,,GW,interpolated,02.08.2024,Julian Bornemann <jb@wip.tu-berlin.de>
BE,LU,Power,2036,0.0,,GW,interpolated,02.08.2024,Julian Bornemann <jb@wip.tu-berlin.de>
BE,LU,Power,2037,0.0,,GW,interpolated,02.08.2024,Julian Bornemann <jb@wip.tu-berlin.de>
BE,LU,Power,2038,0.0,,GW,interpolated,02.08.2024,Julian Bornemann <jb@wip.tu-berlin.de>
BE,LU,Power,2039,0.0,,GW,interpolated,02.08.2024,Julian Bornemann <jb@wip.tu-berlin.de>
BE,NL,Power,2026,0.8,,GW,interpolated,02.08.2024,Julian Bornemann <jb@wip.tu-berlin.de>
BE,NL,Power,2027,0.6,,GW,interpolated,02.08.2024,Julian Bornemann <jb@wip.tu-berlin.de>
BE,NL,Power,2028,0.4,,GW,interpolated,02.08.2024,Julian Bornemann <jb@wip.tu-berlin.de>
BE,NL,Power,2029,0.2,,GW,interpolated,02.08.2024,Julian Bornemann <jb@wip.tu-berlin.de>
BE,NL,Power,2031,0.2,,GW,interpolated,02.08.2024,Julian Bornemann <jb@wip.tu-berlin.de>
BE,NL,Power,2032,0.4,,GW,interpolated,02.08.2024,Julian Bornemann <jb@wip.tu-berlin.de>
BE,NL,Power,2033,0.6,,GW,interpolated,02.08.2024,Julian Bornemann <jb@wip.tu-berlin.de>
BE,NL,Power,2034,0.8,,GW,interpolated,02.08.2024,Julian Bornemann <jb@wip.tu-berlin.de>
BE,NL,Power,2036,1.0,,GW,interpolated,02.08.2024,Julian Bornemann <jb@wip.tu-berlin.de>
BE,NL,Power,2037,1.0,,GW,interpolated,02.08.2024,Julian Bornemann <jb@wip.tu-berlin.de>
BE,NL,Power,2038,1.0,,GW,interpolated,02.08.2024,Julian Bornemann <jb@wip.tu-berlin.de>
BE,NL,Power,2039,1.0,,GW,interpolated,02.08.2024,Julian Bornemann <jb@wip.tu-berlin.de>
BE,UK,Power,2026,0.0,,GW,interpolated,02.08.2024,Julian Bornemann <jb@wip.tu-berlin.de>
BE,UK,Power,2027,0.0,,GW,interpolated,02.08.2024,Julian Bornemann <jb@wip.tu-berlin.de>
BE,UK,Power,2028,0.0,,GW,interpolated,02.08.2024,Julian Bornemann <jb@wip.tu-berlin.de>
BE,UK,Power,2029,0.0,,GW,interpolated,02.08.2024,Julian Bornemann <jb@wip.tu-berlin.de>
BE,UK,Power,2031,0.14,,GW,interpolated,02.08.2024,Julian Bornemann <jb@wip.tu-berlin.de>
BE,UK,Power,2032,0.28,,GW,interpolated,02.08.2024,Julian Bornemann <jb@wip.tu-berlin.de>
BE,UK,Power,2033,0.42,,GW,interpolated,02.08.2024,Julian Bornemann <jb@wip.tu-berlin.de>
BE,UK,Power,2034,0.56,,GW,interpolated,02.08.2024,Julian Bornemann <jb@wip.tu-berlin.de>
BE,UK,Power,2036,0.7,,GW,interpolated,02.08.2024,Julian Bornemann <jb@wip.tu-berlin.de>
BE,UK,Power,2037,0.7,,GW,interpolated,02.08.2024,Julian Bornemann <jb@wip.tu-berlin.de>
BE,UK,Power,2038,0.7,,GW,interpolated,02.08.2024,Julian Bornemann <jb@wip.tu-berlin.de>
BE,UK,Power,2039,0.7,,GW,interpolated,02.08.2024,Julian Bornemann <jb@wip.tu-berlin.de>
BE,FR,Power,2036,0.5,,GW,interpolated,02.08.2024,Julian Bornemann <jb@wip.tu-berlin.de>
BE,FR,Power,2037,0.5,,GW,interpolated,02.08.2024,Julian Bornemann <jb@wip.tu-berlin.de>
BE,FR,Power,2038,0.5,,GW,interpolated,02.08.2024,Julian Bornemann <jb@wip.tu-berlin.de>
BE,FR,Power,2039,0.5,,GW,interpolated,02.08.2024,Julian Bornemann <jb@wip.tu-berlin.de>
BG,GR,H2,2036,0.0,,PJ,interpolated,02.08.2024,Julian Bornemann <jb@wip.tu-berlin.de>
BG,GR,H2,2037,0.0,,PJ,interpolated,02.08.2024,Julian Bornemann <jb@wip.tu-berlin.de>
BG,GR,H2,2038,0.0,,PJ,interpolated,02.08.2024,Julian Bornemann <jb@wip.tu-berlin.de>
BG,GR,H2,2039,0.0,,PJ,interpolated,02.08.2024,Julian Bornemann <jb@wip.tu-berlin.de>
BG,GR,Power,2026,0.744,,GW,interpolated,02.08.2024,Julian Bornemann <jb@wip.tu-berlin.de>
BG,GR,Power,2027,0.558,,GW,interpolated,02.08.2024,Julian Bornemann <jb@wip.tu-berlin.de>
BG,GR,Power,2028,0.372,,GW,interpolated,02.08.2024,Julian Bornemann <jb@wip.tu-berlin.de>
BG,GR,Power,2029,0.186,,GW,interpolated,02.08.2024,Julian Bornemann <jb@wip.tu-berlin.de>
BG,GR,Power,2031,0.0,,GW,interpolated,02.08.2024,Julian Bornemann <jb@wip.tu-berlin.de>
BG,GR,Power,2032,0.0,,GW,interpolated,02.08.2024,Julian Bornemann <jb@wip.tu-berlin.de>
BG,GR,Power,2033,0.0,,GW,interpolated,02.08.2024,Julian Bornemann <jb@wip.tu-berlin.de>
BG,GR,Power,2034,0.0,,GW,interpolated,02.08.2024,Julian Bornemann <jb@wip.tu-berlin.de>
BG,GR,Power,2036,0.0,,GW,interpolated,02.08.2024,Julian Bornemann <jb@wip.tu-berlin.de>
BG,GR,Power,2037,0.0,,GW,interpolated,02.08.2024,Julian Bornemann <jb@wip.tu-berlin.de>
BG,GR,Power,2038,0.0,,GW,interpolated,02.08.2024,Julian Bornemann <jb@wip.tu-berlin.de>
BG,GR,Power,2039,0.0,,GW,interpolated,02.08.2024,Julian Bornemann <jb@wip.tu-berlin.de>
BG,NONEU_Balkan,Power,2026,0.0,,GW,interpolated,02.08.2024,Julian Bornemann <jb@wip.tu-berlin.de>
BG,NONEU_Balkan,Power,2027,0.0,,GW,interpolated,02.08.2024,Julian Bornemann <jb@wip.tu-berlin.de>
BG,NONEU_Balkan,Power,2028,0.0,,GW,interpolated,02.08.2024,Julian Bornemann <jb@wip.tu-berlin.de>
BG,NONEU_Balkan,Power,2029,0.0,,GW,interpolated,02.08.2024,Julian Bornemann <jb@wip.tu-berlin.de>
BG,NONEU_Balkan,Power,2031,0.073,,GW,interpolated,02.08.2024,Julian Bornemann <jb@wip.tu-berlin.de>
BG,NONEU_Balkan,Power,2032,0.146,,GW,interpolated,02.08.2024,Julian Bornemann <jb@wip.tu-berlin.de>
BG,NONEU_Balkan,Power,2033,0.219,,GW,interpolated,02.08.2024,Julian Bornemann <jb@wip.tu-berlin.de>
BG,NONEU_Balkan,Power,2034,0.292,,GW,interpolated,02.08.2024,Julian Bornemann <jb@wip.tu-berlin.de>
BG,NONEU_Balkan,Power,2036,0.365,,GW,interpolated,02.08.2024,Julian Bornemann <jb@wip.tu-berlin.de>
BG,NONEU_Balkan,Power,2037,0.365,,GW,interpolated,02.08.2024,Julian Bornemann <jb@wip.tu-berlin.de>
BG,NONEU_Balkan,Power,2038,0.365,,GW,interpolated,02.08.2024,Julian Bornemann <jb@wip.tu-berlin.de>
BG,NONEU_Balkan,Power,2039,0.365,,GW,interpolated,02.08.2024,Julian Bornemann <jb@wip.tu-berlin.de>
BG,RO,Power,2026,0.48,,GW,interpolated,02.08.2024,Julian Bornemann <jb@wip.tu-berlin.de>
BG,RO,Power,2027,0.36,,GW,interpolated,02.08.2024,Julian Bornemann <jb@wip.tu-berlin.de>
BG,RO,Power,2028,0.24,,GW,interpolated,02.08.2024,Julian Bornemann <jb@wip.tu-berlin.de>
BG,RO,Power,2029,0.12,,GW,interpolated,02.08.2024,Julian Bornemann <jb@wip.tu-berlin.de>
BG,RO,Power,2031,0.0,,GW,interpolated,02.08.2024,Julian Bornemann <jb@wip.tu-berlin.de>
BG,RO,Power,2032,0.0,,GW,interpolated,02.08.2024,Julian Bornemann <jb@wip.tu-berlin.de>
BG,RO,Power,2033,0.0,,GW,interpolated,02.08.2024,Julian Bornemann <jb@wip.tu-berlin.de>
BG,RO,Power,2034,0.0,,GW,interpolated,02.08.2024,Julian Bornemann <jb@wip.tu-berlin.de>
BG,RO,Power,2036,0.0,,GW,interpolated,02.08.2024,Julian Bornemann <jb@wip.tu-berlin.de>
BG,RO,Power,2037,0.0,,GW,interpolated,02.08.2024,Julian Bornemann <jb@wip.tu-berlin.de>
BG,RO,Power,2038,0.0,,GW,interpolated,02.08.2024,Julian Bornemann <jb@wip.tu-berlin.de>
BG,RO,Power,2039,0.0,,GW,interpolated,02.08.2024,Julian Bornemann <jb@wip.tu-berlin.de>
BG,TR,Power,2026,0.0,,GW,interpolated,02.08.2024,Julian Bornemann <jb@wip.tu-berlin.de>
BG,TR,Power,2027,0.0,,GW,interpolated,02.08.2024,Julian Bornemann <jb@wip.tu-berlin.de>
BG,TR,Power,2028,0.0,,GW,interpolated,02.08.2024,Julian Bornemann <jb@wip.tu-berlin.de>
BG,TR,Power,2029,0.0,,GW,interpolated,02.08.2024,Julian Bornemann <jb@wip.tu-berlin.de>
BG,TR,Power,2031,0.0,,GW,interpolated,02.08.2024,Julian Bornemann <jb@wip.tu-berlin.de>
BG,TR,Power,2032,0.0,,GW,interpolated,02.08.2024,Julian Bornemann <jb@wip.tu-berlin.de>
BG,TR,Power,2033,0.0,,GW,interpolated,02.08.2024,Julian Bornemann <jb@wip.tu-berlin.de>
BG,TR,Power,2034,0.0,,GW,interpolated,02.08.2024,Julian Bornemann <jb@wip.tu-berlin.de>
BG,TR,Power,2036,0.0,,GW,interpolated,02.08.2024,Julian Bornemann <jb@wip.tu-berlin.de>
BG,TR,Power,2037,0.0,,GW,interpolated,02.08.2024,Julian Bornemann <jb@wip.tu-berlin.de>
BG,TR,Power,2038,0.0,,GW,interpolated,02.08.2024,Julian Bornemann <jb@wip.tu-berlin.de>
BG,TR,Power,2039,0.0,,GW,interpolated,02.08.2024,Julian Bornemann <jb@wip.tu-berlin.de>
CH,FR,H2,2031,0.0,,PJ,interpolated,02.08.2024,Julian Bornemann <jb@wip.tu-berlin.de>
CH,FR,H2,2032,0.0,,PJ,interpolated,02.08.2024,Julian Bornemann <jb@wip.tu-berlin.de>
CH,FR,H2,2033,0.0,,PJ,interpolated,02.08.2024,Julian Bornemann <jb@wip.tu-berlin.de>
CH,FR,H2,2034,0.0,,PJ,interpolated,02.08.2024,Julian Bornemann <jb@wip.tu-berlin.de>
CH,FR,H2,2036,0.0,,PJ,interpolated,02.08.2024,Julian Bornemann <jb@wip.tu-berlin.de>
CH,FR,H2,2037,0.0,,PJ,interpolated,02.08.2024,Julian Bornemann <jb@wip.tu-berlin.de>
CH,FR,H2,2038,0.0,,PJ,interpolated,02.08.2024,Julian Bornemann <jb@wip.tu-berlin.de>
CH,FR,H2,2039,0.0,,PJ,interpolated,02.08.2024,Julian Bornemann <jb@wip.tu-berlin.de>
CH,DE,H2,2031,0.0,,PJ,interpolated,02.08.2024,Julian Bornemann <jb@wip.tu-berlin.de>
CH,DE,H2,2032,0.0,,PJ,interpolated,02.08.2024,Julian Bornemann <jb@wip.tu-berlin.de>
CH,DE,H2,2033,0.0,,PJ,interpolated,02.08.2024,Julian Bornemann <jb@wip.tu-berlin.de>
CH,DE,H2,2034,0.0,,PJ,interpolated,02.08.2024,Julian Bornemann <jb@wip.tu-berlin.de>
CH,DE,H2,2036,0.0,,PJ,interpolated,02.08.2024,Julian Bornemann <jb@wip.tu-berlin.de>
CH,DE,H2,2037,0.0,,PJ,interpolated,02.08.2024,Julian Bornemann <jb@wip.tu-berlin.de>
CH,DE,H2,2038,0.0,,PJ,interpolated,02.08.2024,Julian Bornemann <jb@wip.tu-berlin.de>
CH,DE,H2,2039,0.0,,PJ,interpolated,02.08.2024,Julian Bornemann <jb@wip.tu-berlin.de>
CH,IT,H2,2036,0.0,,PJ,interpolated,02.08.2024,Julian Bornemann <jb@wip.tu-berlin.de>
CH,IT,H2,2037,0.0,,PJ,interpolated,02.08.2024,Julian Bornemann <jb@wip.tu-berlin.de>
CH,IT,H2,2038,0.0,,PJ,interpolated,02.08.2024,Julian Bornemann <jb@wip.tu-berlin.de>
CH,IT,H2,2039,0.0,,PJ,interpolated,02.08.2024,Julian Bornemann <jb@wip.tu-berlin.de>
CH,AT,Power,2026,0.0,,GW,interpolated,02.08.2024,Julian Bornemann <jb@wip.tu-berlin.de>
CH,AT,Power,2027,0.0,,GW,interpolated,02.08.2024,Julian Bornemann <jb@wip.tu-berlin.de>
CH,AT,Power,2028,0.0,,GW,interpolated,02.08.2024,Julian Bornemann <jb@wip.tu-berlin.de>
CH,AT,Power,2029,0.0,,GW,interpolated,02.08.2024,Julian Bornemann <jb@wip.tu-berlin.de>
CH,AT,Power,2031,0.0,,GW,interpolated,02.08.2024,Julian Bornemann <jb@wip.tu-berlin.de>
CH,AT,Power,2032,0.0,,GW,interpolated,02.08.2024,Julian Bornemann <jb@wip.tu-berlin.de>
CH,AT,Power,2033,0.0,,GW,interpolated,02.08.2024,Julian Bornemann <jb@wip.tu-berlin.de>
CH,AT,Power,2034,0.0,,GW,interpolated,02.08.2024,Julian Bornemann <jb@wip.tu-berlin.de>
CH,AT,Power,2036,0.0,,GW,interpolated,02.08.2024,Julian Bornemann <jb@wip.tu-berlin.de>
CH,AT,Power,2037,0.0,,GW,interpolated,02.08.2024,Julian Bornemann <jb@wip.tu-berlin.de>
CH,AT,Power,2038,0.0,,GW,interpolated,02.08.2024,Julian Bornemann <jb@wip.tu-berlin.de>
CH,AT,Power,2039,0.0,,GW,interpolated,02.08.2024,Julian Bornemann <jb@wip.tu-berlin.de>
CH,DE,Power,2026,0.0,,GW,interpolated,02.08.2024,Julian Bornemann <jb@wip.tu-berlin.de>
CH,DE,Power,2027,0.0,,GW,interpolated,02.08.2024,Julian Bornemann <jb@wip.tu-berlin.de>
CH,DE,Power,2028,0.0,,GW,interpolated,02.08.2024,Julian Bornemann <jb@wip.tu-berlin.de>
CH,DE,Power,2029,0.0,,GW,interpolated,02.08.2024,Julian Bornemann <jb@wip.tu-berlin.de>
CH,DE,Power,2031,0.02,,GW,interpolated,02.08.2024,Julian Bornemann <jb@wip.tu-berlin.de>
CH,DE,Power,2032,0.04,,GW,interpolated,02.08.2024,Julian Bornemann <jb@wip.tu-berlin.de>
CH,DE,Power,2033,0.06,,GW,interpolated,02.08.2024,Julian Bornemann <jb@wip.tu-berlin.de>
CH,DE,Power,2034,0.08,,GW,interpolated,02.08.2024,Julian Bornemann <jb@wip.tu-berlin.de>
CH,DE,Power,2036,0.1,,GW,interpolated,02.08.2024,Julian Bornemann <jb@wip.tu-berlin.de>
CH,DE,Power,2037,0.1,,GW,interpolated,02.08.2024,Julian Bornemann <jb@wip.tu-berlin.de>
CH,DE,Power,2038,0.1,,GW,interpolated,02.08.2024,Julian Bornemann <jb@wip.tu-berlin.de>
CH,DE,Power,2039,0.1,,GW,interpolated,02.08.2024,Julian Bornemann <jb@wip.tu-berlin.de>
CH,FR,Power,2026,0.0,,GW,interpolated,02.08.2024,Julian Bornemann <jb@wip.tu-berlin.de>
CH,FR,Power,2027,0.0,,GW,interpolated,02.08.2024,Julian Bornemann <jb@wip.tu-berlin.de>
CH,FR,Power,2028,0.0,,GW,interpolated,02.08.2024,Julian Bornemann <jb@wip.tu-berlin.de>
CH,FR,Power,2029,0.0,,GW,interpolated,02.08.2024,Julian Bornemann <jb@wip.tu-berlin.de>
CH,FR,Power,2031,0.0,,GW,interpolated,02.08.2024,Julian Bornemann <jb@wip.tu-berlin.de>
CH,FR,Power,2032,0.0,,GW,interpolated,02.08.2024,Julian Bornemann <jb@wip.tu-berlin.de>
CH,FR,Power,2033,0.0,,GW,interpolated,02.08.2024,Julian Bornemann <jb@wip.tu-berlin.de>
CH,FR,Power,2034,0.0,,GW,interpolated,02.08.2024,Julian Bornemann <jb@wip.tu-berlin.de>
CH,FR,Power,2036,0.0,,GW,interpolated,02.08.2024,Julian Bornemann <jb@wip.tu-berlin.de>
CH,FR,Power,2037,0.0,,GW,interpolated,02.08.2024,Julian Bornemann <jb@wip.tu-berlin.de>
CH,FR,Power,2038,0.0,,GW,interpolated,02.08.2024,Julian Bornemann <jb@wip.tu-berlin.de>
CH,FR,Power,2039,0.0,,GW,interpolated,02.08.2024,Julian Bornemann <jb@wip.tu-berlin.de>
CH,IT,Power,2026,0.0,,GW,interpolated,02.08.2024,Julian Bornemann <jb@wip.tu-berlin.de>
CH,IT,Power,2027,0.0,,GW,interpolated,02.08.2024,Julian Bornemann <jb@wip.tu-berlin.de>
CH,IT,Power,2028,0.0,,GW,interpolated,02.08.2024,Julian Bornemann <jb@wip.tu-berlin.de>
CH,IT,Power,2029,0.0,,GW,interpolated,02.08.2024,Julian Bornemann <jb@wip.tu-berlin.de>
CH,IT,Power,2031,0.1,,GW,interpolated,02.08.2024,Julian Bornemann <jb@wip.tu-berlin.de>
CH,IT,Power,2032,0.2,,GW,interpolated,02.08.2024,Julian Bornemann <jb@wip.tu-berlin.de>
CH,IT,Power,2033,0.3,,GW,interpolated,02.08.2024,Julian Bornemann <jb@wip.tu-berlin.de>
CH,IT,Power,2034,0.4,,GW,interpolated,02.08.2024,Julian Bornemann <jb@wip.tu-berlin.de>
CH,IT,Power,2036,0.5,,GW,interpolated,02.08.2024,Julian Bornemann <jb@wip.tu-berlin.de>
CH,IT,Power,2037,0.5,,GW,interpolated,02.08.2024,Julian Bornemann <jb@wip.tu-berlin.de>
CH,IT,Power,2038,0.5,,GW,interpolated,02.08.2024,Julian Bornemann <jb@wip.tu-berlin.de>
CH,IT,Power,2039,0.5,,GW,interpolated,02.08.2024,Julian Bornemann <jb@wip.tu-berlin.de>
CZ,DE,H2,2036,0.0,,PJ,interpolated,02.08.2024,Julian Bornemann <jb@wip.tu-berlin.de>
CZ,DE,H2,2037,0.0,,PJ,interpolated,02.08.2024,Julian Bornemann <jb@wip.tu-berlin.de>
CZ,DE,H2,2038,0.0,,PJ,interpolated,02.08.2024,Julian Bornemann <jb@wip.tu-berlin.de>
CZ,DE,H2,2039,0.0,,PJ,interpolated,02.08.2024,Julian Bornemann <jb@wip.tu-berlin.de>
CZ,PL,H2,2031,0.0,,PJ,interpolated,02.08.2024,Julian Bornemann <jb@wip.tu-berlin.de>
CZ,PL,H2,2032,0.0,,PJ,interpolated,02.08.2024,Julian Bornemann <jb@wip.tu-berlin.de>
CZ,PL,H2,2033,0.0,,PJ,interpolated,02.08.2024,Julian Bornemann <jb@wip.tu-berlin.de>
CZ,PL,H2,2034,0.0,,PJ,interpolated,02.08.2024,Julian Bornemann <jb@wip.tu-berlin.de>
CZ,PL,H2,2036,0.0,,PJ,interpolated,02.08.2024,Julian Bornemann <jb@wip.tu-berlin.de>
CZ,PL,H2,2037,0.0,,PJ,interpolated,02.08.2024,Julian Bornemann <jb@wip.tu-berlin.de>
CZ,PL,H2,2038,0.0,,PJ,interpolated,02.08.2024,Julian Bornemann <jb@wip.tu-berlin.de>
CZ,PL,H2,2039,0.0,,PJ,interpolated,02.08.2024,Julian Bornemann <jb@wip.tu-berlin.de>
CZ,SK,H2,2031,0.0,,PJ,interpolated,02.08.2024,Julian Bornemann <jb@wip.tu-berlin.de>
CZ,SK,H2,2032,0.0,,PJ,interpolated,02.08.2024,Julian Bornemann <jb@wip.tu-berlin.de>
CZ,SK,H2,2033,0.0,,PJ,interpolated,02.08.2024,Julian Bornemann <jb@wip.tu-berlin.de>
CZ,SK,H2,2034,0.0,,PJ,interpolated,02.08.2024,Julian Bornemann <jb@wip.tu-berlin.de>
CZ,SK,H2,2036,0.0,,PJ,interpolated,02.08.2024,Julian Bornemann <jb@wip.tu-berlin.de>
CZ,SK,H2,2037,0.0,,PJ,interpolated,02.08.2024,Julian Bornemann <jb@wip.tu-berlin.de>
CZ,SK,H2,2038,0.0,,PJ,interpolated,02.08.2024,Julian Bornemann <jb@wip.tu-berlin.de>
CZ,SK,H2,2039,0.0,,PJ,interpolated,02.08.2024,Julian Bornemann <jb@wip.tu-berlin.de>
CZ,AT,Power,2026,0.0,,GW,interpolated,02.08.2024,Julian Bornemann <jb@wip.tu-berlin.de>
CZ,AT,Power,2027,0.0,,GW,interpolated,02.08.2024,Julian Bornemann <jb@wip.tu-berlin.de>
CZ,AT,Power,2028,0.0,,GW,interpolated,02.08.2024,Julian Bornemann <jb@wip.tu-berlin.de>
CZ,AT,Power,2029,0.0,,GW,interpolated,02.08.2024,Julian Bornemann <jb@wip.tu-berlin.de>
CZ,AT,Power,2031,0.0,,GW,interpolated,02.08.2024,Julian Bornemann <jb@wip.tu-berlin.de>
CZ,AT,Power,2032,0.0,,GW,interpolated,02.08.2024,Julian Bornemann <jb@wip.tu-berlin.de>
CZ,AT,Power,2033,0.0,,GW,interpolated,02.08.2024,Julian Bornemann <jb@wip.tu-berlin.de>
CZ,AT,Power,2034,0.0,,GW,interpolated,02.08.2024,Julian Bornemann <jb@wip.tu-berlin.de>
CZ,AT,Power,2036,0.0,,GW,interpolated,02.08.2024,Julian Bornemann <jb@wip.tu-berlin.de>
CZ,AT,Power,2037,0.0,,GW,interpolated,02.08.2024,Julian Bornemann <jb@wip.tu-berlin.de>
CZ,AT,Power,2038,0.0,,GW,interpolated,02.08.2024,Julian Bornemann <jb@wip.tu-berlin.de>
CZ,AT,Power,2039,0.0,,GW,interpolated,02.08.2024,Julian Bornemann <jb@wip.tu-berlin.de>
CZ,DE,Power,2026,0.43,,GW,interpolated,02.08.2024,Julian Bornemann <jb@wip.tu-berlin.de>
CZ,DE,Power,2027,0.36,,GW,interpolated,02.08.2024,Julian Bornemann <jb@wip.tu-berlin.de>
CZ,DE,Power,2028,0.29,,GW,interpolated,02.08.2024,Julian Bornemann <jb@wip.tu-berlin.de>
CZ,DE,Power,2029,0.22,,GW,interpolated,02.08.2024,Julian Bornemann <jb@wip.tu-berlin.de>
CZ,DE,Power,2031,0.17,,GW,interpolated,02.08.2024,Julian Bornemann <jb@wip.tu-berlin.de>
CZ,DE,Power,2032,0.19,,GW,interpolated,02.08.2024,Julian Bornemann <jb@wip.tu-berlin.de>
CZ,DE,Power,2033,0.21,,GW,interpolated,02.08.2024,Julian Bornemann <jb@wip.tu-berlin.de>
CZ,DE,Power,2034,0.23,,GW,interpolated,02.08.2024,Julian Bornemann <jb@wip.tu-berlin.de>
CZ,DE,Power,2036,0.25,,GW,interpolated,02.08.2024,Julian Bornemann <jb@wip.tu-berlin.de>
CZ,DE,Power,2037,0.25,,GW,interpolated,02.08.2024,Julian Bornemann <jb@wip.tu-berlin.de>
CZ,DE,Power,2038,0.25,,GW,interpolated,02.08.2024,Julian Bornemann <jb@wip.tu-berlin.de>
CZ,DE,Power,2039,0.25,,GW,interpolated,02.08.2024,Julian Bornemann <jb@wip.tu-berlin.de>
CZ,PL,Power,2026,0.0,,GW,interpolated,02.08.2024,Julian Bornemann <jb@wip.tu-berlin.de>
CZ,PL,Power,2027,0.0,,GW,interpolated,02.08.2024,Julian Bornemann <jb@wip.tu-berlin.de>
CZ,PL,Power,2028,0.0,,GW,interpolated,02.08.2024,Julian Bornemann <jb@wip.tu-berlin.de>
CZ,PL,Power,2029,0.0,,GW,interpolated,02.08.2024,Julian Bornemann <jb@wip.tu-berlin.de>
CZ,PL,Power,2031,0.0,,GW,interpolated,02.08.2024,Julian Bornemann <jb@wip.tu-berlin.de>
CZ,PL,Power,2032,0.0,,GW,interpolated,02.08.2024,Julian Bornemann <jb@wip.tu-berlin.de>
CZ,PL,Power,2033,0.0,,GW,interpolated,02.08.2024,Julian Bornemann <jb@wip.tu-berlin.de>
CZ,PL,Power,2034,0.0,,GW,interpolated,02.08.2024,Julian Bornemann <jb@wip.tu-berlin.de>
CZ,PL,Power,2036,0.0,,GW,interpolated,02.08.2024,Julian Bornemann <jb@wip.tu-berlin.de>
CZ,PL,Power,2037,0.0,,GW,interpolated,02.08.2024,Julian Bornemann <jb@wip.tu-berlin.de>
CZ,PL,Power,2038,0.0,,GW,interpolated,02.08.2024,Julian Bornemann <jb@wip.tu-berlin.de>
CZ,PL,Power,2039,0.0,,GW,interpolated,02.08.2024,Julian Bornemann <jb@wip.tu-berlin.de>
CZ,SK,Power,2026,0.0,,GW,interpolated,02.08.2024,Julian Bornemann <jb@wip.tu-berlin.de>
CZ,SK,Power,2027,0.0,,GW,interpolated,02.08.2024,Julian Bornemann <jb@wip.tu-berlin.de>
CZ,SK,Power,2028,0.0,,GW,interpolated,02.08.2024,Julian Bornemann <jb@wip.tu-berlin.de>
CZ,SK,Power,2029,0.0,,GW,interpolated,02.08.2024,Julian Bornemann <jb@wip.tu-berlin.de>
CZ,SK,Power,2031,0.0,,GW,interpolated,02.08.2024,Julian Bornemann <jb@wip.tu-berlin.de>
CZ,SK,Power,2032,0.0,,GW,interpolated,02.08.2024,Julian Bornemann <jb@wip.tu-berlin.de>
CZ,SK,Power,2033,0.0,,GW,interpolated,02.08.2024,Julian Bornemann <jb@wip.tu-berlin.de>
CZ,SK,Power,2034,0.0,,GW,interpolated,02.08.2024,Julian Bornemann <jb@wip.tu-berlin.de>
CZ,SK,Power,2036,0.0,,GW,interpolated,02.08.2024,Julian Bornemann <jb@wip.tu-berlin.de>
CZ,SK,Power,2037,0.0,,GW,interpolated,02.08.2024,Julian Bornemann <jb@wip.tu-berlin.de>
CZ,SK,Power,2038,0.0,,GW,interpolated,02.08.2024,Julian Bornemann <jb@wip.tu-berlin.de>
CZ,SK,Power,2039,0.0,,GW,interpolated,02.08.2024,Julian Bornemann <jb@wip.tu-berlin.de>
DE,AT,H2,2036,0.0,,PJ,interpolated,02.08.2024,Julian Bornemann <jb@wip.tu-berlin.de>
DE,AT,H2,2037,0.0,,PJ,interpolated,02.08.2024,Julian Bornemann <jb@wip.tu-berlin.de>
DE,AT,H2,2038,0.0,,PJ,interpolated,02.08.2024,Julian Bornemann <jb@wip.tu-berlin.de>
DE,AT,H2,2039,0.0,,PJ,interpolated,02.08.2024,Julian Bornemann <jb@wip.tu-berlin.de>
DE,BE,H2,2036,0.0,,PJ,interpolated,02.08.2024,Julian Bornemann <jb@wip.tu-berlin.de>
DE,BE,H2,2037,0.0,,PJ,interpolated,02.08.2024,Julian Bornemann <jb@wip.tu-berlin.de>
DE,BE,H2,2038,0.0,,PJ,interpolated,02.08.2024,Julian Bornemann <jb@wip.tu-berlin.de>
DE,BE,H2,2039,0.0,,PJ,interpolated,02.08.2024,Julian Bornemann <jb@wip.tu-berlin.de>
DE,FI,H2,2036,0.0,,PJ,interpolated,02.08.2024,Julian Bornemann <jb@wip.tu-berlin.de>
DE,FI,H2,2037,0.0,,PJ,interpolated,02.08.2024,Julian Bornemann <jb@wip.tu-berlin.de>
DE,FI,H2,2038,0.0,,PJ,interpolated,02.08.2024,Julian Bornemann <jb@wip.tu-berlin.de>
DE,FI,H2,2039,0.0,,PJ,interpolated,02.08.2024,Julian Bornemann <jb@wip.tu-berlin.de>
DE,FR,H2,2036,0.0,,PJ,interpolated,02.08.2024,Julian Bornemann <jb@wip.tu-berlin.de>
DE,FR,H2,2037,0.0,,PJ,interpolated,02.08.2024,Julian Bornemann <jb@wip.tu-berlin.de>
DE,FR,H2,2038,0.0,,PJ,interpolated,02.08.2024,Julian Bornemann <jb@wip.tu-berlin.de>
DE,FR,H2,2039,0.0,,PJ,interpolated,02.08.2024,Julian Bornemann <jb@wip.tu-berlin.de>
DE,NL,H2,2036,0.0,,PJ,interpolated,02.08.2024,Julian Bornemann <jb@wip.tu-berlin.de>
DE,NL,H2,2037,0.0,,PJ,interpolated,02.08.2024,Julian Bornemann <jb@wip.tu-berlin.de>
DE,NL,H2,2038,0.0,,PJ,interpolated,02.08.2024,Julian Bornemann <jb@wip.tu-berlin.de>
DE,NL,H2,2039,0.0,,PJ,interpolated,02.08.2024,Julian Bornemann <jb@wip.tu-berlin.de>
DE,PL,H2,2036,0.0,,PJ,interpolated,02.08.2024,Julian Bornemann <jb@wip.tu-berlin.de>
DE,PL,H2,2037,0.0,,PJ,interpolated,02.08.2024,Julian Bornemann <jb@wip.tu-berlin.de>
DE,PL,H2,2038,0.0,,PJ,interpolated,02.08.2024,Julian Bornemann <jb@wip.tu-berlin.de>
DE,PL,H2,2039,0.0,,PJ,interpolated,02.08.2024,Julian Bornemann <jb@wip.tu-berlin.de>
DE,CH,H2,2031,0.0,,PJ,interpolated,02.08.2024,Julian Bornemann <jb@wip.tu-berlin.de>
DE,CH,H2,2032,0.0,,PJ,interpolated,02.08.2024,Julian Bornemann <jb@wip.tu-berlin.de>
DE,CH,H2,2033,0.0,,PJ,interpolated,02.08.2024,Julian Bornemann <jb@wip.tu-berlin.de>
DE,CH,H2,2034,0.0,,PJ,interpolated,02.08.2024,Julian Bornemann <jb@wip.tu-berlin.de>
DE,CH,H2,2036,0.0,,PJ,interpolated,02.08.2024,Julian Bornemann <jb@wip.tu-berlin.de>
DE,CH,H2,2037,0.0,,PJ,interpolated,02.08.2024,Julian Bornemann <jb@wip.tu-berlin.de>
DE,CH,H2,2038,0.0,,PJ,interpolated,02.08.2024,Julian Bornemann <jb@wip.tu-berlin.de>
DE,CH,H2,2039,0.0,,PJ,interpolated,02.08.2024,Julian Bornemann <jb@wip.tu-berlin.de>
DE,AT,Power,2026,3.22,,GW,interpolated,02.08.2024,Julian Bornemann <jb@wip.tu-berlin.de>
DE,AT,Power,2027,2.44,,GW,interpolated,02.08.2024,Julian Bornemann <jb@wip.tu-berlin.de>
DE,AT,Power,2028,1.66,,GW,interpolated,02.08.2024,Julian Bornemann <jb@wip.tu-berlin.de>
DE,AT,Power,2029,0.88,,GW,interpolated,02.08.2024,Julian Bornemann <jb@wip.tu-berlin.de>
DE,AT,Power,2031,0.35,,GW,interpolated,02.08.2024,Julian Bornemann <jb@wip.tu-berlin.de>
DE,AT,Power,2032,0.6,,GW,interpolated,02.08.2024,Julian Bornemann <jb@wip.tu-berlin.de>
DE,AT,Power,2033,0.85,,GW,interpolated,02.08.2024,Julian Bornemann <jb@wip.tu-berlin.de>
DE,AT,Power,2034,1.1,,GW,interpolated,02.08.2024,Julian Bornemann <jb@wip.tu-berlin.de>
DE,AT,Power,2036,1.35,,GW,interpolated,02.08.2024,Julian Bornemann <jb@wip.tu-berlin.de>
DE,AT,Power,2037,1.35,,GW,interpolated,02.08.2024,Julian Bornemann <jb@wip.tu-berlin.de>
DE,AT,Power,2038,1.35,,GW,interpolated,02.08.2024,Julian Bornemann <jb@wip.tu-berlin.de>
DE,AT,Power,2039,1.35,,GW,interpolated,02.08.2024,Julian Bornemann <jb@wip.tu-berlin.de>
DE,BE,Power,2026,0.0,,GW,interpolated,02.08.2024,Julian Bornemann <jb@wip.tu-berlin.de>
DE,BE,Power,2027,0.0,,GW,interpolated,02.08.2024,Julian Bornemann <jb@wip.tu-berlin.de>
DE,BE,Power,2028,0.0,,GW,interpolated,02.08.2024,Julian Bornemann <jb@wip.tu-berlin.de>
DE,BE,Power,2029,0.0,,GW,interpolated,02.08.2024,Julian Bornemann <jb@wip.tu-berlin.de>
DE,BE,Power,2031,0.0,,GW,interpolated,02.08.2024,Julian Bornemann <jb@wip.tu-berlin.de>
DE,BE,Power,2032,0.0,,GW,interpolated,02.08.2024,Julian Bornemann <jb@wip.tu-berlin.de>
DE,BE,Power,2033,0.0,,GW,interpolated,02.08.2024,Julian Bornemann <jb@wip.tu-berlin.de>
DE,BE,Power,2034,0.0,,GW,interpolated,02.08.2024,Julian Bornemann <jb@wip.tu-berlin.de>
DE,BE,Power,2036,0.0,,GW,interpolated,02.08.2024,Julian Bornemann <jb@wip.tu-berlin.de>
DE,BE,Power,2037,0.0,,GW,interpolated,02.08.2024,Julian Bornemann <jb@wip.tu-berlin.de>
DE,BE,Power,2038,0.0,,GW,interpolated,02.08.2024,Julian Bornemann <jb@wip.tu-berlin.de>
DE,BE,Power,2039,0.0,,GW,interpolated,02.08.2024,Julian Bornemann <jb@wip.tu-berlin.de>
DE,CH,Power,2026,0.0,,GW,interpolated,02.08.2024,Julian Bornemann <jb@wip.tu-berlin.de>
DE,CH,Power,2027,0.0,,GW,interpolated,02.08.2024,Julian Bornemann <jb@wip.tu-berlin.de>
DE,CH,Power,2028,0.0,,GW,interpolated,02.08.2024,Julian Bornemann <jb@wip.tu-berlin.de>
DE,CH,Power,2029,0.0,,GW,interpolated,02.08.2024,Julian Bornemann <jb@wip.tu-berlin.de>
DE,CH,Power,2031,0.12,,GW,interpolated,02.08.2024,Julian Bornemann <jb@wip.tu-berlin.de>
DE,CH,Power,2032,0.24,,GW,interpolated,02.08.2024,Julian Bornemann <jb@wip.tu-berlin.de>
DE,CH,Power,2033,0.36,,GW,interpolated,02.08.2024,Julian Bornemann <jb@wip.tu-berlin.de>
DE,CH,Power,2034,0.48,,GW,interpolated,02.08.2024,Julian Bornemann <jb@wip.tu-berlin.de>
DE,CH,Power,2036,0.6,,GW,interpolated,02.08.2024,Julian Bornemann <jb@wip.tu-berlin.de>
DE,CH,Power,2037,0.6,,GW,interpolated,02.08.2024,Julian Bornemann <jb@wip.tu-berlin.de>
DE,CH,Power,2038,0.6,,GW,interpolated,02.08.2024,Julian Bornemann <jb@wip.tu-berlin.de>
DE,CH,Power,2039,0.6,,GW,interpolated,02.08.2024,Julian Bornemann <jb@wip.tu-berlin.de>
DE,CZ,Power,2026,0.43,,GW,interpolated,02.08.2024,Julian Bornemann <jb@wip.tu-berlin.de>
DE,CZ,Power,2027,0.36,,GW,interpolated,02.08.2024,Julian Bornemann <jb@wip.tu-berlin.de>
DE,CZ,Power,2028,0.29,,GW,interpolated,02.08.2024,Julian Bornemann <jb@wip.tu-berlin.de>
DE,CZ,Power,2029,0.22,,GW,interpolated,02.08.2024,Julian Bornemann <jb@wip.tu-berlin.de>
DE,CZ,Power,2031,0.17,,GW,interpolated,02.08.2024,Julian Bornemann <jb@wip.tu-berlin.de>
DE,CZ,Power,2032,0.19,,GW,interpolated,02.08.2024,Julian Bornemann <jb@wip.tu-berlin.de>
DE,CZ,Power,2033,0.21,,GW,interpolated,02.08.2024,Julian Bornemann <jb@wip.tu-berlin.de>
DE,CZ,Power,2034,0.23,,GW,interpolated,02.08.2024,Julian Bornemann <jb@wip.tu-berlin.de>
DE,CZ,Power,2036,0.25,,GW,interpolated,02.08.2024,Julian Bornemann <jb@wip.tu-berlin.de>
DE,CZ,Power,2037,0.25,,GW,interpolated,02.08.2024,Julian Bornemann <jb@wip.tu-berlin.de>
DE,CZ,Power,2038,0.25,,GW,interpolated,02.08.2024,Julian Bornemann <jb@wip.tu-berlin.de>
DE,CZ,Power,2039,0.25,,GW,interpolated,02.08.2024,Julian Bornemann <jb@wip.tu-berlin.de>
DE,DK,Power,2026,0.8,,GW,interpolated,02.08.2024,Julian Bornemann <jb@wip.tu-berlin.de>
DE,DK,Power,2027,0.6,,GW,interpolated,02.08.2024,Julian Bornemann <jb@wip.tu-berlin.de>
DE,DK,Power,2028,0.4,,GW,interpolated,02.08.2024,Julian Bornemann <jb@wip.tu-berlin.de>
DE,DK,Power,2029,0.2,,GW,interpolated,02.08.2024,Julian Bornemann <jb@wip.tu-berlin.de>
DE,DK,Power,2031,0.0,,GW,interpolated,02.08.2024,Julian Bornemann <jb@wip.tu-berlin.de>
DE,DK,Power,2032,0.0,,GW,interpolated,02.08.2024,Julian Bornemann <jb@wip.tu-berlin.de>
DE,DK,Power,2033,0.0,,GW,interpolated,02.08.2024,Julian Bornemann <jb@wip.tu-berlin.de>
DE,DK,Power,2034,0.0,,GW,interpolated,02.08.2024,Julian Bornemann <jb@wip.tu-berlin.de>
DE,DK,Power,2036,0.0,,GW,interpolated,02.08.2024,Julian Bornemann <jb@wip.tu-berlin.de>
DE,DK,Power,2037,0.0,,GW,interpolated,02.08.2024,Julian Bornemann <jb@wip.tu-berlin.de>
DE,DK,Power,2038,0.0,,GW,interpolated,02.08.2024,Julian Bornemann <jb@wip.tu-berlin.de>
DE,DK,Power,2039,0.0,,GW,interpolated,02.08.2024,Julian Bornemann <jb@wip.tu-berlin.de>
DE,FR,Power,2026,0.54,,GW,interpolated,02.08.2024,Julian Bornemann <jb@wip.tu-berlin.de>
DE,FR,Power,2027,0.78,,GW,interpolated,02.08.2024,Julian Bornemann <jb@wip.tu-berlin.de>
DE,FR,Power,2028,1.02,,GW,interpolated,02.08.2024,Julian Bornemann <jb@wip.tu-berlin.de>
DE,FR,Power,2029,1.26,,GW,interpolated,02.08.2024,Julian Bornemann <jb@wip.tu-berlin.de>
DE,FR,Power,2031,1.35,,GW,interpolated,02.08.2024,Julian Bornemann <jb@wip.tu-berlin.de>
DE,FR,Power,2032,1.2,,GW,interpolated,02.08.2024,Julian Bornemann <jb@wip.tu-berlin.de>
DE,FR,Power,2033,1.05,,GW,interpolated,02.08.2024,Julian Bornemann <jb@wip.tu-berlin.de>
DE,FR,Power,2034,0.9,,GW,interpolated,02.08.2024,Julian Bornemann <jb@wip.tu-berlin.de>
DE,FR,Power,2036,0.75,,GW,interpolated,02.08.2024,Julian Bornemann <jb@wip.tu-berlin.de>
DE,FR,Power,2037,0.75,,GW,interpolated,02.08.2024,Julian Bornemann <jb@wip.tu-berlin.de>
DE,FR,Power,2038,0.75,,GW,interpolated,02.08.2024,Julian Bornemann <jb@wip.tu-berlin.de>
DE,FR,Power,2039,0.75,,GW,interpolated,02.08.2024,Julian Bornemann <jb@wip.tu-berlin.de>
DE,LU,Power,2026,0.2,,GW,interpolated,02.08.2024,Julian Bornemann <jb@wip.tu-berlin.de>
DE,LU,Power,2027,0.4,,GW,interpolated,02.08.2024,Julian Bornemann <jb@wip.tu-berlin.de>
DE,LU,Power,2028,0.6,,GW,interpolated,02.08.2024,Julian Bornemann <jb@wip.tu-berlin.de>
DE,LU,Power,2029,0.8,,GW,interpolated,02.08.2024,Julian Bornemann <jb@wip.tu-berlin.de>
DE,LU,Power,2031,0.84,,GW,interpolated,02.08.2024,Julian Bornemann <jb@wip.tu-berlin.de>
DE,LU,Power,2032,0.68,,GW,interpolated,02.08.2024,Julian Bornemann <jb@wip.tu-berlin.de>
DE,LU,Power,2033,0.52,,GW,interpolated,02.08.2024,Julian Bornemann <jb@wip.tu-berlin.de>
DE,LU,Power,2034,0.36,,GW,interpolated,02.08.2024,Julian Bornemann <jb@wip.tu-berlin.de>
DE,LU,Power,2036,0.2,,GW,interpolated,02.08.2024,Julian Bornemann <jb@wip.tu-berlin.de>
DE,LU,Power,2037,0.2,,GW,interpolated,02.08.2024,Julian Bornemann <jb@wip.tu-berlin.de>
DE,LU,Power,2038,0.2,,GW,interpolated,02.08.2024,Julian Bornemann <jb@wip.tu-berlin.de>
DE,LU,Power,2039,0.2,,GW,interpolated,02.08.2024,Julian Bornemann <jb@wip.tu-berlin.de>
DE,NL,Power,2026,0.84,,GW,interpolated,02.08.2024,Julian Bornemann <jb@wip.tu-berlin.de>
DE,NL,Power,2027,0.63,,GW,interpolated,02.08.2024,Julian Bornemann <jb@wip.tu-berlin.de>
DE,NL,Power,2028,0.42,,GW,interpolated,02.08.2024,Julian Bornemann <jb@wip.tu-berlin.de>
DE,NL,Power,2029,0.21,,GW,interpolated,02.08.2024,Julian Bornemann <jb@wip.tu-berlin.de>
DE,NL,Power,2031,0.0,,GW,interpolated,02.08.2024,Julian Bornemann <jb@wip.tu-berlin.de>
DE,NL,Power,2032,0.0,,GW,interpolated,02.08.2024,Julian Bornemann <jb@wip.tu-berlin.de>
DE,NL,Power,2033,0.0,,GW,interpolated,02.08.2024,Julian Bornemann <jb@wip.tu-berlin.de>
DE,NL,Power,2034,0.0,,GW,interpolated,02.08.2024,Julian Bornemann <jb@wip.tu-berlin.de>
DE,NL,Power,2036,0.0,,GW,interpolated,02.08.2024,Julian Bornemann <jb@wip.tu-berlin.de>
DE,NL,Power,2037,0.0,,GW,interpolated,02.08.2024,Julian Bornemann <jb@wip.tu-berlin.de>
DE,NL,Power,2038,0.0,,GW,interpolated,02.08.2024,Julian Bornemann <jb@wip.tu-berlin.de>
DE,NL,Power,2039,0.0,,GW,interpolated,02.08.2024,Julian Bornemann <jb@wip.tu-berlin.de>
DE,NO,Power,2026,0.0,,GW,interpolated,02.08.2024,Julian Bornemann <jb@wip.tu-berlin.de>
DE,NO,Power,2027,0.0,,GW,interpolated,02.08.2024,Julian Bornemann <jb@wip.tu-berlin.de>
DE,NO,Power,2028,0.0,,GW,interpolated,02.08.2024,Julian Bornemann <jb@wip.tu-berlin.de>
DE,NO,Power,2029,0.0,,GW,interpolated,02.08.2024,Julian Bornemann <jb@wip.tu-berlin.de>
DE,NO,Power,2031,0.0,,GW,interpolated,02.08.2024,Julian Bornemann <jb@wip.tu-berlin.de>
DE,NO,Power,2032,0.0,,GW,interpolated,02.08.2024,Julian Bornemann <jb@wip.tu-berlin.de>
DE,NO,Power,2033,0.0,,GW,interpolated,02.08.2024,Julian Bornemann <jb@wip.tu-berlin.de>
DE,NO,Power,2034,0.0,,GW,interpolated,02.08.2024,Julian Bornemann <jb@wip.tu-berlin.de>
DE,NO,Power,2036,0.0,,GW,interpolated,02.08.2024,Julian Bornemann <jb@wip.tu-berlin.de>
DE,NO,Power,2037,0.0,,GW,interpolated,02.08.2024,Julian Bornemann <jb@wip.tu-berlin.de>
DE,NO,Power,2038,0.0,,GW,interpolated,02.08.2024,Julian Bornemann <jb@wip.tu-berlin.de>
DE,NO,Power,2039,0.0,,GW,interpolated,02.08.2024,Julian Bornemann <jb@wip.tu-berlin.de>
DE,PL,Power,2026,1.68,,GW,interpolated,02.08.2024,Julian Bornemann <jb@wip.tu-berlin.de>
DE,PL,Power,2027,1.36,,GW,interpolated,02.08.2024,Julian Bornemann <jb@wip.tu-berlin.de>
DE,PL,Power,2028,1.04,,GW,interpolated,02.08.2024,Julian Bornemann <jb@wip.tu-berlin.de>
DE,PL,Power,2029,0.72,,GW,interpolated,02.08.2024,Julian Bornemann <jb@wip.tu-berlin.de>
DE,PL,Power,2031,0.32,,GW,interpolated,02.08.2024,Julian Bornemann <jb@wip.tu-berlin.de>
DE,PL,Power,2032,0.24,,GW,interpolated,02.08.2024,Julian Bornemann <jb@wip.tu-berlin.de>
DE,PL,Power,2033,0.16,,GW,interpolated,02.08.2024,Julian Bornemann <jb@wip.tu-berlin.de>
DE,PL,Power,2034,0.08,,GW,interpolated,02.08.2024,Julian Bornemann <jb@wip.tu-berlin.de>
DE,PL,Power,2036,0.0,,GW,interpolated,02.08.2024,Julian Bornemann <jb@wip.tu-berlin.de>
DE,PL,Power,2037,0.0,,GW,interpolated,02.08.2024,Julian Bornemann <jb@wip.tu-berlin.de>
DE,PL,Power,2038,0.0,,GW,interpolated,02.08.2024,Julian Bornemann <jb@wip.tu-berlin.de>
DE,PL,Power,2039,0.0,,GW,interpolated,02.08.2024,Julian Bornemann <jb@wip.tu-berlin.de>
DE,SE,Power,2026,0.14,,GW,interpolated,02.08.2024,Julian Bornemann <jb@wip.tu-berlin.de>
DE,SE,Power,2027,0.28,,GW,interpolated,02.08.2024,Julian Bornemann <jb@wip.tu-berlin.de>
DE,SE,Power,2028,0.42,,GW,interpolated,02.08.2024,Julian Bornemann <jb@wip.tu-berlin.de>
DE,SE,Power,2029,0.56,,GW,interpolated,02.08.2024,Julian Bornemann <jb@wip.tu-berlin.de>
DE,SE,Power,2031,0.56,,GW,interpolated,02.08.2024,Julian Bornemann <jb@wip.tu-berlin.de>
DE,SE,Power,2032,0.42,,GW,interpolated,02.08.2024,Julian Bornemann <jb@wip.tu-berlin.de>
DE,SE,Power,2033,0.28,,GW,interpolated,02.08.2024,Julian Bornemann <jb@wip.tu-berlin.de>
DE,SE,Power,2034,0.14,,GW,interpolated,02.08.2024,Julian Bornemann <jb@wip.tu-berlin.de>
DE,SE,Power,2036,0.0,,GW,interpolated,02.08.2024,Julian Bornemann <jb@wip.tu-berlin.de>
DE,SE,Power,2037,0.0,,GW,interpolated,02.08.2024,Julian Bornemann <jb@wip.tu-berlin.de>
DE,SE,Power,2038,0.0,,GW,interpolated,02.08.2024,Julian Bornemann <jb@wip.tu-berlin.de>
DE,SE,Power,2039,0.0,,GW,interpolated,02.08.2024,Julian Bornemann <jb@wip.tu-berlin.de>
DE,UK,Power,2026,0.28,,GW,interpolated,02.08.2024,Julian Bornemann <jb@wip.tu-berlin.de>
DE,UK,Power,2027,0.56,,GW,interpolated,02.08.2024,Julian Bornemann <jb@wip.tu-berlin.de>
DE,UK,Power,2028,0.84,,GW,interpolated,02.08.2024,Julian Bornemann <jb@wip.tu-berlin.de>
DE,UK,Power,2029,1.12,,GW,interpolated,02.08.2024,Julian Bornemann <jb@wip.tu-berlin.de>
DE,UK,Power,2031,1.12,,GW,interpolated,02.08.2024,Julian Bornemann <jb@wip.tu-berlin.de>
DE,UK,Power,2032,0.84,,GW,interpolated,02.08.2024,Julian Bornemann <jb@wip.tu-berlin.de>
DE,UK,Power,2033,0.56,,GW,interpolated,02.08.2024,Julian Bornemann <jb@wip.tu-berlin.de>
DE,UK,Power,2034,0.28,,GW,interpolated,02.08.2024,Julian Bornemann <jb@wip.tu-berlin.de>
DE,UK,Power,2036,0.0,,GW,interpolated,02.08.2024,Julian Bornemann <jb@wip.tu-berlin.de>
DE,UK,Power,2037,0.0,,GW,interpolated,02.08.2024,Julian Bornemann <jb@wip.tu-berlin.de>
DE,UK,Power,2038,0.0,,GW,interpolated,02.08.2024,Julian Bornemann <jb@wip.tu-berlin.de>
DE,UK,Power,2039,0.0,,GW,interpolated,02.08.2024,Julian Bornemann <jb@wip.tu-berlin.de>
DK,BE,Power,2026,0.0,,GW,interpolated,02.08.2024,Julian Bornemann <jb@wip.tu-berlin.de>
DK,BE,Power,2027,0.0,,GW,interpolated,02.08.2024,Julian Bornemann <jb@wip.tu-berlin.de>
DK,BE,Power,2028,0.0,,GW,interpolated,02.08.2024,Julian Bornemann <jb@wip.tu-berlin.de>
DK,BE,Power,2029,0.0,,GW,interpolated,02.08.2024,Julian Bornemann <jb@wip.tu-berlin.de>
DK,BE,Power,2031,0.0,,GW,interpolated,02.08.2024,Julian Bornemann <jb@wip.tu-berlin.de>
DK,BE,Power,2032,0.0,,GW,interpolated,02.08.2024,Julian Bornemann <jb@wip.tu-berlin.de>
DK,BE,Power,2033,0.0,,GW,interpolated,02.08.2024,Julian Bornemann <jb@wip.tu-berlin.de>
DK,BE,Power,2034,0.0,,GW,interpolated,02.08.2024,Julian Bornemann <jb@wip.tu-berlin.de>
DK,BE,Power,2036,0.0,,GW,interpolated,02.08.2024,Julian Bornemann <jb@wip.tu-berlin.de>
DK,BE,Power,2037,0.0,,GW,interpolated,02.08.2024,Julian Bornemann <jb@wip.tu-berlin.de>
DK,BE,Power,2038,0.0,,GW,interpolated,02.08.2024,Julian Bornemann <jb@wip.tu-berlin.de>
DK,BE,Power,2039,0.0,,GW,interpolated,02.08.2024,Julian Bornemann <jb@wip.tu-berlin.de>
DK,DE,Power,2026,0.8,,GW,interpolated,02.08.2024,Julian Bornemann <jb@wip.tu-berlin.de>
DK,DE,Power,2027,0.6,,GW,interpolated,02.08.2024,Julian Bornemann <jb@wip.tu-berlin.de>
DK,DE,Power,2028,0.4,,GW,interpolated,02.08.2024,Julian Bornemann <jb@wip.tu-berlin.de>
DK,DE,Power,2029,0.2,,GW,interpolated,02.08.2024,Julian Bornemann <jb@wip.tu-berlin.de>
DK,DE,Power,2031,0.0,,GW,interpolated,02.08.2024,Julian Bornemann <jb@wip.tu-berlin.de>
DK,DE,Power,2032,0.0,,GW,interpolated,02.08.2024,Julian Bornemann <jb@wip.tu-berlin.de>
DK,DE,Power,2033,0.0,,GW,interpolated,02.08.2024,Julian Bornemann <jb@wip.tu-berlin.de>
DK,DE,Power,2034,0.0,,GW,interpolated,02.08.2024,Julian Bornemann <jb@wip.tu-berlin.de>
DK,DE,Power,2036,0.0,,GW,interpolated,02.08.2024,Julian Bornemann <jb@wip.tu-berlin.de>
DK,DE,Power,2037,0.0,,GW,interpolated,02.08.2024,Julian Bornemann <jb@wip.tu-berlin.de>
DK,DE,Power,2038,0.0,,GW,interpolated,02.08.2024,Julian Bornemann <jb@wip.tu-berlin.de>
DK,DE,Power,2039,0.0,,GW,interpolated,02.08.2024,Julian Bornemann <jb@wip.tu-berlin.de>
DK,NL,Power,2026,0.0,,GW,interpolated,02.08.2024,Julian Bornemann <jb@wip.tu-berlin.de>
DK,NL,Power,2027,0.0,,GW,interpolated,02.08.2024,Julian Bornemann <jb@wip.tu-berlin.de>
DK,NL,Power,2028,0.0,,GW,interpolated,02.08.2024,Julian Bornemann <jb@wip.tu-berlin.de>
DK,NL,Power,2029,0.0,,GW,interpolated,02.08.2024,Julian Bornemann <jb@wip.tu-berlin.de>
DK,NL,Power,2031,0.0,,GW,interpolated,02.08.2024,Julian Bornemann <jb@wip.tu-berlin.de>
DK,NL,Power,2032,0.0,,GW,interpolated,02.08.2024,Julian Bornemann <jb@wip.tu-berlin.de>
DK,NL,Power,2033,0.0,,GW,interpolated,02.08.2024,Julian Bornemann <jb@wip.tu-berlin.de>
DK,NL,Power,2034,0.0,,GW,interpolated,02.08.2024,Julian Bornemann <jb@wip.tu-berlin.de>
DK,NL,Power,2036,0.0,,GW,interpolated,02.08.2024,Julian Bornemann <jb@wip.tu-berlin.de>
DK,NL,Power,2037,0.0,,GW,interpolated,02.08.2024,Julian Bornemann <jb@wip.tu-berlin.de>
DK,NL,Power,2038,0.0,,GW,interpolated,02.08.2024,Julian Bornemann <jb@wip.tu-berlin.de>
DK,NL,Power,2039,0.0,,GW,interpolated,02.08.2024,Julian Bornemann <jb@wip.tu-berlin.de>
DK,NO,Power,2026,0.0,,GW,interpolated,02.08.2024,Julian Bornemann <jb@wip.tu-berlin.de>
DK,NO,Power,2027,0.0,,GW,interpolated,02.08.2024,Julian Bornemann <jb@wip.tu-berlin.de>
DK,NO,Power,2028,0.0,,GW,interpolated,02.08.2024,Julian Bornemann <jb@wip.tu-berlin.de>
DK,NO,Power,2029,0.0,,GW,interpolated,02.08.2024,Julian Bornemann <jb@wip.tu-berlin.de>
DK,NO,Power,2031,0.0,,GW,interpolated,02.08.2024,Julian Bornemann <jb@wip.tu-berlin.de>
DK,NO,Power,2032,0.0,,GW,interpolated,02.08.2024,Julian Bornemann <jb@wip.tu-berlin.de>
DK,NO,Power,2033,0.0,,GW,interpolated,02.08.2024,Julian Bornemann <jb@wip.tu-berlin.de>
DK,NO,Power,2034,0.0,,GW,interpolated,02.08.2024,Julian Bornemann <jb@wip.tu-berlin.de>
DK,NO,Power,2036,0.0,,GW,interpolated,02.08.2024,Julian Bornemann <jb@wip.tu-berlin.de>
DK,NO,Power,2037,0.0,,GW,interpolated,02.08.2024,Julian Bornemann <jb@wip.tu-berlin.de>
DK,NO,Power,2038,0.0,,GW,interpolated,02.08.2024,Julian Bornemann <jb@wip.tu-berlin.de>
DK,NO,Power,2039,0.0,,GW,interpolated,02.08.2024,Julian Bornemann <jb@wip.tu-berlin.de>
DK,PL,Power,2026,0.0,,GW,interpolated,02.08.2024,Julian Bornemann <jb@wip.tu-berlin.de>
DK,PL,Power,2027,0.0,,GW,interpolated,02.08.2024,Julian Bornemann <jb@wip.tu-berlin.de>
DK,PL,Power,2028,0.0,,GW,interpolated,02.08.2024,Julian Bornemann <jb@wip.tu-berlin.de>
DK,PL,Power,2029,0.0,,GW,interpolated,02.08.2024,Julian Bornemann <jb@wip.tu-berlin.de>
DK,PL,Power,2031,0.0,,GW,interpolated,02.08.2024,Julian Bornemann <jb@wip.tu-berlin.de>
DK,PL,Power,2032,0.0,,GW,interpolated,02.08.2024,Julian Bornemann <jb@wip.tu-berlin.de>
DK,PL,Power,2033,0.0,,GW,interpolated,02.08.2024,Julian Bornemann <jb@wip.tu-berlin.de>
DK,PL,Power,2034,0.0,,GW,interpolated,02.08.2024,Julian Bornemann <jb@wip.tu-berlin.de>
DK,PL,Power,2036,0.0,,GW,interpolated,02.08.2024,Julian Bornemann <jb@wip.tu-berlin.de>
DK,PL,Power,2037,0.0,,GW,interpolated,02.08.2024,Julian Bornemann <jb@wip.tu-berlin.de>
DK,PL,Power,2038,0.0,,GW,interpolated,02.08.2024,Julian Bornemann <jb@wip.tu-berlin.de>
DK,PL,Power,2039,0.0,,GW,interpolated,02.08.2024,Julian Bornemann <jb@wip.tu-berlin.de>
DK,SE,Power,2026,0.0,,GW,interpolated,02.08.2024,Julian Bornemann <jb@wip.tu-berlin.de>
DK,SE,Power,2027,0.0,,GW,interpolated,02.08.2024,Julian Bornemann <jb@wip.tu-berlin.de>
DK,SE,Power,2028,0.0,,GW,interpolated,02.08.2024,Julian Bornemann <jb@wip.tu-berlin.de>
DK,SE,Power,2029,0.0,,GW,interpolated,02.08.2024,Julian Bornemann <jb@wip.tu-berlin.de>
DK,SE,Power,2031,0.0,,GW,interpolated,02.08.2024,Julian Bornemann <jb@wip.tu-berlin.de>
DK,SE,Power,2032,0.0,,GW,interpolated,02.08.2024,Julian Bornemann <jb@wip.tu-berlin.de>
DK,SE,Power,2033,0.0,,GW,interpolated,02.08.2024,Julian Bornemann <jb@wip.tu-berlin.de>
DK,SE,Power,2034,0.0,,GW,interpolated,02.08.2024,Julian Bornemann <jb@wip.tu-berlin.de>
DK,SE,Power,2036,0.0,,GW,interpolated,02.08.2024,Julian Bornemann <jb@wip.tu-berlin.de>
DK,SE,Power,2037,0.0,,GW,interpolated,02.08.2024,Julian Bornemann <jb@wip.tu-berlin.de>
DK,SE,Power,2038,0.0,,GW,interpolated,02.08.2024,Julian Bornemann <jb@wip.tu-berlin.de>
DK,SE,Power,2039,0.0,,GW,interpolated,02.08.2024,Julian Bornemann <jb@wip.tu-berlin.de>
DK,UK,Power,2026,1.12,,GW,interpolated,02.08.2024,Julian Bornemann <jb@wip.tu-berlin.de>
DK,UK,Power,2027,0.84,,GW,interpolated,02.08.2024,Julian Bornemann <jb@wip.tu-berlin.de>
DK,UK,Power,2028,0.56,,GW,interpolated,02.08.2024,Julian Bornemann <jb@wip.tu-berlin.de>
DK,UK,Power,2029,0.28,,GW,interpolated,02.08.2024,Julian Bornemann <jb@wip.tu-berlin.de>
DK,UK,Power,2031,0.0,,GW,interpolated,02.08.2024,Julian Bornemann <jb@wip.tu-berlin.de>
DK,UK,Power,2032,0.0,,GW,interpolated,02.08.2024,Julian Bornemann <jb@wip.tu-berlin.de>
DK,UK,Power,2033,0.0,,GW,interpolated,02.08.2024,Julian Bornemann <jb@wip.tu-berlin.de>
DK,UK,Power,2034,0.0,,GW,interpolated,02.08.2024,Julian Bornemann <jb@wip.tu-berlin.de>
DK,UK,Power,2036,0.0,,GW,interpolated,02.08.2024,Julian Bornemann <jb@wip.tu-berlin.de>
DK,UK,Power,2037,0.0,,GW,interpolated,02.08.2024,Julian Bornemann <jb@wip.tu-berlin.de>
DK,UK,Power,2038,0.0,,GW,interpolated,02.08.2024,Julian Bornemann <jb@wip.tu-berlin.de>
DK,UK,Power,2039,0.0,,GW,interpolated,02.08.2024,Julian Bornemann <jb@wip.tu-berlin.de>
EE,FI,H2,2036,0.0,,PJ,interpolated,02.08.2024,Julian Bornemann <jb@wip.tu-berlin.de>
EE,FI,H2,2037,0.0,,PJ,interpolated,02.08.2024,Julian Bornemann <jb@wip.tu-berlin.de>
EE,FI,H2,2038,0.0,,PJ,interpolated,02.08.2024,Julian Bornemann <jb@wip.tu-berlin.de>
EE,FI,H2,2039,0.0,,PJ,interpolated,02.08.2024,Julian Bornemann <jb@wip.tu-berlin.de>
EE,LV,H2,2036,0.0,,PJ,interpolated,02.08.2024,Julian Bornemann <jb@wip.tu-berlin.de>
EE,LV,H2,2037,0.0,,PJ,interpolated,02.08.2024,Julian Bornemann <jb@wip.tu-berlin.de>
EE,LV,H2,2038,0.0,,PJ,interpolated,02.08.2024,Julian Bornemann <jb@wip.tu-berlin.de>
EE,LV,H2,2039,0.0,,PJ,interpolated,02.08.2024,Julian Bornemann <jb@wip.tu-berlin.de>
EE,FI,Power,2026,0.0,,GW,interpolated,02.08.2024,Julian Bornemann <jb@wip.tu-berlin.de>
EE,FI,Power,2027,0.0,,GW,interpolated,02.08.2024,Julian Bornemann <jb@wip.tu-berlin.de>
EE,FI,Power,2028,0.0,,GW,interpolated,02.08.2024,Julian Bornemann <jb@wip.tu-berlin.de>
EE,FI,Power,2029,0.0,,GW,interpolated,02.08.2024,Julian Bornemann <jb@wip.tu-berlin.de>
EE,FI,Power,2031,0.0,,GW,interpolated,02.08.2024,Julian Bornemann <jb@wip.tu-berlin.de>
EE,FI,Power,2032,0.0,,GW,interpolated,02.08.2024,Julian Bornemann <jb@wip.tu-berlin.de>
EE,FI,Power,2033,0.0,,GW,interpolated,02.08.2024,Julian Bornemann <jb@wip.tu-berlin.de>
EE,FI,Power,2034,0.0,,GW,interpolated,02.08.2024,Julian Bornemann <jb@wip.tu-berlin.de>
EE,FI,Power,2036,0.0,,GW,interpolated,02.08.2024,Julian Bornemann <jb@wip.tu-berlin.de>
EE,FI,Power,2037,0.0,,GW,interpolated,02.08.2024,Julian Bornemann <jb@wip.tu-berlin.de>
EE,FI,Power,2038,0.0,,GW,interpolated,02.08.2024,Julian Bornemann <jb@wip.tu-berlin.de>
EE,FI,Power,2039,0.0,,GW,interpolated,02.08.2024,Julian Bornemann <jb@wip.tu-berlin.de>
EE,LV,Power,2026,0.88,,GW,interpolated,02.08.2024,Julian Bornemann <jb@wip.tu-berlin.de>
EE,LV,Power,2027,0.66,,GW,interpolated,02.08.2024,Julian Bornemann <jb@wip.tu-berlin.de>
EE,LV,Power,2028,0.44,,GW,interpolated,02.08.2024,Julian Bornemann <jb@wip.tu-berlin.de>
EE,LV,Power,2029,0.22,,GW,interpolated,02.08.2024,Julian Bornemann <jb@wip.tu-berlin.de>
EE,LV,Power,2031,0.0,,GW,interpolated,02.08.2024,Julian Bornemann <jb@wip.tu-berlin.de>
EE,LV,Power,2032,0.0,,GW,interpolated,02.08.2024,Julian Bornemann <jb@wip.tu-berlin.de>
EE,LV,Power,2033,0.0,,GW,interpolated,02.08.2024,Julian Bornemann <jb@wip.tu-berlin.de>
EE,LV,Power,2034,0.0,,GW,interpolated,02.08.2024,Julian Bornemann <jb@wip.tu-berlin.de>
EE,LV,Power,2036,0.0,,GW,interpolated,02.08.2024,Julian Bornemann <jb@wip.tu-berlin.de>
EE,LV,Power,2037,0.0,,GW,interpolated,02.08.2024,Julian Bornemann <jb@wip.tu-berlin.de>
EE,LV,Power,2038,0.0,,GW,interpolated,02.08.2024,Julian Bornemann <jb@wip.tu-berlin.de>
EE,LV,Power,2039,0.0,,GW,interpolated,02.08.2024,Julian Bornemann <jb@wip.tu-berlin.de>
ES,FR,H2,2036,0.0,,PJ,interpolated,02.08.2024,Julian Bornemann <jb@wip.tu-berlin.de>
ES,FR,H2,2037,0.0,,PJ,interpolated,02.08.2024,Julian Bornemann <jb@wip.tu-berlin.de>
ES,FR,H2,2038,0.0,,PJ,interpolated,02.08.2024,Julian Bornemann <jb@wip.tu-berlin.de>
ES,FR,H2,2039,0.0,,PJ,interpolated,02.08.2024,Julian Bornemann <jb@wip.tu-berlin.de>
ES,PT,H2,2036,0.0,,PJ,interpolated,02.08.2024,Julian Bornemann <jb@wip.tu-berlin.de>
ES,PT,H2,2037,0.0,,PJ,interpolated,02.08.2024,Julian Bornemann <jb@wip.tu-berlin.de>
ES,PT,H2,2038,0.0,,PJ,interpolated,02.08.2024,Julian Bornemann <jb@wip.tu-berlin.de>
ES,PT,H2,2039,0.0,,PJ,interpolated,02.08.2024,Julian Bornemann <jb@wip.tu-berlin.de>
ES,FR,Power,2026,1.76,,GW,interpolated,02.08.2024,Julian Bornemann <jb@wip.tu-berlin.de>
ES,FR,Power,2027,1.32,,GW,interpolated,02.08.2024,Julian Bornemann <jb@wip.tu-berlin.de>
ES,FR,Power,2028,0.88,,GW,interpolated,02.08.2024,Julian Bornemann <jb@wip.tu-berlin.de>
ES,FR,Power,2029,0.44,,GW,interpolated,02.08.2024,Julian Bornemann <jb@wip.tu-berlin.de>
ES,FR,Power,2031,0.15,,GW,interpolated,02.08.2024,Julian Bornemann <jb@wip.tu-berlin.de>
ES,FR,Power,2032,0.3,,GW,interpolated,02.08.2024,Julian Bornemann <jb@wip.tu-berlin.de>
ES,FR,Power,2033,0.45,,GW,interpolated,02.08.2024,Julian Bornemann <jb@wip.tu-berlin.de>
ES,FR,Power,2034,0.6,,GW,interpolated,02.08.2024,Julian Bornemann <jb@wip.tu-berlin.de>
ES,FR,Power,2036,0.75,,GW,interpolated,02.08.2024,Julian Bornemann <jb@wip.tu-berlin.de>
ES,FR,Power,2037,0.75,,GW,interpolated,02.08.2024,Julian Bornemann <jb@wip.tu-berlin.de>
ES,FR,Power,2038,0.75,,GW,interpolated,02.08.2024,Julian Bornemann <jb@wip.tu-berlin.de>
ES,FR,Power,2039,0.75,,GW,interpolated,02.08.2024,Julian Bornemann <jb@wip.tu-berlin.de>
ES,PT,Power,2026,1.52,,GW,interpolated,02.08.2024,Julian Bornemann <jb@wip.tu-berlin.de>
ES,PT,Power,2027,1.14,,GW,interpolated,02.08.2024,Julian Bornemann <jb@wip.tu-berlin.de>
ES,PT,Power,2028,0.76,,GW,interpolated,02.08.2024,Julian Bornemann <jb@wip.tu-berlin.de>
ES,PT,Power,2029,0.38,,GW,interpolated,02.08.2024,Julian Bornemann <jb@wip.tu-berlin.de>
ES,PT,Power,2031,0.0,,GW,interpolated,02.08.2024,Julian Bornemann <jb@wip.tu-berlin.de>
ES,PT,Power,2032,0.0,,GW,interpolated,02.08.2024,Julian Bornemann <jb@wip.tu-berlin.de>
ES,PT,Power,2033,0.0,,GW,interpolated,02.08.2024,Julian Bornemann <jb@wip.tu-berlin.de>
ES,PT,Power,2034,0.0,,GW,interpolated,02.08.2024,Julian Bornemann <jb@wip.tu-berlin.de>
ES,PT,Power,2036,0.1,,GW,interpolated,02.08.2024,Julian Bornemann <jb@wip.tu-berlin.de>
ES,PT,Power,2037,0.2,,GW,interpolated,02.08.2024,Julian Bornemann <jb@wip.tu-berlin.de>
ES,PT,Power,2038,0.3,,GW,interpolated,02.08.2024,Julian Bornemann <jb@wip.tu-berlin.de>
ES,PT,Power,2039,0.4,,GW,interpolated,02.08.2024,Julian Bornemann <jb@wip.tu-berlin.de>
FI,EE,H2,2036,0.0,,PJ,interpolated,02.08.2024,Julian Bornemann <jb@wip.tu-berlin.de>
FI,EE,H2,2037,0.0,,PJ,interpolated,02.08.2024,Julian Bornemann <jb@wip.tu-berlin.de>
FI,EE,H2,2038,0.0,,PJ,interpolated,02.08.2024,Julian Bornemann <jb@wip.tu-berlin.de>
FI,EE,H2,2039,0.0,,PJ,interpolated,02.08.2024,Julian Bornemann <jb@wip.tu-berlin.de>
FI,DE,H2,2036,0.0,,PJ,interpolated,02.08.2024,Julian Bornemann <jb@wip.tu-berlin.de>
FI,DE,H2,2037,0.0,,PJ,interpolated,02.08.2024,Julian Bornemann <jb@wip.tu-berlin.de>
FI,DE,H2,2038,0.0,,PJ,interpolated,02.08.2024,Julian Bornemann <jb@wip.tu-berlin.de>
FI,DE,H2,2039,0.0,,PJ,interpolated,02.08.2024,Julian Bornemann <jb@wip.tu-berlin.de>
FI,SE,H2,2036,0.0,,PJ,interpolated,02.08.2024,Julian Bornemann <jb@wip.tu-berlin.de>
FI,SE,H2,2037,0.0,,PJ,interpolated,02.08.2024,Julian Bornemann <jb@wip.tu-berlin.de>
FI,SE,H2,2038,0.0,,PJ,interpolated,02.08.2024,Julian Bornemann <jb@wip.tu-berlin.de>
FI,SE,H2,2039,0.0,,PJ,interpolated,02.08.2024,Julian Bornemann <jb@wip.tu-berlin.de>
FI,EE,Power,2026,0.0,,GW,interpolated,02.08.2024,Julian Bornemann <jb@wip.tu-berlin.de>
FI,EE,Power,2027,0.0,,GW,interpolated,02.08.2024,Julian Bornemann <jb@wip.tu-berlin.de>
FI,EE,Power,2028,0.0,,GW,interpolated,02.08.2024,Julian Bornemann <jb@wip.tu-berlin.de>
FI,EE,Power,2029,0.0,,GW,interpolated,02.08.2024,Julian Bornemann <jb@wip.tu-berlin.de>
FI,EE,Power,2031,0.0,,GW,interpolated,02.08.2024,Julian Bornemann <jb@wip.tu-berlin.de>
FI,EE,Power,2032,0.0,,GW,interpolated,02.08.2024,Julian Bornemann <jb@wip.tu-berlin.de>
FI,EE,Power,2033,0.0,,GW,interpolated,02.08.2024,Julian Bornemann <jb@wip.tu-berlin.de>
FI,EE,Power,2034,0.0,,GW,interpolated,02.08.2024,Julian Bornemann <jb@wip.tu-berlin.de>
FI,EE,Power,2036,0.0,,GW,interpolated,02.08.2024,Julian Bornemann <jb@wip.tu-berlin.de>
FI,EE,Power,2037,0.0,,GW,interpolated,02.08.2024,Julian Bornemann <jb@wip.tu-berlin.de>
FI,EE,Power,2038,0.0,,GW,interpolated,02.08.2024,Julian Bornemann <jb@wip.tu-berlin.de>
FI,EE,Power,2039,0.0,,GW,interpolated,02.08.2024,Julian Bornemann <jb@wip.tu-berlin.de>
FI,NO,Power,2026,0.0,,GW,interpolated,02.08.2024,Julian Bornemann <jb@wip.tu-berlin.de>
FI,NO,Power,2027,0.0,,GW,interpolated,02.08.2024,Julian Bornemann <jb@wip.tu-berlin.de>
FI,NO,Power,2028,0.0,,GW,interpolated,02.08.2024,Julian Bornemann <jb@wip.tu-berlin.de>
FI,NO,Power,2029,0.0,,GW,interpolated,02.08.2024,Julian Bornemann <jb@wip.tu-berlin.de>
FI,NO,Power,2031,0.0,,GW,interpolated,02.08.2024,Julian Bornemann <jb@wip.tu-berlin.de>
FI,NO,Power,2032,0.0,,GW,interpolated,02.08.2024,Julian Bornemann <jb@wip.tu-berlin.de>
FI,NO,Power,2033,0.0,,GW,interpolated,02.08.2024,Julian Bornemann <jb@wip.tu-berlin.de>
FI,NO,Power,2034,0.0,,GW,interpolated,02.08.2024,Julian Bornemann <jb@wip.tu-berlin.de>
FI,NO,Power,2036,0.0,,GW,interpolated,02.08.2024,Julian Bornemann <jb@wip.tu-berlin.de>
FI,NO,Power,2037,0.0,,GW,interpolated,02.08.2024,Julian Bornemann <jb@wip.tu-berlin.de>
FI,NO,Power,2038,0.0,,GW,interpolated,02.08.2024,Julian Bornemann <jb@wip.tu-berlin.de>
FI,NO,Power,2039,0.0,,GW,interpolated,02.08.2024,Julian Bornemann <jb@wip.tu-berlin.de>
FI,SE,Power,2026,0.18,,GW,interpolated,02.08.2024,Julian Bornemann <jb@wip.tu-berlin.de>
FI,SE,Power,2027,0.36,,GW,interpolated,02.08.2024,Julian Bornemann <jb@wip.tu-berlin.de>
FI,SE,Power,2028,0.54,,GW,interpolated,02.08.2024,Julian Bornemann <jb@wip.tu-berlin.de>
FI,SE,Power,2029,0.72,,GW,interpolated,02.08.2024,Julian Bornemann <jb@wip.tu-berlin.de>
FI,SE,Power,2031,0.72,,GW,interpolated,02.08.2024,Julian Bornemann <jb@wip.tu-berlin.de>
FI,SE,Power,2032,0.54,,GW,interpolated,02.08.2024,Julian Bornemann <jb@wip.tu-berlin.de>
FI,SE,Power,2033,0.36,,GW,interpolated,02.08.2024,Julian Bornemann <jb@wip.tu-berlin.de>
FI,SE,Power,2034,0.18,,GW,interpolated,02.08.2024,Julian Bornemann <jb@wip.tu-berlin.de>
FI,SE,Power,2036,0.0,,GW,interpolated,02.08.2024,Julian Bornemann <jb@wip.tu-berlin.de>
FI,SE,Power,2037,0.0,,GW,interpolated,02.08.2024,Julian Bornemann <jb@wip.tu-berlin.de>
FI,SE,Power,2038,0.0,,GW,interpolated,02.08.2024,Julian Bornemann <jb@wip.tu-berlin.de>
FI,SE,Power,2039,0.0,,GW,interpolated,02.08.2024,Julian Bornemann <jb@wip.tu-berlin.de>
FR,BE,H2,2036,0.0,,PJ,interpolated,02.08.2024,Julian Bornemann <jb@wip.tu-berlin.de>
FR,BE,H2,2037,0.0,,PJ,interpolated,02.08.2024,Julian Bornemann <jb@wip.tu-berlin.de>
FR,BE,H2,2038,0.0,,PJ,interpolated,02.08.2024,Julian Bornemann <jb@wip.tu-berlin.de>
FR,BE,H2,2039,0.0,,PJ,interpolated,02.08.2024,Julian Bornemann <jb@wip.tu-berlin.de>
FR,DE,H2,2036,0.0,,PJ,interpolated,02.08.2024,Julian Bornemann <jb@wip.tu-berlin.de>
FR,DE,H2,2037,0.0,,PJ,interpolated,02.08.2024,Julian Bornemann <jb@wip.tu-berlin.de>
FR,DE,H2,2038,0.0,,PJ,interpolated,02.08.2024,Julian Bornemann <jb@wip.tu-berlin.de>
FR,DE,H2,2039,0.0,,PJ,interpolated,02.08.2024,Julian Bornemann <jb@wip.tu-berlin.de>
FR,ES,H2,2036,0.0,,PJ,interpolated,02.08.2024,Julian Bornemann <jb@wip.tu-berlin.de>
FR,ES,H2,2037,0.0,,PJ,interpolated,02.08.2024,Julian Bornemann <jb@wip.tu-berlin.de>
FR,ES,H2,2038,0.0,,PJ,interpolated,02.08.2024,Julian Bornemann <jb@wip.tu-berlin.de>
FR,ES,H2,2039,0.0,,PJ,interpolated,02.08.2024,Julian Bornemann <jb@wip.tu-berlin.de>
FR,CH,H2,2031,0.0,,PJ,interpolated,02.08.2024,Julian Bornemann <jb@wip.tu-berlin.de>
FR,CH,H2,2032,0.0,,PJ,interpolated,02.08.2024,Julian Bornemann <jb@wip.tu-berlin.de>
FR,CH,H2,2033,0.0,,PJ,interpolated,02.08.2024,Julian Bornemann <jb@wip.tu-berlin.de>
FR,CH,H2,2034,0.0,,PJ,interpolated,02.08.2024,Julian Bornemann <jb@wip.tu-berlin.de>
FR,CH,H2,2036,0.0,,PJ,interpolated,02.08.2024,Julian Bornemann <jb@wip.tu-berlin.de>
FR,CH,H2,2037,0.0,,PJ,interpolated,02.08.2024,Julian Bornemann <jb@wip.tu-berlin.de>
FR,CH,H2,2038,0.0,,PJ,interpolated,02.08.2024,Julian Bornemann <jb@wip.tu-berlin.de>
FR,CH,H2,2039,0.0,,PJ,interpolated,02.08.2024,Julian Bornemann <jb@wip.tu-berlin.de>
FR,BE,Power,2026,1.2,,GW,interpolated,02.08.2024,Julian Bornemann <jb@wip.tu-berlin.de>
FR,BE,Power,2027,0.9,,GW,interpolated,02.08.2024,Julian Bornemann <jb@wip.tu-berlin.de>
FR,BE,Power,2028,0.6,,GW,interpolated,02.08.2024,Julian Bornemann <jb@wip.tu-berlin.de>
FR,BE,Power,2029,0.3,,GW,interpolated,02.08.2024,Julian Bornemann <jb@wip.tu-berlin.de>
FR,BE,Power,2031,0.1,,GW,interpolated,02.08.2024,Julian Bornemann <jb@wip.tu-berlin.de>
FR,BE,Power,2032,0.2,,GW,interpolated,02.08.2024,Julian Bornemann <jb@wip.tu-berlin.de>
FR,BE,Power,2033,0.3,,GW,interpolated,02.08.2024,Julian Bornemann <jb@wip.tu-berlin.de>
FR,BE,Power,2034,0.4,,GW,interpolated,02.08.2024,Julian Bornemann <jb@wip.tu-berlin.de>
FR,BE,Power,2036,0.5,,GW,interpolated,02.08.2024,Julian Bornemann <jb@wip.tu-berlin.de>
FR,BE,Power,2037,0.5,,GW,interpolated,02.08.2024,Julian Bornemann <jb@wip.tu-berlin.de>
FR,BE,Power,2038,0.5,,GW,interpolated,02.08.2024,Julian Bornemann <jb@wip.tu-berlin.de>
FR,BE,Power,2039,0.5,,GW,interpolated,02.08.2024,Julian Bornemann <jb@wip.tu-berlin.de>
FR,CH,Power,2026,0.16,,GW,interpolated,02.08.2024,Julian Bornemann <jb@wip.tu-berlin.de>
FR,CH,Power,2027,0.32,,GW,interpolated,02.08.2024,Julian Bornemann <jb@wip.tu-berlin.de>
FR,CH,Power,2028,0.48,,GW,interpolated,02.08.2024,Julian Bornemann <jb@wip.tu-berlin.de>
FR,CH,Power,2029,0.64,,GW,interpolated,02.08.2024,Julian Bornemann <jb@wip.tu-berlin.de>
FR,CH,Power,2031,0.64,,GW,interpolated,02.08.2024,Julian Bornemann <jb@wip.tu-berlin.de>
FR,CH,Power,2032,0.48,,GW,interpolated,02.08.2024,Julian Bornemann <jb@wip.tu-berlin.de>
FR,CH,Power,2033,0.32,,GW,interpolated,02.08.2024,Julian Bornemann <jb@wip.tu-berlin.de>
FR,CH,Power,2034,0.16,,GW,interpolated,02.08.2024,Julian Bornemann <jb@wip.tu-berlin.de>
FR,CH,Power,2036,0.0,,GW,interpolated,02.08.2024,Julian Bornemann <jb@wip.tu-berlin.de>
FR,CH,Power,2037,0.0,,GW,interpolated,02.08.2024,Julian Bornemann <jb@wip.tu-berlin.de>
FR,CH,Power,2038,0.0,,GW,interpolated,02.08.2024,Julian Bornemann <jb@wip.tu-berlin.de>
FR,CH,Power,2039,0.0,,GW,interpolated,02.08.2024,Julian Bornemann <jb@wip.tu-berlin.de>
FR,DE,Power,2026,0.54,,GW,interpolated,02.08.2024,Julian Bornemann <jb@wip.tu-berlin.de>
FR,DE,Power,2027,0.78,,GW,interpolated,02.08.2024,Julian Bornemann <jb@wip.tu-berlin.de>
FR,DE,Power,2028,1.02,,GW,interpolated,02.08.2024,Julian Bornemann <jb@wip.tu-berlin.de>
FR,DE,Power,2029,1.26,,GW,interpolated,02.08.2024,Julian Bornemann <jb@wip.tu-berlin.de>
FR,DE,Power,2031,1.35,,GW,interpolated,02.08.2024,Julian Bornemann <jb@wip.tu-berlin.de>
FR,DE,Power,2032,1.2,,GW,interpolated,02.08.2024,Julian Bornemann <jb@wip.tu-berlin.de>
FR,DE,Power,2033,1.05,,GW,interpolated,02.08.2024,Julian Bornemann <jb@wip.tu-berlin.de>
FR,DE,Power,2034,0.9,,GW,interpolated,02.08.2024,Julian Bornemann <jb@wip.tu-berlin.de>
FR,DE,Power,2036,0.75,,GW,interpolated,02.08.2024,Julian Bornemann <jb@wip.tu-berlin.de>
FR,DE,Power,2037,0.75,,GW,interpolated,02.08.2024,Julian Bornemann <jb@wip.tu-berlin.de>
FR,DE,Power,2038,0.75,,GW,interpolated,02.08.2024,Julian Bornemann <jb@wip.tu-berlin.de>
FR,DE,Power,2039,0.75,,GW,interpolated,02.08.2024,Julian Bornemann <jb@wip.tu-berlin.de>
FR,ES,Power,2026,1.76,,GW,interpolated,02.08.2024,Julian Bornemann <jb@wip.tu-berlin.de>
FR,ES,Power,2027,1.32,,GW,interpolated,02.08.2024,Julian Bornemann <jb@wip.tu-berlin.de>
FR,ES,Power,2028,0.88,,GW,interpolated,02.08.2024,Julian Bornemann <jb@wip.tu-berlin.de>
FR,ES,Power,2029,0.44,,GW,interpolated,02.08.2024,Julian Bornemann <jb@wip.tu-berlin.de>
FR,ES,Power,2031,0.15,,GW,interpolated,02.08.2024,Julian Bornemann <jb@wip.tu-berlin.de>
FR,ES,Power,2032,0.3,,GW,interpolated,02.08.2024,Julian Bornemann <jb@wip.tu-berlin.de>
FR,ES,Power,2033,0.45,,GW,interpolated,02.08.2024,Julian Bornemann <jb@wip.tu-berlin.de>
FR,ES,Power,2034,0.6,,GW,interpolated,02.08.2024,Julian Bornemann <jb@wip.tu-berlin.de>
FR,ES,Power,2036,0.75,,GW,interpolated,02.08.2024,Julian Bornemann <jb@wip.tu-berlin.de>
FR,ES,Power,2037,0.75,,GW,interpolated,02.08.2024,Julian Bornemann <jb@wip.tu-berlin.de>
FR,ES,Power,2038,0.75,,GW,interpolated,02.08.2024,Julian Bornemann <jb@wip.tu-berlin.de>
FR,ES,Power,2039,0.75,,GW,interpolated,02.08.2024,Julian Bornemann <jb@wip.tu-berlin.de>
FR,IE,Power,2026,0.14,,GW,interpolated,02.08.2024,Julian Bornemann <jb@wip.tu-berlin.de>
FR,IE,Power,2027,0.28,,GW,interpolated,02.08.2024,Julian Bornemann <jb@wip.tu-berlin.de>
FR,IE,Power,2028,0.42,,GW,interpolated,02.08.2024,Julian Bornemann <jb@wip.tu-berlin.de>
FR,IE,Power,2029,0.56,,GW,interpolated,02.08.2024,Julian Bornemann <jb@wip.tu-berlin.de>
FR,IE,Power,2031,0.56,,GW,interpolated,02.08.2024,Julian Bornemann <jb@wip.tu-berlin.de>
FR,IE,Power,2032,0.42,,GW,interpolated,02.08.2024,Julian Bornemann <jb@wip.tu-berlin.de>
FR,IE,Power,2033,0.28,,GW,interpolated,02.08.2024,Julian Bornemann <jb@wip.tu-berlin.de>
FR,IE,Power,2034,0.14,,GW,interpolated,02.08.2024,Julian Bornemann <jb@wip.tu-berlin.de>
FR,IE,Power,2036,0.0,,GW,interpolated,02.08.2024,Julian Bornemann <jb@wip.tu-berlin.de>
FR,IE,Power,2037,0.0,,GW,interpolated,02.08.2024,Julian Bornemann <jb@wip.tu-berlin.de>
FR,IE,Power,2038,0.0,,GW,interpolated,02.08.2024,Julian Bornemann <jb@wip.tu-berlin.de>
FR,IE,Power,2039,0.0,,GW,interpolated,02.08.2024,Julian Bornemann <jb@wip.tu-berlin.de>
FR,IT,Power,2026,1.037,,GW,interpolated,02.08.2024,Julian Bornemann <jb@wip.tu-berlin.de>
FR,IT,Power,2027,0.874,,GW,interpolated,02.08.2024,Julian Bornemann <jb@wip.tu-berlin.de>
FR,IT,Power,2028,0.711,,GW,interpolated,02.08.2024,Julian Bornemann <jb@wip.tu-berlin.de>
FR,IT,Power,2029,0.548,,GW,interpolated,02.08.2024,Julian Bornemann <jb@wip.tu-berlin.de>
FR,IT,Power,2031,0.308,,GW,interpolated,02.08.2024,Julian Bornemann <jb@wip.tu-berlin.de>
FR,IT,Power,2032,0.231,,GW,interpolated,02.08.2024,Julian Bornemann <jb@wip.tu-berlin.de>
FR,IT,Power,2033,0.154,,GW,interpolated,02.08.2024,Julian Bornemann <jb@wip.tu-berlin.de>
FR,IT,Power,2034,0.077,,GW,interpolated,02.08.2024,Julian Bornemann <jb@wip.tu-berlin.de>
FR,IT,Power,2036,0.0,,GW,interpolated,02.08.2024,Julian Bornemann <jb@wip.tu-berlin.de>
FR,IT,Power,2037,0.0,,GW,interpolated,02.08.2024,Julian Bornemann <jb@wip.tu-berlin.de>
FR,IT,Power,2038,0.0,,GW,interpolated,02.08.2024,Julian Bornemann <jb@wip.tu-berlin.de>
FR,IT,Power,2039,0.0,,GW,interpolated,02.08.2024,Julian Bornemann <jb@wip.tu-berlin.de>
FR,LU,Power,2026,0.0,,GW,interpolated,02.08.2024,Julian Bornemann <jb@wip.tu-berlin.de>
FR,LU,Power,2027,0.0,,GW,interpolated,02.08.2024,Julian Bornemann <jb@wip.tu-berlin.de>
FR,LU,Power,2028,0.0,,GW,interpolated,02.08.2024,Julian Bornemann <jb@wip.tu-berlin.de>
FR,LU,Power,2029,0.0,,GW,interpolated,02.08.2024,Julian Bornemann <jb@wip.tu-berlin.de>
FR,LU,Power,2031,0.0,,GW,interpolated,02.08.2024,Julian Bornemann <jb@wip.tu-berlin.de>
FR,LU,Power,2032,0.0,,GW,interpolated,02.08.2024,Julian Bornemann <jb@wip.tu-berlin.de>
FR,LU,Power,2033,0.0,,GW,interpolated,02.08.2024,Julian Bornemann <jb@wip.tu-berlin.de>
FR,LU,Power,2034,0.0,,GW,interpolated,02.08.2024,Julian Bornemann <jb@wip.tu-berlin.de>
FR,LU,Power,2036,0.0,,GW,interpolated,02.08.2024,Julian Bornemann <jb@wip.tu-berlin.de>
FR,LU,Power,2037,0.0,,GW,interpolated,02.08.2024,Julian Bornemann <jb@wip.tu-berlin.de>
FR,LU,Power,2038,0.0,,GW,interpolated,02.08.2024,Julian Bornemann <jb@wip.tu-berlin.de>
FR,LU,Power,2039,0.0,,GW,interpolated,02.08.2024,Julian Bornemann <jb@wip.tu-berlin.de>
FR,UK,Power,2026,1.12,,GW,interpolated,02.08.2024,Julian Bornemann <jb@wip.tu-berlin.de>
FR,UK,Power,2027,1.24,,GW,interpolated,02.08.2024,Julian Bornemann <jb@wip.tu-berlin.de>
FR,UK,Power,2028,1.36,,GW,interpolated,02.08.2024,Julian Bornemann <jb@wip.tu-berlin.de>
FR,UK,Power,2029,1.48,,GW,interpolated,02.08.2024,Julian Bornemann <jb@wip.tu-berlin.de>
FR,UK,Power,2031,1.28,,GW,interpolated,02.08.2024,Julian Bornemann <jb@wip.tu-berlin.de>
FR,UK,Power,2032,0.96,,GW,interpolated,02.08.2024,Julian Bornemann <jb@wip.tu-berlin.de>
FR,UK,Power,2033,0.64,,GW,interpolated,02.08.2024,Julian Bornemann <jb@wip.tu-berlin.de>
FR,UK,Power,2034,0.32,,GW,interpolated,02.08.2024,Julian Bornemann <jb@wip.tu-berlin.de>
FR,UK,Power,2036,0.0,,GW,interpolated,02.08.2024,Julian Bornemann <jb@wip.tu-berlin.de>
FR,UK,Power,2037,0.0,,GW,interpolated,02.08.2024,Julian Bornemann <jb@wip.tu-berlin.de>
FR,UK,Power,2038,0.0,,GW,interpolated,02.08.2024,Julian Bornemann <jb@wip.tu-berlin.de>
FR,UK,Power,2039,0.0,,GW,interpolated,02.08.2024,Julian Bornemann <jb@wip.tu-berlin.de>
GR,BG,H2,2036,0.0,,PJ,interpolated,02.08.2024,Julian Bornemann <jb@wip.tu-berlin.de>
GR,BG,H2,2037,0.0,,PJ,interpolated,02.08.2024,Julian Bornemann <jb@wip.tu-berlin.de>
GR,BG,H2,2038,0.0,,PJ,interpolated,02.08.2024,Julian Bornemann <jb@wip.tu-berlin.de>
GR,BG,H2,2039,0.0,,PJ,interpolated,02.08.2024,Julian Bornemann <jb@wip.tu-berlin.de>
GR,NONEU_Balkan,Power,2026,0.0,,GW,interpolated,02.08.2024,Julian Bornemann <jb@wip.tu-berlin.de>
GR,NONEU_Balkan,Power,2027,0.0,,GW,interpolated,02.08.2024,Julian Bornemann <jb@wip.tu-berlin.de>
GR,NONEU_Balkan,Power,2028,0.0,,GW,interpolated,02.08.2024,Julian Bornemann <jb@wip.tu-berlin.de>
GR,NONEU_Balkan,Power,2029,0.0,,GW,interpolated,02.08.2024,Julian Bornemann <jb@wip.tu-berlin.de>
GR,NONEU_Balkan,Power,2031,0.0,,GW,interpolated,02.08.2024,Julian Bornemann <jb@wip.tu-berlin.de>
GR,NONEU_Balkan,Power,2032,0.0,,GW,interpolated,02.08.2024,Julian Bornemann <jb@wip.tu-berlin.de>
GR,NONEU_Balkan,Power,2033,0.0,,GW,interpolated,02.08.2024,Julian Bornemann <jb@wip.tu-berlin.de>
GR,NONEU_Balkan,Power,2034,0.0,,GW,interpolated,02.08.2024,Julian Bornemann <jb@wip.tu-berlin.de>
GR,NONEU_Balkan,Power,2036,0.0,,GW,interpolated,02.08.2024,Julian Bornemann <jb@wip.tu-berlin.de>
GR,NONEU_Balkan,Power,2037,0.0,,GW,interpolated,02.08.2024,Julian Bornemann <jb@wip.tu-berlin.de>
GR,NONEU_Balkan,Power,2038,0.0,,GW,interpolated,02.08.2024,Julian Bornemann <jb@wip.tu-berlin.de>
GR,NONEU_Balkan,Power,2039,0.0,,GW,interpolated,02.08.2024,Julian Bornemann <jb@wip.tu-berlin.de>
GR,BG,Power,2026,0.48,,GW,interpolated,02.08.2024,Julian Bornemann <jb@wip.tu-berlin.de>
GR,BG,Power,2027,0.36,,GW,interpolated,02.08.2024,Julian Bornemann <jb@wip.tu-berlin.de>
GR,BG,Power,2028,0.24,,GW,interpolated,02.08.2024,Julian Bornemann <jb@wip.tu-berlin.de>
GR,BG,Power,2029,0.12,,GW,interpolated,02.08.2024,Julian Bornemann <jb@wip.tu-berlin.de>
GR,BG,Power,2031,0.0,,GW,interpolated,02.08.2024,Julian Bornemann <jb@wip.tu-berlin.de>
GR,BG,Power,2032,0.0,,GW,interpolated,02.08.2024,Julian Bornemann <jb@wip.tu-berlin.de>
GR,BG,Power,2033,0.0,,GW,interpolated,02.08.2024,Julian Bornemann <jb@wip.tu-berlin.de>
GR,BG,Power,2034,0.0,,GW,interpolated,02.08.2024,Julian Bornemann <jb@wip.tu-berlin.de>
GR,BG,Power,2036,0.0,,GW,interpolated,02.08.2024,Julian Bornemann <jb@wip.tu-berlin.de>
GR,BG,Power,2037,0.0,,GW,interpolated,02.08.2024,Julian Bornemann <jb@wip.tu-berlin.de>
GR,BG,Power,2038,0.0,,GW,interpolated,02.08.2024,Julian Bornemann <jb@wip.tu-berlin.de>
GR,BG,Power,2039,0.0,,GW,interpolated,02.08.2024,Julian Bornemann <jb@wip.tu-berlin.de>
GR,IT,Power,2026,0.0,,GW,interpolated,02.08.2024,Julian Bornemann <jb@wip.tu-berlin.de>
GR,IT,Power,2027,0.0,,GW,interpolated,02.08.2024,Julian Bornemann <jb@wip.tu-berlin.de>
GR,IT,Power,2028,0.0,,GW,interpolated,02.08.2024,Julian Bornemann <jb@wip.tu-berlin.de>
GR,IT,Power,2029,0.0,,GW,interpolated,02.08.2024,Julian Bornemann <jb@wip.tu-berlin.de>
GR,IT,Power,2031,0.0,,GW,interpolated,02.08.2024,Julian Bornemann <jb@wip.tu-berlin.de>
GR,IT,Power,2032,0.0,,GW,interpolated,02.08.2024,Julian Bornemann <jb@wip.tu-berlin.de>
GR,IT,Power,2033,0.0,,GW,interpolated,02.08.2024,Julian Bornemann <jb@wip.tu-berlin.de>
GR,IT,Power,2034,0.0,,GW,interpolated,02.08.2024,Julian Bornemann <jb@wip.tu-berlin.de>
GR,IT,Power,2036,0.0,,GW,interpolated,02.08.2024,Julian Bornemann <jb@wip.tu-berlin.de>
GR,IT,Power,2037,0.0,,GW,interpolated,02.08.2024,Julian Bornemann <jb@wip.tu-berlin.de>
GR,IT,Power,2038,0.0,,GW,interpolated,02.08.2024,Julian Bornemann <jb@wip.tu-berlin.de>
GR,IT,Power,2039,0.0,,GW,interpolated,02.08.2024,Julian Bornemann <jb@wip.tu-berlin.de>
GR,TR,Power,2026,0.0,,GW,interpolated,02.08.2024,Julian Bornemann <jb@wip.tu-berlin.de>
GR,TR,Power,2027,0.0,,GW,interpolated,02.08.2024,Julian Bornemann <jb@wip.tu-berlin.de>
GR,TR,Power,2028,0.0,,GW,interpolated,02.08.2024,Julian Bornemann <jb@wip.tu-berlin.de>
GR,TR,Power,2029,0.0,,GW,interpolated,02.08.2024,Julian Bornemann <jb@wip.tu-berlin.de>
GR,TR,Power,2031,0.0,,GW,interpolated,02.08.2024,Julian Bornemann <jb@wip.tu-berlin.de>
GR,TR,Power,2032,0.0,,GW,interpolated,02.08.2024,Julian Bornemann <jb@wip.tu-berlin.de>
GR,TR,Power,2033,0.0,,GW,interpolated,02.08.2024,Julian Bornemann <jb@wip.tu-berlin.de>
GR,TR,Power,2034,0.0,,GW,interpolated,02.08.2024,Julian Bornemann <jb@wip.tu-berlin.de>
GR,TR,Power,2036,0.0,,GW,interpolated,02.08.2024,Julian Bornemann <jb@wip.tu-berlin.de>
GR,TR,Power,2037,0.0,,GW,interpolated,02.08.2024,Julian Bornemann <jb@wip.tu-berlin.de>
GR,TR,Power,2038,0.0,,GW,interpolated,02.08.2024,Julian Bornemann <jb@wip.tu-berlin.de>
GR,TR,Power,2039,0.0,,GW,interpolated,02.08.2024,Julian Bornemann <jb@wip.tu-berlin.de>
HR,NONEU_Balkan,H2,2031,0.0,,PJ,interpolated,02.08.2024,Julian Bornemann <jb@wip.tu-berlin.de>
HR,NONEU_Balkan,H2,2032,0.0,,PJ,interpolated,02.08.2024,Julian Bornemann <jb@wip.tu-berlin.de>
HR,NONEU_Balkan,H2,2033,0.0,,PJ,interpolated,02.08.2024,Julian Bornemann <jb@wip.tu-berlin.de>
HR,NONEU_Balkan,H2,2034,0.0,,PJ,interpolated,02.08.2024,Julian Bornemann <jb@wip.tu-berlin.de>
HR,NONEU_Balkan,H2,2036,0.0,,PJ,interpolated,02.08.2024,Julian Bornemann <jb@wip.tu-berlin.de>
HR,NONEU_Balkan,H2,2037,0.0,,PJ,interpolated,02.08.2024,Julian Bornemann <jb@wip.tu-berlin.de>
HR,NONEU_Balkan,H2,2038,0.0,,PJ,interpolated,02.08.2024,Julian Bornemann <jb@wip.tu-berlin.de>
HR,NONEU_Balkan,H2,2039,0.0,,PJ,interpolated,02.08.2024,Julian Bornemann <jb@wip.tu-berlin.de>
HR,NONEU_Balkan,Power,2026,0.0,,GW,interpolated,02.08.2024,Julian Bornemann <jb@wip.tu-berlin.de>
HR,NONEU_Balkan,Power,2027,0.0,,GW,interpolated,02.08.2024,Julian Bornemann <jb@wip.tu-berlin.de>
HR,NONEU_Balkan,Power,2028,0.0,,GW,interpolated,02.08.2024,Julian Bornemann <jb@wip.tu-berlin.de>
HR,NONEU_Balkan,Power,2029,0.0,,GW,interpolated,02.08.2024,Julian Bornemann <jb@wip.tu-berlin.de>
HR,NONEU_Balkan,Power,2031,0.0244,,GW,interpolated,02.08.2024,Julian Bornemann <jb@wip.tu-berlin.de>
HR,NONEU_Balkan,Power,2032,0.0488,,GW,interpolated,02.08.2024,Julian Bornemann <jb@wip.tu-berlin.de>
HR,NONEU_Balkan,Power,2033,0.0732,,GW,interpolated,02.08.2024,Julian Bornemann <jb@wip.tu-berlin.de>
HR,NONEU_Balkan,Power,2034,0.0976,,GW,interpolated,02.08.2024,Julian Bornemann <jb@wip.tu-berlin.de>
HR,NONEU_Balkan,Power,2036,0.122,,GW,interpolated,02.08.2024,Julian Bornemann <jb@wip.tu-berlin.de>
HR,NONEU_Balkan,Power,2037,0.122,,GW,interpolated,02.08.2024,Julian Bornemann <jb@wip.tu-berlin.de>
HR,NONEU_Balkan,Power,2038,0.122,,GW,interpolated,02.08.2024,Julian Bornemann <jb@wip.tu-berlin.de>
HR,NONEU_Balkan,Power,2039,0.122,,GW,interpolated,02.08.2024,Julian Bornemann <jb@wip.tu-berlin.de>
HR,HU,Power,2026,0.0,,GW,interpolated,02.08.2024,Julian Bornemann <jb@wip.tu-berlin.de>
HR,HU,Power,2027,0.0,,GW,interpolated,02.08.2024,Julian Bornemann <jb@wip.tu-berlin.de>
HR,HU,Power,2028,0.0,,GW,interpolated,02.08.2024,Julian Bornemann <jb@wip.tu-berlin.de>
HR,HU,Power,2029,0.0,,GW,interpolated,02.08.2024,Julian Bornemann <jb@wip.tu-berlin.de>
HR,HU,Power,2031,0.0,,GW,interpolated,02.08.2024,Julian Bornemann <jb@wip.tu-berlin.de>
HR,HU,Power,2032,0.0,,GW,interpolated,02.08.2024,Julian Bornemann <jb@wip.tu-berlin.de>
HR,HU,Power,2033,0.0,,GW,interpolated,02.08.2024,Julian Bornemann <jb@wip.tu-berlin.de>
HR,HU,Power,2034,0.0,,GW,interpolated,02.08.2024,Julian Bornemann <jb@wip.tu-berlin.de>
HR,HU,Power,2036,0.0,,GW,interpolated,02.08.2024,Julian Bornemann <jb@wip.tu-berlin.de>
HR,HU,Power,2037,0.0,,GW,interpolated,02.08.2024,Julian Bornemann <jb@wip.tu-berlin.de>
HR,HU,Power,2038,0.0,,GW,interpolated,02.08.2024,Julian Bornemann <jb@wip.tu-berlin.de>
HR,HU,Power,2039,0.0,,GW,interpolated,02.08.2024,Julian Bornemann <jb@wip.tu-berlin.de>
HR,SI,Power,2026,0.0,,GW,interpolated,02.08.2024,Julian Bornemann <jb@wip.tu-berlin.de>
HR,SI,Power,2027,0.0,,GW,interpolated,02.08.2024,Julian Bornemann <jb@wip.tu-berlin.de>
HR,SI,Power,2028,0.0,,GW,interpolated,02.08.2024,Julian Bornemann <jb@wip.tu-berlin.de>
HR,SI,Power,2029,0.0,,GW,interpolated,02.08.2024,Julian Bornemann <jb@wip.tu-berlin.de>
HR,SI,Power,2031,0.0,,GW,interpolated,02.08.2024,Julian Bornemann <jb@wip.tu-berlin.de>
HR,SI,Power,2032,0.0,,GW,interpolated,02.08.2024,Julian Bornemann <jb@wip.tu-berlin.de>
HR,SI,Power,2033,0.0,,GW,interpolated,02.08.2024,Julian Bornemann <jb@wip.tu-berlin.de>
HR,SI,Power,2034,0.0,,GW,interpolated,02.08.2024,Julian Bornemann <jb@wip.tu-berlin.de>
HR,SI,Power,2036,0.0,,GW,interpolated,02.08.2024,Julian Bornemann <jb@wip.tu-berlin.de>
HR,SI,Power,2037,0.0,,GW,interpolated,02.08.2024,Julian Bornemann <jb@wip.tu-berlin.de>
HR,SI,Power,2038,0.0,,GW,interpolated,02.08.2024,Julian Bornemann <jb@wip.tu-berlin.de>
HR,SI,Power,2039,0.0,,GW,interpolated,02.08.2024,Julian Bornemann <jb@wip.tu-berlin.de>
HU,AT,Power,2026,0.0,,GW,interpolated,02.08.2024,Julian Bornemann <jb@wip.tu-berlin.de>
HU,AT,Power,2027,0.0,,GW,interpolated,02.08.2024,Julian Bornemann <jb@wip.tu-berlin.de>
HU,AT,Power,2028,0.0,,GW,interpolated,02.08.2024,Julian Bornemann <jb@wip.tu-berlin.de>
HU,AT,Power,2029,0.0,,GW,interpolated,02.08.2024,Julian Bornemann <jb@wip.tu-berlin.de>
HU,AT,Power,2031,0.0,,GW,interpolated,02.08.2024,Julian Bornemann <jb@wip.tu-berlin.de>
HU,AT,Power,2032,0.0,,GW,interpolated,02.08.2024,Julian Bornemann <jb@wip.tu-berlin.de>
HU,AT,Power,2033,0.0,,GW,interpolated,02.08.2024,Julian Bornemann <jb@wip.tu-berlin.de>
HU,AT,Power,2034,0.0,,GW,interpolated,02.08.2024,Julian Bornemann <jb@wip.tu-berlin.de>
HU,AT,Power,2036,0.0,,GW,interpolated,02.08.2024,Julian Bornemann <jb@wip.tu-berlin.de>
HU,AT,Power,2037,0.0,,GW,interpolated,02.08.2024,Julian Bornemann <jb@wip.tu-berlin.de>
HU,AT,Power,2038,0.0,,GW,interpolated,02.08.2024,Julian Bornemann <jb@wip.tu-berlin.de>
HU,AT,Power,2039,0.0,,GW,interpolated,02.08.2024,Julian Bornemann <jb@wip.tu-berlin.de>
HU,HR,Power,2026,0.0,,GW,interpolated,02.08.2024,Julian Bornemann <jb@wip.tu-berlin.de>
HU,HR,Power,2027,0.0,,GW,interpolated,02.08.2024,Julian Bornemann <jb@wip.tu-berlin.de>
HU,HR,Power,2028,0.0,,GW,interpolated,02.08.2024,Julian Bornemann <jb@wip.tu-berlin.de>
HU,HR,Power,2029,0.0,,GW,interpolated,02.08.2024,Julian Bornemann <jb@wip.tu-berlin.de>
HU,HR,Power,2031,0.0,,GW,interpolated,02.08.2024,Julian Bornemann <jb@wip.tu-berlin.de>
HU,HR,Power,2032,0.0,,GW,interpolated,02.08.2024,Julian Bornemann <jb@wip.tu-berlin.de>
HU,HR,Power,2033,0.0,,GW,interpolated,02.08.2024,Julian Bornemann <jb@wip.tu-berlin.de>
HU,HR,Power,2034,0.0,,GW,interpolated,02.08.2024,Julian Bornemann <jb@wip.tu-berlin.de>
HU,HR,Power,2036,0.0,,GW,interpolated,02.08.2024,Julian Bornemann <jb@wip.tu-berlin.de>
HU,HR,Power,2037,0.0,,GW,interpolated,02.08.2024,Julian Bornemann <jb@wip.tu-berlin.de>
HU,HR,Power,2038,0.0,,GW,interpolated,02.08.2024,Julian Bornemann <jb@wip.tu-berlin.de>
HU,HR,Power,2039,0.0,,GW,interpolated,02.08.2024,Julian Bornemann <jb@wip.tu-berlin.de>
HU,RO,Power,2026,0.1234,,GW,interpolated,02.08.2024,Julian Bornemann <jb@wip.tu-berlin.de>
HU,RO,Power,2027,0.2468,,GW,interpolated,02.08.2024,Julian Bornemann <jb@wip.tu-berlin.de>
HU,RO,Power,2028,0.3702,,GW,interpolated,02.08.2024,Julian Bornemann <jb@wip.tu-berlin.de>
HU,RO,Power,2029,0.4936,,GW,interpolated,02.08.2024,Julian Bornemann <jb@wip.tu-berlin.de>
HU,RO,Power,2031,0.4936,,GW,interpolated,02.08.2024,Julian Bornemann <jb@wip.tu-berlin.de>
HU,RO,Power,2032,0.3702,,GW,interpolated,02.08.2024,Julian Bornemann <jb@wip.tu-berlin.de>
HU,RO,Power,2033,0.2468,,GW,interpolated,02.08.2024,Julian Bornemann <jb@wip.tu-berlin.de>
HU,RO,Power,2034,0.1234,,GW,interpolated,02.08.2024,Julian Bornemann <jb@wip.tu-berlin.de>
HU,RO,Power,2036,0.0,,GW,interpolated,02.08.2024,Julian Bornemann <jb@wip.tu-berlin.de>
HU,RO,Power,2037,0.0,,GW,interpolated,02.08.2024,Julian Bornemann <jb@wip.tu-berlin.de>
HU,RO,Power,2038,0.0,,GW,interpolated,02.08.2024,Julian Bornemann <jb@wip.tu-berlin.de>
HU,RO,Power,2039,0.0,,GW,interpolated,02.08.2024,Julian Bornemann <jb@wip.tu-berlin.de>
HU,NONEU_Balkan,Power,2026,0.0,,GW,interpolated,02.08.2024,Julian Bornemann <jb@wip.tu-berlin.de>
HU,NONEU_Balkan,Power,2027,0.0,,GW,interpolated,02.08.2024,Julian Bornemann <jb@wip.tu-berlin.de>
HU,NONEU_Balkan,Power,2028,0.0,,GW,interpolated,02.08.2024,Julian Bornemann <jb@wip.tu-berlin.de>
HU,NONEU_Balkan,Power,2029,0.0,,GW,interpolated,02.08.2024,Julian Bornemann <jb@wip.tu-berlin.de>
HU,NONEU_Balkan,Power,2031,0.05,,GW,interpolated,02.08.2024,Julian Bornemann <jb@wip.tu-berlin.de>
HU,NONEU_Balkan,Power,2032,0.1,,GW,interpolated,02.08.2024,Julian Bornemann <jb@wip.tu-berlin.de>
HU,NONEU_Balkan,Power,2033,0.15,,GW,interpolated,02.08.2024,Julian Bornemann <jb@wip.tu-berlin.de>
HU,NONEU_Balkan,Power,2034,0.2,,GW,interpolated,02.08.2024,Julian Bornemann <jb@wip.tu-berlin.de>
HU,NONEU_Balkan,Power,2036,0.25,,GW,interpolated,02.08.2024,Julian Bornemann <jb@wip.tu-berlin.de>
HU,NONEU_Balkan,Power,2037,0.25,,GW,interpolated,02.08.2024,Julian Bornemann <jb@wip.tu-berlin.de>
HU,NONEU_Balkan,Power,2038,0.25,,GW,interpolated,02.08.2024,Julian Bornemann <jb@wip.tu-berlin.de>
HU,NONEU_Balkan,Power,2039,0.25,,GW,interpolated,02.08.2024,Julian Bornemann <jb@wip.tu-berlin.de>
HU,SI,Power,2026,0.96,,GW,interpolated,02.08.2024,Julian Bornemann <jb@wip.tu-berlin.de>
HU,SI,Power,2027,0.72,,GW,interpolated,02.08.2024,Julian Bornemann <jb@wip.tu-berlin.de>
HU,SI,Power,2028,0.48,,GW,interpolated,02.08.2024,Julian Bornemann <jb@wip.tu-berlin.de>
HU,SI,Power,2029,0.24,,GW,interpolated,02.08.2024,Julian Bornemann <jb@wip.tu-berlin.de>
HU,SI,Power,2031,0.0,,GW,interpolated,02.08.2024,Julian Bornemann <jb@wip.tu-berlin.de>
HU,SI,Power,2032,0.0,,GW,interpolated,02.08.2024,Julian Bornemann <jb@wip.tu-berlin.de>
HU,SI,Power,2033,0.0,,GW,interpolated,02.08.2024,Julian Bornemann <jb@wip.tu-berlin.de>
HU,SI,Power,2034,0.0,,GW,interpolated,02.08.2024,Julian Bornemann <jb@wip.tu-berlin.de>
HU,SI,Power,2036,0.0,,GW,interpolated,02.08.2024,Julian Bornemann <jb@wip.tu-berlin.de>
HU,SI,Power,2037,0.0,,GW,interpolated,02.08.2024,Julian Bornemann <jb@wip.tu-berlin.de>
HU,SI,Power,2038,0.0,,GW,interpolated,02.08.2024,Julian Bornemann <jb@wip.tu-berlin.de>
HU,SI,Power,2039,0.0,,GW,interpolated,02.08.2024,Julian Bornemann <jb@wip.tu-berlin.de>
HU,SK,Power,2026,0.64,,GW,interpolated,02.08.2024,Julian Bornemann <jb@wip.tu-berlin.de>
HU,SK,Power,2027,0.48,,GW,interpolated,02.08.2024,Julian Bornemann <jb@wip.tu-berlin.de>
HU,SK,Power,2028,0.32,,GW,interpolated,02.08.2024,Julian Bornemann <jb@wip.tu-berlin.de>
HU,SK,Power,2029,0.16,,GW,interpolated,02.08.2024,Julian Bornemann <jb@wip.tu-berlin.de>
HU,SK,Power,2031,0.0,,GW,interpolated,02.08.2024,Julian Bornemann <jb@wip.tu-berlin.de>
HU,SK,Power,2032,0.0,,GW,interpolated,02.08.2024,Julian Bornemann <jb@wip.tu-berlin.de>
HU,SK,Power,2033,0.0,,GW,interpolated,02.08.2024,Julian Bornemann <jb@wip.tu-berlin.de>
HU,SK,Power,2034,0.0,,GW,interpolated,02.08.2024,Julian Bornemann <jb@wip.tu-berlin.de>
HU,SK,Power,2036,0.0,,GW,interpolated,02.08.2024,Julian Bornemann <jb@wip.tu-berlin.de>
HU,SK,Power,2037,0.0,,GW,interpolated,02.08.2024,Julian Bornemann <jb@wip.tu-berlin.de>
HU,SK,Power,2038,0.0,,GW,interpolated,02.08.2024,Julian Bornemann <jb@wip.tu-berlin.de>
HU,SK,Power,2039,0.0,,GW,interpolated,02.08.2024,Julian Bornemann <jb@wip.tu-berlin.de>
IE,UK,H2,2031,0.0,,PJ,interpolated,02.08.2024,Julian Bornemann <jb@wip.tu-berlin.de>
IE,UK,H2,2032,0.0,,PJ,interpolated,02.08.2024,Julian Bornemann <jb@wip.tu-berlin.de>
IE,UK,H2,2033,0.0,,PJ,interpolated,02.08.2024,Julian Bornemann <jb@wip.tu-berlin.de>
IE,UK,H2,2034,0.0,,PJ,interpolated,02.08.2024,Julian Bornemann <jb@wip.tu-berlin.de>
IE,UK,H2,2036,0.0,,PJ,interpolated,02.08.2024,Julian Bornemann <jb@wip.tu-berlin.de>
IE,UK,H2,2037,0.0,,PJ,interpolated,02.08.2024,Julian Bornemann <jb@wip.tu-berlin.de>
IE,UK,H2,2038,0.0,,PJ,interpolated,02.08.2024,Julian Bornemann <jb@wip.tu-berlin.de>
IE,UK,H2,2039,0.0,,PJ,interpolated,02.08.2024,Julian Bornemann <jb@wip.tu-berlin.de>
IE,FR,Power,2026,0.14,,GW,interpolated,02.08.2024,Julian Bornemann <jb@wip.tu-berlin.de>
IE,FR,Power,2027,0.28,,GW,interpolated,02.08.2024,Julian Bornemann <jb@wip.tu-berlin.de>
IE,FR,Power,2028,0.42,,GW,interpolated,02.08.2024,Julian Bornemann <jb@wip.tu-berlin.de>
IE,FR,Power,2029,0.56,,GW,interpolated,02.08.2024,Julian Bornemann <jb@wip.tu-berlin.de>
IE,FR,Power,2031,0.56,,GW,interpolated,02.08.2024,Julian Bornemann <jb@wip.tu-berlin.de>
IE,FR,Power,2032,0.42,,GW,interpolated,02.08.2024,Julian Bornemann <jb@wip.tu-berlin.de>
IE,FR,Power,2033,0.28,,GW,interpolated,02.08.2024,Julian Bornemann <jb@wip.tu-berlin.de>
IE,FR,Power,2034,0.14,,GW,interpolated,02.08.2024,Julian Bornemann <jb@wip.tu-berlin.de>
IE,FR,Power,2036,0.0,,GW,interpolated,02.08.2024,Julian Bornemann <jb@wip.tu-berlin.de>
IE,FR,Power,2037,0.0,,GW,interpolated,02.08.2024,Julian Bornemann <jb@wip.tu-berlin.de>
IE,FR,Power,2038,0.0,,GW,interpolated,02.08.2024,Julian Bornemann <jb@wip.tu-berlin.de>
IE,FR,Power,2039,0.0,,GW,interpolated,02.08.2024,Julian Bornemann <jb@wip.tu-berlin.de>
IE,UK,Power,2026,0.896,,GW,interpolated,02.08.2024,Julian Bornemann <jb@wip.tu-berlin.de>
IE,UK,Power,2027,0.672,,GW,interpolated,02.08.2024,Julian Bornemann <jb@wip.tu-berlin.de>
IE,UK,Power,2028,0.448,,GW,interpolated,02.08.2024,Julian Bornemann <jb@wip.tu-berlin.de>
IE,UK,Power,2029,0.224,,GW,interpolated,02.08.2024,Julian Bornemann <jb@wip.tu-berlin.de>
IE,UK,Power,2031,0.0,,GW,interpolated,02.08.2024,Julian Bornemann <jb@wip.tu-berlin.de>
IE,UK,Power,2032,0.0,,GW,interpolated,02.08.2024,Julian Bornemann <jb@wip.tu-berlin.de>
IE,UK,Power,2033,0.0,,GW,interpolated,02.08.2024,Julian Bornemann <jb@wip.tu-berlin.de>
IE,UK,Power,2034,0.0,,GW,interpolated,02.08.2024,Julian Bornemann <jb@wip.tu-berlin.de>
IE,UK,Power,2036,0.0,,GW,interpolated,02.08.2024,Julian Bornemann <jb@wip.tu-berlin.de>
IE,UK,Power,2037,0.0,,GW,interpolated,02.08.2024,Julian Bornemann <jb@wip.tu-berlin.de>
IE,UK,Power,2038,0.0,,GW,interpolated,02.08.2024,Julian Bornemann <jb@wip.tu-berlin.de>
IE,UK,Power,2039,0.0,,GW,interpolated,02.08.2024,Julian Bornemann <jb@wip.tu-berlin.de>
IT,AT,H2,2036,0.0,,PJ,interpolated,02.08.2024,Julian Bornemann <jb@wip.tu-berlin.de>
IT,AT,H2,2037,0.0,,PJ,interpolated,02.08.2024,Julian Bornemann <jb@wip.tu-berlin.de>
IT,AT,H2,2038,0.0,,PJ,interpolated,02.08.2024,Julian Bornemann <jb@wip.tu-berlin.de>
IT,AT,H2,2039,0.0,,PJ,interpolated,02.08.2024,Julian Bornemann <jb@wip.tu-berlin.de>
IT,CH,H2,2036,0.0,,PJ,interpolated,02.08.2024,Julian Bornemann <jb@wip.tu-berlin.de>
IT,CH,H2,2037,0.0,,PJ,interpolated,02.08.2024,Julian Bornemann <jb@wip.tu-berlin.de>
IT,CH,H2,2038,0.0,,PJ,interpolated,02.08.2024,Julian Bornemann <jb@wip.tu-berlin.de>
IT,CH,H2,2039,0.0,,PJ,interpolated,02.08.2024,Julian Bornemann <jb@wip.tu-berlin.de>
IT,AT,Power,2026,0.342,,GW,interpolated,02.08.2024,Julian Bornemann <jb@wip.tu-berlin.de>
IT,AT,Power,2027,0.294,,GW,interpolated,02.08.2024,Julian Bornemann <jb@wip.tu-berlin.de>
IT,AT,Power,2028,0.246,,GW,interpolated,02.08.2024,Julian Bornemann <jb@wip.tu-berlin.de>
IT,AT,Power,2029,0.198,,GW,interpolated,02.08.2024,Julian Bornemann <jb@wip.tu-berlin.de>
IT,AT,Power,2031,0.17,,GW,interpolated,02.08.2024,Julian Bornemann <jb@wip.tu-berlin.de>
IT,AT,Power,2032,0.19,,GW,interpolated,02.08.2024,Julian Bornemann <jb@wip.tu-berlin.de>
IT,AT,Power,2033,0.21,,GW,interpolated,02.08.2024,Julian Bornemann <jb@wip.tu-berlin.de>
IT,AT,Power,2034,0.23,,GW,interpolated,02.08.2024,Julian Bornemann <jb@wip.tu-berlin.de>
IT,AT,Power,2036,0.25,,GW,interpolated,02.08.2024,Julian Bornemann <jb@wip.tu-berlin.de>
IT,AT,Power,2037,0.25,,GW,interpolated,02.08.2024,Julian Bornemann <jb@wip.tu-berlin.de>
IT,AT,Power,2038,0.25,,GW,interpolated,02.08.2024,Julian Bornemann <jb@wip.tu-berlin.de>
IT,AT,Power,2039,0.25,,GW,interpolated,02.08.2024,Julian Bornemann <jb@wip.tu-berlin.de>
IT,CH,Power,2026,0.0,,GW,interpolated,02.08.2024,Julian Bornemann <jb@wip.tu-berlin.de>
IT,CH,Power,2027,0.0,,GW,interpolated,02.08.2024,Julian Bornemann <jb@wip.tu-berlin.de>
IT,CH,Power,2028,0.0,,GW,interpolated,02.08.2024,Julian Bornemann <jb@wip.tu-berlin.de>
IT,CH,Power,2029,0.0,,GW,interpolated,02.08.2024,Julian Bornemann <jb@wip.tu-berlin.de>
IT,CH,Power,2031,0.1,,GW,interpolated,02.08.2024,Julian Bornemann <jb@wip.tu-berlin.de>
IT,CH,Power,2032,0.2,,GW,interpolated,02.08.2024,Julian Bornemann <jb@wip.tu-berlin.de>
IT,CH,Power,2033,0.3,,GW,interpolated,02.08.2024,Julian Bornemann <jb@wip.tu-berlin.de>
IT,CH,Power,2034,0.4,,GW,interpolated,02.08.2024,Julian Bornemann <jb@wip.tu-berlin.de>
IT,CH,Power,2036,0.5,,GW,interpolated,02.08.2024,Julian Bornemann <jb@wip.tu-berlin.de>
IT,CH,Power,2037,0.5,,GW,interpolated,02.08.2024,Julian Bornemann <jb@wip.tu-berlin.de>
IT,CH,Power,2038,0.5,,GW,interpolated,02.08.2024,Julian Bornemann <jb@wip.tu-berlin.de>
IT,CH,Power,2039,0.5,,GW,interpolated,02.08.2024,Julian Bornemann <jb@wip.tu-berlin.de>
IT,GR,Power,2026,0.0,,GW,interpolated,02.08.2024,Julian Bornemann <jb@wip.tu-berlin.de>
IT,GR,Power,2027,0.0,,GW,interpolated,02.08.2024,Julian Bornemann <jb@wip.tu-berlin.de>
IT,GR,Power,2028,0.0,,GW,interpolated,02.08.2024,Julian Bornemann <jb@wip.tu-berlin.de>
IT,GR,Power,2029,0.0,,GW,interpolated,02.08.2024,Julian Bornemann <jb@wip.tu-berlin.de>
IT,GR,Power,2031,0.0,,GW,interpolated,02.08.2024,Julian Bornemann <jb@wip.tu-berlin.de>
IT,GR,Power,2032,0.0,,GW,interpolated,02.08.2024,Julian Bornemann <jb@wip.tu-berlin.de>
IT,GR,Power,2033,0.0,,GW,interpolated,02.08.2024,Julian Bornemann <jb@wip.tu-berlin.de>
IT,GR,Power,2034,0.0,,GW,interpolated,02.08.2024,Julian Bornemann <jb@wip.tu-berlin.de>
IT,GR,Power,2036,0.0,,GW,interpolated,02.08.2024,Julian Bornemann <jb@wip.tu-berlin.de>
IT,GR,Power,2037,0.0,,GW,interpolated,02.08.2024,Julian Bornemann <jb@wip.tu-berlin.de>
IT,GR,Power,2038,0.0,,GW,interpolated,02.08.2024,Julian Bornemann <jb@wip.tu-berlin.de>
IT,GR,Power,2039,0.0,,GW,interpolated,02.08.2024,Julian Bornemann <jb@wip.tu-berlin.de>
IT,NONEU_Balkan,Power,2026,0.0,,GW,interpolated,02.08.2024,Julian Bornemann <jb@wip.tu-berlin.de>
IT,NONEU_Balkan,Power,2027,0.0,,GW,interpolated,02.08.2024,Julian Bornemann <jb@wip.tu-berlin.de>
IT,NONEU_Balkan,Power,2028,0.0,,GW,interpolated,02.08.2024,Julian Bornemann <jb@wip.tu-berlin.de>
IT,NONEU_Balkan,Power,2029,0.0,,GW,interpolated,02.08.2024,Julian Bornemann <jb@wip.tu-berlin.de>
IT,NONEU_Balkan,Power,2031,0.06,,GW,interpolated,02.08.2024,Julian Bornemann <jb@wip.tu-berlin.de>
IT,NONEU_Balkan,Power,2032,0.12,,GW,interpolated,02.08.2024,Julian Bornemann <jb@wip.tu-berlin.de>
IT,NONEU_Balkan,Power,2033,0.18,,GW,interpolated,02.08.2024,Julian Bornemann <jb@wip.tu-berlin.de>
IT,NONEU_Balkan,Power,2034,0.24,,GW,interpolated,02.08.2024,Julian Bornemann <jb@wip.tu-berlin.de>
IT,NONEU_Balkan,Power,2036,0.3,,GW,interpolated,02.08.2024,Julian Bornemann <jb@wip.tu-berlin.de>
IT,NONEU_Balkan,Power,2037,0.3,,GW,interpolated,02.08.2024,Julian Bornemann <jb@wip.tu-berlin.de>
IT,NONEU_Balkan,Power,2038,0.3,,GW,interpolated,02.08.2024,Julian Bornemann <jb@wip.tu-berlin.de>
IT,NONEU_Balkan,Power,2039,0.3,,GW,interpolated,02.08.2024,Julian Bornemann <jb@wip.tu-berlin.de>
IT,SI,Power,2026,0.002,,GW,interpolated,02.08.2024,Julian Bornemann <jb@wip.tu-berlin.de>
IT,SI,Power,2027,0.004,,GW,interpolated,02.08.2024,Julian Bornemann <jb@wip.tu-berlin.de>
IT,SI,Power,2028,0.006,,GW,interpolated,02.08.2024,Julian Bornemann <jb@wip.tu-berlin.de>
IT,SI,Power,2029,0.008,,GW,interpolated,02.08.2024,Julian Bornemann <jb@wip.tu-berlin.de>
IT,SI,Power,2031,0.008,,GW,interpolated,02.08.2024,Julian Bornemann <jb@wip.tu-berlin.de>
IT,SI,Power,2032,0.006,,GW,interpolated,02.08.2024,Julian Bornemann <jb@wip.tu-berlin.de>
IT,SI,Power,2033,0.004,,GW,interpolated,02.08.2024,Julian Bornemann <jb@wip.tu-berlin.de>
IT,SI,Power,2034,0.002,,GW,interpolated,02.08.2024,Julian Bornemann <jb@wip.tu-berlin.de>
IT,SI,Power,2036,0.0,,GW,interpolated,02.08.2024,Julian Bornemann <jb@wip.tu-berlin.de>
IT,SI,Power,2037,0.0,,GW,interpolated,02.08.2024,Julian Bornemann <jb@wip.tu-berlin.de>
IT,SI,Power,2038,0.0,,GW,interpolated,02.08.2024,Julian Bornemann <jb@wip.tu-berlin.de>
IT,SI,Power,2039,0.0,,GW,interpolated,02.08.2024,Julian Bornemann <jb@wip.tu-berlin.de>
LT,LV,H2,2036,0.0,,PJ,interpolated,02.08.2024,Julian Bornemann <jb@wip.tu-berlin.de>
LT,LV,H2,2037,0.0,,PJ,interpolated,02.08.2024,Julian Bornemann <jb@wip.tu-berlin.de>
LT,LV,H2,2038,0.0,,PJ,interpolated,02.08.2024,Julian Bornemann <jb@wip.tu-berlin.de>
LT,LV,H2,2039,0.0,,PJ,interpolated,02.08.2024,Julian Bornemann <jb@wip.tu-berlin.de>
LT,PL,H2,2036,0.0,,PJ,interpolated,02.08.2024,Julian Bornemann <jb@wip.tu-berlin.de>
LT,PL,H2,2037,0.0,,PJ,interpolated,02.08.2024,Julian Bornemann <jb@wip.tu-berlin.de>
LT,PL,H2,2038,0.0,,PJ,interpolated,02.08.2024,Julian Bornemann <jb@wip.tu-berlin.de>
LT,PL,H2,2039,0.0,,PJ,interpolated,02.08.2024,Julian Bornemann <jb@wip.tu-berlin.de>
LT,LV,Power,2026,0.0,,GW,interpolated,02.08.2024,Julian Bornemann <jb@wip.tu-berlin.de>
LT,LV,Power,2027,0.0,,GW,interpolated,02.08.2024,Julian Bornemann <jb@wip.tu-berlin.de>
LT,LV,Power,2028,0.0,,GW,interpolated,02.08.2024,Julian Bornemann <jb@wip.tu-berlin.de>
LT,LV,Power,2029,0.0,,GW,interpolated,02.08.2024,Julian Bornemann <jb@wip.tu-berlin.de>
LT,LV,Power,2031,0.0,,GW,interpolated,02.08.2024,Julian Bornemann <jb@wip.tu-berlin.de>
LT,LV,Power,2032,0.0,,GW,interpolated,02.08.2024,Julian Bornemann <jb@wip.tu-berlin.de>
LT,LV,Power,2033,0.0,,GW,interpolated,02.08.2024,Julian Bornemann <jb@wip.tu-berlin.de>
LT,LV,Power,2034,0.0,,GW,interpolated,02.08.2024,Julian Bornemann <jb@wip.tu-berlin.de>
LT,LV,Power,2036,0.0,,GW,interpolated,02.08.2024,Julian Bornemann <jb@wip.tu-berlin.de>
LT,LV,Power,2037,0.0,,GW,interpolated,02.08.2024,Julian Bornemann <jb@wip.tu-berlin.de>
LT,LV,Power,2038,0.0,,GW,interpolated,02.08.2024,Julian Bornemann <jb@wip.tu-berlin.de>
LT,LV,Power,2039,0.0,,GW,interpolated,02.08.2024,Julian Bornemann <jb@wip.tu-berlin.de>
LT,PL,Power,2026,0.5,,GW,interpolated,02.08.2024,Julian Bornemann <jb@wip.tu-berlin.de>
LT,PL,Power,2027,0.5,,GW,interpolated,02.08.2024,Julian Bornemann <jb@wip.tu-berlin.de>
LT,PL,Power,2028,0.5,,GW,interpolated,02.08.2024,Julian Bornemann <jb@wip.tu-berlin.de>
LT,PL,Power,2029,0.5,,GW,interpolated,02.08.2024,Julian Bornemann <jb@wip.tu-berlin.de>
LT,PL,Power,2031,0.4,,GW,interpolated,02.08.2024,Julian Bornemann <jb@wip.tu-berlin.de>
LT,PL,Power,2032,0.3,,GW,interpolated,02.08.2024,Julian Bornemann <jb@wip.tu-berlin.de>
LT,PL,Power,2033,0.2,,GW,interpolated,02.08.2024,Julian Bornemann <jb@wip.tu-berlin.de>
LT,PL,Power,2034,0.1,,GW,interpolated,02.08.2024,Julian Bornemann <jb@wip.tu-berlin.de>
LT,PL,Power,2036,0.0,,GW,interpolated,02.08.2024,Julian Bornemann <jb@wip.tu-berlin.de>
LT,PL,Power,2037,0.0,,GW,interpolated,02.08.2024,Julian Bornemann <jb@wip.tu-berlin.de>
LT,PL,Power,2038,0.0,,GW,interpolated,02.08.2024,Julian Bornemann <jb@wip.tu-berlin.de>
LT,PL,Power,2039,0.0,,GW,interpolated,02.08.2024,Julian Bornemann <jb@wip.tu-berlin.de>
LT,SE,Power,2026,0.0,,GW,interpolated,02.08.2024,Julian Bornemann <jb@wip.tu-berlin.de>
LT,SE,Power,2027,0.0,,GW,interpolated,02.08.2024,Julian Bornemann <jb@wip.tu-berlin.de>
LT,SE,Power,2028,0.0,,GW,interpolated,02.08.2024,Julian Bornemann <jb@wip.tu-berlin.de>
LT,SE,Power,2029,0.0,,GW,interpolated,02.08.2024,Julian Bornemann <jb@wip.tu-berlin.de>
LT,SE,Power,2031,0.0,,GW,interpolated,02.08.2024,Julian Bornemann <jb@wip.tu-berlin.de>
LT,SE,Power,2032,0.0,,GW,interpolated,02.08.2024,Julian Bornemann <jb@wip.tu-berlin.de>
LT,SE,Power,2033,0.0,,GW,interpolated,02.08.2024,Julian Bornemann <jb@wip.tu-berlin.de>
LT,SE,Power,2034,0.0,,GW,interpolated,02.08.2024,Julian Bornemann <jb@wip.tu-berlin.de>
LT,SE,Power,2036,0.0,,GW,interpolated,02.08.2024,Julian Bornemann <jb@wip.tu-berlin.de>
LT,SE,Power,2037,0.0,,GW,interpolated,02.08.2024,Julian Bornemann <jb@wip.tu-berlin.de>
LT,SE,Power,2038,0.0,,GW,interpolated,02.08.2024,Julian Bornemann <jb@wip.tu-berlin.de>
LT,SE,Power,2039,0.0,,GW,interpolated,02.08.2024,Julian Bornemann <jb@wip.tu-berlin.de>
LU,BE,H2,2031,0.0,,PJ,interpolated,02.08.2024,Julian Bornemann <jb@wip.tu-berlin.de>
LU,BE,H2,2032,0.0,,PJ,interpolated,02.08.2024,Julian Bornemann <jb@wip.tu-berlin.de>
LU,BE,H2,2033,0.0,,PJ,interpolated,02.08.2024,Julian Bornemann <jb@wip.tu-berlin.de>
LU,BE,H2,2034,0.0,,PJ,interpolated,02.08.2024,Julian Bornemann <jb@wip.tu-berlin.de>
LU,BE,H2,2036,0.0,,PJ,interpolated,02.08.2024,Julian Bornemann <jb@wip.tu-berlin.de>
LU,BE,H2,2037,0.0,,PJ,interpolated,02.08.2024,Julian Bornemann <jb@wip.tu-berlin.de>
LU,BE,H2,2038,0.0,,PJ,interpolated,02.08.2024,Julian Bornemann <jb@wip.tu-berlin.de>
LU,BE,H2,2039,0.0,,PJ,interpolated,02.08.2024,Julian Bornemann <jb@wip.tu-berlin.de>
LU,BE,Power,2026,0.0,,GW,interpolated,02.08.2024,Julian Bornemann <jb@wip.tu-berlin.de>
LU,BE,Power,2027,0.0,,GW,interpolated,02.08.2024,Julian Bornemann <jb@wip.tu-berlin.de>
LU,BE,Power,2028,0.0,,GW,interpolated,02.08.2024,Julian Bornemann <jb@wip.tu-berlin.de>
LU,BE,Power,2029,0.0,,GW,interpolated,02.08.2024,Julian Bornemann <jb@wip.tu-berlin.de>
LU,BE,Power,2031,0.0,,GW,interpolated,02.08.2024,Julian Bornemann <jb@wip.tu-berlin.de>
LU,BE,Power,2032,0.0,,GW,interpolated,02.08.2024,Julian Bornemann <jb@wip.tu-berlin.de>
LU,BE,Power,2033,0.0,,GW,interpolated,02.08.2024,Julian Bornemann <jb@wip.tu-berlin.de>
LU,BE,Power,2034,0.0,,GW,interpolated,02.08.2024,Julian Bornemann <jb@wip.tu-berlin.de>
LU,BE,Power,2036,0.0,,GW,interpolated,02.08.2024,Julian Bornemann <jb@wip.tu-berlin.de>
LU,BE,Power,2037,0.0,,GW,interpolated,02.08.2024,Julian Bornemann <jb@wip.tu-berlin.de>
LU,BE,Power,2038,0.0,,GW,interpolated,02.08.2024,Julian Bornemann <jb@wip.tu-berlin.de>
LU,BE,Power,2039,0.0,,GW,interpolated,02.08.2024,Julian Bornemann <jb@wip.tu-berlin.de>
LU,DE,Power,2026,0.2,,GW,interpolated,02.08.2024,Julian Bornemann <jb@wip.tu-berlin.de>
LU,DE,Power,2027,0.4,,GW,interpolated,02.08.2024,Julian Bornemann <jb@wip.tu-berlin.de>
LU,DE,Power,2028,0.6,,GW,interpolated,02.08.2024,Julian Bornemann <jb@wip.tu-berlin.de>
LU,DE,Power,2029,0.8,,GW,interpolated,02.08.2024,Julian Bornemann <jb@wip.tu-berlin.de>
LU,DE,Power,2031,0.84,,GW,interpolated,02.08.2024,Julian Bornemann <jb@wip.tu-berlin.de>
LU,DE,Power,2032,0.68,,GW,interpolated,02.08.2024,Julian Bornemann <jb@wip.tu-berlin.de>
LU,DE,Power,2033,0.52,,GW,interpolated,02.08.2024,Julian Bornemann <jb@wip.tu-berlin.de>
LU,DE,Power,2034,0.36,,GW,interpolated,02.08.2024,Julian Bornemann <jb@wip.tu-berlin.de>
LU,DE,Power,2036,0.2,,GW,interpolated,02.08.2024,Julian Bornemann <jb@wip.tu-berlin.de>
LU,DE,Power,2037,0.2,,GW,interpolated,02.08.2024,Julian Bornemann <jb@wip.tu-berlin.de>
LU,DE,Power,2038,0.2,,GW,interpolated,02.08.2024,Julian Bornemann <jb@wip.tu-berlin.de>
LU,DE,Power,2039,0.2,,GW,interpolated,02.08.2024,Julian Bornemann <jb@wip.tu-berlin.de>
LV,EE,H2,2036,0.0,,PJ,interpolated,02.08.2024,Julian Bornemann <jb@wip.tu-berlin.de>
LV,EE,H2,2037,0.0,,PJ,interpolated,02.08.2024,Julian Bornemann <jb@wip.tu-berlin.de>
LV,EE,H2,2038,0.0,,PJ,interpolated,02.08.2024,Julian Bornemann <jb@wip.tu-berlin.de>
LV,EE,H2,2039,0.0,,PJ,interpolated,02.08.2024,Julian Bornemann <jb@wip.tu-berlin.de>
LV,LT,H2,2036,0.0,,PJ,interpolated,02.08.2024,Julian Bornemann <jb@wip.tu-berlin.de>
LV,LT,H2,2037,0.0,,PJ,interpolated,02.08.2024,Julian Bornemann <jb@wip.tu-berlin.de>
LV,LT,H2,2038,0.0,,PJ,interpolated,02.08.2024,Julian Bornemann <jb@wip.tu-berlin.de>
LV,LT,H2,2039,0.0,,PJ,interpolated,02.08.2024,Julian Bornemann <jb@wip.tu-berlin.de>
LV,EE,Power,2026,0.88,,GW,interpolated,02.08.2024,Julian Bornemann <jb@wip.tu-berlin.de>
LV,EE,Power,2027,0.66,,GW,interpolated,02.08.2024,Julian Bornemann <jb@wip.tu-berlin.de>
LV,EE,Power,2028,0.44,,GW,interpolated,02.08.2024,Julian Bornemann <jb@wip.tu-berlin.de>
LV,EE,Power,2029,0.22,,GW,interpolated,02.08.2024,Julian Bornemann <jb@wip.tu-berlin.de>
LV,EE,Power,2031,0.0,,GW,interpolated,02.08.2024,Julian Bornemann <jb@wip.tu-berlin.de>
LV,EE,Power,2032,0.0,,GW,interpolated,02.08.2024,Julian Bornemann <jb@wip.tu-berlin.de>
LV,EE,Power,2033,0.0,,GW,interpolated,02.08.2024,Julian Bornemann <jb@wip.tu-berlin.de>
LV,EE,Power,2034,0.0,,GW,interpolated,02.08.2024,Julian Bornemann <jb@wip.tu-berlin.de>
LV,EE,Power,2036,0.0,,GW,interpolated,02.08.2024,Julian Bornemann <jb@wip.tu-berlin.de>
LV,EE,Power,2037,0.0,,GW,interpolated,02.08.2024,Julian Bornemann <jb@wip.tu-berlin.de>
LV,EE,Power,2038,0.0,,GW,interpolated,02.08.2024,Julian Bornemann <jb@wip.tu-berlin.de>
LV,EE,Power,2039,0.0,,GW,interpolated,02.08.2024,Julian Bornemann <jb@wip.tu-berlin.de>
LV,LT,Power,2026,0.0,,GW,interpolated,02.08.2024,Julian Bornemann <jb@wip.tu-berlin.de>
LV,LT,Power,2027,0.0,,GW,interpolated,02.08.2024,Julian Bornemann <jb@wip.tu-berlin.de>
LV,LT,Power,2028,0.0,,GW,interpolated,02.08.2024,Julian Bornemann <jb@wip.tu-berlin.de>
LV,LT,Power,2029,0.0,,GW,interpolated,02.08.2024,Julian Bornemann <jb@wip.tu-berlin.de>
LV,LT,Power,2031,0.0,,GW,interpolated,02.08.2024,Julian Bornemann <jb@wip.tu-berlin.de>
LV,LT,Power,2032,0.0,,GW,interpolated,02.08.2024,Julian Bornemann <jb@wip.tu-berlin.de>
LV,LT,Power,2033,0.0,,GW,interpolated,02.08.2024,Julian Bornemann <jb@wip.tu-berlin.de>
LV,LT,Power,2034,0.0,,GW,interpolated,02.08.2024,Julian Bornemann <jb@wip.tu-berlin.de>
LV,LT,Power,2036,0.0,,GW,interpolated,02.08.2024,Julian Bornemann <jb@wip.tu-berlin.de>
LV,LT,Power,2037,0.0,,GW,interpolated,02.08.2024,Julian Bornemann <jb@wip.tu-berlin.de>
LV,LT,Power,2038,0.0,,GW,interpolated,02.08.2024,Julian Bornemann <jb@wip.tu-berlin.de>
LV,LT,Power,2039,0.0,,GW,interpolated,02.08.2024,Julian Bornemann <jb@wip.tu-berlin.de>
NL,DE,H2,2036,0.0,,PJ,interpolated,02.08.2024,Julian Bornemann <jb@wip.tu-berlin.de>
NL,DE,H2,2037,0.0,,PJ,interpolated,02.08.2024,Julian Bornemann <jb@wip.tu-berlin.de>
NL,DE,H2,2038,0.0,,PJ,interpolated,02.08.2024,Julian Bornemann <jb@wip.tu-berlin.de>
NL,DE,H2,2039,0.0,,PJ,interpolated,02.08.2024,Julian Bornemann <jb@wip.tu-berlin.de>
NL,BE,Power,2026,1.6,,GW,interpolated,02.08.2024,Julian Bornemann <jb@wip.tu-berlin.de>
NL,BE,Power,2027,1.2,,GW,interpolated,02.08.2024,Julian Bornemann <jb@wip.tu-berlin.de>
NL,BE,Power,2028,0.8,,GW,interpolated,02.08.2024,Julian Bornemann <jb@wip.tu-berlin.de>
NL,BE,Power,2029,0.4,,GW,interpolated,02.08.2024,Julian Bornemann <jb@wip.tu-berlin.de>
NL,BE,Power,2031,0.2,,GW,interpolated,02.08.2024,Julian Bornemann <jb@wip.tu-berlin.de>
NL,BE,Power,2032,0.4,,GW,interpolated,02.08.2024,Julian Bornemann <jb@wip.tu-berlin.de>
NL,BE,Power,2033,0.6,,GW,interpolated,02.08.2024,Julian Bornemann <jb@wip.tu-berlin.de>
NL,BE,Power,2034,0.8,,GW,interpolated,02.08.2024,Julian Bornemann <jb@wip.tu-berlin.de>
NL,BE,Power,2036,1.0,,GW,interpolated,02.08.2024,Julian Bornemann <jb@wip.tu-berlin.de>
NL,BE,Power,2037,1.0,,GW,interpolated,02.08.2024,Julian Bornemann <jb@wip.tu-berlin.de>
NL,BE,Power,2038,1.0,,GW,interpolated,02.08.2024,Julian Bornemann <jb@wip.tu-berlin.de>
NL,BE,Power,2039,1.0,,GW,interpolated,02.08.2024,Julian Bornemann <jb@wip.tu-berlin.de>
NL,DE,Power,2026,0.84,,GW,interpolated,02.08.2024,Julian Bornemann <jb@wip.tu-berlin.de>
NL,DE,Power,2027,0.63,,GW,interpolated,02.08.2024,Julian Bornemann <jb@wip.tu-berlin.de>
NL,DE,Power,2028,0.42,,GW,interpolated,02.08.2024,Julian Bornemann <jb@wip.tu-berlin.de>
NL,DE,Power,2029,0.21,,GW,interpolated,02.08.2024,Julian Bornemann <jb@wip.tu-berlin.de>
NL,DE,Power,2031,0.0,,GW,interpolated,02.08.2024,Julian Bornemann <jb@wip.tu-berlin.de>
NL,DE,Power,2032,0.0,,GW,interpolated,02.08.2024,Julian Bornemann <jb@wip.tu-berlin.de>
NL,DE,Power,2033,0.0,,GW,interpolated,02.08.2024,Julian Bornemann <jb@wip.tu-berlin.de>
NL,DE,Power,2034,0.0,,GW,interpolated,02.08.2024,Julian Bornemann <jb@wip.tu-berlin.de>
NL,DE,Power,2036,0.0,,GW,interpolated,02.08.2024,Julian Bornemann <jb@wip.tu-berlin.de>
NL,DE,Power,2037,0.0,,GW,interpolated,02.08.2024,Julian Bornemann <jb@wip.tu-berlin.de>
NL,DE,Power,2038,0.0,,GW,interpolated,02.08.2024,Julian Bornemann <jb@wip.tu-berlin.de>
NL,DE,Power,2039,0.0,,GW,interpolated,02.08.2024,Julian Bornemann <jb@wip.tu-berlin.de>
NL,DK,Power,2026,0.0,,GW,interpolated,02.08.2024,Julian Bornemann <jb@wip.tu-berlin.de>
NL,DK,Power,2027,0.0,,GW,interpolated,02.08.2024,Julian Bornemann <jb@wip.tu-berlin.de>
NL,DK,Power,2028,0.0,,GW,interpolated,02.08.2024,Julian Bornemann <jb@wip.tu-berlin.de>
NL,DK,Power,2029,0.0,,GW,interpolated,02.08.2024,Julian Bornemann <jb@wip.tu-berlin.de>
NL,DK,Power,2031,0.0,,GW,interpolated,02.08.2024,Julian Bornemann <jb@wip.tu-berlin.de>
NL,DK,Power,2032,0.0,,GW,interpolated,02.08.2024,Julian Bornemann <jb@wip.tu-berlin.de>
NL,DK,Power,2033,0.0,,GW,interpolated,02.08.2024,Julian Bornemann <jb@wip.tu-berlin.de>
NL,DK,Power,2034,0.0,,GW,interpolated,02.08.2024,Julian Bornemann <jb@wip.tu-berlin.de>
NL,DK,Power,2036,0.0,,GW,interpolated,02.08.2024,Julian Bornemann <jb@wip.tu-berlin.de>
NL,DK,Power,2037,0.0,,GW,interpolated,02.08.2024,Julian Bornemann <jb@wip.tu-berlin.de>
NL,DK,Power,2038,0.0,,GW,interpolated,02.08.2024,Julian Bornemann <jb@wip.tu-berlin.de>
NL,DK,Power,2039,0.0,,GW,interpolated,02.08.2024,Julian Bornemann <jb@wip.tu-berlin.de>
NL,NO,Power,2026,0.0,,GW,interpolated,02.08.2024,Julian Bornemann <jb@wip.tu-berlin.de>
NL,NO,Power,2027,0.0,,GW,interpolated,02.08.2024,Julian Bornemann <jb@wip.tu-berlin.de>
NL,NO,Power,2028,0.0,,GW,interpolated,02.08.2024,Julian Bornemann <jb@wip.tu-berlin.de>
NL,NO,Power,2029,0.0,,GW,interpolated,02.08.2024,Julian Bornemann <jb@wip.tu-berlin.de>
NL,NO,Power,2031,0.0,,GW,interpolated,02.08.2024,Julian Bornemann <jb@wip.tu-berlin.de>
NL,NO,Power,2032,0.0,,GW,interpolated,02.08.2024,Julian Bornemann <jb@wip.tu-berlin.de>
NL,NO,Power,2033,0.0,,GW,interpolated,02.08.2024,Julian Bornemann <jb@wip.tu-berlin.de>
NL,NO,Power,2034,0.0,,GW,interpolated,02.08.2024,Julian Bornemann <jb@wip.tu-berlin.de>
NL,NO,Power,2036,0.0,,GW,interpolated,02.08.2024,Julian Bornemann <jb@wip.tu-berlin.de>
NL,NO,Power,2037,0.0,,GW,interpolated,02.08.2024,Julian Bornemann <jb@wip.tu-berlin.de>
NL,NO,Power,2038,0.0,,GW,interpolated,02.08.2024,Julian Bornemann <jb@wip.tu-berlin.de>
NL,NO,Power,2039,0.0,,GW,interpolated,02.08.2024,Julian Bornemann <jb@wip.tu-berlin.de>
NL,UK,Power,2026,0.0,,GW,interpolated,02.08.2024,Julian Bornemann <jb@wip.tu-berlin.de>
NL,UK,Power,2027,0.0,,GW,interpolated,02.08.2024,Julian Bornemann <jb@wip.tu-berlin.de>
NL,UK,Power,2028,0.0,,GW,interpolated,02.08.2024,Julian Bornemann <jb@wip.tu-berlin.de>
NL,UK,Power,2029,0.0,,GW,interpolated,02.08.2024,Julian Bornemann <jb@wip.tu-berlin.de>
NL,UK,Power,2031,0.2,,GW,interpolated,02.08.2024,Julian Bornemann <jb@wip.tu-berlin.de>
NL,UK,Power,2032,0.4,,GW,interpolated,02.08.2024,Julian Bornemann <jb@wip.tu-berlin.de>
NL,UK,Power,2033,0.6,,GW,interpolated,02.08.2024,Julian Bornemann <jb@wip.tu-berlin.de>
NL,UK,Power,2034,0.8,,GW,interpolated,02.08.2024,Julian Bornemann <jb@wip.tu-berlin.de>
NL,UK,Power,2036,1.0,,GW,interpolated,02.08.2024,Julian Bornemann <jb@wip.tu-berlin.de>
NL,UK,Power,2037,1.0,,GW,interpolated,02.08.2024,Julian Bornemann <jb@wip.tu-berlin.de>
NL,UK,Power,2038,1.0,,GW,interpolated,02.08.2024,Julian Bornemann <jb@wip.tu-berlin.de>
NL,UK,Power,2039,1.0,,GW,interpolated,02.08.2024,Julian Bornemann <jb@wip.tu-berlin.de>
NO,BE,H2,2031,0.0,,PJ,interpolated,02.08.2024,Julian Bornemann <jb@wip.tu-berlin.de>
NO,BE,H2,2032,0.0,,PJ,interpolated,02.08.2024,Julian Bornemann <jb@wip.tu-berlin.de>
NO,BE,H2,2033,0.0,,PJ,interpolated,02.08.2024,Julian Bornemann <jb@wip.tu-berlin.de>
NO,BE,H2,2034,0.0,,PJ,interpolated,02.08.2024,Julian Bornemann <jb@wip.tu-berlin.de>
NO,BE,H2,2036,0.0,,PJ,interpolated,02.08.2024,Julian Bornemann <jb@wip.tu-berlin.de>
NO,BE,H2,2037,0.0,,PJ,interpolated,02.08.2024,Julian Bornemann <jb@wip.tu-berlin.de>
NO,BE,H2,2038,0.0,,PJ,interpolated,02.08.2024,Julian Bornemann <jb@wip.tu-berlin.de>
NO,BE,H2,2039,0.0,,PJ,interpolated,02.08.2024,Julian Bornemann <jb@wip.tu-berlin.de>
NO,DE,H2,2036,0.0,,PJ,interpolated,02.08.2024,Julian Bornemann <jb@wip.tu-berlin.de>
NO,DE,H2,2037,0.0,,PJ,interpolated,02.08.2024,Julian Bornemann <jb@wip.tu-berlin.de>
NO,DE,H2,2038,0.0,,PJ,interpolated,02.08.2024,Julian Bornemann <jb@wip.tu-berlin.de>
NO,DE,H2,2039,0.0,,PJ,interpolated,02.08.2024,Julian Bornemann <jb@wip.tu-berlin.de>
NO,DE,Power,2026,0.0,,GW,interpolated,02.08.2024,Julian Bornemann <jb@wip.tu-berlin.de>
NO,DE,Power,2027,0.0,,GW,interpolated,02.08.2024,Julian Bornemann <jb@wip.tu-berlin.de>
NO,DE,Power,2028,0.0,,GW,interpolated,02.08.2024,Julian Bornemann <jb@wip.tu-berlin.de>
NO,DE,Power,2029,0.0,,GW,interpolated,02.08.2024,Julian Bornemann <jb@wip.tu-berlin.de>
NO,DE,Power,2031,0.0,,GW,interpolated,02.08.2024,Julian Bornemann <jb@wip.tu-berlin.de>
NO,DE,Power,2032,0.0,,GW,interpolated,02.08.2024,Julian Bornemann <jb@wip.tu-berlin.de>
NO,DE,Power,2033,0.0,,GW,interpolated,02.08.2024,Julian Bornemann <jb@wip.tu-berlin.de>
NO,DE,Power,2034,0.0,,GW,interpolated,02.08.2024,Julian Bornemann <jb@wip.tu-berlin.de>
NO,DE,Power,2036,0.0,,GW,interpolated,02.08.2024,Julian Bornemann <jb@wip.tu-berlin.de>
NO,DE,Power,2037,0.0,,GW,interpolated,02.08.2024,Julian Bornemann <jb@wip.tu-berlin.de>
NO,DE,Power,2038,0.0,,GW,interpolated,02.08.2024,Julian Bornemann <jb@wip.tu-berlin.de>
NO,DE,Power,2039,0.0,,GW,interpolated,02.08.2024,Julian Bornemann <jb@wip.tu-berlin.de>
NO,DK,Power,2026,0.0,,GW,interpolated,02.08.2024,Julian Bornemann <jb@wip.tu-berlin.de>
NO,DK,Power,2027,0.0,,GW,interpolated,02.08.2024,Julian Bornemann <jb@wip.tu-berlin.de>
NO,DK,Power,2028,0.0,,GW,interpolated,02.08.2024,Julian Bornemann <jb@wip.tu-berlin.de>
NO,DK,Power,2029,0.0,,GW,interpolated,02.08.2024,Julian Bornemann <jb@wip.tu-berlin.de>
NO,DK,Power,2031,0.0,,GW,interpolated,02.08.2024,Julian Bornemann <jb@wip.tu-berlin.de>
NO,DK,Power,2032,0.0,,GW,interpolated,02.08.2024,Julian Bornemann <jb@wip.tu-berlin.de>
NO,DK,Power,2033,0.0,,GW,interpolated,02.08.2024,Julian Bornemann <jb@wip.tu-berlin.de>
NO,DK,Power,2034,0.0,,GW,interpolated,02.08.2024,Julian Bornemann <jb@wip.tu-berlin.de>
NO,DK,Power,2036,0.0,,GW,interpolated,02.08.2024,Julian Bornemann <jb@wip.tu-berlin.de>
NO,DK,Power,2037,0.0,,GW,interpolated,02.08.2024,Julian Bornemann <jb@wip.tu-berlin.de>
NO,DK,Power,2038,0.0,,GW,interpolated,02.08.2024,Julian Bornemann <jb@wip.tu-berlin.de>
NO,DK,Power,2039,0.0,,GW,interpolated,02.08.2024,Julian Bornemann <jb@wip.tu-berlin.de>
NO,FI,Power,2026,0.0,,GW,interpolated,02.08.2024,Julian Bornemann <jb@wip.tu-berlin.de>
NO,FI,Power,2027,0.0,,GW,interpolated,02.08.2024,Julian Bornemann <jb@wip.tu-berlin.de>
NO,FI,Power,2028,0.0,,GW,interpolated,02.08.2024,Julian Bornemann <jb@wip.tu-berlin.de>
NO,FI,Power,2029,0.0,,GW,interpolated,02.08.2024,Julian Bornemann <jb@wip.tu-berlin.de>
NO,FI,Power,2031,0.0,,GW,interpolated,02.08.2024,Julian Bornemann <jb@wip.tu-berlin.de>
NO,FI,Power,2032,0.0,,GW,interpolated,02.08.2024,Julian Bornemann <jb@wip.tu-berlin.de>
NO,FI,Power,2033,0.0,,GW,interpolated,02.08.2024,Julian Bornemann <jb@wip.tu-berlin.de>
NO,FI,Power,2034,0.0,,GW,interpolated,02.08.2024,Julian Bornemann <jb@wip.tu-berlin.de>
NO,FI,Power,2036,0.0,,GW,interpolated,02.08.2024,Julian Bornemann <jb@wip.tu-berlin.de>
NO,FI,Power,2037,0.0,,GW,interpolated,02.08.2024,Julian Bornemann <jb@wip.tu-berlin.de>
NO,FI,Power,2038,0.0,,GW,interpolated,02.08.2024,Julian Bornemann <jb@wip.tu-berlin.de>
NO,FI,Power,2039,0.0,,GW,interpolated,02.08.2024,Julian Bornemann <jb@wip.tu-berlin.de>
NO,NL,Power,2026,0.0,,GW,interpolated,02.08.2024,Julian Bornemann <jb@wip.tu-berlin.de>
NO,NL,Power,2027,0.0,,GW,interpolated,02.08.2024,Julian Bornemann <jb@wip.tu-berlin.de>
NO,NL,Power,2028,0.0,,GW,interpolated,02.08.2024,Julian Bornemann <jb@wip.tu-berlin.de>
NO,NL,Power,2029,0.0,,GW,interpolated,02.08.2024,Julian Bornemann <jb@wip.tu-berlin.de>
NO,NL,Power,2031,0.0,,GW,interpolated,02.08.2024,Julian Bornemann <jb@wip.tu-berlin.de>
NO,NL,Power,2032,0.0,,GW,interpolated,02.08.2024,Julian Bornemann <jb@wip.tu-berlin.de>
NO,NL,Power,2033,0.0,,GW,interpolated,02.08.2024,Julian Bornemann <jb@wip.tu-berlin.de>
NO,NL,Power,2034,0.0,,GW,interpolated,02.08.2024,Julian Bornemann <jb@wip.tu-berlin.de>
NO,NL,Power,2036,0.0,,GW,interpolated,02.08.2024,Julian Bornemann <jb@wip.tu-berlin.de>
NO,NL,Power,2037,0.0,,GW,interpolated,02.08.2024,Julian Bornemann <jb@wip.tu-berlin.de>
NO,NL,Power,2038,0.0,,GW,interpolated,02.08.2024,Julian Bornemann <jb@wip.tu-berlin.de>
NO,NL,Power,2039,0.0,,GW,interpolated,02.08.2024,Julian Bornemann <jb@wip.tu-berlin.de>
NO,SE,Power,2026,0.0,,GW,interpolated,02.08.2024,Julian Bornemann <jb@wip.tu-berlin.de>
NO,SE,Power,2027,0.0,,GW,interpolated,02.08.2024,Julian Bornemann <jb@wip.tu-berlin.de>
NO,SE,Power,2028,0.0,,GW,interpolated,02.08.2024,Julian Bornemann <jb@wip.tu-berlin.de>
NO,SE,Power,2029,0.0,,GW,interpolated,02.08.2024,Julian Bornemann <jb@wip.tu-berlin.de>
NO,SE,Power,2031,0.0,,GW,interpolated,02.08.2024,Julian Bornemann <jb@wip.tu-berlin.de>
NO,SE,Power,2032,0.0,,GW,interpolated,02.08.2024,Julian Bornemann <jb@wip.tu-berlin.de>
NO,SE,Power,2033,0.0,,GW,interpolated,02.08.2024,Julian Bornemann <jb@wip.tu-berlin.de>
NO,SE,Power,2034,0.0,,GW,interpolated,02.08.2024,Julian Bornemann <jb@wip.tu-berlin.de>
NO,SE,Power,2036,0.0,,GW,interpolated,02.08.2024,Julian Bornemann <jb@wip.tu-berlin.de>
NO,SE,Power,2037,0.0,,GW,interpolated,02.08.2024,Julian Bornemann <jb@wip.tu-berlin.de>
NO,SE,Power,2038,0.0,,GW,interpolated,02.08.2024,Julian Bornemann <jb@wip.tu-berlin.de>
NO,SE,Power,2039,0.0,,GW,interpolated,02.08.2024,Julian Bornemann <jb@wip.tu-berlin.de>
NO,UK,Power,2026,0.28,,GW,interpolated,02.08.2024,Julian Bornemann <jb@wip.tu-berlin.de>
NO,UK,Power,2027,0.56,,GW,interpolated,02.08.2024,Julian Bornemann <jb@wip.tu-berlin.de>
NO,UK,Power,2028,0.84,,GW,interpolated,02.08.2024,Julian Bornemann <jb@wip.tu-berlin.de>
NO,UK,Power,2029,1.12,,GW,interpolated,02.08.2024,Julian Bornemann <jb@wip.tu-berlin.de>
NO,UK,Power,2031,1.12,,GW,interpolated,02.08.2024,Julian Bornemann <jb@wip.tu-berlin.de>
NO,UK,Power,2032,0.84,,GW,interpolated,02.08.2024,Julian Bornemann <jb@wip.tu-berlin.de>
NO,UK,Power,2033,0.56,,GW,interpolated,02.08.2024,Julian Bornemann <jb@wip.tu-berlin.de>
NO,UK,Power,2034,0.28,,GW,interpolated,02.08.2024,Julian Bornemann <jb@wip.tu-berlin.de>
NO,UK,Power,2036,0.0,,GW,interpolated,02.08.2024,Julian Bornemann <jb@wip.tu-berlin.de>
NO,UK,Power,2037,0.0,,GW,interpolated,02.08.2024,Julian Bornemann <jb@wip.tu-berlin.de>
NO,UK,Power,2038,0.0,,GW,interpolated,02.08.2024,Julian Bornemann <jb@wip.tu-berlin.de>
NO,UK,Power,2039,0.0,,GW,interpolated,02.08.2024,Julian Bornemann <jb@wip.tu-berlin.de>
NONEU_Balkan,HR,H2,2031,0.0,,PJ,interpolated,02.08.2024,Julian Bornemann <jb@wip.tu-berlin.de>
NONEU_Balkan,HR,H2,2032,0.0,,PJ,interpolated,02.08.2024,Julian Bornemann <jb@wip.tu-berlin.de>
NONEU_Balkan,HR,H2,2033,0.0,,PJ,interpolated,02.08.2024,Julian Bornemann <jb@wip.tu-berlin.de>
NONEU_Balkan,HR,H2,2034,0.0,,PJ,interpolated,02.08.2024,Julian Bornemann <jb@wip.tu-berlin.de>
NONEU_Balkan,HR,H2,2036,0.0,,PJ,interpolated,02.08.2024,Julian Bornemann <jb@wip.tu-berlin.de>
NONEU_Balkan,HR,H2,2037,0.0,,PJ,interpolated,02.08.2024,Julian Bornemann <jb@wip.tu-berlin.de>
NONEU_Balkan,HR,H2,2038,0.0,,PJ,interpolated,02.08.2024,Julian Bornemann <jb@wip.tu-berlin.de>
NONEU_Balkan,HR,H2,2039,0.0,,PJ,interpolated,02.08.2024,Julian Bornemann <jb@wip.tu-berlin.de>
NONEU_Balkan,GR,Power,2026,0.0,,GW,interpolated,02.08.2024,Julian Bornemann <jb@wip.tu-berlin.de>
NONEU_Balkan,GR,Power,2027,0.0,,GW,interpolated,02.08.2024,Julian Bornemann <jb@wip.tu-berlin.de>
NONEU_Balkan,GR,Power,2028,0.0,,GW,interpolated,02.08.2024,Julian Bornemann <jb@wip.tu-berlin.de>
NONEU_Balkan,GR,Power,2029,0.0,,GW,interpolated,02.08.2024,Julian Bornemann <jb@wip.tu-berlin.de>
NONEU_Balkan,GR,Power,2031,0.0,,GW,interpolated,02.08.2024,Julian Bornemann <jb@wip.tu-berlin.de>
NONEU_Balkan,GR,Power,2032,0.0,,GW,interpolated,02.08.2024,Julian Bornemann <jb@wip.tu-berlin.de>
NONEU_Balkan,GR,Power,2033,0.0,,GW,interpolated,02.08.2024,Julian Bornemann <jb@wip.tu-berlin.de>
NONEU_Balkan,GR,Power,2034,0.0,,GW,interpolated,02.08.2024,Julian Bornemann <jb@wip.tu-berlin.de>
NONEU_Balkan,GR,Power,2036,0.0,,GW,interpolated,02.08.2024,Julian Bornemann <jb@wip.tu-berlin.de>
NONEU_Balkan,GR,Power,2037,0.0,,GW,interpolated,02.08.2024,Julian Bornemann <jb@wip.tu-berlin.de>
NONEU_Balkan,GR,Power,2038,0.0,,GW,interpolated,02.08.2024,Julian Bornemann <jb@wip.tu-berlin.de>
NONEU_Balkan,GR,Power,2039,0.0,,GW,interpolated,02.08.2024,Julian Bornemann <jb@wip.tu-berlin.de>
NONEU_Balkan,HR,Power,2026,0.0,,GW,interpolated,02.08.2024,Julian Bornemann <jb@wip.tu-berlin.de>
NONEU_Balkan,HR,Power,2027,0.0,,GW,interpolated,02.08.2024,Julian Bornemann <jb@wip.tu-berlin.de>
NONEU_Balkan,HR,Power,2028,0.0,,GW,interpolated,02.08.2024,Julian Bornemann <jb@wip.tu-berlin.de>
NONEU_Balkan,HR,Power,2029,0.0,,GW,interpolated,02.08.2024,Julian Bornemann <jb@wip.tu-berlin.de>
NONEU_Balkan,HR,Power,2031,0.06,,GW,interpolated,02.08.2024,Julian Bornemann <jb@wip.tu-berlin.de>
NONEU_Balkan,HR,Power,2032,0.12,,GW,interpolated,02.08.2024,Julian Bornemann <jb@wip.tu-berlin.de>
NONEU_Balkan,HR,Power,2033,0.18,,GW,interpolated,02.08.2024,Julian Bornemann <jb@wip.tu-berlin.de>
NONEU_Balkan,HR,Power,2034,0.24,,GW,interpolated,02.08.2024,Julian Bornemann <jb@wip.tu-berlin.de>
NONEU_Balkan,HR,Power,2036,0.3,,GW,interpolated,02.08.2024,Julian Bornemann <jb@wip.tu-berlin.de>
NONEU_Balkan,HR,Power,2037,0.3,,GW,interpolated,02.08.2024,Julian Bornemann <jb@wip.tu-berlin.de>
NONEU_Balkan,HR,Power,2038,0.3,,GW,interpolated,02.08.2024,Julian Bornemann <jb@wip.tu-berlin.de>
NONEU_Balkan,HR,Power,2039,0.3,,GW,interpolated,02.08.2024,Julian Bornemann <jb@wip.tu-berlin.de>
NONEU_Balkan,IT,Power,2026,0.0,,GW,interpolated,02.08.2024,Julian Bornemann <jb@wip.tu-berlin.de>
NONEU_Balkan,IT,Power,2027,0.0,,GW,interpolated,02.08.2024,Julian Bornemann <jb@wip.tu-berlin.de>
NONEU_Balkan,IT,Power,2028,0.0,,GW,interpolated,02.08.2024,Julian Bornemann <jb@wip.tu-berlin.de>
NONEU_Balkan,IT,Power,2029,0.0,,GW,interpolated,02.08.2024,Julian Bornemann <jb@wip.tu-berlin.de>
NONEU_Balkan,IT,Power,2031,0.06,,GW,interpolated,02.08.2024,Julian Bornemann <jb@wip.tu-berlin.de>
NONEU_Balkan,IT,Power,2032,0.12,,GW,interpolated,02.08.2024,Julian Bornemann <jb@wip.tu-berlin.de>
NONEU_Balkan,IT,Power,2033,0.18,,GW,interpolated,02.08.2024,Julian Bornemann <jb@wip.tu-berlin.de>
NONEU_Balkan,IT,Power,2034,0.24,,GW,interpolated,02.08.2024,Julian Bornemann <jb@wip.tu-berlin.de>
NONEU_Balkan,IT,Power,2036,0.3,,GW,interpolated,02.08.2024,Julian Bornemann <jb@wip.tu-berlin.de>
NONEU_Balkan,IT,Power,2037,0.3,,GW,interpolated,02.08.2024,Julian Bornemann <jb@wip.tu-berlin.de>
NONEU_Balkan,IT,Power,2038,0.3,,GW,interpolated,02.08.2024,Julian Bornemann <jb@wip.tu-berlin.de>
NONEU_Balkan,IT,Power,2039,0.3,,GW,interpolated,02.08.2024,Julian Bornemann <jb@wip.tu-berlin.de>
NONEU_Balkan,BG,Power,2026,0.0,,GW,interpolated,02.08.2024,Julian Bornemann <jb@wip.tu-berlin.de>
NONEU_Balkan,BG,Power,2027,0.0,,GW,interpolated,02.08.2024,Julian Bornemann <jb@wip.tu-berlin.de>
NONEU_Balkan,BG,Power,2028,0.0,,GW,interpolated,02.08.2024,Julian Bornemann <jb@wip.tu-berlin.de>
NONEU_Balkan,BG,Power,2029,0.0,,GW,interpolated,02.08.2024,Julian Bornemann <jb@wip.tu-berlin.de>
NONEU_Balkan,BG,Power,2031,0.0,,GW,interpolated,02.08.2024,Julian Bornemann <jb@wip.tu-berlin.de>
NONEU_Balkan,BG,Power,2032,0.0,,GW,interpolated,02.08.2024,Julian Bornemann <jb@wip.tu-berlin.de>
NONEU_Balkan,BG,Power,2033,0.0,,GW,interpolated,02.08.2024,Julian Bornemann <jb@wip.tu-berlin.de>
NONEU_Balkan,BG,Power,2034,0.0,,GW,interpolated,02.08.2024,Julian Bornemann <jb@wip.tu-berlin.de>
NONEU_Balkan,BG,Power,2036,0.0,,GW,interpolated,02.08.2024,Julian Bornemann <jb@wip.tu-berlin.de>
NONEU_Balkan,BG,Power,2037,0.0,,GW,interpolated,02.08.2024,Julian Bornemann <jb@wip.tu-berlin.de>
NONEU_Balkan,BG,Power,2038,0.0,,GW,interpolated,02.08.2024,Julian Bornemann <jb@wip.tu-berlin.de>
NONEU_Balkan,BG,Power,2039,0.0,,GW,interpolated,02.08.2024,Julian Bornemann <jb@wip.tu-berlin.de>
NONEU_Balkan,HU,Power,2026,0.0,,GW,interpolated,02.08.2024,Julian Bornemann <jb@wip.tu-berlin.de>
NONEU_Balkan,HU,Power,2027,0.0,,GW,interpolated,02.08.2024,Julian Bornemann <jb@wip.tu-berlin.de>
NONEU_Balkan,HU,Power,2028,0.0,,GW,interpolated,02.08.2024,Julian Bornemann <jb@wip.tu-berlin.de>
NONEU_Balkan,HU,Power,2029,0.0,,GW,interpolated,02.08.2024,Julian Bornemann <jb@wip.tu-berlin.de>
NONEU_Balkan,HU,Power,2031,0.05,,GW,interpolated,02.08.2024,Julian Bornemann <jb@wip.tu-berlin.de>
NONEU_Balkan,HU,Power,2032,0.1,,GW,interpolated,02.08.2024,Julian Bornemann <jb@wip.tu-berlin.de>
NONEU_Balkan,HU,Power,2033,0.15,,GW,interpolated,02.08.2024,Julian Bornemann <jb@wip.tu-berlin.de>
NONEU_Balkan,HU,Power,2034,0.2,,GW,interpolated,02.08.2024,Julian Bornemann <jb@wip.tu-berlin.de>
NONEU_Balkan,HU,Power,2036,0.25,,GW,interpolated,02.08.2024,Julian Bornemann <jb@wip.tu-berlin.de>
NONEU_Balkan,HU,Power,2037,0.25,,GW,interpolated,02.08.2024,Julian Bornemann <jb@wip.tu-berlin.de>
NONEU_Balkan,HU,Power,2038,0.25,,GW,interpolated,02.08.2024,Julian Bornemann <jb@wip.tu-berlin.de>
NONEU_Balkan,HU,Power,2039,0.25,,GW,interpolated,02.08.2024,Julian Bornemann <jb@wip.tu-berlin.de>
NONEU_Balkan,RO,Power,2026,0.12,,GW,interpolated,02.08.2024,Julian Bornemann <jb@wip.tu-berlin.de>
NONEU_Balkan,RO,Power,2027,0.24,,GW,interpolated,02.08.2024,Julian Bornemann <jb@wip.tu-berlin.de>
NONEU_Balkan,RO,Power,2028,0.36,,GW,interpolated,02.08.2024,Julian Bornemann <jb@wip.tu-berlin.de>
NONEU_Balkan,RO,Power,2029,0.48,,GW,interpolated,02.08.2024,Julian Bornemann <jb@wip.tu-berlin.de>
NONEU_Balkan,RO,Power,2031,0.5147,,GW,interpolated,02.08.2024,Julian Bornemann <jb@wip.tu-berlin.de>
NONEU_Balkan,RO,Power,2032,0.4294,,GW,interpolated,02.08.2024,Julian Bornemann <jb@wip.tu-berlin.de>
NONEU_Balkan,RO,Power,2033,0.3441,,GW,interpolated,02.08.2024,Julian Bornemann <jb@wip.tu-berlin.de>
NONEU_Balkan,RO,Power,2034,0.2588,,GW,interpolated,02.08.2024,Julian Bornemann <jb@wip.tu-berlin.de>
NONEU_Balkan,RO,Power,2036,0.1735,,GW,interpolated,02.08.2024,Julian Bornemann <jb@wip.tu-berlin.de>
NONEU_Balkan,RO,Power,2037,0.1735,,GW,interpolated,02.08.2024,Julian Bornemann <jb@wip.tu-berlin.de>
NONEU_Balkan,RO,Power,2038,0.1735,,GW,interpolated,02.08.2024,Julian Bornemann <jb@wip.tu-berlin.de>
NONEU_Balkan,RO,Power,2039,0.1735,,GW,interpolated,02.08.2024,Julian Bornemann <jb@wip.tu-berlin.de>
PL,CZ,H2,2031,0.0,,PJ,interpolated,02.08.2024,Julian Bornemann <jb@wip.tu-berlin.de>
PL,CZ,H2,2032,0.0,,PJ,interpolated,02.08.2024,Julian Bornemann <jb@wip.tu-berlin.de>
PL,CZ,H2,2033,0.0,,PJ,interpolated,02.08.2024,Julian Bornemann <jb@wip.tu-berlin.de>
PL,CZ,H2,2034,0.0,,PJ,interpolated,02.08.2024,Julian Bornemann <jb@wip.tu-berlin.de>
PL,CZ,H2,2036,0.0,,PJ,interpolated,02.08.2024,Julian Bornemann <jb@wip.tu-berlin.de>
PL,CZ,H2,2037,0.0,,PJ,interpolated,02.08.2024,Julian Bornemann <jb@wip.tu-berlin.de>
PL,CZ,H2,2038,0.0,,PJ,interpolated,02.08.2024,Julian Bornemann <jb@wip.tu-berlin.de>
PL,CZ,H2,2039,0.0,,PJ,interpolated,02.08.2024,Julian Bornemann <jb@wip.tu-berlin.de>
PL,DE,H2,2036,0.0,,PJ,interpolated,02.08.2024,Julian Bornemann <jb@wip.tu-berlin.de>
PL,DE,H2,2037,0.0,,PJ,interpolated,02.08.2024,Julian Bornemann <jb@wip.tu-berlin.de>
PL,DE,H2,2038,0.0,,PJ,interpolated,02.08.2024,Julian Bornemann <jb@wip.tu-berlin.de>
PL,DE,H2,2039,0.0,,PJ,interpolated,02.08.2024,Julian Bornemann <jb@wip.tu-berlin.de>
PL,LT,H2,2036,0.0,,PJ,interpolated,02.08.2024,Julian Bornemann <jb@wip.tu-berlin.de>
PL,LT,H2,2037,0.0,,PJ,interpolated,02.08.2024,Julian Bornemann <jb@wip.tu-berlin.de>
PL,LT,H2,2038,0.0,,PJ,interpolated,02.08.2024,Julian Bornemann <jb@wip.tu-berlin.de>
PL,LT,H2,2039,0.0,,PJ,interpolated,02.08.2024,Julian Bornemann <jb@wip.tu-berlin.de>
PL,CZ,Power,2026,0.0,,GW,interpolated,02.08.2024,Julian Bornemann <jb@wip.tu-berlin.de>
PL,CZ,Power,2027,0.0,,GW,interpolated,02.08.2024,Julian Bornemann <jb@wip.tu-berlin.de>
PL,CZ,Power,2028,0.0,,GW,interpolated,02.08.2024,Julian Bornemann <jb@wip.tu-berlin.de>
PL,CZ,Power,2029,0.0,,GW,interpolated,02.08.2024,Julian Bornemann <jb@wip.tu-berlin.de>
PL,CZ,Power,2031,0.0,,GW,interpolated,02.08.2024,Julian Bornemann <jb@wip.tu-berlin.de>
PL,CZ,Power,2032,0.0,,GW,interpolated,02.08.2024,Julian Bornemann <jb@wip.tu-berlin.de>
PL,CZ,Power,2033,0.0,,GW,interpolated,02.08.2024,Julian Bornemann <jb@wip.tu-berlin.de>
PL,CZ,Power,2034,0.0,,GW,interpolated,02.08.2024,Julian Bornemann <jb@wip.tu-berlin.de>
PL,CZ,Power,2036,0.0,,GW,interpolated,02.08.2024,Julian Bornemann <jb@wip.tu-berlin.de>
PL,CZ,Power,2037,0.0,,GW,interpolated,02.08.2024,Julian Bornemann <jb@wip.tu-berlin.de>
PL,CZ,Power,2038,0.0,,GW,interpolated,02.08.2024,Julian Bornemann <jb@wip.tu-berlin.de>
PL,CZ,Power,2039,0.0,,GW,interpolated,02.08.2024,Julian Bornemann <jb@wip.tu-berlin.de>
PL,DE,Power,2026,1.68,,GW,interpolated,02.08.2024,Julian Bornemann <jb@wip.tu-berlin.de>
PL,DE,Power,2027,1.36,,GW,interpolated,02.08.2024,Julian Bornemann <jb@wip.tu-berlin.de>
PL,DE,Power,2028,1.04,,GW,interpolated,02.08.2024,Julian Bornemann <jb@wip.tu-berlin.de>
PL,DE,Power,2029,0.72,,GW,interpolated,02.08.2024,Julian Bornemann <jb@wip.tu-berlin.de>
PL,DE,Power,2031,0.32,,GW,interpolated,02.08.2024,Julian Bornemann <jb@wip.tu-berlin.de>
PL,DE,Power,2032,0.24,,GW,interpolated,02.08.2024,Julian Bornemann <jb@wip.tu-berlin.de>
PL,DE,Power,2033,0.16,,GW,interpolated,02.08.2024,Julian Bornemann <jb@wip.tu-berlin.de>
PL,DE,Power,2034,0.08,,GW,interpolated,02.08.2024,Julian Bornemann <jb@wip.tu-berlin.de>
PL,DE,Power,2036,0.0,,GW,interpolated,02.08.2024,Julian Bornemann <jb@wip.tu-berlin.de>
PL,DE,Power,2037,0.0,,GW,interpolated,02.08.2024,Julian Bornemann <jb@wip.tu-berlin.de>
PL,DE,Power,2038,0.0,,GW,interpolated,02.08.2024,Julian Bornemann <jb@wip.tu-berlin.de>
PL,DE,Power,2039,0.0,,GW,interpolated,02.08.2024,Julian Bornemann <jb@wip.tu-berlin.de>
PL,DK,Power,2026,0.0,,GW,interpolated,02.08.2024,Julian Bornemann <jb@wip.tu-berlin.de>
PL,DK,Power,2027,0.0,,GW,interpolated,02.08.2024,Julian Bornemann <jb@wip.tu-berlin.de>
PL,DK,Power,2028,0.0,,GW,interpolated,02.08.2024,Julian Bornemann <jb@wip.tu-berlin.de>
PL,DK,Power,2029,0.0,,GW,interpolated,02.08.2024,Julian Bornemann <jb@wip.tu-berlin.de>
PL,DK,Power,2031,0.0,,GW,interpolated,02.08.2024,Julian Bornemann <jb@wip.tu-berlin.de>
PL,DK,Power,2032,0.0,,GW,interpolated,02.08.2024,Julian Bornemann <jb@wip.tu-berlin.de>
PL,DK,Power,2033,0.0,,GW,interpolated,02.08.2024,Julian Bornemann <jb@wip.tu-berlin.de>
PL,DK,Power,2034,0.0,,GW,interpolated,02.08.2024,Julian Bornemann <jb@wip.tu-berlin.de>
PL,DK,Power,2036,0.0,,GW,interpolated,02.08.2024,Julian Bornemann <jb@wip.tu-berlin.de>
PL,DK,Power,2037,0.0,,GW,interpolated,02.08.2024,Julian Bornemann <jb@wip.tu-berlin.de>
PL,DK,Power,2038,0.0,,GW,interpolated,02.08.2024,Julian Bornemann <jb@wip.tu-berlin.de>
PL,DK,Power,2039,0.0,,GW,interpolated,02.08.2024,Julian Bornemann <jb@wip.tu-berlin.de>
PL,LT,Power,2026,0.6,,GW,interpolated,02.08.2024,Julian Bornemann <jb@wip.tu-berlin.de>
PL,LT,Power,2027,0.7,,GW,interpolated,02.08.2024,Julian Bornemann <jb@wip.tu-berlin.de>
PL,LT,Power,2028,0.8,,GW,interpolated,02.08.2024,Julian Bornemann <jb@wip.tu-berlin.de>
PL,LT,Power,2029,0.9,,GW,interpolated,02.08.2024,Julian Bornemann <jb@wip.tu-berlin.de>
PL,LT,Power,2031,0.8,,GW,interpolated,02.08.2024,Julian Bornemann <jb@wip.tu-berlin.de>
PL,LT,Power,2032,0.6,,GW,interpolated,02.08.2024,Julian Bornemann <jb@wip.tu-berlin.de>
PL,LT,Power,2033,0.4,,GW,interpolated,02.08.2024,Julian Bornemann <jb@wip.tu-berlin.de>
PL,LT,Power,2034,0.2,,GW,interpolated,02.08.2024,Julian Bornemann <jb@wip.tu-berlin.de>
PL,LT,Power,2036,0.0,,GW,interpolated,02.08.2024,Julian Bornemann <jb@wip.tu-berlin.de>
PL,LT,Power,2037,0.0,,GW,interpolated,02.08.2024,Julian Bornemann <jb@wip.tu-berlin.de>
PL,LT,Power,2038,0.0,,GW,interpolated,02.08.2024,Julian Bornemann <jb@wip.tu-berlin.de>
PL,LT,Power,2039,0.0,,GW,interpolated,02.08.2024,Julian Bornemann <jb@wip.tu-berlin.de>
PL,SE,Power,2026,0.0,,GW,interpolated,02.08.2024,Julian Bornemann <jb@wip.tu-berlin.de>
PL,SE,Power,2027,0.0,,GW,interpolated,02.08.2024,Julian Bornemann <jb@wip.tu-berlin.de>
PL,SE,Power,2028,0.0,,GW,interpolated,02.08.2024,Julian Bornemann <jb@wip.tu-berlin.de>
PL,SE,Power,2029,0.0,,GW,interpolated,02.08.2024,Julian Bornemann <jb@wip.tu-berlin.de>
PL,SE,Power,2031,0.0,,GW,interpolated,02.08.2024,Julian Bornemann <jb@wip.tu-berlin.de>
PL,SE,Power,2032,0.0,,GW,interpolated,02.08.2024,Julian Bornemann <jb@wip.tu-berlin.de>
PL,SE,Power,2033,0.0,,GW,interpolated,02.08.2024,Julian Bornemann <jb@wip.tu-berlin.de>
PL,SE,Power,2034,0.0,,GW,interpolated,02.08.2024,Julian Bornemann <jb@wip.tu-berlin.de>
PL,SE,Power,2036,0.0,,GW,interpolated,02.08.2024,Julian Bornemann <jb@wip.tu-berlin.de>
PL,SE,Power,2037,0.0,,GW,interpolated,02.08.2024,Julian Bornemann <jb@wip.tu-berlin.de>
PL,SE,Power,2038,0.0,,GW,interpolated,02.08.2024,Julian Bornemann <jb@wip.tu-berlin.de>
PL,SE,Power,2039,0.0,,GW,interpolated,02.08.2024,Julian Bornemann <jb@wip.tu-berlin.de>
PL,SK,Power,2026,0.0,,GW,interpolated,02.08.2024,Julian Bornemann <jb@wip.tu-berlin.de>
PL,SK,Power,2027,0.0,,GW,interpolated,02.08.2024,Julian Bornemann <jb@wip.tu-berlin.de>
PL,SK,Power,2028,0.0,,GW,interpolated,02.08.2024,Julian Bornemann <jb@wip.tu-berlin.de>
PL,SK,Power,2029,0.0,,GW,interpolated,02.08.2024,Julian Bornemann <jb@wip.tu-berlin.de>
PL,SK,Power,2031,0.0,,GW,interpolated,02.08.2024,Julian Bornemann <jb@wip.tu-berlin.de>
PL,SK,Power,2032,0.0,,GW,interpolated,02.08.2024,Julian Bornemann <jb@wip.tu-berlin.de>
PL,SK,Power,2033,0.0,,GW,interpolated,02.08.2024,Julian Bornemann <jb@wip.tu-berlin.de>
PL,SK,Power,2034,0.0,,GW,interpolated,02.08.2024,Julian Bornemann <jb@wip.tu-berlin.de>
PL,SK,Power,2036,0.0,,GW,interpolated,02.08.2024,Julian Bornemann <jb@wip.tu-berlin.de>
PL,SK,Power,2037,0.0,,GW,interpolated,02.08.2024,Julian Bornemann <jb@wip.tu-berlin.de>
PL,SK,Power,2038,0.0,,GW,interpolated,02.08.2024,Julian Bornemann <jb@wip.tu-berlin.de>
PL,SK,Power,2039,0.0,,GW,interpolated,02.08.2024,Julian Bornemann <jb@wip.tu-berlin.de>
PT,ES,H2,2036,0.0,,PJ,interpolated,02.08.2024,Julian Bornemann <jb@wip.tu-berlin.de>
PT,ES,H2,2037,0.0,,PJ,interpolated,02.08.2024,Julian Bornemann <jb@wip.tu-berlin.de>
PT,ES,H2,2038,0.0,,PJ,interpolated,02.08.2024,Julian Bornemann <jb@wip.tu-berlin.de>
PT,ES,H2,2039,0.0,,PJ,interpolated,02.08.2024,Julian Bornemann <jb@wip.tu-berlin.de>
PT,ES,Power,2026,0.64,,GW,interpolated,15.04.2025,Nikita Moskalenko <nim@wip.tu-berlin.de>
PT,ES,Power,2027,0.48,,GW,interpolated,15.04.2025,Nikita Moskalenko <nim@wip.tu-berlin.de>
PT,ES,Power,2028,0.32,,GW,interpolated,15.04.2025,Nikita Moskalenko <nim@wip.tu-berlin.de>
PT,ES,Power,2029,0.16,,GW,interpolated,15.04.2025,Nikita Moskalenko <nim@wip.tu-berlin.de>
PT,ES,Power,2031,0.0,,GW,interpolated,15.04.2025,Nikita Moskalenko <nim@wip.tu-berlin.de>
PT,ES,Power,2032,0.0,,GW,interpolated,15.04.2025,Nikita Moskalenko <nim@wip.tu-berlin.de>
PT,ES,Power,2033,0.0,,GW,interpolated,15.04.2025,Nikita Moskalenko <nim@wip.tu-berlin.de>
PT,ES,Power,2034,0.0,,GW,interpolated,15.04.2025,Nikita Moskalenko <nim@wip.tu-berlin.de>
PT,ES,Power,2036,0.1,,GW,interpolated,15.04.2025,Nikita Moskalenko <nim@wip.tu-berlin.de>
PT,ES,Power,2037,0.2,,GW,interpolated,15.04.2025,Nikita Moskalenko <nim@wip.tu-berlin.de>
PT,ES,Power,2038,0.3,,GW,interpolated,15.04.2025,Nikita Moskalenko <nim@wip.tu-berlin.de>
PT,ES,Power,2039,0.4,,GW,interpolated,15.04.2025,Nikita Moskalenko <nim@wip.tu-berlin.de>
RO,BG,Power,2026,0.48,,GW,interpolated,02.08.2024,Julian Bornemann <jb@wip.tu-berlin.de>
RO,BG,Power,2027,0.36,,GW,interpolated,02.08.2024,Julian Bornemann <jb@wip.tu-berlin.de>
RO,BG,Power,2028,0.24,,GW,interpolated,02.08.2024,Julian Bornemann <jb@wip.tu-berlin.de>
RO,BG,Power,2029,0.12,,GW,interpolated,02.08.2024,Julian Bornemann <jb@wip.tu-berlin.de>
RO,BG,Power,2031,0.0,,GW,interpolated,02.08.2024,Julian Bornemann <jb@wip.tu-berlin.de>
RO,BG,Power,2032,0.0,,GW,interpolated,02.08.2024,Julian Bornemann <jb@wip.tu-berlin.de>
RO,BG,Power,2033,0.0,,GW,interpolated,02.08.2024,Julian Bornemann <jb@wip.tu-berlin.de>
RO,BG,Power,2034,0.0,,GW,interpolated,02.08.2024,Julian Bornemann <jb@wip.tu-berlin.de>
RO,BG,Power,2036,0.0,,GW,interpolated,02.08.2024,Julian Bornemann <jb@wip.tu-berlin.de>
RO,BG,Power,2037,0.0,,GW,interpolated,02.08.2024,Julian Bornemann <jb@wip.tu-berlin.de>
RO,BG,Power,2038,0.0,,GW,interpolated,02.08.2024,Julian Bornemann <jb@wip.tu-berlin.de>
RO,BG,Power,2039,0.0,,GW,interpolated,02.08.2024,Julian Bornemann <jb@wip.tu-berlin.de>
RO,HU,Power,2026,0.067,,GW,interpolated,02.08.2024,Julian Bornemann <jb@wip.tu-berlin.de>
RO,HU,Power,2027,0.134,,GW,interpolated,02.08.2024,Julian Bornemann <jb@wip.tu-berlin.de>
RO,HU,Power,2028,0.201,,GW,interpolated,02.08.2024,Julian Bornemann <jb@wip.tu-berlin.de>
RO,HU,Power,2029,0.268,,GW,interpolated,02.08.2024,Julian Bornemann <jb@wip.tu-berlin.de>
RO,HU,Power,2031,0.268,,GW,interpolated,02.08.2024,Julian Bornemann <jb@wip.tu-berlin.de>
RO,HU,Power,2032,0.201,,GW,interpolated,02.08.2024,Julian Bornemann <jb@wip.tu-berlin.de>
RO,HU,Power,2033,0.134,,GW,interpolated,02.08.2024,Julian Bornemann <jb@wip.tu-berlin.de>
RO,HU,Power,2034,0.067,,GW,interpolated,02.08.2024,Julian Bornemann <jb@wip.tu-berlin.de>
RO,HU,Power,2036,0.0,,GW,interpolated,02.08.2024,Julian Bornemann <jb@wip.tu-berlin.de>
RO,HU,Power,2037,0.0,,GW,interpolated,02.08.2024,Julian Bornemann <jb@wip.tu-berlin.de>
RO,HU,Power,2038,0.0,,GW,interpolated,02.08.2024,Julian Bornemann <jb@wip.tu-berlin.de>
RO,HU,Power,2039,0.0,,GW,interpolated,02.08.2024,Julian Bornemann <jb@wip.tu-berlin.de>
RO,NONEU_Balkan,Power,2026,0.1688,,GW,interpolated,02.08.2024,Julian Bornemann <jb@wip.tu-berlin.de>
RO,NONEU_Balkan,Power,2027,0.3376,,GW,interpolated,02.08.2024,Julian Bornemann <jb@wip.tu-berlin.de>
RO,NONEU_Balkan,Power,2028,0.5064,,GW,interpolated,02.08.2024,Julian Bornemann <jb@wip.tu-berlin.de>
RO,NONEU_Balkan,Power,2029,0.6752,,GW,interpolated,02.08.2024,Julian Bornemann <jb@wip.tu-berlin.de>
RO,NONEU_Balkan,Power,2031,0.7374,,GW,interpolated,02.08.2024,Julian Bornemann <jb@wip.tu-berlin.de>
RO,NONEU_Balkan,Power,2032,0.6308,,GW,interpolated,02.08.2024,Julian Bornemann <jb@wip.tu-berlin.de>
RO,NONEU_Balkan,Power,2033,0.5242,,GW,interpolated,02.08.2024,Julian Bornemann <jb@wip.tu-berlin.de>
RO,NONEU_Balkan,Power,2034,0.4176,,GW,interpolated,02.08.2024,Julian Bornemann <jb@wip.tu-berlin.de>
RO,NONEU_Balkan,Power,2036,0.311,,GW,interpolated,02.08.2024,Julian Bornemann <jb@wip.tu-berlin.de>
RO,NONEU_Balkan,Power,2037,0.311,,GW,interpolated,02.08.2024,Julian Bornemann <jb@wip.tu-berlin.de>
RO,NONEU_Balkan,Power,2038,0.311,,GW,interpolated,02.08.2024,Julian Bornemann <jb@wip.tu-berlin.de>
RO,NONEU_Balkan,Power,2039,0.311,,GW,interpolated,02.08.2024,Julian Bornemann <jb@wip.tu-berlin.de>
SE,FI,H2,2036,0.0,,PJ,interpolated,02.08.2024,Julian Bornemann <jb@wip.tu-berlin.de>
SE,FI,H2,2037,0.0,,PJ,interpolated,02.08.2024,Julian Bornemann <jb@wip.tu-berlin.de>
SE,FI,H2,2038,0.0,,PJ,interpolated,02.08.2024,Julian Bornemann <jb@wip.tu-berlin.de>
SE,FI,H2,2039,0.0,,PJ,interpolated,02.08.2024,Julian Bornemann <jb@wip.tu-berlin.de>
SE,DE,Power,2026,0.14,,GW,interpolated,02.08.2024,Julian Bornemann <jb@wip.tu-berlin.de>
SE,DE,Power,2027,0.28,,GW,interpolated,02.08.2024,Julian Bornemann <jb@wip.tu-berlin.de>
SE,DE,Power,2028,0.42,,GW,interpolated,02.08.2024,Julian Bornemann <jb@wip.tu-berlin.de>
SE,DE,Power,2029,0.56,,GW,interpolated,02.08.2024,Julian Bornemann <jb@wip.tu-berlin.de>
SE,DE,Power,2031,0.56,,GW,interpolated,02.08.2024,Julian Bornemann <jb@wip.tu-berlin.de>
SE,DE,Power,2032,0.42,,GW,interpolated,02.08.2024,Julian Bornemann <jb@wip.tu-berlin.de>
SE,DE,Power,2033,0.28,,GW,interpolated,02.08.2024,Julian Bornemann <jb@wip.tu-berlin.de>
SE,DE,Power,2034,0.14,,GW,interpolated,02.08.2024,Julian Bornemann <jb@wip.tu-berlin.de>
SE,DE,Power,2036,0.0,,GW,interpolated,02.08.2024,Julian Bornemann <jb@wip.tu-berlin.de>
SE,DE,Power,2037,0.0,,GW,interpolated,02.08.2024,Julian Bornemann <jb@wip.tu-berlin.de>
SE,DE,Power,2038,0.0,,GW,interpolated,02.08.2024,Julian Bornemann <jb@wip.tu-berlin.de>
SE,DE,Power,2039,0.0,,GW,interpolated,02.08.2024,Julian Bornemann <jb@wip.tu-berlin.de>
SE,DK,Power,2026,0.0,,GW,interpolated,02.08.2024,Julian Bornemann <jb@wip.tu-berlin.de>
SE,DK,Power,2027,0.0,,GW,interpolated,02.08.2024,Julian Bornemann <jb@wip.tu-berlin.de>
SE,DK,Power,2028,0.0,,GW,interpolated,02.08.2024,Julian Bornemann <jb@wip.tu-berlin.de>
SE,DK,Power,2029,0.0,,GW,interpolated,02.08.2024,Julian Bornemann <jb@wip.tu-berlin.de>
SE,DK,Power,2031,0.0,,GW,interpolated,02.08.2024,Julian Bornemann <jb@wip.tu-berlin.de>
SE,DK,Power,2032,0.0,,GW,interpolated,02.08.2024,Julian Bornemann <jb@wip.tu-berlin.de>
SE,DK,Power,2033,0.0,,GW,interpolated,02.08.2024,Julian Bornemann <jb@wip.tu-berlin.de>
SE,DK,Power,2034,0.0,,GW,interpolated,02.08.2024,Julian Bornemann <jb@wip.tu-berlin.de>
SE,DK,Power,2036,0.0,,GW,interpolated,02.08.2024,Julian Bornemann <jb@wip.tu-berlin.de>
SE,DK,Power,2037,0.0,,GW,interpolated,02.08.2024,Julian Bornemann <jb@wip.tu-berlin.de>
SE,DK,Power,2038,0.0,,GW,interpolated,02.08.2024,Julian Bornemann <jb@wip.tu-berlin.de>
SE,DK,Power,2039,0.0,,GW,interpolated,02.08.2024,Julian Bornemann <jb@wip.tu-berlin.de>
SE,FI,Power,2026,0.16,,GW,interpolated,02.08.2024,Julian Bornemann <jb@wip.tu-berlin.de>
SE,FI,Power,2027,0.32,,GW,interpolated,02.08.2024,Julian Bornemann <jb@wip.tu-berlin.de>
SE,FI,Power,2028,0.48,,GW,interpolated,02.08.2024,Julian Bornemann <jb@wip.tu-berlin.de>
SE,FI,Power,2029,0.64,,GW,interpolated,02.08.2024,Julian Bornemann <jb@wip.tu-berlin.de>
SE,FI,Power,2031,0.64,,GW,interpolated,02.08.2024,Julian Bornemann <jb@wip.tu-berlin.de>
SE,FI,Power,2032,0.48,,GW,interpolated,02.08.2024,Julian Bornemann <jb@wip.tu-berlin.de>
SE,FI,Power,2033,0.32,,GW,interpolated,02.08.2024,Julian Bornemann <jb@wip.tu-berlin.de>
SE,FI,Power,2034,0.16,,GW,interpolated,02.08.2024,Julian Bornemann <jb@wip.tu-berlin.de>
SE,FI,Power,2036,0.0,,GW,interpolated,02.08.2024,Julian Bornemann <jb@wip.tu-berlin.de>
SE,FI,Power,2037,0.0,,GW,interpolated,02.08.2024,Julian Bornemann <jb@wip.tu-berlin.de>
SE,FI,Power,2038,0.0,,GW,interpolated,02.08.2024,Julian Bornemann <jb@wip.tu-berlin.de>
SE,FI,Power,2039,0.0,,GW,interpolated,02.08.2024,Julian Bornemann <jb@wip.tu-berlin.de>
SE,LT,Power,2026,0.0,,GW,interpolated,02.08.2024,Julian Bornemann <jb@wip.tu-berlin.de>
SE,LT,Power,2027,0.0,,GW,interpolated,02.08.2024,Julian Bornemann <jb@wip.tu-berlin.de>
SE,LT,Power,2028,0.0,,GW,interpolated,02.08.2024,Julian Bornemann <jb@wip.tu-berlin.de>
SE,LT,Power,2029,0.0,,GW,interpolated,02.08.2024,Julian Bornemann <jb@wip.tu-berlin.de>
SE,LT,Power,2031,0.0,,GW,interpolated,02.08.2024,Julian Bornemann <jb@wip.tu-berlin.de>
SE,LT,Power,2032,0.0,,GW,interpolated,02.08.2024,Julian Bornemann <jb@wip.tu-berlin.de>
SE,LT,Power,2033,0.0,,GW,interpolated,02.08.2024,Julian Bornemann <jb@wip.tu-berlin.de>
SE,LT,Power,2034,0.0,,GW,interpolated,02.08.2024,Julian Bornemann <jb@wip.tu-berlin.de>
SE,LT,Power,2036,0.0,,GW,interpolated,02.08.2024,Julian Bornemann <jb@wip.tu-berlin.de>
SE,LT,Power,2037,0.0,,GW,interpolated,02.08.2024,Julian Bornemann <jb@wip.tu-berlin.de>
SE,LT,Power,2038,0.0,,GW,interpolated,02.08.2024,Julian Bornemann <jb@wip.tu-berlin.de>
SE,LT,Power,2039,0.0,,GW,interpolated,02.08.2024,Julian Bornemann <jb@wip.tu-berlin.de>
SE,LV,Power,2026,0.0,,GW,interpolated,02.08.2024,Julian Bornemann <jb@wip.tu-berlin.de>
SE,LV,Power,2027,0.0,,GW,interpolated,02.08.2024,Julian Bornemann <jb@wip.tu-berlin.de>
SE,LV,Power,2028,0.0,,GW,interpolated,02.08.2024,Julian Bornemann <jb@wip.tu-berlin.de>
SE,LV,Power,2029,0.0,,GW,interpolated,02.08.2024,Julian Bornemann <jb@wip.tu-berlin.de>
SE,LV,Power,2031,0.0,,GW,interpolated,02.08.2024,Julian Bornemann <jb@wip.tu-berlin.de>
SE,LV,Power,2032,0.0,,GW,interpolated,02.08.2024,Julian Bornemann <jb@wip.tu-berlin.de>
SE,LV,Power,2033,0.0,,GW,interpolated,02.08.2024,Julian Bornemann <jb@wip.tu-berlin.de>
SE,LV,Power,2034,0.0,,GW,interpolated,02.08.2024,Julian Bornemann <jb@wip.tu-berlin.de>
SE,LV,Power,2036,0.0,,GW,interpolated,02.08.2024,Julian Bornemann <jb@wip.tu-berlin.de>
SE,LV,Power,2037,0.0,,GW,interpolated,02.08.2024,Julian Bornemann <jb@wip.tu-berlin.de>
SE,LV,Power,2038,0.0,,GW,interpolated,02.08.2024,Julian Bornemann <jb@wip.tu-berlin.de>
SE,LV,Power,2039,0.0,,GW,interpolated,02.08.2024,Julian Bornemann <jb@wip.tu-berlin.de>
SE,NO,Power,2026,0.0,,GW,interpolated,02.08.2024,Julian Bornemann <jb@wip.tu-berlin.de>
SE,NO,Power,2027,0.0,,GW,interpolated,02.08.2024,Julian Bornemann <jb@wip.tu-berlin.de>
SE,NO,Power,2028,0.0,,GW,interpolated,02.08.2024,Julian Bornemann <jb@wip.tu-berlin.de>
SE,NO,Power,2029,0.0,,GW,interpolated,02.08.2024,Julian Bornemann <jb@wip.tu-berlin.de>
SE,NO,Power,2031,0.0,,GW,interpolated,02.08.2024,Julian Bornemann <jb@wip.tu-berlin.de>
SE,NO,Power,2032,0.0,,GW,interpolated,02.08.2024,Julian Bornemann <jb@wip.tu-berlin.de>
SE,NO,Power,2033,0.0,,GW,interpolated,02.08.2024,Julian Bornemann <jb@wip.tu-berlin.de>
SE,NO,Power,2034,0.0,,GW,interpolated,02.08.2024,Julian Bornemann <jb@wip.tu-berlin.de>
SE,NO,Power,2036,0.0,,GW,interpolated,02.08.2024,Julian Bornemann <jb@wip.tu-berlin.de>
SE,NO,Power,2037,0.0,,GW,interpolated,02.08.2024,Julian Bornemann <jb@wip.tu-berlin.de>
SE,NO,Power,2038,0.0,,GW,interpolated,02.08.2024,Julian Bornemann <jb@wip.tu-berlin.de>
SE,NO,Power,2039,0.0,,GW,interpolated,02.08.2024,Julian Bornemann <jb@wip.tu-berlin.de>
SE,PL,Power,2026,0.0,,GW,interpolated,02.08.2024,Julian Bornemann <jb@wip.tu-berlin.de>
SE,PL,Power,2027,0.0,,GW,interpolated,02.08.2024,Julian Bornemann <jb@wip.tu-berlin.de>
SE,PL,Power,2028,0.0,,GW,interpolated,02.08.2024,Julian Bornemann <jb@wip.tu-berlin.de>
SE,PL,Power,2029,0.0,,GW,interpolated,02.08.2024,Julian Bornemann <jb@wip.tu-berlin.de>
SE,PL,Power,2031,0.0,,GW,interpolated,02.08.2024,Julian Bornemann <jb@wip.tu-berlin.de>
SE,PL,Power,2032,0.0,,GW,interpolated,02.08.2024,Julian Bornemann <jb@wip.tu-berlin.de>
SE,PL,Power,2033,0.0,,GW,interpolated,02.08.2024,Julian Bornemann <jb@wip.tu-berlin.de>
SE,PL,Power,2034,0.0,,GW,interpolated,02.08.2024,Julian Bornemann <jb@wip.tu-berlin.de>
SE,PL,Power,2036,0.0,,GW,interpolated,02.08.2024,Julian Bornemann <jb@wip.tu-berlin.de>
SE,PL,Power,2037,0.0,,GW,interpolated,02.08.2024,Julian Bornemann <jb@wip.tu-berlin.de>
SE,PL,Power,2038,0.0,,GW,interpolated,02.08.2024,Julian Bornemann <jb@wip.tu-berlin.de>
SE,PL,Power,2039,0.0,,GW,interpolated,02.08.2024,Julian Bornemann <jb@wip.tu-berlin.de>
SI,AT,Power,2026,0.0,,GW,interpolated,02.08.2024,Julian Bornemann <jb@wip.tu-berlin.de>
SI,AT,Power,2027,0.0,,GW,interpolated,02.08.2024,Julian Bornemann <jb@wip.tu-berlin.de>
SI,AT,Power,2028,0.0,,GW,interpolated,02.08.2024,Julian Bornemann <jb@wip.tu-berlin.de>
SI,AT,Power,2029,0.0,,GW,interpolated,02.08.2024,Julian Bornemann <jb@wip.tu-berlin.de>
SI,AT,Power,2031,0.0,,GW,interpolated,02.08.2024,Julian Bornemann <jb@wip.tu-berlin.de>
SI,AT,Power,2032,0.0,,GW,interpolated,02.08.2024,Julian Bornemann <jb@wip.tu-berlin.de>
SI,AT,Power,2033,0.0,,GW,interpolated,02.08.2024,Julian Bornemann <jb@wip.tu-berlin.de>
SI,AT,Power,2034,0.0,,GW,interpolated,02.08.2024,Julian Bornemann <jb@wip.tu-berlin.de>
SI,AT,Power,2036,0.0,,GW,interpolated,02.08.2024,Julian Bornemann <jb@wip.tu-berlin.de>
SI,AT,Power,2037,0.0,,GW,interpolated,02.08.2024,Julian Bornemann <jb@wip.tu-berlin.de>
SI,AT,Power,2038,0.0,,GW,interpolated,02.08.2024,Julian Bornemann <jb@wip.tu-berlin.de>
SI,AT,Power,2039,0.0,,GW,interpolated,02.08.2024,Julian Bornemann <jb@wip.tu-berlin.de>
SI,HR,Power,2026,0.0,,GW,interpolated,02.08.2024,Julian Bornemann <jb@wip.tu-berlin.de>
SI,HR,Power,2027,0.0,,GW,interpolated,02.08.2024,Julian Bornemann <jb@wip.tu-berlin.de>
SI,HR,Power,2028,0.0,,GW,interpolated,02.08.2024,Julian Bornemann <jb@wip.tu-berlin.de>
SI,HR,Power,2029,0.0,,GW,interpolated,02.08.2024,Julian Bornemann <jb@wip.tu-berlin.de>
SI,HR,Power,2031,0.0,,GW,interpolated,02.08.2024,Julian Bornemann <jb@wip.tu-berlin.de>
SI,HR,Power,2032,0.0,,GW,interpolated,02.08.2024,Julian Bornemann <jb@wip.tu-berlin.de>
SI,HR,Power,2033,0.0,,GW,interpolated,02.08.2024,Julian Bornemann <jb@wip.tu-berlin.de>
SI,HR,Power,2034,0.0,,GW,interpolated,02.08.2024,Julian Bornemann <jb@wip.tu-berlin.de>
SI,HR,Power,2036,0.0,,GW,interpolated,02.08.2024,Julian Bornemann <jb@wip.tu-berlin.de>
SI,HR,Power,2037,0.0,,GW,interpolated,02.08.2024,Julian Bornemann <jb@wip.tu-berlin.de>
SI,HR,Power,2038,0.0,,GW,interpolated,02.08.2024,Julian Bornemann <jb@wip.tu-berlin.de>
SI,HR,Power,2039,0.0,,GW,interpolated,02.08.2024,Julian Bornemann <jb@wip.tu-berlin.de>
SI,HU,Power,2026,0.96,,GW,interpolated,02.08.2024,Julian Bornemann <jb@wip.tu-berlin.de>
SI,HU,Power,2027,0.72,,GW,interpolated,02.08.2024,Julian Bornemann <jb@wip.tu-berlin.de>
SI,HU,Power,2028,0.48,,GW,interpolated,02.08.2024,Julian Bornemann <jb@wip.tu-berlin.de>
SI,HU,Power,2029,0.24,,GW,interpolated,02.08.2024,Julian Bornemann <jb@wip.tu-berlin.de>
SI,HU,Power,2031,0.0,,GW,interpolated,02.08.2024,Julian Bornemann <jb@wip.tu-berlin.de>
SI,HU,Power,2032,0.0,,GW,interpolated,02.08.2024,Julian Bornemann <jb@wip.tu-berlin.de>
SI,HU,Power,2033,0.0,,GW,interpolated,02.08.2024,Julian Bornemann <jb@wip.tu-berlin.de>
SI,HU,Power,2034,0.0,,GW,interpolated,02.08.2024,Julian Bornemann <jb@wip.tu-berlin.de>
SI,HU,Power,2036,0.0,,GW,interpolated,02.08.2024,Julian Bornemann <jb@wip.tu-berlin.de>
SI,HU,Power,2037,0.0,,GW,interpolated,02.08.2024,Julian Bornemann <jb@wip.tu-berlin.de>
SI,HU,Power,2038,0.0,,GW,interpolated,02.08.2024,Julian Bornemann <jb@wip.tu-berlin.de>
SI,HU,Power,2039,0.0,,GW,interpolated,02.08.2024,Julian Bornemann <jb@wip.tu-berlin.de>
SI,IT,Power,2026,0.01,,GW,interpolated,02.08.2024,Julian Bornemann <jb@wip.tu-berlin.de>
SI,IT,Power,2027,0.02,,GW,interpolated,02.08.2024,Julian Bornemann <jb@wip.tu-berlin.de>
SI,IT,Power,2028,0.03,,GW,interpolated,02.08.2024,Julian Bornemann <jb@wip.tu-berlin.de>
SI,IT,Power,2029,0.04,,GW,interpolated,02.08.2024,Julian Bornemann <jb@wip.tu-berlin.de>
SI,IT,Power,2031,0.04,,GW,interpolated,02.08.2024,Julian Bornemann <jb@wip.tu-berlin.de>
SI,IT,Power,2032,0.03,,GW,interpolated,02.08.2024,Julian Bornemann <jb@wip.tu-berlin.de>
SI,IT,Power,2033,0.02,,GW,interpolated,02.08.2024,Julian Bornemann <jb@wip.tu-berlin.de>
SI,IT,Power,2034,0.01,,GW,interpolated,02.08.2024,Julian Bornemann <jb@wip.tu-berlin.de>
SI,IT,Power,2036,0.0,,GW,interpolated,02.08.2024,Julian Bornemann <jb@wip.tu-berlin.de>
SI,IT,Power,2037,0.0,,GW,interpolated,02.08.2024,Julian Bornemann <jb@wip.tu-berlin.de>
SI,IT,Power,2038,0.0,,GW,interpolated,02.08.2024,Julian Bornemann <jb@wip.tu-berlin.de>
SI,IT,Power,2039,0.0,,GW,interpolated,02.08.2024,Julian Bornemann <jb@wip.tu-berlin.de>
SK,AT,H2,2036,0.0,,PJ,interpolated,02.08.2024,Julian Bornemann <jb@wip.tu-berlin.de>
SK,AT,H2,2037,0.0,,PJ,interpolated,02.08.2024,Julian Bornemann <jb@wip.tu-berlin.de>
SK,AT,H2,2038,0.0,,PJ,interpolated,02.08.2024,Julian Bornemann <jb@wip.tu-berlin.de>
SK,AT,H2,2039,0.0,,PJ,interpolated,02.08.2024,Julian Bornemann <jb@wip.tu-berlin.de>
SK,CZ,H2,2036,0.0,,PJ,interpolated,02.08.2024,Julian Bornemann <jb@wip.tu-berlin.de>
SK,CZ,H2,2037,0.0,,PJ,interpolated,02.08.2024,Julian Bornemann <jb@wip.tu-berlin.de>
SK,CZ,H2,2038,0.0,,PJ,interpolated,02.08.2024,Julian Bornemann <jb@wip.tu-berlin.de>
SK,CZ,H2,2039,0.0,,PJ,interpolated,02.08.2024,Julian Bornemann <jb@wip.tu-berlin.de>
SK,AT,Power,2026,0.0,,GW,interpolated,02.08.2024,Julian Bornemann <jb@wip.tu-berlin.de>
SK,AT,Power,2027,0.0,,GW,interpolated,02.08.2024,Julian Bornemann <jb@wip.tu-berlin.de>
SK,AT,Power,2028,0.0,,GW,interpolated,02.08.2024,Julian Bornemann <jb@wip.tu-berlin.de>
SK,AT,Power,2029,0.0,,GW,interpolated,02.08.2024,Julian Bornemann <jb@wip.tu-berlin.de>
SK,AT,Power,2031,0.05,,GW,interpolated,02.08.2024,Julian Bornemann <jb@wip.tu-berlin.de>
SK,AT,Power,2032,0.1,,GW,interpolated,02.08.2024,Julian Bornemann <jb@wip.tu-berlin.de>
SK,AT,Power,2033,0.15,,GW,interpolated,02.08.2024,Julian Bornemann <jb@wip.tu-berlin.de>
SK,AT,Power,2034,0.2,,GW,interpolated,02.08.2024,Julian Bornemann <jb@wip.tu-berlin.de>
SK,AT,Power,2036,0.25,,GW,interpolated,02.08.2024,Julian Bornemann <jb@wip.tu-berlin.de>
SK,AT,Power,2037,0.25,,GW,interpolated,02.08.2024,Julian Bornemann <jb@wip.tu-berlin.de>
SK,AT,Power,2038,0.25,,GW,interpolated,02.08.2024,Julian Bornemann <jb@wip.tu-berlin.de>
SK,AT,Power,2039,0.25,,GW,interpolated,02.08.2024,Julian Bornemann <jb@wip.tu-berlin.de>
SK,CZ,Power,2026,0.0,,GW,interpolated,02.08.2024,Julian Bornemann <jb@wip.tu-berlin.de>
SK,CZ,Power,2027,0.0,,GW,interpolated,02.08.2024,Julian Bornemann <jb@wip.tu-berlin.de>
SK,CZ,Power,2028,0.0,,GW,interpolated,02.08.2024,Julian Bornemann <jb@wip.tu-berlin.de>
SK,CZ,Power,2029,0.0,,GW,interpolated,02.08.2024,Julian Bornemann <jb@wip.tu-berlin.de>
SK,CZ,Power,2031,0.0,,GW,interpolated,02.08.2024,Julian Bornemann <jb@wip.tu-berlin.de>
SK,CZ,Power,2032,0.0,,GW,interpolated,02.08.2024,Julian Bornemann <jb@wip.tu-berlin.de>
SK,CZ,Power,2033,0.0,,GW,interpolated,02.08.2024,Julian Bornemann <jb@wip.tu-berlin.de>
SK,CZ,Power,2034,0.0,,GW,interpolated,02.08.2024,Julian Bornemann <jb@wip.tu-berlin.de>
SK,CZ,Power,2036,0.0,,GW,interpolated,02.08.2024,Julian Bornemann <jb@wip.tu-berlin.de>
SK,CZ,Power,2037,0.0,,GW,interpolated,02.08.2024,Julian Bornemann <jb@wip.tu-berlin.de>
SK,CZ,Power,2038,0.0,,GW,interpolated,02.08.2024,Julian Bornemann <jb@wip.tu-berlin.de>
SK,CZ,Power,2039,0.0,,GW,interpolated,02.08.2024,Julian Bornemann <jb@wip.tu-berlin.de>
SK,HU,Power,2026,1.04,,GW,interpolated,02.08.2024,Julian Bornemann <jb@wip.tu-berlin.de>
SK,HU,Power,2027,0.78,,GW,interpolated,02.08.2024,Julian Bornemann <jb@wip.tu-berlin.de>
SK,HU,Power,2028,0.52,,GW,interpolated,02.08.2024,Julian Bornemann <jb@wip.tu-berlin.de>
SK,HU,Power,2029,0.26,,GW,interpolated,02.08.2024,Julian Bornemann <jb@wip.tu-berlin.de>
SK,HU,Power,2031,0.0,,GW,interpolated,02.08.2024,Julian Bornemann <jb@wip.tu-berlin.de>
SK,HU,Power,2032,0.0,,GW,interpolated,02.08.2024,Julian Bornemann <jb@wip.tu-berlin.de>
SK,HU,Power,2033,0.0,,GW,interpolated,02.08.2024,Julian Bornemann <jb@wip.tu-berlin.de>
SK,HU,Power,2034,0.0,,GW,interpolated,02.08.2024,Julian Bornemann <jb@wip.tu-berlin.de>
SK,HU,Power,2036,0.0,,GW,interpolated,02.08.2024,Julian Bornemann <jb@wip.tu-berlin.de>
SK,HU,Power,2037,0.0,,GW,interpolated,02.08.2024,Julian Bornemann <jb@wip.tu-berlin.de>
SK,HU,Power,2038,0.0,,GW,interpolated,02.08.2024,Julian Bornemann <jb@wip.tu-berlin.de>
SK,HU,Power,2039,0.0,,GW,interpolated,02.08.2024,Julian Bornemann <jb@wip.tu-berlin.de>
SK,PL,Power,2026,0.0,,GW,interpolated,02.08.2024,Julian Bornemann <jb@wip.tu-berlin.de>
SK,PL,Power,2027,0.0,,GW,interpolated,02.08.2024,Julian Bornemann <jb@wip.tu-berlin.de>
SK,PL,Power,2028,0.0,,GW,interpolated,02.08.2024,Julian Bornemann <jb@wip.tu-berlin.de>
SK,PL,Power,2029,0.0,,GW,interpolated,02.08.2024,Julian Bornemann <jb@wip.tu-berlin.de>
SK,PL,Power,2031,0.0,,GW,interpolated,02.08.2024,Julian Bornemann <jb@wip.tu-berlin.de>
SK,PL,Power,2032,0.0,,GW,interpolated,02.08.2024,Julian Bornemann <jb@wip.tu-berlin.de>
SK,PL,Power,2033,0.0,,GW,interpolated,02.08.2024,Julian Bornemann <jb@wip.tu-berlin.de>
SK,PL,Power,2034,0.0,,GW,interpolated,02.08.2024,Julian Bornemann <jb@wip.tu-berlin.de>
SK,PL,Power,2036,0.0,,GW,interpolated,02.08.2024,Julian Bornemann <jb@wip.tu-berlin.de>
SK,PL,Power,2037,0.0,,GW,interpolated,02.08.2024,Julian Bornemann <jb@wip.tu-berlin.de>
SK,PL,Power,2038,0.0,,GW,interpolated,02.08.2024,Julian Bornemann <jb@wip.tu-berlin.de>
SK,PL,Power,2039,0.0,,GW,interpolated,02.08.2024,Julian Bornemann <jb@wip.tu-berlin.de>
UK,BE,H2,2031,0.0,,PJ,interpolated,02.08.2024,Julian Bornemann <jb@wip.tu-berlin.de>
UK,BE,H2,2032,0.0,,PJ,interpolated,02.08.2024,Julian Bornemann <jb@wip.tu-berlin.de>
UK,BE,H2,2033,0.0,,PJ,interpolated,02.08.2024,Julian Bornemann <jb@wip.tu-berlin.de>
UK,BE,H2,2034,0.0,,PJ,interpolated,02.08.2024,Julian Bornemann <jb@wip.tu-berlin.de>
UK,BE,H2,2036,0.0,,PJ,interpolated,02.08.2024,Julian Bornemann <jb@wip.tu-berlin.de>
UK,BE,H2,2037,0.0,,PJ,interpolated,02.08.2024,Julian Bornemann <jb@wip.tu-berlin.de>
UK,BE,H2,2038,0.0,,PJ,interpolated,02.08.2024,Julian Bornemann <jb@wip.tu-berlin.de>
UK,BE,H2,2039,0.0,,PJ,interpolated,02.08.2024,Julian Bornemann <jb@wip.tu-berlin.de>
UK,IE,H2,2031,0.0,,PJ,interpolated,02.08.2024,Julian Bornemann <jb@wip.tu-berlin.de>
UK,IE,H2,2032,0.0,,PJ,interpolated,02.08.2024,Julian Bornemann <jb@wip.tu-berlin.de>
UK,IE,H2,2033,0.0,,PJ,interpolated,02.08.2024,Julian Bornemann <jb@wip.tu-berlin.de>
UK,IE,H2,2034,0.0,,PJ,interpolated,02.08.2024,Julian Bornemann <jb@wip.tu-berlin.de>
UK,IE,H2,2036,0.0,,PJ,interpolated,02.08.2024,Julian Bornemann <jb@wip.tu-berlin.de>
UK,IE,H2,2037,0.0,,PJ,interpolated,02.08.2024,Julian Bornemann <jb@wip.tu-berlin.de>
UK,IE,H2,2038,0.0,,PJ,interpolated,02.08.2024,Julian Bornemann <jb@wip.tu-berlin.de>
UK,IE,H2,2039,0.0,,PJ,interpolated,02.08.2024,Julian Bornemann <jb@wip.tu-berlin.de>
UK,BE,Power,2026,0.0,,GW,interpolated,02.08.2024,Julian Bornemann <jb@wip.tu-berlin.de>
UK,BE,Power,2027,0.0,,GW,interpolated,02.08.2024,Julian Bornemann <jb@wip.tu-berlin.de>
UK,BE,Power,2028,0.0,,GW,interpolated,02.08.2024,Julian Bornemann <jb@wip.tu-berlin.de>
UK,BE,Power,2029,0.0,,GW,interpolated,02.08.2024,Julian Bornemann <jb@wip.tu-berlin.de>
UK,BE,Power,2031,0.14,,GW,interpolated,02.08.2024,Julian Bornemann <jb@wip.tu-berlin.de>
UK,BE,Power,2032,0.28,,GW,interpolated,02.08.2024,Julian Bornemann <jb@wip.tu-berlin.de>
UK,BE,Power,2033,0.42,,GW,interpolated,02.08.2024,Julian Bornemann <jb@wip.tu-berlin.de>
UK,BE,Power,2034,0.56,,GW,interpolated,02.08.2024,Julian Bornemann <jb@wip.tu-berlin.de>
UK,BE,Power,2036,0.7,,GW,interpolated,02.08.2024,Julian Bornemann <jb@wip.tu-berlin.de>
UK,BE,Power,2037,0.7,,GW,interpolated,02.08.2024,Julian Bornemann <jb@wip.tu-berlin.de>
UK,BE,Power,2038,0.7,,GW,interpolated,02.08.2024,Julian Bornemann <jb@wip.tu-berlin.de>
UK,BE,Power,2039,0.7,,GW,interpolated,02.08.2024,Julian Bornemann <jb@wip.tu-berlin.de>
UK,DE,Power,2026,0.28,,GW,interpolated,02.08.2024,Julian Bornemann <jb@wip.tu-berlin.de>
UK,DE,Power,2027,0.56,,GW,interpolated,02.08.2024,Julian Bornemann <jb@wip.tu-berlin.de>
UK,DE,Power,2028,0.84,,GW,interpolated,02.08.2024,Julian Bornemann <jb@wip.tu-berlin.de>
UK,DE,Power,2029,1.12,,GW,interpolated,02.08.2024,Julian Bornemann <jb@wip.tu-berlin.de>
UK,DE,Power,2031,1.12,,GW,interpolated,02.08.2024,Julian Bornemann <jb@wip.tu-berlin.de>
UK,DE,Power,2032,0.84,,GW,interpolated,02.08.2024,Julian Bornemann <jb@wip.tu-berlin.de>
UK,DE,Power,2033,0.56,,GW,interpolated,02.08.2024,Julian Bornemann <jb@wip.tu-berlin.de>
UK,DE,Power,2034,0.28,,GW,interpolated,02.08.2024,Julian Bornemann <jb@wip.tu-berlin.de>
UK,DE,Power,2036,0.0,,GW,interpolated,02.08.2024,Julian Bornemann <jb@wip.tu-berlin.de>
UK,DE,Power,2037,0.0,,GW,interpolated,02.08.2024,Julian Bornemann <jb@wip.tu-berlin.de>
UK,DE,Power,2038,0.0,,GW,interpolated,02.08.2024,Julian Bornemann <jb@wip.tu-berlin.de>
UK,DE,Power,2039,0.0,,GW,interpolated,02.08.2024,Julian Bornemann <jb@wip.tu-berlin.de>
UK,DK,Power,2026,1.12,,GW,interpolated,02.08.2024,Julian Bornemann <jb@wip.tu-berlin.de>
UK,DK,Power,2027,0.84,,GW,interpolated,02.08.2024,Julian Bornemann <jb@wip.tu-berlin.de>
UK,DK,Power,2028,0.56,,GW,interpolated,02.08.2024,Julian Bornemann <jb@wip.tu-berlin.de>
UK,DK,Power,2029,0.28,,GW,interpolated,02.08.2024,Julian Bornemann <jb@wip.tu-berlin.de>
UK,DK,Power,2031,0.0,,GW,interpolated,02.08.2024,Julian Bornemann <jb@wip.tu-berlin.de>
UK,DK,Power,2032,0.0,,GW,interpolated,02.08.2024,Julian Bornemann <jb@wip.tu-berlin.de>
UK,DK,Power,2033,0.0,,GW,interpolated,02.08.2024,Julian Bornemann <jb@wip.tu-berlin.de>
UK,DK,Power,2034,0.0,,GW,interpolated,02.08.2024,Julian Bornemann <jb@wip.tu-berlin.de>
UK,DK,Power,2036,0.0,,GW,interpolated,02.08.2024,Julian Bornemann <jb@wip.tu-berlin.de>
UK,DK,Power,2037,0.0,,GW,interpolated,02.08.2024,Julian Bornemann <jb@wip.tu-berlin.de>
UK,DK,Power,2038,0.0,,GW,interpolated,02.08.2024,Julian Bornemann <jb@wip.tu-berlin.de>
UK,DK,Power,2039,0.0,,GW,interpolated,02.08.2024,Julian Bornemann <jb@wip.tu-berlin.de>
UK,FR,Power,2026,1.12,,GW,interpolated,02.08.2024,Julian Bornemann <jb@wip.tu-berlin.de>
UK,FR,Power,2027,1.24,,GW,interpolated,02.08.2024,Julian Bornemann <jb@wip.tu-berlin.de>
UK,FR,Power,2028,1.36,,GW,interpolated,02.08.2024,Julian Bornemann <jb@wip.tu-berlin.de>
UK,FR,Power,2029,1.48,,GW,interpolated,02.08.2024,Julian Bornemann <jb@wip.tu-berlin.de>
UK,FR,Power,2031,1.28,,GW,interpolated,02.08.2024,Julian Bornemann <jb@wip.tu-berlin.de>
UK,FR,Power,2032,0.96,,GW,interpolated,02.08.2024,Julian Bornemann <jb@wip.tu-berlin.de>
UK,FR,Power,2033,0.64,,GW,interpolated,02.08.2024,Julian Bornemann <jb@wip.tu-berlin.de>
UK,FR,Power,2034,0.32,,GW,interpolated,02.08.2024,Julian Bornemann <jb@wip.tu-berlin.de>
UK,FR,Power,2036,0.0,,GW,interpolated,02.08.2024,Julian Bornemann <jb@wip.tu-berlin.de>
UK,FR,Power,2037,0.0,,GW,interpolated,02.08.2024,Julian Bornemann <jb@wip.tu-berlin.de>
UK,FR,Power,2038,0.0,,GW,interpolated,02.08.2024,Julian Bornemann <jb@wip.tu-berlin.de>
UK,FR,Power,2039,0.0,,GW,interpolated,02.08.2024,Julian Bornemann <jb@wip.tu-berlin.de>
UK,IE,Power,2026,0.896,,GW,interpolated,02.08.2024,Julian Bornemann <jb@wip.tu-berlin.de>
UK,IE,Power,2027,0.672,,GW,interpolated,02.08.2024,Julian Bornemann <jb@wip.tu-berlin.de>
UK,IE,Power,2028,0.448,,GW,interpolated,02.08.2024,Julian Bornemann <jb@wip.tu-berlin.de>
UK,IE,Power,2029,0.224,,GW,interpolated,02.08.2024,Julian Bornemann <jb@wip.tu-berlin.de>
UK,IE,Power,2031,0.0,,GW,interpolated,02.08.2024,Julian Bornemann <jb@wip.tu-berlin.de>
UK,IE,Power,2032,0.0,,GW,interpolated,02.08.2024,Julian Bornemann <jb@wip.tu-berlin.de>
UK,IE,Power,2033,0.0,,GW,interpolated,02.08.2024,Julian Bornemann <jb@wip.tu-berlin.de>
UK,IE,Power,2034,0.0,,GW,interpolated,02.08.2024,Julian Bornemann <jb@wip.tu-berlin.de>
UK,IE,Power,2036,0.0,,GW,interpolated,02.08.2024,Julian Bornemann <jb@wip.tu-berlin.de>
UK,IE,Power,2037,0.0,,GW,interpolated,02.08.2024,Julian Bornemann <jb@wip.tu-berlin.de>
UK,IE,Power,2038,0.0,,GW,interpolated,02.08.2024,Julian Bornemann <jb@wip.tu-berlin.de>
UK,IE,Power,2039,0.0,,GW,interpolated,02.08.2024,Julian Bornemann <jb@wip.tu-berlin.de>
UK,NL,Power,2026,0.0,,GW,interpolated,02.08.2024,Julian Bornemann <jb@wip.tu-berlin.de>
UK,NL,Power,2027,0.0,,GW,interpolated,02.08.2024,Julian Bornemann <jb@wip.tu-berlin.de>
UK,NL,Power,2028,0.0,,GW,interpolated,02.08.2024,Julian Bornemann <jb@wip.tu-berlin.de>
UK,NL,Power,2029,0.0,,GW,interpolated,02.08.2024,Julian Bornemann <jb@wip.tu-berlin.de>
UK,NL,Power,2031,0.2,,GW,interpolated,02.08.2024,Julian Bornemann <jb@wip.tu-berlin.de>
UK,NL,Power,2032,0.4,,GW,interpolated,02.08.2024,Julian Bornemann <jb@wip.tu-berlin.de>
UK,NL,Power,2033,0.6,,GW,interpolated,02.08.2024,Julian Bornemann <jb@wip.tu-berlin.de>
UK,NL,Power,2034,0.8,,GW,interpolated,02.08.2024,Julian Bornemann <jb@wip.tu-berlin.de>
UK,NL,Power,2036,1.0,,GW,interpolated,02.08.2024,Julian Bornemann <jb@wip.tu-berlin.de>
UK,NL,Power,2037,1.0,,GW,interpolated,02.08.2024,Julian Bornemann <jb@wip.tu-berlin.de>
UK,NL,Power,2038,1.0,,GW,interpolated,02.08.2024,Julian Bornemann <jb@wip.tu-berlin.de>
UK,NL,Power,2039,1.0,,GW,interpolated,02.08.2024,Julian Bornemann <jb@wip.tu-berlin.de>
UK,NO,Power,2026,0.28,,GW,interpolated,02.08.2024,Julian Bornemann <jb@wip.tu-berlin.de>
UK,NO,Power,2027,0.56,,GW,interpolated,02.08.2024,Julian Bornemann <jb@wip.tu-berlin.de>
UK,NO,Power,2028,0.84,,GW,interpolated,02.08.2024,Julian Bornemann <jb@wip.tu-berlin.de>
UK,NO,Power,2029,1.12,,GW,interpolated,02.08.2024,Julian Bornemann <jb@wip.tu-berlin.de>
UK,NO,Power,2031,1.12,,GW,interpolated,02.08.2024,Julian Bornemann <jb@wip.tu-berlin.de>
UK,NO,Power,2032,0.84,,GW,interpolated,02.08.2024,Julian Bornemann <jb@wip.tu-berlin.de>
UK,NO,Power,2033,0.56,,GW,interpolated,02.08.2024,Julian Bornemann <jb@wip.tu-berlin.de>
UK,NO,Power,2034,0.28,,GW,interpolated,02.08.2024,Julian Bornemann <jb@wip.tu-berlin.de>
UK,NO,Power,2036,0.0,,GW,interpolated,02.08.2024,Julian Bornemann <jb@wip.tu-berlin.de>
UK,NO,Power,2037,0.0,,GW,interpolated,02.08.2024,Julian Bornemann <jb@wip.tu-berlin.de>
UK,NO,Power,2038,0.0,,GW,interpolated,02.08.2024,Julian Bornemann <jb@wip.tu-berlin.de>
UK,NO,Power,2039,0.0,,GW,interpolated,02.08.2024,Julian Bornemann <jb@wip.tu-berlin.de>
MISO,PJM,Power,2029,2.1,,GW,pool_links planned interconnection,2026-05-28,Konstantin Loffler <kl@wip.tu-berlin.de>
WECC,MISO,Power,2032,3.0,,GW,pool_links planned interconnection,2026-05-28,Konstantin Loffler <kl@wip.tu-berlin.de>
MISO,WECC,Power,2032,3.0,,GW,pool_links planned interconnection,2026-05-28,Konstantin Loffler <kl@wip.tu-berlin.de>
