Region,Region.1,Fuel,Year,Value,,Unit,Source,Updated at,Updated by
California,WECC,Power,2025,23.877,,GW,"IC transfer capability, High/NTP ceiling (MW/1000), floored at existing+commissioned",2026-06-25,Konstantin Loffler <kl@wip.tu-berlin.de>
California,WECC,Power,2026,25.6944,,GW,"IC transfer capability, High/NTP ceiling (MW/1000), floored at existing+commissioned",2026-06-25,Konstantin Loffler <kl@wip.tu-berlin.de>
California,WECC,Power,2027,27.5118,,GW,"IC transfer capability, High/NTP ceiling (MW/1000), floored at existing+commissioned",2026-06-25,Konstantin Loffler <kl@wip.tu-berlin.de>
California,WECC,Power,2028,29.3292,,GW,"IC transfer capability, High/NTP ceiling (MW/1000), floored at existing+commissioned",2026-06-25,Konstantin Loffler <kl@wip.tu-berlin.de>
California,WECC,Power,2029,31.1466,,GW,"IC transfer capability, High/NTP ceiling (MW/1000), floored at existing+commissioned",2026-06-25,Konstantin Loffler <kl@wip.tu-berlin.de>
California,WECC,Power,2030,32.964,,GW,"IC transfer capability, High/NTP ceiling (MW/1000), floored at existing+commissioned",2026-06-25,Konstantin Loffler <kl@wip.tu-berlin.de>
California,WECC,Power,2031,34.2566,,GW,"IC transfer capability, High/NTP ceiling (MW/1000), floored at existing+commissioned",2026-06-25,Konstantin Loffler <kl@wip.tu-berlin.de>
California,WECC,Power,2032,35.5492,,GW,"IC transfer capability, High/NTP ceiling (MW/1000), floored at existing+commissioned",2026-06-25,Konstantin Loffler <kl@wip.tu-berlin.de>
California,WECC,Power,2033,36.8418,,GW,"IC transfer capability, High/NTP ceiling (MW/1000), floored at existing+commissioned",2026-06-25,Konstantin Loffler <kl@wip.tu-berlin.de>
California,WECC,Power,2034,38.1344,,GW,"IC transfer capability, High/NTP ceiling (MW/1000), floored at existing+commissioned",2026-06-25,Konstantin Loffler <kl@wip.tu-berlin.de>
California,WECC,Power,2035,39.427,,GW,"IC transfer capability, High/NTP ceiling (MW/1000), floored at existing+commissioned",2026-06-25,Konstantin Loffler <kl@wip.tu-berlin.de>
California,WECC,Power,2036,41.241,,GW,"IC transfer capability, High/NTP ceiling (MW/1000), floored at existing+commissioned",2026-06-25,Konstantin Loffler <kl@wip.tu-berlin.de>
California,WECC,Power,2037,43.055,,GW,"IC transfer capability, High/NTP ceiling (MW/1000), floored at existing+commissioned",2026-06-25,Konstantin Loffler <kl@wip.tu-berlin.de>
California,WECC,Power,2038,44.869,,GW,"IC transfer capability, High/NTP ceiling (MW/1000), floored at existing+commissioned",2026-06-25,Konstantin Loffler <kl@wip.tu-berlin.de>
California,WECC,Power,2039,46.683,,GW,"IC transfer capability, High/NTP ceiling (MW/1000), floored at existing+commissioned",2026-06-25,Konstantin Loffler <kl@wip.tu-berlin.de>
California,WECC,Power,2040,48.497,,GW,"IC transfer capability, High/NTP ceiling (MW/1000), floored at existing+commissioned",2026-06-25,Konstantin Loffler <kl@wip.tu-berlin.de>
Canada,NewEngland,Power,2025,3.49,,GW,"IC transfer capability, High/NTP ceiling (MW/1000), floored at existing+commissioned",2026-06-25,Konstantin Loffler <kl@wip.tu-berlin.de>
Canada,NewEngland,Power,2026,3.73,,GW,"IC transfer capability, High/NTP ceiling (MW/1000), floored at existing+commissioned",2026-06-25,Konstantin Loffler <kl@wip.tu-berlin.de>
Canada,NewEngland,Power,2027,3.97,,GW,"IC transfer capability, High/NTP ceiling (MW/1000), floored at existing+commissioned",2026-06-25,Konstantin Loffler <kl@wip.tu-berlin.de>
Canada,NewEngland,Power,2028,4.21,,GW,"IC transfer capability, High/NTP ceiling (MW/1000), floored at existing+commissioned",2026-06-25,Konstantin Loffler <kl@wip.tu-berlin.de>
Canada,NewEngland,Power,2029,4.45,,GW,"IC transfer capability, High/NTP ceiling (MW/1000), floored at existing+commissioned",2026-06-25,Konstantin Loffler <kl@wip.tu-berlin.de>
Canada,NewEngland,Power,2030,4.69,,GW,"IC transfer capability, High/NTP ceiling (MW/1000), floored at existing+commissioned",2026-06-25,Konstantin Loffler <kl@wip.tu-berlin.de>
Canada,NewEngland,Power,2031,4.69,,GW,"IC transfer capability, High/NTP ceiling (MW/1000), floored at existing+commissioned",2026-06-25,Konstantin Loffler <kl@wip.tu-berlin.de>
Canada,NewEngland,Power,2032,4.69,,GW,"IC transfer capability, High/NTP ceiling (MW/1000), floored at existing+commissioned",2026-06-25,Konstantin Loffler <kl@wip.tu-berlin.de>
Canada,NewEngland,Power,2033,4.69,,GW,"IC transfer capability, High/NTP ceiling (MW/1000), floored at existing+commissioned",2026-06-25,Konstantin Loffler <kl@wip.tu-berlin.de>
Canada,NewEngland,Power,2034,4.69,,GW,"IC transfer capability, High/NTP ceiling (MW/1000), floored at existing+commissioned",2026-06-25,Konstantin Loffler <kl@wip.tu-berlin.de>
Canada,NewEngland,Power,2035,4.69,,GW,"IC transfer capability, High/NTP ceiling (MW/1000), floored at existing+commissioned",2026-06-25,Konstantin Loffler <kl@wip.tu-berlin.de>
Canada,NewEngland,Power,2036,4.69,,GW,"IC transfer capability, High/NTP ceiling (MW/1000), floored at existing+commissioned",2026-06-25,Konstantin Loffler <kl@wip.tu-berlin.de>
Canada,NewEngland,Power,2037,4.69,,GW,"IC transfer capability, High/NTP ceiling (MW/1000), floored at existing+commissioned",2026-06-25,Konstantin Loffler <kl@wip.tu-berlin.de>
Canada,NewEngland,Power,2038,4.69,,GW,"IC transfer capability, High/NTP ceiling (MW/1000), floored at existing+commissioned",2026-06-25,Konstantin Loffler <kl@wip.tu-berlin.de>
Canada,NewEngland,Power,2039,4.69,,GW,"IC transfer capability, High/NTP ceiling (MW/1000), floored at existing+commissioned",2026-06-25,Konstantin Loffler <kl@wip.tu-berlin.de>
Canada,NewEngland,Power,2040,4.69,,GW,"IC transfer capability, High/NTP ceiling (MW/1000), floored at existing+commissioned",2026-06-25,Konstantin Loffler <kl@wip.tu-berlin.de>
Canada,MISO,Power,2025,6.854,,GW,"IC transfer capability, High/NTP ceiling (MW/1000), floored at existing+commissioned",2026-06-25,Konstantin Loffler <kl@wip.tu-berlin.de>
Canada,MISO,Power,2026,6.854,,GW,"IC transfer capability, High/NTP ceiling (MW/1000), floored at existing+commissioned",2026-06-25,Konstantin Loffler <kl@wip.tu-berlin.de>
Canada,MISO,Power,2027,6.854,,GW,"IC transfer capability, High/NTP ceiling (MW/1000), floored at existing+commissioned",2026-06-25,Konstantin Loffler <kl@wip.tu-berlin.de>
Canada,MISO,Power,2028,6.854,,GW,"IC transfer capability, High/NTP ceiling (MW/1000), floored at existing+commissioned",2026-06-25,Konstantin Loffler <kl@wip.tu-berlin.de>
Canada,MISO,Power,2029,6.854,,GW,"IC transfer capability, High/NTP ceiling (MW/1000), floored at existing+commissioned",2026-06-25,Konstantin Loffler <kl@wip.tu-berlin.de>
Canada,MISO,Power,2030,6.854,,GW,"IC transfer capability, High/NTP ceiling (MW/1000), floored at existing+commissioned",2026-06-25,Konstantin Loffler <kl@wip.tu-berlin.de>
Canada,MISO,Power,2031,6.854,,GW,"IC transfer capability, High/NTP ceiling (MW/1000), floored at existing+commissioned",2026-06-25,Konstantin Loffler <kl@wip.tu-berlin.de>
Canada,MISO,Power,2032,6.854,,GW,"IC transfer capability, High/NTP ceiling (MW/1000), floored at existing+commissioned",2026-06-25,Konstantin Loffler <kl@wip.tu-berlin.de>
Canada,MISO,Power,2033,6.854,,GW,"IC transfer capability, High/NTP ceiling (MW/1000), floored at existing+commissioned",2026-06-25,Konstantin Loffler <kl@wip.tu-berlin.de>
Canada,MISO,Power,2034,6.854,,GW,"IC transfer capability, High/NTP ceiling (MW/1000), floored at existing+commissioned",2026-06-25,Konstantin Loffler <kl@wip.tu-berlin.de>
Canada,MISO,Power,2035,6.854,,GW,"IC transfer capability, High/NTP ceiling (MW/1000), floored at existing+commissioned",2026-06-25,Konstantin Loffler <kl@wip.tu-berlin.de>
Canada,MISO,Power,2036,6.854,,GW,"IC transfer capability, High/NTP ceiling (MW/1000), floored at existing+commissioned",2026-06-25,Konstantin Loffler <kl@wip.tu-berlin.de>
Canada,MISO,Power,2037,6.854,,GW,"IC transfer capability, High/NTP ceiling (MW/1000), floored at existing+commissioned",2026-06-25,Konstantin Loffler <kl@wip.tu-berlin.de>
Canada,MISO,Power,2038,6.854,,GW,"IC transfer capability, High/NTP ceiling (MW/1000), floored at existing+commissioned",2026-06-25,Konstantin Loffler <kl@wip.tu-berlin.de>
Canada,MISO,Power,2039,6.854,,GW,"IC transfer capability, High/NTP ceiling (MW/1000), floored at existing+commissioned",2026-06-25,Konstantin Loffler <kl@wip.tu-berlin.de>
Canada,MISO,Power,2040,6.854,,GW,"IC transfer capability, High/NTP ceiling (MW/1000), floored at existing+commissioned",2026-06-25,Konstantin Loffler <kl@wip.tu-berlin.de>
Canada,NewYork,Power,2025,4.626,,GW,"IC transfer capability, High/NTP ceiling (MW/1000), floored at existing+commissioned",2026-06-25,Konstantin Loffler <kl@wip.tu-berlin.de>
Canada,NewYork,Power,2026,4.626,,GW,"IC transfer capability, High/NTP ceiling (MW/1000), floored at existing+commissioned",2026-06-25,Konstantin Loffler <kl@wip.tu-berlin.de>
Canada,NewYork,Power,2027,4.626,,GW,"IC transfer capability, High/NTP ceiling (MW/1000), floored at existing+commissioned",2026-06-25,Konstantin Loffler <kl@wip.tu-berlin.de>
Canada,NewYork,Power,2028,4.626,,GW,"IC transfer capability, High/NTP ceiling (MW/1000), floored at existing+commissioned",2026-06-25,Konstantin Loffler <kl@wip.tu-berlin.de>
Canada,NewYork,Power,2029,4.719,,GW,"IC transfer capability, High/NTP ceiling (MW/1000), floored at existing+commissioned",2026-06-25,Konstantin Loffler <kl@wip.tu-berlin.de>
Canada,NewYork,Power,2030,4.969,,GW,"IC transfer capability, High/NTP ceiling (MW/1000), floored at existing+commissioned",2026-06-25,Konstantin Loffler <kl@wip.tu-berlin.de>
Canada,NewYork,Power,2031,4.969,,GW,"IC transfer capability, High/NTP ceiling (MW/1000), floored at existing+commissioned",2026-06-25,Konstantin Loffler <kl@wip.tu-berlin.de>
Canada,NewYork,Power,2032,4.969,,GW,"IC transfer capability, High/NTP ceiling (MW/1000), floored at existing+commissioned",2026-06-25,Konstantin Loffler <kl@wip.tu-berlin.de>
Canada,NewYork,Power,2033,4.969,,GW,"IC transfer capability, High/NTP ceiling (MW/1000), floored at existing+commissioned",2026-06-25,Konstantin Loffler <kl@wip.tu-berlin.de>
Canada,NewYork,Power,2034,4.969,,GW,"IC transfer capability, High/NTP ceiling (MW/1000), floored at existing+commissioned",2026-06-25,Konstantin Loffler <kl@wip.tu-berlin.de>
Canada,NewYork,Power,2035,4.969,,GW,"IC transfer capability, High/NTP ceiling (MW/1000), floored at existing+commissioned",2026-06-25,Konstantin Loffler <kl@wip.tu-berlin.de>
Canada,NewYork,Power,2036,4.969,,GW,"IC transfer capability, High/NTP ceiling (MW/1000), floored at existing+commissioned",2026-06-25,Konstantin Loffler <kl@wip.tu-berlin.de>
Canada,NewYork,Power,2037,4.969,,GW,"IC transfer capability, High/NTP ceiling (MW/1000), floored at existing+commissioned",2026-06-25,Konstantin Loffler <kl@wip.tu-berlin.de>
Canada,NewYork,Power,2038,4.969,,GW,"IC transfer capability, High/NTP ceiling (MW/1000), floored at existing+commissioned",2026-06-25,Konstantin Loffler <kl@wip.tu-berlin.de>
Canada,NewYork,Power,2039,4.969,,GW,"IC transfer capability, High/NTP ceiling (MW/1000), floored at existing+commissioned",2026-06-25,Konstantin Loffler <kl@wip.tu-berlin.de>
Canada,NewYork,Power,2040,4.969,,GW,"IC transfer capability, High/NTP ceiling (MW/1000), floored at existing+commissioned",2026-06-25,Konstantin Loffler <kl@wip.tu-berlin.de>
Canada,PJM,Power,2025,0.0,,GW,"IC transfer capability, High/NTP ceiling (MW/1000), floored at existing+commissioned",2026-06-25,Konstantin Loffler <kl@wip.tu-berlin.de>
Canada,PJM,Power,2026,0.0,,GW,"IC transfer capability, High/NTP ceiling (MW/1000), floored at existing+commissioned",2026-06-25,Konstantin Loffler <kl@wip.tu-berlin.de>
Canada,PJM,Power,2027,0.0,,GW,"IC transfer capability, High/NTP ceiling (MW/1000), floored at existing+commissioned",2026-06-25,Konstantin Loffler <kl@wip.tu-berlin.de>
Canada,PJM,Power,2028,0.0,,GW,"IC transfer capability, High/NTP ceiling (MW/1000), floored at existing+commissioned",2026-06-25,Konstantin Loffler <kl@wip.tu-berlin.de>
Canada,PJM,Power,2029,0.0,,GW,"IC transfer capability, High/NTP ceiling (MW/1000), floored at existing+commissioned",2026-06-25,Konstantin Loffler <kl@wip.tu-berlin.de>
Canada,PJM,Power,2030,0.0,,GW,"IC transfer capability, High/NTP ceiling (MW/1000), floored at existing+commissioned",2026-06-25,Konstantin Loffler <kl@wip.tu-berlin.de>
Canada,PJM,Power,2031,0.2,,GW,"IC transfer capability, High/NTP ceiling (MW/1000), floored at existing+commissioned",2026-06-25,Konstantin Loffler <kl@wip.tu-berlin.de>
Canada,PJM,Power,2032,0.4,,GW,"IC transfer capability, High/NTP ceiling (MW/1000), floored at existing+commissioned",2026-06-25,Konstantin Loffler <kl@wip.tu-berlin.de>
Canada,PJM,Power,2033,0.6,,GW,"IC transfer capability, High/NTP ceiling (MW/1000), floored at existing+commissioned",2026-06-25,Konstantin Loffler <kl@wip.tu-berlin.de>
Canada,PJM,Power,2034,0.8,,GW,"IC transfer capability, High/NTP ceiling (MW/1000), floored at existing+commissioned",2026-06-25,Konstantin Loffler <kl@wip.tu-berlin.de>
Canada,PJM,Power,2035,1.0,,GW,"IC transfer capability, High/NTP ceiling (MW/1000), floored at existing+commissioned",2026-06-25,Konstantin Loffler <kl@wip.tu-berlin.de>
Canada,PJM,Power,2036,1.0,,GW,"IC transfer capability, High/NTP ceiling (MW/1000), floored at existing+commissioned",2026-06-25,Konstantin Loffler <kl@wip.tu-berlin.de>
Canada,PJM,Power,2037,1.0,,GW,"IC transfer capability, High/NTP ceiling (MW/1000), floored at existing+commissioned",2026-06-25,Konstantin Loffler <kl@wip.tu-berlin.de>
Canada,PJM,Power,2038,1.0,,GW,"IC transfer capability, High/NTP ceiling (MW/1000), floored at existing+commissioned",2026-06-25,Konstantin Loffler <kl@wip.tu-berlin.de>
Canada,PJM,Power,2039,1.0,,GW,"IC transfer capability, High/NTP ceiling (MW/1000), floored at existing+commissioned",2026-06-25,Konstantin Loffler <kl@wip.tu-berlin.de>
Canada,PJM,Power,2040,1.0,,GW,"IC transfer capability, High/NTP ceiling (MW/1000), floored at existing+commissioned",2026-06-25,Konstantin Loffler <kl@wip.tu-berlin.de>
Canada,SPP,Power,2025,0.663,,GW,"IC transfer capability, High/NTP ceiling (MW/1000), floored at existing+commissioned",2026-06-25,Konstantin Loffler <kl@wip.tu-berlin.de>
Canada,SPP,Power,2026,0.663,,GW,"IC transfer capability, High/NTP ceiling (MW/1000), floored at existing+commissioned",2026-06-25,Konstantin Loffler <kl@wip.tu-berlin.de>
Canada,SPP,Power,2027,0.663,,GW,"IC transfer capability, High/NTP ceiling (MW/1000), floored at existing+commissioned",2026-06-25,Konstantin Loffler <kl@wip.tu-berlin.de>
Canada,SPP,Power,2028,0.663,,GW,"IC transfer capability, High/NTP ceiling (MW/1000), floored at existing+commissioned",2026-06-25,Konstantin Loffler <kl@wip.tu-berlin.de>
Canada,SPP,Power,2029,0.663,,GW,"IC transfer capability, High/NTP ceiling (MW/1000), floored at existing+commissioned",2026-06-25,Konstantin Loffler <kl@wip.tu-berlin.de>
Canada,SPP,Power,2030,0.663,,GW,"IC transfer capability, High/NTP ceiling (MW/1000), floored at existing+commissioned",2026-06-25,Konstantin Loffler <kl@wip.tu-berlin.de>
Canada,SPP,Power,2031,0.663,,GW,"IC transfer capability, High/NTP ceiling (MW/1000), floored at existing+commissioned",2026-06-25,Konstantin Loffler <kl@wip.tu-berlin.de>
Canada,SPP,Power,2032,0.663,,GW,"IC transfer capability, High/NTP ceiling (MW/1000), floored at existing+commissioned",2026-06-25,Konstantin Loffler <kl@wip.tu-berlin.de>
Canada,SPP,Power,2033,0.663,,GW,"IC transfer capability, High/NTP ceiling (MW/1000), floored at existing+commissioned",2026-06-25,Konstantin Loffler <kl@wip.tu-berlin.de>
Canada,SPP,Power,2034,0.663,,GW,"IC transfer capability, High/NTP ceiling (MW/1000), floored at existing+commissioned",2026-06-25,Konstantin Loffler <kl@wip.tu-berlin.de>
Canada,SPP,Power,2035,0.663,,GW,"IC transfer capability, High/NTP ceiling (MW/1000), floored at existing+commissioned",2026-06-25,Konstantin Loffler <kl@wip.tu-berlin.de>
Canada,SPP,Power,2036,0.663,,GW,"IC transfer capability, High/NTP ceiling (MW/1000), floored at existing+commissioned",2026-06-25,Konstantin Loffler <kl@wip.tu-berlin.de>
Canada,SPP,Power,2037,0.663,,GW,"IC transfer capability, High/NTP ceiling (MW/1000), floored at existing+commissioned",2026-06-25,Konstantin Loffler <kl@wip.tu-berlin.de>
Canada,SPP,Power,2038,0.663,,GW,"IC transfer capability, High/NTP ceiling (MW/1000), floored at existing+commissioned",2026-06-25,Konstantin Loffler <kl@wip.tu-berlin.de>
Canada,SPP,Power,2039,0.663,,GW,"IC transfer capability, High/NTP ceiling (MW/1000), floored at existing+commissioned",2026-06-25,Konstantin Loffler <kl@wip.tu-berlin.de>
Canada,SPP,Power,2040,0.663,,GW,"IC transfer capability, High/NTP ceiling (MW/1000), floored at existing+commissioned",2026-06-25,Konstantin Loffler <kl@wip.tu-berlin.de>
Canada,WECC,Power,2025,3.45,,GW,"IC transfer capability, High/NTP ceiling (MW/1000), floored at existing+commissioned",2026-06-25,Konstantin Loffler <kl@wip.tu-berlin.de>
Canada,WECC,Power,2026,3.45,,GW,"IC transfer capability, High/NTP ceiling (MW/1000), floored at existing+commissioned",2026-06-25,Konstantin Loffler <kl@wip.tu-berlin.de>
Canada,WECC,Power,2027,3.45,,GW,"IC transfer capability, High/NTP ceiling (MW/1000), floored at existing+commissioned",2026-06-25,Konstantin Loffler <kl@wip.tu-berlin.de>
Canada,WECC,Power,2028,3.45,,GW,"IC transfer capability, High/NTP ceiling (MW/1000), floored at existing+commissioned",2026-06-25,Konstantin Loffler <kl@wip.tu-berlin.de>
Canada,WECC,Power,2029,3.45,,GW,"IC transfer capability, High/NTP ceiling (MW/1000), floored at existing+commissioned",2026-06-25,Konstantin Loffler <kl@wip.tu-berlin.de>
Canada,WECC,Power,2030,3.45,,GW,"IC transfer capability, High/NTP ceiling (MW/1000), floored at existing+commissioned",2026-06-25,Konstantin Loffler <kl@wip.tu-berlin.de>
Canada,WECC,Power,2031,3.45,,GW,"IC transfer capability, High/NTP ceiling (MW/1000), floored at existing+commissioned",2026-06-25,Konstantin Loffler <kl@wip.tu-berlin.de>
Canada,WECC,Power,2032,3.45,,GW,"IC transfer capability, High/NTP ceiling (MW/1000), floored at existing+commissioned",2026-06-25,Konstantin Loffler <kl@wip.tu-berlin.de>
Canada,WECC,Power,2033,3.45,,GW,"IC transfer capability, High/NTP ceiling (MW/1000), floored at existing+commissioned",2026-06-25,Konstantin Loffler <kl@wip.tu-berlin.de>
Canada,WECC,Power,2034,3.45,,GW,"IC transfer capability, High/NTP ceiling (MW/1000), floored at existing+commissioned",2026-06-25,Konstantin Loffler <kl@wip.tu-berlin.de>
Canada,WECC,Power,2035,3.45,,GW,"IC transfer capability, High/NTP ceiling (MW/1000), floored at existing+commissioned",2026-06-25,Konstantin Loffler <kl@wip.tu-berlin.de>
Canada,WECC,Power,2036,3.45,,GW,"IC transfer capability, High/NTP ceiling (MW/1000), floored at existing+commissioned",2026-06-25,Konstantin Loffler <kl@wip.tu-berlin.de>
Canada,WECC,Power,2037,3.45,,GW,"IC transfer capability, High/NTP ceiling (MW/1000), floored at existing+commissioned",2026-06-25,Konstantin Loffler <kl@wip.tu-berlin.de>
Canada,WECC,Power,2038,3.45,,GW,"IC transfer capability, High/NTP ceiling (MW/1000), floored at existing+commissioned",2026-06-25,Konstantin Loffler <kl@wip.tu-berlin.de>
Canada,WECC,Power,2039,3.45,,GW,"IC transfer capability, High/NTP ceiling (MW/1000), floored at existing+commissioned",2026-06-25,Konstantin Loffler <kl@wip.tu-berlin.de>
Canada,WECC,Power,2040,3.45,,GW,"IC transfer capability, High/NTP ceiling (MW/1000), floored at existing+commissioned",2026-06-25,Konstantin Loffler <kl@wip.tu-berlin.de>
ERCOT,MISO,Power,2025,0.0,,GW,"IC transfer capability, High/NTP ceiling (MW/1000), floored at existing+commissioned",2026-06-25,Konstantin Loffler <kl@wip.tu-berlin.de>
ERCOT,MISO,Power,2026,1.1092,,GW,"IC transfer capability, High/NTP ceiling (MW/1000), floored at existing+commissioned",2026-06-25,Konstantin Loffler <kl@wip.tu-berlin.de>
ERCOT,MISO,Power,2027,2.2184,,GW,"IC transfer capability, High/NTP ceiling (MW/1000), floored at existing+commissioned",2026-06-25,Konstantin Loffler <kl@wip.tu-berlin.de>
ERCOT,MISO,Power,2028,3.3276,,GW,"IC transfer capability, High/NTP ceiling (MW/1000), floored at existing+commissioned",2026-06-25,Konstantin Loffler <kl@wip.tu-berlin.de>
ERCOT,MISO,Power,2029,4.4368,,GW,"IC transfer capability, High/NTP ceiling (MW/1000), floored at existing+commissioned",2026-06-25,Konstantin Loffler <kl@wip.tu-berlin.de>
ERCOT,MISO,Power,2030,5.546,,GW,"IC transfer capability, High/NTP ceiling (MW/1000), floored at existing+commissioned",2026-06-25,Konstantin Loffler <kl@wip.tu-berlin.de>
ERCOT,MISO,Power,2031,6.2814,,GW,"IC transfer capability, High/NTP ceiling (MW/1000), floored at existing+commissioned",2026-06-25,Konstantin Loffler <kl@wip.tu-berlin.de>
ERCOT,MISO,Power,2032,7.0168,,GW,"IC transfer capability, High/NTP ceiling (MW/1000), floored at existing+commissioned",2026-06-25,Konstantin Loffler <kl@wip.tu-berlin.de>
ERCOT,MISO,Power,2033,7.7522,,GW,"IC transfer capability, High/NTP ceiling (MW/1000), floored at existing+commissioned",2026-06-25,Konstantin Loffler <kl@wip.tu-berlin.de>
ERCOT,MISO,Power,2034,8.4876,,GW,"IC transfer capability, High/NTP ceiling (MW/1000), floored at existing+commissioned",2026-06-25,Konstantin Loffler <kl@wip.tu-berlin.de>
ERCOT,MISO,Power,2035,9.223,,GW,"IC transfer capability, High/NTP ceiling (MW/1000), floored at existing+commissioned",2026-06-25,Konstantin Loffler <kl@wip.tu-berlin.de>
ERCOT,MISO,Power,2036,10.4564,,GW,"IC transfer capability, High/NTP ceiling (MW/1000), floored at existing+commissioned",2026-06-25,Konstantin Loffler <kl@wip.tu-berlin.de>
ERCOT,MISO,Power,2037,11.6898,,GW,"IC transfer capability, High/NTP ceiling (MW/1000), floored at existing+commissioned",2026-06-25,Konstantin Loffler <kl@wip.tu-berlin.de>
ERCOT,MISO,Power,2038,12.9232,,GW,"IC transfer capability, High/NTP ceiling (MW/1000), floored at existing+commissioned",2026-06-25,Konstantin Loffler <kl@wip.tu-berlin.de>
ERCOT,MISO,Power,2039,14.1566,,GW,"IC transfer capability, High/NTP ceiling (MW/1000), floored at existing+commissioned",2026-06-25,Konstantin Loffler <kl@wip.tu-berlin.de>
ERCOT,MISO,Power,2040,15.39,,GW,"IC transfer capability, High/NTP ceiling (MW/1000), floored at existing+commissioned",2026-06-25,Konstantin Loffler <kl@wip.tu-berlin.de>
ERCOT,SERC,Power,2025,0.0,,GW,"IC transfer capability, High/NTP ceiling (MW/1000), floored at existing+commissioned",2026-06-25,Konstantin Loffler <kl@wip.tu-berlin.de>
ERCOT,SERC,Power,2026,0.0,,GW,"IC transfer capability, High/NTP ceiling (MW/1000), floored at existing+commissioned",2026-06-25,Konstantin Loffler <kl@wip.tu-berlin.de>
ERCOT,SERC,Power,2027,0.0,,GW,"IC transfer capability, High/NTP ceiling (MW/1000), floored at existing+commissioned",2026-06-25,Konstantin Loffler <kl@wip.tu-berlin.de>
ERCOT,SERC,Power,2028,0.0,,GW,"IC transfer capability, High/NTP ceiling (MW/1000), floored at existing+commissioned",2026-06-25,Konstantin Loffler <kl@wip.tu-berlin.de>
ERCOT,SERC,Power,2029,0.0,,GW,"IC transfer capability, High/NTP ceiling (MW/1000), floored at existing+commissioned",2026-06-25,Konstantin Loffler <kl@wip.tu-berlin.de>
ERCOT,SERC,Power,2030,0.0,,GW,"IC transfer capability, High/NTP ceiling (MW/1000), floored at existing+commissioned",2026-06-25,Konstantin Loffler <kl@wip.tu-berlin.de>
ERCOT,SERC,Power,2031,0.0,,GW,"IC transfer capability, High/NTP ceiling (MW/1000), floored at existing+commissioned",2026-06-25,Konstantin Loffler <kl@wip.tu-berlin.de>
ERCOT,SERC,Power,2032,0.0,,GW,"IC transfer capability, High/NTP ceiling (MW/1000), floored at existing+commissioned",2026-06-25,Konstantin Loffler <kl@wip.tu-berlin.de>
ERCOT,SERC,Power,2033,0.0,,GW,"IC transfer capability, High/NTP ceiling (MW/1000), floored at existing+commissioned",2026-06-25,Konstantin Loffler <kl@wip.tu-berlin.de>
ERCOT,SERC,Power,2034,0.0,,GW,"IC transfer capability, High/NTP ceiling (MW/1000), floored at existing+commissioned",2026-06-25,Konstantin Loffler <kl@wip.tu-berlin.de>
ERCOT,SERC,Power,2035,0.0,,GW,"IC transfer capability, High/NTP ceiling (MW/1000), floored at existing+commissioned",2026-06-25,Konstantin Loffler <kl@wip.tu-berlin.de>
ERCOT,SERC,Power,2036,0.0,,GW,"IC transfer capability, High/NTP ceiling (MW/1000), floored at existing+commissioned",2026-06-25,Konstantin Loffler <kl@wip.tu-berlin.de>
ERCOT,SERC,Power,2037,0.0,,GW,"IC transfer capability, High/NTP ceiling (MW/1000), floored at existing+commissioned",2026-06-25,Konstantin Loffler <kl@wip.tu-berlin.de>
ERCOT,SERC,Power,2038,0.0,,GW,"IC transfer capability, High/NTP ceiling (MW/1000), floored at existing+commissioned",2026-06-25,Konstantin Loffler <kl@wip.tu-berlin.de>
ERCOT,SERC,Power,2039,0.0,,GW,"IC transfer capability, High/NTP ceiling (MW/1000), floored at existing+commissioned",2026-06-25,Konstantin Loffler <kl@wip.tu-berlin.de>
ERCOT,SERC,Power,2040,0.0,,GW,"IC transfer capability, High/NTP ceiling (MW/1000), floored at existing+commissioned",2026-06-25,Konstantin Loffler <kl@wip.tu-berlin.de>
ERCOT,SPP,Power,2025,3.0,,GW,"IC transfer capability, High/NTP ceiling (MW/1000), floored at existing+commissioned",2026-06-25,Konstantin Loffler <kl@wip.tu-berlin.de>
ERCOT,SPP,Power,2026,3.2108,,GW,"IC transfer capability, High/NTP ceiling (MW/1000), floored at existing+commissioned",2026-06-25,Konstantin Loffler <kl@wip.tu-berlin.de>
ERCOT,SPP,Power,2027,5.6016,,GW,"IC transfer capability, High/NTP ceiling (MW/1000), floored at existing+commissioned",2026-06-25,Konstantin Loffler <kl@wip.tu-berlin.de>
ERCOT,SPP,Power,2028,7.9924,,GW,"IC transfer capability, High/NTP ceiling (MW/1000), floored at existing+commissioned",2026-06-25,Konstantin Loffler <kl@wip.tu-berlin.de>
ERCOT,SPP,Power,2029,10.3832,,GW,"IC transfer capability, High/NTP ceiling (MW/1000), floored at existing+commissioned",2026-06-25,Konstantin Loffler <kl@wip.tu-berlin.de>
ERCOT,SPP,Power,2030,12.774,,GW,"IC transfer capability, High/NTP ceiling (MW/1000), floored at existing+commissioned",2026-06-25,Konstantin Loffler <kl@wip.tu-berlin.de>
ERCOT,SPP,Power,2031,14.563,,GW,"IC transfer capability, High/NTP ceiling (MW/1000), floored at existing+commissioned",2026-06-25,Konstantin Loffler <kl@wip.tu-berlin.de>
ERCOT,SPP,Power,2032,16.352,,GW,"IC transfer capability, High/NTP ceiling (MW/1000), floored at existing+commissioned",2026-06-25,Konstantin Loffler <kl@wip.tu-berlin.de>
ERCOT,SPP,Power,2033,18.141,,GW,"IC transfer capability, High/NTP ceiling (MW/1000), floored at existing+commissioned",2026-06-25,Konstantin Loffler <kl@wip.tu-berlin.de>
ERCOT,SPP,Power,2034,19.93,,GW,"IC transfer capability, High/NTP ceiling (MW/1000), floored at existing+commissioned",2026-06-25,Konstantin Loffler <kl@wip.tu-berlin.de>
ERCOT,SPP,Power,2035,21.719,,GW,"IC transfer capability, High/NTP ceiling (MW/1000), floored at existing+commissioned",2026-06-25,Konstantin Loffler <kl@wip.tu-berlin.de>
ERCOT,SPP,Power,2036,23.6134,,GW,"IC transfer capability, High/NTP ceiling (MW/1000), floored at existing+commissioned",2026-06-25,Konstantin Loffler <kl@wip.tu-berlin.de>
ERCOT,SPP,Power,2037,25.5078,,GW,"IC transfer capability, High/NTP ceiling (MW/1000), floored at existing+commissioned",2026-06-25,Konstantin Loffler <kl@wip.tu-berlin.de>
ERCOT,SPP,Power,2038,27.4022,,GW,"IC transfer capability, High/NTP ceiling (MW/1000), floored at existing+commissioned",2026-06-25,Konstantin Loffler <kl@wip.tu-berlin.de>
ERCOT,SPP,Power,2039,29.2966,,GW,"IC transfer capability, High/NTP ceiling (MW/1000), floored at existing+commissioned",2026-06-25,Konstantin Loffler <kl@wip.tu-berlin.de>
ERCOT,SPP,Power,2040,31.191,,GW,"IC transfer capability, High/NTP ceiling (MW/1000), floored at existing+commissioned",2026-06-25,Konstantin Loffler <kl@wip.tu-berlin.de>
ERCOT,WECC,Power,2025,0.0,,GW,"IC transfer capability, High/NTP ceiling (MW/1000), floored at existing+commissioned",2026-06-25,Konstantin Loffler <kl@wip.tu-berlin.de>
ERCOT,WECC,Power,2026,2.581,,GW,"IC transfer capability, High/NTP ceiling (MW/1000), floored at existing+commissioned",2026-06-25,Konstantin Loffler <kl@wip.tu-berlin.de>
ERCOT,WECC,Power,2027,5.162,,GW,"IC transfer capability, High/NTP ceiling (MW/1000), floored at existing+commissioned",2026-06-25,Konstantin Loffler <kl@wip.tu-berlin.de>
ERCOT,WECC,Power,2028,7.743,,GW,"IC transfer capability, High/NTP ceiling (MW/1000), floored at existing+commissioned",2026-06-25,Konstantin Loffler <kl@wip.tu-berlin.de>
ERCOT,WECC,Power,2029,10.324,,GW,"IC transfer capability, High/NTP ceiling (MW/1000), floored at existing+commissioned",2026-06-25,Konstantin Loffler <kl@wip.tu-berlin.de>
ERCOT,WECC,Power,2030,12.905,,GW,"IC transfer capability, High/NTP ceiling (MW/1000), floored at existing+commissioned",2026-06-25,Konstantin Loffler <kl@wip.tu-berlin.de>
ERCOT,WECC,Power,2031,13.2206,,GW,"IC transfer capability, High/NTP ceiling (MW/1000), floored at existing+commissioned",2026-06-25,Konstantin Loffler <kl@wip.tu-berlin.de>
ERCOT,WECC,Power,2032,13.5362,,GW,"IC transfer capability, High/NTP ceiling (MW/1000), floored at existing+commissioned",2026-06-25,Konstantin Loffler <kl@wip.tu-berlin.de>
ERCOT,WECC,Power,2033,13.8518,,GW,"IC transfer capability, High/NTP ceiling (MW/1000), floored at existing+commissioned",2026-06-25,Konstantin Loffler <kl@wip.tu-berlin.de>
ERCOT,WECC,Power,2034,14.1674,,GW,"IC transfer capability, High/NTP ceiling (MW/1000), floored at existing+commissioned",2026-06-25,Konstantin Loffler <kl@wip.tu-berlin.de>
ERCOT,WECC,Power,2035,14.483,,GW,"IC transfer capability, High/NTP ceiling (MW/1000), floored at existing+commissioned",2026-06-25,Konstantin Loffler <kl@wip.tu-berlin.de>
ERCOT,WECC,Power,2036,15.4386,,GW,"IC transfer capability, High/NTP ceiling (MW/1000), floored at existing+commissioned",2026-06-25,Konstantin Loffler <kl@wip.tu-berlin.de>
ERCOT,WECC,Power,2037,16.3942,,GW,"IC transfer capability, High/NTP ceiling (MW/1000), floored at existing+commissioned",2026-06-25,Konstantin Loffler <kl@wip.tu-berlin.de>
ERCOT,WECC,Power,2038,17.3498,,GW,"IC transfer capability, High/NTP ceiling (MW/1000), floored at existing+commissioned",2026-06-25,Konstantin Loffler <kl@wip.tu-berlin.de>
ERCOT,WECC,Power,2039,18.3054,,GW,"IC transfer capability, High/NTP ceiling (MW/1000), floored at existing+commissioned",2026-06-25,Konstantin Loffler <kl@wip.tu-berlin.de>
ERCOT,WECC,Power,2040,19.261,,GW,"IC transfer capability, High/NTP ceiling (MW/1000), floored at existing+commissioned",2026-06-25,Konstantin Loffler <kl@wip.tu-berlin.de>
NewEngland,Canada,Power,2025,2.775,,GW,"IC transfer capability, High/NTP ceiling (MW/1000), floored at existing+commissioned",2026-06-25,Konstantin Loffler <kl@wip.tu-berlin.de>
NewEngland,Canada,Power,2026,3.015,,GW,"IC transfer capability, High/NTP ceiling (MW/1000), floored at existing+commissioned",2026-06-25,Konstantin Loffler <kl@wip.tu-berlin.de>
NewEngland,Canada,Power,2027,3.255,,GW,"IC transfer capability, High/NTP ceiling (MW/1000), floored at existing+commissioned",2026-06-25,Konstantin Loffler <kl@wip.tu-berlin.de>
NewEngland,Canada,Power,2028,3.495,,GW,"IC transfer capability, High/NTP ceiling (MW/1000), floored at existing+commissioned",2026-06-25,Konstantin Loffler <kl@wip.tu-berlin.de>
NewEngland,Canada,Power,2029,3.735,,GW,"IC transfer capability, High/NTP ceiling (MW/1000), floored at existing+commissioned",2026-06-25,Konstantin Loffler <kl@wip.tu-berlin.de>
NewEngland,Canada,Power,2030,3.975,,GW,"IC transfer capability, High/NTP ceiling (MW/1000), floored at existing+commissioned",2026-06-25,Konstantin Loffler <kl@wip.tu-berlin.de>
NewEngland,Canada,Power,2031,3.975,,GW,"IC transfer capability, High/NTP ceiling (MW/1000), floored at existing+commissioned",2026-06-25,Konstantin Loffler <kl@wip.tu-berlin.de>
NewEngland,Canada,Power,2032,3.975,,GW,"IC transfer capability, High/NTP ceiling (MW/1000), floored at existing+commissioned",2026-06-25,Konstantin Loffler <kl@wip.tu-berlin.de>
NewEngland,Canada,Power,2033,3.975,,GW,"IC transfer capability, High/NTP ceiling (MW/1000), floored at existing+commissioned",2026-06-25,Konstantin Loffler <kl@wip.tu-berlin.de>
NewEngland,Canada,Power,2034,3.975,,GW,"IC transfer capability, High/NTP ceiling (MW/1000), floored at existing+commissioned",2026-06-25,Konstantin Loffler <kl@wip.tu-berlin.de>
NewEngland,Canada,Power,2035,3.975,,GW,"IC transfer capability, High/NTP ceiling (MW/1000), floored at existing+commissioned",2026-06-25,Konstantin Loffler <kl@wip.tu-berlin.de>
NewEngland,Canada,Power,2036,3.975,,GW,"IC transfer capability, High/NTP ceiling (MW/1000), floored at existing+commissioned",2026-06-25,Konstantin Loffler <kl@wip.tu-berlin.de>
NewEngland,Canada,Power,2037,3.975,,GW,"IC transfer capability, High/NTP ceiling (MW/1000), floored at existing+commissioned",2026-06-25,Konstantin Loffler <kl@wip.tu-berlin.de>
NewEngland,Canada,Power,2038,3.975,,GW,"IC transfer capability, High/NTP ceiling (MW/1000), floored at existing+commissioned",2026-06-25,Konstantin Loffler <kl@wip.tu-berlin.de>
NewEngland,Canada,Power,2039,3.975,,GW,"IC transfer capability, High/NTP ceiling (MW/1000), floored at existing+commissioned",2026-06-25,Konstantin Loffler <kl@wip.tu-berlin.de>
NewEngland,Canada,Power,2040,3.975,,GW,"IC transfer capability, High/NTP ceiling (MW/1000), floored at existing+commissioned",2026-06-25,Konstantin Loffler <kl@wip.tu-berlin.de>
NewEngland,NewYork,Power,2025,3.502,,GW,"IC transfer capability, High/NTP ceiling (MW/1000), floored at existing+commissioned",2026-06-25,Konstantin Loffler <kl@wip.tu-berlin.de>
NewEngland,NewYork,Power,2026,3.85,,GW,"IC transfer capability, High/NTP ceiling (MW/1000), floored at existing+commissioned",2026-06-25,Konstantin Loffler <kl@wip.tu-berlin.de>
NewEngland,NewYork,Power,2027,4.231,,GW,"IC transfer capability, High/NTP ceiling (MW/1000), floored at existing+commissioned",2026-06-25,Konstantin Loffler <kl@wip.tu-berlin.de>
NewEngland,NewYork,Power,2028,4.612,,GW,"IC transfer capability, High/NTP ceiling (MW/1000), floored at existing+commissioned",2026-06-25,Konstantin Loffler <kl@wip.tu-berlin.de>
NewEngland,NewYork,Power,2029,4.993,,GW,"IC transfer capability, High/NTP ceiling (MW/1000), floored at existing+commissioned",2026-06-25,Konstantin Loffler <kl@wip.tu-berlin.de>
NewEngland,NewYork,Power,2030,5.374,,GW,"IC transfer capability, High/NTP ceiling (MW/1000), floored at existing+commissioned",2026-06-25,Konstantin Loffler <kl@wip.tu-berlin.de>
NewEngland,NewYork,Power,2031,6.4078,,GW,"IC transfer capability, High/NTP ceiling (MW/1000), floored at existing+commissioned",2026-06-25,Konstantin Loffler <kl@wip.tu-berlin.de>
NewEngland,NewYork,Power,2032,7.4416,,GW,"IC transfer capability, High/NTP ceiling (MW/1000), floored at existing+commissioned",2026-06-25,Konstantin Loffler <kl@wip.tu-berlin.de>
NewEngland,NewYork,Power,2033,8.4754,,GW,"IC transfer capability, High/NTP ceiling (MW/1000), floored at existing+commissioned",2026-06-25,Konstantin Loffler <kl@wip.tu-berlin.de>
NewEngland,NewYork,Power,2034,9.5092,,GW,"IC transfer capability, High/NTP ceiling (MW/1000), floored at existing+commissioned",2026-06-25,Konstantin Loffler <kl@wip.tu-berlin.de>
NewEngland,NewYork,Power,2035,10.543,,GW,"IC transfer capability, High/NTP ceiling (MW/1000), floored at existing+commissioned",2026-06-25,Konstantin Loffler <kl@wip.tu-berlin.de>
NewEngland,NewYork,Power,2036,15.5458,,GW,"IC transfer capability, High/NTP ceiling (MW/1000), floored at existing+commissioned",2026-06-25,Konstantin Loffler <kl@wip.tu-berlin.de>
NewEngland,NewYork,Power,2037,20.5486,,GW,"IC transfer capability, High/NTP ceiling (MW/1000), floored at existing+commissioned",2026-06-25,Konstantin Loffler <kl@wip.tu-berlin.de>
NewEngland,NewYork,Power,2038,25.5514,,GW,"IC transfer capability, High/NTP ceiling (MW/1000), floored at existing+commissioned",2026-06-25,Konstantin Loffler <kl@wip.tu-berlin.de>
NewEngland,NewYork,Power,2039,30.5542,,GW,"IC transfer capability, High/NTP ceiling (MW/1000), floored at existing+commissioned",2026-06-25,Konstantin Loffler <kl@wip.tu-berlin.de>
NewEngland,NewYork,Power,2040,35.557,,GW,"IC transfer capability, High/NTP ceiling (MW/1000), floored at existing+commissioned",2026-06-25,Konstantin Loffler <kl@wip.tu-berlin.de>
MISO,Canada,Power,2025,5.045,,GW,"IC transfer capability, High/NTP ceiling (MW/1000), floored at existing+commissioned",2026-06-25,Konstantin Loffler <kl@wip.tu-berlin.de>
MISO,Canada,Power,2026,5.045,,GW,"IC transfer capability, High/NTP ceiling (MW/1000), floored at existing+commissioned",2026-06-25,Konstantin Loffler <kl@wip.tu-berlin.de>
MISO,Canada,Power,2027,5.045,,GW,"IC transfer capability, High/NTP ceiling (MW/1000), floored at existing+commissioned",2026-06-25,Konstantin Loffler <kl@wip.tu-berlin.de>
MISO,Canada,Power,2028,5.045,,GW,"IC transfer capability, High/NTP ceiling (MW/1000), floored at existing+commissioned",2026-06-25,Konstantin Loffler <kl@wip.tu-berlin.de>
MISO,Canada,Power,2029,5.045,,GW,"IC transfer capability, High/NTP ceiling (MW/1000), floored at existing+commissioned",2026-06-25,Konstantin Loffler <kl@wip.tu-berlin.de>
MISO,Canada,Power,2030,5.045,,GW,"IC transfer capability, High/NTP ceiling (MW/1000), floored at existing+commissioned",2026-06-25,Konstantin Loffler <kl@wip.tu-berlin.de>
MISO,Canada,Power,2031,5.045,,GW,"IC transfer capability, High/NTP ceiling (MW/1000), floored at existing+commissioned",2026-06-25,Konstantin Loffler <kl@wip.tu-berlin.de>
MISO,Canada,Power,2032,5.045,,GW,"IC transfer capability, High/NTP ceiling (MW/1000), floored at existing+commissioned",2026-06-25,Konstantin Loffler <kl@wip.tu-berlin.de>
MISO,Canada,Power,2033,5.045,,GW,"IC transfer capability, High/NTP ceiling (MW/1000), floored at existing+commissioned",2026-06-25,Konstantin Loffler <kl@wip.tu-berlin.de>
MISO,Canada,Power,2034,5.045,,GW,"IC transfer capability, High/NTP ceiling (MW/1000), floored at existing+commissioned",2026-06-25,Konstantin Loffler <kl@wip.tu-berlin.de>
MISO,Canada,Power,2035,5.045,,GW,"IC transfer capability, High/NTP ceiling (MW/1000), floored at existing+commissioned",2026-06-25,Konstantin Loffler <kl@wip.tu-berlin.de>
MISO,Canada,Power,2036,5.045,,GW,"IC transfer capability, High/NTP ceiling (MW/1000), floored at existing+commissioned",2026-06-25,Konstantin Loffler <kl@wip.tu-berlin.de>
MISO,Canada,Power,2037,5.045,,GW,"IC transfer capability, High/NTP ceiling (MW/1000), floored at existing+commissioned",2026-06-25,Konstantin Loffler <kl@wip.tu-berlin.de>
MISO,Canada,Power,2038,5.045,,GW,"IC transfer capability, High/NTP ceiling (MW/1000), floored at existing+commissioned",2026-06-25,Konstantin Loffler <kl@wip.tu-berlin.de>
MISO,Canada,Power,2039,5.045,,GW,"IC transfer capability, High/NTP ceiling (MW/1000), floored at existing+commissioned",2026-06-25,Konstantin Loffler <kl@wip.tu-berlin.de>
MISO,Canada,Power,2040,5.045,,GW,"IC transfer capability, High/NTP ceiling (MW/1000), floored at existing+commissioned",2026-06-25,Konstantin Loffler <kl@wip.tu-berlin.de>
MISO,ERCOT,Power,2025,0.0,,GW,"IC transfer capability, High/NTP ceiling (MW/1000), floored at existing+commissioned",2026-06-25,Konstantin Loffler <kl@wip.tu-berlin.de>
MISO,ERCOT,Power,2026,1.1092,,GW,"IC transfer capability, High/NTP ceiling (MW/1000), floored at existing+commissioned",2026-06-25,Konstantin Loffler <kl@wip.tu-berlin.de>
MISO,ERCOT,Power,2027,2.2184,,GW,"IC transfer capability, High/NTP ceiling (MW/1000), floored at existing+commissioned",2026-06-25,Konstantin Loffler <kl@wip.tu-berlin.de>
MISO,ERCOT,Power,2028,3.3276,,GW,"IC transfer capability, High/NTP ceiling (MW/1000), floored at existing+commissioned",2026-06-25,Konstantin Loffler <kl@wip.tu-berlin.de>
MISO,ERCOT,Power,2029,4.4368,,GW,"IC transfer capability, High/NTP ceiling (MW/1000), floored at existing+commissioned",2026-06-25,Konstantin Loffler <kl@wip.tu-berlin.de>
MISO,ERCOT,Power,2030,5.546,,GW,"IC transfer capability, High/NTP ceiling (MW/1000), floored at existing+commissioned",2026-06-25,Konstantin Loffler <kl@wip.tu-berlin.de>
MISO,ERCOT,Power,2031,6.2814,,GW,"IC transfer capability, High/NTP ceiling (MW/1000), floored at existing+commissioned",2026-06-25,Konstantin Loffler <kl@wip.tu-berlin.de>
MISO,ERCOT,Power,2032,7.0168,,GW,"IC transfer capability, High/NTP ceiling (MW/1000), floored at existing+commissioned",2026-06-25,Konstantin Loffler <kl@wip.tu-berlin.de>
MISO,ERCOT,Power,2033,7.7522,,GW,"IC transfer capability, High/NTP ceiling (MW/1000), floored at existing+commissioned",2026-06-25,Konstantin Loffler <kl@wip.tu-berlin.de>
MISO,ERCOT,Power,2034,8.4876,,GW,"IC transfer capability, High/NTP ceiling (MW/1000), floored at existing+commissioned",2026-06-25,Konstantin Loffler <kl@wip.tu-berlin.de>
MISO,ERCOT,Power,2035,9.223,,GW,"IC transfer capability, High/NTP ceiling (MW/1000), floored at existing+commissioned",2026-06-25,Konstantin Loffler <kl@wip.tu-berlin.de>
MISO,ERCOT,Power,2036,10.4564,,GW,"IC transfer capability, High/NTP ceiling (MW/1000), floored at existing+commissioned",2026-06-25,Konstantin Loffler <kl@wip.tu-berlin.de>
MISO,ERCOT,Power,2037,11.6898,,GW,"IC transfer capability, High/NTP ceiling (MW/1000), floored at existing+commissioned",2026-06-25,Konstantin Loffler <kl@wip.tu-berlin.de>
MISO,ERCOT,Power,2038,12.9232,,GW,"IC transfer capability, High/NTP ceiling (MW/1000), floored at existing+commissioned",2026-06-25,Konstantin Loffler <kl@wip.tu-berlin.de>
MISO,ERCOT,Power,2039,14.1566,,GW,"IC transfer capability, High/NTP ceiling (MW/1000), floored at existing+commissioned",2026-06-25,Konstantin Loffler <kl@wip.tu-berlin.de>
MISO,ERCOT,Power,2040,15.39,,GW,"IC transfer capability, High/NTP ceiling (MW/1000), floored at existing+commissioned",2026-06-25,Konstantin Loffler <kl@wip.tu-berlin.de>
MISO,PJM,Power,2025,48.388,,GW,"IC transfer capability, High/NTP ceiling (MW/1000), floored at existing+commissioned",2026-06-25,Konstantin Loffler <kl@wip.tu-berlin.de>
MISO,PJM,Power,2026,55.0486,,GW,"IC transfer capability, High/NTP ceiling (MW/1000), floored at existing+commissioned",2026-06-25,Konstantin Loffler <kl@wip.tu-berlin.de>
MISO,PJM,Power,2027,61.7092,,GW,"IC transfer capability, High/NTP ceiling (MW/1000), floored at existing+commissioned",2026-06-25,Konstantin Loffler <kl@wip.tu-berlin.de>
MISO,PJM,Power,2028,68.3698,,GW,"IC transfer capability, High/NTP ceiling (MW/1000), floored at existing+commissioned",2026-06-25,Konstantin Loffler <kl@wip.tu-berlin.de>
MISO,PJM,Power,2029,75.0304,,GW,"IC transfer capability, High/NTP ceiling (MW/1000), floored at existing+commissioned",2026-06-25,Konstantin Loffler <kl@wip.tu-berlin.de>
MISO,PJM,Power,2030,81.691,,GW,"IC transfer capability, High/NTP ceiling (MW/1000), floored at existing+commissioned",2026-06-25,Konstantin Loffler <kl@wip.tu-berlin.de>
MISO,PJM,Power,2031,97.9924,,GW,"IC transfer capability, High/NTP ceiling (MW/1000), floored at existing+commissioned",2026-06-25,Konstantin Loffler <kl@wip.tu-berlin.de>
MISO,PJM,Power,2032,114.2938,,GW,"IC transfer capability, High/NTP ceiling (MW/1000), floored at existing+commissioned",2026-06-25,Konstantin Loffler <kl@wip.tu-berlin.de>
MISO,PJM,Power,2033,130.5952,,GW,"IC transfer capability, High/NTP ceiling (MW/1000), floored at existing+commissioned",2026-06-25,Konstantin Loffler <kl@wip.tu-berlin.de>
MISO,PJM,Power,2034,146.8966,,GW,"IC transfer capability, High/NTP ceiling (MW/1000), floored at existing+commissioned",2026-06-25,Konstantin Loffler <kl@wip.tu-berlin.de>
MISO,PJM,Power,2035,163.198,,GW,"IC transfer capability, High/NTP ceiling (MW/1000), floored at existing+commissioned",2026-06-25,Konstantin Loffler <kl@wip.tu-berlin.de>
MISO,PJM,Power,2036,167.5232,,GW,"IC transfer capability, High/NTP ceiling (MW/1000), floored at existing+commissioned",2026-06-25,Konstantin Loffler <kl@wip.tu-berlin.de>
MISO,PJM,Power,2037,171.8484,,GW,"IC transfer capability, High/NTP ceiling (MW/1000), floored at existing+commissioned",2026-06-25,Konstantin Loffler <kl@wip.tu-berlin.de>
MISO,PJM,Power,2038,176.1736,,GW,"IC transfer capability, High/NTP ceiling (MW/1000), floored at existing+commissioned",2026-06-25,Konstantin Loffler <kl@wip.tu-berlin.de>
MISO,PJM,Power,2039,180.4988,,GW,"IC transfer capability, High/NTP ceiling (MW/1000), floored at existing+commissioned",2026-06-25,Konstantin Loffler <kl@wip.tu-berlin.de>
MISO,PJM,Power,2040,184.824,,GW,"IC transfer capability, High/NTP ceiling (MW/1000), floored at existing+commissioned",2026-06-25,Konstantin Loffler <kl@wip.tu-berlin.de>
MISO,SERC,Power,2025,15.093,,GW,"IC transfer capability, High/NTP ceiling (MW/1000), floored at existing+commissioned",2026-06-25,Konstantin Loffler <kl@wip.tu-berlin.de>
MISO,SERC,Power,2026,16.8446,,GW,"IC transfer capability, High/NTP ceiling (MW/1000), floored at existing+commissioned",2026-06-25,Konstantin Loffler <kl@wip.tu-berlin.de>
MISO,SERC,Power,2027,18.5962,,GW,"IC transfer capability, High/NTP ceiling (MW/1000), floored at existing+commissioned",2026-06-25,Konstantin Loffler <kl@wip.tu-berlin.de>
MISO,SERC,Power,2028,20.3478,,GW,"IC transfer capability, High/NTP ceiling (MW/1000), floored at existing+commissioned",2026-06-25,Konstantin Loffler <kl@wip.tu-berlin.de>
MISO,SERC,Power,2029,22.0994,,GW,"IC transfer capability, High/NTP ceiling (MW/1000), floored at existing+commissioned",2026-06-25,Konstantin Loffler <kl@wip.tu-berlin.de>
MISO,SERC,Power,2030,23.851,,GW,"IC transfer capability, High/NTP ceiling (MW/1000), floored at existing+commissioned",2026-06-25,Konstantin Loffler <kl@wip.tu-berlin.de>
MISO,SERC,Power,2031,28.0866,,GW,"IC transfer capability, High/NTP ceiling (MW/1000), floored at existing+commissioned",2026-06-25,Konstantin Loffler <kl@wip.tu-berlin.de>
MISO,SERC,Power,2032,32.3222,,GW,"IC transfer capability, High/NTP ceiling (MW/1000), floored at existing+commissioned",2026-06-25,Konstantin Loffler <kl@wip.tu-berlin.de>
MISO,SERC,Power,2033,36.5578,,GW,"IC transfer capability, High/NTP ceiling (MW/1000), floored at existing+commissioned",2026-06-25,Konstantin Loffler <kl@wip.tu-berlin.de>
MISO,SERC,Power,2034,40.7934,,GW,"IC transfer capability, High/NTP ceiling (MW/1000), floored at existing+commissioned",2026-06-25,Konstantin Loffler <kl@wip.tu-berlin.de>
MISO,SERC,Power,2035,45.029,,GW,"IC transfer capability, High/NTP ceiling (MW/1000), floored at existing+commissioned",2026-06-25,Konstantin Loffler <kl@wip.tu-berlin.de>
MISO,SERC,Power,2036,49.1432,,GW,"IC transfer capability, High/NTP ceiling (MW/1000), floored at existing+commissioned",2026-06-25,Konstantin Loffler <kl@wip.tu-berlin.de>
MISO,SERC,Power,2037,53.2574,,GW,"IC transfer capability, High/NTP ceiling (MW/1000), floored at existing+commissioned",2026-06-25,Konstantin Loffler <kl@wip.tu-berlin.de>
MISO,SERC,Power,2038,57.3716,,GW,"IC transfer capability, High/NTP ceiling (MW/1000), floored at existing+commissioned",2026-06-25,Konstantin Loffler <kl@wip.tu-berlin.de>
MISO,SERC,Power,2039,61.4858,,GW,"IC transfer capability, High/NTP ceiling (MW/1000), floored at existing+commissioned",2026-06-25,Konstantin Loffler <kl@wip.tu-berlin.de>
MISO,SERC,Power,2040,65.6,,GW,"IC transfer capability, High/NTP ceiling (MW/1000), floored at existing+commissioned",2026-06-25,Konstantin Loffler <kl@wip.tu-berlin.de>
MISO,SPP,Power,2025,16.439,,GW,"IC transfer capability, High/NTP ceiling (MW/1000), floored at existing+commissioned",2026-06-25,Konstantin Loffler <kl@wip.tu-berlin.de>
MISO,SPP,Power,2026,22.335,,GW,"IC transfer capability, High/NTP ceiling (MW/1000), floored at existing+commissioned",2026-06-25,Konstantin Loffler <kl@wip.tu-berlin.de>
MISO,SPP,Power,2027,28.231,,GW,"IC transfer capability, High/NTP ceiling (MW/1000), floored at existing+commissioned",2026-06-25,Konstantin Loffler <kl@wip.tu-berlin.de>
MISO,SPP,Power,2028,34.127,,GW,"IC transfer capability, High/NTP ceiling (MW/1000), floored at existing+commissioned",2026-06-25,Konstantin Loffler <kl@wip.tu-berlin.de>
MISO,SPP,Power,2029,40.023,,GW,"IC transfer capability, High/NTP ceiling (MW/1000), floored at existing+commissioned",2026-06-25,Konstantin Loffler <kl@wip.tu-berlin.de>
MISO,SPP,Power,2030,45.919,,GW,"IC transfer capability, High/NTP ceiling (MW/1000), floored at existing+commissioned",2026-06-25,Konstantin Loffler <kl@wip.tu-berlin.de>
MISO,SPP,Power,2031,57.5112,,GW,"IC transfer capability, High/NTP ceiling (MW/1000), floored at existing+commissioned",2026-06-25,Konstantin Loffler <kl@wip.tu-berlin.de>
MISO,SPP,Power,2032,69.1034,,GW,"IC transfer capability, High/NTP ceiling (MW/1000), floored at existing+commissioned",2026-06-25,Konstantin Loffler <kl@wip.tu-berlin.de>
MISO,SPP,Power,2033,80.6956,,GW,"IC transfer capability, High/NTP ceiling (MW/1000), floored at existing+commissioned",2026-06-25,Konstantin Loffler <kl@wip.tu-berlin.de>
MISO,SPP,Power,2034,92.2878,,GW,"IC transfer capability, High/NTP ceiling (MW/1000), floored at existing+commissioned",2026-06-25,Konstantin Loffler <kl@wip.tu-berlin.de>
MISO,SPP,Power,2035,103.88,,GW,"IC transfer capability, High/NTP ceiling (MW/1000), floored at existing+commissioned",2026-06-25,Konstantin Loffler <kl@wip.tu-berlin.de>
MISO,SPP,Power,2036,116.323,,GW,"IC transfer capability, High/NTP ceiling (MW/1000), floored at existing+commissioned",2026-06-25,Konstantin Loffler <kl@wip.tu-berlin.de>
MISO,SPP,Power,2037,128.766,,GW,"IC transfer capability, High/NTP ceiling (MW/1000), floored at existing+commissioned",2026-06-25,Konstantin Loffler <kl@wip.tu-berlin.de>
MISO,SPP,Power,2038,141.209,,GW,"IC transfer capability, High/NTP ceiling (MW/1000), floored at existing+commissioned",2026-06-25,Konstantin Loffler <kl@wip.tu-berlin.de>
MISO,SPP,Power,2039,153.652,,GW,"IC transfer capability, High/NTP ceiling (MW/1000), floored at existing+commissioned",2026-06-25,Konstantin Loffler <kl@wip.tu-berlin.de>
MISO,SPP,Power,2040,166.095,,GW,"IC transfer capability, High/NTP ceiling (MW/1000), floored at existing+commissioned",2026-06-25,Konstantin Loffler <kl@wip.tu-berlin.de>
MISO,WECC,Power,2025,0.0,,GW,"IC transfer capability, High/NTP ceiling (MW/1000), floored at existing+commissioned",2026-06-25,Konstantin Loffler <kl@wip.tu-berlin.de>
MISO,WECC,Power,2026,0.0,,GW,"IC transfer capability, High/NTP ceiling (MW/1000), floored at existing+commissioned",2026-06-25,Konstantin Loffler <kl@wip.tu-berlin.de>
MISO,WECC,Power,2027,0.0,,GW,"IC transfer capability, High/NTP ceiling (MW/1000), floored at existing+commissioned",2026-06-25,Konstantin Loffler <kl@wip.tu-berlin.de>
MISO,WECC,Power,2028,0.0,,GW,"IC transfer capability, High/NTP ceiling (MW/1000), floored at existing+commissioned",2026-06-25,Konstantin Loffler <kl@wip.tu-berlin.de>
MISO,WECC,Power,2029,0.0,,GW,"IC transfer capability, High/NTP ceiling (MW/1000), floored at existing+commissioned",2026-06-25,Konstantin Loffler <kl@wip.tu-berlin.de>
MISO,WECC,Power,2030,0.0,,GW,"IC transfer capability, High/NTP ceiling (MW/1000), floored at existing+commissioned",2026-06-25,Konstantin Loffler <kl@wip.tu-berlin.de>
MISO,WECC,Power,2031,0.66,,GW,"IC transfer capability, High/NTP ceiling (MW/1000), floored at existing+commissioned",2026-06-25,Konstantin Loffler <kl@wip.tu-berlin.de>
MISO,WECC,Power,2032,3.0,,GW,"IC transfer capability, High/NTP ceiling (MW/1000), floored at existing+commissioned",2026-06-25,Konstantin Loffler <kl@wip.tu-berlin.de>
MISO,WECC,Power,2033,3.0,,GW,"IC transfer capability, High/NTP ceiling (MW/1000), floored at existing+commissioned",2026-06-25,Konstantin Loffler <kl@wip.tu-berlin.de>
MISO,WECC,Power,2034,3.0,,GW,"IC transfer capability, High/NTP ceiling (MW/1000), floored at existing+commissioned",2026-06-25,Konstantin Loffler <kl@wip.tu-berlin.de>
MISO,WECC,Power,2035,3.3,,GW,"IC transfer capability, High/NTP ceiling (MW/1000), floored at existing+commissioned",2026-06-25,Konstantin Loffler <kl@wip.tu-berlin.de>
MISO,WECC,Power,2036,3.3,,GW,"IC transfer capability, High/NTP ceiling (MW/1000), floored at existing+commissioned",2026-06-25,Konstantin Loffler <kl@wip.tu-berlin.de>
MISO,WECC,Power,2037,3.3,,GW,"IC transfer capability, High/NTP ceiling (MW/1000), floored at existing+commissioned",2026-06-25,Konstantin Loffler <kl@wip.tu-berlin.de>
MISO,WECC,Power,2038,3.3,,GW,"IC transfer capability, High/NTP ceiling (MW/1000), floored at existing+commissioned",2026-06-25,Konstantin Loffler <kl@wip.tu-berlin.de>
MISO,WECC,Power,2039,3.3,,GW,"IC transfer capability, High/NTP ceiling (MW/1000), floored at existing+commissioned",2026-06-25,Konstantin Loffler <kl@wip.tu-berlin.de>
MISO,WECC,Power,2040,3.3,,GW,"IC transfer capability, High/NTP ceiling (MW/1000), floored at existing+commissioned",2026-06-25,Konstantin Loffler <kl@wip.tu-berlin.de>
NewYork,Canada,Power,2025,6.421,,GW,"IC transfer capability, High/NTP ceiling (MW/1000), floored at existing+commissioned",2026-06-25,Konstantin Loffler <kl@wip.tu-berlin.de>
NewYork,Canada,Power,2026,6.421,,GW,"IC transfer capability, High/NTP ceiling (MW/1000), floored at existing+commissioned",2026-06-25,Konstantin Loffler <kl@wip.tu-berlin.de>
NewYork,Canada,Power,2027,6.421,,GW,"IC transfer capability, High/NTP ceiling (MW/1000), floored at existing+commissioned",2026-06-25,Konstantin Loffler <kl@wip.tu-berlin.de>
NewYork,Canada,Power,2028,6.421,,GW,"IC transfer capability, High/NTP ceiling (MW/1000), floored at existing+commissioned",2026-06-25,Konstantin Loffler <kl@wip.tu-berlin.de>
NewYork,Canada,Power,2029,6.421,,GW,"IC transfer capability, High/NTP ceiling (MW/1000), floored at existing+commissioned",2026-06-25,Konstantin Loffler <kl@wip.tu-berlin.de>
NewYork,Canada,Power,2030,6.421,,GW,"IC transfer capability, High/NTP ceiling (MW/1000), floored at existing+commissioned",2026-06-25,Konstantin Loffler <kl@wip.tu-berlin.de>
NewYork,Canada,Power,2031,6.421,,GW,"IC transfer capability, High/NTP ceiling (MW/1000), floored at existing+commissioned",2026-06-25,Konstantin Loffler <kl@wip.tu-berlin.de>
NewYork,Canada,Power,2032,6.421,,GW,"IC transfer capability, High/NTP ceiling (MW/1000), floored at existing+commissioned",2026-06-25,Konstantin Loffler <kl@wip.tu-berlin.de>
NewYork,Canada,Power,2033,6.421,,GW,"IC transfer capability, High/NTP ceiling (MW/1000), floored at existing+commissioned",2026-06-25,Konstantin Loffler <kl@wip.tu-berlin.de>
NewYork,Canada,Power,2034,6.421,,GW,"IC transfer capability, High/NTP ceiling (MW/1000), floored at existing+commissioned",2026-06-25,Konstantin Loffler <kl@wip.tu-berlin.de>
NewYork,Canada,Power,2035,6.421,,GW,"IC transfer capability, High/NTP ceiling (MW/1000), floored at existing+commissioned",2026-06-25,Konstantin Loffler <kl@wip.tu-berlin.de>
NewYork,Canada,Power,2036,6.421,,GW,"IC transfer capability, High/NTP ceiling (MW/1000), floored at existing+commissioned",2026-06-25,Konstantin Loffler <kl@wip.tu-berlin.de>
NewYork,Canada,Power,2037,6.421,,GW,"IC transfer capability, High/NTP ceiling (MW/1000), floored at existing+commissioned",2026-06-25,Konstantin Loffler <kl@wip.tu-berlin.de>
NewYork,Canada,Power,2038,6.421,,GW,"IC transfer capability, High/NTP ceiling (MW/1000), floored at existing+commissioned",2026-06-25,Konstantin Loffler <kl@wip.tu-berlin.de>
NewYork,Canada,Power,2039,6.421,,GW,"IC transfer capability, High/NTP ceiling (MW/1000), floored at existing+commissioned",2026-06-25,Konstantin Loffler <kl@wip.tu-berlin.de>
NewYork,Canada,Power,2040,6.421,,GW,"IC transfer capability, High/NTP ceiling (MW/1000), floored at existing+commissioned",2026-06-25,Konstantin Loffler <kl@wip.tu-berlin.de>
NewYork,NewEngland,Power,2025,3.469,,GW,"IC transfer capability, High/NTP ceiling (MW/1000), floored at existing+commissioned",2026-06-25,Konstantin Loffler <kl@wip.tu-berlin.de>
NewYork,NewEngland,Power,2026,3.85,,GW,"IC transfer capability, High/NTP ceiling (MW/1000), floored at existing+commissioned",2026-06-25,Konstantin Loffler <kl@wip.tu-berlin.de>
NewYork,NewEngland,Power,2027,4.231,,GW,"IC transfer capability, High/NTP ceiling (MW/1000), floored at existing+commissioned",2026-06-25,Konstantin Loffler <kl@wip.tu-berlin.de>
NewYork,NewEngland,Power,2028,4.612,,GW,"IC transfer capability, High/NTP ceiling (MW/1000), floored at existing+commissioned",2026-06-25,Konstantin Loffler <kl@wip.tu-berlin.de>
NewYork,NewEngland,Power,2029,4.993,,GW,"IC transfer capability, High/NTP ceiling (MW/1000), floored at existing+commissioned",2026-06-25,Konstantin Loffler <kl@wip.tu-berlin.de>
NewYork,NewEngland,Power,2030,5.374,,GW,"IC transfer capability, High/NTP ceiling (MW/1000), floored at existing+commissioned",2026-06-25,Konstantin Loffler <kl@wip.tu-berlin.de>
NewYork,NewEngland,Power,2031,6.4078,,GW,"IC transfer capability, High/NTP ceiling (MW/1000), floored at existing+commissioned",2026-06-25,Konstantin Loffler <kl@wip.tu-berlin.de>
NewYork,NewEngland,Power,2032,7.4416,,GW,"IC transfer capability, High/NTP ceiling (MW/1000), floored at existing+commissioned",2026-06-25,Konstantin Loffler <kl@wip.tu-berlin.de>
NewYork,NewEngland,Power,2033,8.4754,,GW,"IC transfer capability, High/NTP ceiling (MW/1000), floored at existing+commissioned",2026-06-25,Konstantin Loffler <kl@wip.tu-berlin.de>
NewYork,NewEngland,Power,2034,9.5092,,GW,"IC transfer capability, High/NTP ceiling (MW/1000), floored at existing+commissioned",2026-06-25,Konstantin Loffler <kl@wip.tu-berlin.de>
NewYork,NewEngland,Power,2035,10.543,,GW,"IC transfer capability, High/NTP ceiling (MW/1000), floored at existing+commissioned",2026-06-25,Konstantin Loffler <kl@wip.tu-berlin.de>
NewYork,NewEngland,Power,2036,15.5458,,GW,"IC transfer capability, High/NTP ceiling (MW/1000), floored at existing+commissioned",2026-06-25,Konstantin Loffler <kl@wip.tu-berlin.de>
NewYork,NewEngland,Power,2037,20.5486,,GW,"IC transfer capability, High/NTP ceiling (MW/1000), floored at existing+commissioned",2026-06-25,Konstantin Loffler <kl@wip.tu-berlin.de>
NewYork,NewEngland,Power,2038,25.5514,,GW,"IC transfer capability, High/NTP ceiling (MW/1000), floored at existing+commissioned",2026-06-25,Konstantin Loffler <kl@wip.tu-berlin.de>
NewYork,NewEngland,Power,2039,30.5542,,GW,"IC transfer capability, High/NTP ceiling (MW/1000), floored at existing+commissioned",2026-06-25,Konstantin Loffler <kl@wip.tu-berlin.de>
NewYork,NewEngland,Power,2040,35.557,,GW,"IC transfer capability, High/NTP ceiling (MW/1000), floored at existing+commissioned",2026-06-25,Konstantin Loffler <kl@wip.tu-berlin.de>
NewYork,PJM,Power,2025,6.604,,GW,"IC transfer capability, High/NTP ceiling (MW/1000), floored at existing+commissioned",2026-06-25,Konstantin Loffler <kl@wip.tu-berlin.de>
NewYork,PJM,Power,2026,6.604,,GW,"IC transfer capability, High/NTP ceiling (MW/1000), floored at existing+commissioned",2026-06-25,Konstantin Loffler <kl@wip.tu-berlin.de>
NewYork,PJM,Power,2027,6.604,,GW,"IC transfer capability, High/NTP ceiling (MW/1000), floored at existing+commissioned",2026-06-25,Konstantin Loffler <kl@wip.tu-berlin.de>
NewYork,PJM,Power,2028,6.604,,GW,"IC transfer capability, High/NTP ceiling (MW/1000), floored at existing+commissioned",2026-06-25,Konstantin Loffler <kl@wip.tu-berlin.de>
NewYork,PJM,Power,2029,6.604,,GW,"IC transfer capability, High/NTP ceiling (MW/1000), floored at existing+commissioned",2026-06-25,Konstantin Loffler <kl@wip.tu-berlin.de>
NewYork,PJM,Power,2030,6.604,,GW,"IC transfer capability, High/NTP ceiling (MW/1000), floored at existing+commissioned",2026-06-25,Konstantin Loffler <kl@wip.tu-berlin.de>
NewYork,PJM,Power,2031,8.2472,,GW,"IC transfer capability, High/NTP ceiling (MW/1000), floored at existing+commissioned",2026-06-25,Konstantin Loffler <kl@wip.tu-berlin.de>
NewYork,PJM,Power,2032,9.8904,,GW,"IC transfer capability, High/NTP ceiling (MW/1000), floored at existing+commissioned",2026-06-25,Konstantin Loffler <kl@wip.tu-berlin.de>
NewYork,PJM,Power,2033,11.5336,,GW,"IC transfer capability, High/NTP ceiling (MW/1000), floored at existing+commissioned",2026-06-25,Konstantin Loffler <kl@wip.tu-berlin.de>
NewYork,PJM,Power,2034,13.1768,,GW,"IC transfer capability, High/NTP ceiling (MW/1000), floored at existing+commissioned",2026-06-25,Konstantin Loffler <kl@wip.tu-berlin.de>
NewYork,PJM,Power,2035,14.82,,GW,"IC transfer capability, High/NTP ceiling (MW/1000), floored at existing+commissioned",2026-06-25,Konstantin Loffler <kl@wip.tu-berlin.de>
NewYork,PJM,Power,2036,17.9152,,GW,"IC transfer capability, High/NTP ceiling (MW/1000), floored at existing+commissioned",2026-06-25,Konstantin Loffler <kl@wip.tu-berlin.de>
NewYork,PJM,Power,2037,21.0104,,GW,"IC transfer capability, High/NTP ceiling (MW/1000), floored at existing+commissioned",2026-06-25,Konstantin Loffler <kl@wip.tu-berlin.de>
NewYork,PJM,Power,2038,24.1056,,GW,"IC transfer capability, High/NTP ceiling (MW/1000), floored at existing+commissioned",2026-06-25,Konstantin Loffler <kl@wip.tu-berlin.de>
NewYork,PJM,Power,2039,27.2008,,GW,"IC transfer capability, High/NTP ceiling (MW/1000), floored at existing+commissioned",2026-06-25,Konstantin Loffler <kl@wip.tu-berlin.de>
NewYork,PJM,Power,2040,30.296,,GW,"IC transfer capability, High/NTP ceiling (MW/1000), floored at existing+commissioned",2026-06-25,Konstantin Loffler <kl@wip.tu-berlin.de>
PJM,Canada,Power,2025,0.0,,GW,"IC transfer capability, High/NTP ceiling (MW/1000), floored at existing+commissioned",2026-06-25,Konstantin Loffler <kl@wip.tu-berlin.de>
PJM,Canada,Power,2026,0.0,,GW,"IC transfer capability, High/NTP ceiling (MW/1000), floored at existing+commissioned",2026-06-25,Konstantin Loffler <kl@wip.tu-berlin.de>
PJM,Canada,Power,2027,0.0,,GW,"IC transfer capability, High/NTP ceiling (MW/1000), floored at existing+commissioned",2026-06-25,Konstantin Loffler <kl@wip.tu-berlin.de>
PJM,Canada,Power,2028,0.0,,GW,"IC transfer capability, High/NTP ceiling (MW/1000), floored at existing+commissioned",2026-06-25,Konstantin Loffler <kl@wip.tu-berlin.de>
PJM,Canada,Power,2029,0.0,,GW,"IC transfer capability, High/NTP ceiling (MW/1000), floored at existing+commissioned",2026-06-25,Konstantin Loffler <kl@wip.tu-berlin.de>
PJM,Canada,Power,2030,0.0,,GW,"IC transfer capability, High/NTP ceiling (MW/1000), floored at existing+commissioned",2026-06-25,Konstantin Loffler <kl@wip.tu-berlin.de>
PJM,Canada,Power,2031,0.2,,GW,"IC transfer capability, High/NTP ceiling (MW/1000), floored at existing+commissioned",2026-06-25,Konstantin Loffler <kl@wip.tu-berlin.de>
PJM,Canada,Power,2032,0.4,,GW,"IC transfer capability, High/NTP ceiling (MW/1000), floored at existing+commissioned",2026-06-25,Konstantin Loffler <kl@wip.tu-berlin.de>
PJM,Canada,Power,2033,0.6,,GW,"IC transfer capability, High/NTP ceiling (MW/1000), floored at existing+commissioned",2026-06-25,Konstantin Loffler <kl@wip.tu-berlin.de>
PJM,Canada,Power,2034,0.8,,GW,"IC transfer capability, High/NTP ceiling (MW/1000), floored at existing+commissioned",2026-06-25,Konstantin Loffler <kl@wip.tu-berlin.de>
PJM,Canada,Power,2035,1.0,,GW,"IC transfer capability, High/NTP ceiling (MW/1000), floored at existing+commissioned",2026-06-25,Konstantin Loffler <kl@wip.tu-berlin.de>
PJM,Canada,Power,2036,1.0,,GW,"IC transfer capability, High/NTP ceiling (MW/1000), floored at existing+commissioned",2026-06-25,Konstantin Loffler <kl@wip.tu-berlin.de>
PJM,Canada,Power,2037,1.0,,GW,"IC transfer capability, High/NTP ceiling (MW/1000), floored at existing+commissioned",2026-06-25,Konstantin Loffler <kl@wip.tu-berlin.de>
PJM,Canada,Power,2038,1.0,,GW,"IC transfer capability, High/NTP ceiling (MW/1000), floored at existing+commissioned",2026-06-25,Konstantin Loffler <kl@wip.tu-berlin.de>
PJM,Canada,Power,2039,1.0,,GW,"IC transfer capability, High/NTP ceiling (MW/1000), floored at existing+commissioned",2026-06-25,Konstantin Loffler <kl@wip.tu-berlin.de>
PJM,Canada,Power,2040,1.0,,GW,"IC transfer capability, High/NTP ceiling (MW/1000), floored at existing+commissioned",2026-06-25,Konstantin Loffler <kl@wip.tu-berlin.de>
PJM,MISO,Power,2025,48.388,,GW,"IC transfer capability, High/NTP ceiling (MW/1000), floored at existing+commissioned",2026-06-25,Konstantin Loffler <kl@wip.tu-berlin.de>
PJM,MISO,Power,2026,55.0486,,GW,"IC transfer capability, High/NTP ceiling (MW/1000), floored at existing+commissioned",2026-06-25,Konstantin Loffler <kl@wip.tu-berlin.de>
PJM,MISO,Power,2027,61.7092,,GW,"IC transfer capability, High/NTP ceiling (MW/1000), floored at existing+commissioned",2026-06-25,Konstantin Loffler <kl@wip.tu-berlin.de>
PJM,MISO,Power,2028,68.3698,,GW,"IC transfer capability, High/NTP ceiling (MW/1000), floored at existing+commissioned",2026-06-25,Konstantin Loffler <kl@wip.tu-berlin.de>
PJM,MISO,Power,2029,75.0304,,GW,"IC transfer capability, High/NTP ceiling (MW/1000), floored at existing+commissioned",2026-06-25,Konstantin Loffler <kl@wip.tu-berlin.de>
PJM,MISO,Power,2030,81.691,,GW,"IC transfer capability, High/NTP ceiling (MW/1000), floored at existing+commissioned",2026-06-25,Konstantin Loffler <kl@wip.tu-berlin.de>
PJM,MISO,Power,2031,97.9924,,GW,"IC transfer capability, High/NTP ceiling (MW/1000), floored at existing+commissioned",2026-06-25,Konstantin Loffler <kl@wip.tu-berlin.de>
PJM,MISO,Power,2032,114.2938,,GW,"IC transfer capability, High/NTP ceiling (MW/1000), floored at existing+commissioned",2026-06-25,Konstantin Loffler <kl@wip.tu-berlin.de>
PJM,MISO,Power,2033,130.5952,,GW,"IC transfer capability, High/NTP ceiling (MW/1000), floored at existing+commissioned",2026-06-25,Konstantin Loffler <kl@wip.tu-berlin.de>
PJM,MISO,Power,2034,146.8966,,GW,"IC transfer capability, High/NTP ceiling (MW/1000), floored at existing+commissioned",2026-06-25,Konstantin Loffler <kl@wip.tu-berlin.de>
PJM,MISO,Power,2035,163.198,,GW,"IC transfer capability, High/NTP ceiling (MW/1000), floored at existing+commissioned",2026-06-25,Konstantin Loffler <kl@wip.tu-berlin.de>
PJM,MISO,Power,2036,167.5232,,GW,"IC transfer capability, High/NTP ceiling (MW/1000), floored at existing+commissioned",2026-06-25,Konstantin Loffler <kl@wip.tu-berlin.de>
PJM,MISO,Power,2037,171.8484,,GW,"IC transfer capability, High/NTP ceiling (MW/1000), floored at existing+commissioned",2026-06-25,Konstantin Loffler <kl@wip.tu-berlin.de>
PJM,MISO,Power,2038,176.1736,,GW,"IC transfer capability, High/NTP ceiling (MW/1000), floored at existing+commissioned",2026-06-25,Konstantin Loffler <kl@wip.tu-berlin.de>
PJM,MISO,Power,2039,180.4988,,GW,"IC transfer capability, High/NTP ceiling (MW/1000), floored at existing+commissioned",2026-06-25,Konstantin Loffler <kl@wip.tu-berlin.de>
PJM,MISO,Power,2040,184.824,,GW,"IC transfer capability, High/NTP ceiling (MW/1000), floored at existing+commissioned",2026-06-25,Konstantin Loffler <kl@wip.tu-berlin.de>
PJM,NewYork,Power,2025,6.604,,GW,"IC transfer capability, High/NTP ceiling (MW/1000), floored at existing+commissioned",2026-06-25,Konstantin Loffler <kl@wip.tu-berlin.de>
PJM,NewYork,Power,2026,6.604,,GW,"IC transfer capability, High/NTP ceiling (MW/1000), floored at existing+commissioned",2026-06-25,Konstantin Loffler <kl@wip.tu-berlin.de>
PJM,NewYork,Power,2027,6.604,,GW,"IC transfer capability, High/NTP ceiling (MW/1000), floored at existing+commissioned",2026-06-25,Konstantin Loffler <kl@wip.tu-berlin.de>
PJM,NewYork,Power,2028,6.604,,GW,"IC transfer capability, High/NTP ceiling (MW/1000), floored at existing+commissioned",2026-06-25,Konstantin Loffler <kl@wip.tu-berlin.de>
PJM,NewYork,Power,2029,6.604,,GW,"IC transfer capability, High/NTP ceiling (MW/1000), floored at existing+commissioned",2026-06-25,Konstantin Loffler <kl@wip.tu-berlin.de>
PJM,NewYork,Power,2030,6.604,,GW,"IC transfer capability, High/NTP ceiling (MW/1000), floored at existing+commissioned",2026-06-25,Konstantin Loffler <kl@wip.tu-berlin.de>
PJM,NewYork,Power,2031,8.2472,,GW,"IC transfer capability, High/NTP ceiling (MW/1000), floored at existing+commissioned",2026-06-25,Konstantin Loffler <kl@wip.tu-berlin.de>
PJM,NewYork,Power,2032,9.8904,,GW,"IC transfer capability, High/NTP ceiling (MW/1000), floored at existing+commissioned",2026-06-25,Konstantin Loffler <kl@wip.tu-berlin.de>
PJM,NewYork,Power,2033,11.5336,,GW,"IC transfer capability, High/NTP ceiling (MW/1000), floored at existing+commissioned",2026-06-25,Konstantin Loffler <kl@wip.tu-berlin.de>
PJM,NewYork,Power,2034,13.1768,,GW,"IC transfer capability, High/NTP ceiling (MW/1000), floored at existing+commissioned",2026-06-25,Konstantin Loffler <kl@wip.tu-berlin.de>
PJM,NewYork,Power,2035,14.82,,GW,"IC transfer capability, High/NTP ceiling (MW/1000), floored at existing+commissioned",2026-06-25,Konstantin Loffler <kl@wip.tu-berlin.de>
PJM,NewYork,Power,2036,17.9152,,GW,"IC transfer capability, High/NTP ceiling (MW/1000), floored at existing+commissioned",2026-06-25,Konstantin Loffler <kl@wip.tu-berlin.de>
PJM,NewYork,Power,2037,21.0104,,GW,"IC transfer capability, High/NTP ceiling (MW/1000), floored at existing+commissioned",2026-06-25,Konstantin Loffler <kl@wip.tu-berlin.de>
PJM,NewYork,Power,2038,24.1056,,GW,"IC transfer capability, High/NTP ceiling (MW/1000), floored at existing+commissioned",2026-06-25,Konstantin Loffler <kl@wip.tu-berlin.de>
PJM,NewYork,Power,2039,27.2008,,GW,"IC transfer capability, High/NTP ceiling (MW/1000), floored at existing+commissioned",2026-06-25,Konstantin Loffler <kl@wip.tu-berlin.de>
PJM,NewYork,Power,2040,30.296,,GW,"IC transfer capability, High/NTP ceiling (MW/1000), floored at existing+commissioned",2026-06-25,Konstantin Loffler <kl@wip.tu-berlin.de>
PJM,SERC,Power,2025,17.278,,GW,"IC transfer capability, High/NTP ceiling (MW/1000), floored at existing+commissioned",2026-06-25,Konstantin Loffler <kl@wip.tu-berlin.de>
PJM,SERC,Power,2026,17.278,,GW,"IC transfer capability, High/NTP ceiling (MW/1000), floored at existing+commissioned",2026-06-25,Konstantin Loffler <kl@wip.tu-berlin.de>
PJM,SERC,Power,2027,17.278,,GW,"IC transfer capability, High/NTP ceiling (MW/1000), floored at existing+commissioned",2026-06-25,Konstantin Loffler <kl@wip.tu-berlin.de>
PJM,SERC,Power,2028,17.278,,GW,"IC transfer capability, High/NTP ceiling (MW/1000), floored at existing+commissioned",2026-06-25,Konstantin Loffler <kl@wip.tu-berlin.de>
PJM,SERC,Power,2029,17.278,,GW,"IC transfer capability, High/NTP ceiling (MW/1000), floored at existing+commissioned",2026-06-25,Konstantin Loffler <kl@wip.tu-berlin.de>
PJM,SERC,Power,2030,17.596,,GW,"IC transfer capability, High/NTP ceiling (MW/1000), floored at existing+commissioned",2026-06-25,Konstantin Loffler <kl@wip.tu-berlin.de>
PJM,SERC,Power,2031,18.4948,,GW,"IC transfer capability, High/NTP ceiling (MW/1000), floored at existing+commissioned",2026-06-25,Konstantin Loffler <kl@wip.tu-berlin.de>
PJM,SERC,Power,2032,19.3936,,GW,"IC transfer capability, High/NTP ceiling (MW/1000), floored at existing+commissioned",2026-06-25,Konstantin Loffler <kl@wip.tu-berlin.de>
PJM,SERC,Power,2033,20.2924,,GW,"IC transfer capability, High/NTP ceiling (MW/1000), floored at existing+commissioned",2026-06-25,Konstantin Loffler <kl@wip.tu-berlin.de>
PJM,SERC,Power,2034,21.1912,,GW,"IC transfer capability, High/NTP ceiling (MW/1000), floored at existing+commissioned",2026-06-25,Konstantin Loffler <kl@wip.tu-berlin.de>
PJM,SERC,Power,2035,22.09,,GW,"IC transfer capability, High/NTP ceiling (MW/1000), floored at existing+commissioned",2026-06-25,Konstantin Loffler <kl@wip.tu-berlin.de>
PJM,SERC,Power,2036,23.4004,,GW,"IC transfer capability, High/NTP ceiling (MW/1000), floored at existing+commissioned",2026-06-25,Konstantin Loffler <kl@wip.tu-berlin.de>
PJM,SERC,Power,2037,24.7108,,GW,"IC transfer capability, High/NTP ceiling (MW/1000), floored at existing+commissioned",2026-06-25,Konstantin Loffler <kl@wip.tu-berlin.de>
PJM,SERC,Power,2038,26.0212,,GW,"IC transfer capability, High/NTP ceiling (MW/1000), floored at existing+commissioned",2026-06-25,Konstantin Loffler <kl@wip.tu-berlin.de>
PJM,SERC,Power,2039,27.3316,,GW,"IC transfer capability, High/NTP ceiling (MW/1000), floored at existing+commissioned",2026-06-25,Konstantin Loffler <kl@wip.tu-berlin.de>
PJM,SERC,Power,2040,28.642,,GW,"IC transfer capability, High/NTP ceiling (MW/1000), floored at existing+commissioned",2026-06-25,Konstantin Loffler <kl@wip.tu-berlin.de>
PJM,SPP,Power,2025,0.0,,GW,"IC transfer capability, High/NTP ceiling (MW/1000), floored at existing+commissioned",2026-06-25,Konstantin Loffler <kl@wip.tu-berlin.de>
PJM,SPP,Power,2026,0.0,,GW,"IC transfer capability, High/NTP ceiling (MW/1000), floored at existing+commissioned",2026-06-25,Konstantin Loffler <kl@wip.tu-berlin.de>
PJM,SPP,Power,2027,0.0,,GW,"IC transfer capability, High/NTP ceiling (MW/1000), floored at existing+commissioned",2026-06-25,Konstantin Loffler <kl@wip.tu-berlin.de>
PJM,SPP,Power,2028,0.0,,GW,"IC transfer capability, High/NTP ceiling (MW/1000), floored at existing+commissioned",2026-06-25,Konstantin Loffler <kl@wip.tu-berlin.de>
PJM,SPP,Power,2029,0.0,,GW,"IC transfer capability, High/NTP ceiling (MW/1000), floored at existing+commissioned",2026-06-25,Konstantin Loffler <kl@wip.tu-berlin.de>
PJM,SPP,Power,2030,0.0,,GW,"IC transfer capability, High/NTP ceiling (MW/1000), floored at existing+commissioned",2026-06-25,Konstantin Loffler <kl@wip.tu-berlin.de>
PJM,SPP,Power,2031,0.5,,GW,"IC transfer capability, High/NTP ceiling (MW/1000), floored at existing+commissioned",2026-06-25,Konstantin Loffler <kl@wip.tu-berlin.de>
PJM,SPP,Power,2032,1.0,,GW,"IC transfer capability, High/NTP ceiling (MW/1000), floored at existing+commissioned",2026-06-25,Konstantin Loffler <kl@wip.tu-berlin.de>
PJM,SPP,Power,2033,1.5,,GW,"IC transfer capability, High/NTP ceiling (MW/1000), floored at existing+commissioned",2026-06-25,Konstantin Loffler <kl@wip.tu-berlin.de>
PJM,SPP,Power,2034,2.0,,GW,"IC transfer capability, High/NTP ceiling (MW/1000), floored at existing+commissioned",2026-06-25,Konstantin Loffler <kl@wip.tu-berlin.de>
PJM,SPP,Power,2035,2.5,,GW,"IC transfer capability, High/NTP ceiling (MW/1000), floored at existing+commissioned",2026-06-25,Konstantin Loffler <kl@wip.tu-berlin.de>
PJM,SPP,Power,2036,2.5,,GW,"IC transfer capability, High/NTP ceiling (MW/1000), floored at existing+commissioned",2026-06-25,Konstantin Loffler <kl@wip.tu-berlin.de>
PJM,SPP,Power,2037,2.5,,GW,"IC transfer capability, High/NTP ceiling (MW/1000), floored at existing+commissioned",2026-06-25,Konstantin Loffler <kl@wip.tu-berlin.de>
PJM,SPP,Power,2038,2.5,,GW,"IC transfer capability, High/NTP ceiling (MW/1000), floored at existing+commissioned",2026-06-25,Konstantin Loffler <kl@wip.tu-berlin.de>
PJM,SPP,Power,2039,2.5,,GW,"IC transfer capability, High/NTP ceiling (MW/1000), floored at existing+commissioned",2026-06-25,Konstantin Loffler <kl@wip.tu-berlin.de>
PJM,SPP,Power,2040,2.5,,GW,"IC transfer capability, High/NTP ceiling (MW/1000), floored at existing+commissioned",2026-06-25,Konstantin Loffler <kl@wip.tu-berlin.de>
SERC,ERCOT,Power,2025,0.0,,GW,"IC transfer capability, High/NTP ceiling (MW/1000), floored at existing+commissioned",2026-06-25,Konstantin Loffler <kl@wip.tu-berlin.de>
SERC,ERCOT,Power,2026,0.0,,GW,"IC transfer capability, High/NTP ceiling (MW/1000), floored at existing+commissioned",2026-06-25,Konstantin Loffler <kl@wip.tu-berlin.de>
SERC,ERCOT,Power,2027,0.0,,GW,"IC transfer capability, High/NTP ceiling (MW/1000), floored at existing+commissioned",2026-06-25,Konstantin Loffler <kl@wip.tu-berlin.de>
SERC,ERCOT,Power,2028,0.0,,GW,"IC transfer capability, High/NTP ceiling (MW/1000), floored at existing+commissioned",2026-06-25,Konstantin Loffler <kl@wip.tu-berlin.de>
SERC,ERCOT,Power,2029,0.0,,GW,"IC transfer capability, High/NTP ceiling (MW/1000), floored at existing+commissioned",2026-06-25,Konstantin Loffler <kl@wip.tu-berlin.de>
SERC,ERCOT,Power,2030,0.0,,GW,"IC transfer capability, High/NTP ceiling (MW/1000), floored at existing+commissioned",2026-06-25,Konstantin Loffler <kl@wip.tu-berlin.de>
SERC,ERCOT,Power,2031,0.0,,GW,"IC transfer capability, High/NTP ceiling (MW/1000), floored at existing+commissioned",2026-06-25,Konstantin Loffler <kl@wip.tu-berlin.de>
SERC,ERCOT,Power,2032,0.0,,GW,"IC transfer capability, High/NTP ceiling (MW/1000), floored at existing+commissioned",2026-06-25,Konstantin Loffler <kl@wip.tu-berlin.de>
SERC,ERCOT,Power,2033,0.0,,GW,"IC transfer capability, High/NTP ceiling (MW/1000), floored at existing+commissioned",2026-06-25,Konstantin Loffler <kl@wip.tu-berlin.de>
SERC,ERCOT,Power,2034,0.0,,GW,"IC transfer capability, High/NTP ceiling (MW/1000), floored at existing+commissioned",2026-06-25,Konstantin Loffler <kl@wip.tu-berlin.de>
SERC,ERCOT,Power,2035,0.0,,GW,"IC transfer capability, High/NTP ceiling (MW/1000), floored at existing+commissioned",2026-06-25,Konstantin Loffler <kl@wip.tu-berlin.de>
SERC,ERCOT,Power,2036,0.0,,GW,"IC transfer capability, High/NTP ceiling (MW/1000), floored at existing+commissioned",2026-06-25,Konstantin Loffler <kl@wip.tu-berlin.de>
SERC,ERCOT,Power,2037,0.0,,GW,"IC transfer capability, High/NTP ceiling (MW/1000), floored at existing+commissioned",2026-06-25,Konstantin Loffler <kl@wip.tu-berlin.de>
SERC,ERCOT,Power,2038,0.0,,GW,"IC transfer capability, High/NTP ceiling (MW/1000), floored at existing+commissioned",2026-06-25,Konstantin Loffler <kl@wip.tu-berlin.de>
SERC,ERCOT,Power,2039,0.0,,GW,"IC transfer capability, High/NTP ceiling (MW/1000), floored at existing+commissioned",2026-06-25,Konstantin Loffler <kl@wip.tu-berlin.de>
SERC,ERCOT,Power,2040,0.0,,GW,"IC transfer capability, High/NTP ceiling (MW/1000), floored at existing+commissioned",2026-06-25,Konstantin Loffler <kl@wip.tu-berlin.de>
SERC,MISO,Power,2025,20.71,,GW,"IC transfer capability, High/NTP ceiling (MW/1000), floored at existing+commissioned",2026-06-25,Konstantin Loffler <kl@wip.tu-berlin.de>
SERC,MISO,Power,2026,20.71,,GW,"IC transfer capability, High/NTP ceiling (MW/1000), floored at existing+commissioned",2026-06-25,Konstantin Loffler <kl@wip.tu-berlin.de>
SERC,MISO,Power,2027,20.71,,GW,"IC transfer capability, High/NTP ceiling (MW/1000), floored at existing+commissioned",2026-06-25,Konstantin Loffler <kl@wip.tu-berlin.de>
SERC,MISO,Power,2028,20.71,,GW,"IC transfer capability, High/NTP ceiling (MW/1000), floored at existing+commissioned",2026-06-25,Konstantin Loffler <kl@wip.tu-berlin.de>
SERC,MISO,Power,2029,22.0994,,GW,"IC transfer capability, High/NTP ceiling (MW/1000), floored at existing+commissioned",2026-06-25,Konstantin Loffler <kl@wip.tu-berlin.de>
SERC,MISO,Power,2030,23.851,,GW,"IC transfer capability, High/NTP ceiling (MW/1000), floored at existing+commissioned",2026-06-25,Konstantin Loffler <kl@wip.tu-berlin.de>
SERC,MISO,Power,2031,28.0866,,GW,"IC transfer capability, High/NTP ceiling (MW/1000), floored at existing+commissioned",2026-06-25,Konstantin Loffler <kl@wip.tu-berlin.de>
SERC,MISO,Power,2032,32.3222,,GW,"IC transfer capability, High/NTP ceiling (MW/1000), floored at existing+commissioned",2026-06-25,Konstantin Loffler <kl@wip.tu-berlin.de>
SERC,MISO,Power,2033,36.5578,,GW,"IC transfer capability, High/NTP ceiling (MW/1000), floored at existing+commissioned",2026-06-25,Konstantin Loffler <kl@wip.tu-berlin.de>
SERC,MISO,Power,2034,40.7934,,GW,"IC transfer capability, High/NTP ceiling (MW/1000), floored at existing+commissioned",2026-06-25,Konstantin Loffler <kl@wip.tu-berlin.de>
SERC,MISO,Power,2035,45.029,,GW,"IC transfer capability, High/NTP ceiling (MW/1000), floored at existing+commissioned",2026-06-25,Konstantin Loffler <kl@wip.tu-berlin.de>
SERC,MISO,Power,2036,49.1432,,GW,"IC transfer capability, High/NTP ceiling (MW/1000), floored at existing+commissioned",2026-06-25,Konstantin Loffler <kl@wip.tu-berlin.de>
SERC,MISO,Power,2037,53.2574,,GW,"IC transfer capability, High/NTP ceiling (MW/1000), floored at existing+commissioned",2026-06-25,Konstantin Loffler <kl@wip.tu-berlin.de>
SERC,MISO,Power,2038,57.3716,,GW,"IC transfer capability, High/NTP ceiling (MW/1000), floored at existing+commissioned",2026-06-25,Konstantin Loffler <kl@wip.tu-berlin.de>
SERC,MISO,Power,2039,61.4858,,GW,"IC transfer capability, High/NTP ceiling (MW/1000), floored at existing+commissioned",2026-06-25,Konstantin Loffler <kl@wip.tu-berlin.de>
SERC,MISO,Power,2040,65.6,,GW,"IC transfer capability, High/NTP ceiling (MW/1000), floored at existing+commissioned",2026-06-25,Konstantin Loffler <kl@wip.tu-berlin.de>
SERC,PJM,Power,2025,15.938,,GW,"IC transfer capability, High/NTP ceiling (MW/1000), floored at existing+commissioned",2026-06-25,Konstantin Loffler <kl@wip.tu-berlin.de>
SERC,PJM,Power,2026,15.938,,GW,"IC transfer capability, High/NTP ceiling (MW/1000), floored at existing+commissioned",2026-06-25,Konstantin Loffler <kl@wip.tu-berlin.de>
SERC,PJM,Power,2027,15.938,,GW,"IC transfer capability, High/NTP ceiling (MW/1000), floored at existing+commissioned",2026-06-25,Konstantin Loffler <kl@wip.tu-berlin.de>
SERC,PJM,Power,2028,15.938,,GW,"IC transfer capability, High/NTP ceiling (MW/1000), floored at existing+commissioned",2026-06-25,Konstantin Loffler <kl@wip.tu-berlin.de>
SERC,PJM,Power,2029,16.2612,,GW,"IC transfer capability, High/NTP ceiling (MW/1000), floored at existing+commissioned",2026-06-25,Konstantin Loffler <kl@wip.tu-berlin.de>
SERC,PJM,Power,2030,17.596,,GW,"IC transfer capability, High/NTP ceiling (MW/1000), floored at existing+commissioned",2026-06-25,Konstantin Loffler <kl@wip.tu-berlin.de>
SERC,PJM,Power,2031,18.4948,,GW,"IC transfer capability, High/NTP ceiling (MW/1000), floored at existing+commissioned",2026-06-25,Konstantin Loffler <kl@wip.tu-berlin.de>
SERC,PJM,Power,2032,19.3936,,GW,"IC transfer capability, High/NTP ceiling (MW/1000), floored at existing+commissioned",2026-06-25,Konstantin Loffler <kl@wip.tu-berlin.de>
SERC,PJM,Power,2033,20.2924,,GW,"IC transfer capability, High/NTP ceiling (MW/1000), floored at existing+commissioned",2026-06-25,Konstantin Loffler <kl@wip.tu-berlin.de>
SERC,PJM,Power,2034,21.1912,,GW,"IC transfer capability, High/NTP ceiling (MW/1000), floored at existing+commissioned",2026-06-25,Konstantin Loffler <kl@wip.tu-berlin.de>
SERC,PJM,Power,2035,22.09,,GW,"IC transfer capability, High/NTP ceiling (MW/1000), floored at existing+commissioned",2026-06-25,Konstantin Loffler <kl@wip.tu-berlin.de>
SERC,PJM,Power,2036,23.4004,,GW,"IC transfer capability, High/NTP ceiling (MW/1000), floored at existing+commissioned",2026-06-25,Konstantin Loffler <kl@wip.tu-berlin.de>
SERC,PJM,Power,2037,24.7108,,GW,"IC transfer capability, High/NTP ceiling (MW/1000), floored at existing+commissioned",2026-06-25,Konstantin Loffler <kl@wip.tu-berlin.de>
SERC,PJM,Power,2038,26.0212,,GW,"IC transfer capability, High/NTP ceiling (MW/1000), floored at existing+commissioned",2026-06-25,Konstantin Loffler <kl@wip.tu-berlin.de>
SERC,PJM,Power,2039,27.3316,,GW,"IC transfer capability, High/NTP ceiling (MW/1000), floored at existing+commissioned",2026-06-25,Konstantin Loffler <kl@wip.tu-berlin.de>
SERC,PJM,Power,2040,28.642,,GW,"IC transfer capability, High/NTP ceiling (MW/1000), floored at existing+commissioned",2026-06-25,Konstantin Loffler <kl@wip.tu-berlin.de>
SERC,SPP,Power,2025,6.324,,GW,"IC transfer capability, High/NTP ceiling (MW/1000), floored at existing+commissioned",2026-06-25,Konstantin Loffler <kl@wip.tu-berlin.de>
SERC,SPP,Power,2026,6.324,,GW,"IC transfer capability, High/NTP ceiling (MW/1000), floored at existing+commissioned",2026-06-25,Konstantin Loffler <kl@wip.tu-berlin.de>
SERC,SPP,Power,2027,6.324,,GW,"IC transfer capability, High/NTP ceiling (MW/1000), floored at existing+commissioned",2026-06-25,Konstantin Loffler <kl@wip.tu-berlin.de>
SERC,SPP,Power,2028,6.324,,GW,"IC transfer capability, High/NTP ceiling (MW/1000), floored at existing+commissioned",2026-06-25,Konstantin Loffler <kl@wip.tu-berlin.de>
SERC,SPP,Power,2029,6.324,,GW,"IC transfer capability, High/NTP ceiling (MW/1000), floored at existing+commissioned",2026-06-25,Konstantin Loffler <kl@wip.tu-berlin.de>
SERC,SPP,Power,2030,6.324,,GW,"IC transfer capability, High/NTP ceiling (MW/1000), floored at existing+commissioned",2026-06-25,Konstantin Loffler <kl@wip.tu-berlin.de>
SERC,SPP,Power,2031,6.324,,GW,"IC transfer capability, High/NTP ceiling (MW/1000), floored at existing+commissioned",2026-06-25,Konstantin Loffler <kl@wip.tu-berlin.de>
SERC,SPP,Power,2032,6.324,,GW,"IC transfer capability, High/NTP ceiling (MW/1000), floored at existing+commissioned",2026-06-25,Konstantin Loffler <kl@wip.tu-berlin.de>
SERC,SPP,Power,2033,6.324,,GW,"IC transfer capability, High/NTP ceiling (MW/1000), floored at existing+commissioned",2026-06-25,Konstantin Loffler <kl@wip.tu-berlin.de>
SERC,SPP,Power,2034,6.324,,GW,"IC transfer capability, High/NTP ceiling (MW/1000), floored at existing+commissioned",2026-06-25,Konstantin Loffler <kl@wip.tu-berlin.de>
SERC,SPP,Power,2035,6.324,,GW,"IC transfer capability, High/NTP ceiling (MW/1000), floored at existing+commissioned",2026-06-25,Konstantin Loffler <kl@wip.tu-berlin.de>
SERC,SPP,Power,2036,6.324,,GW,"IC transfer capability, High/NTP ceiling (MW/1000), floored at existing+commissioned",2026-06-25,Konstantin Loffler <kl@wip.tu-berlin.de>
SERC,SPP,Power,2037,6.324,,GW,"IC transfer capability, High/NTP ceiling (MW/1000), floored at existing+commissioned",2026-06-25,Konstantin Loffler <kl@wip.tu-berlin.de>
SERC,SPP,Power,2038,6.324,,GW,"IC transfer capability, High/NTP ceiling (MW/1000), floored at existing+commissioned",2026-06-25,Konstantin Loffler <kl@wip.tu-berlin.de>
SERC,SPP,Power,2039,6.324,,GW,"IC transfer capability, High/NTP ceiling (MW/1000), floored at existing+commissioned",2026-06-25,Konstantin Loffler <kl@wip.tu-berlin.de>
SERC,SPP,Power,2040,6.324,,GW,"IC transfer capability, High/NTP ceiling (MW/1000), floored at existing+commissioned",2026-06-25,Konstantin Loffler <kl@wip.tu-berlin.de>
SPP,Canada,Power,2025,0.37,,GW,"IC transfer capability, High/NTP ceiling (MW/1000), floored at existing+commissioned",2026-06-25,Konstantin Loffler <kl@wip.tu-berlin.de>
SPP,Canada,Power,2026,0.37,,GW,"IC transfer capability, High/NTP ceiling (MW/1000), floored at existing+commissioned",2026-06-25,Konstantin Loffler <kl@wip.tu-berlin.de>
SPP,Canada,Power,2027,0.37,,GW,"IC transfer capability, High/NTP ceiling (MW/1000), floored at existing+commissioned",2026-06-25,Konstantin Loffler <kl@wip.tu-berlin.de>
SPP,Canada,Power,2028,0.37,,GW,"IC transfer capability, High/NTP ceiling (MW/1000), floored at existing+commissioned",2026-06-25,Konstantin Loffler <kl@wip.tu-berlin.de>
SPP,Canada,Power,2029,0.37,,GW,"IC transfer capability, High/NTP ceiling (MW/1000), floored at existing+commissioned",2026-06-25,Konstantin Loffler <kl@wip.tu-berlin.de>
SPP,Canada,Power,2030,0.37,,GW,"IC transfer capability, High/NTP ceiling (MW/1000), floored at existing+commissioned",2026-06-25,Konstantin Loffler <kl@wip.tu-berlin.de>
SPP,Canada,Power,2031,0.37,,GW,"IC transfer capability, High/NTP ceiling (MW/1000), floored at existing+commissioned",2026-06-25,Konstantin Loffler <kl@wip.tu-berlin.de>
SPP,Canada,Power,2032,0.37,,GW,"IC transfer capability, High/NTP ceiling (MW/1000), floored at existing+commissioned",2026-06-25,Konstantin Loffler <kl@wip.tu-berlin.de>
SPP,Canada,Power,2033,0.37,,GW,"IC transfer capability, High/NTP ceiling (MW/1000), floored at existing+commissioned",2026-06-25,Konstantin Loffler <kl@wip.tu-berlin.de>
SPP,Canada,Power,2034,0.37,,GW,"IC transfer capability, High/NTP ceiling (MW/1000), floored at existing+commissioned",2026-06-25,Konstantin Loffler <kl@wip.tu-berlin.de>
SPP,Canada,Power,2035,0.37,,GW,"IC transfer capability, High/NTP ceiling (MW/1000), floored at existing+commissioned",2026-06-25,Konstantin Loffler <kl@wip.tu-berlin.de>
SPP,Canada,Power,2036,0.37,,GW,"IC transfer capability, High/NTP ceiling (MW/1000), floored at existing+commissioned",2026-06-25,Konstantin Loffler <kl@wip.tu-berlin.de>
SPP,Canada,Power,2037,0.37,,GW,"IC transfer capability, High/NTP ceiling (MW/1000), floored at existing+commissioned",2026-06-25,Konstantin Loffler <kl@wip.tu-berlin.de>
SPP,Canada,Power,2038,0.37,,GW,"IC transfer capability, High/NTP ceiling (MW/1000), floored at existing+commissioned",2026-06-25,Konstantin Loffler <kl@wip.tu-berlin.de>
SPP,Canada,Power,2039,0.37,,GW,"IC transfer capability, High/NTP ceiling (MW/1000), floored at existing+commissioned",2026-06-25,Konstantin Loffler <kl@wip.tu-berlin.de>
SPP,Canada,Power,2040,0.37,,GW,"IC transfer capability, High/NTP ceiling (MW/1000), floored at existing+commissioned",2026-06-25,Konstantin Loffler <kl@wip.tu-berlin.de>
SPP,ERCOT,Power,2025,3.0,,GW,"IC transfer capability, High/NTP ceiling (MW/1000), floored at existing+commissioned",2026-06-25,Konstantin Loffler <kl@wip.tu-berlin.de>
SPP,ERCOT,Power,2026,3.2108,,GW,"IC transfer capability, High/NTP ceiling (MW/1000), floored at existing+commissioned",2026-06-25,Konstantin Loffler <kl@wip.tu-berlin.de>
SPP,ERCOT,Power,2027,5.6016,,GW,"IC transfer capability, High/NTP ceiling (MW/1000), floored at existing+commissioned",2026-06-25,Konstantin Loffler <kl@wip.tu-berlin.de>
SPP,ERCOT,Power,2028,7.9924,,GW,"IC transfer capability, High/NTP ceiling (MW/1000), floored at existing+commissioned",2026-06-25,Konstantin Loffler <kl@wip.tu-berlin.de>
SPP,ERCOT,Power,2029,10.3832,,GW,"IC transfer capability, High/NTP ceiling (MW/1000), floored at existing+commissioned",2026-06-25,Konstantin Loffler <kl@wip.tu-berlin.de>
SPP,ERCOT,Power,2030,12.774,,GW,"IC transfer capability, High/NTP ceiling (MW/1000), floored at existing+commissioned",2026-06-25,Konstantin Loffler <kl@wip.tu-berlin.de>
SPP,ERCOT,Power,2031,14.563,,GW,"IC transfer capability, High/NTP ceiling (MW/1000), floored at existing+commissioned",2026-06-25,Konstantin Loffler <kl@wip.tu-berlin.de>
SPP,ERCOT,Power,2032,16.352,,GW,"IC transfer capability, High/NTP ceiling (MW/1000), floored at existing+commissioned",2026-06-25,Konstantin Loffler <kl@wip.tu-berlin.de>
SPP,ERCOT,Power,2033,18.141,,GW,"IC transfer capability, High/NTP ceiling (MW/1000), floored at existing+commissioned",2026-06-25,Konstantin Loffler <kl@wip.tu-berlin.de>
SPP,ERCOT,Power,2034,19.93,,GW,"IC transfer capability, High/NTP ceiling (MW/1000), floored at existing+commissioned",2026-06-25,Konstantin Loffler <kl@wip.tu-berlin.de>
SPP,ERCOT,Power,2035,21.719,,GW,"IC transfer capability, High/NTP ceiling (MW/1000), floored at existing+commissioned",2026-06-25,Konstantin Loffler <kl@wip.tu-berlin.de>
SPP,ERCOT,Power,2036,23.6134,,GW,"IC transfer capability, High/NTP ceiling (MW/1000), floored at existing+commissioned",2026-06-25,Konstantin Loffler <kl@wip.tu-berlin.de>
SPP,ERCOT,Power,2037,25.5078,,GW,"IC transfer capability, High/NTP ceiling (MW/1000), floored at existing+commissioned",2026-06-25,Konstantin Loffler <kl@wip.tu-berlin.de>
SPP,ERCOT,Power,2038,27.4022,,GW,"IC transfer capability, High/NTP ceiling (MW/1000), floored at existing+commissioned",2026-06-25,Konstantin Loffler <kl@wip.tu-berlin.de>
SPP,ERCOT,Power,2039,29.2966,,GW,"IC transfer capability, High/NTP ceiling (MW/1000), floored at existing+commissioned",2026-06-25,Konstantin Loffler <kl@wip.tu-berlin.de>
SPP,ERCOT,Power,2040,31.191,,GW,"IC transfer capability, High/NTP ceiling (MW/1000), floored at existing+commissioned",2026-06-25,Konstantin Loffler <kl@wip.tu-berlin.de>
SPP,MISO,Power,2025,16.439,,GW,"IC transfer capability, High/NTP ceiling (MW/1000), floored at existing+commissioned",2026-06-25,Konstantin Loffler <kl@wip.tu-berlin.de>
SPP,MISO,Power,2026,22.335,,GW,"IC transfer capability, High/NTP ceiling (MW/1000), floored at existing+commissioned",2026-06-25,Konstantin Loffler <kl@wip.tu-berlin.de>
SPP,MISO,Power,2027,28.231,,GW,"IC transfer capability, High/NTP ceiling (MW/1000), floored at existing+commissioned",2026-06-25,Konstantin Loffler <kl@wip.tu-berlin.de>
SPP,MISO,Power,2028,34.127,,GW,"IC transfer capability, High/NTP ceiling (MW/1000), floored at existing+commissioned",2026-06-25,Konstantin Loffler <kl@wip.tu-berlin.de>
SPP,MISO,Power,2029,40.023,,GW,"IC transfer capability, High/NTP ceiling (MW/1000), floored at existing+commissioned",2026-06-25,Konstantin Loffler <kl@wip.tu-berlin.de>
SPP,MISO,Power,2030,45.919,,GW,"IC transfer capability, High/NTP ceiling (MW/1000), floored at existing+commissioned",2026-06-25,Konstantin Loffler <kl@wip.tu-berlin.de>
SPP,MISO,Power,2031,57.5112,,GW,"IC transfer capability, High/NTP ceiling (MW/1000), floored at existing+commissioned",2026-06-25,Konstantin Loffler <kl@wip.tu-berlin.de>
SPP,MISO,Power,2032,69.1034,,GW,"IC transfer capability, High/NTP ceiling (MW/1000), floored at existing+commissioned",2026-06-25,Konstantin Loffler <kl@wip.tu-berlin.de>
SPP,MISO,Power,2033,80.6956,,GW,"IC transfer capability, High/NTP ceiling (MW/1000), floored at existing+commissioned",2026-06-25,Konstantin Loffler <kl@wip.tu-berlin.de>
SPP,MISO,Power,2034,92.2878,,GW,"IC transfer capability, High/NTP ceiling (MW/1000), floored at existing+commissioned",2026-06-25,Konstantin Loffler <kl@wip.tu-berlin.de>
SPP,MISO,Power,2035,103.88,,GW,"IC transfer capability, High/NTP ceiling (MW/1000), floored at existing+commissioned",2026-06-25,Konstantin Loffler <kl@wip.tu-berlin.de>
SPP,MISO,Power,2036,116.323,,GW,"IC transfer capability, High/NTP ceiling (MW/1000), floored at existing+commissioned",2026-06-25,Konstantin Loffler <kl@wip.tu-berlin.de>
SPP,MISO,Power,2037,128.766,,GW,"IC transfer capability, High/NTP ceiling (MW/1000), floored at existing+commissioned",2026-06-25,Konstantin Loffler <kl@wip.tu-berlin.de>
SPP,MISO,Power,2038,141.209,,GW,"IC transfer capability, High/NTP ceiling (MW/1000), floored at existing+commissioned",2026-06-25,Konstantin Loffler <kl@wip.tu-berlin.de>
SPP,MISO,Power,2039,153.652,,GW,"IC transfer capability, High/NTP ceiling (MW/1000), floored at existing+commissioned",2026-06-25,Konstantin Loffler <kl@wip.tu-berlin.de>
SPP,MISO,Power,2040,166.095,,GW,"IC transfer capability, High/NTP ceiling (MW/1000), floored at existing+commissioned",2026-06-25,Konstantin Loffler <kl@wip.tu-berlin.de>
SPP,PJM,Power,2025,0.0,,GW,"IC transfer capability, High/NTP ceiling (MW/1000), floored at existing+commissioned",2026-06-25,Konstantin Loffler <kl@wip.tu-berlin.de>
SPP,PJM,Power,2026,0.0,,GW,"IC transfer capability, High/NTP ceiling (MW/1000), floored at existing+commissioned",2026-06-25,Konstantin Loffler <kl@wip.tu-berlin.de>
SPP,PJM,Power,2027,0.0,,GW,"IC transfer capability, High/NTP ceiling (MW/1000), floored at existing+commissioned",2026-06-25,Konstantin Loffler <kl@wip.tu-berlin.de>
SPP,PJM,Power,2028,0.0,,GW,"IC transfer capability, High/NTP ceiling (MW/1000), floored at existing+commissioned",2026-06-25,Konstantin Loffler <kl@wip.tu-berlin.de>
SPP,PJM,Power,2029,0.0,,GW,"IC transfer capability, High/NTP ceiling (MW/1000), floored at existing+commissioned",2026-06-25,Konstantin Loffler <kl@wip.tu-berlin.de>
SPP,PJM,Power,2030,0.0,,GW,"IC transfer capability, High/NTP ceiling (MW/1000), floored at existing+commissioned",2026-06-25,Konstantin Loffler <kl@wip.tu-berlin.de>
SPP,PJM,Power,2031,0.5,,GW,"IC transfer capability, High/NTP ceiling (MW/1000), floored at existing+commissioned",2026-06-25,Konstantin Loffler <kl@wip.tu-berlin.de>
SPP,PJM,Power,2032,1.0,,GW,"IC transfer capability, High/NTP ceiling (MW/1000), floored at existing+commissioned",2026-06-25,Konstantin Loffler <kl@wip.tu-berlin.de>
SPP,PJM,Power,2033,1.5,,GW,"IC transfer capability, High/NTP ceiling (MW/1000), floored at existing+commissioned",2026-06-25,Konstantin Loffler <kl@wip.tu-berlin.de>
SPP,PJM,Power,2034,2.0,,GW,"IC transfer capability, High/NTP ceiling (MW/1000), floored at existing+commissioned",2026-06-25,Konstantin Loffler <kl@wip.tu-berlin.de>
SPP,PJM,Power,2035,2.5,,GW,"IC transfer capability, High/NTP ceiling (MW/1000), floored at existing+commissioned",2026-06-25,Konstantin Loffler <kl@wip.tu-berlin.de>
SPP,PJM,Power,2036,2.5,,GW,"IC transfer capability, High/NTP ceiling (MW/1000), floored at existing+commissioned",2026-06-25,Konstantin Loffler <kl@wip.tu-berlin.de>
SPP,PJM,Power,2037,2.5,,GW,"IC transfer capability, High/NTP ceiling (MW/1000), floored at existing+commissioned",2026-06-25,Konstantin Loffler <kl@wip.tu-berlin.de>
SPP,PJM,Power,2038,2.5,,GW,"IC transfer capability, High/NTP ceiling (MW/1000), floored at existing+commissioned",2026-06-25,Konstantin Loffler <kl@wip.tu-berlin.de>
SPP,PJM,Power,2039,2.5,,GW,"IC transfer capability, High/NTP ceiling (MW/1000), floored at existing+commissioned",2026-06-25,Konstantin Loffler <kl@wip.tu-berlin.de>
SPP,PJM,Power,2040,2.5,,GW,"IC transfer capability, High/NTP ceiling (MW/1000), floored at existing+commissioned",2026-06-25,Konstantin Loffler <kl@wip.tu-berlin.de>
SPP,SERC,Power,2025,4.857,,GW,"IC transfer capability, High/NTP ceiling (MW/1000), floored at existing+commissioned",2026-06-25,Konstantin Loffler <kl@wip.tu-berlin.de>
SPP,SERC,Power,2026,4.857,,GW,"IC transfer capability, High/NTP ceiling (MW/1000), floored at existing+commissioned",2026-06-25,Konstantin Loffler <kl@wip.tu-berlin.de>
SPP,SERC,Power,2027,4.857,,GW,"IC transfer capability, High/NTP ceiling (MW/1000), floored at existing+commissioned",2026-06-25,Konstantin Loffler <kl@wip.tu-berlin.de>
SPP,SERC,Power,2028,4.857,,GW,"IC transfer capability, High/NTP ceiling (MW/1000), floored at existing+commissioned",2026-06-25,Konstantin Loffler <kl@wip.tu-berlin.de>
SPP,SERC,Power,2029,4.857,,GW,"IC transfer capability, High/NTP ceiling (MW/1000), floored at existing+commissioned",2026-06-25,Konstantin Loffler <kl@wip.tu-berlin.de>
SPP,SERC,Power,2030,4.857,,GW,"IC transfer capability, High/NTP ceiling (MW/1000), floored at existing+commissioned",2026-06-25,Konstantin Loffler <kl@wip.tu-berlin.de>
SPP,SERC,Power,2031,4.857,,GW,"IC transfer capability, High/NTP ceiling (MW/1000), floored at existing+commissioned",2026-06-25,Konstantin Loffler <kl@wip.tu-berlin.de>
SPP,SERC,Power,2032,4.857,,GW,"IC transfer capability, High/NTP ceiling (MW/1000), floored at existing+commissioned",2026-06-25,Konstantin Loffler <kl@wip.tu-berlin.de>
SPP,SERC,Power,2033,4.857,,GW,"IC transfer capability, High/NTP ceiling (MW/1000), floored at existing+commissioned",2026-06-25,Konstantin Loffler <kl@wip.tu-berlin.de>
SPP,SERC,Power,2034,4.857,,GW,"IC transfer capability, High/NTP ceiling (MW/1000), floored at existing+commissioned",2026-06-25,Konstantin Loffler <kl@wip.tu-berlin.de>
SPP,SERC,Power,2035,4.857,,GW,"IC transfer capability, High/NTP ceiling (MW/1000), floored at existing+commissioned",2026-06-25,Konstantin Loffler <kl@wip.tu-berlin.de>
SPP,SERC,Power,2036,4.857,,GW,"IC transfer capability, High/NTP ceiling (MW/1000), floored at existing+commissioned",2026-06-25,Konstantin Loffler <kl@wip.tu-berlin.de>
SPP,SERC,Power,2037,4.857,,GW,"IC transfer capability, High/NTP ceiling (MW/1000), floored at existing+commissioned",2026-06-25,Konstantin Loffler <kl@wip.tu-berlin.de>
SPP,SERC,Power,2038,4.857,,GW,"IC transfer capability, High/NTP ceiling (MW/1000), floored at existing+commissioned",2026-06-25,Konstantin Loffler <kl@wip.tu-berlin.de>
SPP,SERC,Power,2039,4.857,,GW,"IC transfer capability, High/NTP ceiling (MW/1000), floored at existing+commissioned",2026-06-25,Konstantin Loffler <kl@wip.tu-berlin.de>
SPP,SERC,Power,2040,4.857,,GW,"IC transfer capability, High/NTP ceiling (MW/1000), floored at existing+commissioned",2026-06-25,Konstantin Loffler <kl@wip.tu-berlin.de>
SPP,WECC,Power,2025,1.32,,GW,"IC transfer capability, High/NTP ceiling (MW/1000), floored at existing+commissioned",2026-06-25,Konstantin Loffler <kl@wip.tu-berlin.de>
SPP,WECC,Power,2026,4.643,,GW,"IC transfer capability, High/NTP ceiling (MW/1000), floored at existing+commissioned",2026-06-25,Konstantin Loffler <kl@wip.tu-berlin.de>
SPP,WECC,Power,2027,7.966,,GW,"IC transfer capability, High/NTP ceiling (MW/1000), floored at existing+commissioned",2026-06-25,Konstantin Loffler <kl@wip.tu-berlin.de>
SPP,WECC,Power,2028,11.289,,GW,"IC transfer capability, High/NTP ceiling (MW/1000), floored at existing+commissioned",2026-06-25,Konstantin Loffler <kl@wip.tu-berlin.de>
SPP,WECC,Power,2029,14.612,,GW,"IC transfer capability, High/NTP ceiling (MW/1000), floored at existing+commissioned",2026-06-25,Konstantin Loffler <kl@wip.tu-berlin.de>
SPP,WECC,Power,2030,17.935,,GW,"IC transfer capability, High/NTP ceiling (MW/1000), floored at existing+commissioned",2026-06-25,Konstantin Loffler <kl@wip.tu-berlin.de>
SPP,WECC,Power,2031,24.1232,,GW,"IC transfer capability, High/NTP ceiling (MW/1000), floored at existing+commissioned",2026-06-25,Konstantin Loffler <kl@wip.tu-berlin.de>
SPP,WECC,Power,2032,30.3114,,GW,"IC transfer capability, High/NTP ceiling (MW/1000), floored at existing+commissioned",2026-06-25,Konstantin Loffler <kl@wip.tu-berlin.de>
SPP,WECC,Power,2033,36.4996,,GW,"IC transfer capability, High/NTP ceiling (MW/1000), floored at existing+commissioned",2026-06-25,Konstantin Loffler <kl@wip.tu-berlin.de>
SPP,WECC,Power,2034,42.6878,,GW,"IC transfer capability, High/NTP ceiling (MW/1000), floored at existing+commissioned",2026-06-25,Konstantin Loffler <kl@wip.tu-berlin.de>
SPP,WECC,Power,2035,48.876,,GW,"IC transfer capability, High/NTP ceiling (MW/1000), floored at existing+commissioned",2026-06-25,Konstantin Loffler <kl@wip.tu-berlin.de>
SPP,WECC,Power,2036,53.9836,,GW,"IC transfer capability, High/NTP ceiling (MW/1000), floored at existing+commissioned",2026-06-25,Konstantin Loffler <kl@wip.tu-berlin.de>
SPP,WECC,Power,2037,59.0912,,GW,"IC transfer capability, High/NTP ceiling (MW/1000), floored at existing+commissioned",2026-06-25,Konstantin Loffler <kl@wip.tu-berlin.de>
SPP,WECC,Power,2038,64.1988,,GW,"IC transfer capability, High/NTP ceiling (MW/1000), floored at existing+commissioned",2026-06-25,Konstantin Loffler <kl@wip.tu-berlin.de>
SPP,WECC,Power,2039,69.3064,,GW,"IC transfer capability, High/NTP ceiling (MW/1000), floored at existing+commissioned",2026-06-25,Konstantin Loffler <kl@wip.tu-berlin.de>
SPP,WECC,Power,2040,74.414,,GW,"IC transfer capability, High/NTP ceiling (MW/1000), floored at existing+commissioned",2026-06-25,Konstantin Loffler <kl@wip.tu-berlin.de>
WECC,California,Power,2025,23.877,,GW,"IC transfer capability, High/NTP ceiling (MW/1000), floored at existing+commissioned",2026-06-25,Konstantin Loffler <kl@wip.tu-berlin.de>
WECC,California,Power,2026,25.6944,,GW,"IC transfer capability, High/NTP ceiling (MW/1000), floored at existing+commissioned",2026-06-25,Konstantin Loffler <kl@wip.tu-berlin.de>
WECC,California,Power,2027,27.5118,,GW,"IC transfer capability, High/NTP ceiling (MW/1000), floored at existing+commissioned",2026-06-25,Konstantin Loffler <kl@wip.tu-berlin.de>
WECC,California,Power,2028,29.3292,,GW,"IC transfer capability, High/NTP ceiling (MW/1000), floored at existing+commissioned",2026-06-25,Konstantin Loffler <kl@wip.tu-berlin.de>
WECC,California,Power,2029,31.1466,,GW,"IC transfer capability, High/NTP ceiling (MW/1000), floored at existing+commissioned",2026-06-25,Konstantin Loffler <kl@wip.tu-berlin.de>
WECC,California,Power,2030,32.964,,GW,"IC transfer capability, High/NTP ceiling (MW/1000), floored at existing+commissioned",2026-06-25,Konstantin Loffler <kl@wip.tu-berlin.de>
WECC,California,Power,2031,34.2566,,GW,"IC transfer capability, High/NTP ceiling (MW/1000), floored at existing+commissioned",2026-06-25,Konstantin Loffler <kl@wip.tu-berlin.de>
WECC,California,Power,2032,35.5492,,GW,"IC transfer capability, High/NTP ceiling (MW/1000), floored at existing+commissioned",2026-06-25,Konstantin Loffler <kl@wip.tu-berlin.de>
WECC,California,Power,2033,36.8418,,GW,"IC transfer capability, High/NTP ceiling (MW/1000), floored at existing+commissioned",2026-06-25,Konstantin Loffler <kl@wip.tu-berlin.de>
WECC,California,Power,2034,38.1344,,GW,"IC transfer capability, High/NTP ceiling (MW/1000), floored at existing+commissioned",2026-06-25,Konstantin Loffler <kl@wip.tu-berlin.de>
WECC,California,Power,2035,39.427,,GW,"IC transfer capability, High/NTP ceiling (MW/1000), floored at existing+commissioned",2026-06-25,Konstantin Loffler <kl@wip.tu-berlin.de>
WECC,California,Power,2036,41.241,,GW,"IC transfer capability, High/NTP ceiling (MW/1000), floored at existing+commissioned",2026-06-25,Konstantin Loffler <kl@wip.tu-berlin.de>
WECC,California,Power,2037,43.055,,GW,"IC transfer capability, High/NTP ceiling (MW/1000), floored at existing+commissioned",2026-06-25,Konstantin Loffler <kl@wip.tu-berlin.de>
WECC,California,Power,2038,44.869,,GW,"IC transfer capability, High/NTP ceiling (MW/1000), floored at existing+commissioned",2026-06-25,Konstantin Loffler <kl@wip.tu-berlin.de>
WECC,California,Power,2039,46.683,,GW,"IC transfer capability, High/NTP ceiling (MW/1000), floored at existing+commissioned",2026-06-25,Konstantin Loffler <kl@wip.tu-berlin.de>
WECC,California,Power,2040,48.497,,GW,"IC transfer capability, High/NTP ceiling (MW/1000), floored at existing+commissioned",2026-06-25,Konstantin Loffler <kl@wip.tu-berlin.de>
WECC,Canada,Power,2025,3.422,,GW,"IC transfer capability, High/NTP ceiling (MW/1000), floored at existing+commissioned",2026-06-25,Konstantin Loffler <kl@wip.tu-berlin.de>
WECC,Canada,Power,2026,3.422,,GW,"IC transfer capability, High/NTP ceiling (MW/1000), floored at existing+commissioned",2026-06-25,Konstantin Loffler <kl@wip.tu-berlin.de>
WECC,Canada,Power,2027,3.422,,GW,"IC transfer capability, High/NTP ceiling (MW/1000), floored at existing+commissioned",2026-06-25,Konstantin Loffler <kl@wip.tu-berlin.de>
WECC,Canada,Power,2028,3.422,,GW,"IC transfer capability, High/NTP ceiling (MW/1000), floored at existing+commissioned",2026-06-25,Konstantin Loffler <kl@wip.tu-berlin.de>
WECC,Canada,Power,2029,3.422,,GW,"IC transfer capability, High/NTP ceiling (MW/1000), floored at existing+commissioned",2026-06-25,Konstantin Loffler <kl@wip.tu-berlin.de>
WECC,Canada,Power,2030,3.422,,GW,"IC transfer capability, High/NTP ceiling (MW/1000), floored at existing+commissioned",2026-06-25,Konstantin Loffler <kl@wip.tu-berlin.de>
WECC,Canada,Power,2031,3.422,,GW,"IC transfer capability, High/NTP ceiling (MW/1000), floored at existing+commissioned",2026-06-25,Konstantin Loffler <kl@wip.tu-berlin.de>
WECC,Canada,Power,2032,3.422,,GW,"IC transfer capability, High/NTP ceiling (MW/1000), floored at existing+commissioned",2026-06-25,Konstantin Loffler <kl@wip.tu-berlin.de>
WECC,Canada,Power,2033,3.422,,GW,"IC transfer capability, High/NTP ceiling (MW/1000), floored at existing+commissioned",2026-06-25,Konstantin Loffler <kl@wip.tu-berlin.de>
WECC,Canada,Power,2034,3.422,,GW,"IC transfer capability, High/NTP ceiling (MW/1000), floored at existing+commissioned",2026-06-25,Konstantin Loffler <kl@wip.tu-berlin.de>
WECC,Canada,Power,2035,3.422,,GW,"IC transfer capability, High/NTP ceiling (MW/1000), floored at existing+commissioned",2026-06-25,Konstantin Loffler <kl@wip.tu-berlin.de>
WECC,Canada,Power,2036,3.422,,GW,"IC transfer capability, High/NTP ceiling (MW/1000), floored at existing+commissioned",2026-06-25,Konstantin Loffler <kl@wip.tu-berlin.de>
WECC,Canada,Power,2037,3.422,,GW,"IC transfer capability, High/NTP ceiling (MW/1000), floored at existing+commissioned",2026-06-25,Konstantin Loffler <kl@wip.tu-berlin.de>
WECC,Canada,Power,2038,3.422,,GW,"IC transfer capability, High/NTP ceiling (MW/1000), floored at existing+commissioned",2026-06-25,Konstantin Loffler <kl@wip.tu-berlin.de>
WECC,Canada,Power,2039,3.422,,GW,"IC transfer capability, High/NTP ceiling (MW/1000), floored at existing+commissioned",2026-06-25,Konstantin Loffler <kl@wip.tu-berlin.de>
WECC,Canada,Power,2040,3.422,,GW,"IC transfer capability, High/NTP ceiling (MW/1000), floored at existing+commissioned",2026-06-25,Konstantin Loffler <kl@wip.tu-berlin.de>
WECC,ERCOT,Power,2025,0.0,,GW,"IC transfer capability, High/NTP ceiling (MW/1000), floored at existing+commissioned",2026-06-25,Konstantin Loffler <kl@wip.tu-berlin.de>
WECC,ERCOT,Power,2026,2.581,,GW,"IC transfer capability, High/NTP ceiling (MW/1000), floored at existing+commissioned",2026-06-25,Konstantin Loffler <kl@wip.tu-berlin.de>
WECC,ERCOT,Power,2027,5.162,,GW,"IC transfer capability, High/NTP ceiling (MW/1000), floored at existing+commissioned",2026-06-25,Konstantin Loffler <kl@wip.tu-berlin.de>
WECC,ERCOT,Power,2028,7.743,,GW,"IC transfer capability, High/NTP ceiling (MW/1000), floored at existing+commissioned",2026-06-25,Konstantin Loffler <kl@wip.tu-berlin.de>
WECC,ERCOT,Power,2029,10.324,,GW,"IC transfer capability, High/NTP ceiling (MW/1000), floored at existing+commissioned",2026-06-25,Konstantin Loffler <kl@wip.tu-berlin.de>
WECC,ERCOT,Power,2030,12.905,,GW,"IC transfer capability, High/NTP ceiling (MW/1000), floored at existing+commissioned",2026-06-25,Konstantin Loffler <kl@wip.tu-berlin.de>
WECC,ERCOT,Power,2031,13.2206,,GW,"IC transfer capability, High/NTP ceiling (MW/1000), floored at existing+commissioned",2026-06-25,Konstantin Loffler <kl@wip.tu-berlin.de>
WECC,ERCOT,Power,2032,13.5362,,GW,"IC transfer capability, High/NTP ceiling (MW/1000), floored at existing+commissioned",2026-06-25,Konstantin Loffler <kl@wip.tu-berlin.de>
WECC,ERCOT,Power,2033,13.8518,,GW,"IC transfer capability, High/NTP ceiling (MW/1000), floored at existing+commissioned",2026-06-25,Konstantin Loffler <kl@wip.tu-berlin.de>
WECC,ERCOT,Power,2034,14.1674,,GW,"IC transfer capability, High/NTP ceiling (MW/1000), floored at existing+commissioned",2026-06-25,Konstantin Loffler <kl@wip.tu-berlin.de>
WECC,ERCOT,Power,2035,14.483,,GW,"IC transfer capability, High/NTP ceiling (MW/1000), floored at existing+commissioned",2026-06-25,Konstantin Loffler <kl@wip.tu-berlin.de>
WECC,ERCOT,Power,2036,15.4386,,GW,"IC transfer capability, High/NTP ceiling (MW/1000), floored at existing+commissioned",2026-06-25,Konstantin Loffler <kl@wip.tu-berlin.de>
WECC,ERCOT,Power,2037,16.3942,,GW,"IC transfer capability, High/NTP ceiling (MW/1000), floored at existing+commissioned",2026-06-25,Konstantin Loffler <kl@wip.tu-berlin.de>
WECC,ERCOT,Power,2038,17.3498,,GW,"IC transfer capability, High/NTP ceiling (MW/1000), floored at existing+commissioned",2026-06-25,Konstantin Loffler <kl@wip.tu-berlin.de>
WECC,ERCOT,Power,2039,18.3054,,GW,"IC transfer capability, High/NTP ceiling (MW/1000), floored at existing+commissioned",2026-06-25,Konstantin Loffler <kl@wip.tu-berlin.de>
WECC,ERCOT,Power,2040,19.261,,GW,"IC transfer capability, High/NTP ceiling (MW/1000), floored at existing+commissioned",2026-06-25,Konstantin Loffler <kl@wip.tu-berlin.de>
WECC,MISO,Power,2025,0.0,,GW,"IC transfer capability, High/NTP ceiling (MW/1000), floored at existing+commissioned",2026-06-25,Konstantin Loffler <kl@wip.tu-berlin.de>
WECC,MISO,Power,2026,0.0,,GW,"IC transfer capability, High/NTP ceiling (MW/1000), floored at existing+commissioned",2026-06-25,Konstantin Loffler <kl@wip.tu-berlin.de>
WECC,MISO,Power,2027,0.0,,GW,"IC transfer capability, High/NTP ceiling (MW/1000), floored at existing+commissioned",2026-06-25,Konstantin Loffler <kl@wip.tu-berlin.de>
WECC,MISO,Power,2028,0.0,,GW,"IC transfer capability, High/NTP ceiling (MW/1000), floored at existing+commissioned",2026-06-25,Konstantin Loffler <kl@wip.tu-berlin.de>
WECC,MISO,Power,2029,0.0,,GW,"IC transfer capability, High/NTP ceiling (MW/1000), floored at existing+commissioned",2026-06-25,Konstantin Loffler <kl@wip.tu-berlin.de>
WECC,MISO,Power,2030,0.0,,GW,"IC transfer capability, High/NTP ceiling (MW/1000), floored at existing+commissioned",2026-06-25,Konstantin Loffler <kl@wip.tu-berlin.de>
WECC,MISO,Power,2031,0.66,,GW,"IC transfer capability, High/NTP ceiling (MW/1000), floored at existing+commissioned",2026-06-25,Konstantin Loffler <kl@wip.tu-berlin.de>
WECC,MISO,Power,2032,3.0,,GW,"IC transfer capability, High/NTP ceiling (MW/1000), floored at existing+commissioned",2026-06-25,Konstantin Loffler <kl@wip.tu-berlin.de>
WECC,MISO,Power,2033,3.0,,GW,"IC transfer capability, High/NTP ceiling (MW/1000), floored at existing+commissioned",2026-06-25,Konstantin Loffler <kl@wip.tu-berlin.de>
WECC,MISO,Power,2034,3.0,,GW,"IC transfer capability, High/NTP ceiling (MW/1000), floored at existing+commissioned",2026-06-25,Konstantin Loffler <kl@wip.tu-berlin.de>
WECC,MISO,Power,2035,3.3,,GW,"IC transfer capability, High/NTP ceiling (MW/1000), floored at existing+commissioned",2026-06-25,Konstantin Loffler <kl@wip.tu-berlin.de>
WECC,MISO,Power,2036,3.3,,GW,"IC transfer capability, High/NTP ceiling (MW/1000), floored at existing+commissioned",2026-06-25,Konstantin Loffler <kl@wip.tu-berlin.de>
WECC,MISO,Power,2037,3.3,,GW,"IC transfer capability, High/NTP ceiling (MW/1000), floored at existing+commissioned",2026-06-25,Konstantin Loffler <kl@wip.tu-berlin.de>
WECC,MISO,Power,2038,3.3,,GW,"IC transfer capability, High/NTP ceiling (MW/1000), floored at existing+commissioned",2026-06-25,Konstantin Loffler <kl@wip.tu-berlin.de>
WECC,MISO,Power,2039,3.3,,GW,"IC transfer capability, High/NTP ceiling (MW/1000), floored at existing+commissioned",2026-06-25,Konstantin Loffler <kl@wip.tu-berlin.de>
WECC,MISO,Power,2040,3.3,,GW,"IC transfer capability, High/NTP ceiling (MW/1000), floored at existing+commissioned",2026-06-25,Konstantin Loffler <kl@wip.tu-berlin.de>
WECC,SPP,Power,2025,1.32,,GW,"IC transfer capability, High/NTP ceiling (MW/1000), floored at existing+commissioned",2026-06-25,Konstantin Loffler <kl@wip.tu-berlin.de>
WECC,SPP,Power,2026,4.643,,GW,"IC transfer capability, High/NTP ceiling (MW/1000), floored at existing+commissioned",2026-06-25,Konstantin Loffler <kl@wip.tu-berlin.de>
WECC,SPP,Power,2027,7.966,,GW,"IC transfer capability, High/NTP ceiling (MW/1000), floored at existing+commissioned",2026-06-25,Konstantin Loffler <kl@wip.tu-berlin.de>
WECC,SPP,Power,2028,11.289,,GW,"IC transfer capability, High/NTP ceiling (MW/1000), floored at existing+commissioned",2026-06-25,Konstantin Loffler <kl@wip.tu-berlin.de>
WECC,SPP,Power,2029,14.612,,GW,"IC transfer capability, High/NTP ceiling (MW/1000), floored at existing+commissioned",2026-06-25,Konstantin Loffler <kl@wip.tu-berlin.de>
WECC,SPP,Power,2030,17.935,,GW,"IC transfer capability, High/NTP ceiling (MW/1000), floored at existing+commissioned",2026-06-25,Konstantin Loffler <kl@wip.tu-berlin.de>
WECC,SPP,Power,2031,24.1232,,GW,"IC transfer capability, High/NTP ceiling (MW/1000), floored at existing+commissioned",2026-06-25,Konstantin Loffler <kl@wip.tu-berlin.de>
WECC,SPP,Power,2032,30.3114,,GW,"IC transfer capability, High/NTP ceiling (MW/1000), floored at existing+commissioned",2026-06-25,Konstantin Loffler <kl@wip.tu-berlin.de>
WECC,SPP,Power,2033,36.4996,,GW,"IC transfer capability, High/NTP ceiling (MW/1000), floored at existing+commissioned",2026-06-25,Konstantin Loffler <kl@wip.tu-berlin.de>
WECC,SPP,Power,2034,42.6878,,GW,"IC transfer capability, High/NTP ceiling (MW/1000), floored at existing+commissioned",2026-06-25,Konstantin Loffler <kl@wip.tu-berlin.de>
WECC,SPP,Power,2035,48.876,,GW,"IC transfer capability, High/NTP ceiling (MW/1000), floored at existing+commissioned",2026-06-25,Konstantin Loffler <kl@wip.tu-berlin.de>
WECC,SPP,Power,2036,53.9836,,GW,"IC transfer capability, High/NTP ceiling (MW/1000), floored at existing+commissioned",2026-06-25,Konstantin Loffler <kl@wip.tu-berlin.de>
WECC,SPP,Power,2037,59.0912,,GW,"IC transfer capability, High/NTP ceiling (MW/1000), floored at existing+commissioned",2026-06-25,Konstantin Loffler <kl@wip.tu-berlin.de>
WECC,SPP,Power,2038,64.1988,,GW,"IC transfer capability, High/NTP ceiling (MW/1000), floored at existing+commissioned",2026-06-25,Konstantin Loffler <kl@wip.tu-berlin.de>
WECC,SPP,Power,2039,69.3064,,GW,"IC transfer capability, High/NTP ceiling (MW/1000), floored at existing+commissioned",2026-06-25,Konstantin Loffler <kl@wip.tu-berlin.de>
WECC,SPP,Power,2040,74.414,,GW,"IC transfer capability, High/NTP ceiling (MW/1000), floored at existing+commissioned",2026-06-25,Konstantin Loffler <kl@wip.tu-berlin.de>
