Region,Technology,Mode_of_operation,Year,Value,Unnamed: 5,Unit,Source,Updated at,Updated by
World,A_Air,1,All,0.01,,MEUR/PJ,"dummy, not currently in use",03.02.2026,Konstantin Loffler <kl@wip.tu-berlin.de>
World,CHP_Biomass_Solid,1,2018,0.916666667,,MEUR/PJ,Biomass CHP - Energy Technology Reference Indicator (ETRI) projections for 2010-2050 - Publications Office of the EU (europa.eu),02.09.2024,Alena Diesing <ad@wip.tu-berlin.de>
World,CHP_Biomass_Solid,1,2025,0.916666667,,MEUR/PJ,Biomass CHP - Energy Technology Reference Indicator (ETRI) projections for 2010-2050 - Publications Office of the EU (europa.eu),02.09.2024,Alena Diesing <ad@wip.tu-berlin.de>
World,CHP_Biomass_Solid,1,2030,0.916666667,,MEUR/PJ,Biomass CHP - Energy Technology Reference Indicator (ETRI) projections for 2010-2050 - Publications Office of the EU (europa.eu),02.09.2024,Alena Diesing <ad@wip.tu-berlin.de>
World,CHP_Biomass_Solid,1,2035,0.916666667,,MEUR/PJ,Biomass CHP - Energy Technology Reference Indicator (ETRI) projections for 2010-2050 - Publications Office of the EU (europa.eu),02.09.2024,Alena Diesing <ad@wip.tu-berlin.de>
World,CHP_Biomass_Solid,1,2040,0.916666667,,MEUR/PJ,Biomass CHP - Energy Technology Reference Indicator (ETRI) projections for 2010-2050 - Publications Office of the EU (europa.eu),02.09.2024,Alena Diesing <ad@wip.tu-berlin.de>
World,CHP_Biomass_Solid,1,2045,0.916666667,,MEUR/PJ,Biomass CHP - Energy Technology Reference Indicator (ETRI) projections for 2010-2050 - Publications Office of the EU (europa.eu),02.09.2024,Alena Diesing <ad@wip.tu-berlin.de>
World,CHP_Biomass_Solid,1,2050,0.916666667,,MEUR/PJ,Biomass CHP - Energy Technology Reference Indicator (ETRI) projections for 2010-2050 - Publications Office of the EU (europa.eu),02.09.2024,Alena Diesing <ad@wip.tu-berlin.de>
World,CHP_Biomass_Solid,1,2055,0.916666667,,MEUR/PJ,same as 2050 for now,29.01.2025,Nikita Moskalenko <nim@wip.tu-berlin.de>
World,CHP_Biomass_Solid,1,2060,0.916666667,,MEUR/PJ,same as 2050 for now,29.01.2025,Nikita Moskalenko <nim@wip.tu-berlin.de>
World,CHP_Coal_Hardcoal,1,2018,1.416666667,,MEUR/PJ,Steam turbine coal supercritical CHP - Energy Technology Reference Indicator (ETRI) projections for 2010-2050 - Publications Office of the EU (europa.eu),02.09.2024,Alena Diesing <ad@wip.tu-berlin.de>
World,CHP_Coal_Hardcoal,1,2025,1.416666667,,MEUR/PJ,Steam turbine coal supercritical CHP - Energy Technology Reference Indicator (ETRI) projections for 2010-2050 - Publications Office of the EU (europa.eu),02.09.2024,Alena Diesing <ad@wip.tu-berlin.de>
World,CHP_Coal_Hardcoal,1,2030,1.416666667,,MEUR/PJ,Steam turbine coal supercritical CHP - Energy Technology Reference Indicator (ETRI) projections for 2010-2050 - Publications Office of the EU (europa.eu),02.09.2024,Alena Diesing <ad@wip.tu-berlin.de>
World,CHP_Coal_Hardcoal,1,2035,1.416666667,,MEUR/PJ,Steam turbine coal supercritical CHP - Energy Technology Reference Indicator (ETRI) projections for 2010-2050 - Publications Office of the EU (europa.eu),02.09.2024,Alena Diesing <ad@wip.tu-berlin.de>
World,CHP_Coal_Hardcoal,1,2040,1.416666667,,MEUR/PJ,Steam turbine coal supercritical CHP - Energy Technology Reference Indicator (ETRI) projections for 2010-2050 - Publications Office of the EU (europa.eu),02.09.2024,Alena Diesing <ad@wip.tu-berlin.de>
World,CHP_Coal_Hardcoal,1,2045,1.416666667,,MEUR/PJ,Steam turbine coal supercritical CHP - Energy Technology Reference Indicator (ETRI) projections for 2010-2050 - Publications Office of the EU (europa.eu),02.09.2024,Alena Diesing <ad@wip.tu-berlin.de>
World,CHP_Coal_Hardcoal,1,2050,1.416666667,,MEUR/PJ,Steam turbine coal supercritical CHP - Energy Technology Reference Indicator (ETRI) projections for 2010-2050 - Publications Office of the EU (europa.eu),02.09.2024,Alena Diesing <ad@wip.tu-berlin.de>
World,CHP_Coal_Hardcoal,1,2055,1.416666667,,MEUR/PJ,same as 2050 for now,29.01.2025,Nikita Moskalenko <nim@wip.tu-berlin.de>
World,CHP_Coal_Hardcoal,1,2060,1.416666667,,MEUR/PJ,same as 2050 for now,29.01.2025,Nikita Moskalenko <nim@wip.tu-berlin.de>
World,CHP_Coal_Lignite,1,2018,1.416666667,,MEUR/PJ,Steam turbine coal supercritical CHP - Energy Technology Reference Indicator (ETRI) projections for 2010-2050 - Publications Office of the EU (europa.eu),02.09.2024,Alena Diesing <ad@wip.tu-berlin.de>
World,CHP_Coal_Lignite,1,2025,1.416666667,,MEUR/PJ,Steam turbine coal supercritical CHP - Energy Technology Reference Indicator (ETRI) projections for 2010-2050 - Publications Office of the EU (europa.eu),02.09.2024,Alena Diesing <ad@wip.tu-berlin.de>
World,CHP_Coal_Lignite,1,2030,1.416666667,,MEUR/PJ,Steam turbine coal supercritical CHP - Energy Technology Reference Indicator (ETRI) projections for 2010-2050 - Publications Office of the EU (europa.eu),02.09.2024,Alena Diesing <ad@wip.tu-berlin.de>
World,CHP_Coal_Lignite,1,2035,1.416666667,,MEUR/PJ,Steam turbine coal supercritical CHP - Energy Technology Reference Indicator (ETRI) projections for 2010-2050 - Publications Office of the EU (europa.eu),02.09.2024,Alena Diesing <ad@wip.tu-berlin.de>
World,CHP_Coal_Lignite,1,2040,1.416666667,,MEUR/PJ,Steam turbine coal supercritical CHP - Energy Technology Reference Indicator (ETRI) projections for 2010-2050 - Publications Office of the EU (europa.eu),02.09.2024,Alena Diesing <ad@wip.tu-berlin.de>
World,CHP_Coal_Lignite,1,2045,1.416666667,,MEUR/PJ,Steam turbine coal supercritical CHP - Energy Technology Reference Indicator (ETRI) projections for 2010-2050 - Publications Office of the EU (europa.eu),02.09.2024,Alena Diesing <ad@wip.tu-berlin.de>
World,CHP_Coal_Lignite,1,2050,1.416666667,,MEUR/PJ,Steam turbine coal supercritical CHP - Energy Technology Reference Indicator (ETRI) projections for 2010-2050 - Publications Office of the EU (europa.eu),02.09.2024,Alena Diesing <ad@wip.tu-berlin.de>
World,CHP_Coal_Lignite,1,2055,1.416666667,,MEUR/PJ,same as 2050 for now,29.01.2025,Nikita Moskalenko <nim@wip.tu-berlin.de>
World,CHP_Coal_Lignite,1,2060,1.416666667,,MEUR/PJ,same as 2050 for now,29.01.2025,Nikita Moskalenko <nim@wip.tu-berlin.de>
World,CHP_Gas_CCGT_Biogas,1,2018,1.111111111,,MEUR/PJ,CCGT advanced CHP - Energy Technology Reference Indicator (ETRI) projections for 2010-2050 - Publications Office of the EU (europa.eu),02.09.2024,Alena Diesing <ad@wip.tu-berlin.de>
World,CHP_Gas_CCGT_Biogas,1,2025,1.111111111,,MEUR/PJ,CCGT advanced CHP - Energy Technology Reference Indicator (ETRI) projections for 2010-2050 - Publications Office of the EU (europa.eu),02.09.2024,Alena Diesing <ad@wip.tu-berlin.de>
World,CHP_Gas_CCGT_Biogas,1,2030,1.111111111,,MEUR/PJ,CCGT advanced CHP - Energy Technology Reference Indicator (ETRI) projections for 2010-2050 - Publications Office of the EU (europa.eu),02.09.2024,Alena Diesing <ad@wip.tu-berlin.de>
World,CHP_Gas_CCGT_Biogas,1,2035,1.111111111,,MEUR/PJ,CCGT advanced CHP - Energy Technology Reference Indicator (ETRI) projections for 2010-2050 - Publications Office of the EU (europa.eu),02.09.2024,Alena Diesing <ad@wip.tu-berlin.de>
World,CHP_Gas_CCGT_Biogas,1,2040,1.111111111,,MEUR/PJ,CCGT advanced CHP - Energy Technology Reference Indicator (ETRI) projections for 2010-2050 - Publications Office of the EU (europa.eu),02.09.2024,Alena Diesing <ad@wip.tu-berlin.de>
World,CHP_Gas_CCGT_Biogas,1,2045,1.111111111,,MEUR/PJ,CCGT advanced CHP - Energy Technology Reference Indicator (ETRI) projections for 2010-2050 - Publications Office of the EU (europa.eu),02.09.2024,Alena Diesing <ad@wip.tu-berlin.de>
World,CHP_Gas_CCGT_Biogas,1,2050,1.111111111,,MEUR/PJ,CCGT advanced CHP - Energy Technology Reference Indicator (ETRI) projections for 2010-2050 - Publications Office of the EU (europa.eu),02.09.2024,Alena Diesing <ad@wip.tu-berlin.de>
World,CHP_Gas_CCGT_Biogas,1,2055,1.111111111,,MEUR/PJ,same as 2050 for now,29.01.2025,Nikita Moskalenko <nim@wip.tu-berlin.de>
World,CHP_Gas_CCGT_Biogas,1,2060,1.111111111,,MEUR/PJ,same as 2050 for now,29.01.2025,Nikita Moskalenko <nim@wip.tu-berlin.de>
World,CHP_Gas_CCGT_Natural,1,2018,1.111111111,,MEUR/PJ,CCGT advanced CHP - Energy Technology Reference Indicator (ETRI) projections for 2010-2050 - Publications Office of the EU (europa.eu),02.09.2024,Alena Diesing <ad@wip.tu-berlin.de>
World,CHP_Gas_CCGT_Natural,1,2025,1.111111111,,MEUR/PJ,CCGT advanced CHP - Energy Technology Reference Indicator (ETRI) projections for 2010-2050 - Publications Office of the EU (europa.eu),02.09.2024,Alena Diesing <ad@wip.tu-berlin.de>
World,CHP_Gas_CCGT_Natural,1,2030,1.111111111,,MEUR/PJ,CCGT advanced CHP - Energy Technology Reference Indicator (ETRI) projections for 2010-2050 - Publications Office of the EU (europa.eu),02.09.2024,Alena Diesing <ad@wip.tu-berlin.de>
World,CHP_Gas_CCGT_Natural,1,2035,1.111111111,,MEUR/PJ,CCGT advanced CHP - Energy Technology Reference Indicator (ETRI) projections for 2010-2050 - Publications Office of the EU (europa.eu),02.09.2024,Alena Diesing <ad@wip.tu-berlin.de>
World,CHP_Gas_CCGT_Natural,1,2040,1.111111111,,MEUR/PJ,CCGT advanced CHP - Energy Technology Reference Indicator (ETRI) projections for 2010-2050 - Publications Office of the EU (europa.eu),02.09.2024,Alena Diesing <ad@wip.tu-berlin.de>
World,CHP_Gas_CCGT_Natural,1,2045,1.111111111,,MEUR/PJ,CCGT advanced CHP - Energy Technology Reference Indicator (ETRI) projections for 2010-2050 - Publications Office of the EU (europa.eu),02.09.2024,Alena Diesing <ad@wip.tu-berlin.de>
World,CHP_Gas_CCGT_Natural,1,2050,1.111111111,,MEUR/PJ,CCGT advanced CHP - Energy Technology Reference Indicator (ETRI) projections for 2010-2050 - Publications Office of the EU (europa.eu),02.09.2024,Alena Diesing <ad@wip.tu-berlin.de>
World,CHP_Gas_CCGT_Natural,1,2055,1.111111111,,MEUR/PJ,same as 2050 for now,29.01.2025,Nikita Moskalenko <nim@wip.tu-berlin.de>
World,CHP_Gas_CCGT_Natural,1,2060,1.111111111,,MEUR/PJ,same as 2050 for now,29.01.2025,Nikita Moskalenko <nim@wip.tu-berlin.de>
World,CHP_Gas_CCGT_SynGas,1,2018,1.111111111,,MEUR/PJ,CCGT advanced CHP - Energy Technology Reference Indicator (ETRI) projections for 2010-2050 - Publications Office of the EU (europa.eu),02.09.2024,Alena Diesing <ad@wip.tu-berlin.de>
World,CHP_Gas_CCGT_SynGas,1,2025,1.111111111,,MEUR/PJ,CCGT advanced CHP - Energy Technology Reference Indicator (ETRI) projections for 2010-2050 - Publications Office of the EU (europa.eu),02.09.2024,Alena Diesing <ad@wip.tu-berlin.de>
World,CHP_Gas_CCGT_SynGas,1,2030,1.111111111,,MEUR/PJ,CCGT advanced CHP - Energy Technology Reference Indicator (ETRI) projections for 2010-2050 - Publications Office of the EU (europa.eu),02.09.2024,Alena Diesing <ad@wip.tu-berlin.de>
World,CHP_Gas_CCGT_SynGas,1,2035,1.111111111,,MEUR/PJ,CCGT advanced CHP - Energy Technology Reference Indicator (ETRI) projections for 2010-2050 - Publications Office of the EU (europa.eu),02.09.2024,Alena Diesing <ad@wip.tu-berlin.de>
World,CHP_Gas_CCGT_SynGas,1,2040,1.111111111,,MEUR/PJ,CCGT advanced CHP - Energy Technology Reference Indicator (ETRI) projections for 2010-2050 - Publications Office of the EU (europa.eu),02.09.2024,Alena Diesing <ad@wip.tu-berlin.de>
World,CHP_Gas_CCGT_SynGas,1,2045,1.111111111,,MEUR/PJ,CCGT advanced CHP - Energy Technology Reference Indicator (ETRI) projections for 2010-2050 - Publications Office of the EU (europa.eu),02.09.2024,Alena Diesing <ad@wip.tu-berlin.de>
World,CHP_Gas_CCGT_SynGas,1,2050,1.111111111,,MEUR/PJ,CCGT advanced CHP - Energy Technology Reference Indicator (ETRI) projections for 2010-2050 - Publications Office of the EU (europa.eu),02.09.2024,Alena Diesing <ad@wip.tu-berlin.de>
World,CHP_Gas_CCGT_SynGas,1,2055,1.111111111,,MEUR/PJ,same as 2050 for now,29.01.2025,Nikita Moskalenko <nim@wip.tu-berlin.de>
World,CHP_Gas_CCGT_SynGas,1,2060,1.111111111,,MEUR/PJ,same as 2050 for now,29.01.2025,Nikita Moskalenko <nim@wip.tu-berlin.de>
World,CHP_Hydrogen_FuelCell,1,2018,18.05555556,,MEUR/PJ,Solid oxide fuel cells CHP- Energy Technology Reference Indicator (ETRI) projections for 2010-2050 - Publications Office of the EU (europa.eu),02.09.2024,Alena Diesing <ad@wip.tu-berlin.de>
World,CHP_Hydrogen_FuelCell,1,2025,12.5,,MEUR/PJ,Solid oxide fuel cells CHP- Energy Technology Reference Indicator (ETRI) projections for 2010-2050 - Publications Office of the EU (europa.eu),02.09.2024,Alena Diesing <ad@wip.tu-berlin.de>
World,CHP_Hydrogen_FuelCell,1,2030,6.944444444,,MEUR/PJ,Solid oxide fuel cells CHP- Energy Technology Reference Indicator (ETRI) projections for 2010-2050 - Publications Office of the EU (europa.eu),02.09.2024,Alena Diesing <ad@wip.tu-berlin.de>
World,CHP_Hydrogen_FuelCell,1,2035,4.861111111,,MEUR/PJ,Solid oxide fuel cells CHP- Energy Technology Reference Indicator (ETRI) projections for 2010-2050 - Publications Office of the EU (europa.eu),02.09.2024,Alena Diesing <ad@wip.tu-berlin.de>
World,CHP_Hydrogen_FuelCell,1,2040,2.777777778,,MEUR/PJ,Solid oxide fuel cells CHP- Energy Technology Reference Indicator (ETRI) projections for 2010-2050 - Publications Office of the EU (europa.eu),02.09.2024,Alena Diesing <ad@wip.tu-berlin.de>
World,CHP_Hydrogen_FuelCell,1,2045,2.5,,MEUR/PJ,Solid oxide fuel cells CHP- Energy Technology Reference Indicator (ETRI) projections for 2010-2050 - Publications Office of the EU (europa.eu),02.09.2024,Alena Diesing <ad@wip.tu-berlin.de>
World,CHP_Hydrogen_FuelCell,1,2050,2.222222222,,MEUR/PJ,Solid oxide fuel cells CHP- Energy Technology Reference Indicator (ETRI) projections for 2010-2050 - Publications Office of the EU (europa.eu),02.09.2024,Alena Diesing <ad@wip.tu-berlin.de>
World,CHP_Hydrogen_FuelCell,1,2055,2.222222222,,MEUR/PJ,same as 2050 for now,29.01.2025,Nikita Moskalenko <nim@wip.tu-berlin.de>
World,CHP_Hydrogen_FuelCell,1,2060,2.222222222,,MEUR/PJ,same as 2050 for now,29.01.2025,Nikita Moskalenko <nim@wip.tu-berlin.de>
World,CHP_Oil,1,2018,1.111111111,,MEUR/PJ,assumend equal chp gas -https://ars.els-cdn.com/content/image/1-s2.0-S096014812300486X-mmc1.pdf,02.09.2024,Alena Diesing <ad@wip.tu-berlin.de>
World,CHP_Oil,1,2025,1.111111111,,MEUR/PJ,assumend equal chp gas -https://ars.els-cdn.com/content/image/1-s2.0-S096014812300486X-mmc1.pdf,02.09.2024,Alena Diesing <ad@wip.tu-berlin.de>
World,CHP_Oil,1,2030,1.111111111,,MEUR/PJ,assumend equal chp gas -https://ars.els-cdn.com/content/image/1-s2.0-S096014812300486X-mmc1.pdf,02.09.2024,Alena Diesing <ad@wip.tu-berlin.de>
World,CHP_Oil,1,2035,1.111111111,,MEUR/PJ,assumend equal chp gas -https://ars.els-cdn.com/content/image/1-s2.0-S096014812300486X-mmc1.pdf,02.09.2024,Alena Diesing <ad@wip.tu-berlin.de>
World,CHP_Oil,1,2040,1.111111111,,MEUR/PJ,assumend equal chp gas -https://ars.els-cdn.com/content/image/1-s2.0-S096014812300486X-mmc1.pdf,02.09.2024,Alena Diesing <ad@wip.tu-berlin.de>
World,CHP_Oil,1,2045,1.111111111,,MEUR/PJ,assumend equal chp gas -https://ars.els-cdn.com/content/image/1-s2.0-S096014812300486X-mmc1.pdf,02.09.2024,Alena Diesing <ad@wip.tu-berlin.de>
World,CHP_Oil,1,2050,1.111111111,,MEUR/PJ,assumend equal chp gas -https://ars.els-cdn.com/content/image/1-s2.0-S096014812300486X-mmc1.pdf,02.09.2024,Alena Diesing <ad@wip.tu-berlin.de>
World,CHP_Oil,1,2055,1.111111111,,MEUR/PJ,same as 2050 for now,29.01.2025,Nikita Moskalenko <nim@wip.tu-berlin.de>
World,CHP_Oil,1,2060,1.111111111,,MEUR/PJ,same as 2050 for now,29.01.2025,Nikita Moskalenko <nim@wip.tu-berlin.de>
World,D_Battery_Li-Ion,1,2018,0.01,,MEUR/PJ,"Marginal number for numerical stability, no source required",08.08.2024,Konstantin Loffler <kl@wip.tu-berlin.de>
World,D_Battery_Li-Ion,1,2020,0.01,,MEUR/PJ,"Marginal number for numerical stability, no source required",08.08.2024,Konstantin Loffler <kl@wip.tu-berlin.de>
World,D_Battery_Li-Ion,1,2025,0.01,,MEUR/PJ,"Marginal number for numerical stability, no source required",08.08.2024,Konstantin Loffler <kl@wip.tu-berlin.de>
World,D_Battery_Li-Ion,1,2030,0.01,,MEUR/PJ,"Marginal number for numerical stability, no source required",08.08.2024,Konstantin Loffler <kl@wip.tu-berlin.de>
World,D_Battery_Li-Ion,1,2035,0.01,,MEUR/PJ,"Marginal number for numerical stability, no source required",08.08.2024,Konstantin Loffler <kl@wip.tu-berlin.de>
World,D_Battery_Li-Ion,1,2040,0.01,,MEUR/PJ,"Marginal number for numerical stability, no source required",08.08.2024,Konstantin Loffler <kl@wip.tu-berlin.de>
World,D_Battery_Li-Ion,1,2045,0.01,,MEUR/PJ,"Marginal number for numerical stability, no source required",08.08.2024,Konstantin Loffler <kl@wip.tu-berlin.de>
World,D_Battery_Li-Ion,1,2050,0.01,,MEUR/PJ,"Marginal number for numerical stability, no source required",08.08.2024,Konstantin Loffler <kl@wip.tu-berlin.de>
World,D_Battery_Li-Ion,1,2055,0.01,,MEUR/PJ,same as 2050 for now,29.01.2025,Nikita Moskalenko <nim@wip.tu-berlin.de>
World,D_Battery_Li-Ion,1,2060,0.01,,MEUR/PJ,same as 2050 for now,29.01.2025,Nikita Moskalenko <nim@wip.tu-berlin.de>
World,D_Battery_Redox,1,2018,0.01,,MEUR/PJ,"Marginal number for numerical stability, no source required",08.08.2024,Konstantin Loffler <kl@wip.tu-berlin.de>
World,D_Battery_Redox,1,2020,0.01,,MEUR/PJ,"Marginal number for numerical stability, no source required",08.08.2024,Konstantin Loffler <kl@wip.tu-berlin.de>
World,D_Battery_Redox,1,2025,0.01,,MEUR/PJ,"Marginal number for numerical stability, no source required",08.08.2024,Konstantin Loffler <kl@wip.tu-berlin.de>
World,D_Battery_Redox,1,2030,0.01,,MEUR/PJ,"Marginal number for numerical stability, no source required",08.08.2024,Konstantin Loffler <kl@wip.tu-berlin.de>
World,D_Battery_Redox,1,2035,0.01,,MEUR/PJ,"Marginal number for numerical stability, no source required",08.08.2024,Konstantin Loffler <kl@wip.tu-berlin.de>
World,D_Battery_Redox,1,2040,0.01,,MEUR/PJ,"Marginal number for numerical stability, no source required",08.08.2024,Konstantin Loffler <kl@wip.tu-berlin.de>
World,D_Battery_Redox,1,2045,0.01,,MEUR/PJ,"Marginal number for numerical stability, no source required",08.08.2024,Konstantin Loffler <kl@wip.tu-berlin.de>
World,D_Battery_Redox,1,2050,0.01,,MEUR/PJ,"Marginal number for numerical stability, no source required",08.08.2024,Konstantin Loffler <kl@wip.tu-berlin.de>
World,D_Battery_Redox,1,2055,0.01,,MEUR/PJ,same as 2050 for now,29.01.2025,Nikita Moskalenko <nim@wip.tu-berlin.de>
World,D_Battery_Redox,1,2060,0.01,,MEUR/PJ,same as 2050 for now,29.01.2025,Nikita Moskalenko <nim@wip.tu-berlin.de>
World,D_CAES,1,2018,0.01,,MEUR/PJ,"Marginal number for numerical stability, no source required",08.08.2024,Konstantin Loffler <kl@wip.tu-berlin.de>
World,D_CAES,1,2020,0.01,,MEUR/PJ,"Marginal number for numerical stability, no source required",08.08.2024,Konstantin Loffler <kl@wip.tu-berlin.de>
World,D_CAES,1,2025,0.01,,MEUR/PJ,"Marginal number for numerical stability, no source required",08.08.2024,Konstantin Loffler <kl@wip.tu-berlin.de>
World,D_CAES,1,2030,0.01,,MEUR/PJ,"Marginal number for numerical stability, no source required",08.08.2024,Konstantin Loffler <kl@wip.tu-berlin.de>
World,D_CAES,1,2035,0.01,,MEUR/PJ,"Marginal number for numerical stability, no source required",08.08.2024,Konstantin Loffler <kl@wip.tu-berlin.de>
World,D_CAES,1,2040,0.01,,MEUR/PJ,"Marginal number for numerical stability, no source required",08.08.2024,Konstantin Loffler <kl@wip.tu-berlin.de>
World,D_CAES,1,2045,0.01,,MEUR/PJ,"Marginal number for numerical stability, no source required",08.08.2024,Konstantin Loffler <kl@wip.tu-berlin.de>
World,D_CAES,1,2050,0.01,,MEUR/PJ,"Marginal number for numerical stability, no source required",08.08.2024,Konstantin Loffler <kl@wip.tu-berlin.de>
World,D_CAES,1,2055,0.01,,MEUR/PJ,same as 2050 for now,29.01.2025,Nikita Moskalenko <nim@wip.tu-berlin.de>
World,D_CAES,1,2060,0.01,,MEUR/PJ,same as 2050 for now,29.01.2025,Nikita Moskalenko <nim@wip.tu-berlin.de>
World,D_Gas_H2,1,2018,0.01,,MEUR/PJ,"Marginal number for numerical stability, no source required",08.08.2024,Konstantin Loffler <kl@wip.tu-berlin.de>
World,D_Gas_H2,1,2020,0.01,,MEUR/PJ,"Marginal number for numerical stability, no source required",08.08.2024,Konstantin Loffler <kl@wip.tu-berlin.de>
World,D_Gas_H2,1,2025,0.01,,MEUR/PJ,"Marginal number for numerical stability, no source required",08.08.2024,Konstantin Loffler <kl@wip.tu-berlin.de>
World,D_Gas_H2,1,2030,0.01,,MEUR/PJ,"Marginal number for numerical stability, no source required",08.08.2024,Konstantin Loffler <kl@wip.tu-berlin.de>
World,D_Gas_H2,1,2035,0.01,,MEUR/PJ,"Marginal number for numerical stability, no source required",08.08.2024,Konstantin Loffler <kl@wip.tu-berlin.de>
World,D_Gas_H2,1,2040,0.01,,MEUR/PJ,"Marginal number for numerical stability, no source required",08.08.2024,Konstantin Loffler <kl@wip.tu-berlin.de>
World,D_Gas_H2,1,2045,0.01,,MEUR/PJ,"Marginal number for numerical stability, no source required",08.08.2024,Konstantin Loffler <kl@wip.tu-berlin.de>
World,D_Gas_H2,1,2050,0.01,,MEUR/PJ,"Marginal number for numerical stability, no source required",08.08.2024,Konstantin Loffler <kl@wip.tu-berlin.de>
World,D_Gas_H2,1,2055,0.01,,MEUR/PJ,same as 2050 for now,29.01.2025,Nikita Moskalenko <nim@wip.tu-berlin.de>
World,D_Gas_H2,1,2060,0.01,,MEUR/PJ,same as 2050 for now,29.01.2025,Nikita Moskalenko <nim@wip.tu-berlin.de>
World,D_Gas_Methane,1,2018,0.01,,MEUR/PJ,"Marginal number for numerical stability, no source required",08.08.2024,Konstantin Loffler <kl@wip.tu-berlin.de>
World,D_Gas_Methane,1,2020,0.01,,MEUR/PJ,"Marginal number for numerical stability, no source required",08.08.2024,Konstantin Loffler <kl@wip.tu-berlin.de>
World,D_Gas_Methane,1,2025,0.01,,MEUR/PJ,"Marginal number for numerical stability, no source required",08.08.2024,Konstantin Loffler <kl@wip.tu-berlin.de>
World,D_Gas_Methane,1,2030,0.01,,MEUR/PJ,"Marginal number for numerical stability, no source required",08.08.2024,Konstantin Loffler <kl@wip.tu-berlin.de>
World,D_Gas_Methane,1,2035,0.01,,MEUR/PJ,"Marginal number for numerical stability, no source required",08.08.2024,Konstantin Loffler <kl@wip.tu-berlin.de>
World,D_Gas_Methane,1,2040,0.01,,MEUR/PJ,"Marginal number for numerical stability, no source required",08.08.2024,Konstantin Loffler <kl@wip.tu-berlin.de>
World,D_Gas_Methane,1,2045,0.01,,MEUR/PJ,"Marginal number for numerical stability, no source required",08.08.2024,Konstantin Loffler <kl@wip.tu-berlin.de>
World,D_Gas_Methane,1,2050,0.01,,MEUR/PJ,"Marginal number for numerical stability, no source required",08.08.2024,Konstantin Loffler <kl@wip.tu-berlin.de>
World,D_Gas_Methane,1,2055,0.01,,MEUR/PJ,same as 2050 for now,29.01.2025,Nikita Moskalenko <nim@wip.tu-berlin.de>
World,D_Gas_Methane,1,2060,0.01,,MEUR/PJ,same as 2050 for now,29.01.2025,Nikita Moskalenko <nim@wip.tu-berlin.de>
World,D_HB_Tank_Small,1,2018,0.01,,MEUR/PJ,"Marginal number for numerical stability, no source required",08.08.2024,Konstantin Loffler <kl@wip.tu-berlin.de>
World,D_HB_Tank_Small,1,2020,0.01,,MEUR/PJ,"Marginal number for numerical stability, no source required",08.08.2024,Konstantin Loffler <kl@wip.tu-berlin.de>
World,D_HB_Tank_Small,1,2025,0.01,,MEUR/PJ,"Marginal number for numerical stability, no source required",08.08.2024,Konstantin Loffler <kl@wip.tu-berlin.de>
World,D_HB_Tank_Small,1,2030,0.01,,MEUR/PJ,"Marginal number for numerical stability, no source required",08.08.2024,Konstantin Loffler <kl@wip.tu-berlin.de>
World,D_HB_Tank_Small,1,2035,0.01,,MEUR/PJ,"Marginal number for numerical stability, no source required",08.08.2024,Konstantin Loffler <kl@wip.tu-berlin.de>
World,D_HB_Tank_Small,1,2040,0.01,,MEUR/PJ,"Marginal number for numerical stability, no source required",08.08.2024,Konstantin Loffler <kl@wip.tu-berlin.de>
World,D_HB_Tank_Small,1,2045,0.01,,MEUR/PJ,"Marginal number for numerical stability, no source required",08.08.2024,Konstantin Loffler <kl@wip.tu-berlin.de>
World,D_HB_Tank_Small,1,2050,0.01,,MEUR/PJ,"Marginal number for numerical stability, no source required",08.08.2024,Konstantin Loffler <kl@wip.tu-berlin.de>
World,D_HB_Tank_Small,1,2055,0.01,,MEUR/PJ,same as 2050 for now,29.01.2025,Nikita Moskalenko <nim@wip.tu-berlin.de>
World,D_HB_Tank_Small,1,2060,0.01,,MEUR/PJ,same as 2050 for now,29.01.2025,Nikita Moskalenko <nim@wip.tu-berlin.de>
World,D_HD_Pit,1,2018,0.01,,MEUR/PJ,"Marginal number for numerical stability, no source required",08.08.2024,Konstantin Loffler <kl@wip.tu-berlin.de>
World,D_HD_Pit,1,2020,0.01,,MEUR/PJ,"Marginal number for numerical stability, no source required",08.08.2024,Konstantin Loffler <kl@wip.tu-berlin.de>
World,D_HD_Pit,1,2025,0.01,,MEUR/PJ,"Marginal number for numerical stability, no source required",08.08.2024,Konstantin Loffler <kl@wip.tu-berlin.de>
World,D_HD_Pit,1,2030,0.01,,MEUR/PJ,"Marginal number for numerical stability, no source required",08.08.2024,Konstantin Loffler <kl@wip.tu-berlin.de>
World,D_HD_Pit,1,2035,0.01,,MEUR/PJ,"Marginal number for numerical stability, no source required",08.08.2024,Konstantin Loffler <kl@wip.tu-berlin.de>
World,D_HD_Pit,1,2040,0.01,,MEUR/PJ,"Marginal number for numerical stability, no source required",08.08.2024,Konstantin Loffler <kl@wip.tu-berlin.de>
World,D_HD_Pit,1,2045,0.01,,MEUR/PJ,"Marginal number for numerical stability, no source required",08.08.2024,Konstantin Loffler <kl@wip.tu-berlin.de>
World,D_HD_Pit,1,2050,0.01,,MEUR/PJ,"Marginal number for numerical stability, no source required",08.08.2024,Konstantin Loffler <kl@wip.tu-berlin.de>
World,D_HD_Pit,1,2055,0.01,,MEUR/PJ,same as 2050 for now,29.01.2025,Nikita Moskalenko <nim@wip.tu-berlin.de>
World,D_HD_Pit,1,2060,0.01,,MEUR/PJ,same as 2050 for now,29.01.2025,Nikita Moskalenko <nim@wip.tu-berlin.de>
World,D_HLI_Tank_Large,1,2018,0.01,,MEUR/PJ,"Marginal number for numerical stability, no source required",08.08.2024,Konstantin Loffler <kl@wip.tu-berlin.de>
World,D_HLI_Tank_Large,1,2020,0.01,,MEUR/PJ,"Marginal number for numerical stability, no source required",08.08.2024,Konstantin Loffler <kl@wip.tu-berlin.de>
World,D_HLI_Tank_Large,1,2025,0.01,,MEUR/PJ,"Marginal number for numerical stability, no source required",08.08.2024,Konstantin Loffler <kl@wip.tu-berlin.de>
World,D_HLI_Tank_Large,1,2030,0.01,,MEUR/PJ,"Marginal number for numerical stability, no source required",08.08.2024,Konstantin Loffler <kl@wip.tu-berlin.de>
World,D_HLI_Tank_Large,1,2035,0.01,,MEUR/PJ,"Marginal number for numerical stability, no source required",08.08.2024,Konstantin Loffler <kl@wip.tu-berlin.de>
World,D_HLI_Tank_Large,1,2040,0.01,,MEUR/PJ,"Marginal number for numerical stability, no source required",08.08.2024,Konstantin Loffler <kl@wip.tu-berlin.de>
World,D_HLI_Tank_Large,1,2045,0.01,,MEUR/PJ,"Marginal number for numerical stability, no source required",08.08.2024,Konstantin Loffler <kl@wip.tu-berlin.de>
World,D_HLI_Tank_Large,1,2050,0.01,,MEUR/PJ,"Marginal number for numerical stability, no source required",08.08.2024,Konstantin Loffler <kl@wip.tu-berlin.de>
World,D_HLI_Tank_Large,1,2055,0.01,,MEUR/PJ,same as 2050 for now,29.01.2025,Nikita Moskalenko <nim@wip.tu-berlin.de>
World,D_HLI_Tank_Large,1,2060,0.01,,MEUR/PJ,same as 2050 for now,29.01.2025,Nikita Moskalenko <nim@wip.tu-berlin.de>
World,D_PHS,1,2018,0.01,,MEUR/PJ,"Marginal number for numerical stability, no source required",08.08.2024,Konstantin Loffler <kl@wip.tu-berlin.de>
World,D_PHS,1,2020,0.01,,MEUR/PJ,"Marginal number for numerical stability, no source required",08.08.2024,Konstantin Loffler <kl@wip.tu-berlin.de>
World,D_PHS,1,2025,0.01,,MEUR/PJ,"Marginal number for numerical stability, no source required",08.08.2024,Konstantin Loffler <kl@wip.tu-berlin.de>
World,D_PHS,1,2030,0.01,,MEUR/PJ,"Marginal number for numerical stability, no source required",08.08.2024,Konstantin Loffler <kl@wip.tu-berlin.de>
World,D_PHS,1,2035,0.01,,MEUR/PJ,"Marginal number for numerical stability, no source required",08.08.2024,Konstantin Loffler <kl@wip.tu-berlin.de>
World,D_PHS,1,2040,0.01,,MEUR/PJ,"Marginal number for numerical stability, no source required",08.08.2024,Konstantin Loffler <kl@wip.tu-berlin.de>
World,D_PHS,1,2045,0.01,,MEUR/PJ,"Marginal number for numerical stability, no source required",08.08.2024,Konstantin Loffler <kl@wip.tu-berlin.de>
World,D_PHS,1,2050,0.01,,MEUR/PJ,"Marginal number for numerical stability, no source required",08.08.2024,Konstantin Loffler <kl@wip.tu-berlin.de>
World,D_PHS,1,2055,0.01,,MEUR/PJ,same as 2050 for now,29.01.2025,Nikita Moskalenko <nim@wip.tu-berlin.de>
World,D_PHS,1,2060,0.01,,MEUR/PJ,same as 2050 for now,29.01.2025,Nikita Moskalenko <nim@wip.tu-berlin.de>
World,D_PHS_Residual,1,2018,0.01,,MEUR/PJ,"Marginal number for numerical stability, no source required",08.08.2024,Konstantin Loffler <kl@wip.tu-berlin.de>
World,D_PHS_Residual,1,2020,0.01,,MEUR/PJ,"Marginal number for numerical stability, no source required",08.08.2024,Konstantin Loffler <kl@wip.tu-berlin.de>
World,D_PHS_Residual,1,2025,0.01,,MEUR/PJ,"Marginal number for numerical stability, no source required",08.08.2024,Konstantin Loffler <kl@wip.tu-berlin.de>
World,D_PHS_Residual,1,2030,0.01,,MEUR/PJ,"Marginal number for numerical stability, no source required",08.08.2024,Konstantin Loffler <kl@wip.tu-berlin.de>
World,D_PHS_Residual,1,2035,0.01,,MEUR/PJ,"Marginal number for numerical stability, no source required",08.08.2024,Konstantin Loffler <kl@wip.tu-berlin.de>
World,D_PHS_Residual,1,2040,0.01,,MEUR/PJ,"Marginal number for numerical stability, no source required",08.08.2024,Konstantin Loffler <kl@wip.tu-berlin.de>
World,D_PHS_Residual,1,2045,0.01,,MEUR/PJ,"Marginal number for numerical stability, no source required",08.08.2024,Konstantin Loffler <kl@wip.tu-berlin.de>
World,D_PHS_Residual,1,2050,0.01,,MEUR/PJ,"Marginal number for numerical stability, no source required",08.08.2024,Konstantin Loffler <kl@wip.tu-berlin.de>
World,D_PHS_Residual,1,2055,0.01,,MEUR/PJ,same as 2050 for now,29.01.2025,Nikita Moskalenko <nim@wip.tu-berlin.de>
World,D_PHS_Residual,1,2060,0.01,,MEUR/PJ,same as 2050 for now,29.01.2025,Nikita Moskalenko <nim@wip.tu-berlin.de>
World,FRT_Rail_Conv,1,All,0.001,,MEUR/PJ,"dummy value, fuel costs come from upstream generation cost numbers",03.02.2026,Konstantin Loffler <kl@wip.tu-berlin.de>
World,FRT_Rail_Conv,1,2055,0,,MEUR/PJ,same as 2050 for now,29.01.2025,Nikita Moskalenko <nim@wip.tu-berlin.de>
World,FRT_Rail_Conv,1,2060,0,,MEUR/PJ,same as 2050 for now,29.01.2025,Nikita Moskalenko <nim@wip.tu-berlin.de>
World,FRT_Rail_Electric,1,All,0.001,,MEUR/PJ,"dummy value, fuel costs come from upstream generation cost numbers",03.02.2026,Konstantin Loffler <kl@wip.tu-berlin.de>
World,FRT_Rail_Electric,1,2055,0,,MEUR/PJ,same as 2050 for now,29.01.2025,Nikita Moskalenko <nim@wip.tu-berlin.de>
World,FRT_Rail_Electric,1,2060,0,,MEUR/PJ,same as 2050 for now,29.01.2025,Nikita Moskalenko <nim@wip.tu-berlin.de>
World,FRT_Road_BEV,1,All,0.001,,MEUR/PJ,"dummy value, fuel costs come from upstream generation cost numbers",03.02.2026,Konstantin Loffler <kl@wip.tu-berlin.de>
World,FRT_Road_BEV,1,2055,0,,MEUR/PJ,same as 2050 for now,29.01.2025,Nikita Moskalenko <nim@wip.tu-berlin.de>
World,FRT_Road_BEV,1,2060,0,,MEUR/PJ,same as 2050 for now,29.01.2025,Nikita Moskalenko <nim@wip.tu-berlin.de>
World,FRT_Road_H2,1,All,0.001,,MEUR/PJ,"dummy value, fuel costs come from upstream generation cost numbers",03.02.2026,Konstantin Loffler <kl@wip.tu-berlin.de>
World,FRT_Road_H2,1,2055,0,,MEUR/PJ,same as 2050 for now,29.01.2025,Nikita Moskalenko <nim@wip.tu-berlin.de>
World,FRT_Road_H2,1,2060,0,,MEUR/PJ,same as 2050 for now,29.01.2025,Nikita Moskalenko <nim@wip.tu-berlin.de>
World,FRT_Road_ICE,1,All,0.001,,MEUR/PJ,"dummy value, fuel costs come from upstream generation cost numbers",03.02.2026,Konstantin Loffler <kl@wip.tu-berlin.de>
World,FRT_Road_ICE,1,2055,0,,MEUR/PJ,same as 2050 for now,29.01.2025,Nikita Moskalenko <nim@wip.tu-berlin.de>
World,FRT_Road_ICE,1,2060,0,,MEUR/PJ,same as 2050 for now,29.01.2025,Nikita Moskalenko <nim@wip.tu-berlin.de>
World,FRT_Road_PHEV,1,All,0.001,,MEUR/PJ,"dummy value, fuel costs come from upstream generation cost numbers",03.02.2026,Konstantin Loffler <kl@wip.tu-berlin.de>
World,FRT_Road_PHEV,1,2055,0,,MEUR/PJ,same as 2050 for now,29.01.2025,Nikita Moskalenko <nim@wip.tu-berlin.de>
World,FRT_Road_PHEV,1,2060,0,,MEUR/PJ,same as 2050 for now,29.01.2025,Nikita Moskalenko <nim@wip.tu-berlin.de>
World,FRT_Ship_Bio,1,All,0.001,,MEUR/PJ,"dummy value, fuel costs come from upstream generation cost numbers",03.02.2026,Konstantin Loffler <kl@wip.tu-berlin.de>
World,FRT_Ship_Bio,1,2055,0,,MEUR/PJ,same as 2050 for now,29.01.2025,Nikita Moskalenko <nim@wip.tu-berlin.de>
World,FRT_Ship_Bio,1,2060,0,,MEUR/PJ,same as 2050 for now,29.01.2025,Nikita Moskalenko <nim@wip.tu-berlin.de>
World,FRT_Ship_Conv,1,All,0.001,,MEUR/PJ,"dummy value, fuel costs come from upstream generation cost numbers",03.02.2026,Konstantin Loffler <kl@wip.tu-berlin.de>
World,FRT_Ship_Conv,1,2055,0,,MEUR/PJ,same as 2050 for now,29.01.2025,Nikita Moskalenko <nim@wip.tu-berlin.de>
World,FRT_Ship_Conv,1,2060,0,,MEUR/PJ,same as 2050 for now,29.01.2025,Nikita Moskalenko <nim@wip.tu-berlin.de>
World,HB_Biomass,1,2018,0.001,,MEUR/PJ,biomass auto - https://ens.dk/en/our-services/technology-catalogues/technology-data-individual-heating-plants,20.08.2024,Alena Diesing <ad@wip.tu-berlin.de>
World,HB_Biomass,1,2025,0.001,,MEUR/PJ,biomass auto - https://ens.dk/en/our-services/technology-catalogues/technology-data-individual-heating-plants,20.08.2024,Alena Diesing <ad@wip.tu-berlin.de>
World,HB_Biomass,1,2030,0.001,,MEUR/PJ,biomass auto - https://ens.dk/en/our-services/technology-catalogues/technology-data-individual-heating-plants,20.08.2024,Alena Diesing <ad@wip.tu-berlin.de>
World,HB_Biomass,1,2035,0.001,,MEUR/PJ,biomass auto - https://ens.dk/en/our-services/technology-catalogues/technology-data-individual-heating-plants,20.08.2024,Alena Diesing <ad@wip.tu-berlin.de>
World,HB_Biomass,1,2040,0.001,,MEUR/PJ,biomass auto - https://ens.dk/en/our-services/technology-catalogues/technology-data-individual-heating-plants,20.08.2024,Alena Diesing <ad@wip.tu-berlin.de>
World,HB_Biomass,1,2045,0.001,,MEUR/PJ,biomass auto - https://ens.dk/en/our-services/technology-catalogues/technology-data-individual-heating-plants,20.08.2024,Alena Diesing <ad@wip.tu-berlin.de>
World,HB_Biomass,1,2050,0.001,,MEUR/PJ,biomass auto - https://ens.dk/en/our-services/technology-catalogues/technology-data-individual-heating-plants,20.08.2024,Alena Diesing <ad@wip.tu-berlin.de>
World,HB_Biomass,1,2055,0.001,,MEUR/PJ,same as 2050 for now,29.01.2025,Nikita Moskalenko <nim@wip.tu-berlin.de>
World,HB_Biomass,1,2060,0.001,,MEUR/PJ,same as 2050 for now,29.01.2025,Nikita Moskalenko <nim@wip.tu-berlin.de>
World,X_Convert_HD,1,All,0.001,,MEUR/PJ,"dummy value, fuel costs come from upstream generation cost numbers",03.02.2026,Konstantin Loffler <kl@wip.tu-berlin.de>
World,X_Convert_HD,1,2055,0.001,,MEUR/PJ,same as 2050 for now,29.01.2025,Nikita Moskalenko <nim@wip.tu-berlin.de>
World,X_Convert_HD,1,2060,0.001,,MEUR/PJ,same as 2050 for now,29.01.2025,Nikita Moskalenko <nim@wip.tu-berlin.de>
World,HB_Direct_Electric,1,2018,0.001,,MEUR/PJ,electric heating- https://ens.dk/en/our-services/technology-catalogues/technology-data-individual-heating-plants,20.08.2024,Alena Diesing <ad@wip.tu-berlin.de>
World,HB_Direct_Electric,1,2025,0.001,,MEUR/PJ,electric heating- https://ens.dk/en/our-services/technology-catalogues/technology-data-individual-heating-plants,20.08.2024,Alena Diesing <ad@wip.tu-berlin.de>
World,HB_Direct_Electric,1,2030,0.001,,MEUR/PJ,electric heating- https://ens.dk/en/our-services/technology-catalogues/technology-data-individual-heating-plants,20.08.2024,Alena Diesing <ad@wip.tu-berlin.de>
World,HB_Direct_Electric,1,2035,0.001,,MEUR/PJ,electric heating- https://ens.dk/en/our-services/technology-catalogues/technology-data-individual-heating-plants,20.08.2024,Alena Diesing <ad@wip.tu-berlin.de>
World,HB_Direct_Electric,1,2040,0.001,,MEUR/PJ,electric heating- https://ens.dk/en/our-services/technology-catalogues/technology-data-individual-heating-plants,20.08.2024,Alena Diesing <ad@wip.tu-berlin.de>
World,HB_Direct_Electric,1,2045,0.001,,MEUR/PJ,electric heating- https://ens.dk/en/our-services/technology-catalogues/technology-data-individual-heating-plants,20.08.2024,Alena Diesing <ad@wip.tu-berlin.de>
World,HB_Direct_Electric,1,2050,0.001,,MEUR/PJ,electric heating- https://ens.dk/en/our-services/technology-catalogues/technology-data-individual-heating-plants,20.08.2024,Alena Diesing <ad@wip.tu-berlin.de>
World,HB_Direct_Electric,1,2055,0.001,,MEUR/PJ,same as 2050 for now,29.01.2025,Nikita Moskalenko <nim@wip.tu-berlin.de>
World,HB_Direct_Electric,1,2060,0.001,,MEUR/PJ,same as 2050 for now,29.01.2025,Nikita Moskalenko <nim@wip.tu-berlin.de>
World,HB_Gas_Boiler,1,2018,0.001,,MEUR/PJ,Natural gas boiler- https://ens.dk/en/our-services/technology-catalogues/technology-data-individual-heating-plants,20.08.2024,Alena Diesing <ad@wip.tu-berlin.de>
World,HB_Gas_Boiler,1,2025,0.001,,MEUR/PJ,Natural gas boiler- https://ens.dk/en/our-services/technology-catalogues/technology-data-individual-heating-plants,20.08.2024,Alena Diesing <ad@wip.tu-berlin.de>
World,HB_Gas_Boiler,1,2030,0.001,,MEUR/PJ,Natural gas boiler- https://ens.dk/en/our-services/technology-catalogues/technology-data-individual-heating-plants,20.08.2024,Alena Diesing <ad@wip.tu-berlin.de>
World,HB_Gas_Boiler,1,2035,0.001,,MEUR/PJ,Natural gas boiler- https://ens.dk/en/our-services/technology-catalogues/technology-data-individual-heating-plants,20.08.2024,Alena Diesing <ad@wip.tu-berlin.de>
World,HB_Gas_Boiler,1,2040,0.001,,MEUR/PJ,Natural gas boiler- https://ens.dk/en/our-services/technology-catalogues/technology-data-individual-heating-plants,20.08.2024,Alena Diesing <ad@wip.tu-berlin.de>
World,HB_Gas_Boiler,1,2045,0.001,,MEUR/PJ,Natural gas boiler- https://ens.dk/en/our-services/technology-catalogues/technology-data-individual-heating-plants,20.08.2024,Alena Diesing <ad@wip.tu-berlin.de>
World,HB_Gas_Boiler,1,2050,0.001,,MEUR/PJ,Natural gas boiler- https://ens.dk/en/our-services/technology-catalogues/technology-data-individual-heating-plants,20.08.2024,Alena Diesing <ad@wip.tu-berlin.de>
World,HB_Gas_Boiler,1,2055,0.001,,MEUR/PJ,same as 2050 for now,29.01.2025,Nikita Moskalenko <nim@wip.tu-berlin.de>
World,HB_Gas_Boiler,1,2060,0.001,,MEUR/PJ,same as 2050 for now,29.01.2025,Nikita Moskalenko <nim@wip.tu-berlin.de>
World,HB_Geothermal,1,2018,1.683333333,,MEUR/PJ,"Geothermal DH, 1200m, E-https://ens.dk/en/our-services/technology-catalogues/technology-data-generation-electricity-and-district-heating",20.08.2024,Alena Diesing <ad@wip.tu-berlin.de>
World,HB_Geothermal,1,2025,1.686111111,,MEUR/PJ,"Geothermal DH, 1200m, E-https://ens.dk/en/our-services/technology-catalogues/technology-data-generation-electricity-and-district-heating",20.08.2024,Alena Diesing <ad@wip.tu-berlin.de>
World,HB_Geothermal,1,2030,1.811111111,,MEUR/PJ,"Geothermal DH, 1200m, E-https://ens.dk/en/our-services/technology-catalogues/technology-data-generation-electricity-and-district-heating",20.08.2024,Alena Diesing <ad@wip.tu-berlin.de>
World,HB_Geothermal,1,2035,1.829166667,,MEUR/PJ,"Geothermal DH, 1200m, E-https://ens.dk/en/our-services/technology-catalogues/technology-data-generation-electricity-and-district-heating",20.08.2024,Alena Diesing <ad@wip.tu-berlin.de>
World,HB_Geothermal,1,2040,1.847222222,,MEUR/PJ,"Geothermal DH, 1200m, E-https://ens.dk/en/our-services/technology-catalogues/technology-data-generation-electricity-and-district-heating",20.08.2024,Alena Diesing <ad@wip.tu-berlin.de>
World,HB_Geothermal,1,2045,1.788888889,,MEUR/PJ,"Geothermal DH, 1200m, E-https://ens.dk/en/our-services/technology-catalogues/technology-data-generation-electricity-and-district-heating",20.08.2024,Alena Diesing <ad@wip.tu-berlin.de>
World,HB_Geothermal,1,2050,1.730555556,,MEUR/PJ,"Geothermal DH, 1200m, E-https://ens.dk/en/our-services/technology-catalogues/technology-data-generation-electricity-and-district-heating",20.08.2024,Alena Diesing <ad@wip.tu-berlin.de>
World,HB_Geothermal,1,2055,1.730555556,,MEUR/PJ,same as 2050 for now,29.01.2025,Nikita Moskalenko <nim@wip.tu-berlin.de>
World,HB_Geothermal,1,2060,1.730555556,,MEUR/PJ,same as 2050 for now,29.01.2025,Nikita Moskalenko <nim@wip.tu-berlin.de>
World,HB_H2_Boiler,1,2018,0.001,,MEUR/PJ,117% of natural gas boiler - https://commission.europa.eu/system/files/2021-04/07.05_mf35_presentation_ehi_hydrogen_buildings.pdf,20.08.2024,Alena Diesing <ad@wip.tu-berlin.de>
World,HB_H2_Boiler,1,2025,0.001,,MEUR/PJ,117% of natural gas boiler - https://commission.europa.eu/system/files/2021-04/07.05_mf35_presentation_ehi_hydrogen_buildings.pdf,20.08.2024,Alena Diesing <ad@wip.tu-berlin.de>
World,HB_H2_Boiler,1,2030,0.001,,MEUR/PJ,117% of natural gas boiler - https://commission.europa.eu/system/files/2021-04/07.05_mf35_presentation_ehi_hydrogen_buildings.pdf,20.08.2024,Alena Diesing <ad@wip.tu-berlin.de>
World,HB_H2_Boiler,1,2035,0.001,,MEUR/PJ,117% of natural gas boiler - https://commission.europa.eu/system/files/2021-04/07.05_mf35_presentation_ehi_hydrogen_buildings.pdf,20.08.2024,Alena Diesing <ad@wip.tu-berlin.de>
World,HB_H2_Boiler,1,2040,0.001,,MEUR/PJ,117% of natural gas boiler - https://commission.europa.eu/system/files/2021-04/07.05_mf35_presentation_ehi_hydrogen_buildings.pdf,20.08.2024,Alena Diesing <ad@wip.tu-berlin.de>
World,HB_H2_Boiler,1,2045,0.001,,MEUR/PJ,117% of natural gas boiler - https://commission.europa.eu/system/files/2021-04/07.05_mf35_presentation_ehi_hydrogen_buildings.pdf,20.08.2024,Alena Diesing <ad@wip.tu-berlin.de>
World,HB_H2_Boiler,1,2050,0.001,,MEUR/PJ,117% of natural gas boiler - https://commission.europa.eu/system/files/2021-04/07.05_mf35_presentation_ehi_hydrogen_buildings.pdf,20.08.2024,Alena Diesing <ad@wip.tu-berlin.de>
World,HB_H2_Boiler,1,2055,0.001,,MEUR/PJ,same as 2050 for now,29.01.2025,Nikita Moskalenko <nim@wip.tu-berlin.de>
World,HB_H2_Boiler,1,2060,0.001,,MEUR/PJ,same as 2050 for now,29.01.2025,Nikita Moskalenko <nim@wip.tu-berlin.de>
World,HB_Hardcoal,1,2018,0.122222222,,MEUR/PJ,District heating boilers coal - https://energy.ec.europa.eu/data-and-analysis/energy-modelling/eu-reference-scenario-2020_en,20.08.2024,Alena Diesing <ad@wip.tu-berlin.de>
World,HB_Hardcoal,1,2025,0.122222222,,MEUR/PJ,District heating boilers coal - https://energy.ec.europa.eu/data-and-analysis/energy-modelling/eu-reference-scenario-2020_en,20.08.2024,Alena Diesing <ad@wip.tu-berlin.de>
World,HB_Hardcoal,1,2030,0.122222222,,MEUR/PJ,District heating boilers coal - https://energy.ec.europa.eu/data-and-analysis/energy-modelling/eu-reference-scenario-2020_en,20.08.2024,Alena Diesing <ad@wip.tu-berlin.de>
World,HB_Hardcoal,1,2035,0.122222222,,MEUR/PJ,District heating boilers coal - https://energy.ec.europa.eu/data-and-analysis/energy-modelling/eu-reference-scenario-2020_en,20.08.2024,Alena Diesing <ad@wip.tu-berlin.de>
World,HB_Hardcoal,1,2040,0.122222222,,MEUR/PJ,District heating boilers coal - https://energy.ec.europa.eu/data-and-analysis/energy-modelling/eu-reference-scenario-2020_en,20.08.2024,Alena Diesing <ad@wip.tu-berlin.de>
World,HB_Hardcoal,1,2045,0.122222222,,MEUR/PJ,District heating boilers coal - https://energy.ec.europa.eu/data-and-analysis/energy-modelling/eu-reference-scenario-2020_en,20.08.2024,Alena Diesing <ad@wip.tu-berlin.de>
World,HB_Hardcoal,1,2050,0.122222222,,MEUR/PJ,District heating boilers coal - https://energy.ec.europa.eu/data-and-analysis/energy-modelling/eu-reference-scenario-2020_en,20.08.2024,Alena Diesing <ad@wip.tu-berlin.de>
World,HB_Hardcoal,1,2055,0.122222222,,MEUR/PJ,same as 2050 for now,29.01.2025,Nikita Moskalenko <nim@wip.tu-berlin.de>
World,HB_Hardcoal,1,2060,0.122222222,,MEUR/PJ,same as 2050 for now,29.01.2025,Nikita Moskalenko <nim@wip.tu-berlin.de>
World,HB_Heatpump_Aerial,1,2018,0.001,,MEUR/PJ,HP air-air - https://ens.dk/en/our-services/technology-catalogues/technology-data-individual-heating-plants,20.08.2024,Alena Diesing <ad@wip.tu-berlin.de>
World,HB_Heatpump_Aerial,1,2025,0.001,,MEUR/PJ,HP air-air - https://ens.dk/en/our-services/technology-catalogues/technology-data-individual-heating-plants,20.08.2024,Alena Diesing <ad@wip.tu-berlin.de>
World,HB_Heatpump_Aerial,1,2030,0.001,,MEUR/PJ,HP air-air - https://ens.dk/en/our-services/technology-catalogues/technology-data-individual-heating-plants,20.08.2024,Alena Diesing <ad@wip.tu-berlin.de>
World,HB_Heatpump_Aerial,1,2035,0.001,,MEUR/PJ,HP air-air - https://ens.dk/en/our-services/technology-catalogues/technology-data-individual-heating-plants,20.08.2024,Alena Diesing <ad@wip.tu-berlin.de>
World,HB_Heatpump_Aerial,1,2040,0.001,,MEUR/PJ,HP air-air - https://ens.dk/en/our-services/technology-catalogues/technology-data-individual-heating-plants,20.08.2024,Alena Diesing <ad@wip.tu-berlin.de>
World,HB_Heatpump_Aerial,1,2045,0.001,,MEUR/PJ,HP air-air - https://ens.dk/en/our-services/technology-catalogues/technology-data-individual-heating-plants,20.08.2024,Alena Diesing <ad@wip.tu-berlin.de>
World,HB_Heatpump_Aerial,1,2050,0.001,,MEUR/PJ,HP air-air - https://ens.dk/en/our-services/technology-catalogues/technology-data-individual-heating-plants,20.08.2024,Alena Diesing <ad@wip.tu-berlin.de>
World,HB_Heatpump_Aerial,1,2055,0.001,,MEUR/PJ,same as 2050 for now,29.01.2025,Nikita Moskalenko <nim@wip.tu-berlin.de>
World,HB_Heatpump_Aerial,1,2060,0.001,,MEUR/PJ,same as 2050 for now,29.01.2025,Nikita Moskalenko <nim@wip.tu-berlin.de>
World,HB_Heatpump_Ground,1,2018,0.001,,MEUR/PJ,HP ground-water - https://ens.dk/en/our-services/technology-catalogues/technology-data-individual-heating-plants,20.08.2024,Alena Diesing <ad@wip.tu-berlin.de>
World,HB_Heatpump_Ground,1,2025,0.001,,MEUR/PJ,HP ground-water - https://ens.dk/en/our-services/technology-catalogues/technology-data-individual-heating-plants,20.08.2024,Alena Diesing <ad@wip.tu-berlin.de>
World,HB_Heatpump_Ground,1,2030,0.001,,MEUR/PJ,HP ground-water - https://ens.dk/en/our-services/technology-catalogues/technology-data-individual-heating-plants,20.08.2024,Alena Diesing <ad@wip.tu-berlin.de>
World,HB_Heatpump_Ground,1,2035,0.001,,MEUR/PJ,HP ground-water - https://ens.dk/en/our-services/technology-catalogues/technology-data-individual-heating-plants,20.08.2024,Alena Diesing <ad@wip.tu-berlin.de>
World,HB_Heatpump_Ground,1,2040,0.001,,MEUR/PJ,HP ground-water - https://ens.dk/en/our-services/technology-catalogues/technology-data-individual-heating-plants,20.08.2024,Alena Diesing <ad@wip.tu-berlin.de>
World,HB_Heatpump_Ground,1,2045,0.001,,MEUR/PJ,HP ground-water - https://ens.dk/en/our-services/technology-catalogues/technology-data-individual-heating-plants,20.08.2024,Alena Diesing <ad@wip.tu-berlin.de>
World,HB_Heatpump_Ground,1,2050,0.001,,MEUR/PJ,HP ground-water - https://ens.dk/en/our-services/technology-catalogues/technology-data-individual-heating-plants,20.08.2024,Alena Diesing <ad@wip.tu-berlin.de>
World,HB_Heatpump_Ground,1,2055,0.001,,MEUR/PJ,same as 2050 for now,29.01.2025,Nikita Moskalenko <nim@wip.tu-berlin.de>
World,HB_Heatpump_Ground,1,2060,0.001,,MEUR/PJ,same as 2050 for now,29.01.2025,Nikita Moskalenko <nim@wip.tu-berlin.de>
World,HB_Lignite,1,2018,0.147222222,,MEUR/PJ,District heating boilers lignite - https://energy.ec.europa.eu/data-and-analysis/energy-modelling/eu-reference-scenario-2020_en,20.08.2024,Alena Diesing <ad@wip.tu-berlin.de>
World,HB_Lignite,1,2025,0.147222222,,MEUR/PJ,District heating boilers lignite - https://energy.ec.europa.eu/data-and-analysis/energy-modelling/eu-reference-scenario-2020_en,20.08.2024,Alena Diesing <ad@wip.tu-berlin.de>
World,HB_Lignite,1,2030,0.147222222,,MEUR/PJ,District heating boilers lignite - https://energy.ec.europa.eu/data-and-analysis/energy-modelling/eu-reference-scenario-2020_en,20.08.2024,Alena Diesing <ad@wip.tu-berlin.de>
World,HB_Lignite,1,2035,0.147222222,,MEUR/PJ,District heating boilers lignite - https://energy.ec.europa.eu/data-and-analysis/energy-modelling/eu-reference-scenario-2020_en,20.08.2024,Alena Diesing <ad@wip.tu-berlin.de>
World,HB_Lignite,1,2040,0.147222222,,MEUR/PJ,District heating boilers lignite - https://energy.ec.europa.eu/data-and-analysis/energy-modelling/eu-reference-scenario-2020_en,20.08.2024,Alena Diesing <ad@wip.tu-berlin.de>
World,HB_Lignite,1,2045,0.147222222,,MEUR/PJ,District heating boilers lignite - https://energy.ec.europa.eu/data-and-analysis/energy-modelling/eu-reference-scenario-2020_en,20.08.2024,Alena Diesing <ad@wip.tu-berlin.de>
World,HB_Lignite,1,2050,0.147222222,,MEUR/PJ,District heating boilers lignite - https://energy.ec.europa.eu/data-and-analysis/energy-modelling/eu-reference-scenario-2020_en,20.08.2024,Alena Diesing <ad@wip.tu-berlin.de>
World,HB_Lignite,1,2055,0.147222222,,MEUR/PJ,same as 2050 for now,29.01.2025,Nikita Moskalenko <nim@wip.tu-berlin.de>
World,HB_Lignite,1,2060,0.147222222,,MEUR/PJ,same as 2050 for now,29.01.2025,Nikita Moskalenko <nim@wip.tu-berlin.de>
World,HB_Oil_Boiler,1,2018,0.001,,MEUR/PJ,oil boiler - https://ens.dk/en/our-services/technology-catalogues/technology-data-individual-heating-plants,20.08.2024,Alena Diesing <ad@wip.tu-berlin.de>
World,HB_Oil_Boiler,1,2025,0.001,,MEUR/PJ,oil boiler - https://ens.dk/en/our-services/technology-catalogues/technology-data-individual-heating-plants,20.08.2024,Alena Diesing <ad@wip.tu-berlin.de>
World,HB_Oil_Boiler,1,2030,0.001,,MEUR/PJ,oil boiler - https://ens.dk/en/our-services/technology-catalogues/technology-data-individual-heating-plants,20.08.2024,Alena Diesing <ad@wip.tu-berlin.de>
World,HB_Oil_Boiler,1,2035,0.001,,MEUR/PJ,oil boiler - https://ens.dk/en/our-services/technology-catalogues/technology-data-individual-heating-plants,20.08.2024,Alena Diesing <ad@wip.tu-berlin.de>
World,HB_Oil_Boiler,1,2040,0.001,,MEUR/PJ,oil boiler - https://ens.dk/en/our-services/technology-catalogues/technology-data-individual-heating-plants,20.08.2024,Alena Diesing <ad@wip.tu-berlin.de>
World,HB_Oil_Boiler,1,2045,0.001,,MEUR/PJ,oil boiler - https://ens.dk/en/our-services/technology-catalogues/technology-data-individual-heating-plants,20.08.2024,Alena Diesing <ad@wip.tu-berlin.de>
World,HB_Oil_Boiler,1,2050,0.001,,MEUR/PJ,oil boiler - https://ens.dk/en/our-services/technology-catalogues/technology-data-individual-heating-plants,20.08.2024,Alena Diesing <ad@wip.tu-berlin.de>
World,HB_Oil_Boiler,1,2055,0.001,,MEUR/PJ,same as 2050 for now,29.01.2025,Nikita Moskalenko <nim@wip.tu-berlin.de>
World,HB_Oil_Boiler,1,2060,0.001,,MEUR/PJ,same as 2050 for now,29.01.2025,Nikita Moskalenko <nim@wip.tu-berlin.de>
World,HB_Solar_Thermal,1,2018,0.001,,MEUR/PJ,solar heating - https://ens.dk/en/our-services/technology-catalogues/technology-data-individual-heating-plants,20.08.2024,Alena Diesing <ad@wip.tu-berlin.de>
World,HB_Solar_Thermal,1,2025,0.001,,MEUR/PJ,solar heating - https://ens.dk/en/our-services/technology-catalogues/technology-data-individual-heating-plants,20.08.2024,Alena Diesing <ad@wip.tu-berlin.de>
World,HB_Solar_Thermal,1,2030,0.001,,MEUR/PJ,solar heating - https://ens.dk/en/our-services/technology-catalogues/technology-data-individual-heating-plants,20.08.2024,Alena Diesing <ad@wip.tu-berlin.de>
World,HB_Solar_Thermal,1,2035,0.001,,MEUR/PJ,solar heating - https://ens.dk/en/our-services/technology-catalogues/technology-data-individual-heating-plants,20.08.2024,Alena Diesing <ad@wip.tu-berlin.de>
World,HB_Solar_Thermal,1,2040,0.001,,MEUR/PJ,solar heating - https://ens.dk/en/our-services/technology-catalogues/technology-data-individual-heating-plants,20.08.2024,Alena Diesing <ad@wip.tu-berlin.de>
World,HB_Solar_Thermal,1,2045,0.001,,MEUR/PJ,solar heating - https://ens.dk/en/our-services/technology-catalogues/technology-data-individual-heating-plants,20.08.2024,Alena Diesing <ad@wip.tu-berlin.de>
World,HB_Solar_Thermal,1,2050,0.001,,MEUR/PJ,solar heating - https://ens.dk/en/our-services/technology-catalogues/technology-data-individual-heating-plants,20.08.2024,Alena Diesing <ad@wip.tu-berlin.de>
World,HB_Solar_Thermal,1,2055,0.001,,MEUR/PJ,same as 2050 for now,29.01.2025,Nikita Moskalenko <nim@wip.tu-berlin.de>
World,HB_Solar_Thermal,1,2060,0.001,,MEUR/PJ,same as 2050 for now,29.01.2025,Nikita Moskalenko <nim@wip.tu-berlin.de>
World,HLI_Biomass,1,2018,0.305555556,,MEUR/PJ,Energy Agency Denmark (2022): Hot water boiler wood,30.08.2024,Alena Diesing <ad@wip.tu-berlin.de>
World,HLI_Biomass,1,2025,0.305555556,,MEUR/PJ,Energy Agency Denmark (2022): Hot water boiler wood,30.08.2024,Alena Diesing <ad@wip.tu-berlin.de>
World,HLI_Biomass,1,2030,0.305555556,,MEUR/PJ,Energy Agency Denmark (2022): Hot water boiler wood,30.08.2024,Alena Diesing <ad@wip.tu-berlin.de>
World,HLI_Biomass,1,2035,0.305555556,,MEUR/PJ,Energy Agency Denmark (2022): Hot water boiler wood,30.08.2024,Alena Diesing <ad@wip.tu-berlin.de>
World,HLI_Biomass,1,2040,0.305555556,,MEUR/PJ,Energy Agency Denmark (2022): Hot water boiler wood,30.08.2024,Alena Diesing <ad@wip.tu-berlin.de>
World,HLI_Biomass,1,2045,0.305555556,,MEUR/PJ,Energy Agency Denmark (2022): Hot water boiler wood,30.08.2024,Alena Diesing <ad@wip.tu-berlin.de>
World,HLI_Biomass,1,2050,0.305555556,,MEUR/PJ,Energy Agency Denmark (2022): Hot water boiler wood,30.08.2024,Alena Diesing <ad@wip.tu-berlin.de>
World,HLI_Biomass,1,2055,0.305555556,,MEUR/PJ,same as 2050 for now,29.01.2025,Nikita Moskalenko <nim@wip.tu-berlin.de>
World,HLI_Biomass,1,2060,0.305555556,,MEUR/PJ,same as 2050 for now,29.01.2025,Nikita Moskalenko <nim@wip.tu-berlin.de>
World,X_Convert_HD,2,All,0.001,,MEUR/PJ,"dummy value, fuel costs come from upstream generation cost numbers",03.02.2026,Konstantin Loffler <kl@wip.tu-berlin.de>
World,X_Convert_HD,2,2055,0.001,,MEUR/PJ,same as 2050 for now,29.01.2025,Nikita Moskalenko <nim@wip.tu-berlin.de>
World,X_Convert_HD,2,2060,0.001,,MEUR/PJ,same as 2050 for now,29.01.2025,Nikita Moskalenko <nim@wip.tu-berlin.de>
World,HLI_Direct_Electric,1,2018,0.125,,MEUR/PJ,Energy Agency Denmark (2022): Electric boiler hot water 10kV,30.08.2024,Alena Diesing <ad@wip.tu-berlin.de>
World,HLI_Direct_Electric,1,2025,0.122079439,,MEUR/PJ,Energy Agency Denmark (2022): Electric boiler hot water 10kV,30.08.2024,Alena Diesing <ad@wip.tu-berlin.de>
World,HLI_Direct_Electric,1,2030,0.119158879,,MEUR/PJ,Energy Agency Denmark (2022): Electric boiler hot water 10kV,30.08.2024,Alena Diesing <ad@wip.tu-berlin.de>
World,HLI_Direct_Electric,1,2035,0.116238318,,MEUR/PJ,Energy Agency Denmark (2022): Electric boiler hot water 10kV,30.08.2024,Alena Diesing <ad@wip.tu-berlin.de>
World,HLI_Direct_Electric,1,2040,0.113317757,,MEUR/PJ,Energy Agency Denmark (2022): Electric boiler hot water 10kV,30.08.2024,Alena Diesing <ad@wip.tu-berlin.de>
World,HLI_Direct_Electric,1,2045,0.110397196,,MEUR/PJ,Energy Agency Denmark (2022): Electric boiler hot water 10kV,30.08.2024,Alena Diesing <ad@wip.tu-berlin.de>
World,HLI_Direct_Electric,1,2050,0.107476636,,MEUR/PJ,Energy Agency Denmark (2022): Electric boiler hot water 10kV,30.08.2024,Alena Diesing <ad@wip.tu-berlin.de>
World,HLI_Direct_Electric,1,2055,0.107476636,,MEUR/PJ,same as 2050 for now,29.01.2025,Nikita Moskalenko <nim@wip.tu-berlin.de>
World,HLI_Direct_Electric,1,2060,0.107476636,,MEUR/PJ,same as 2050 for now,29.01.2025,Nikita Moskalenko <nim@wip.tu-berlin.de>
World,HLI_Gas_Boiler,1,2018,0.277166667,,MEUR/PJ,Energy Agency Denmark (2022): Hot water boiler gas,30.08.2024,Alena Diesing <ad@wip.tu-berlin.de>
World,HLI_Gas_Boiler,1,2025,0.264972222,,MEUR/PJ,Energy Agency Denmark (2022): Hot water boiler gas,30.08.2024,Alena Diesing <ad@wip.tu-berlin.de>
World,HLI_Gas_Boiler,1,2030,0.252777778,,MEUR/PJ,Energy Agency Denmark (2022): Hot water boiler gas,30.08.2024,Alena Diesing <ad@wip.tu-berlin.de>
World,HLI_Gas_Boiler,1,2035,0.253666667,,MEUR/PJ,Energy Agency Denmark (2022): Hot water boiler gas,30.08.2024,Alena Diesing <ad@wip.tu-berlin.de>
World,HLI_Gas_Boiler,1,2040,0.254555556,,MEUR/PJ,Energy Agency Denmark (2022): Hot water boiler gas,30.08.2024,Alena Diesing <ad@wip.tu-berlin.de>
World,HLI_Gas_Boiler,1,2045,0.255611111,,MEUR/PJ,Energy Agency Denmark (2022): Hot water boiler gas,30.08.2024,Alena Diesing <ad@wip.tu-berlin.de>
World,HLI_Gas_Boiler,1,2050,0.256666667,,MEUR/PJ,Energy Agency Denmark (2022): Hot water boiler gas,30.08.2024,Alena Diesing <ad@wip.tu-berlin.de>
World,HLI_Gas_Boiler,1,2055,0.256666667,,MEUR/PJ,same as 2050 for now,29.01.2025,Nikita Moskalenko <nim@wip.tu-berlin.de>
World,HLI_Gas_Boiler,1,2060,0.256666667,,MEUR/PJ,same as 2050 for now,29.01.2025,Nikita Moskalenko <nim@wip.tu-berlin.de>
World,HLI_Geothermal,1,2018,1.683333333,,MEUR/PJ,"Geothermal DH, 1200m, E-https://ens.dk/en/our-services/technology-catalogues/technology-data-generation-electricity-and-district-heating",30.08.2024,Alena Diesing <ad@wip.tu-berlin.de>
World,HLI_Geothermal,1,2025,1.686111111,,MEUR/PJ,"Geothermal DH, 1200m, E-https://ens.dk/en/our-services/technology-catalogues/technology-data-generation-electricity-and-district-heating",30.08.2024,Alena Diesing <ad@wip.tu-berlin.de>
World,HLI_Geothermal,1,2030,1.811111111,,MEUR/PJ,"Geothermal DH, 1200m, E-https://ens.dk/en/our-services/technology-catalogues/technology-data-generation-electricity-and-district-heating",30.08.2024,Alena Diesing <ad@wip.tu-berlin.de>
World,HLI_Geothermal,1,2035,1.829166667,,MEUR/PJ,"Geothermal DH, 1200m, E-https://ens.dk/en/our-services/technology-catalogues/technology-data-generation-electricity-and-district-heating",30.08.2024,Alena Diesing <ad@wip.tu-berlin.de>
World,HLI_Geothermal,1,2040,1.847222222,,MEUR/PJ,"Geothermal DH, 1200m, E-https://ens.dk/en/our-services/technology-catalogues/technology-data-generation-electricity-and-district-heating",30.08.2024,Alena Diesing <ad@wip.tu-berlin.de>
World,HLI_Geothermal,1,2045,1.788888889,,MEUR/PJ,"Geothermal DH, 1200m, E-https://ens.dk/en/our-services/technology-catalogues/technology-data-generation-electricity-and-district-heating",30.08.2024,Alena Diesing <ad@wip.tu-berlin.de>
World,HLI_Geothermal,1,2050,1.730555556,,MEUR/PJ,"Geothermal DH, 1200m, E-https://ens.dk/en/our-services/technology-catalogues/technology-data-generation-electricity-and-district-heating",30.08.2024,Alena Diesing <ad@wip.tu-berlin.de>
World,HLI_Geothermal,1,2055,1.730555556,,MEUR/PJ,same as 2050 for now,29.01.2025,Nikita Moskalenko <nim@wip.tu-berlin.de>
World,HLI_Geothermal,1,2060,1.730555556,,MEUR/PJ,same as 2050 for now,29.01.2025,Nikita Moskalenko <nim@wip.tu-berlin.de>
World,HLI_H2_Boiler,1,2018,0.277166667,,MEUR/PJ,equal to  HLI_Gas_Boiler - Ricardo-AEA (2012),30.08.2024,Alena Diesing <ad@wip.tu-berlin.de>
World,HLI_H2_Boiler,1,2025,0.264972222,,MEUR/PJ,equal to  HLI_Gas_Boiler - Ricardo-AEA (2012),30.08.2024,Alena Diesing <ad@wip.tu-berlin.de>
World,HLI_H2_Boiler,1,2030,0.252777778,,MEUR/PJ,equal to  HLI_Gas_Boiler - Ricardo-AEA (2012),30.08.2024,Alena Diesing <ad@wip.tu-berlin.de>
World,HLI_H2_Boiler,1,2035,0.253666667,,MEUR/PJ,equal to  HLI_Gas_Boiler - Ricardo-AEA (2012),30.08.2024,Alena Diesing <ad@wip.tu-berlin.de>
World,HLI_H2_Boiler,1,2040,0.254555556,,MEUR/PJ,equal to  HLI_Gas_Boiler - Ricardo-AEA (2012),30.08.2024,Alena Diesing <ad@wip.tu-berlin.de>
World,HLI_H2_Boiler,1,2045,0.255611111,,MEUR/PJ,equal to  HLI_Gas_Boiler - Ricardo-AEA (2012),30.08.2024,Alena Diesing <ad@wip.tu-berlin.de>
World,HLI_H2_Boiler,1,2050,0.256666667,,MEUR/PJ,equal to  HLI_Gas_Boiler - Ricardo-AEA (2012),30.08.2024,Alena Diesing <ad@wip.tu-berlin.de>
World,HLI_H2_Boiler,1,2055,0.256666667,,MEUR/PJ,same as 2050 for now,29.01.2025,Nikita Moskalenko <nim@wip.tu-berlin.de>
World,HLI_H2_Boiler,1,2060,0.256666667,,MEUR/PJ,same as 2050 for now,29.01.2025,Nikita Moskalenko <nim@wip.tu-berlin.de>
World,HLI_Hardcoal,1,2018,0.305555556,,MEUR/PJ,Energy Agency Denmark (2022): Hot water boiler coal,30.08.2024,Alena Diesing <ad@wip.tu-berlin.de>
World,HLI_Hardcoal,1,2025,0.305555556,,MEUR/PJ,Energy Agency Denmark (2022): Hot water boiler coal,30.08.2024,Alena Diesing <ad@wip.tu-berlin.de>
World,HLI_Hardcoal,1,2030,0.305555556,,MEUR/PJ,Energy Agency Denmark (2022): Hot water boiler coal,30.08.2024,Alena Diesing <ad@wip.tu-berlin.de>
World,HLI_Hardcoal,1,2035,0.305555556,,MEUR/PJ,Energy Agency Denmark (2022): Hot water boiler coal,30.08.2024,Alena Diesing <ad@wip.tu-berlin.de>
World,HLI_Hardcoal,1,2040,0.305555556,,MEUR/PJ,Energy Agency Denmark (2022): Hot water boiler coal,30.08.2024,Alena Diesing <ad@wip.tu-berlin.de>
World,HLI_Hardcoal,1,2045,0.305555556,,MEUR/PJ,Energy Agency Denmark (2022): Hot water boiler coal,30.08.2024,Alena Diesing <ad@wip.tu-berlin.de>
World,HLI_Hardcoal,1,2050,0.305555556,,MEUR/PJ,Energy Agency Denmark (2022): Hot water boiler coal,30.08.2024,Alena Diesing <ad@wip.tu-berlin.de>
World,HLI_Hardcoal,1,2055,0.305555556,,MEUR/PJ,same as 2050 for now,29.01.2025,Nikita Moskalenko <nim@wip.tu-berlin.de>
World,HLI_Hardcoal,1,2060,0.305555556,,MEUR/PJ,same as 2050 for now,29.01.2025,Nikita Moskalenko <nim@wip.tu-berlin.de>
World,HLI_Lignite,1,2018,0.307655,,MEUR/PJ,111% of HLI_Hardcoal - https://energy.ec.europa.eu/data-and-analysis/energy-modelling/eu-reference-scenario-2020_en,30.08.2024,Alena Diesing <ad@wip.tu-berlin.de>
World,HLI_Lignite,1,2025,0.294119167,,MEUR/PJ,111% of HLI_Hardcoal - https://energy.ec.europa.eu/data-and-analysis/energy-modelling/eu-reference-scenario-2020_en,31.08.2024,Alena Diesing <ad@wip.tu-berlin.de>
World,HLI_Lignite,1,2030,0.280583333,,MEUR/PJ,111% of HLI_Hardcoal - https://energy.ec.europa.eu/data-and-analysis/energy-modelling/eu-reference-scenario-2020_en,01.09.2024,Alena Diesing <ad@wip.tu-berlin.de>
World,HLI_Lignite,1,2035,0.28157,,MEUR/PJ,111% of HLI_Hardcoal - https://energy.ec.europa.eu/data-and-analysis/energy-modelling/eu-reference-scenario-2020_en,02.09.2024,Alena Diesing <ad@wip.tu-berlin.de>
World,HLI_Lignite,1,2040,0.282556667,,MEUR/PJ,111% of HLI_Hardcoal - https://energy.ec.europa.eu/data-and-analysis/energy-modelling/eu-reference-scenario-2020_en,03.09.2024,Alena Diesing <ad@wip.tu-berlin.de>
World,HLI_Lignite,1,2045,0.283728333,,MEUR/PJ,111% of HLI_Hardcoal - https://energy.ec.europa.eu/data-and-analysis/energy-modelling/eu-reference-scenario-2020_en,04.09.2024,Alena Diesing <ad@wip.tu-berlin.de>
World,HLI_Lignite,1,2050,0.2849,,MEUR/PJ,111% of HLI_Hardcoal - https://energy.ec.europa.eu/data-and-analysis/energy-modelling/eu-reference-scenario-2020_en,05.09.2024,Alena Diesing <ad@wip.tu-berlin.de>
World,HLI_Lignite,1,2055,0.2849,,MEUR/PJ,same as 2050 for now,29.01.2025,Nikita Moskalenko <nim@wip.tu-berlin.de>
World,HLI_Lignite,1,2060,0.2849,,MEUR/PJ,same as 2050 for now,29.01.2025,Nikita Moskalenko <nim@wip.tu-berlin.de>
World,HLI_Oil_Boiler,1,2018,0.249388889,,MEUR/PJ,Energy Agency Denmark (2022): Hot water boiler oil,30.08.2024,Alena Diesing <ad@wip.tu-berlin.de>
World,HLI_Oil_Boiler,1,2025,0.237194444,,MEUR/PJ,Energy Agency Denmark (2022): Hot water boiler oil,30.08.2024,Alena Diesing <ad@wip.tu-berlin.de>
World,HLI_Oil_Boiler,1,2030,0.225,,MEUR/PJ,Energy Agency Denmark (2022): Hot water boiler oil,30.08.2024,Alena Diesing <ad@wip.tu-berlin.de>
World,HLI_Oil_Boiler,1,2035,0.225888889,,MEUR/PJ,Energy Agency Denmark (2022): Hot water boiler oil,30.08.2024,Alena Diesing <ad@wip.tu-berlin.de>
World,HLI_Oil_Boiler,1,2040,0.226777778,,MEUR/PJ,Energy Agency Denmark (2022): Hot water boiler oil,30.08.2024,Alena Diesing <ad@wip.tu-berlin.de>
World,HLI_Oil_Boiler,1,2045,0.227833333,,MEUR/PJ,Energy Agency Denmark (2022): Hot water boiler oil,30.08.2024,Alena Diesing <ad@wip.tu-berlin.de>
World,HLI_Oil_Boiler,1,2050,0.228888889,,MEUR/PJ,Energy Agency Denmark (2022): Hot water boiler oil,30.08.2024,Alena Diesing <ad@wip.tu-berlin.de>
World,HLI_Oil_Boiler,1,2055,0.228888889,,MEUR/PJ,same as 2050 for now,29.01.2025,Nikita Moskalenko <nim@wip.tu-berlin.de>
World,HLI_Oil_Boiler,1,2060,0.228888889,,MEUR/PJ,same as 2050 for now,29.01.2025,Nikita Moskalenko <nim@wip.tu-berlin.de>
World,HLI_Solar_Thermal,1,2018,0.001,,MEUR/PJ,solar heating - https://ens.dk/en/our-services/technology-catalogues/technology-data-individual-heating-plants,20.08.2024,Alena Diesing <ad@wip.tu-berlin.de>
World,HLI_Solar_Thermal,1,2025,0.001,,MEUR/PJ,solar heating - https://ens.dk/en/our-services/technology-catalogues/technology-data-individual-heating-plants,20.08.2024,Alena Diesing <ad@wip.tu-berlin.de>
World,HLI_Solar_Thermal,1,2030,0.001,,MEUR/PJ,solar heating - https://ens.dk/en/our-services/technology-catalogues/technology-data-individual-heating-plants,20.08.2024,Alena Diesing <ad@wip.tu-berlin.de>
World,HLI_Solar_Thermal,1,2035,0.001,,MEUR/PJ,solar heating - https://ens.dk/en/our-services/technology-catalogues/technology-data-individual-heating-plants,20.08.2024,Alena Diesing <ad@wip.tu-berlin.de>
World,HLI_Solar_Thermal,1,2040,0.001,,MEUR/PJ,solar heating - https://ens.dk/en/our-services/technology-catalogues/technology-data-individual-heating-plants,20.08.2024,Alena Diesing <ad@wip.tu-berlin.de>
World,HLI_Solar_Thermal,1,2045,0.001,,MEUR/PJ,solar heating - https://ens.dk/en/our-services/technology-catalogues/technology-data-individual-heating-plants,20.08.2024,Alena Diesing <ad@wip.tu-berlin.de>
World,HLI_Solar_Thermal,1,2050,0.001,,MEUR/PJ,solar heating - https://ens.dk/en/our-services/technology-catalogues/technology-data-individual-heating-plants,20.08.2024,Alena Diesing <ad@wip.tu-berlin.de>
World,HLI_Solar_Thermal,1,2055,0.001,,MEUR/PJ,same as 2050 for now,29.01.2025,Nikita Moskalenko <nim@wip.tu-berlin.de>
World,HLI_Solar_Thermal,1,2060,0.001,,MEUR/PJ,same as 2050 for now,29.01.2025,Nikita Moskalenko <nim@wip.tu-berlin.de>
World,HMHI_Biomass,1,2018,0.305555556,,MEUR/PJ,Energy Agency Denmark (2022): Steam boiler wood,30.08.2024,Alena Diesing <ad@wip.tu-berlin.de>
World,HMHI_Biomass,1,2025,0.305555556,,MEUR/PJ,Energy Agency Denmark (2022): Steam boiler wood,30.08.2024,Alena Diesing <ad@wip.tu-berlin.de>
World,HMHI_Biomass,1,2030,0.305555556,,MEUR/PJ,Energy Agency Denmark (2022): Steam boiler wood,30.08.2024,Alena Diesing <ad@wip.tu-berlin.de>
World,HMHI_Biomass,1,2035,0.305555556,,MEUR/PJ,Energy Agency Denmark (2022): Steam boiler wood,30.08.2024,Alena Diesing <ad@wip.tu-berlin.de>
World,HMHI_Biomass,1,2040,0.305555556,,MEUR/PJ,Energy Agency Denmark (2022): Steam boiler wood,30.08.2024,Alena Diesing <ad@wip.tu-berlin.de>
World,HMHI_Biomass,1,2045,0.305555556,,MEUR/PJ,Energy Agency Denmark (2022): Steam boiler wood,30.08.2024,Alena Diesing <ad@wip.tu-berlin.de>
World,HMHI_Biomass,1,2050,0.305555556,,MEUR/PJ,Energy Agency Denmark (2022): Steam boiler wood,30.08.2024,Alena Diesing <ad@wip.tu-berlin.de>
World,HMHI_Biomass,1,2055,0.305555556,,MEUR/PJ,same as 2050 for now,29.01.2025,Nikita Moskalenko <nim@wip.tu-berlin.de>
World,HMHI_Biomass,1,2060,0.305555556,,MEUR/PJ,same as 2050 for now,29.01.2025,Nikita Moskalenko <nim@wip.tu-berlin.de>
World,HMHI_Gas,1,2018,0.277166667,,MEUR/PJ,Energy Agency Denmark (2022): Steam boiler gas,30.08.2024,Alena Diesing <ad@wip.tu-berlin.de>
World,HMHI_Gas,1,2025,0.264972222,,MEUR/PJ,Energy Agency Denmark (2022): Steam boiler gas,30.08.2024,Alena Diesing <ad@wip.tu-berlin.de>
World,HMHI_Gas,1,2030,0.252777778,,MEUR/PJ,Energy Agency Denmark (2022): Steam boiler gas,30.08.2024,Alena Diesing <ad@wip.tu-berlin.de>
World,HMHI_Gas,1,2035,0.253666667,,MEUR/PJ,Energy Agency Denmark (2022): Steam boiler gas,30.08.2024,Alena Diesing <ad@wip.tu-berlin.de>
World,HMHI_Gas,1,2040,0.254555556,,MEUR/PJ,Energy Agency Denmark (2022): Steam boiler gas,30.08.2024,Alena Diesing <ad@wip.tu-berlin.de>
World,HMHI_Gas,1,2045,0.255611111,,MEUR/PJ,Energy Agency Denmark (2022): Steam boiler gas,30.08.2024,Alena Diesing <ad@wip.tu-berlin.de>
World,HMHI_Gas,1,2050,0.256666667,,MEUR/PJ,Energy Agency Denmark (2022): Steam boiler gas,30.08.2024,Alena Diesing <ad@wip.tu-berlin.de>
World,HMHI_Gas,1,2055,0.256666667,,MEUR/PJ,same as 2050 for now,29.01.2025,Nikita Moskalenko <nim@wip.tu-berlin.de>
World,HMHI_Gas,1,2060,0.256666667,,MEUR/PJ,same as 2050 for now,29.01.2025,Nikita Moskalenko <nim@wip.tu-berlin.de>
World,HMHI_H2,1,2018,0.277166667,,MEUR/PJ,equal to HMI_Gas - Ricardo-AEA (2012),30.08.2024,Alena Diesing <ad@wip.tu-berlin.de>
World,HMHI_H2,1,2025,0.264972222,,MEUR/PJ,equal to HMI_Gas - Ricardo-AEA (2012),30.08.2024,Alena Diesing <ad@wip.tu-berlin.de>
World,HMHI_H2,1,2030,0.252777778,,MEUR/PJ,equal to HMI_Gas - Ricardo-AEA (2012),30.08.2024,Alena Diesing <ad@wip.tu-berlin.de>
World,HMHI_H2,1,2035,0.253666667,,MEUR/PJ,equal to HMI_Gas - Ricardo-AEA (2012),30.08.2024,Alena Diesing <ad@wip.tu-berlin.de>
World,HMHI_H2,1,2040,0.254555556,,MEUR/PJ,equal to HMI_Gas - Ricardo-AEA (2012),30.08.2024,Alena Diesing <ad@wip.tu-berlin.de>
World,HMHI_H2,1,2045,0.255611111,,MEUR/PJ,equal to HMI_Gas - Ricardo-AEA (2012),30.08.2024,Alena Diesing <ad@wip.tu-berlin.de>
World,HMHI_H2,1,2050,0.256666667,,MEUR/PJ,equal to HMI_Gas - Ricardo-AEA (2012),30.08.2024,Alena Diesing <ad@wip.tu-berlin.de>
World,HMHI_H2,1,2055,0.256666667,,MEUR/PJ,same as 2050 for now,29.01.2025,Nikita Moskalenko <nim@wip.tu-berlin.de>
World,HMHI_H2,1,2060,0.256666667,,MEUR/PJ,same as 2050 for now,29.01.2025,Nikita Moskalenko <nim@wip.tu-berlin.de>
World,HMHI_HardCoal,1,2018,0.305555556,,MEUR/PJ,Energy Agency Denmark (2022): Steam boiler Coal,30.08.2024,Alena Diesing <ad@wip.tu-berlin.de>
World,HMHI_HardCoal,1,2025,0.305555556,,MEUR/PJ,Energy Agency Denmark (2022): Steam boiler Coal,30.08.2024,Alena Diesing <ad@wip.tu-berlin.de>
World,HMHI_HardCoal,1,2030,0.305555556,,MEUR/PJ,Energy Agency Denmark (2022): Steam boiler Coal,30.08.2024,Alena Diesing <ad@wip.tu-berlin.de>
World,HMHI_HardCoal,1,2035,0.305555556,,MEUR/PJ,Energy Agency Denmark (2022): Steam boiler Coal,30.08.2024,Alena Diesing <ad@wip.tu-berlin.de>
World,HMHI_HardCoal,1,2040,0.305555556,,MEUR/PJ,Energy Agency Denmark (2022): Steam boiler Coal,30.08.2024,Alena Diesing <ad@wip.tu-berlin.de>
World,HMHI_HardCoal,1,2045,0.305555556,,MEUR/PJ,Energy Agency Denmark (2022): Steam boiler Coal,30.08.2024,Alena Diesing <ad@wip.tu-berlin.de>
World,HMHI_HardCoal,1,2050,0.305555556,,MEUR/PJ,Energy Agency Denmark (2022): Steam boiler Coal,30.08.2024,Alena Diesing <ad@wip.tu-berlin.de>
World,HMHI_HardCoal,1,2055,0.305555556,,MEUR/PJ,same as 2050 for now,29.01.2025,Nikita Moskalenko <nim@wip.tu-berlin.de>
World,HMHI_HardCoal,1,2060,0.305555556,,MEUR/PJ,same as 2050 for now,29.01.2025,Nikita Moskalenko <nim@wip.tu-berlin.de>
World,HMHI_Oil,1,2018,0.249388889,,MEUR/PJ,Energy Agency Denmark (2022): Steam boiler Oil,30.08.2024,Alena Diesing <ad@wip.tu-berlin.de>
World,HMHI_Oil,1,2025,0.237194444,,MEUR/PJ,Energy Agency Denmark (2022): Steam boiler Oil,30.08.2024,Alena Diesing <ad@wip.tu-berlin.de>
World,HMHI_Oil,1,2030,0.225,,MEUR/PJ,Energy Agency Denmark (2022): Steam boiler Oil,30.08.2024,Alena Diesing <ad@wip.tu-berlin.de>
World,HMHI_Oil,1,2035,0.225888889,,MEUR/PJ,Energy Agency Denmark (2022): Steam boiler Oil,30.08.2024,Alena Diesing <ad@wip.tu-berlin.de>
World,HMHI_Oil,1,2040,0.226777778,,MEUR/PJ,Energy Agency Denmark (2022): Steam boiler Oil,30.08.2024,Alena Diesing <ad@wip.tu-berlin.de>
World,HMHI_Oil,1,2045,0.227833333,,MEUR/PJ,Energy Agency Denmark (2022): Steam boiler Oil,30.08.2024,Alena Diesing <ad@wip.tu-berlin.de>
World,HMHI_Oil,1,2050,0.228888889,,MEUR/PJ,Energy Agency Denmark (2022): Steam boiler Oil,30.08.2024,Alena Diesing <ad@wip.tu-berlin.de>
World,HMHI_Oil,1,2055,0.228888889,,MEUR/PJ,same as 2050 for now,29.01.2025,Nikita Moskalenko <nim@wip.tu-berlin.de>
World,HMHI_Oil,1,2060,0.228888889,,MEUR/PJ,same as 2050 for now,29.01.2025,Nikita Moskalenko <nim@wip.tu-berlin.de>
World,HMHI_Steam_Electric,1,2018,1.10745,,MEUR/PJ,Energy Agency Denmark (2022): Electric boiler steam 10kV,30.08.2024,Alena Diesing <ad@wip.tu-berlin.de>
World,HMHI_Steam_Electric,1,2025,1.081575,,MEUR/PJ,Energy Agency Denmark (2022): Electric boiler steam 10kV,30.08.2024,Alena Diesing <ad@wip.tu-berlin.de>
World,HMHI_Steam_Electric,1,2030,1.0557,,MEUR/PJ,Energy Agency Denmark (2022): Electric boiler steam 10kV,30.08.2024,Alena Diesing <ad@wip.tu-berlin.de>
World,HMHI_Steam_Electric,1,2035,1.029825,,MEUR/PJ,Energy Agency Denmark (2022): Electric boiler steam 10kV,30.08.2024,Alena Diesing <ad@wip.tu-berlin.de>
World,HMHI_Steam_Electric,1,2040,1.00395,,MEUR/PJ,Energy Agency Denmark (2022): Electric boiler steam 10kV,30.08.2024,Alena Diesing <ad@wip.tu-berlin.de>
World,HMHI_Steam_Electric,1,2045,0.978075,,MEUR/PJ,Energy Agency Denmark (2022): Electric boiler steam 10kV,30.08.2024,Alena Diesing <ad@wip.tu-berlin.de>
World,HMHI_Steam_Electric,1,2050,0.9522,,MEUR/PJ,Energy Agency Denmark (2022): Electric boiler steam 10kV,30.08.2024,Alena Diesing <ad@wip.tu-berlin.de>
World,HMHI_Steam_Electric,1,2055,0.9522,,MEUR/PJ,same as 2050 for now,29.01.2025,Nikita Moskalenko <nim@wip.tu-berlin.de>
World,HMHI_Steam_Electric,1,2060,0.9522,,MEUR/PJ,same as 2050 for now,29.01.2025,Nikita Moskalenko <nim@wip.tu-berlin.de>
World,PSNG_Air_Bio,1,All,0.001,,MEUR/PJ,"dummy value, fuel costs come from upstream generation cost numbers",03.02.2026,Konstantin Loffler <kl@wip.tu-berlin.de>
World,PSNG_Air_Bio,1,2055,0.001,,MEUR/PJ,same as 2050 for now,29.01.2025,Nikita Moskalenko <nim@wip.tu-berlin.de>
World,PSNG_Air_Bio,1,2060,0.001,,MEUR/PJ,same as 2050 for now,29.01.2025,Nikita Moskalenko <nim@wip.tu-berlin.de>
World,PSNG_Air_Conv,1,All,0.001,,MEUR/PJ,"dummy value, fuel costs come from upstream generation cost numbers",03.02.2026,Konstantin Loffler <kl@wip.tu-berlin.de>
World,PSNG_Air_Conv,1,2055,0.001,,MEUR/PJ,same as 2050 for now,29.01.2025,Nikita Moskalenko <nim@wip.tu-berlin.de>
World,PSNG_Air_Conv,1,2060,0.001,,MEUR/PJ,same as 2050 for now,29.01.2025,Nikita Moskalenko <nim@wip.tu-berlin.de>
World,PSNG_Air_H2,1,All,0.001,,MEUR/PJ,"dummy value, fuel costs come from upstream generation cost numbers",03.02.2026,Konstantin Loffler <kl@wip.tu-berlin.de>
World,PSNG_Air_H2,1,2055,0.001,,MEUR/PJ,same as 2050 for now,29.01.2025,Nikita Moskalenko <nim@wip.tu-berlin.de>
World,PSNG_Air_H2,1,2060,0.001,,MEUR/PJ,same as 2050 for now,29.01.2025,Nikita Moskalenko <nim@wip.tu-berlin.de>
World,PSNG_Rail_Conv,1,All,0.001,,MEUR/PJ,"dummy value, fuel costs come from upstream generation cost numbers",03.02.2026,Konstantin Loffler <kl@wip.tu-berlin.de>
World,PSNG_Rail_Conv,1,2055,0.001,,MEUR/PJ,same as 2050 for now,29.01.2025,Nikita Moskalenko <nim@wip.tu-berlin.de>
World,PSNG_Rail_Conv,1,2060,0.001,,MEUR/PJ,same as 2050 for now,29.01.2025,Nikita Moskalenko <nim@wip.tu-berlin.de>
World,PSNG_Rail_Electric,1,All,0.001,,MEUR/PJ,"dummy value, fuel costs come from upstream generation cost numbers",03.02.2026,Konstantin Loffler <kl@wip.tu-berlin.de>
World,PSNG_Rail_Electric,1,2055,0.001,,MEUR/PJ,same as 2050 for now,29.01.2025,Nikita Moskalenko <nim@wip.tu-berlin.de>
World,PSNG_Rail_Electric,1,2060,0.001,,MEUR/PJ,same as 2050 for now,29.01.2025,Nikita Moskalenko <nim@wip.tu-berlin.de>
World,PSNG_Road_BEV,1,All,0.001,,MEUR/PJ,"dummy value, fuel costs come from upstream generation cost numbers",03.02.2026,Konstantin Loffler <kl@wip.tu-berlin.de>
World,PSNG_Road_BEV,1,2055,0.001,,MEUR/PJ,same as 2050 for now,29.01.2025,Nikita Moskalenko <nim@wip.tu-berlin.de>
World,PSNG_Road_BEV,1,2060,0.001,,MEUR/PJ,same as 2050 for now,29.01.2025,Nikita Moskalenko <nim@wip.tu-berlin.de>
World,PSNG_Road_H2,1,All,0.001,,MEUR/PJ,"dummy value, fuel costs come from upstream generation cost numbers",03.02.2026,Konstantin Loffler <kl@wip.tu-berlin.de>
World,PSNG_Road_H2,1,2055,0.001,,MEUR/PJ,same as 2050 for now,29.01.2025,Nikita Moskalenko <nim@wip.tu-berlin.de>
World,PSNG_Road_H2,1,2060,0.001,,MEUR/PJ,same as 2050 for now,29.01.2025,Nikita Moskalenko <nim@wip.tu-berlin.de>
World,PSNG_Road_ICE,1,All,0.001,,MEUR/PJ,"dummy value, fuel costs come from upstream generation cost numbers",03.02.2026,Konstantin Loffler <kl@wip.tu-berlin.de>
World,PSNG_Road_ICE,1,2055,0.001,,MEUR/PJ,same as 2050 for now,29.01.2025,Nikita Moskalenko <nim@wip.tu-berlin.de>
World,PSNG_Road_ICE,1,2060,0.001,,MEUR/PJ,same as 2050 for now,29.01.2025,Nikita Moskalenko <nim@wip.tu-berlin.de>
World,PSNG_Road_PHEV,1,All,0.001,,MEUR/PJ,"dummy value, fuel costs come from upstream generation cost numbers",03.02.2026,Konstantin Loffler <kl@wip.tu-berlin.de>
World,PSNG_Road_PHEV,1,2055,0.001,,MEUR/PJ,same as 2050 for now,29.01.2025,Nikita Moskalenko <nim@wip.tu-berlin.de>
World,PSNG_Road_PHEV,1,2060,0.001,,MEUR/PJ,same as 2050 for now,29.01.2025,Nikita Moskalenko <nim@wip.tu-berlin.de>
World,P_Biomass,1,2018,0.98968,,MEUR/PJ,,,
World,P_Biomass,1,2020,0.98968,,MEUR/PJ,,,
World,P_Biomass,1,2021,0.98968,,MEUR/PJ,Steam turbine biomass solid conventional-https://energy.ec.europa.eu/data-and-analysis/energy-modelling/eu-reference-scenario-2020_en,20.08.2024,Alena Diesing <ad@wip.tu-berlin.de>
World,P_Biomass,1,2025,0.98968,,MEUR/PJ,Steam turbine biomass solid conventional-https://energy.ec.europa.eu/data-and-analysis/energy-modelling/eu-reference-scenario-2020_en,20.08.2024,Alena Diesing <ad@wip.tu-berlin.de>
World,P_Biomass,1,2030,0.98968,,MEUR/PJ,Steam turbine biomass solid conventional-https://energy.ec.europa.eu/data-and-analysis/energy-modelling/eu-reference-scenario-2020_en,20.08.2024,Alena Diesing <ad@wip.tu-berlin.de>
World,P_Biomass,1,2035,0.98968,,MEUR/PJ,Steam turbine biomass solid conventional-https://energy.ec.europa.eu/data-and-analysis/energy-modelling/eu-reference-scenario-2020_en,20.08.2024,Alena Diesing <ad@wip.tu-berlin.de>
World,P_Biomass,1,2040,0.98968,,MEUR/PJ,Steam turbine biomass solid conventional-https://energy.ec.europa.eu/data-and-analysis/energy-modelling/eu-reference-scenario-2020_en,20.08.2024,Alena Diesing <ad@wip.tu-berlin.de>
World,P_Biomass,1,2045,0.98968,,MEUR/PJ,Steam turbine biomass solid conventional-https://energy.ec.europa.eu/data-and-analysis/energy-modelling/eu-reference-scenario-2020_en,20.08.2024,Alena Diesing <ad@wip.tu-berlin.de>
World,P_Biomass,1,2050,0.98968,,MEUR/PJ,Steam turbine biomass solid conventional-https://energy.ec.europa.eu/data-and-analysis/energy-modelling/eu-reference-scenario-2020_en,20.08.2024,Alena Diesing <ad@wip.tu-berlin.de>
World,P_Biomass,1,2055,0.98968,,MEUR/PJ,same as 2050 for now,29.01.2025,Nikita Moskalenko <nim@wip.tu-berlin.de>
World,P_Biomass,1,2060,0.98968,,MEUR/PJ,same as 2050 for now,29.01.2025,Nikita Moskalenko <nim@wip.tu-berlin.de>
World,P_CSP,1,2018,0.001,,MEUR/PJ,CSP (solar field- parabolic trough) Table 1.7 High cost of slow energy transitions for emerging countries: On the case of Egypt's pathway options Appendix A Supplementary data,08.09.2023,Luka Garibashvili <lukaga@stud.ntnu.no>
World,P_CSP,1,2020,0.001,,MEUR/PJ,CSP (solar field- parabolic trough) Table 1.7 High cost of slow energy transitions for emerging countries: On the case of Egypt's pathway options Appendix A Supplementary data,08.09.2023,Luka Garibashvili <lukaga@stud.ntnu.no>
World,P_CSP,1,2021,0.001,,MEUR/PJ,CSP (solar field- parabolic trough) Table 1.7 High cost of slow energy transitions for emerging countries: On the case of Egypt's pathway options Appendix A Supplementary data,08.09.2023,Luka Garibashvili <lukaga@stud.ntnu.no>
World,P_CSP,1,2025,0.001,,MEUR/PJ,CSP (solar field- parabolic trough) Table 1.7 High cost of slow energy transitions for emerging countries: On the case of Egypt's pathway options Appendix A Supplementary data,08.09.2023,Luka Garibashvili <lukaga@stud.ntnu.no>
World,P_CSP,1,2030,0.001,,MEUR/PJ,CSP (solar field- parabolic trough) Table 1.7 High cost of slow energy transitions for emerging countries: On the case of Egypt's pathway options Appendix A Supplementary data,08.09.2023,Luka Garibashvili <lukaga@stud.ntnu.no>
World,P_CSP,1,2035,0.001,,MEUR/PJ,CSP (solar field- parabolic trough) Table 1.7 High cost of slow energy transitions for emerging countries: On the case of Egypt's pathway options Appendix A Supplementary data,08.09.2023,Luka Garibashvili <lukaga@stud.ntnu.no>
World,P_CSP,1,2040,0.001,,MEUR/PJ,CSP (solar field- parabolic trough) Table 1.7 High cost of slow energy transitions for emerging countries: On the case of Egypt's pathway options Appendix A Supplementary data,08.09.2023,Luka Garibashvili <lukaga@stud.ntnu.no>
World,P_CSP,1,2045,0.001,,MEUR/PJ,CSP (solar field- parabolic trough) Table 1.7 High cost of slow energy transitions for emerging countries: On the case of Egypt's pathway options Appendix A Supplementary data,08.09.2023,Luka Garibashvili <lukaga@stud.ntnu.no>
World,P_CSP,1,2050,0.001,,MEUR/PJ,CSP (solar field- parabolic trough) Table 1.7 High cost of slow energy transitions for emerging countries: On the case of Egypt's pathway options Appendix A Supplementary data,08.09.2023,Luka Garibashvili <lukaga@stud.ntnu.no>
World,P_CSP,1,2055,0.001,,MEUR/PJ,same as 2050 for now,29.01.2025,Nikita Moskalenko <nim@wip.tu-berlin.de>
World,P_CSP,1,2060,0.001,,MEUR/PJ,same as 2050 for now,29.01.2025,Nikita Moskalenko <nim@wip.tu-berlin.de>
World,P_Coal_Hardcoal,1,2018,0.6672,,MEUR/PJ,,,
World,P_Coal_Hardcoal,1,2020,0.6672,,MEUR/PJ,,,
World,P_Coal_Hardcoal,1,2021,0.6672,,MEUR/PJ,Steam turbine coal supercritical--https://energy.ec.europa.eu/data-and-analysis/energy-modelling/eu-reference-scenario-2020_en,20.08.2024,Alena Diesing <ad@wip.tu-berlin.de>
World,P_Coal_Hardcoal,1,2025,0.6672,,MEUR/PJ,Steam turbine coal supercritical--https://energy.ec.europa.eu/data-and-analysis/energy-modelling/eu-reference-scenario-2020_en,20.08.2024,Alena Diesing <ad@wip.tu-berlin.de>
World,P_Coal_Hardcoal,1,2030,0.6672,,MEUR/PJ,Steam turbine coal supercritical--https://energy.ec.europa.eu/data-and-analysis/energy-modelling/eu-reference-scenario-2020_en,20.08.2024,Alena Diesing <ad@wip.tu-berlin.de>
World,P_Coal_Hardcoal,1,2035,0.6672,,MEUR/PJ,Steam turbine coal supercritical--https://energy.ec.europa.eu/data-and-analysis/energy-modelling/eu-reference-scenario-2020_en,20.08.2024,Alena Diesing <ad@wip.tu-berlin.de>
World,P_Coal_Hardcoal,1,2040,0.6672,,MEUR/PJ,Steam turbine coal supercritical--https://energy.ec.europa.eu/data-and-analysis/energy-modelling/eu-reference-scenario-2020_en,20.08.2024,Alena Diesing <ad@wip.tu-berlin.de>
World,P_Coal_Hardcoal,1,2045,0.6672,,MEUR/PJ,Steam turbine coal supercritical--https://energy.ec.europa.eu/data-and-analysis/energy-modelling/eu-reference-scenario-2020_en,20.08.2024,Alena Diesing <ad@wip.tu-berlin.de>
World,P_Coal_Hardcoal,1,2050,0.6672,,MEUR/PJ,Steam turbine coal supercritical--https://energy.ec.europa.eu/data-and-analysis/energy-modelling/eu-reference-scenario-2020_en,20.08.2024,Alena Diesing <ad@wip.tu-berlin.de>
World,P_Coal_Hardcoal,1,2055,0.6672,,MEUR/PJ,same as 2050 for now,29.01.2025,Nikita Moskalenko <nim@wip.tu-berlin.de>
World,P_Coal_Hardcoal,1,2060,0.6672,,MEUR/PJ,same as 2050 for now,29.01.2025,Nikita Moskalenko <nim@wip.tu-berlin.de>
World,P_Coal_Lignite,1,2018,0.834,,MEUR/PJ,,,
World,P_Coal_Lignite,1,2020,0.834,,MEUR/PJ,,,
World,P_Coal_Lignite,1,2021,0.834,,MEUR/PJ,Steam turbine lignite supercritical-https://energy.ec.europa.eu/data-and-analysis/energy-modelling/eu-reference-scenario-2020_en,20.08.2024,Alena Diesing <ad@wip.tu-berlin.de>
World,P_Coal_Lignite,1,2025,0.834,,MEUR/PJ,Steam turbine lignite supercritical-https://energy.ec.europa.eu/data-and-analysis/energy-modelling/eu-reference-scenario-2020_en,20.08.2024,Alena Diesing <ad@wip.tu-berlin.de>
World,P_Coal_Lignite,1,2030,0.834,,MEUR/PJ,Steam turbine lignite supercritical-https://energy.ec.europa.eu/data-and-analysis/energy-modelling/eu-reference-scenario-2020_en,20.08.2024,Alena Diesing <ad@wip.tu-berlin.de>
World,P_Coal_Lignite,1,2035,0.834,,MEUR/PJ,Steam turbine lignite supercritical-https://energy.ec.europa.eu/data-and-analysis/energy-modelling/eu-reference-scenario-2020_en,20.08.2024,Alena Diesing <ad@wip.tu-berlin.de>
World,P_Coal_Lignite,1,2040,0.834,,MEUR/PJ,Steam turbine lignite supercritical-https://energy.ec.europa.eu/data-and-analysis/energy-modelling/eu-reference-scenario-2020_en,20.08.2024,Alena Diesing <ad@wip.tu-berlin.de>
World,P_Coal_Lignite,1,2045,0.834,,MEUR/PJ,Steam turbine lignite supercritical-https://energy.ec.europa.eu/data-and-analysis/energy-modelling/eu-reference-scenario-2020_en,20.08.2024,Alena Diesing <ad@wip.tu-berlin.de>
World,P_Coal_Lignite,1,2050,0.834,,MEUR/PJ,Steam turbine lignite supercritical-https://energy.ec.europa.eu/data-and-analysis/energy-modelling/eu-reference-scenario-2020_en,20.08.2024,Alena Diesing <ad@wip.tu-berlin.de>
World,P_Coal_Lignite,1,2055,0.834,,MEUR/PJ,same as 2050 for now,29.01.2025,Nikita Moskalenko <nim@wip.tu-berlin.de>
World,P_Coal_Lignite,1,2060,0.834,,MEUR/PJ,same as 2050 for now,29.01.2025,Nikita Moskalenko <nim@wip.tu-berlin.de>
World,P_Gas_CCGT,1,2018,1.3,,MEUR/PJ,Gas Turbine combined cycle extraction natural gas large - https://ens.dk/en/our-services/technology-catalogues/technology-data-generation-electricity-and-district-heating,,Alena Diesing <ad@wip.tu-berlin.de>
World,P_Gas_CCGT,1,2025,1.27,,MEUR/PJ,Gas Turbine combined cycle extraction natural gas large - https://ens.dk/en/our-services/technology-catalogues/technology-data-generation-electricity-and-district-heating,,Alena Diesing <ad@wip.tu-berlin.de>
World,P_Gas_CCGT,1,2030,1.24,,MEUR/PJ,Gas Turbine combined cycle extraction natural gas large - https://ens.dk/en/our-services/technology-catalogues/technology-data-generation-electricity-and-district-heating,,Alena Diesing <ad@wip.tu-berlin.de>
World,P_Gas_CCGT,1,2035,1.23,,MEUR/PJ,Gas Turbine combined cycle extraction natural gas large - https://ens.dk/en/our-services/technology-catalogues/technology-data-generation-electricity-and-district-heating,,Alena Diesing <ad@wip.tu-berlin.de>
World,P_Gas_CCGT,1,2040,1.21,,MEUR/PJ,Gas Turbine combined cycle extraction natural gas large - https://ens.dk/en/our-services/technology-catalogues/technology-data-generation-electricity-and-district-heating,,Alena Diesing <ad@wip.tu-berlin.de>
World,P_Gas_CCGT,1,2045,1.2,,MEUR/PJ,Gas Turbine combined cycle extraction natural gas large - https://ens.dk/en/our-services/technology-catalogues/technology-data-generation-electricity-and-district-heating,,Alena Diesing <ad@wip.tu-berlin.de>
World,P_Gas_CCGT,1,2050,1.18,,MEUR/PJ,Gas Turbine combined cycle extraction natural gas large - https://ens.dk/en/our-services/technology-catalogues/technology-data-generation-electricity-and-district-heating,,Alena Diesing <ad@wip.tu-berlin.de>
World,P_Gas_CCGT,1,2055,1.18,,MEUR/PJ,same as 2050 for now,29.01.2025,Nikita Moskalenko <nim@wip.tu-berlin.de>
World,P_Gas_CCGT,1,2060,1.18,,MEUR/PJ,same as 2050 for now,29.01.2025,Nikita Moskalenko <nim@wip.tu-berlin.de>
World,P_Gas_Engines,1,2018,1.6,,MEUR/PJ,Gas engine natural gas- https://ens.dk/en/our-services/technology-catalogues/technology-data-generation-electricity-and-district-heating,,Alena Diesing <ad@wip.tu-berlin.de>
World,P_Gas_Engines,1,2025,1.56,,MEUR/PJ,Gas engine natural gas- https://ens.dk/en/our-services/technology-catalogues/technology-data-generation-electricity-and-district-heating,,Alena Diesing <ad@wip.tu-berlin.de>
World,P_Gas_Engines,1,2030,1.51,,MEUR/PJ,Gas engine natural gas- https://ens.dk/en/our-services/technology-catalogues/technology-data-generation-electricity-and-district-heating,,Alena Diesing <ad@wip.tu-berlin.de>
World,P_Gas_Engines,1,2035,1.5,,MEUR/PJ,Gas engine natural gas- https://ens.dk/en/our-services/technology-catalogues/technology-data-generation-electricity-and-district-heating,,Alena Diesing <ad@wip.tu-berlin.de>
World,P_Gas_Engines,1,2040,1.48,,MEUR/PJ,Gas engine natural gas- https://ens.dk/en/our-services/technology-catalogues/technology-data-generation-electricity-and-district-heating,,Alena Diesing <ad@wip.tu-berlin.de>
World,P_Gas_Engines,1,2045,1.47,,MEUR/PJ,Gas engine natural gas- https://ens.dk/en/our-services/technology-catalogues/technology-data-generation-electricity-and-district-heating,,Alena Diesing <ad@wip.tu-berlin.de>
World,P_Gas_Engines,1,2050,1.45,,MEUR/PJ,Gas engine natural gas- https://ens.dk/en/our-services/technology-catalogues/technology-data-generation-electricity-and-district-heating,,Alena Diesing <ad@wip.tu-berlin.de>
World,P_Gas_Engines,1,2055,1.45,,MEUR/PJ,same as 2050 for now,29.01.2025,Nikita Moskalenko <nim@wip.tu-berlin.de>
World,P_Gas_Engines,1,2060,1.45,,MEUR/PJ,same as 2050 for now,29.01.2025,Nikita Moskalenko <nim@wip.tu-berlin.de>
World,P_Gas_OCGT,1,2018,1.6,,MEUR/PJ,Gas turbine simple cycle (small and medium scale plant) back pressure - https://ens.dk/en/our-services/technology-catalogues/technology-data-generation-electricity-and-district-heating,,Alena Diesing <ad@wip.tu-berlin.de>
World,P_Gas_OCGT,1,2025,1.56,,MEUR/PJ,Gas turbine simple cycle (small and medium scale plant) back pressure - https://ens.dk/en/our-services/technology-catalogues/technology-data-generation-electricity-and-district-heating,,Alena Diesing <ad@wip.tu-berlin.de>
World,P_Gas_OCGT,1,2030,1.51,,MEUR/PJ,Gas turbine simple cycle (small and medium scale plant) back pressure - https://ens.dk/en/our-services/technology-catalogues/technology-data-generation-electricity-and-district-heating,,Alena Diesing <ad@wip.tu-berlin.de>
World,P_Gas_OCGT,1,2035,1.48,,MEUR/PJ,Gas turbine simple cycle (small and medium scale plant) back pressure - https://ens.dk/en/our-services/technology-catalogues/technology-data-generation-electricity-and-district-heating,,Alena Diesing <ad@wip.tu-berlin.de>
World,P_Gas_OCGT,1,2040,1.44,,MEUR/PJ,Gas turbine simple cycle (small and medium scale plant) back pressure - https://ens.dk/en/our-services/technology-catalogues/technology-data-generation-electricity-and-district-heating,,Alena Diesing <ad@wip.tu-berlin.de>
World,P_Gas_OCGT,1,2045,1.4,,MEUR/PJ,Gas turbine simple cycle (small and medium scale plant) back pressure - https://ens.dk/en/our-services/technology-catalogues/technology-data-generation-electricity-and-district-heating,,Alena Diesing <ad@wip.tu-berlin.de>
World,P_Gas_OCGT,1,2050,1.36,,MEUR/PJ,Gas turbine simple cycle (small and medium scale plant) back pressure - https://ens.dk/en/our-services/technology-catalogues/technology-data-generation-electricity-and-district-heating,,Alena Diesing <ad@wip.tu-berlin.de>
World,P_Gas_OCGT,1,2055,1.36,,MEUR/PJ,same as 2050 for now,29.01.2025,Nikita Moskalenko <nim@wip.tu-berlin.de>
World,P_Gas_OCGT,1,2060,1.36,,MEUR/PJ,same as 2050 for now,29.01.2025,Nikita Moskalenko <nim@wip.tu-berlin.de>
World,P_Geothermal,1,2018,0.036111111,,MEUR/PJ,Geothermal Power- Table 1.7- High cost of slow energy transitions for emerging countries: On the case of Egypt's pathway options- Appendix A Supplementary data,06.09.2023,Stian Backe <stian.backe@sintef.no>
World,P_Geothermal,1,2020,0.036111111,,MEUR/PJ,Geothermal Power- Table 1.7- High cost of slow energy transitions for emerging countries: On the case of Egypt's pathway options- Appendix A Supplementary data,06.09.2023,Stian Backe <stian.backe@sintef.no>
World,P_Geothermal,1,2021,0.001,,MEUR/PJ,Geothermal - https://www.iea.org/data-and-statistics/data-product/global-energy-and-climate-model-2023-key-input-data#gec-model-power-generation-technology-costs-dataset,20.08.2024,Alena Diesing <ad@wip.tu-berlin.de>
World,P_Geothermal,1,2025,0.001,,MEUR/PJ,Geothermal - https://www.iea.org/data-and-statistics/data-product/global-energy-and-climate-model-2023-key-input-data#gec-model-power-generation-technology-costs-dataset,20.08.2024,Alena Diesing <ad@wip.tu-berlin.de>
World,P_Geothermal,1,2030,0.001,,MEUR/PJ,Geothermal - https://www.iea.org/data-and-statistics/data-product/global-energy-and-climate-model-2023-key-input-data#gec-model-power-generation-technology-costs-dataset,20.08.2024,Alena Diesing <ad@wip.tu-berlin.de>
World,P_Geothermal,1,2035,0.001,,MEUR/PJ,Geothermal - https://www.iea.org/data-and-statistics/data-product/global-energy-and-climate-model-2023-key-input-data#gec-model-power-generation-technology-costs-dataset,20.08.2024,Alena Diesing <ad@wip.tu-berlin.de>
World,P_Geothermal,1,2040,0.001,,MEUR/PJ,Geothermal - https://www.iea.org/data-and-statistics/data-product/global-energy-and-climate-model-2023-key-input-data#gec-model-power-generation-technology-costs-dataset,20.08.2024,Alena Diesing <ad@wip.tu-berlin.de>
World,P_Geothermal,1,2045,0.001,,MEUR/PJ,Geothermal - https://www.iea.org/data-and-statistics/data-product/global-energy-and-climate-model-2023-key-input-data#gec-model-power-generation-technology-costs-dataset,20.08.2024,Alena Diesing <ad@wip.tu-berlin.de>
World,P_Geothermal,1,2050,0.001,,MEUR/PJ,Geothermal - https://www.iea.org/data-and-statistics/data-product/global-energy-and-climate-model-2023-key-input-data#gec-model-power-generation-technology-costs-dataset,20.08.2024,Alena Diesing <ad@wip.tu-berlin.de>
World,P_Geothermal,1,2055,0.001,,MEUR/PJ,same as 2050 for now,29.01.2025,Nikita Moskalenko <nim@wip.tu-berlin.de>
World,P_Geothermal,1,2060,0.001,,MEUR/PJ,same as 2050 for now,29.01.2025,Nikita Moskalenko <nim@wip.tu-berlin.de>
World,P_H2_OCGT,1,2018,1.835785393,,MEUR/PJ,assumend 115% of OCGT - https://www.sciencedirect.com/science/article/pii/S0360319921039768,20.08.2024,Alena Diesing <ad@wip.tu-berlin.de>
World,P_H2_OCGT,1,2025,1.784791354,,MEUR/PJ,assumend 115% of OCGT - https://www.sciencedirect.com/science/article/pii/S0360319921039768,20.08.2024,Alena Diesing <ad@wip.tu-berlin.de>
World,P_H2_OCGT,1,2030,1.733797316,,MEUR/PJ,assumend 115% of OCGT - https://www.sciencedirect.com/science/article/pii/S0360319921039768,20.08.2024,Alena Diesing <ad@wip.tu-berlin.de>
World,P_H2_OCGT,1,2035,1.691302283,,MEUR/PJ,assumend 115% of OCGT - https://www.sciencedirect.com/science/article/pii/S0360319921039768,20.08.2024,Alena Diesing <ad@wip.tu-berlin.de>
World,P_H2_OCGT,1,2040,1.648807251,,MEUR/PJ,assumend 115% of OCGT - https://www.sciencedirect.com/science/article/pii/S0360319921039768,20.08.2024,Alena Diesing <ad@wip.tu-berlin.de>
World,P_H2_OCGT,1,2045,1.606312219,,MEUR/PJ,assumend 115% of OCGT - https://www.sciencedirect.com/science/article/pii/S0360319921039768,20.08.2024,Alena Diesing <ad@wip.tu-berlin.de>
World,P_H2_OCGT,1,2050,1.563817187,,MEUR/PJ,assumend 115% of OCGT - https://www.sciencedirect.com/science/article/pii/S0360319921039768,20.08.2024,Alena Diesing <ad@wip.tu-berlin.de>
World,P_H2_OCGT,1,2055,1.563817187,,MEUR/PJ,same as 2050 for now,29.01.2025,Nikita Moskalenko <nim@wip.tu-berlin.de>
World,P_H2_OCGT,1,2060,1.563817187,,MEUR/PJ,same as 2050 for now,29.01.2025,Nikita Moskalenko <nim@wip.tu-berlin.de>
World,P_Hydro_Reservoir,1,2018,0.08896,,MEUR/PJ,Lakes - https://energy.ec.europa.eu/data-and-analysis/energy-modelling/eu-reference-scenario-2020_en,20.08.2024,Alena Diesing <ad@wip.tu-berlin.de>
World,P_Hydro_Reservoir,1,2020,0.08896,,MEUR/PJ,Lakes - https://energy.ec.europa.eu/data-and-analysis/energy-modelling/eu-reference-scenario-2020_en,20.08.2024,Alena Diesing <ad@wip.tu-berlin.de>
World,P_Hydro_Reservoir,1,2021,0.08896,,MEUR/PJ,Lakes - https://energy.ec.europa.eu/data-and-analysis/energy-modelling/eu-reference-scenario-2020_en,20.08.2024,Alena Diesing <ad@wip.tu-berlin.de>
World,P_Hydro_Reservoir,1,2025,0.08896,,MEUR/PJ,Lakes - https://energy.ec.europa.eu/data-and-analysis/energy-modelling/eu-reference-scenario-2020_en,20.08.2024,Alena Diesing <ad@wip.tu-berlin.de>
World,P_Hydro_Reservoir,1,2030,0.08896,,MEUR/PJ,Lakes - https://energy.ec.europa.eu/data-and-analysis/energy-modelling/eu-reference-scenario-2020_en,20.08.2024,Alena Diesing <ad@wip.tu-berlin.de>
World,P_Hydro_Reservoir,1,2035,0.08896,,MEUR/PJ,Lakes - https://energy.ec.europa.eu/data-and-analysis/energy-modelling/eu-reference-scenario-2020_en,20.08.2024,Alena Diesing <ad@wip.tu-berlin.de>
World,P_Hydro_Reservoir,1,2040,0.08896,,MEUR/PJ,Lakes - https://energy.ec.europa.eu/data-and-analysis/energy-modelling/eu-reference-scenario-2020_en,20.08.2024,Alena Diesing <ad@wip.tu-berlin.de>
World,P_Hydro_Reservoir,1,2045,0.08896,,MEUR/PJ,Lakes - https://energy.ec.europa.eu/data-and-analysis/energy-modelling/eu-reference-scenario-2020_en,20.08.2024,Alena Diesing <ad@wip.tu-berlin.de>
World,P_Hydro_Reservoir,1,2050,0.08896,,MEUR/PJ,Lakes - https://energy.ec.europa.eu/data-and-analysis/energy-modelling/eu-reference-scenario-2020_en,20.08.2024,Alena Diesing <ad@wip.tu-berlin.de>
World,P_Hydro_Reservoir,1,2055,0.08896,,MEUR/PJ,same as 2050 for now,29.01.2025,Nikita Moskalenko <nim@wip.tu-berlin.de>
World,P_Hydro_Reservoir,1,2060,0.08896,,MEUR/PJ,same as 2050 for now,29.01.2025,Nikita Moskalenko <nim@wip.tu-berlin.de>
World,P_Hydro_RoR,1,2018,0.001,,MEUR/PJ,Run of River - https://energy.ec.europa.eu/data-and-analysis/energy-modelling/eu-reference-scenario-2020_en,20.08.2024,Alena Diesing <ad@wip.tu-berlin.de>
World,P_Hydro_RoR,1,2020,0.001,,MEUR/PJ,Run of River - https://energy.ec.europa.eu/data-and-analysis/energy-modelling/eu-reference-scenario-2020_en,20.08.2024,Alena Diesing <ad@wip.tu-berlin.de>
World,P_Hydro_RoR,1,2021,0.001,,MEUR/PJ,Run of River - https://energy.ec.europa.eu/data-and-analysis/energy-modelling/eu-reference-scenario-2020_en,20.08.2024,Alena Diesing <ad@wip.tu-berlin.de>
World,P_Hydro_RoR,1,2025,0.001,,MEUR/PJ,Run of River - https://energy.ec.europa.eu/data-and-analysis/energy-modelling/eu-reference-scenario-2020_en,20.08.2024,Alena Diesing <ad@wip.tu-berlin.de>
World,P_Hydro_RoR,1,2030,0.001,,MEUR/PJ,Run of River - https://energy.ec.europa.eu/data-and-analysis/energy-modelling/eu-reference-scenario-2020_en,20.08.2024,Alena Diesing <ad@wip.tu-berlin.de>
World,P_Hydro_RoR,1,2035,0.001,,MEUR/PJ,Run of River - https://energy.ec.europa.eu/data-and-analysis/energy-modelling/eu-reference-scenario-2020_en,20.08.2024,Alena Diesing <ad@wip.tu-berlin.de>
World,P_Hydro_RoR,1,2040,0.001,,MEUR/PJ,Run of River - https://energy.ec.europa.eu/data-and-analysis/energy-modelling/eu-reference-scenario-2020_en,20.08.2024,Alena Diesing <ad@wip.tu-berlin.de>
World,P_Hydro_RoR,1,2045,0.001,,MEUR/PJ,Run of River - https://energy.ec.europa.eu/data-and-analysis/energy-modelling/eu-reference-scenario-2020_en,20.08.2024,Alena Diesing <ad@wip.tu-berlin.de>
World,P_Hydro_RoR,1,2050,0.001,,MEUR/PJ,Run of River - https://energy.ec.europa.eu/data-and-analysis/energy-modelling/eu-reference-scenario-2020_en,20.08.2024,Alena Diesing <ad@wip.tu-berlin.de>
World,P_Hydro_RoR,1,2055,0.001,,MEUR/PJ,same as 2050 for now,29.01.2025,Nikita Moskalenko <nim@wip.tu-berlin.de>
World,P_Hydro_RoR,1,2060,0.001,,MEUR/PJ,same as 2050 for now,29.01.2025,Nikita Moskalenko <nim@wip.tu-berlin.de>
World,P_Nuclear,1,2018,1.777777778,,MEUR/PJ,,,
World,P_Nuclear,1,2020,1.777777778,,MEUR/PJ,,,
World,P_Nuclear,1,2021,1.777777778,,MEUR/PJ,Nuclear III gen. (no economies of scale)- https://energy.ec.europa.eu/data-and-analysis/energy-modelling/eu-reference-scenario-2020_en,20.08.2024,Alena Diesing <ad@wip.tu-berlin.de>
World,P_Nuclear,1,2025,1.916666667,,MEUR/PJ,Nuclear III gen. (no economies of scale)- https://energy.ec.europa.eu/data-and-analysis/energy-modelling/eu-reference-scenario-2020_en,20.08.2024,Alena Diesing <ad@wip.tu-berlin.de>
World,P_Nuclear,1,2030,2.055555556,,MEUR/PJ,Nuclear III gen. (no economies of scale)- https://energy.ec.europa.eu/data-and-analysis/energy-modelling/eu-reference-scenario-2020_en,20.08.2024,Alena Diesing <ad@wip.tu-berlin.de>
World,P_Nuclear,1,2035,2.083333333,,MEUR/PJ,Nuclear III gen. (no economies of scale)- https://energy.ec.europa.eu/data-and-analysis/energy-modelling/eu-reference-scenario-2020_en,20.08.2024,Alena Diesing <ad@wip.tu-berlin.de>
World,P_Nuclear,1,2040,2.111111111,,MEUR/PJ,Nuclear III gen. (no economies of scale)- https://energy.ec.europa.eu/data-and-analysis/energy-modelling/eu-reference-scenario-2020_en,20.08.2024,Alena Diesing <ad@wip.tu-berlin.de>
World,P_Nuclear,1,2045,2.138888889,,MEUR/PJ,Nuclear III gen. (no economies of scale)- https://energy.ec.europa.eu/data-and-analysis/energy-modelling/eu-reference-scenario-2020_en,20.08.2024,Alena Diesing <ad@wip.tu-berlin.de>
World,P_Nuclear,1,2050,2.166666667,,MEUR/PJ,Nuclear III gen. (no economies of scale)- https://energy.ec.europa.eu/data-and-analysis/energy-modelling/eu-reference-scenario-2020_en,20.08.2024,Alena Diesing <ad@wip.tu-berlin.de>
World,P_Nuclear,1,2055,2.166666667,,MEUR/PJ,same as 2050 for now,29.01.2025,Nikita Moskalenko <nim@wip.tu-berlin.de>
World,P_Nuclear,1,2060,2.166666667,,MEUR/PJ,same as 2050 for now,29.01.2025,Nikita Moskalenko <nim@wip.tu-berlin.de>
World,P_Ocean,1,2018,0.02890249,,MEUR/PJ,Tidal and waves Power&Heat EU Reference Scenario 2020,08.09.2023,Luka Garibashvili <lukaga@stud.ntnu.no>
World,P_Ocean,1,2020,0.02890249,,MEUR/PJ,Tidal and waves Power&Heat EU Reference Scenario 2020,08.09.2023,Luka Garibashvili <lukaga@stud.ntnu.no>
World,P_Ocean,1,2021,0.02890249,,MEUR/PJ,Tidal and waves Power&Heat EU Reference Scenario 2020,08.09.2023,Luka Garibashvili <lukaga@stud.ntnu.no>
World,P_Ocean,1,2025,0.02890249,,MEUR/PJ,Tidal and waves Power&Heat EU Reference Scenario 2020,08.09.2023,Luka Garibashvili <lukaga@stud.ntnu.no>
World,P_Ocean,1,2030,0.02890249,,MEUR/PJ,Tidal and waves Power&Heat EU Reference Scenario 2020,08.09.2023,Luka Garibashvili <lukaga@stud.ntnu.no>
World,P_Ocean,1,2035,0.02890249,,MEUR/PJ,Tidal and waves Power&Heat EU Reference Scenario 2020,08.09.2023,Luka Garibashvili <lukaga@stud.ntnu.no>
World,P_Ocean,1,2040,0.02890249,,MEUR/PJ,Tidal and waves Power&Heat EU Reference Scenario 2020,08.09.2023,Luka Garibashvili <lukaga@stud.ntnu.no>
World,P_Ocean,1,2045,0.02890249,,MEUR/PJ,Tidal and waves Power&Heat EU Reference Scenario 2020,08.09.2023,Luka Garibashvili <lukaga@stud.ntnu.no>
World,P_Ocean,1,2050,0.02890249,,MEUR/PJ,Tidal and waves Power&Heat EU Reference Scenario 2020,08.09.2023,Luka Garibashvili <lukaga@stud.ntnu.no>
World,P_Ocean,1,2055,0.02890249,,MEUR/PJ,same as 2050 for now,29.01.2025,Nikita Moskalenko <nim@wip.tu-berlin.de>
World,P_Ocean,1,2060,0.02890249,,MEUR/PJ,same as 2050 for now,29.01.2025,Nikita Moskalenko <nim@wip.tu-berlin.de>
World,P_Oil,1,2018,1.77364,,MEUR/PJ,diesel engine farm - https://ens.dk/en/our-services/technology-catalogues/technology-data-generation-electricity-and-district-heating,20.08.2024,Alena Diesing <ad@wip.tu-berlin.de>
World,P_Oil,1,2020,1.77364,,MEUR/PJ,diesel engine farm - https://ens.dk/en/our-services/technology-catalogues/technology-data-generation-electricity-and-district-heating,20.08.2024,Alena Diesing <ad@wip.tu-berlin.de>
World,P_Oil,1,2021,1.77364,,MEUR/PJ,diesel engine farm - https://ens.dk/en/our-services/technology-catalogues/technology-data-generation-electricity-and-district-heating,20.08.2024,Alena Diesing <ad@wip.tu-berlin.de>
World,P_Oil,1,2025,1.77364,,MEUR/PJ,diesel engine farm - https://ens.dk/en/our-services/technology-catalogues/technology-data-generation-electricity-and-district-heating,20.08.2024,Alena Diesing <ad@wip.tu-berlin.de>
World,P_Oil,1,2030,1.77364,,MEUR/PJ,diesel engine farm - https://ens.dk/en/our-services/technology-catalogues/technology-data-generation-electricity-and-district-heating,20.08.2024,Alena Diesing <ad@wip.tu-berlin.de>
World,P_Oil,1,2035,1.77364,,MEUR/PJ,diesel engine farm - https://ens.dk/en/our-services/technology-catalogues/technology-data-generation-electricity-and-district-heating,20.08.2024,Alena Diesing <ad@wip.tu-berlin.de>
World,P_Oil,1,2040,1.77364,,MEUR/PJ,diesel engine farm - https://ens.dk/en/our-services/technology-catalogues/technology-data-generation-electricity-and-district-heating,20.08.2024,Alena Diesing <ad@wip.tu-berlin.de>
World,P_Oil,1,2045,1.77364,,MEUR/PJ,diesel engine farm - https://ens.dk/en/our-services/technology-catalogues/technology-data-generation-electricity-and-district-heating,20.08.2024,Alena Diesing <ad@wip.tu-berlin.de>
World,P_Oil,1,2050,1.77364,,MEUR/PJ,diesel engine farm - https://ens.dk/en/our-services/technology-catalogues/technology-data-generation-electricity-and-district-heating,20.08.2024,Alena Diesing <ad@wip.tu-berlin.de>
World,P_Oil,1,2055,1.77364,,MEUR/PJ,same as 2050 for now,29.01.2025,Nikita Moskalenko <nim@wip.tu-berlin.de>
World,P_Oil,1,2060,1.77364,,MEUR/PJ,same as 2050 for now,29.01.2025,Nikita Moskalenko <nim@wip.tu-berlin.de>
World,P_PV_Rooftop_Commercial,1,2018,0.001,,MEUR/PJ,Rooftop PV commercial & industrial - https://ens.dk/en/our-services/technology-catalogues/technology-data-generation-electricity-and-district-heating,20.08.2024,Alena Diesing <ad@wip.tu-berlin.de>
World,P_PV_Rooftop_Commercial,1,2025,0.001,,MEUR/PJ,Rooftop PV commercial & industrial - https://ens.dk/en/our-services/technology-catalogues/technology-data-generation-electricity-and-district-heating,20.08.2024,Alena Diesing <ad@wip.tu-berlin.de>
World,P_PV_Rooftop_Commercial,1,2030,0.001,,MEUR/PJ,Rooftop PV commercial & industrial - https://ens.dk/en/our-services/technology-catalogues/technology-data-generation-electricity-and-district-heating,20.08.2024,Alena Diesing <ad@wip.tu-berlin.de>
World,P_PV_Rooftop_Commercial,1,2035,0.001,,MEUR/PJ,Rooftop PV commercial & industrial - https://ens.dk/en/our-services/technology-catalogues/technology-data-generation-electricity-and-district-heating,20.08.2024,Alena Diesing <ad@wip.tu-berlin.de>
World,P_PV_Rooftop_Commercial,1,2040,0.001,,MEUR/PJ,Rooftop PV commercial & industrial - https://ens.dk/en/our-services/technology-catalogues/technology-data-generation-electricity-and-district-heating,20.08.2024,Alena Diesing <ad@wip.tu-berlin.de>
World,P_PV_Rooftop_Commercial,1,2045,0.001,,MEUR/PJ,Rooftop PV commercial & industrial - https://ens.dk/en/our-services/technology-catalogues/technology-data-generation-electricity-and-district-heating,20.08.2024,Alena Diesing <ad@wip.tu-berlin.de>
World,P_PV_Rooftop_Commercial,1,2050,0.001,,MEUR/PJ,Rooftop PV commercial & industrial - https://ens.dk/en/our-services/technology-catalogues/technology-data-generation-electricity-and-district-heating,20.08.2024,Alena Diesing <ad@wip.tu-berlin.de>
World,P_PV_Rooftop_Commercial,1,2055,0.001,,MEUR/PJ,same as 2050 for now,29.01.2025,Nikita Moskalenko <nim@wip.tu-berlin.de>
World,P_PV_Rooftop_Commercial,1,2060,0.001,,MEUR/PJ,same as 2050 for now,29.01.2025,Nikita Moskalenko <nim@wip.tu-berlin.de>
World,P_PV_Rooftop_Residential,1,2018,0.001,,MEUR/PJ,Rooftop PV residential - https://ens.dk/en/our-services/technology-catalogues/technology-data-generation-electricity-and-district-heating,20.08.2024,Alena Diesing <ad@wip.tu-berlin.de>
World,P_PV_Rooftop_Residential,1,2025,0.001,,MEUR/PJ,Rooftop PV residential - https://ens.dk/en/our-services/technology-catalogues/technology-data-generation-electricity-and-district-heating,20.08.2024,Alena Diesing <ad@wip.tu-berlin.de>
World,P_PV_Rooftop_Residential,1,2030,0.001,,MEUR/PJ,Rooftop PV residential - https://ens.dk/en/our-services/technology-catalogues/technology-data-generation-electricity-and-district-heating,20.08.2024,Alena Diesing <ad@wip.tu-berlin.de>
World,P_PV_Rooftop_Residential,1,2035,0.001,,MEUR/PJ,Rooftop PV residential - https://ens.dk/en/our-services/technology-catalogues/technology-data-generation-electricity-and-district-heating,20.08.2024,Alena Diesing <ad@wip.tu-berlin.de>
World,P_PV_Rooftop_Residential,1,2040,0.001,,MEUR/PJ,Rooftop PV residential - https://ens.dk/en/our-services/technology-catalogues/technology-data-generation-electricity-and-district-heating,20.08.2024,Alena Diesing <ad@wip.tu-berlin.de>
World,P_PV_Rooftop_Residential,1,2045,0.001,,MEUR/PJ,Rooftop PV residential - https://ens.dk/en/our-services/technology-catalogues/technology-data-generation-electricity-and-district-heating,20.08.2024,Alena Diesing <ad@wip.tu-berlin.de>
World,P_PV_Rooftop_Residential,1,2050,0.001,,MEUR/PJ,Rooftop PV residential - https://ens.dk/en/our-services/technology-catalogues/technology-data-generation-electricity-and-district-heating,20.08.2024,Alena Diesing <ad@wip.tu-berlin.de>
World,P_PV_Rooftop_Residential,1,2055,0.001,,MEUR/PJ,same as 2050 for now,29.01.2025,Nikita Moskalenko <nim@wip.tu-berlin.de>
World,P_PV_Rooftop_Residential,1,2060,0.001,,MEUR/PJ,same as 2050 for now,29.01.2025,Nikita Moskalenko <nim@wip.tu-berlin.de>
World,P_PV_Utility_Avg,1,2018,0.001,,MEUR/PJ,Utility-scale ground mounted PV - https://ens.dk/en/our-services/technology-catalogues/technology-data-generation-electricity-and-district-heating,20.08.2024,Alena Diesing <ad@wip.tu-berlin.de>
World,P_PV_Utility_Avg,1,2020,0.001,,MEUR/PJ,Utility-scale ground mounted PV - https://ens.dk/en/our-services/technology-catalogues/technology-data-generation-electricity-and-district-heating,20.08.2024,Alena Diesing <ad@wip.tu-berlin.de>
World,P_PV_Utility_Avg,1,2021,0.001,,MEUR/PJ,Utility-scale ground mounted PV - https://ens.dk/en/our-services/technology-catalogues/technology-data-generation-electricity-and-district-heating,20.08.2024,Alena Diesing <ad@wip.tu-berlin.de>
World,P_PV_Utility_Avg,1,2025,0.001,,MEUR/PJ,Utility-scale ground mounted PV - https://ens.dk/en/our-services/technology-catalogues/technology-data-generation-electricity-and-district-heating,20.08.2024,Alena Diesing <ad@wip.tu-berlin.de>
World,P_PV_Utility_Avg,1,2030,0.001,,MEUR/PJ,Utility-scale ground mounted PV - https://ens.dk/en/our-services/technology-catalogues/technology-data-generation-electricity-and-district-heating,20.08.2024,Alena Diesing <ad@wip.tu-berlin.de>
World,P_PV_Utility_Avg,1,2035,0.001,,MEUR/PJ,Utility-scale ground mounted PV - https://ens.dk/en/our-services/technology-catalogues/technology-data-generation-electricity-and-district-heating,20.08.2024,Alena Diesing <ad@wip.tu-berlin.de>
World,P_PV_Utility_Avg,1,2040,0.001,,MEUR/PJ,Utility-scale ground mounted PV - https://ens.dk/en/our-services/technology-catalogues/technology-data-generation-electricity-and-district-heating,20.08.2024,Alena Diesing <ad@wip.tu-berlin.de>
World,P_PV_Utility_Avg,1,2045,0.001,,MEUR/PJ,Utility-scale ground mounted PV - https://ens.dk/en/our-services/technology-catalogues/technology-data-generation-electricity-and-district-heating,20.08.2024,Alena Diesing <ad@wip.tu-berlin.de>
World,P_PV_Utility_Avg,1,2050,0.001,,MEUR/PJ,Utility-scale ground mounted PV - https://ens.dk/en/our-services/technology-catalogues/technology-data-generation-electricity-and-district-heating,20.08.2024,Alena Diesing <ad@wip.tu-berlin.de>
World,P_PV_Utility_Avg,1,2055,0.001,,MEUR/PJ,same as 2050 for now,29.01.2025,Nikita Moskalenko <nim@wip.tu-berlin.de>
World,P_PV_Utility_Avg,1,2060,0.001,,MEUR/PJ,same as 2050 for now,29.01.2025,Nikita Moskalenko <nim@wip.tu-berlin.de>
World,P_PV_Utility_Inf,1,2018,0.001,,MEUR/PJ,Utility-scale ground mounted PV - https://ens.dk/en/our-services/technology-catalogues/technology-data-generation-electricity-and-district-heating,20.08.2024,Alena Diesing <ad@wip.tu-berlin.de>
World,P_PV_Utility_Inf,1,2020,0.001,,MEUR/PJ,Utility-scale ground mounted PV - https://ens.dk/en/our-services/technology-catalogues/technology-data-generation-electricity-and-district-heating,20.08.2024,Alena Diesing <ad@wip.tu-berlin.de>
World,P_PV_Utility_Inf,1,2021,0.001,,MEUR/PJ,Utility-scale ground mounted PV - https://ens.dk/en/our-services/technology-catalogues/technology-data-generation-electricity-and-district-heating,20.08.2024,Alena Diesing <ad@wip.tu-berlin.de>
World,P_PV_Utility_Inf,1,2025,0.001,,MEUR/PJ,Utility-scale ground mounted PV - https://ens.dk/en/our-services/technology-catalogues/technology-data-generation-electricity-and-district-heating,20.08.2024,Alena Diesing <ad@wip.tu-berlin.de>
World,P_PV_Utility_Inf,1,2030,0.001,,MEUR/PJ,Utility-scale ground mounted PV - https://ens.dk/en/our-services/technology-catalogues/technology-data-generation-electricity-and-district-heating,20.08.2024,Alena Diesing <ad@wip.tu-berlin.de>
World,P_PV_Utility_Inf,1,2035,0.001,,MEUR/PJ,Utility-scale ground mounted PV - https://ens.dk/en/our-services/technology-catalogues/technology-data-generation-electricity-and-district-heating,20.08.2024,Alena Diesing <ad@wip.tu-berlin.de>
World,P_PV_Utility_Inf,1,2040,0.001,,MEUR/PJ,Utility-scale ground mounted PV - https://ens.dk/en/our-services/technology-catalogues/technology-data-generation-electricity-and-district-heating,20.08.2024,Alena Diesing <ad@wip.tu-berlin.de>
World,P_PV_Utility_Inf,1,2045,0.001,,MEUR/PJ,Utility-scale ground mounted PV - https://ens.dk/en/our-services/technology-catalogues/technology-data-generation-electricity-and-district-heating,20.08.2024,Alena Diesing <ad@wip.tu-berlin.de>
World,P_PV_Utility_Inf,1,2050,0.001,,MEUR/PJ,Utility-scale ground mounted PV - https://ens.dk/en/our-services/technology-catalogues/technology-data-generation-electricity-and-district-heating,20.08.2024,Alena Diesing <ad@wip.tu-berlin.de>
World,P_PV_Utility_Inf,1,2055,0.001,,MEUR/PJ,same as 2050 for now,29.01.2025,Nikita Moskalenko <nim@wip.tu-berlin.de>
World,P_PV_Utility_Inf,1,2060,0.001,,MEUR/PJ,same as 2050 for now,29.01.2025,Nikita Moskalenko <nim@wip.tu-berlin.de>
World,P_PV_Utility_Opt,1,2018,0.001,,MEUR/PJ,Utility-scale ground mounted PV - https://ens.dk/en/our-services/technology-catalogues/technology-data-generation-electricity-and-district-heating,20.08.2024,Alena Diesing <ad@wip.tu-berlin.de>
World,P_PV_Utility_Opt,1,2020,0.001,,MEUR/PJ,Utility-scale ground mounted PV - https://ens.dk/en/our-services/technology-catalogues/technology-data-generation-electricity-and-district-heating,20.08.2024,Alena Diesing <ad@wip.tu-berlin.de>
World,P_PV_Utility_Opt,1,2021,0.001,,MEUR/PJ,Utility-scale ground mounted PV - https://ens.dk/en/our-services/technology-catalogues/technology-data-generation-electricity-and-district-heating,20.08.2024,Alena Diesing <ad@wip.tu-berlin.de>
World,P_PV_Utility_Opt,1,2025,0.001,,MEUR/PJ,Utility-scale ground mounted PV - https://ens.dk/en/our-services/technology-catalogues/technology-data-generation-electricity-and-district-heating,20.08.2024,Alena Diesing <ad@wip.tu-berlin.de>
World,P_PV_Utility_Opt,1,2030,0.001,,MEUR/PJ,Utility-scale ground mounted PV - https://ens.dk/en/our-services/technology-catalogues/technology-data-generation-electricity-and-district-heating,20.08.2024,Alena Diesing <ad@wip.tu-berlin.de>
World,P_PV_Utility_Opt,1,2035,0.001,,MEUR/PJ,Utility-scale ground mounted PV - https://ens.dk/en/our-services/technology-catalogues/technology-data-generation-electricity-and-district-heating,20.08.2024,Alena Diesing <ad@wip.tu-berlin.de>
World,P_PV_Utility_Opt,1,2040,0.001,,MEUR/PJ,Utility-scale ground mounted PV - https://ens.dk/en/our-services/technology-catalogues/technology-data-generation-electricity-and-district-heating,20.08.2024,Alena Diesing <ad@wip.tu-berlin.de>
World,P_PV_Utility_Opt,1,2045,0.001,,MEUR/PJ,Utility-scale ground mounted PV - https://ens.dk/en/our-services/technology-catalogues/technology-data-generation-electricity-and-district-heating,20.08.2024,Alena Diesing <ad@wip.tu-berlin.de>
World,P_PV_Utility_Opt,1,2050,0.001,,MEUR/PJ,Utility-scale ground mounted PV - https://ens.dk/en/our-services/technology-catalogues/technology-data-generation-electricity-and-district-heating,20.08.2024,Alena Diesing <ad@wip.tu-berlin.de>
World,P_PV_Utility_Opt,1,2055,0.001,,MEUR/PJ,same as 2050 for now,29.01.2025,Nikita Moskalenko <nim@wip.tu-berlin.de>
World,P_PV_Utility_Opt,1,2060,0.001,,MEUR/PJ,same as 2050 for now,29.01.2025,Nikita Moskalenko <nim@wip.tu-berlin.de>
World,P_PV_Utility_Tracking,1,2018,0.001,,MEUR/PJ,Utility-scale ground mounted PV tracker - https://ens.dk/en/our-services/technology-catalogues/technology-data-generation-electricity-and-district-heating,20.08.2024,Alena Diesing <ad@wip.tu-berlin.de>
World,P_PV_Utility_Tracking,1,2025,0.001,,MEUR/PJ,Utility-scale ground mounted PV tracker - https://ens.dk/en/our-services/technology-catalogues/technology-data-generation-electricity-and-district-heating,20.08.2024,Alena Diesing <ad@wip.tu-berlin.de>
World,P_PV_Utility_Tracking,1,2030,0.001,,MEUR/PJ,Utility-scale ground mounted PV tracker - https://ens.dk/en/our-services/technology-catalogues/technology-data-generation-electricity-and-district-heating,20.08.2024,Alena Diesing <ad@wip.tu-berlin.de>
World,P_PV_Utility_Tracking,1,2035,0.001,,MEUR/PJ,Utility-scale ground mounted PV tracker - https://ens.dk/en/our-services/technology-catalogues/technology-data-generation-electricity-and-district-heating,20.08.2024,Alena Diesing <ad@wip.tu-berlin.de>
World,P_PV_Utility_Tracking,1,2040,0.001,,MEUR/PJ,Utility-scale ground mounted PV tracker - https://ens.dk/en/our-services/technology-catalogues/technology-data-generation-electricity-and-district-heating,20.08.2024,Alena Diesing <ad@wip.tu-berlin.de>
World,P_PV_Utility_Tracking,1,2045,0.001,,MEUR/PJ,Utility-scale ground mounted PV tracker - https://ens.dk/en/our-services/technology-catalogues/technology-data-generation-electricity-and-district-heating,20.08.2024,Alena Diesing <ad@wip.tu-berlin.de>
World,P_PV_Utility_Tracking,1,2050,0.001,,MEUR/PJ,Utility-scale ground mounted PV tracker - https://ens.dk/en/our-services/technology-catalogues/technology-data-generation-electricity-and-district-heating,20.08.2024,Alena Diesing <ad@wip.tu-berlin.de>
World,P_PV_Utility_Tracking,1,2055,0.001,,MEUR/PJ,same as 2050 for now,29.01.2025,Nikita Moskalenko <nim@wip.tu-berlin.de>
World,P_PV_Utility_Tracking,1,2060,0.001,,MEUR/PJ,same as 2050 for now,29.01.2025,Nikita Moskalenko <nim@wip.tu-berlin.de>
World,P_Wind_Offshore_Deep,1,2018,0.1092,,MEUR/PJ,EU REF2020 scenario: offshore,04.09.2025,Nikita Moskalenko <nim@wip.tu-berlin.de>
World,P_Wind_Offshore_Deep,1,2020,0.1092,,MEUR/PJ,EU REF2020 scenario: offshore,04.09.2025,Nikita Moskalenko <nim@wip.tu-berlin.de>
World,P_Wind_Offshore_Deep,1,2021,0.1092,,MEUR/PJ,EU REF2020 scenario: offshore,04.09.2025,Nikita Moskalenko <nim@wip.tu-berlin.de>
World,P_Wind_Offshore_Deep,1,2025,0.1092,,MEUR/PJ,EU REF2020 scenario: offshore,04.09.2025,Nikita Moskalenko <nim@wip.tu-berlin.de>
World,P_Wind_Offshore_Deep,1,2030,0.1092,,MEUR/PJ,EU REF2020 scenario: offshore,04.09.2025,Nikita Moskalenko <nim@wip.tu-berlin.de>
World,P_Wind_Offshore_Deep,1,2035,0.1092,,MEUR/PJ,EU REF2020 scenario: offshore,04.09.2025,Nikita Moskalenko <nim@wip.tu-berlin.de>
World,P_Wind_Offshore_Deep,1,2040,0.1092,,MEUR/PJ,EU REF2020 scenario: offshore,04.09.2025,Nikita Moskalenko <nim@wip.tu-berlin.de>
World,P_Wind_Offshore_Deep,1,2045,0.1092,,MEUR/PJ,EU REF2020 scenario: offshore,04.09.2025,Nikita Moskalenko <nim@wip.tu-berlin.de>
World,P_Wind_Offshore_Deep,1,2050,0.1092,,MEUR/PJ,EU REF2020 scenario: offshore,04.09.2025,Nikita Moskalenko <nim@wip.tu-berlin.de>
World,P_Wind_Offshore_Deep,1,2055,0.1092,,MEUR/PJ,EU REF2020 scenario: offshore,04.09.2025,Nikita Moskalenko <nim@wip.tu-berlin.de>
World,P_Wind_Offshore_Deep,1,2060,0.1092,,MEUR/PJ,EU REF2020 scenario: offshore,04.09.2025,Nikita Moskalenko <nim@wip.tu-berlin.de>
World,P_Wind_Offshore_Shallow,1,2018,0.1092,,MEUR/PJ,EU REF2020 scenario: offshore,04.09.2025,Nikita Moskalenko <nim@wip.tu-berlin.de>
World,P_Wind_Offshore_Shallow,1,2020,0.1092,,MEUR/PJ,EU REF2020 scenario: offshore,04.09.2025,Nikita Moskalenko <nim@wip.tu-berlin.de>
World,P_Wind_Offshore_Shallow,1,2021,0.1092,,MEUR/PJ,EU REF2020 scenario: offshore,04.09.2025,Nikita Moskalenko <nim@wip.tu-berlin.de>
World,P_Wind_Offshore_Shallow,1,2025,0.1092,,MEUR/PJ,EU REF2020 scenario: offshore,04.09.2025,Nikita Moskalenko <nim@wip.tu-berlin.de>
World,P_Wind_Offshore_Shallow,1,2030,0.1092,,MEUR/PJ,EU REF2020 scenario: offshore,04.09.2025,Nikita Moskalenko <nim@wip.tu-berlin.de>
World,P_Wind_Offshore_Shallow,1,2035,0.1092,,MEUR/PJ,EU REF2020 scenario: offshore,04.09.2025,Nikita Moskalenko <nim@wip.tu-berlin.de>
World,P_Wind_Offshore_Shallow,1,2040,0.1092,,MEUR/PJ,EU REF2020 scenario: offshore,04.09.2025,Nikita Moskalenko <nim@wip.tu-berlin.de>
World,P_Wind_Offshore_Shallow,1,2045,0.1092,,MEUR/PJ,EU REF2020 scenario: offshore,04.09.2025,Nikita Moskalenko <nim@wip.tu-berlin.de>
World,P_Wind_Offshore_Shallow,1,2050,0.1092,,MEUR/PJ,EU REF2020 scenario: offshore,04.09.2025,Nikita Moskalenko <nim@wip.tu-berlin.de>
World,P_Wind_Offshore_Shallow,1,2055,0.1092,,MEUR/PJ,EU REF2020 scenario: offshore,04.09.2025,Nikita Moskalenko <nim@wip.tu-berlin.de>
World,P_Wind_Offshore_Shallow,1,2060,0.1092,,MEUR/PJ,EU REF2020 scenario: offshore,04.09.2025,Nikita Moskalenko <nim@wip.tu-berlin.de>
World,P_Wind_Offshore_Transitional,1,2018,0.1092,,MEUR/PJ,EU REF2020 scenario: offshore,04.09.2025,Nikita Moskalenko <nim@wip.tu-berlin.de>
World,P_Wind_Offshore_Transitional,1,2020,0.1092,,MEUR/PJ,EU REF2020 scenario: offshore,04.09.2025,Nikita Moskalenko <nim@wip.tu-berlin.de>
World,P_Wind_Offshore_Transitional,1,2021,0.1092,,MEUR/PJ,EU REF2020 scenario: offshore,04.09.2025,Nikita Moskalenko <nim@wip.tu-berlin.de>
World,P_Wind_Offshore_Transitional,1,2025,0.1092,,MEUR/PJ,EU REF2020 scenario: offshore,04.09.2025,Nikita Moskalenko <nim@wip.tu-berlin.de>
World,P_Wind_Offshore_Transitional,1,2030,0.1092,,MEUR/PJ,EU REF2020 scenario: offshore,04.09.2025,Nikita Moskalenko <nim@wip.tu-berlin.de>
World,P_Wind_Offshore_Transitional,1,2035,0.1092,,MEUR/PJ,EU REF2020 scenario: offshore,04.09.2025,Nikita Moskalenko <nim@wip.tu-berlin.de>
World,P_Wind_Offshore_Transitional,1,2040,0.1092,,MEUR/PJ,EU REF2020 scenario: offshore,04.09.2025,Nikita Moskalenko <nim@wip.tu-berlin.de>
World,P_Wind_Offshore_Transitional,1,2045,0.1092,,MEUR/PJ,EU REF2020 scenario: offshore,04.09.2025,Nikita Moskalenko <nim@wip.tu-berlin.de>
World,P_Wind_Offshore_Transitional,1,2050,0.1092,,MEUR/PJ,EU REF2020 scenario: offshore,04.09.2025,Nikita Moskalenko <nim@wip.tu-berlin.de>
World,P_Wind_Offshore_Transitional,1,2055,0.1092,,MEUR/PJ,EU REF2020 scenario: offshore,04.09.2025,Nikita Moskalenko <nim@wip.tu-berlin.de>
World,P_Wind_Offshore_Transitional,1,2060,0.1092,,MEUR/PJ,EU REF2020 scenario: offshore,04.09.2025,Nikita Moskalenko <nim@wip.tu-berlin.de>
World,P_Wind_Onshore_Avg,1,2018,0.05,,MEUR/PJ,EU REF2020 scenario: onshore medium resource,04.09.2025,Nikita Moskalenko <nim@wip.tu-berlin.de>
World,P_Wind_Onshore_Avg,1,2020,0.05,,MEUR/PJ,EU REF2020 scenario: onshore medium resource,04.09.2025,Nikita Moskalenko <nim@wip.tu-berlin.de>
World,P_Wind_Onshore_Avg,1,2021,0.05,,MEUR/PJ,EU REF2020 scenario: onshore medium resource,04.09.2025,Nikita Moskalenko <nim@wip.tu-berlin.de>
World,P_Wind_Onshore_Avg,1,2025,0.05,,MEUR/PJ,EU REF2020 scenario: onshore medium resource,04.09.2025,Nikita Moskalenko <nim@wip.tu-berlin.de>
World,P_Wind_Onshore_Avg,1,2030,0.05,,MEUR/PJ,EU REF2020 scenario: onshore medium resource,04.09.2025,Nikita Moskalenko <nim@wip.tu-berlin.de>
World,P_Wind_Onshore_Avg,1,2035,0.05,,MEUR/PJ,EU REF2020 scenario: onshore medium resource,04.09.2025,Nikita Moskalenko <nim@wip.tu-berlin.de>
World,P_Wind_Onshore_Avg,1,2040,0.05,,MEUR/PJ,EU REF2020 scenario: onshore medium resource,04.09.2025,Nikita Moskalenko <nim@wip.tu-berlin.de>
World,P_Wind_Onshore_Avg,1,2045,0.05,,MEUR/PJ,EU REF2020 scenario: onshore medium resource,04.09.2025,Nikita Moskalenko <nim@wip.tu-berlin.de>
World,P_Wind_Onshore_Avg,1,2050,0.05,,MEUR/PJ,EU REF2020 scenario: onshore medium resource,04.09.2025,Nikita Moskalenko <nim@wip.tu-berlin.de>
World,P_Wind_Onshore_Avg,1,2055,0.05,,MEUR/PJ,EU REF2020 scenario: onshore medium resource,04.09.2025,Nikita Moskalenko <nim@wip.tu-berlin.de>
World,P_Wind_Onshore_Avg,1,2060,0.05,,MEUR/PJ,EU REF2020 scenario: onshore medium resource,04.09.2025,Nikita Moskalenko <nim@wip.tu-berlin.de>
World,P_Wind_Onshore_Inf,1,2018,0.0417,,MEUR/PJ,EU REF2020 scenario: onshore low resource,04.09.2025,Nikita Moskalenko <nim@wip.tu-berlin.de>
World,P_Wind_Onshore_Inf,1,2020,0.0417,,MEUR/PJ,EU REF2020 scenario: onshore low resource,04.09.2025,Nikita Moskalenko <nim@wip.tu-berlin.de>
World,P_Wind_Onshore_Inf,1,2021,0.0417,,MEUR/PJ,EU REF2020 scenario: onshore low resource,04.09.2025,Nikita Moskalenko <nim@wip.tu-berlin.de>
World,P_Wind_Onshore_Inf,1,2025,0.0417,,MEUR/PJ,EU REF2020 scenario: onshore low resource,04.09.2025,Nikita Moskalenko <nim@wip.tu-berlin.de>
World,P_Wind_Onshore_Inf,1,2030,0.0417,,MEUR/PJ,EU REF2020 scenario: onshore low resource,04.09.2025,Nikita Moskalenko <nim@wip.tu-berlin.de>
World,P_Wind_Onshore_Inf,1,2035,0.0417,,MEUR/PJ,EU REF2020 scenario: onshore low resource,04.09.2025,Nikita Moskalenko <nim@wip.tu-berlin.de>
World,P_Wind_Onshore_Inf,1,2040,0.0417,,MEUR/PJ,EU REF2020 scenario: onshore low resource,04.09.2025,Nikita Moskalenko <nim@wip.tu-berlin.de>
World,P_Wind_Onshore_Inf,1,2045,0.0417,,MEUR/PJ,EU REF2020 scenario: onshore low resource,04.09.2025,Nikita Moskalenko <nim@wip.tu-berlin.de>
World,P_Wind_Onshore_Inf,1,2050,0.0417,,MEUR/PJ,EU REF2020 scenario: onshore low resource,04.09.2025,Nikita Moskalenko <nim@wip.tu-berlin.de>
World,P_Wind_Onshore_Inf,1,2055,0.0417,,MEUR/PJ,EU REF2020 scenario: onshore low resource,04.09.2025,Nikita Moskalenko <nim@wip.tu-berlin.de>
World,P_Wind_Onshore_Inf,1,2060,0.0417,,MEUR/PJ,EU REF2020 scenario: onshore low resource,04.09.2025,Nikita Moskalenko <nim@wip.tu-berlin.de>
World,P_Wind_Onshore_Opt,1,2018,0.0694,,MEUR/PJ,EU REF2020 scenario: onshore high resource,04.09.2025,Nikita Moskalenko <nim@wip.tu-berlin.de>
World,P_Wind_Onshore_Opt,1,2020,0.0694,,MEUR/PJ,EU REF2020 scenario: onshore high resource,04.09.2025,Nikita Moskalenko <nim@wip.tu-berlin.de>
World,P_Wind_Onshore_Opt,1,2021,0.0694,,MEUR/PJ,EU REF2020 scenario: onshore high resource,04.09.2025,Nikita Moskalenko <nim@wip.tu-berlin.de>
World,P_Wind_Onshore_Opt,1,2025,0.0694,,MEUR/PJ,EU REF2020 scenario: onshore high resource,04.09.2025,Nikita Moskalenko <nim@wip.tu-berlin.de>
World,P_Wind_Onshore_Opt,1,2030,0.0694,,MEUR/PJ,EU REF2020 scenario: onshore high resource,04.09.2025,Nikita Moskalenko <nim@wip.tu-berlin.de>
World,P_Wind_Onshore_Opt,1,2035,0.0694,,MEUR/PJ,EU REF2020 scenario: onshore high resource,04.09.2025,Nikita Moskalenko <nim@wip.tu-berlin.de>
World,P_Wind_Onshore_Opt,1,2040,0.0694,,MEUR/PJ,EU REF2020 scenario: onshore high resource,04.09.2025,Nikita Moskalenko <nim@wip.tu-berlin.de>
World,P_Wind_Onshore_Opt,1,2045,0.0694,,MEUR/PJ,EU REF2020 scenario: onshore high resource,04.09.2025,Nikita Moskalenko <nim@wip.tu-berlin.de>
World,P_Wind_Onshore_Opt,1,2050,0.0694,,MEUR/PJ,EU REF2020 scenario: onshore high resource,04.09.2025,Nikita Moskalenko <nim@wip.tu-berlin.de>
World,P_Wind_Onshore_Opt,1,2055,0.0694,,MEUR/PJ,EU REF2020 scenario: onshore high resource,04.09.2025,Nikita Moskalenko <nim@wip.tu-berlin.de>
World,P_Wind_Onshore_Opt,1,2060,0.0694,,MEUR/PJ,EU REF2020 scenario: onshore high resource,04.09.2025,Nikita Moskalenko <nim@wip.tu-berlin.de>
World,R_Biogas,1,2018,5.176925274,,MEUR/PJ,"Atlas of EU biomass potentials, Deliverable 3.3, Biomass Futures Project",03.02.2026,Konstantin Loffler <kl@wip.tu-berlin.de>
World,R_Biogas,1,2020,4.681741117,,MEUR/PJ,"Atlas of EU biomass potentials, Deliverable 3.3, Biomass Futures Project",03.02.2026,Konstantin Loffler <kl@wip.tu-berlin.de>
World,R_Biogas,1,2025,4.963095752,,MEUR/PJ,"Atlas of EU biomass potentials, Deliverable 3.3, Biomass Futures Project",03.02.2026,Konstantin Loffler <kl@wip.tu-berlin.de>
World,R_Biogas,1,2030,5.244450386,,MEUR/PJ,"Atlas of EU biomass potentials, Deliverable 3.3, Biomass Futures Project",03.02.2026,Konstantin Loffler <kl@wip.tu-berlin.de>
World,R_Biogas,1,2035,5.52580502,,MEUR/PJ,"Atlas of EU biomass potentials, Deliverable 3.3, Biomass Futures Project",03.02.2026,Konstantin Loffler <kl@wip.tu-berlin.de>
World,R_Biogas,1,2040,5.807159655,,MEUR/PJ,"Atlas of EU biomass potentials, Deliverable 3.3, Biomass Futures Project",03.02.2026,Konstantin Loffler <kl@wip.tu-berlin.de>
World,R_Biogas,1,2045,6.088514289,,MEUR/PJ,"Atlas of EU biomass potentials, Deliverable 3.3, Biomass Futures Project",03.02.2026,Konstantin Loffler <kl@wip.tu-berlin.de>
World,R_Biogas,1,2050,6.369868924,,MEUR/PJ,"Atlas of EU biomass potentials, Deliverable 3.3, Biomass Futures Project",03.02.2026,Konstantin Loffler <kl@wip.tu-berlin.de>
World,R_Biogas,1,2055,6.369868924,,MEUR/PJ,same as 2050 for now,29.01.2025,Nikita Moskalenko <nim@wip.tu-berlin.de>
World,R_Biogas,1,2060,6.369868924,,MEUR/PJ,same as 2050 for now,29.01.2025,Nikita Moskalenko <nim@wip.tu-berlin.de>
World,R_Coal_Lignite,1,2018,2.324665638,,MEUR/PJ,,,
World,R_Coal_Lignite,1,2020,1.413396708,,MEUR/PJ,,,
World,R_Coal_Lignite,1,2025,1.342726872,,MEUR/PJ,,,
World,R_Coal_Lignite,1,2030,1.275590529,,MEUR/PJ,,,
World,R_Coal_Lignite,1,2035,1.211811002,,MEUR/PJ,,,
World,R_Coal_Lignite,1,2040,1.151220452,,MEUR/PJ,,,
World,R_Coal_Lignite,1,2045,1.09365943,,MEUR/PJ,,,
World,R_Coal_Lignite,1,2050,1.038976458,,MEUR/PJ,,,
World,R_Coal_Lignite,1,2055,1.038976458,,MEUR/PJ,same as 2050 for now,29.01.2025,Nikita Moskalenko <nim@wip.tu-berlin.de>
World,R_Coal_Lignite,1,2060,1.038976458,,MEUR/PJ,same as 2050 for now,29.01.2025,Nikita Moskalenko <nim@wip.tu-berlin.de>
World,R_Grass,1,2018,3.384912679,,MEUR/PJ,"Atlas of EU biomass potentials, Deliverable 3.3, Biomass Futures Project",03.02.2026,Konstantin Loffler <kl@wip.tu-berlin.de>
World,R_Grass,1,2020,3.061138423,,MEUR/PJ,"Atlas of EU biomass potentials, Deliverable 3.3, Biomass Futures Project",03.02.2026,Konstantin Loffler <kl@wip.tu-berlin.de>
World,R_Grass,1,2025,3.245101068,,MEUR/PJ,"Atlas of EU biomass potentials, Deliverable 3.3, Biomass Futures Project",03.02.2026,Konstantin Loffler <kl@wip.tu-berlin.de>
World,R_Grass,1,2030,3.429063714,,MEUR/PJ,"Atlas of EU biomass potentials, Deliverable 3.3, Biomass Futures Project",03.02.2026,Konstantin Loffler <kl@wip.tu-berlin.de>
World,R_Grass,1,2035,3.61302636,,MEUR/PJ,"Atlas of EU biomass potentials, Deliverable 3.3, Biomass Futures Project",03.02.2026,Konstantin Loffler <kl@wip.tu-berlin.de>
World,R_Grass,1,2040,3.796989005,,MEUR/PJ,"Atlas of EU biomass potentials, Deliverable 3.3, Biomass Futures Project",03.02.2026,Konstantin Loffler <kl@wip.tu-berlin.de>
World,R_Grass,1,2045,3.980951651,,MEUR/PJ,"Atlas of EU biomass potentials, Deliverable 3.3, Biomass Futures Project",03.02.2026,Konstantin Loffler <kl@wip.tu-berlin.de>
World,R_Grass,1,2050,4.164914296,,MEUR/PJ,"Atlas of EU biomass potentials, Deliverable 3.3, Biomass Futures Project",03.02.2026,Konstantin Loffler <kl@wip.tu-berlin.de>
World,R_Grass,1,2055,4.164914296,,MEUR/PJ,same as 2050 for now,29.01.2025,Nikita Moskalenko <nim@wip.tu-berlin.de>
World,R_Grass,1,2060,4.164914296,,MEUR/PJ,same as 2050 for now,29.01.2025,Nikita Moskalenko <nim@wip.tu-berlin.de>
World,R_Nuclear,1,2018,0.722222222,,MEUR/PJ,Uranium Table 1.9- Financial assumptions for the fossil fuel price and GHG emission cost- High cost of slow energy transitions for emerging countries: On the case of Egypt's pathway options Appendix A Supplementary data,16.10.2023,Luka Garibashvili <lukaga@stud.ntnu.no>
World,R_Nuclear,1,2020,0.722222222,,MEUR/PJ,Uranium Table 1.9- Financial assumptions for the fossil fuel price and GHG emission cost- High cost of slow energy transitions for emerging countries: On the case of Egypt's pathway options Appendix A Supplementary data,16.10.2023,Luka Garibashvili <lukaga@stud.ntnu.no>
World,R_Nuclear,1,2025,0.722222222,,MEUR/PJ,Uranium Table 1.9- Financial assumptions for the fossil fuel price and GHG emission cost- High cost of slow energy transitions for emerging countries: On the case of Egypt's pathway options Appendix A Supplementary data,16.10.2023,Luka Garibashvili <lukaga@stud.ntnu.no>
World,R_Nuclear,1,2030,0.722222222,,MEUR/PJ,Uranium Table 1.9- Financial assumptions for the fossil fuel price and GHG emission cost- High cost of slow energy transitions for emerging countries: On the case of Egypt's pathway options Appendix A Supplementary data,16.10.2023,Luka Garibashvili <lukaga@stud.ntnu.no>
World,R_Nuclear,1,2035,0.722222222,,MEUR/PJ,Uranium Table 1.9- Financial assumptions for the fossil fuel price and GHG emission cost- High cost of slow energy transitions for emerging countries: On the case of Egypt's pathway options Appendix A Supplementary data,16.10.2023,Luka Garibashvili <lukaga@stud.ntnu.no>
World,R_Nuclear,1,2040,0.722222222,,MEUR/PJ,Uranium Table 1.9- Financial assumptions for the fossil fuel price and GHG emission cost- High cost of slow energy transitions for emerging countries: On the case of Egypt's pathway options Appendix A Supplementary data,16.10.2023,Luka Garibashvili <lukaga@stud.ntnu.no>
World,R_Nuclear,1,2045,0.722222222,,MEUR/PJ,Uranium Table 1.9- Financial assumptions for the fossil fuel price and GHG emission cost- High cost of slow energy transitions for emerging countries: On the case of Egypt's pathway options Appendix A Supplementary data,16.10.2023,Luka Garibashvili <lukaga@stud.ntnu.no>
World,R_Nuclear,1,2050,0.722222222,,MEUR/PJ,Uranium Table 1.9- Financial assumptions for the fossil fuel price and GHG emission cost- High cost of slow energy transitions for emerging countries: On the case of Egypt's pathway options Appendix A Supplementary data,16.10.2023,Luka Garibashvili <lukaga@stud.ntnu.no>
World,R_Nuclear,1,2055,0.722222222,,MEUR/PJ,same as 2050 for now,29.01.2025,Nikita Moskalenko <nim@wip.tu-berlin.de>
World,R_Nuclear,1,2060,0.722222222,,MEUR/PJ,same as 2050 for now,29.01.2025,Nikita Moskalenko <nim@wip.tu-berlin.de>
World,R_Paper_Cardboard,1,2018,9.257637081,,MEUR/PJ,"Atlas of EU biomass potentials, Deliverable 3.3, Biomass Futures Project",03.02.2026,Konstantin Loffler <kl@wip.tu-berlin.de>
World,R_Paper_Cardboard,1,2020,8.372123969,,MEUR/PJ,"Atlas of EU biomass potentials, Deliverable 3.3, Biomass Futures Project",03.02.2026,Konstantin Loffler <kl@wip.tu-berlin.de>
World,R_Paper_Cardboard,1,2025,8.875256419,,MEUR/PJ,"Atlas of EU biomass potentials, Deliverable 3.3, Biomass Futures Project",03.02.2026,Konstantin Loffler <kl@wip.tu-berlin.de>
World,R_Paper_Cardboard,1,2030,9.378388869,,MEUR/PJ,"Atlas of EU biomass potentials, Deliverable 3.3, Biomass Futures Project",03.02.2026,Konstantin Loffler <kl@wip.tu-berlin.de>
World,R_Paper_Cardboard,1,2035,9.881521319,,MEUR/PJ,"Atlas of EU biomass potentials, Deliverable 3.3, Biomass Futures Project",03.02.2026,Konstantin Loffler <kl@wip.tu-berlin.de>
World,R_Paper_Cardboard,1,2040,10.38465377,,MEUR/PJ,"Atlas of EU biomass potentials, Deliverable 3.3, Biomass Futures Project",03.02.2026,Konstantin Loffler <kl@wip.tu-berlin.de>
World,R_Paper_Cardboard,1,2045,10.88778622,,MEUR/PJ,"Atlas of EU biomass potentials, Deliverable 3.3, Biomass Futures Project",03.02.2026,Konstantin Loffler <kl@wip.tu-berlin.de>
World,R_Paper_Cardboard,1,2050,11.39091867,,MEUR/PJ,"Atlas of EU biomass potentials, Deliverable 3.3, Biomass Futures Project",03.02.2026,Konstantin Loffler <kl@wip.tu-berlin.de>
World,R_Paper_Cardboard,1,2055,11.39091867,,MEUR/PJ,same as 2050 for now,29.01.2025,Nikita Moskalenko <nim@wip.tu-berlin.de>
World,R_Paper_Cardboard,1,2060,11.39091867,,MEUR/PJ,same as 2050 for now,29.01.2025,Nikita Moskalenko <nim@wip.tu-berlin.de>
World,R_Residues,1,2018,3.982250211,,MEUR/PJ,"Atlas of EU biomass potentials, Deliverable 3.3, Biomass Futures Project",03.02.2026,Konstantin Loffler <kl@wip.tu-berlin.de>
World,R_Residues,1,2020,3.601339321,,MEUR/PJ,"Atlas of EU biomass potentials, Deliverable 3.3, Biomass Futures Project",03.02.2026,Konstantin Loffler <kl@wip.tu-berlin.de>
World,R_Residues,1,2025,3.817765963,,MEUR/PJ,"Atlas of EU biomass potentials, Deliverable 3.3, Biomass Futures Project",03.02.2026,Konstantin Loffler <kl@wip.tu-berlin.de>
World,R_Residues,1,2030,4.034192605,,MEUR/PJ,"Atlas of EU biomass potentials, Deliverable 3.3, Biomass Futures Project",03.02.2026,Konstantin Loffler <kl@wip.tu-berlin.de>
World,R_Residues,1,2035,4.250619247,,MEUR/PJ,"Atlas of EU biomass potentials, Deliverable 3.3, Biomass Futures Project",03.02.2026,Konstantin Loffler <kl@wip.tu-berlin.de>
World,R_Residues,1,2040,4.467045888,,MEUR/PJ,"Atlas of EU biomass potentials, Deliverable 3.3, Biomass Futures Project",03.02.2026,Konstantin Loffler <kl@wip.tu-berlin.de>
World,R_Residues,1,2045,4.68347253,,MEUR/PJ,"Atlas of EU biomass potentials, Deliverable 3.3, Biomass Futures Project",03.02.2026,Konstantin Loffler <kl@wip.tu-berlin.de>
World,R_Residues,1,2050,4.899899172,,MEUR/PJ,"Atlas of EU biomass potentials, Deliverable 3.3, Biomass Futures Project",03.02.2026,Konstantin Loffler <kl@wip.tu-berlin.de>
World,R_Residues,1,2055,4.899899172,,MEUR/PJ,same as 2050 for now,29.01.2025,Nikita Moskalenko <nim@wip.tu-berlin.de>
World,R_Residues,1,2060,4.899899172,,MEUR/PJ,same as 2050 for now,29.01.2025,Nikita Moskalenko <nim@wip.tu-berlin.de>
World,R_Roundwood,1,2018,14.68136063,,MEUR/PJ,"Atlas of EU biomass potentials, Deliverable 3.3, Biomass Futures Project",03.02.2026,Konstantin Loffler <kl@wip.tu-berlin.de>
World,R_Roundwood,1,2020,13.27705657,,MEUR/PJ,"Atlas of EU biomass potentials, Deliverable 3.3, Biomass Futures Project",03.02.2026,Konstantin Loffler <kl@wip.tu-berlin.de>
World,R_Roundwood,1,2025,14.0749566,,MEUR/PJ,"Atlas of EU biomass potentials, Deliverable 3.3, Biomass Futures Project",03.02.2026,Konstantin Loffler <kl@wip.tu-berlin.de>
World,R_Roundwood,1,2030,14.87285664,,MEUR/PJ,"Atlas of EU biomass potentials, Deliverable 3.3, Biomass Futures Project",03.02.2026,Konstantin Loffler <kl@wip.tu-berlin.de>
World,R_Roundwood,1,2035,15.67075667,,MEUR/PJ,"Atlas of EU biomass potentials, Deliverable 3.3, Biomass Futures Project",03.02.2026,Konstantin Loffler <kl@wip.tu-berlin.de>
World,R_Roundwood,1,2040,16.46865671,,MEUR/PJ,"Atlas of EU biomass potentials, Deliverable 3.3, Biomass Futures Project",03.02.2026,Konstantin Loffler <kl@wip.tu-berlin.de>
World,R_Roundwood,1,2045,17.26655674,,MEUR/PJ,"Atlas of EU biomass potentials, Deliverable 3.3, Biomass Futures Project",03.02.2026,Konstantin Loffler <kl@wip.tu-berlin.de>
World,R_Roundwood,1,2050,18.06445677,,MEUR/PJ,"Atlas of EU biomass potentials, Deliverable 3.3, Biomass Futures Project",03.02.2026,Konstantin Loffler <kl@wip.tu-berlin.de>
World,R_Roundwood,1,2055,18.06445677,,MEUR/PJ,same as 2050 for now,29.01.2025,Nikita Moskalenko <nim@wip.tu-berlin.de>
World,R_Roundwood,1,2060,18.06445677,,MEUR/PJ,same as 2050 for now,29.01.2025,Nikita Moskalenko <nim@wip.tu-berlin.de>
World,R_Wood,1,2018,3.58402519,,MEUR/PJ,"Atlas of EU biomass potentials, Deliverable 3.3, Biomass Futures Project",03.02.2026,Konstantin Loffler <kl@wip.tu-berlin.de>
World,R_Wood,1,2020,3.241205389,,MEUR/PJ,"Atlas of EU biomass potentials, Deliverable 3.3, Biomass Futures Project",03.02.2026,Konstantin Loffler <kl@wip.tu-berlin.de>
World,R_Wood,1,2025,3.435989366,,MEUR/PJ,"Atlas of EU biomass potentials, Deliverable 3.3, Biomass Futures Project",03.02.2026,Konstantin Loffler <kl@wip.tu-berlin.de>
World,R_Wood,1,2030,3.630773344,,MEUR/PJ,"Atlas of EU biomass potentials, Deliverable 3.3, Biomass Futures Project",03.02.2026,Konstantin Loffler <kl@wip.tu-berlin.de>
World,R_Wood,1,2035,3.825557322,,MEUR/PJ,"Atlas of EU biomass potentials, Deliverable 3.3, Biomass Futures Project",03.02.2026,Konstantin Loffler <kl@wip.tu-berlin.de>
World,R_Wood,1,2040,4.0203413,,MEUR/PJ,"Atlas of EU biomass potentials, Deliverable 3.3, Biomass Futures Project",03.02.2026,Konstantin Loffler <kl@wip.tu-berlin.de>
World,R_Wood,1,2045,4.215125277,,MEUR/PJ,"Atlas of EU biomass potentials, Deliverable 3.3, Biomass Futures Project",03.02.2026,Konstantin Loffler <kl@wip.tu-berlin.de>
World,R_Wood,1,2050,4.409909255,,MEUR/PJ,"Atlas of EU biomass potentials, Deliverable 3.3, Biomass Futures Project",03.02.2026,Konstantin Loffler <kl@wip.tu-berlin.de>
World,R_Wood,1,2055,4.409909255,,MEUR/PJ,same as 2050 for now,29.01.2025,Nikita Moskalenko <nim@wip.tu-berlin.de>
World,R_Wood,1,2060,4.409909255,,MEUR/PJ,same as 2050 for now,29.01.2025,Nikita Moskalenko <nim@wip.tu-berlin.de>
World,X_Biofuel,1,2018,2.505555556,,MEUR/PJ,HVO / renwable diesel- https://ens.dk/en/our-services/technology-catalogues/technology-data-renewable-fuels,02.09.2024,Alena Diesing <ad@wip.tu-berlin.de>
World,X_Biofuel,1,2025,2.505555556,,MEUR/PJ,HVO / renwable diesel- https://ens.dk/en/our-services/technology-catalogues/technology-data-renewable-fuels,02.09.2024,Alena Diesing <ad@wip.tu-berlin.de>
World,X_Biofuel,1,2030,2.505555556,,MEUR/PJ,HVO / renwable diesel- https://ens.dk/en/our-services/technology-catalogues/technology-data-renewable-fuels,02.09.2024,Alena Diesing <ad@wip.tu-berlin.de>
World,X_Biofuel,1,2035,2.505555556,,MEUR/PJ,HVO / renwable diesel- https://ens.dk/en/our-services/technology-catalogues/technology-data-renewable-fuels,02.09.2024,Alena Diesing <ad@wip.tu-berlin.de>
World,X_Biofuel,1,2040,2.505555556,,MEUR/PJ,HVO / renwable diesel- https://ens.dk/en/our-services/technology-catalogues/technology-data-renewable-fuels,02.09.2024,Alena Diesing <ad@wip.tu-berlin.de>
World,X_Biofuel,1,2045,2.505555556,,MEUR/PJ,HVO / renwable diesel- https://ens.dk/en/our-services/technology-catalogues/technology-data-renewable-fuels,02.09.2024,Alena Diesing <ad@wip.tu-berlin.de>
World,X_Biofuel,1,2050,2.505555556,,MEUR/PJ,HVO / renwable diesel- https://ens.dk/en/our-services/technology-catalogues/technology-data-renewable-fuels,02.09.2024,Alena Diesing <ad@wip.tu-berlin.de>
World,X_Biofuel,1,2055,2.505555556,,MEUR/PJ,same as 2050 for now,29.01.2025,Nikita Moskalenko <nim@wip.tu-berlin.de>
World,X_Biofuel,1,2060,2.505555556,,MEUR/PJ,same as 2050 for now,29.01.2025,Nikita Moskalenko <nim@wip.tu-berlin.de>
World,X_DAC_HT,1,2018,1.44,,MEUR/PJ,,,
World,X_DAC_HT,1,2020,1.152,,MEUR/PJ,,,
World,X_DAC_HT,1,2021,,,MEUR/PJ,,,
World,X_DAC_HT,1,2025,1.152,,MEUR/PJ,,,
World,X_DAC_HT,1,2030,1.152,,MEUR/PJ,,,
World,X_DAC_HT,1,2035,1.152,,MEUR/PJ,,,
World,X_DAC_HT,1,2040,1.152,,MEUR/PJ,,,
World,X_DAC_HT,1,2045,1.152,,MEUR/PJ,,,
World,X_DAC_HT,1,2050,1.152,,MEUR/PJ,,,
World,X_DAC_HT,1,2055,1.152,,MEUR/PJ,same as 2050 for now,29.01.2025,Nikita Moskalenko <nim@wip.tu-berlin.de>
World,X_DAC_HT,1,2060,1.152,,MEUR/PJ,same as 2050 for now,29.01.2025,Nikita Moskalenko <nim@wip.tu-berlin.de>
World,X_DAC_LT,1,2018,1.44,,MEUR/PJ,,,
World,X_DAC_LT,1,2020,1.152,,MEUR/PJ,,,
World,X_DAC_LT,1,2021,,,MEUR/PJ,,,
World,X_DAC_LT,1,2025,1.152,,MEUR/PJ,,,
World,X_DAC_LT,1,2030,1.152,,MEUR/PJ,,,
World,X_DAC_LT,1,2035,1.152,,MEUR/PJ,,,
World,X_DAC_LT,1,2040,1.152,,MEUR/PJ,,,
World,X_DAC_LT,1,2045,1.152,,MEUR/PJ,,,
World,X_DAC_LT,1,2050,1.152,,MEUR/PJ,,,
World,X_DAC_LT,1,2055,1.152,,MEUR/PJ,same as 2050 for now,29.01.2025,Nikita Moskalenko <nim@wip.tu-berlin.de>
World,X_DAC_LT,1,2060,1.152,,MEUR/PJ,same as 2050 for now,29.01.2025,Nikita Moskalenko <nim@wip.tu-berlin.de>
World,X_Electrolysis,1,2018,0.001,,MEUR/PJ,,,
World,X_Electrolysis,1,2020,0.001,,MEUR/PJ,,,
World,X_Electrolysis,1,2021,0.001,,MEUR/PJ,Hydrogen production via Alkaline electrolysis for 100 MW plant - https://ens.dk/en/our-services/technology-catalogues/technology-data-renewable-fuels,02.09.2024,Alena Diesing <ad@wip.tu-berlin.de>
World,X_Electrolysis,1,2025,0.001,,MEUR/PJ,Hydrogen production via Alkaline electrolysis for 100 MW plant - https://ens.dk/en/our-services/technology-catalogues/technology-data-renewable-fuels,02.09.2024,Alena Diesing <ad@wip.tu-berlin.de>
World,X_Electrolysis,1,2030,0.001,,MEUR/PJ,Hydrogen production via Alkaline electrolysis for 100 MW plant - https://ens.dk/en/our-services/technology-catalogues/technology-data-renewable-fuels,02.09.2024,Alena Diesing <ad@wip.tu-berlin.de>
World,X_Electrolysis,1,2035,0.001,,MEUR/PJ,Hydrogen production via Alkaline electrolysis for 100 MW plant - https://ens.dk/en/our-services/technology-catalogues/technology-data-renewable-fuels,02.09.2024,Alena Diesing <ad@wip.tu-berlin.de>
World,X_Electrolysis,1,2040,0.001,,MEUR/PJ,Hydrogen production via Alkaline electrolysis for 100 MW plant - https://ens.dk/en/our-services/technology-catalogues/technology-data-renewable-fuels,02.09.2024,Alena Diesing <ad@wip.tu-berlin.de>
World,X_Electrolysis,1,2045,0.001,,MEUR/PJ,Hydrogen production via Alkaline electrolysis for 100 MW plant - https://ens.dk/en/our-services/technology-catalogues/technology-data-renewable-fuels,02.09.2024,Alena Diesing <ad@wip.tu-berlin.de>
World,X_Electrolysis,1,2050,0.001,,MEUR/PJ,Hydrogen production via Alkaline electrolysis for 100 MW plant - https://ens.dk/en/our-services/technology-catalogues/technology-data-renewable-fuels,02.09.2024,Alena Diesing <ad@wip.tu-berlin.de>
World,X_Electrolysis,1,2055,0.001,,MEUR/PJ,same as 2050 for now,29.01.2025,Nikita Moskalenko <nim@wip.tu-berlin.de>
World,X_Electrolysis,1,2060,0.001,,MEUR/PJ,same as 2050 for now,29.01.2025,Nikita Moskalenko <nim@wip.tu-berlin.de>
World,X_Fuel_Cell,1,2018,0.288888889,,MEUR/PJ,,,
World,X_Fuel_Cell,1,2020,0.288888889,,MEUR/PJ,,,
World,X_Fuel_Cell,1,2021,0.288888889,,MEUR/PJ,Fuel cell gas- https://energy.ec.europa.eu/data-and-analysis/energy-modelling/eu-reference-scenario-2020_en,02.09.2024,Alena Diesing <ad@wip.tu-berlin.de>
World,X_Fuel_Cell,1,2025,0.288888889,,MEUR/PJ,Fuel cell gas- https://energy.ec.europa.eu/data-and-analysis/energy-modelling/eu-reference-scenario-2020_en,02.09.2024,Alena Diesing <ad@wip.tu-berlin.de>
World,X_Fuel_Cell,1,2030,0.288888889,,MEUR/PJ,Fuel cell gas- https://energy.ec.europa.eu/data-and-analysis/energy-modelling/eu-reference-scenario-2020_en,02.09.2024,Alena Diesing <ad@wip.tu-berlin.de>
World,X_Fuel_Cell,1,2035,0.288888889,,MEUR/PJ,Fuel cell gas- https://energy.ec.europa.eu/data-and-analysis/energy-modelling/eu-reference-scenario-2020_en,02.09.2024,Alena Diesing <ad@wip.tu-berlin.de>
World,X_Fuel_Cell,1,2040,0.288888889,,MEUR/PJ,Fuel cell gas- https://energy.ec.europa.eu/data-and-analysis/energy-modelling/eu-reference-scenario-2020_en,02.09.2024,Alena Diesing <ad@wip.tu-berlin.de>
World,X_Fuel_Cell,1,2045,0.288888889,,MEUR/PJ,Fuel cell gas- https://energy.ec.europa.eu/data-and-analysis/energy-modelling/eu-reference-scenario-2020_en,02.09.2024,Alena Diesing <ad@wip.tu-berlin.de>
World,X_Fuel_Cell,1,2050,0.288888889,,MEUR/PJ,Fuel cell gas- https://energy.ec.europa.eu/data-and-analysis/energy-modelling/eu-reference-scenario-2020_en,02.09.2024,Alena Diesing <ad@wip.tu-berlin.de>
World,X_Fuel_Cell,1,2055,0.288888889,,MEUR/PJ,same as 2050 for now,29.01.2025,Nikita Moskalenko <nim@wip.tu-berlin.de>
World,X_Fuel_Cell,1,2060,0.288888889,,MEUR/PJ,same as 2050 for now,29.01.2025,Nikita Moskalenko <nim@wip.tu-berlin.de>
World,X_Fuel_Cell,2,2018,0.288888889,,MEUR/PJ,,,
World,X_Fuel_Cell,2,2020,0.288888889,,MEUR/PJ,,,
World,X_Fuel_Cell,2,2021,0.288888889,,MEUR/PJ,Fuel cell gas- https://energy.ec.europa.eu/data-and-analysis/energy-modelling/eu-reference-scenario-2020_en,02.09.2024,Alena Diesing <ad@wip.tu-berlin.de>
World,X_Fuel_Cell,2,2025,0.288888889,,MEUR/PJ,Fuel cell gas- https://energy.ec.europa.eu/data-and-analysis/energy-modelling/eu-reference-scenario-2020_en,02.09.2024,Alena Diesing <ad@wip.tu-berlin.de>
World,X_Fuel_Cell,2,2030,0.288888889,,MEUR/PJ,Fuel cell gas- https://energy.ec.europa.eu/data-and-analysis/energy-modelling/eu-reference-scenario-2020_en,02.09.2024,Alena Diesing <ad@wip.tu-berlin.de>
World,X_Fuel_Cell,2,2035,0.288888889,,MEUR/PJ,Fuel cell gas- https://energy.ec.europa.eu/data-and-analysis/energy-modelling/eu-reference-scenario-2020_en,02.09.2024,Alena Diesing <ad@wip.tu-berlin.de>
World,X_Fuel_Cell,2,2040,0.288888889,,MEUR/PJ,Fuel cell gas- https://energy.ec.europa.eu/data-and-analysis/energy-modelling/eu-reference-scenario-2020_en,02.09.2024,Alena Diesing <ad@wip.tu-berlin.de>
World,X_Fuel_Cell,2,2045,0.288888889,,MEUR/PJ,Fuel cell gas- https://energy.ec.europa.eu/data-and-analysis/energy-modelling/eu-reference-scenario-2020_en,02.09.2024,Alena Diesing <ad@wip.tu-berlin.de>
World,X_Fuel_Cell,2,2050,0.288888889,,MEUR/PJ,Fuel cell gas- https://energy.ec.europa.eu/data-and-analysis/energy-modelling/eu-reference-scenario-2020_en,02.09.2024,Alena Diesing <ad@wip.tu-berlin.de>
World,X_Fuel_Cell,2,2055,0.288888889,,MEUR/PJ,same as 2050 for now,29.01.2025,Nikita Moskalenko <nim@wip.tu-berlin.de>
World,X_Fuel_Cell,2,2060,0.288888889,,MEUR/PJ,same as 2050 for now,29.01.2025,Nikita Moskalenko <nim@wip.tu-berlin.de>
World,X_Gasifier,1,2018,0.75,,MEUR/PJ,Gasifier biomass producer gas small - medium scale - https://ens.dk/en/our-services/technology-catalogues/technology-data-renewable-fuels,02.09.2024,Alena Diesing <ad@wip.tu-berlin.de>
World,X_Gasifier,1,2025,0.694444444,,MEUR/PJ,Gasifier biomass producer gas small - medium scale - https://ens.dk/en/our-services/technology-catalogues/technology-data-renewable-fuels,02.09.2024,Alena Diesing <ad@wip.tu-berlin.de>
World,X_Gasifier,1,2030,0.638888889,,MEUR/PJ,Gasifier biomass producer gas small - medium scale - https://ens.dk/en/our-services/technology-catalogues/technology-data-renewable-fuels,02.09.2024,Alena Diesing <ad@wip.tu-berlin.de>
World,X_Gasifier,1,2035,0.625,,MEUR/PJ,Gasifier biomass producer gas small - medium scale - https://ens.dk/en/our-services/technology-catalogues/technology-data-renewable-fuels,02.09.2024,Alena Diesing <ad@wip.tu-berlin.de>
World,X_Gasifier,1,2040,0.611111111,,MEUR/PJ,Gasifier biomass producer gas small - medium scale - https://ens.dk/en/our-services/technology-catalogues/technology-data-renewable-fuels,02.09.2024,Alena Diesing <ad@wip.tu-berlin.de>
World,X_Gasifier,1,2045,0.597222222,,MEUR/PJ,Gasifier biomass producer gas small - medium scale - https://ens.dk/en/our-services/technology-catalogues/technology-data-renewable-fuels,02.09.2024,Alena Diesing <ad@wip.tu-berlin.de>
World,X_Gasifier,1,2050,0.583333333,,MEUR/PJ,Gasifier biomass producer gas small - medium scale - https://ens.dk/en/our-services/technology-catalogues/technology-data-renewable-fuels,02.09.2024,Alena Diesing <ad@wip.tu-berlin.de>
World,X_Gasifier,1,2055,0.583333333,,MEUR/PJ,same as 2050 for now,29.01.2025,Nikita Moskalenko <nim@wip.tu-berlin.de>
World,X_Gasifier,1,2060,0.583333333,,MEUR/PJ,same as 2050 for now,29.01.2025,Nikita Moskalenko <nim@wip.tu-berlin.de>
World,X_Liquifier,1,2018,0.001,,MEUR/PJ,Gas Liquefaction plant  - https://energy.ec.europa.eu/data-and-analysis/energy-modelling/eu-reference-scenario-2020_en,04.09.2024,Alena Diesing <ad@wip.tu-berlin.de>
World,X_Liquifier,1,2025,0.001,,MEUR/PJ,Gas Liquefaction plant  - https://energy.ec.europa.eu/data-and-analysis/energy-modelling/eu-reference-scenario-2020_en,04.09.2024,Alena Diesing <ad@wip.tu-berlin.de>
World,X_Liquifier,1,2030,0.001,,MEUR/PJ,Gas Liquefaction plant  - https://energy.ec.europa.eu/data-and-analysis/energy-modelling/eu-reference-scenario-2020_en,04.09.2024,Alena Diesing <ad@wip.tu-berlin.de>
World,X_Liquifier,1,2035,0.001,,MEUR/PJ,Gas Liquefaction plant  - https://energy.ec.europa.eu/data-and-analysis/energy-modelling/eu-reference-scenario-2020_en,04.09.2024,Alena Diesing <ad@wip.tu-berlin.de>
World,X_Liquifier,1,2040,0.001,,MEUR/PJ,Gas Liquefaction plant  - https://energy.ec.europa.eu/data-and-analysis/energy-modelling/eu-reference-scenario-2020_en,04.09.2024,Alena Diesing <ad@wip.tu-berlin.de>
World,X_Liquifier,1,2045,0.001,,MEUR/PJ,Gas Liquefaction plant  - https://energy.ec.europa.eu/data-and-analysis/energy-modelling/eu-reference-scenario-2020_en,04.09.2024,Alena Diesing <ad@wip.tu-berlin.de>
World,X_Liquifier,1,2050,0.001,,MEUR/PJ,Gas Liquefaction plant  - https://energy.ec.europa.eu/data-and-analysis/energy-modelling/eu-reference-scenario-2020_en,04.09.2024,Alena Diesing <ad@wip.tu-berlin.de>
World,X_Liquifier,1,2055,0.001,,MEUR/PJ,same as 2050 for now,29.01.2025,Nikita Moskalenko <nim@wip.tu-berlin.de>
World,X_Liquifier,1,2060,0.001,,MEUR/PJ,same as 2050 for now,29.01.2025,Nikita Moskalenko <nim@wip.tu-berlin.de>
World,X_Methanation,1,2018,0.001,,MEUR/PJ,,,
World,X_Methanation,1,2020,0.001,,MEUR/PJ,,,
World,X_Methanation,1,2021,0.001,,MEUR/PJ,Methanol from hydrogen and carbon dioxide- https://ens.dk/en/our-services/technology-catalogues/technology-data-renewable-fuels,02.09.2024,Alena Diesing <ad@wip.tu-berlin.de>
World,X_Methanation,1,2025,0.001,,MEUR/PJ,Methanol from hydrogen and carbon dioxide- https://ens.dk/en/our-services/technology-catalogues/technology-data-renewable-fuels,02.09.2024,Alena Diesing <ad@wip.tu-berlin.de>
World,X_Methanation,1,2030,0.001,,MEUR/PJ,Methanol from hydrogen and carbon dioxide- https://ens.dk/en/our-services/technology-catalogues/technology-data-renewable-fuels,02.09.2024,Alena Diesing <ad@wip.tu-berlin.de>
World,X_Methanation,1,2035,0.001,,MEUR/PJ,Methanol from hydrogen and carbon dioxide- https://ens.dk/en/our-services/technology-catalogues/technology-data-renewable-fuels,02.09.2024,Alena Diesing <ad@wip.tu-berlin.de>
World,X_Methanation,1,2040,0.001,,MEUR/PJ,Methanol from hydrogen and carbon dioxide- https://ens.dk/en/our-services/technology-catalogues/technology-data-renewable-fuels,02.09.2024,Alena Diesing <ad@wip.tu-berlin.de>
World,X_Methanation,1,2045,0.001,,MEUR/PJ,Methanol from hydrogen and carbon dioxide- https://ens.dk/en/our-services/technology-catalogues/technology-data-renewable-fuels,02.09.2024,Alena Diesing <ad@wip.tu-berlin.de>
World,X_Methanation,1,2050,0.001,,MEUR/PJ,Methanol from hydrogen and carbon dioxide- https://ens.dk/en/our-services/technology-catalogues/technology-data-renewable-fuels,02.09.2024,Alena Diesing <ad@wip.tu-berlin.de>
World,X_Methanation,1,2055,0.001,,MEUR/PJ,same as 2050 for now,29.01.2025,Nikita Moskalenko <nim@wip.tu-berlin.de>
World,X_Methanation,1,2060,0.001,,MEUR/PJ,same as 2050 for now,29.01.2025,Nikita Moskalenko <nim@wip.tu-berlin.de>
World,X_Methanation,2,2018,6.027777778,,MEUR/PJ,,,
World,X_Methanation,2,2020,6.027777778,,MEUR/PJ,,,
World,X_Methanation,2,2021,6.027777778,,MEUR/PJ,Bio Methanol- https://ens.dk/en/our-services/technology-catalogues/technology-data-renewable-fuels,04.09.2024,Alena Diesing <ad@wip.tu-berlin.de>
World,X_Methanation,2,2025,5.027777778,,MEUR/PJ,Bio Methanol- https://ens.dk/en/our-services/technology-catalogues/technology-data-renewable-fuels,04.09.2024,Alena Diesing <ad@wip.tu-berlin.de>
World,X_Methanation,2,2030,4.027777778,,MEUR/PJ,Bio Methanol- https://ens.dk/en/our-services/technology-catalogues/technology-data-renewable-fuels,04.09.2024,Alena Diesing <ad@wip.tu-berlin.de>
World,X_Methanation,2,2035,4.027777778,,MEUR/PJ,Bio Methanol- https://ens.dk/en/our-services/technology-catalogues/technology-data-renewable-fuels,04.09.2024,Alena Diesing <ad@wip.tu-berlin.de>
World,X_Methanation,2,2040,4.027777778,,MEUR/PJ,Bio Methanol- https://ens.dk/en/our-services/technology-catalogues/technology-data-renewable-fuels,04.09.2024,Alena Diesing <ad@wip.tu-berlin.de>
World,X_Methanation,2,2045,4.027777778,,MEUR/PJ,Bio Methanol- https://ens.dk/en/our-services/technology-catalogues/technology-data-renewable-fuels,04.09.2024,Alena Diesing <ad@wip.tu-berlin.de>
World,X_Methanation,2,2050,4.027777778,,MEUR/PJ,Bio Methanol- https://ens.dk/en/our-services/technology-catalogues/technology-data-renewable-fuels,04.09.2024,Alena Diesing <ad@wip.tu-berlin.de>
World,X_Methanation,2,2055,4.027777778,,MEUR/PJ,same as 2050 for now,29.01.2025,Nikita Moskalenko <nim@wip.tu-berlin.de>
World,X_Methanation,2,2060,4.027777778,,MEUR/PJ,same as 2050 for now,29.01.2025,Nikita Moskalenko <nim@wip.tu-berlin.de>
World,X_Powerfuel,1,2018,2.510805556,,MEUR/PJ,Power to Jet Fuel- https://ens.dk/en/our-services/technology-catalogues/technology-data-renewable-fuels,04.09.2024,Alena Diesing <ad@wip.tu-berlin.de>
World,X_Powerfuel,1,2025,2.038183333,,MEUR/PJ,Power to Jet Fuel- https://ens.dk/en/our-services/technology-catalogues/technology-data-renewable-fuels,04.09.2024,Alena Diesing <ad@wip.tu-berlin.de>
World,X_Powerfuel,1,2030,1.565561111,,MEUR/PJ,Power to Jet Fuel- https://ens.dk/en/our-services/technology-catalogues/technology-data-renewable-fuels,04.09.2024,Alena Diesing <ad@wip.tu-berlin.de>
World,X_Powerfuel,1,2035,1.255402778,,MEUR/PJ,Power to Jet Fuel- https://ens.dk/en/our-services/technology-catalogues/technology-data-renewable-fuels,04.09.2024,Alena Diesing <ad@wip.tu-berlin.de>
World,X_Powerfuel,1,2040,0.945244444,,MEUR/PJ,Power to Jet Fuel- https://ens.dk/en/our-services/technology-catalogues/technology-data-renewable-fuels,04.09.2024,Alena Diesing <ad@wip.tu-berlin.de>
World,X_Powerfuel,1,2045,0.782780556,,MEUR/PJ,Power to Jet Fuel- https://ens.dk/en/our-services/technology-catalogues/technology-data-renewable-fuels,04.09.2024,Alena Diesing <ad@wip.tu-berlin.de>
World,X_Powerfuel,1,2050,0.620316667,,MEUR/PJ,Power to Jet Fuel- https://ens.dk/en/our-services/technology-catalogues/technology-data-renewable-fuels,04.09.2024,Alena Diesing <ad@wip.tu-berlin.de>
World,X_Powerfuel,1,2055,0.620316667,,MEUR/PJ,same as 2050 for now,29.01.2025,Nikita Moskalenko <nim@wip.tu-berlin.de>
World,X_Powerfuel,1,2060,0.620316667,,MEUR/PJ,same as 2050 for now,29.01.2025,Nikita Moskalenko <nim@wip.tu-berlin.de>
World,X_SMR,1,2018,0.06,,MEUR/PJ,"Hydrogen4EU_Report_Final_03-05-2021 - average of SMR large size, centralized and medium size, decentralized",18.11.2024,Alena Diesing <ad@wip.tu-berlin.de>
World,X_SMR,1,2025,0.053,,MEUR/PJ,"Hydrogen4EU_Report_Final_03-05-2021 - average of SMR large size, centralized and medium size, decentralized",18.11.2024,Alena Diesing <ad@wip.tu-berlin.de>
World,X_SMR,1,2030,0.045,,MEUR/PJ,"Hydrogen4EU_Report_Final_03-05-2021 - average of SMR large size, centralized and medium size, decentralized",18.11.2024,Alena Diesing <ad@wip.tu-berlin.de>
World,X_SMR,1,2035,0.045,,MEUR/PJ,"Hydrogen4EU_Report_Final_03-05-2021 - average of SMR large size, centralized and medium size, decentralized",18.11.2024,Alena Diesing <ad@wip.tu-berlin.de>
World,X_SMR,1,2040,0.045,,MEUR/PJ,"Hydrogen4EU_Report_Final_03-05-2021 - average of SMR large size, centralized and medium size, decentralized",18.11.2024,Alena Diesing <ad@wip.tu-berlin.de>
World,X_SMR,1,2045,0.045,,MEUR/PJ,"Hydrogen4EU_Report_Final_03-05-2021 - average of SMR large size, centralized and medium size, decentralized",18.11.2024,Alena Diesing <ad@wip.tu-berlin.de>
World,X_SMR,1,2050,0.045,,MEUR/PJ,"Hydrogen4EU_Report_Final_03-05-2021 - average of SMR large size, centralized and medium size, decentralized",18.11.2024,Alena Diesing <ad@wip.tu-berlin.de>
World,X_SMR,1,2055,0.045,,MEUR/PJ,same as 2050 for now,29.01.2025,Nikita Moskalenko <nim@wip.tu-berlin.de>
World,X_SMR,1,2060,0.045,,MEUR/PJ,same as 2050 for now,29.01.2025,Nikita Moskalenko <nim@wip.tu-berlin.de>
World,Z_Import_Gas,1,2018,4.6746,,MEUR/PJ,World Bank Commodity Outlook 2022,04.09.2025,Nikita Moskalenko <nim@wip.tu-berlin.de>
World,Z_Import_Gas,1,2021,13.7339,,MEUR/PJ,World Bank Commodity Outlook 2022,04.09.2025,Nikita Moskalenko <nim@wip.tu-berlin.de>
World,Z_Import_Gas,1,2025,8.835,,MEUR/PJ,IEA World Energy Outlook 2024: Natural gas (European Union): APS,04.09.2025,Nikita Moskalenko <nim@wip.tu-berlin.de>
World,Z_Import_Gas,1,2030,5.1182,,MEUR/PJ,IEA World Energy Outlook 2024: Natural gas (European Union): APS,04.09.2025,Nikita Moskalenko <nim@wip.tu-berlin.de>
World,Z_Import_Gas,1,2035,4.777,,MEUR/PJ,IEA World Energy Outlook 2024: Natural gas (European Union): APS,04.09.2025,Nikita Moskalenko <nim@wip.tu-berlin.de>
World,Z_Import_Gas,1,2040,4.4358,,MEUR/PJ,IEA World Energy Outlook 2024: Natural gas (European Union): APS,04.09.2025,Nikita Moskalenko <nim@wip.tu-berlin.de>
World,Z_Import_Gas,1,2045,4.4358,,MEUR/PJ,IEA World Energy Outlook 2024: Natural gas (European Union): APS,04.09.2025,Nikita Moskalenko <nim@wip.tu-berlin.de>
World,Z_Import_Gas,1,2050,4.4358,,MEUR/PJ,IEA World Energy Outlook 2024: Natural gas (European Union): APS,04.09.2025,Nikita Moskalenko <nim@wip.tu-berlin.de>
World,Z_Import_Gas,1,2055,4.4358,,MEUR/PJ,same as 2050 for now,04.09.2025,Nikita Moskalenko <nim@wip.tu-berlin.de>
World,Z_Import_Gas,1,2060,4.4358,,MEUR/PJ,same as 2050 for now,04.09.2025,Nikita Moskalenko <nim@wip.tu-berlin.de>
World,Z_Import_H2,1,2018,99,,MEUR/PJ,dummy value,03.02.2026,Konstantin Loffler <kl@wip.tu-berlin.de>
World,Z_Import_H2,1,2020,99,,MEUR/PJ,dummy value,03.02.2026,Konstantin Loffler <kl@wip.tu-berlin.de>
World,Z_Import_H2,1,2025,49.1667,,MEUR/PJ,Fraunhofer ISI (2024): HYPAT Final Report. Values for 2030/2050 - rest interpolated,17.09.2025,Nikita Moskalenko <nim@wip.tu-berlin.de>
World,Z_Import_H2,1,2030,38.4368,,MEUR/PJ,Fraunhofer ISI (2024): HYPAT Final Report. Values for 2030/2050 - rest interpolated,17.09.2025,Nikita Moskalenko <nim@wip.tu-berlin.de>
World,Z_Import_H2,1,2035,35.554,,MEUR/PJ,Fraunhofer ISI (2024): HYPAT Final Report. Values for 2030/2050 - rest interpolated,17.09.2025,Nikita Moskalenko <nim@wip.tu-berlin.de>
World,Z_Import_H2,1,2040,32.0947,,MEUR/PJ,Fraunhofer ISI (2024): HYPAT Final Report. Values for 2030/2050 - rest interpolated,17.09.2025,Nikita Moskalenko <nim@wip.tu-berlin.de>
World,Z_Import_H2,1,2045,28.6354,,MEUR/PJ,Fraunhofer ISI (2024): HYPAT Final Report. Values for 2030/2050 - rest interpolated,17.09.2025,Nikita Moskalenko <nim@wip.tu-berlin.de>
World,Z_Import_H2,1,2050,26.9058,,MEUR/PJ,Fraunhofer ISI (2024): HYPAT Final Report. Values for 2030/2050 - rest interpolated,17.09.2025,Nikita Moskalenko <nim@wip.tu-berlin.de>
World,Z_Import_H2,1,2055,26.9058,,MEUR/PJ,same as 2050 for now,17.09.2025,Nikita Moskalenko <nim@wip.tu-berlin.de>
World,Z_Import_H2,1,2060,26.9058,,MEUR/PJ,same as 2050 for now,17.09.2025,Nikita Moskalenko <nim@wip.tu-berlin.de>
World,Z_Import_Hardcoal,1,2018,2.4045,,MEUR/PJ,World Bank Commodity Outlook 2022,04.09.2025,Nikita Moskalenko <nim@wip.tu-berlin.de>
World,Z_Import_Hardcoal,1,2021,4.2409,,MEUR/PJ,World Bank Commodity Outlook 2022,04.09.2025,Nikita Moskalenko <nim@wip.tu-berlin.de>
World,Z_Import_Hardcoal,1,2025,3.3911,,MEUR/PJ,IEA World Energy Outlook 2024: Steam coal (European Union): APS,04.09.2025,Nikita Moskalenko <nim@wip.tu-berlin.de>
World,Z_Import_Hardcoal,1,2030,1.9654,,MEUR/PJ,IEA World Energy Outlook 2024: Steam coal (European Union): APS,04.09.2025,Nikita Moskalenko <nim@wip.tu-berlin.de>
World,Z_Import_Hardcoal,1,2035,1.7658,,MEUR/PJ,IEA World Energy Outlook 2024: Steam coal (European Union): APS,04.09.2025,Nikita Moskalenko <nim@wip.tu-berlin.de>
World,Z_Import_Hardcoal,1,2040,1.5661,,MEUR/PJ,IEA World Energy Outlook 2024: Steam coal (European Union): APS,04.09.2025,Nikita Moskalenko <nim@wip.tu-berlin.de>
World,Z_Import_Hardcoal,1,2045,1.5201,,MEUR/PJ,IEA World Energy Outlook 2024: Steam coal (European Union): APS,04.09.2025,Nikita Moskalenko <nim@wip.tu-berlin.de>
World,Z_Import_Hardcoal,1,2050,1.474,,MEUR/PJ,IEA World Energy Outlook 2024: Steam coal (European Union): APS,04.09.2025,Nikita Moskalenko <nim@wip.tu-berlin.de>
World,Z_Import_Hardcoal,1,2055,1.474,,MEUR/PJ,same as 2050 for now,04.09.2025,Nikita Moskalenko <nim@wip.tu-berlin.de>
World,Z_Import_Hardcoal,1,2060,1.474,,MEUR/PJ,same as 2050 for now,04.09.2025,Nikita Moskalenko <nim@wip.tu-berlin.de>
World,Z_Import_LNG,1,2018,9.0422,,MEUR/PJ,World Bank Commodity Outlook 2022,04.09.2025,Nikita Moskalenko <nim@wip.tu-berlin.de>
World,Z_Import_LNG,1,2021,9.2128,,MEUR/PJ,World Bank Commodity Outlook 2022,04.09.2025,Nikita Moskalenko <nim@wip.tu-berlin.de>
World,Z_Import_LNG,1,2025,9.5784,,MEUR/PJ,IEA World Energy Outlook 2024: Natural gas (Japan): APS,04.09.2025,Nikita Moskalenko <nim@wip.tu-berlin.de>
World,Z_Import_LNG,1,2030,5.8006,,MEUR/PJ,IEA World Energy Outlook 2024: Natural gas (Japan): APS,04.09.2025,Nikita Moskalenko <nim@wip.tu-berlin.de>
World,Z_Import_LNG,1,2035,5.5021,,MEUR/PJ,IEA World Energy Outlook 2024: Natural gas (Japan): APS,04.09.2025,Nikita Moskalenko <nim@wip.tu-berlin.de>
World,Z_Import_LNG,1,2040,5.2035,,MEUR/PJ,IEA World Energy Outlook 2024: Natural gas (Japan): APS,04.09.2025,Nikita Moskalenko <nim@wip.tu-berlin.de>
World,Z_Import_LNG,1,2045,5.2462,,MEUR/PJ,IEA World Energy Outlook 2024: Natural gas (Japan): APS,04.09.2025,Nikita Moskalenko <nim@wip.tu-berlin.de>
World,Z_Import_LNG,1,2050,5.2888,,MEUR/PJ,IEA World Energy Outlook 2024: Natural gas (Japan): APS,04.09.2025,Nikita Moskalenko <nim@wip.tu-berlin.de>
World,Z_Import_LNG,1,2055,5.2888,,MEUR/PJ,same as 2050 for now,04.09.2025,Nikita Moskalenko <nim@wip.tu-berlin.de>
World,Z_Import_LNG,1,2060,5.2888,,MEUR/PJ,same as 2050 for now,04.09.2025,Nikita Moskalenko <nim@wip.tu-berlin.de>
World,Z_Import_Oil,1,2018,9.0735,,MEUR/PJ,World Bank Commodity Outlook 2022,04.09.2025,Nikita Moskalenko <nim@wip.tu-berlin.de>
World,Z_Import_Oil,1,2021,10.3529,,MEUR/PJ,World Bank Commodity Outlook 2022,04.09.2025,Nikita Moskalenko <nim@wip.tu-berlin.de>
World,Z_Import_Oil,1,2025,11.6387,,MEUR/PJ,IEA World Energy Outlook 2024: Crude oil: APS,04.09.2025,Nikita Moskalenko <nim@wip.tu-berlin.de>
World,Z_Import_Oil,1,2030,10.5882,,MEUR/PJ,IEA World Energy Outlook 2024: Crude oil: APS,04.09.2025,Nikita Moskalenko <nim@wip.tu-berlin.de>
World,Z_Import_Oil,1,2035,9.9265,,MEUR/PJ,IEA World Energy Outlook 2024: Crude oil: APS,04.09.2025,Nikita Moskalenko <nim@wip.tu-berlin.de>
World,Z_Import_Oil,1,2040,9.2647,,MEUR/PJ,IEA World Energy Outlook 2024: Crude oil: APS,04.09.2025,Nikita Moskalenko <nim@wip.tu-berlin.de>
World,Z_Import_Oil,1,2045,8.8971,,MEUR/PJ,IEA World Energy Outlook 2024: Crude oil: APS,04.09.2025,Nikita Moskalenko <nim@wip.tu-berlin.de>
World,Z_Import_Oil,1,2050,8.5294,,MEUR/PJ,IEA World Energy Outlook 2024: Crude oil: APS,04.09.2025,Nikita Moskalenko <nim@wip.tu-berlin.de>
World,Z_Import_Oil,1,2055,8.5294,,MEUR/PJ,same as 2050 for now,04.09.2025,Nikita Moskalenko <nim@wip.tu-berlin.de>
World,Z_Import_Oil,1,2060,8.5294,,MEUR/PJ,same as 2050 for now,04.09.2025,Nikita Moskalenko <nim@wip.tu-berlin.de>
World,R_Gas,1,2018,4.4409,,MEUR/PJ,"Assumption: 95% of ""Z_Import"" value",04.09.2025,Nikita Moskalenko <nim@wip.tu-berlin.de>
World,R_Gas,1,2021,13.0472,,MEUR/PJ,"Assumption: 95% of ""Z_Import"" value",04.09.2025,Nikita Moskalenko <nim@wip.tu-berlin.de>
World,R_Gas,1,2025,8.3933,,MEUR/PJ,"Assumption: 95% of ""Z_Import"" value",04.09.2025,Nikita Moskalenko <nim@wip.tu-berlin.de>
World,R_Gas,1,2030,4.8623,,MEUR/PJ,"Assumption: 95% of ""Z_Import"" value",04.09.2025,Nikita Moskalenko <nim@wip.tu-berlin.de>
World,R_Gas,1,2035,4.5382,,MEUR/PJ,"Assumption: 95% of ""Z_Import"" value",04.09.2025,Nikita Moskalenko <nim@wip.tu-berlin.de>
World,R_Gas,1,2040,4.214,,MEUR/PJ,"Assumption: 95% of ""Z_Import"" value",04.09.2025,Nikita Moskalenko <nim@wip.tu-berlin.de>
World,R_Gas,1,2045,4.214,,MEUR/PJ,"Assumption: 95% of ""Z_Import"" value",04.09.2025,Nikita Moskalenko <nim@wip.tu-berlin.de>
World,R_Gas,1,2050,4.214,,MEUR/PJ,"Assumption: 95% of ""Z_Import"" value",04.09.2025,Nikita Moskalenko <nim@wip.tu-berlin.de>
World,R_Gas,1,2055,4.214,,MEUR/PJ,"Assumption: 95% of ""Z_Import"" value",04.09.2025,Nikita Moskalenko <nim@wip.tu-berlin.de>
World,R_Gas,1,2060,4.214,,MEUR/PJ,"Assumption: 95% of ""Z_Import"" value",04.09.2025,Nikita Moskalenko <nim@wip.tu-berlin.de>
World,R_Oil,1,2018,8.6198,,MEUR/PJ,"Assumption: 95% of ""Z_Import"" value",04.09.2025,Nikita Moskalenko <nim@wip.tu-berlin.de>
World,R_Oil,1,2021,9.8353,,MEUR/PJ,"Assumption: 95% of ""Z_Import"" value",04.09.2025,Nikita Moskalenko <nim@wip.tu-berlin.de>
World,R_Oil,1,2025,11.0568,,MEUR/PJ,"Assumption: 95% of ""Z_Import"" value",04.09.2025,Nikita Moskalenko <nim@wip.tu-berlin.de>
World,R_Oil,1,2030,10.0588,,MEUR/PJ,"Assumption: 95% of ""Z_Import"" value",04.09.2025,Nikita Moskalenko <nim@wip.tu-berlin.de>
World,R_Oil,1,2035,9.4302,,MEUR/PJ,"Assumption: 95% of ""Z_Import"" value",04.09.2025,Nikita Moskalenko <nim@wip.tu-berlin.de>
World,R_Oil,1,2040,8.8015,,MEUR/PJ,"Assumption: 95% of ""Z_Import"" value",04.09.2025,Nikita Moskalenko <nim@wip.tu-berlin.de>
World,R_Oil,1,2045,8.4522,,MEUR/PJ,"Assumption: 95% of ""Z_Import"" value",04.09.2025,Nikita Moskalenko <nim@wip.tu-berlin.de>
World,R_Oil,1,2050,8.1029,,MEUR/PJ,"Assumption: 95% of ""Z_Import"" value",04.09.2025,Nikita Moskalenko <nim@wip.tu-berlin.de>
World,R_Oil,1,2055,8.1029,,MEUR/PJ,"Assumption: 95% of ""Z_Import"" value",04.09.2025,Nikita Moskalenko <nim@wip.tu-berlin.de>
World,R_Oil,1,2060,8.1029,,MEUR/PJ,"Assumption: 95% of ""Z_Import"" value",04.09.2025,Nikita Moskalenko <nim@wip.tu-berlin.de>
World,R_Coal_Hardcoal,1,2018,2.2843,,MEUR/PJ,"Assumption: 95% of ""Z_Import"" value",04.09.2025,Nikita Moskalenko <nim@wip.tu-berlin.de>
World,R_Coal_Hardcoal,1,2021,4.0289,,MEUR/PJ,"Assumption: 95% of ""Z_Import"" value",04.09.2025,Nikita Moskalenko <nim@wip.tu-berlin.de>
World,R_Coal_Hardcoal,1,2025,3.2215,,MEUR/PJ,"Assumption: 95% of ""Z_Import"" value",04.09.2025,Nikita Moskalenko <nim@wip.tu-berlin.de>
World,R_Coal_Hardcoal,1,2030,1.8671,,MEUR/PJ,"Assumption: 95% of ""Z_Import"" value",04.09.2025,Nikita Moskalenko <nim@wip.tu-berlin.de>
World,R_Coal_Hardcoal,1,2035,1.6775,,MEUR/PJ,"Assumption: 95% of ""Z_Import"" value",04.09.2025,Nikita Moskalenko <nim@wip.tu-berlin.de>
World,R_Coal_Hardcoal,1,2040,1.4878,,MEUR/PJ,"Assumption: 95% of ""Z_Import"" value",04.09.2025,Nikita Moskalenko <nim@wip.tu-berlin.de>
World,R_Coal_Hardcoal,1,2045,1.4441,,MEUR/PJ,"Assumption: 95% of ""Z_Import"" value",04.09.2025,Nikita Moskalenko <nim@wip.tu-berlin.de>
World,R_Coal_Hardcoal,1,2050,1.4003,,MEUR/PJ,"Assumption: 95% of ""Z_Import"" value",04.09.2025,Nikita Moskalenko <nim@wip.tu-berlin.de>
World,R_Coal_Hardcoal,1,2055,1.4003,,MEUR/PJ,"Assumption: 95% of ""Z_Import"" value",04.09.2025,Nikita Moskalenko <nim@wip.tu-berlin.de>
World,R_Coal_Hardcoal,1,2060,1.4003,,MEUR/PJ,"Assumption: 95% of ""Z_Import"" value",04.09.2025,Nikita Moskalenko <nim@wip.tu-berlin.de>
World,CHP_Biomass_Solid_CCS,1,2018,1.0018,,MEUR/PJ,DEA: Technology Catalogue (CCS): technology without CCS + 2.5EUR/tCO2,15.10.2025,Nikita Moskalenko <nim@wip.tu-berlin.de>
World,CHP_Biomass_Solid_CCS,1,2025,1.0018,,MEUR/PJ,DEA: Technology Catalogue (CCS): technology without CCS + 2.5EUR/tCO2,15.10.2025,Nikita Moskalenko <nim@wip.tu-berlin.de>
World,CHP_Biomass_Solid_CCS,1,2030,1.0018,,MEUR/PJ,DEA: Technology Catalogue (CCS): technology without CCS + 2.5EUR/tCO2,15.10.2025,Nikita Moskalenko <nim@wip.tu-berlin.de>
World,CHP_Biomass_Solid_CCS,1,2035,1.0018,,MEUR/PJ,DEA: Technology Catalogue (CCS): technology without CCS + 2.5EUR/tCO2,15.10.2025,Nikita Moskalenko <nim@wip.tu-berlin.de>
World,CHP_Biomass_Solid_CCS,1,2040,1.0018,,MEUR/PJ,DEA: Technology Catalogue (CCS): technology without CCS + 2.5EUR/tCO2,15.10.2025,Nikita Moskalenko <nim@wip.tu-berlin.de>
World,CHP_Biomass_Solid_CCS,1,2045,1.0018,,MEUR/PJ,DEA: Technology Catalogue (CCS): technology without CCS + 2.5EUR/tCO2,15.10.2025,Nikita Moskalenko <nim@wip.tu-berlin.de>
World,CHP_Biomass_Solid_CCS,1,2050,1.0018,,MEUR/PJ,DEA: Technology Catalogue (CCS): technology without CCS + 2.5EUR/tCO2,15.10.2025,Nikita Moskalenko <nim@wip.tu-berlin.de>
World,CHP_Biomass_Solid_CCS,1,2055,1.0018,,MEUR/PJ,DEA: Technology Catalogue (CCS): technology without CCS + 2.5EUR/tCO2,15.10.2025,Nikita Moskalenko <nim@wip.tu-berlin.de>
World,CHP_Biomass_Solid_CCS,1,2060,1.0018,,MEUR/PJ,DEA: Technology Catalogue (CCS): technology without CCS + 2.5EUR/tCO2,15.10.2025,Nikita Moskalenko <nim@wip.tu-berlin.de>
World,CHP_Coal_Hardcoal_CCS,1,2018,1.4822,,MEUR/PJ,DEA: Technology Catalogue (CCS): technology without CCS + 2.5EUR/tCO2,15.10.2025,Nikita Moskalenko <nim@wip.tu-berlin.de>
World,CHP_Coal_Hardcoal_CCS,1,2025,1.4822,,MEUR/PJ,DEA: Technology Catalogue (CCS): technology without CCS + 2.5EUR/tCO2,15.10.2025,Nikita Moskalenko <nim@wip.tu-berlin.de>
World,CHP_Coal_Hardcoal_CCS,1,2030,1.4822,,MEUR/PJ,DEA: Technology Catalogue (CCS): technology without CCS + 2.5EUR/tCO2,15.10.2025,Nikita Moskalenko <nim@wip.tu-berlin.de>
World,CHP_Coal_Hardcoal_CCS,1,2035,1.4822,,MEUR/PJ,DEA: Technology Catalogue (CCS): technology without CCS + 2.5EUR/tCO2,15.10.2025,Nikita Moskalenko <nim@wip.tu-berlin.de>
World,CHP_Coal_Hardcoal_CCS,1,2040,1.4822,,MEUR/PJ,DEA: Technology Catalogue (CCS): technology without CCS + 2.5EUR/tCO2,15.10.2025,Nikita Moskalenko <nim@wip.tu-berlin.de>
World,CHP_Coal_Hardcoal_CCS,1,2045,1.4822,,MEUR/PJ,DEA: Technology Catalogue (CCS): technology without CCS + 2.5EUR/tCO2,15.10.2025,Nikita Moskalenko <nim@wip.tu-berlin.de>
World,CHP_Coal_Hardcoal_CCS,1,2050,1.4822,,MEUR/PJ,DEA: Technology Catalogue (CCS): technology without CCS + 2.5EUR/tCO2,15.10.2025,Nikita Moskalenko <nim@wip.tu-berlin.de>
World,CHP_Coal_Hardcoal_CCS,1,2055,1.4822,,MEUR/PJ,DEA: Technology Catalogue (CCS): technology without CCS + 2.5EUR/tCO2,15.10.2025,Nikita Moskalenko <nim@wip.tu-berlin.de>
World,CHP_Coal_Hardcoal_CCS,1,2060,1.4822,,MEUR/PJ,DEA: Technology Catalogue (CCS): technology without CCS + 2.5EUR/tCO2,15.10.2025,Nikita Moskalenko <nim@wip.tu-berlin.de>
World,CHP_Coal_Lignite_CCS,1,2018,1.494,,MEUR/PJ,DEA: Technology Catalogue (CCS): technology without CCS + 2.5EUR/tCO2,15.10.2025,Nikita Moskalenko <nim@wip.tu-berlin.de>
World,CHP_Coal_Lignite_CCS,1,2025,1.494,,MEUR/PJ,DEA: Technology Catalogue (CCS): technology without CCS + 2.5EUR/tCO2,15.10.2025,Nikita Moskalenko <nim@wip.tu-berlin.de>
World,CHP_Coal_Lignite_CCS,1,2030,1.494,,MEUR/PJ,DEA: Technology Catalogue (CCS): technology without CCS + 2.5EUR/tCO2,15.10.2025,Nikita Moskalenko <nim@wip.tu-berlin.de>
World,CHP_Coal_Lignite_CCS,1,2035,1.494,,MEUR/PJ,DEA: Technology Catalogue (CCS): technology without CCS + 2.5EUR/tCO2,15.10.2025,Nikita Moskalenko <nim@wip.tu-berlin.de>
World,CHP_Coal_Lignite_CCS,1,2040,1.494,,MEUR/PJ,DEA: Technology Catalogue (CCS): technology without CCS + 2.5EUR/tCO2,15.10.2025,Nikita Moskalenko <nim@wip.tu-berlin.de>
World,CHP_Coal_Lignite_CCS,1,2045,1.494,,MEUR/PJ,DEA: Technology Catalogue (CCS): technology without CCS + 2.5EUR/tCO2,15.10.2025,Nikita Moskalenko <nim@wip.tu-berlin.de>
World,CHP_Coal_Lignite_CCS,1,2050,1.494,,MEUR/PJ,DEA: Technology Catalogue (CCS): technology without CCS + 2.5EUR/tCO2,15.10.2025,Nikita Moskalenko <nim@wip.tu-berlin.de>
World,CHP_Coal_Lignite_CCS,1,2055,1.494,,MEUR/PJ,DEA: Technology Catalogue (CCS): technology without CCS + 2.5EUR/tCO2,15.10.2025,Nikita Moskalenko <nim@wip.tu-berlin.de>
World,CHP_Coal_Lignite_CCS,1,2060,1.494,,MEUR/PJ,DEA: Technology Catalogue (CCS): technology without CCS + 2.5EUR/tCO2,15.10.2025,Nikita Moskalenko <nim@wip.tu-berlin.de>
World,CHP_Gas_CCGT_Biogas_CCS,1,2018,1.1952,,MEUR/PJ,DEA: Technology Catalogue (CCS): technology without CCS + 2.5EUR/tCO2,15.10.2025,Nikita Moskalenko <nim@wip.tu-berlin.de>
World,CHP_Gas_CCGT_Biogas_CCS,1,2025,1.1952,,MEUR/PJ,DEA: Technology Catalogue (CCS): technology without CCS + 2.5EUR/tCO2,15.10.2025,Nikita Moskalenko <nim@wip.tu-berlin.de>
World,CHP_Gas_CCGT_Biogas_CCS,1,2030,1.1952,,MEUR/PJ,DEA: Technology Catalogue (CCS): technology without CCS + 2.5EUR/tCO2,15.10.2025,Nikita Moskalenko <nim@wip.tu-berlin.de>
World,CHP_Gas_CCGT_Biogas_CCS,1,2035,1.1952,,MEUR/PJ,DEA: Technology Catalogue (CCS): technology without CCS + 2.5EUR/tCO2,15.10.2025,Nikita Moskalenko <nim@wip.tu-berlin.de>
World,CHP_Gas_CCGT_Biogas_CCS,1,2040,1.1952,,MEUR/PJ,DEA: Technology Catalogue (CCS): technology without CCS + 2.5EUR/tCO2,15.10.2025,Nikita Moskalenko <nim@wip.tu-berlin.de>
World,CHP_Gas_CCGT_Biogas_CCS,1,2045,1.1952,,MEUR/PJ,DEA: Technology Catalogue (CCS): technology without CCS + 2.5EUR/tCO2,15.10.2025,Nikita Moskalenko <nim@wip.tu-berlin.de>
World,CHP_Gas_CCGT_Biogas_CCS,1,2050,1.1952,,MEUR/PJ,DEA: Technology Catalogue (CCS): technology without CCS + 2.5EUR/tCO2,15.10.2025,Nikita Moskalenko <nim@wip.tu-berlin.de>
World,CHP_Gas_CCGT_Biogas_CCS,1,2055,1.1952,,MEUR/PJ,DEA: Technology Catalogue (CCS): technology without CCS + 2.5EUR/tCO2,15.10.2025,Nikita Moskalenko <nim@wip.tu-berlin.de>
World,CHP_Gas_CCGT_Biogas_CCS,1,2060,1.1952,,MEUR/PJ,DEA: Technology Catalogue (CCS): technology without CCS + 2.5EUR/tCO2,15.10.2025,Nikita Moskalenko <nim@wip.tu-berlin.de>
World,CHP_Gas_CCGT_Natural_CCS,1,2018,1.1428,,MEUR/PJ,DEA: Technology Catalogue (CCS): technology without CCS + 2.5EUR/tCO2,15.10.2025,Nikita Moskalenko <nim@wip.tu-berlin.de>
World,CHP_Gas_CCGT_Natural_CCS,1,2025,1.1428,,MEUR/PJ,DEA: Technology Catalogue (CCS): technology without CCS + 2.5EUR/tCO2,15.10.2025,Nikita Moskalenko <nim@wip.tu-berlin.de>
World,CHP_Gas_CCGT_Natural_CCS,1,2030,1.1428,,MEUR/PJ,DEA: Technology Catalogue (CCS): technology without CCS + 2.5EUR/tCO2,15.10.2025,Nikita Moskalenko <nim@wip.tu-berlin.de>
World,CHP_Gas_CCGT_Natural_CCS,1,2035,1.1428,,MEUR/PJ,DEA: Technology Catalogue (CCS): technology without CCS + 2.5EUR/tCO2,15.10.2025,Nikita Moskalenko <nim@wip.tu-berlin.de>
World,CHP_Gas_CCGT_Natural_CCS,1,2040,1.1428,,MEUR/PJ,DEA: Technology Catalogue (CCS): technology without CCS + 2.5EUR/tCO2,15.10.2025,Nikita Moskalenko <nim@wip.tu-berlin.de>
World,CHP_Gas_CCGT_Natural_CCS,1,2045,1.1428,,MEUR/PJ,DEA: Technology Catalogue (CCS): technology without CCS + 2.5EUR/tCO2,15.10.2025,Nikita Moskalenko <nim@wip.tu-berlin.de>
World,CHP_Gas_CCGT_Natural_CCS,1,2050,1.1428,,MEUR/PJ,DEA: Technology Catalogue (CCS): technology without CCS + 2.5EUR/tCO2,15.10.2025,Nikita Moskalenko <nim@wip.tu-berlin.de>
World,CHP_Gas_CCGT_Natural_CCS,1,2055,1.1428,,MEUR/PJ,DEA: Technology Catalogue (CCS): technology without CCS + 2.5EUR/tCO2,15.10.2025,Nikita Moskalenko <nim@wip.tu-berlin.de>
World,CHP_Gas_CCGT_Natural_CCS,1,2060,1.1428,,MEUR/PJ,DEA: Technology Catalogue (CCS): technology without CCS + 2.5EUR/tCO2,15.10.2025,Nikita Moskalenko <nim@wip.tu-berlin.de>
World,HHI_BF_BOF_CCS,1,2018,1.5037,,MEUR/PJ,DEA: Technology Catalogue (CCS): technology without CCS + 2.5EUR/tCO2,15.10.2025,Nikita Moskalenko <nim@wip.tu-berlin.de>
World,HHI_BF_BOF_CCS,1,2020,1.4317,,MEUR/PJ,DEA: Technology Catalogue (CCS): technology without CCS + 2.5EUR/tCO2,15.10.2025,Nikita Moskalenko <nim@wip.tu-berlin.de>
World,HHI_BF_BOF_CCS,1,2025,1.4317,,MEUR/PJ,DEA: Technology Catalogue (CCS): technology without CCS + 2.5EUR/tCO2,15.10.2025,Nikita Moskalenko <nim@wip.tu-berlin.de>
World,HHI_BF_BOF_CCS,1,2030,1.4317,,MEUR/PJ,DEA: Technology Catalogue (CCS): technology without CCS + 2.5EUR/tCO2,15.10.2025,Nikita Moskalenko <nim@wip.tu-berlin.de>
World,HHI_BF_BOF_CCS,1,2035,1.4317,,MEUR/PJ,DEA: Technology Catalogue (CCS): technology without CCS + 2.5EUR/tCO2,15.10.2025,Nikita Moskalenko <nim@wip.tu-berlin.de>
World,HHI_BF_BOF_CCS,1,2040,1.4317,,MEUR/PJ,DEA: Technology Catalogue (CCS): technology without CCS + 2.5EUR/tCO2,15.10.2025,Nikita Moskalenko <nim@wip.tu-berlin.de>
World,HHI_BF_BOF_CCS,1,2045,1.4317,,MEUR/PJ,DEA: Technology Catalogue (CCS): technology without CCS + 2.5EUR/tCO2,15.10.2025,Nikita Moskalenko <nim@wip.tu-berlin.de>
World,HHI_BF_BOF_CCS,1,2050,1.4317,,MEUR/PJ,DEA: Technology Catalogue (CCS): technology without CCS + 2.5EUR/tCO2,15.10.2025,Nikita Moskalenko <nim@wip.tu-berlin.de>
World,HHI_BF_BOF_CCS,1,2055,1.4317,,MEUR/PJ,DEA: Technology Catalogue (CCS): technology without CCS + 2.5EUR/tCO2,15.10.2025,Nikita Moskalenko <nim@wip.tu-berlin.de>
World,HHI_BF_BOF_CCS,1,2060,1.4317,,MEUR/PJ,DEA: Technology Catalogue (CCS): technology without CCS + 2.5EUR/tCO2,15.10.2025,Nikita Moskalenko <nim@wip.tu-berlin.de>
World,HHI_BF_BOF_CCS,2,2018,1.4918,,MEUR/PJ,DEA: Technology Catalogue (CCS): technology without CCS + 2.5EUR/tCO2,15.10.2025,Nikita Moskalenko <nim@wip.tu-berlin.de>
World,HHI_BF_BOF_CCS,2,2020,1.4198,,MEUR/PJ,DEA: Technology Catalogue (CCS): technology without CCS + 2.5EUR/tCO2,15.10.2025,Nikita Moskalenko <nim@wip.tu-berlin.de>
World,HHI_BF_BOF_CCS,2,2025,1.4198,,MEUR/PJ,DEA: Technology Catalogue (CCS): technology without CCS + 2.5EUR/tCO2,15.10.2025,Nikita Moskalenko <nim@wip.tu-berlin.de>
World,HHI_BF_BOF_CCS,2,2030,1.4198,,MEUR/PJ,DEA: Technology Catalogue (CCS): technology without CCS + 2.5EUR/tCO2,15.10.2025,Nikita Moskalenko <nim@wip.tu-berlin.de>
World,HHI_BF_BOF_CCS,2,2035,1.4198,,MEUR/PJ,DEA: Technology Catalogue (CCS): technology without CCS + 2.5EUR/tCO2,15.10.2025,Nikita Moskalenko <nim@wip.tu-berlin.de>
World,HHI_BF_BOF_CCS,2,2040,1.4198,,MEUR/PJ,DEA: Technology Catalogue (CCS): technology without CCS + 2.5EUR/tCO2,15.10.2025,Nikita Moskalenko <nim@wip.tu-berlin.de>
World,HHI_BF_BOF_CCS,2,2045,1.4198,,MEUR/PJ,DEA: Technology Catalogue (CCS): technology without CCS + 2.5EUR/tCO2,15.10.2025,Nikita Moskalenko <nim@wip.tu-berlin.de>
World,HHI_BF_BOF_CCS,2,2050,1.4198,,MEUR/PJ,DEA: Technology Catalogue (CCS): technology without CCS + 2.5EUR/tCO2,15.10.2025,Nikita Moskalenko <nim@wip.tu-berlin.de>
World,HHI_BF_BOF_CCS,2,2055,1.4198,,MEUR/PJ,DEA: Technology Catalogue (CCS): technology without CCS + 2.5EUR/tCO2,15.10.2025,Nikita Moskalenko <nim@wip.tu-berlin.de>
World,HHI_BF_BOF_CCS,2,2060,1.4198,,MEUR/PJ,DEA: Technology Catalogue (CCS): technology without CCS + 2.5EUR/tCO2,15.10.2025,Nikita Moskalenko <nim@wip.tu-berlin.de>
World,HHI_BF_BOF_CCS,3,2018,1.44,,MEUR/PJ,DEA: Technology Catalogue (CCS): technology without CCS + 2.5EUR/tCO2,15.10.2025,Nikita Moskalenko <nim@wip.tu-berlin.de>
World,HHI_BF_BOF_CCS,3,2020,1.368,,MEUR/PJ,DEA: Technology Catalogue (CCS): technology without CCS + 2.5EUR/tCO2,15.10.2025,Nikita Moskalenko <nim@wip.tu-berlin.de>
World,HHI_BF_BOF_CCS,3,2025,1.368,,MEUR/PJ,DEA: Technology Catalogue (CCS): technology without CCS + 2.5EUR/tCO2,15.10.2025,Nikita Moskalenko <nim@wip.tu-berlin.de>
World,HHI_BF_BOF_CCS,3,2030,1.368,,MEUR/PJ,DEA: Technology Catalogue (CCS): technology without CCS + 2.5EUR/tCO2,15.10.2025,Nikita Moskalenko <nim@wip.tu-berlin.de>
World,HHI_BF_BOF_CCS,3,2035,1.368,,MEUR/PJ,DEA: Technology Catalogue (CCS): technology without CCS + 2.5EUR/tCO2,15.10.2025,Nikita Moskalenko <nim@wip.tu-berlin.de>
World,HHI_BF_BOF_CCS,3,2040,1.368,,MEUR/PJ,DEA: Technology Catalogue (CCS): technology without CCS + 2.5EUR/tCO2,15.10.2025,Nikita Moskalenko <nim@wip.tu-berlin.de>
World,HHI_BF_BOF_CCS,3,2045,1.368,,MEUR/PJ,DEA: Technology Catalogue (CCS): technology without CCS + 2.5EUR/tCO2,15.10.2025,Nikita Moskalenko <nim@wip.tu-berlin.de>
World,HHI_BF_BOF_CCS,3,2050,1.368,,MEUR/PJ,DEA: Technology Catalogue (CCS): technology without CCS + 2.5EUR/tCO2,15.10.2025,Nikita Moskalenko <nim@wip.tu-berlin.de>
World,HHI_BF_BOF_CCS,3,2055,1.368,,MEUR/PJ,DEA: Technology Catalogue (CCS): technology without CCS + 2.5EUR/tCO2,15.10.2025,Nikita Moskalenko <nim@wip.tu-berlin.de>
World,HHI_BF_BOF_CCS,3,2060,1.368,,MEUR/PJ,DEA: Technology Catalogue (CCS): technology without CCS + 2.5EUR/tCO2,15.10.2025,Nikita Moskalenko <nim@wip.tu-berlin.de>
World,HHI_BF_BOF_CCS,4,2018,1.44,,MEUR/PJ,DEA: Technology Catalogue (CCS): technology without CCS + 2.5EUR/tCO2,15.10.2025,Nikita Moskalenko <nim@wip.tu-berlin.de>
World,HHI_BF_BOF_CCS,4,2020,1.368,,MEUR/PJ,DEA: Technology Catalogue (CCS): technology without CCS + 2.5EUR/tCO2,15.10.2025,Nikita Moskalenko <nim@wip.tu-berlin.de>
World,HHI_BF_BOF_CCS,4,2025,1.368,,MEUR/PJ,DEA: Technology Catalogue (CCS): technology without CCS + 2.5EUR/tCO2,15.10.2025,Nikita Moskalenko <nim@wip.tu-berlin.de>
World,HHI_BF_BOF_CCS,4,2030,1.368,,MEUR/PJ,DEA: Technology Catalogue (CCS): technology without CCS + 2.5EUR/tCO2,15.10.2025,Nikita Moskalenko <nim@wip.tu-berlin.de>
World,HHI_BF_BOF_CCS,4,2035,1.368,,MEUR/PJ,DEA: Technology Catalogue (CCS): technology without CCS + 2.5EUR/tCO2,15.10.2025,Nikita Moskalenko <nim@wip.tu-berlin.de>
World,HHI_BF_BOF_CCS,4,2040,1.368,,MEUR/PJ,DEA: Technology Catalogue (CCS): technology without CCS + 2.5EUR/tCO2,15.10.2025,Nikita Moskalenko <nim@wip.tu-berlin.de>
World,HHI_BF_BOF_CCS,4,2045,1.368,,MEUR/PJ,DEA: Technology Catalogue (CCS): technology without CCS + 2.5EUR/tCO2,15.10.2025,Nikita Moskalenko <nim@wip.tu-berlin.de>
World,HHI_BF_BOF_CCS,4,2050,1.368,,MEUR/PJ,DEA: Technology Catalogue (CCS): technology without CCS + 2.5EUR/tCO2,15.10.2025,Nikita Moskalenko <nim@wip.tu-berlin.de>
World,HHI_BF_BOF_CCS,4,2055,1.368,,MEUR/PJ,DEA: Technology Catalogue (CCS): technology without CCS + 2.5EUR/tCO2,15.10.2025,Nikita Moskalenko <nim@wip.tu-berlin.de>
World,HHI_BF_BOF_CCS,4,2060,1.368,,MEUR/PJ,DEA: Technology Catalogue (CCS): technology without CCS + 2.5EUR/tCO2,15.10.2025,Nikita Moskalenko <nim@wip.tu-berlin.de>
World,HHI_DRI_EAF_CCS,1,2018,1.4813,,MEUR/PJ,DEA: Technology Catalogue (CCS): technology without CCS + 2.5EUR/tCO2,15.10.2025,Nikita Moskalenko <nim@wip.tu-berlin.de>
World,HHI_DRI_EAF_CCS,1,2020,1.2653,,MEUR/PJ,DEA: Technology Catalogue (CCS): technology without CCS + 2.5EUR/tCO2,15.10.2025,Nikita Moskalenko <nim@wip.tu-berlin.de>
World,HHI_DRI_EAF_CCS,1,2025,1.2653,,MEUR/PJ,DEA: Technology Catalogue (CCS): technology without CCS + 2.5EUR/tCO2,15.10.2025,Nikita Moskalenko <nim@wip.tu-berlin.de>
World,HHI_DRI_EAF_CCS,1,2030,1.2653,,MEUR/PJ,DEA: Technology Catalogue (CCS): technology without CCS + 2.5EUR/tCO2,15.10.2025,Nikita Moskalenko <nim@wip.tu-berlin.de>
World,HHI_DRI_EAF_CCS,1,2035,1.2653,,MEUR/PJ,DEA: Technology Catalogue (CCS): technology without CCS + 2.5EUR/tCO2,15.10.2025,Nikita Moskalenko <nim@wip.tu-berlin.de>
World,HHI_DRI_EAF_CCS,1,2040,1.2653,,MEUR/PJ,DEA: Technology Catalogue (CCS): technology without CCS + 2.5EUR/tCO2,15.10.2025,Nikita Moskalenko <nim@wip.tu-berlin.de>
World,HHI_DRI_EAF_CCS,1,2045,1.2653,,MEUR/PJ,DEA: Technology Catalogue (CCS): technology without CCS + 2.5EUR/tCO2,15.10.2025,Nikita Moskalenko <nim@wip.tu-berlin.de>
World,HHI_DRI_EAF_CCS,1,2050,1.2653,,MEUR/PJ,DEA: Technology Catalogue (CCS): technology without CCS + 2.5EUR/tCO2,15.10.2025,Nikita Moskalenko <nim@wip.tu-berlin.de>
World,HHI_DRI_EAF_CCS,1,2055,1.2653,,MEUR/PJ,DEA: Technology Catalogue (CCS): technology without CCS + 2.5EUR/tCO2,15.10.2025,Nikita Moskalenko <nim@wip.tu-berlin.de>
World,HHI_DRI_EAF_CCS,1,2060,1.2653,,MEUR/PJ,DEA: Technology Catalogue (CCS): technology without CCS + 2.5EUR/tCO2,15.10.2025,Nikita Moskalenko <nim@wip.tu-berlin.de>
World,HMHI_Gas_CCS,1,2018,0.2972,,MEUR/PJ,DEA: Technology Catalogue (CCS): technology without CCS + 2.5EUR/tCO2,15.10.2025,Nikita Moskalenko <nim@wip.tu-berlin.de>
World,HMHI_Gas_CCS,1,2020,0.2972,,MEUR/PJ,DEA: Technology Catalogue (CCS): technology without CCS + 2.5EUR/tCO2,15.10.2025,Nikita Moskalenko <nim@wip.tu-berlin.de>
World,HMHI_Gas_CCS,1,2021,0.2972,,MEUR/PJ,DEA: Technology Catalogue (CCS): technology without CCS + 2.5EUR/tCO2,15.10.2025,Nikita Moskalenko <nim@wip.tu-berlin.de>
World,HMHI_Gas_CCS,1,2025,0.285,,MEUR/PJ,DEA: Technology Catalogue (CCS): technology without CCS + 2.5EUR/tCO2,15.10.2025,Nikita Moskalenko <nim@wip.tu-berlin.de>
World,HMHI_Gas_CCS,1,2030,0.2728,,MEUR/PJ,DEA: Technology Catalogue (CCS): technology without CCS + 2.5EUR/tCO2,15.10.2025,Nikita Moskalenko <nim@wip.tu-berlin.de>
World,HMHI_Gas_CCS,1,2035,0.2737,,MEUR/PJ,DEA: Technology Catalogue (CCS): technology without CCS + 2.5EUR/tCO2,15.10.2025,Nikita Moskalenko <nim@wip.tu-berlin.de>
World,HMHI_Gas_CCS,1,2040,0.2746,,MEUR/PJ,DEA: Technology Catalogue (CCS): technology without CCS + 2.5EUR/tCO2,15.10.2025,Nikita Moskalenko <nim@wip.tu-berlin.de>
World,HMHI_Gas_CCS,1,2045,0.2756,,MEUR/PJ,DEA: Technology Catalogue (CCS): technology without CCS + 2.5EUR/tCO2,15.10.2025,Nikita Moskalenko <nim@wip.tu-berlin.de>
World,HMHI_Gas_CCS,1,2050,0.2767,,MEUR/PJ,DEA: Technology Catalogue (CCS): technology without CCS + 2.5EUR/tCO2,15.10.2025,Nikita Moskalenko <nim@wip.tu-berlin.de>
World,HMHI_Gas_CCS,1,2055,0.2767,,MEUR/PJ,DEA: Technology Catalogue (CCS): technology without CCS + 2.5EUR/tCO2,15.10.2025,Nikita Moskalenko <nim@wip.tu-berlin.de>
World,HMHI_Gas_CCS,1,2060,0.2767,,MEUR/PJ,DEA: Technology Catalogue (CCS): technology without CCS + 2.5EUR/tCO2,15.10.2025,Nikita Moskalenko <nim@wip.tu-berlin.de>
World,HMHI_HardCoal_CCS,1,2018,0.3404,,MEUR/PJ,DEA: Technology Catalogue (CCS): technology without CCS + 2.5EUR/tCO2,15.10.2025,Nikita Moskalenko <nim@wip.tu-berlin.de>
World,HMHI_HardCoal_CCS,1,2020,0.3404,,MEUR/PJ,DEA: Technology Catalogue (CCS): technology without CCS + 2.5EUR/tCO2,15.10.2025,Nikita Moskalenko <nim@wip.tu-berlin.de>
World,HMHI_HardCoal_CCS,1,2021,0.3404,,MEUR/PJ,DEA: Technology Catalogue (CCS): technology without CCS + 2.5EUR/tCO2,15.10.2025,Nikita Moskalenko <nim@wip.tu-berlin.de>
World,HMHI_HardCoal_CCS,1,2025,0.3404,,MEUR/PJ,DEA: Technology Catalogue (CCS): technology without CCS + 2.5EUR/tCO2,15.10.2025,Nikita Moskalenko <nim@wip.tu-berlin.de>
World,HMHI_HardCoal_CCS,1,2030,0.3404,,MEUR/PJ,DEA: Technology Catalogue (CCS): technology without CCS + 2.5EUR/tCO2,15.10.2025,Nikita Moskalenko <nim@wip.tu-berlin.de>
World,HMHI_HardCoal_CCS,1,2035,0.3404,,MEUR/PJ,DEA: Technology Catalogue (CCS): technology without CCS + 2.5EUR/tCO2,15.10.2025,Nikita Moskalenko <nim@wip.tu-berlin.de>
World,HMHI_HardCoal_CCS,1,2040,0.3404,,MEUR/PJ,DEA: Technology Catalogue (CCS): technology without CCS + 2.5EUR/tCO2,15.10.2025,Nikita Moskalenko <nim@wip.tu-berlin.de>
World,HMHI_HardCoal_CCS,1,2045,0.3404,,MEUR/PJ,DEA: Technology Catalogue (CCS): technology without CCS + 2.5EUR/tCO2,15.10.2025,Nikita Moskalenko <nim@wip.tu-berlin.de>
World,HMHI_HardCoal_CCS,1,2050,0.3404,,MEUR/PJ,DEA: Technology Catalogue (CCS): technology without CCS + 2.5EUR/tCO2,15.10.2025,Nikita Moskalenko <nim@wip.tu-berlin.de>
World,HMHI_HardCoal_CCS,1,2055,0.3404,,MEUR/PJ,DEA: Technology Catalogue (CCS): technology without CCS + 2.5EUR/tCO2,15.10.2025,Nikita Moskalenko <nim@wip.tu-berlin.de>
World,HMHI_HardCoal_CCS,1,2060,0.3404,,MEUR/PJ,DEA: Technology Catalogue (CCS): technology without CCS + 2.5EUR/tCO2,15.10.2025,Nikita Moskalenko <nim@wip.tu-berlin.de>
World,P_Biomass_CCS,1,2018,1.9488,,MEUR/PJ,DEA: Technology Catalogue (CCS): technology without CCS + 2.5EUR/tCO2,15.10.2025,Nikita Moskalenko <nim@wip.tu-berlin.de>
World,P_Biomass_CCS,1,2020,1.9488,,MEUR/PJ,DEA: Technology Catalogue (CCS): technology without CCS + 2.5EUR/tCO2,15.10.2025,Nikita Moskalenko <nim@wip.tu-berlin.de>
World,P_Biomass_CCS,1,2021,1.9488,,MEUR/PJ,DEA: Technology Catalogue (CCS): technology without CCS + 2.5EUR/tCO2,15.10.2025,Nikita Moskalenko <nim@wip.tu-berlin.de>
World,P_Biomass_CCS,1,2025,1.9377,,MEUR/PJ,DEA: Technology Catalogue (CCS): technology without CCS + 2.5EUR/tCO2,15.10.2025,Nikita Moskalenko <nim@wip.tu-berlin.de>
World,P_Biomass_CCS,1,2030,1.9266,,MEUR/PJ,DEA: Technology Catalogue (CCS): technology without CCS + 2.5EUR/tCO2,15.10.2025,Nikita Moskalenko <nim@wip.tu-berlin.de>
World,P_Biomass_CCS,1,2035,1.9141,,MEUR/PJ,DEA: Technology Catalogue (CCS): technology without CCS + 2.5EUR/tCO2,15.10.2025,Nikita Moskalenko <nim@wip.tu-berlin.de>
World,P_Biomass_CCS,1,2040,1.9016,,MEUR/PJ,DEA: Technology Catalogue (CCS): technology without CCS + 2.5EUR/tCO2,15.10.2025,Nikita Moskalenko <nim@wip.tu-berlin.de>
World,P_Biomass_CCS,1,2045,1.8988,,MEUR/PJ,DEA: Technology Catalogue (CCS): technology without CCS + 2.5EUR/tCO2,15.10.2025,Nikita Moskalenko <nim@wip.tu-berlin.de>
World,P_Biomass_CCS,1,2050,1.896,,MEUR/PJ,DEA: Technology Catalogue (CCS): technology without CCS + 2.5EUR/tCO2,15.10.2025,Nikita Moskalenko <nim@wip.tu-berlin.de>
World,P_Biomass_CCS,1,2055,1.896,,MEUR/PJ,DEA: Technology Catalogue (CCS): technology without CCS + 2.5EUR/tCO2,15.10.2025,Nikita Moskalenko <nim@wip.tu-berlin.de>
World,P_Biomass_CCS,1,2060,1.896,,MEUR/PJ,DEA: Technology Catalogue (CCS): technology without CCS + 2.5EUR/tCO2,15.10.2025,Nikita Moskalenko <nim@wip.tu-berlin.de>
World,P_Coal_Hardcoal_CCS,1,2018,1.9075,,MEUR/PJ,DEA: Technology Catalogue (CCS): technology without CCS + 2.5EUR/tCO2,15.10.2025,Nikita Moskalenko <nim@wip.tu-berlin.de>
World,P_Coal_Hardcoal_CCS,1,2020,1.9075,,MEUR/PJ,DEA: Technology Catalogue (CCS): technology without CCS + 2.5EUR/tCO2,15.10.2025,Nikita Moskalenko <nim@wip.tu-berlin.de>
World,P_Coal_Hardcoal_CCS,1,2021,1.9075,,MEUR/PJ,DEA: Technology Catalogue (CCS): technology without CCS + 2.5EUR/tCO2,15.10.2025,Nikita Moskalenko <nim@wip.tu-berlin.de>
World,P_Coal_Hardcoal_CCS,1,2025,1.8714,,MEUR/PJ,DEA: Technology Catalogue (CCS): technology without CCS + 2.5EUR/tCO2,15.10.2025,Nikita Moskalenko <nim@wip.tu-berlin.de>
World,P_Coal_Hardcoal_CCS,1,2030,1.8353,,MEUR/PJ,DEA: Technology Catalogue (CCS): technology without CCS + 2.5EUR/tCO2,15.10.2025,Nikita Moskalenko <nim@wip.tu-berlin.de>
World,P_Coal_Hardcoal_CCS,1,2035,1.8033,,MEUR/PJ,DEA: Technology Catalogue (CCS): technology without CCS + 2.5EUR/tCO2,15.10.2025,Nikita Moskalenko <nim@wip.tu-berlin.de>
World,P_Coal_Hardcoal_CCS,1,2040,1.7713,,MEUR/PJ,DEA: Technology Catalogue (CCS): technology without CCS + 2.5EUR/tCO2,15.10.2025,Nikita Moskalenko <nim@wip.tu-berlin.de>
World,P_Coal_Hardcoal_CCS,1,2045,1.7407,,MEUR/PJ,DEA: Technology Catalogue (CCS): technology without CCS + 2.5EUR/tCO2,15.10.2025,Nikita Moskalenko <nim@wip.tu-berlin.de>
World,P_Coal_Hardcoal_CCS,1,2050,1.7102,,MEUR/PJ,DEA: Technology Catalogue (CCS): technology without CCS + 2.5EUR/tCO2,15.10.2025,Nikita Moskalenko <nim@wip.tu-berlin.de>
World,P_Coal_Hardcoal_CCS,1,2055,1.7102,,MEUR/PJ,DEA: Technology Catalogue (CCS): technology without CCS + 2.5EUR/tCO2,15.10.2025,Nikita Moskalenko <nim@wip.tu-berlin.de>
World,P_Coal_Hardcoal_CCS,1,2060,1.7102,,MEUR/PJ,DEA: Technology Catalogue (CCS): technology without CCS + 2.5EUR/tCO2,15.10.2025,Nikita Moskalenko <nim@wip.tu-berlin.de>
World,P_Coal_Lignite_CCS,1,2018,1.6038,,MEUR/PJ,DEA: Technology Catalogue (CCS): technology without CCS + 2.5EUR/tCO2,15.10.2025,Nikita Moskalenko <nim@wip.tu-berlin.de>
World,P_Coal_Lignite_CCS,1,2020,1.6038,,MEUR/PJ,DEA: Technology Catalogue (CCS): technology without CCS + 2.5EUR/tCO2,15.10.2025,Nikita Moskalenko <nim@wip.tu-berlin.de>
World,P_Coal_Lignite_CCS,1,2021,1.6038,,MEUR/PJ,DEA: Technology Catalogue (CCS): technology without CCS + 2.5EUR/tCO2,15.10.2025,Nikita Moskalenko <nim@wip.tu-berlin.de>
World,P_Coal_Lignite_CCS,1,2025,1.5773,,MEUR/PJ,DEA: Technology Catalogue (CCS): technology without CCS + 2.5EUR/tCO2,15.10.2025,Nikita Moskalenko <nim@wip.tu-berlin.de>
World,P_Coal_Lignite_CCS,1,2030,1.5509,,MEUR/PJ,DEA: Technology Catalogue (CCS): technology without CCS + 2.5EUR/tCO2,15.10.2025,Nikita Moskalenko <nim@wip.tu-berlin.de>
World,P_Coal_Lignite_CCS,1,2035,1.527,,MEUR/PJ,DEA: Technology Catalogue (CCS): technology without CCS + 2.5EUR/tCO2,15.10.2025,Nikita Moskalenko <nim@wip.tu-berlin.de>
World,P_Coal_Lignite_CCS,1,2040,1.5032,,MEUR/PJ,DEA: Technology Catalogue (CCS): technology without CCS + 2.5EUR/tCO2,15.10.2025,Nikita Moskalenko <nim@wip.tu-berlin.de>
World,P_Coal_Lignite_CCS,1,2045,1.4801,,MEUR/PJ,DEA: Technology Catalogue (CCS): technology without CCS + 2.5EUR/tCO2,15.10.2025,Nikita Moskalenko <nim@wip.tu-berlin.de>
World,P_Coal_Lignite_CCS,1,2050,1.4571,,MEUR/PJ,DEA: Technology Catalogue (CCS): technology without CCS + 2.5EUR/tCO2,15.10.2025,Nikita Moskalenko <nim@wip.tu-berlin.de>
World,P_Coal_Lignite_CCS,1,2055,1.4571,,MEUR/PJ,DEA: Technology Catalogue (CCS): technology without CCS + 2.5EUR/tCO2,15.10.2025,Nikita Moskalenko <nim@wip.tu-berlin.de>
World,P_Coal_Lignite_CCS,1,2060,1.4571,,MEUR/PJ,DEA: Technology Catalogue (CCS): technology without CCS + 2.5EUR/tCO2,15.10.2025,Nikita Moskalenko <nim@wip.tu-berlin.de>
World,P_Gas_CCS,1,2018,1.3341,,MEUR/PJ,DEA: Technology Catalogue (CCS): technology without CCS + 2.5EUR/tCO2,15.10.2025,Nikita Moskalenko <nim@wip.tu-berlin.de>
World,P_Gas_CCS,1,2020,2.1041,,MEUR/PJ,DEA: Technology Catalogue (CCS): technology without CCS + 2.5EUR/tCO2,15.10.2025,Nikita Moskalenko <nim@wip.tu-berlin.de>
World,P_Gas_CCS,1,2021,2.1041,,MEUR/PJ,DEA: Technology Catalogue (CCS): technology without CCS + 2.5EUR/tCO2,15.10.2025,Nikita Moskalenko <nim@wip.tu-berlin.de>
World,P_Gas_CCS,1,2025,2.1041,,MEUR/PJ,DEA: Technology Catalogue (CCS): technology without CCS + 2.5EUR/tCO2,15.10.2025,Nikita Moskalenko <nim@wip.tu-berlin.de>
World,P_Gas_CCS,1,2030,2.1041,,MEUR/PJ,DEA: Technology Catalogue (CCS): technology without CCS + 2.5EUR/tCO2,15.10.2025,Nikita Moskalenko <nim@wip.tu-berlin.de>
World,P_Gas_CCS,1,2035,2.1041,,MEUR/PJ,DEA: Technology Catalogue (CCS): technology without CCS + 2.5EUR/tCO2,15.10.2025,Nikita Moskalenko <nim@wip.tu-berlin.de>
World,P_Gas_CCS,1,2040,2.1041,,MEUR/PJ,DEA: Technology Catalogue (CCS): technology without CCS + 2.5EUR/tCO2,15.10.2025,Nikita Moskalenko <nim@wip.tu-berlin.de>
World,P_Gas_CCS,1,2045,2.1041,,MEUR/PJ,DEA: Technology Catalogue (CCS): technology without CCS + 2.5EUR/tCO2,15.10.2025,Nikita Moskalenko <nim@wip.tu-berlin.de>
World,P_Gas_CCS,1,2050,2.1041,,MEUR/PJ,DEA: Technology Catalogue (CCS): technology without CCS + 2.5EUR/tCO2,15.10.2025,Nikita Moskalenko <nim@wip.tu-berlin.de>
World,P_Gas_CCS,1,2055,2.1041,,MEUR/PJ,DEA: Technology Catalogue (CCS): technology without CCS + 2.5EUR/tCO2,15.10.2025,Nikita Moskalenko <nim@wip.tu-berlin.de>
World,P_Gas_CCS,1,2060,2.1041,,MEUR/PJ,DEA: Technology Catalogue (CCS): technology without CCS + 2.5EUR/tCO2,15.10.2025,Nikita Moskalenko <nim@wip.tu-berlin.de>
World,X_ATR_CCS,1,2018,0.5316,,MEUR/PJ,Hydrogen4EU (2021) 10 Annex E: Data documentation Table 21 GHR + ATR + CO2 capture large size centralized + surcharge  for CO2 transport and storage,22.01.2026,Nikita Moskalenko <nim@wip.tu-berlin.de>
World,X_ATR_CCS,1,2020,0.5316,,MEUR/PJ,Hydrogen4EU (2021) 10 Annex E: Data documentation Table 21 GHR + ATR + CO2 capture large size centralized + surcharge  for CO2 transport and storage,22.01.2026,Nikita Moskalenko <nim@wip.tu-berlin.de>
World,X_ATR_CCS,1,2021,0.5316,,MEUR/PJ,Hydrogen4EU (2021) 10 Annex E: Data documentation Table 21 GHR + ATR + CO2 capture large size centralized + surcharge  for CO2 transport and storage,22.01.2026,Nikita Moskalenko <nim@wip.tu-berlin.de>
World,X_ATR_CCS,1,2025,0.4725,,MEUR/PJ,Hydrogen4EU (2021) 10 Annex E: Data documentation Table 21 GHR + ATR + CO2 capture large size centralized with development from SMR,27.01.2026,Nikita Moskalenko <nim@wip.tu-berlin.de>
World,X_ATR_CCS,1,2030,0.3987,,MEUR/PJ,Hydrogen4EU (2021) 10 Annex E: Data documentation Table 21 GHR + ATR + CO2 capture large size centralized with development from SMR,27.01.2026,Nikita Moskalenko <nim@wip.tu-berlin.de>
World,X_ATR_CCS,1,2035,0.3987,,MEUR/PJ,Hydrogen4EU (2021) 10 Annex E: Data documentation Table 21 GHR + ATR + CO2 capture large size centralized with development from SMR,27.01.2026,Nikita Moskalenko <nim@wip.tu-berlin.de>
World,X_ATR_CCS,1,2040,0.3987,,MEUR/PJ,Hydrogen4EU (2021) 10 Annex E: Data documentation Table 21 GHR + ATR + CO2 capture large size centralized with development from SMR,27.01.2026,Nikita Moskalenko <nim@wip.tu-berlin.de>
World,X_ATR_CCS,1,2045,0.3987,,MEUR/PJ,Hydrogen4EU (2021) 10 Annex E: Data documentation Table 21 GHR + ATR + CO2 capture large size centralized with development from SMR,27.01.2026,Nikita Moskalenko <nim@wip.tu-berlin.de>
World,X_ATR_CCS,1,2050,0.3987,,MEUR/PJ,Hydrogen4EU (2021) 10 Annex E: Data documentation Table 21 GHR + ATR + CO2 capture large size centralized with development from SMR,27.01.2026,Nikita Moskalenko <nim@wip.tu-berlin.de>
World,X_ATR_CCS,1,2055,0.3987,,MEUR/PJ,same as 2050 for now + surcharge for CO2 transport and storage,27.01.2026,Nikita Moskalenko <nim@wip.tu-berlin.de>
World,X_ATR_CCS,1,2060,0.3987,,MEUR/PJ,same as 2050 for now + surcharge for CO2 transport and storage,27.01.2026,Nikita Moskalenko <nim@wip.tu-berlin.de>
World,CHP_Biomass_Solid,1,2026,0.916667,,MEUR/PJ,interpolated,02.09.2024,Alena Diesing <ad@wip.tu-berlin.de>
World,CHP_Biomass_Solid,1,2027,0.916667,,MEUR/PJ,interpolated,02.09.2024,Alena Diesing <ad@wip.tu-berlin.de>
World,CHP_Biomass_Solid,1,2028,0.916667,,MEUR/PJ,interpolated,02.09.2024,Alena Diesing <ad@wip.tu-berlin.de>
World,CHP_Biomass_Solid,1,2029,0.916667,,MEUR/PJ,interpolated,02.09.2024,Alena Diesing <ad@wip.tu-berlin.de>
World,CHP_Biomass_Solid,1,2031,0.916667,,MEUR/PJ,interpolated,02.09.2024,Alena Diesing <ad@wip.tu-berlin.de>
World,CHP_Biomass_Solid,1,2032,0.916667,,MEUR/PJ,interpolated,02.09.2024,Alena Diesing <ad@wip.tu-berlin.de>
World,CHP_Biomass_Solid,1,2033,0.916667,,MEUR/PJ,interpolated,02.09.2024,Alena Diesing <ad@wip.tu-berlin.de>
World,CHP_Biomass_Solid,1,2034,0.916667,,MEUR/PJ,interpolated,02.09.2024,Alena Diesing <ad@wip.tu-berlin.de>
World,CHP_Biomass_Solid,1,2036,0.916667,,MEUR/PJ,interpolated,02.09.2024,Alena Diesing <ad@wip.tu-berlin.de>
World,CHP_Biomass_Solid,1,2037,0.916667,,MEUR/PJ,interpolated,02.09.2024,Alena Diesing <ad@wip.tu-berlin.de>
World,CHP_Biomass_Solid,1,2038,0.916667,,MEUR/PJ,interpolated,02.09.2024,Alena Diesing <ad@wip.tu-berlin.de>
World,CHP_Biomass_Solid,1,2039,0.916667,,MEUR/PJ,interpolated,02.09.2024,Alena Diesing <ad@wip.tu-berlin.de>
World,CHP_Coal_Hardcoal,1,2026,1.41667,,MEUR/PJ,interpolated,02.09.2024,Alena Diesing <ad@wip.tu-berlin.de>
World,CHP_Coal_Hardcoal,1,2027,1.41667,,MEUR/PJ,interpolated,02.09.2024,Alena Diesing <ad@wip.tu-berlin.de>
World,CHP_Coal_Hardcoal,1,2028,1.41667,,MEUR/PJ,interpolated,02.09.2024,Alena Diesing <ad@wip.tu-berlin.de>
World,CHP_Coal_Hardcoal,1,2029,1.41667,,MEUR/PJ,interpolated,02.09.2024,Alena Diesing <ad@wip.tu-berlin.de>
World,CHP_Coal_Hardcoal,1,2031,1.41667,,MEUR/PJ,interpolated,02.09.2024,Alena Diesing <ad@wip.tu-berlin.de>
World,CHP_Coal_Hardcoal,1,2032,1.41667,,MEUR/PJ,interpolated,02.09.2024,Alena Diesing <ad@wip.tu-berlin.de>
World,CHP_Coal_Hardcoal,1,2033,1.41667,,MEUR/PJ,interpolated,02.09.2024,Alena Diesing <ad@wip.tu-berlin.de>
World,CHP_Coal_Hardcoal,1,2034,1.41667,,MEUR/PJ,interpolated,02.09.2024,Alena Diesing <ad@wip.tu-berlin.de>
World,CHP_Coal_Hardcoal,1,2036,1.41667,,MEUR/PJ,interpolated,02.09.2024,Alena Diesing <ad@wip.tu-berlin.de>
World,CHP_Coal_Hardcoal,1,2037,1.41667,,MEUR/PJ,interpolated,02.09.2024,Alena Diesing <ad@wip.tu-berlin.de>
World,CHP_Coal_Hardcoal,1,2038,1.41667,,MEUR/PJ,interpolated,02.09.2024,Alena Diesing <ad@wip.tu-berlin.de>
World,CHP_Coal_Hardcoal,1,2039,1.41667,,MEUR/PJ,interpolated,02.09.2024,Alena Diesing <ad@wip.tu-berlin.de>
World,CHP_Coal_Lignite,1,2026,1.41667,,MEUR/PJ,interpolated,02.09.2024,Alena Diesing <ad@wip.tu-berlin.de>
World,CHP_Coal_Lignite,1,2027,1.41667,,MEUR/PJ,interpolated,02.09.2024,Alena Diesing <ad@wip.tu-berlin.de>
World,CHP_Coal_Lignite,1,2028,1.41667,,MEUR/PJ,interpolated,02.09.2024,Alena Diesing <ad@wip.tu-berlin.de>
World,CHP_Coal_Lignite,1,2029,1.41667,,MEUR/PJ,interpolated,02.09.2024,Alena Diesing <ad@wip.tu-berlin.de>
World,CHP_Coal_Lignite,1,2031,1.41667,,MEUR/PJ,interpolated,02.09.2024,Alena Diesing <ad@wip.tu-berlin.de>
World,CHP_Coal_Lignite,1,2032,1.41667,,MEUR/PJ,interpolated,02.09.2024,Alena Diesing <ad@wip.tu-berlin.de>
World,CHP_Coal_Lignite,1,2033,1.41667,,MEUR/PJ,interpolated,02.09.2024,Alena Diesing <ad@wip.tu-berlin.de>
World,CHP_Coal_Lignite,1,2034,1.41667,,MEUR/PJ,interpolated,02.09.2024,Alena Diesing <ad@wip.tu-berlin.de>
World,CHP_Coal_Lignite,1,2036,1.41667,,MEUR/PJ,interpolated,02.09.2024,Alena Diesing <ad@wip.tu-berlin.de>
World,CHP_Coal_Lignite,1,2037,1.41667,,MEUR/PJ,interpolated,02.09.2024,Alena Diesing <ad@wip.tu-berlin.de>
World,CHP_Coal_Lignite,1,2038,1.41667,,MEUR/PJ,interpolated,02.09.2024,Alena Diesing <ad@wip.tu-berlin.de>
World,CHP_Coal_Lignite,1,2039,1.41667,,MEUR/PJ,interpolated,02.09.2024,Alena Diesing <ad@wip.tu-berlin.de>
World,CHP_Gas_CCGT_Biogas,1,2026,1.11111,,MEUR/PJ,interpolated,02.09.2024,Alena Diesing <ad@wip.tu-berlin.de>
World,CHP_Gas_CCGT_Biogas,1,2027,1.11111,,MEUR/PJ,interpolated,02.09.2024,Alena Diesing <ad@wip.tu-berlin.de>
World,CHP_Gas_CCGT_Biogas,1,2028,1.11111,,MEUR/PJ,interpolated,02.09.2024,Alena Diesing <ad@wip.tu-berlin.de>
World,CHP_Gas_CCGT_Biogas,1,2029,1.11111,,MEUR/PJ,interpolated,02.09.2024,Alena Diesing <ad@wip.tu-berlin.de>
World,CHP_Gas_CCGT_Biogas,1,2031,1.11111,,MEUR/PJ,interpolated,02.09.2024,Alena Diesing <ad@wip.tu-berlin.de>
World,CHP_Gas_CCGT_Biogas,1,2032,1.11111,,MEUR/PJ,interpolated,02.09.2024,Alena Diesing <ad@wip.tu-berlin.de>
World,CHP_Gas_CCGT_Biogas,1,2033,1.11111,,MEUR/PJ,interpolated,02.09.2024,Alena Diesing <ad@wip.tu-berlin.de>
World,CHP_Gas_CCGT_Biogas,1,2034,1.11111,,MEUR/PJ,interpolated,02.09.2024,Alena Diesing <ad@wip.tu-berlin.de>
World,CHP_Gas_CCGT_Biogas,1,2036,1.11111,,MEUR/PJ,interpolated,02.09.2024,Alena Diesing <ad@wip.tu-berlin.de>
World,CHP_Gas_CCGT_Biogas,1,2037,1.11111,,MEUR/PJ,interpolated,02.09.2024,Alena Diesing <ad@wip.tu-berlin.de>
World,CHP_Gas_CCGT_Biogas,1,2038,1.11111,,MEUR/PJ,interpolated,02.09.2024,Alena Diesing <ad@wip.tu-berlin.de>
World,CHP_Gas_CCGT_Biogas,1,2039,1.11111,,MEUR/PJ,interpolated,02.09.2024,Alena Diesing <ad@wip.tu-berlin.de>
World,CHP_Gas_CCGT_Natural,1,2026,1.11111,,MEUR/PJ,interpolated,02.09.2024,Alena Diesing <ad@wip.tu-berlin.de>
World,CHP_Gas_CCGT_Natural,1,2027,1.11111,,MEUR/PJ,interpolated,02.09.2024,Alena Diesing <ad@wip.tu-berlin.de>
World,CHP_Gas_CCGT_Natural,1,2028,1.11111,,MEUR/PJ,interpolated,02.09.2024,Alena Diesing <ad@wip.tu-berlin.de>
World,CHP_Gas_CCGT_Natural,1,2029,1.11111,,MEUR/PJ,interpolated,02.09.2024,Alena Diesing <ad@wip.tu-berlin.de>
World,CHP_Gas_CCGT_Natural,1,2031,1.11111,,MEUR/PJ,interpolated,02.09.2024,Alena Diesing <ad@wip.tu-berlin.de>
World,CHP_Gas_CCGT_Natural,1,2032,1.11111,,MEUR/PJ,interpolated,02.09.2024,Alena Diesing <ad@wip.tu-berlin.de>
World,CHP_Gas_CCGT_Natural,1,2033,1.11111,,MEUR/PJ,interpolated,02.09.2024,Alena Diesing <ad@wip.tu-berlin.de>
World,CHP_Gas_CCGT_Natural,1,2034,1.11111,,MEUR/PJ,interpolated,02.09.2024,Alena Diesing <ad@wip.tu-berlin.de>
World,CHP_Gas_CCGT_Natural,1,2036,1.11111,,MEUR/PJ,interpolated,02.09.2024,Alena Diesing <ad@wip.tu-berlin.de>
World,CHP_Gas_CCGT_Natural,1,2037,1.11111,,MEUR/PJ,interpolated,02.09.2024,Alena Diesing <ad@wip.tu-berlin.de>
World,CHP_Gas_CCGT_Natural,1,2038,1.11111,,MEUR/PJ,interpolated,02.09.2024,Alena Diesing <ad@wip.tu-berlin.de>
World,CHP_Gas_CCGT_Natural,1,2039,1.11111,,MEUR/PJ,interpolated,02.09.2024,Alena Diesing <ad@wip.tu-berlin.de>
World,CHP_Gas_CCGT_SynGas,1,2026,1.11111,,MEUR/PJ,interpolated,02.09.2024,Alena Diesing <ad@wip.tu-berlin.de>
World,CHP_Gas_CCGT_SynGas,1,2027,1.11111,,MEUR/PJ,interpolated,02.09.2024,Alena Diesing <ad@wip.tu-berlin.de>
World,CHP_Gas_CCGT_SynGas,1,2028,1.11111,,MEUR/PJ,interpolated,02.09.2024,Alena Diesing <ad@wip.tu-berlin.de>
World,CHP_Gas_CCGT_SynGas,1,2029,1.11111,,MEUR/PJ,interpolated,02.09.2024,Alena Diesing <ad@wip.tu-berlin.de>
World,CHP_Gas_CCGT_SynGas,1,2031,1.11111,,MEUR/PJ,interpolated,02.09.2024,Alena Diesing <ad@wip.tu-berlin.de>
World,CHP_Gas_CCGT_SynGas,1,2032,1.11111,,MEUR/PJ,interpolated,02.09.2024,Alena Diesing <ad@wip.tu-berlin.de>
World,CHP_Gas_CCGT_SynGas,1,2033,1.11111,,MEUR/PJ,interpolated,02.09.2024,Alena Diesing <ad@wip.tu-berlin.de>
World,CHP_Gas_CCGT_SynGas,1,2034,1.11111,,MEUR/PJ,interpolated,02.09.2024,Alena Diesing <ad@wip.tu-berlin.de>
World,CHP_Gas_CCGT_SynGas,1,2036,1.11111,,MEUR/PJ,interpolated,02.09.2024,Alena Diesing <ad@wip.tu-berlin.de>
World,CHP_Gas_CCGT_SynGas,1,2037,1.11111,,MEUR/PJ,interpolated,02.09.2024,Alena Diesing <ad@wip.tu-berlin.de>
World,CHP_Gas_CCGT_SynGas,1,2038,1.11111,,MEUR/PJ,interpolated,02.09.2024,Alena Diesing <ad@wip.tu-berlin.de>
World,CHP_Gas_CCGT_SynGas,1,2039,1.11111,,MEUR/PJ,interpolated,02.09.2024,Alena Diesing <ad@wip.tu-berlin.de>
World,CHP_Hydrogen_FuelCell,1,2026,11.3889,,MEUR/PJ,interpolated,02.09.2024,Alena Diesing <ad@wip.tu-berlin.de>
World,CHP_Hydrogen_FuelCell,1,2027,10.2778,,MEUR/PJ,interpolated,02.09.2024,Alena Diesing <ad@wip.tu-berlin.de>
World,CHP_Hydrogen_FuelCell,1,2028,9.16667,,MEUR/PJ,interpolated,02.09.2024,Alena Diesing <ad@wip.tu-berlin.de>
World,CHP_Hydrogen_FuelCell,1,2029,8.05556,,MEUR/PJ,interpolated,02.09.2024,Alena Diesing <ad@wip.tu-berlin.de>
World,CHP_Hydrogen_FuelCell,1,2031,6.52778,,MEUR/PJ,interpolated,02.09.2024,Alena Diesing <ad@wip.tu-berlin.de>
World,CHP_Hydrogen_FuelCell,1,2032,6.11111,,MEUR/PJ,interpolated,02.09.2024,Alena Diesing <ad@wip.tu-berlin.de>
World,CHP_Hydrogen_FuelCell,1,2033,5.69444,,MEUR/PJ,interpolated,02.09.2024,Alena Diesing <ad@wip.tu-berlin.de>
World,CHP_Hydrogen_FuelCell,1,2034,5.27778,,MEUR/PJ,interpolated,02.09.2024,Alena Diesing <ad@wip.tu-berlin.de>
World,CHP_Hydrogen_FuelCell,1,2036,4.44444,,MEUR/PJ,interpolated,02.09.2024,Alena Diesing <ad@wip.tu-berlin.de>
World,CHP_Hydrogen_FuelCell,1,2037,4.02778,,MEUR/PJ,interpolated,02.09.2024,Alena Diesing <ad@wip.tu-berlin.de>
World,CHP_Hydrogen_FuelCell,1,2038,3.61111,,MEUR/PJ,interpolated,02.09.2024,Alena Diesing <ad@wip.tu-berlin.de>
World,CHP_Hydrogen_FuelCell,1,2039,3.19444,,MEUR/PJ,interpolated,02.09.2024,Alena Diesing <ad@wip.tu-berlin.de>
World,CHP_Oil,1,2026,1.11111,,MEUR/PJ,interpolated,02.09.2024,Alena Diesing <ad@wip.tu-berlin.de>
World,CHP_Oil,1,2027,1.11111,,MEUR/PJ,interpolated,02.09.2024,Alena Diesing <ad@wip.tu-berlin.de>
World,CHP_Oil,1,2028,1.11111,,MEUR/PJ,interpolated,02.09.2024,Alena Diesing <ad@wip.tu-berlin.de>
World,CHP_Oil,1,2029,1.11111,,MEUR/PJ,interpolated,02.09.2024,Alena Diesing <ad@wip.tu-berlin.de>
World,CHP_Oil,1,2031,1.11111,,MEUR/PJ,interpolated,02.09.2024,Alena Diesing <ad@wip.tu-berlin.de>
World,CHP_Oil,1,2032,1.11111,,MEUR/PJ,interpolated,02.09.2024,Alena Diesing <ad@wip.tu-berlin.de>
World,CHP_Oil,1,2033,1.11111,,MEUR/PJ,interpolated,02.09.2024,Alena Diesing <ad@wip.tu-berlin.de>
World,CHP_Oil,1,2034,1.11111,,MEUR/PJ,interpolated,02.09.2024,Alena Diesing <ad@wip.tu-berlin.de>
World,CHP_Oil,1,2036,1.11111,,MEUR/PJ,interpolated,02.09.2024,Alena Diesing <ad@wip.tu-berlin.de>
World,CHP_Oil,1,2037,1.11111,,MEUR/PJ,interpolated,02.09.2024,Alena Diesing <ad@wip.tu-berlin.de>
World,CHP_Oil,1,2038,1.11111,,MEUR/PJ,interpolated,02.09.2024,Alena Diesing <ad@wip.tu-berlin.de>
World,CHP_Oil,1,2039,1.11111,,MEUR/PJ,interpolated,02.09.2024,Alena Diesing <ad@wip.tu-berlin.de>
World,D_Battery_Li-Ion,1,2026,0.01,,MEUR/PJ,interpolated,08.08.2024,Konstantin Loffler <kl@wip.tu-berlin.de>
World,D_Battery_Li-Ion,1,2027,0.01,,MEUR/PJ,interpolated,08.08.2024,Konstantin Loffler <kl@wip.tu-berlin.de>
World,D_Battery_Li-Ion,1,2028,0.01,,MEUR/PJ,interpolated,08.08.2024,Konstantin Loffler <kl@wip.tu-berlin.de>
World,D_Battery_Li-Ion,1,2029,0.01,,MEUR/PJ,interpolated,08.08.2024,Konstantin Loffler <kl@wip.tu-berlin.de>
World,D_Battery_Li-Ion,1,2031,0.01,,MEUR/PJ,interpolated,08.08.2024,Konstantin Loffler <kl@wip.tu-berlin.de>
World,D_Battery_Li-Ion,1,2032,0.01,,MEUR/PJ,interpolated,08.08.2024,Konstantin Loffler <kl@wip.tu-berlin.de>
World,D_Battery_Li-Ion,1,2033,0.01,,MEUR/PJ,interpolated,08.08.2024,Konstantin Loffler <kl@wip.tu-berlin.de>
World,D_Battery_Li-Ion,1,2034,0.01,,MEUR/PJ,interpolated,08.08.2024,Konstantin Loffler <kl@wip.tu-berlin.de>
World,D_Battery_Li-Ion,1,2036,0.01,,MEUR/PJ,interpolated,08.08.2024,Konstantin Loffler <kl@wip.tu-berlin.de>
World,D_Battery_Li-Ion,1,2037,0.01,,MEUR/PJ,interpolated,08.08.2024,Konstantin Loffler <kl@wip.tu-berlin.de>
World,D_Battery_Li-Ion,1,2038,0.01,,MEUR/PJ,interpolated,08.08.2024,Konstantin Loffler <kl@wip.tu-berlin.de>
World,D_Battery_Li-Ion,1,2039,0.01,,MEUR/PJ,interpolated,08.08.2024,Konstantin Loffler <kl@wip.tu-berlin.de>
World,D_Battery_Redox,1,2026,0.01,,MEUR/PJ,interpolated,08.08.2024,Konstantin Loffler <kl@wip.tu-berlin.de>
World,D_Battery_Redox,1,2027,0.01,,MEUR/PJ,interpolated,08.08.2024,Konstantin Loffler <kl@wip.tu-berlin.de>
World,D_Battery_Redox,1,2028,0.01,,MEUR/PJ,interpolated,08.08.2024,Konstantin Loffler <kl@wip.tu-berlin.de>
World,D_Battery_Redox,1,2029,0.01,,MEUR/PJ,interpolated,08.08.2024,Konstantin Loffler <kl@wip.tu-berlin.de>
World,D_Battery_Redox,1,2031,0.01,,MEUR/PJ,interpolated,08.08.2024,Konstantin Loffler <kl@wip.tu-berlin.de>
World,D_Battery_Redox,1,2032,0.01,,MEUR/PJ,interpolated,08.08.2024,Konstantin Loffler <kl@wip.tu-berlin.de>
World,D_Battery_Redox,1,2033,0.01,,MEUR/PJ,interpolated,08.08.2024,Konstantin Loffler <kl@wip.tu-berlin.de>
World,D_Battery_Redox,1,2034,0.01,,MEUR/PJ,interpolated,08.08.2024,Konstantin Loffler <kl@wip.tu-berlin.de>
World,D_Battery_Redox,1,2036,0.01,,MEUR/PJ,interpolated,08.08.2024,Konstantin Loffler <kl@wip.tu-berlin.de>
World,D_Battery_Redox,1,2037,0.01,,MEUR/PJ,interpolated,08.08.2024,Konstantin Loffler <kl@wip.tu-berlin.de>
World,D_Battery_Redox,1,2038,0.01,,MEUR/PJ,interpolated,08.08.2024,Konstantin Loffler <kl@wip.tu-berlin.de>
World,D_Battery_Redox,1,2039,0.01,,MEUR/PJ,interpolated,08.08.2024,Konstantin Loffler <kl@wip.tu-berlin.de>
World,D_CAES,1,2026,0.01,,MEUR/PJ,interpolated,08.08.2024,Konstantin Loffler <kl@wip.tu-berlin.de>
World,D_CAES,1,2027,0.01,,MEUR/PJ,interpolated,08.08.2024,Konstantin Loffler <kl@wip.tu-berlin.de>
World,D_CAES,1,2028,0.01,,MEUR/PJ,interpolated,08.08.2024,Konstantin Loffler <kl@wip.tu-berlin.de>
World,D_CAES,1,2029,0.01,,MEUR/PJ,interpolated,08.08.2024,Konstantin Loffler <kl@wip.tu-berlin.de>
World,D_CAES,1,2031,0.01,,MEUR/PJ,interpolated,08.08.2024,Konstantin Loffler <kl@wip.tu-berlin.de>
World,D_CAES,1,2032,0.01,,MEUR/PJ,interpolated,08.08.2024,Konstantin Loffler <kl@wip.tu-berlin.de>
World,D_CAES,1,2033,0.01,,MEUR/PJ,interpolated,08.08.2024,Konstantin Loffler <kl@wip.tu-berlin.de>
World,D_CAES,1,2034,0.01,,MEUR/PJ,interpolated,08.08.2024,Konstantin Loffler <kl@wip.tu-berlin.de>
World,D_CAES,1,2036,0.01,,MEUR/PJ,interpolated,08.08.2024,Konstantin Loffler <kl@wip.tu-berlin.de>
World,D_CAES,1,2037,0.01,,MEUR/PJ,interpolated,08.08.2024,Konstantin Loffler <kl@wip.tu-berlin.de>
World,D_CAES,1,2038,0.01,,MEUR/PJ,interpolated,08.08.2024,Konstantin Loffler <kl@wip.tu-berlin.de>
World,D_CAES,1,2039,0.01,,MEUR/PJ,interpolated,08.08.2024,Konstantin Loffler <kl@wip.tu-berlin.de>
World,D_Gas_H2,1,2026,0.01,,MEUR/PJ,interpolated,08.08.2024,Konstantin Loffler <kl@wip.tu-berlin.de>
World,D_Gas_H2,1,2027,0.01,,MEUR/PJ,interpolated,08.08.2024,Konstantin Loffler <kl@wip.tu-berlin.de>
World,D_Gas_H2,1,2028,0.01,,MEUR/PJ,interpolated,08.08.2024,Konstantin Loffler <kl@wip.tu-berlin.de>
World,D_Gas_H2,1,2029,0.01,,MEUR/PJ,interpolated,08.08.2024,Konstantin Loffler <kl@wip.tu-berlin.de>
World,D_Gas_H2,1,2031,0.01,,MEUR/PJ,interpolated,08.08.2024,Konstantin Loffler <kl@wip.tu-berlin.de>
World,D_Gas_H2,1,2032,0.01,,MEUR/PJ,interpolated,08.08.2024,Konstantin Loffler <kl@wip.tu-berlin.de>
World,D_Gas_H2,1,2033,0.01,,MEUR/PJ,interpolated,08.08.2024,Konstantin Loffler <kl@wip.tu-berlin.de>
World,D_Gas_H2,1,2034,0.01,,MEUR/PJ,interpolated,08.08.2024,Konstantin Loffler <kl@wip.tu-berlin.de>
World,D_Gas_H2,1,2036,0.01,,MEUR/PJ,interpolated,08.08.2024,Konstantin Loffler <kl@wip.tu-berlin.de>
World,D_Gas_H2,1,2037,0.01,,MEUR/PJ,interpolated,08.08.2024,Konstantin Loffler <kl@wip.tu-berlin.de>
World,D_Gas_H2,1,2038,0.01,,MEUR/PJ,interpolated,08.08.2024,Konstantin Loffler <kl@wip.tu-berlin.de>
World,D_Gas_H2,1,2039,0.01,,MEUR/PJ,interpolated,08.08.2024,Konstantin Loffler <kl@wip.tu-berlin.de>
World,D_Gas_Methane,1,2026,0.01,,MEUR/PJ,interpolated,08.08.2024,Konstantin Loffler <kl@wip.tu-berlin.de>
World,D_Gas_Methane,1,2027,0.01,,MEUR/PJ,interpolated,08.08.2024,Konstantin Loffler <kl@wip.tu-berlin.de>
World,D_Gas_Methane,1,2028,0.01,,MEUR/PJ,interpolated,08.08.2024,Konstantin Loffler <kl@wip.tu-berlin.de>
World,D_Gas_Methane,1,2029,0.01,,MEUR/PJ,interpolated,08.08.2024,Konstantin Loffler <kl@wip.tu-berlin.de>
World,D_Gas_Methane,1,2031,0.01,,MEUR/PJ,interpolated,08.08.2024,Konstantin Loffler <kl@wip.tu-berlin.de>
World,D_Gas_Methane,1,2032,0.01,,MEUR/PJ,interpolated,08.08.2024,Konstantin Loffler <kl@wip.tu-berlin.de>
World,D_Gas_Methane,1,2033,0.01,,MEUR/PJ,interpolated,08.08.2024,Konstantin Loffler <kl@wip.tu-berlin.de>
World,D_Gas_Methane,1,2034,0.01,,MEUR/PJ,interpolated,08.08.2024,Konstantin Loffler <kl@wip.tu-berlin.de>
World,D_Gas_Methane,1,2036,0.01,,MEUR/PJ,interpolated,08.08.2024,Konstantin Loffler <kl@wip.tu-berlin.de>
World,D_Gas_Methane,1,2037,0.01,,MEUR/PJ,interpolated,08.08.2024,Konstantin Loffler <kl@wip.tu-berlin.de>
World,D_Gas_Methane,1,2038,0.01,,MEUR/PJ,interpolated,08.08.2024,Konstantin Loffler <kl@wip.tu-berlin.de>
World,D_Gas_Methane,1,2039,0.01,,MEUR/PJ,interpolated,08.08.2024,Konstantin Loffler <kl@wip.tu-berlin.de>
World,D_HB_Tank_Small,1,2026,0.01,,MEUR/PJ,interpolated,08.08.2024,Konstantin Loffler <kl@wip.tu-berlin.de>
World,D_HB_Tank_Small,1,2027,0.01,,MEUR/PJ,interpolated,08.08.2024,Konstantin Loffler <kl@wip.tu-berlin.de>
World,D_HB_Tank_Small,1,2028,0.01,,MEUR/PJ,interpolated,08.08.2024,Konstantin Loffler <kl@wip.tu-berlin.de>
World,D_HB_Tank_Small,1,2029,0.01,,MEUR/PJ,interpolated,08.08.2024,Konstantin Loffler <kl@wip.tu-berlin.de>
World,D_HB_Tank_Small,1,2031,0.01,,MEUR/PJ,interpolated,08.08.2024,Konstantin Loffler <kl@wip.tu-berlin.de>
World,D_HB_Tank_Small,1,2032,0.01,,MEUR/PJ,interpolated,08.08.2024,Konstantin Loffler <kl@wip.tu-berlin.de>
World,D_HB_Tank_Small,1,2033,0.01,,MEUR/PJ,interpolated,08.08.2024,Konstantin Loffler <kl@wip.tu-berlin.de>
World,D_HB_Tank_Small,1,2034,0.01,,MEUR/PJ,interpolated,08.08.2024,Konstantin Loffler <kl@wip.tu-berlin.de>
World,D_HB_Tank_Small,1,2036,0.01,,MEUR/PJ,interpolated,08.08.2024,Konstantin Loffler <kl@wip.tu-berlin.de>
World,D_HB_Tank_Small,1,2037,0.01,,MEUR/PJ,interpolated,08.08.2024,Konstantin Loffler <kl@wip.tu-berlin.de>
World,D_HB_Tank_Small,1,2038,0.01,,MEUR/PJ,interpolated,08.08.2024,Konstantin Loffler <kl@wip.tu-berlin.de>
World,D_HB_Tank_Small,1,2039,0.01,,MEUR/PJ,interpolated,08.08.2024,Konstantin Loffler <kl@wip.tu-berlin.de>
World,D_HD_Pit,1,2026,0.01,,MEUR/PJ,interpolated,08.08.2024,Konstantin Loffler <kl@wip.tu-berlin.de>
World,D_HD_Pit,1,2027,0.01,,MEUR/PJ,interpolated,08.08.2024,Konstantin Loffler <kl@wip.tu-berlin.de>
World,D_HD_Pit,1,2028,0.01,,MEUR/PJ,interpolated,08.08.2024,Konstantin Loffler <kl@wip.tu-berlin.de>
World,D_HD_Pit,1,2029,0.01,,MEUR/PJ,interpolated,08.08.2024,Konstantin Loffler <kl@wip.tu-berlin.de>
World,D_HD_Pit,1,2031,0.01,,MEUR/PJ,interpolated,08.08.2024,Konstantin Loffler <kl@wip.tu-berlin.de>
World,D_HD_Pit,1,2032,0.01,,MEUR/PJ,interpolated,08.08.2024,Konstantin Loffler <kl@wip.tu-berlin.de>
World,D_HD_Pit,1,2033,0.01,,MEUR/PJ,interpolated,08.08.2024,Konstantin Loffler <kl@wip.tu-berlin.de>
World,D_HD_Pit,1,2034,0.01,,MEUR/PJ,interpolated,08.08.2024,Konstantin Loffler <kl@wip.tu-berlin.de>
World,D_HD_Pit,1,2036,0.01,,MEUR/PJ,interpolated,08.08.2024,Konstantin Loffler <kl@wip.tu-berlin.de>
World,D_HD_Pit,1,2037,0.01,,MEUR/PJ,interpolated,08.08.2024,Konstantin Loffler <kl@wip.tu-berlin.de>
World,D_HD_Pit,1,2038,0.01,,MEUR/PJ,interpolated,08.08.2024,Konstantin Loffler <kl@wip.tu-berlin.de>
World,D_HD_Pit,1,2039,0.01,,MEUR/PJ,interpolated,08.08.2024,Konstantin Loffler <kl@wip.tu-berlin.de>
World,D_HLI_Tank_Large,1,2026,0.01,,MEUR/PJ,interpolated,08.08.2024,Konstantin Loffler <kl@wip.tu-berlin.de>
World,D_HLI_Tank_Large,1,2027,0.01,,MEUR/PJ,interpolated,08.08.2024,Konstantin Loffler <kl@wip.tu-berlin.de>
World,D_HLI_Tank_Large,1,2028,0.01,,MEUR/PJ,interpolated,08.08.2024,Konstantin Loffler <kl@wip.tu-berlin.de>
World,D_HLI_Tank_Large,1,2029,0.01,,MEUR/PJ,interpolated,08.08.2024,Konstantin Loffler <kl@wip.tu-berlin.de>
World,D_HLI_Tank_Large,1,2031,0.01,,MEUR/PJ,interpolated,08.08.2024,Konstantin Loffler <kl@wip.tu-berlin.de>
World,D_HLI_Tank_Large,1,2032,0.01,,MEUR/PJ,interpolated,08.08.2024,Konstantin Loffler <kl@wip.tu-berlin.de>
World,D_HLI_Tank_Large,1,2033,0.01,,MEUR/PJ,interpolated,08.08.2024,Konstantin Loffler <kl@wip.tu-berlin.de>
World,D_HLI_Tank_Large,1,2034,0.01,,MEUR/PJ,interpolated,08.08.2024,Konstantin Loffler <kl@wip.tu-berlin.de>
World,D_HLI_Tank_Large,1,2036,0.01,,MEUR/PJ,interpolated,08.08.2024,Konstantin Loffler <kl@wip.tu-berlin.de>
World,D_HLI_Tank_Large,1,2037,0.01,,MEUR/PJ,interpolated,08.08.2024,Konstantin Loffler <kl@wip.tu-berlin.de>
World,D_HLI_Tank_Large,1,2038,0.01,,MEUR/PJ,interpolated,08.08.2024,Konstantin Loffler <kl@wip.tu-berlin.de>
World,D_HLI_Tank_Large,1,2039,0.01,,MEUR/PJ,interpolated,08.08.2024,Konstantin Loffler <kl@wip.tu-berlin.de>
World,D_PHS,1,2026,0.01,,MEUR/PJ,interpolated,08.08.2024,Konstantin Loffler <kl@wip.tu-berlin.de>
World,D_PHS,1,2027,0.01,,MEUR/PJ,interpolated,08.08.2024,Konstantin Loffler <kl@wip.tu-berlin.de>
World,D_PHS,1,2028,0.01,,MEUR/PJ,interpolated,08.08.2024,Konstantin Loffler <kl@wip.tu-berlin.de>
World,D_PHS,1,2029,0.01,,MEUR/PJ,interpolated,08.08.2024,Konstantin Loffler <kl@wip.tu-berlin.de>
World,D_PHS,1,2031,0.01,,MEUR/PJ,interpolated,08.08.2024,Konstantin Loffler <kl@wip.tu-berlin.de>
World,D_PHS,1,2032,0.01,,MEUR/PJ,interpolated,08.08.2024,Konstantin Loffler <kl@wip.tu-berlin.de>
World,D_PHS,1,2033,0.01,,MEUR/PJ,interpolated,08.08.2024,Konstantin Loffler <kl@wip.tu-berlin.de>
World,D_PHS,1,2034,0.01,,MEUR/PJ,interpolated,08.08.2024,Konstantin Loffler <kl@wip.tu-berlin.de>
World,D_PHS,1,2036,0.01,,MEUR/PJ,interpolated,08.08.2024,Konstantin Loffler <kl@wip.tu-berlin.de>
World,D_PHS,1,2037,0.01,,MEUR/PJ,interpolated,08.08.2024,Konstantin Loffler <kl@wip.tu-berlin.de>
World,D_PHS,1,2038,0.01,,MEUR/PJ,interpolated,08.08.2024,Konstantin Loffler <kl@wip.tu-berlin.de>
World,D_PHS,1,2039,0.01,,MEUR/PJ,interpolated,08.08.2024,Konstantin Loffler <kl@wip.tu-berlin.de>
World,D_PHS_Residual,1,2026,0.01,,MEUR/PJ,interpolated,08.08.2024,Konstantin Loffler <kl@wip.tu-berlin.de>
World,D_PHS_Residual,1,2027,0.01,,MEUR/PJ,interpolated,08.08.2024,Konstantin Loffler <kl@wip.tu-berlin.de>
World,D_PHS_Residual,1,2028,0.01,,MEUR/PJ,interpolated,08.08.2024,Konstantin Loffler <kl@wip.tu-berlin.de>
World,D_PHS_Residual,1,2029,0.01,,MEUR/PJ,interpolated,08.08.2024,Konstantin Loffler <kl@wip.tu-berlin.de>
World,D_PHS_Residual,1,2031,0.01,,MEUR/PJ,interpolated,08.08.2024,Konstantin Loffler <kl@wip.tu-berlin.de>
World,D_PHS_Residual,1,2032,0.01,,MEUR/PJ,interpolated,08.08.2024,Konstantin Loffler <kl@wip.tu-berlin.de>
World,D_PHS_Residual,1,2033,0.01,,MEUR/PJ,interpolated,08.08.2024,Konstantin Loffler <kl@wip.tu-berlin.de>
World,D_PHS_Residual,1,2034,0.01,,MEUR/PJ,interpolated,08.08.2024,Konstantin Loffler <kl@wip.tu-berlin.de>
World,D_PHS_Residual,1,2036,0.01,,MEUR/PJ,interpolated,08.08.2024,Konstantin Loffler <kl@wip.tu-berlin.de>
World,D_PHS_Residual,1,2037,0.01,,MEUR/PJ,interpolated,08.08.2024,Konstantin Loffler <kl@wip.tu-berlin.de>
World,D_PHS_Residual,1,2038,0.01,,MEUR/PJ,interpolated,08.08.2024,Konstantin Loffler <kl@wip.tu-berlin.de>
World,D_PHS_Residual,1,2039,0.01,,MEUR/PJ,interpolated,08.08.2024,Konstantin Loffler <kl@wip.tu-berlin.de>
World,HB_Biomass,1,2026,0.001,,MEUR/PJ,interpolated,20.08.2024,Alena Diesing <ad@wip.tu-berlin.de>
World,HB_Biomass,1,2027,0.001,,MEUR/PJ,interpolated,20.08.2024,Alena Diesing <ad@wip.tu-berlin.de>
World,HB_Biomass,1,2028,0.001,,MEUR/PJ,interpolated,20.08.2024,Alena Diesing <ad@wip.tu-berlin.de>
World,HB_Biomass,1,2029,0.001,,MEUR/PJ,interpolated,20.08.2024,Alena Diesing <ad@wip.tu-berlin.de>
World,HB_Biomass,1,2031,0.001,,MEUR/PJ,interpolated,20.08.2024,Alena Diesing <ad@wip.tu-berlin.de>
World,HB_Biomass,1,2032,0.001,,MEUR/PJ,interpolated,20.08.2024,Alena Diesing <ad@wip.tu-berlin.de>
World,HB_Biomass,1,2033,0.001,,MEUR/PJ,interpolated,20.08.2024,Alena Diesing <ad@wip.tu-berlin.de>
World,HB_Biomass,1,2034,0.001,,MEUR/PJ,interpolated,20.08.2024,Alena Diesing <ad@wip.tu-berlin.de>
World,HB_Biomass,1,2036,0.001,,MEUR/PJ,interpolated,20.08.2024,Alena Diesing <ad@wip.tu-berlin.de>
World,HB_Biomass,1,2037,0.001,,MEUR/PJ,interpolated,20.08.2024,Alena Diesing <ad@wip.tu-berlin.de>
World,HB_Biomass,1,2038,0.001,,MEUR/PJ,interpolated,20.08.2024,Alena Diesing <ad@wip.tu-berlin.de>
World,HB_Biomass,1,2039,0.001,,MEUR/PJ,interpolated,20.08.2024,Alena Diesing <ad@wip.tu-berlin.de>
World,HB_Direct_Electric,1,2026,0.001,,MEUR/PJ,interpolated,20.08.2024,Alena Diesing <ad@wip.tu-berlin.de>
World,HB_Direct_Electric,1,2027,0.001,,MEUR/PJ,interpolated,20.08.2024,Alena Diesing <ad@wip.tu-berlin.de>
World,HB_Direct_Electric,1,2028,0.001,,MEUR/PJ,interpolated,20.08.2024,Alena Diesing <ad@wip.tu-berlin.de>
World,HB_Direct_Electric,1,2029,0.001,,MEUR/PJ,interpolated,20.08.2024,Alena Diesing <ad@wip.tu-berlin.de>
World,HB_Direct_Electric,1,2031,0.001,,MEUR/PJ,interpolated,20.08.2024,Alena Diesing <ad@wip.tu-berlin.de>
World,HB_Direct_Electric,1,2032,0.001,,MEUR/PJ,interpolated,20.08.2024,Alena Diesing <ad@wip.tu-berlin.de>
World,HB_Direct_Electric,1,2033,0.001,,MEUR/PJ,interpolated,20.08.2024,Alena Diesing <ad@wip.tu-berlin.de>
World,HB_Direct_Electric,1,2034,0.001,,MEUR/PJ,interpolated,20.08.2024,Alena Diesing <ad@wip.tu-berlin.de>
World,HB_Direct_Electric,1,2036,0.001,,MEUR/PJ,interpolated,20.08.2024,Alena Diesing <ad@wip.tu-berlin.de>
World,HB_Direct_Electric,1,2037,0.001,,MEUR/PJ,interpolated,20.08.2024,Alena Diesing <ad@wip.tu-berlin.de>
World,HB_Direct_Electric,1,2038,0.001,,MEUR/PJ,interpolated,20.08.2024,Alena Diesing <ad@wip.tu-berlin.de>
World,HB_Direct_Electric,1,2039,0.001,,MEUR/PJ,interpolated,20.08.2024,Alena Diesing <ad@wip.tu-berlin.de>
World,HB_Gas_Boiler,1,2026,0.001,,MEUR/PJ,interpolated,20.08.2024,Alena Diesing <ad@wip.tu-berlin.de>
World,HB_Gas_Boiler,1,2027,0.001,,MEUR/PJ,interpolated,20.08.2024,Alena Diesing <ad@wip.tu-berlin.de>
World,HB_Gas_Boiler,1,2028,0.001,,MEUR/PJ,interpolated,20.08.2024,Alena Diesing <ad@wip.tu-berlin.de>
World,HB_Gas_Boiler,1,2029,0.001,,MEUR/PJ,interpolated,20.08.2024,Alena Diesing <ad@wip.tu-berlin.de>
World,HB_Gas_Boiler,1,2031,0.001,,MEUR/PJ,interpolated,20.08.2024,Alena Diesing <ad@wip.tu-berlin.de>
World,HB_Gas_Boiler,1,2032,0.001,,MEUR/PJ,interpolated,20.08.2024,Alena Diesing <ad@wip.tu-berlin.de>
World,HB_Gas_Boiler,1,2033,0.001,,MEUR/PJ,interpolated,20.08.2024,Alena Diesing <ad@wip.tu-berlin.de>
World,HB_Gas_Boiler,1,2034,0.001,,MEUR/PJ,interpolated,20.08.2024,Alena Diesing <ad@wip.tu-berlin.de>
World,HB_Gas_Boiler,1,2036,0.001,,MEUR/PJ,interpolated,20.08.2024,Alena Diesing <ad@wip.tu-berlin.de>
World,HB_Gas_Boiler,1,2037,0.001,,MEUR/PJ,interpolated,20.08.2024,Alena Diesing <ad@wip.tu-berlin.de>
World,HB_Gas_Boiler,1,2038,0.001,,MEUR/PJ,interpolated,20.08.2024,Alena Diesing <ad@wip.tu-berlin.de>
World,HB_Gas_Boiler,1,2039,0.001,,MEUR/PJ,interpolated,20.08.2024,Alena Diesing <ad@wip.tu-berlin.de>
World,HB_Geothermal,1,2026,1.71111,,MEUR/PJ,interpolated,20.08.2024,Alena Diesing <ad@wip.tu-berlin.de>
World,HB_Geothermal,1,2027,1.73611,,MEUR/PJ,interpolated,20.08.2024,Alena Diesing <ad@wip.tu-berlin.de>
World,HB_Geothermal,1,2028,1.76111,,MEUR/PJ,interpolated,20.08.2024,Alena Diesing <ad@wip.tu-berlin.de>
World,HB_Geothermal,1,2029,1.78611,,MEUR/PJ,interpolated,20.08.2024,Alena Diesing <ad@wip.tu-berlin.de>
World,HB_Geothermal,1,2031,1.81472,,MEUR/PJ,interpolated,20.08.2024,Alena Diesing <ad@wip.tu-berlin.de>
World,HB_Geothermal,1,2032,1.81833,,MEUR/PJ,interpolated,20.08.2024,Alena Diesing <ad@wip.tu-berlin.de>
World,HB_Geothermal,1,2033,1.82194,,MEUR/PJ,interpolated,20.08.2024,Alena Diesing <ad@wip.tu-berlin.de>
World,HB_Geothermal,1,2034,1.82556,,MEUR/PJ,interpolated,20.08.2024,Alena Diesing <ad@wip.tu-berlin.de>
World,HB_Geothermal,1,2036,1.83278,,MEUR/PJ,interpolated,20.08.2024,Alena Diesing <ad@wip.tu-berlin.de>
World,HB_Geothermal,1,2037,1.83639,,MEUR/PJ,interpolated,20.08.2024,Alena Diesing <ad@wip.tu-berlin.de>
World,HB_Geothermal,1,2038,1.84,,MEUR/PJ,interpolated,20.08.2024,Alena Diesing <ad@wip.tu-berlin.de>
World,HB_Geothermal,1,2039,1.84361,,MEUR/PJ,interpolated,20.08.2024,Alena Diesing <ad@wip.tu-berlin.de>
World,HB_H2_Boiler,1,2026,0.001,,MEUR/PJ,interpolated,20.08.2024,Alena Diesing <ad@wip.tu-berlin.de>
World,HB_H2_Boiler,1,2027,0.001,,MEUR/PJ,interpolated,20.08.2024,Alena Diesing <ad@wip.tu-berlin.de>
World,HB_H2_Boiler,1,2028,0.001,,MEUR/PJ,interpolated,20.08.2024,Alena Diesing <ad@wip.tu-berlin.de>
World,HB_H2_Boiler,1,2029,0.001,,MEUR/PJ,interpolated,20.08.2024,Alena Diesing <ad@wip.tu-berlin.de>
World,HB_H2_Boiler,1,2031,0.001,,MEUR/PJ,interpolated,20.08.2024,Alena Diesing <ad@wip.tu-berlin.de>
World,HB_H2_Boiler,1,2032,0.001,,MEUR/PJ,interpolated,20.08.2024,Alena Diesing <ad@wip.tu-berlin.de>
World,HB_H2_Boiler,1,2033,0.001,,MEUR/PJ,interpolated,20.08.2024,Alena Diesing <ad@wip.tu-berlin.de>
World,HB_H2_Boiler,1,2034,0.001,,MEUR/PJ,interpolated,20.08.2024,Alena Diesing <ad@wip.tu-berlin.de>
World,HB_H2_Boiler,1,2036,0.001,,MEUR/PJ,interpolated,20.08.2024,Alena Diesing <ad@wip.tu-berlin.de>
World,HB_H2_Boiler,1,2037,0.001,,MEUR/PJ,interpolated,20.08.2024,Alena Diesing <ad@wip.tu-berlin.de>
World,HB_H2_Boiler,1,2038,0.001,,MEUR/PJ,interpolated,20.08.2024,Alena Diesing <ad@wip.tu-berlin.de>
World,HB_H2_Boiler,1,2039,0.001,,MEUR/PJ,interpolated,20.08.2024,Alena Diesing <ad@wip.tu-berlin.de>
World,HB_Hardcoal,1,2026,0.122222,,MEUR/PJ,interpolated,20.08.2024,Alena Diesing <ad@wip.tu-berlin.de>
World,HB_Hardcoal,1,2027,0.122222,,MEUR/PJ,interpolated,20.08.2024,Alena Diesing <ad@wip.tu-berlin.de>
World,HB_Hardcoal,1,2028,0.122222,,MEUR/PJ,interpolated,20.08.2024,Alena Diesing <ad@wip.tu-berlin.de>
World,HB_Hardcoal,1,2029,0.122222,,MEUR/PJ,interpolated,20.08.2024,Alena Diesing <ad@wip.tu-berlin.de>
World,HB_Hardcoal,1,2031,0.122222,,MEUR/PJ,interpolated,20.08.2024,Alena Diesing <ad@wip.tu-berlin.de>
World,HB_Hardcoal,1,2032,0.122222,,MEUR/PJ,interpolated,20.08.2024,Alena Diesing <ad@wip.tu-berlin.de>
World,HB_Hardcoal,1,2033,0.122222,,MEUR/PJ,interpolated,20.08.2024,Alena Diesing <ad@wip.tu-berlin.de>
World,HB_Hardcoal,1,2034,0.122222,,MEUR/PJ,interpolated,20.08.2024,Alena Diesing <ad@wip.tu-berlin.de>
World,HB_Hardcoal,1,2036,0.122222,,MEUR/PJ,interpolated,20.08.2024,Alena Diesing <ad@wip.tu-berlin.de>
World,HB_Hardcoal,1,2037,0.122222,,MEUR/PJ,interpolated,20.08.2024,Alena Diesing <ad@wip.tu-berlin.de>
World,HB_Hardcoal,1,2038,0.122222,,MEUR/PJ,interpolated,20.08.2024,Alena Diesing <ad@wip.tu-berlin.de>
World,HB_Hardcoal,1,2039,0.122222,,MEUR/PJ,interpolated,20.08.2024,Alena Diesing <ad@wip.tu-berlin.de>
World,HB_Heatpump_Aerial,1,2026,0.001,,MEUR/PJ,interpolated,20.08.2024,Alena Diesing <ad@wip.tu-berlin.de>
World,HB_Heatpump_Aerial,1,2027,0.001,,MEUR/PJ,interpolated,20.08.2024,Alena Diesing <ad@wip.tu-berlin.de>
World,HB_Heatpump_Aerial,1,2028,0.001,,MEUR/PJ,interpolated,20.08.2024,Alena Diesing <ad@wip.tu-berlin.de>
World,HB_Heatpump_Aerial,1,2029,0.001,,MEUR/PJ,interpolated,20.08.2024,Alena Diesing <ad@wip.tu-berlin.de>
World,HB_Heatpump_Aerial,1,2031,0.001,,MEUR/PJ,interpolated,20.08.2024,Alena Diesing <ad@wip.tu-berlin.de>
World,HB_Heatpump_Aerial,1,2032,0.001,,MEUR/PJ,interpolated,20.08.2024,Alena Diesing <ad@wip.tu-berlin.de>
World,HB_Heatpump_Aerial,1,2033,0.001,,MEUR/PJ,interpolated,20.08.2024,Alena Diesing <ad@wip.tu-berlin.de>
World,HB_Heatpump_Aerial,1,2034,0.001,,MEUR/PJ,interpolated,20.08.2024,Alena Diesing <ad@wip.tu-berlin.de>
World,HB_Heatpump_Aerial,1,2036,0.001,,MEUR/PJ,interpolated,20.08.2024,Alena Diesing <ad@wip.tu-berlin.de>
World,HB_Heatpump_Aerial,1,2037,0.001,,MEUR/PJ,interpolated,20.08.2024,Alena Diesing <ad@wip.tu-berlin.de>
World,HB_Heatpump_Aerial,1,2038,0.001,,MEUR/PJ,interpolated,20.08.2024,Alena Diesing <ad@wip.tu-berlin.de>
World,HB_Heatpump_Aerial,1,2039,0.001,,MEUR/PJ,interpolated,20.08.2024,Alena Diesing <ad@wip.tu-berlin.de>
World,HB_Heatpump_Ground,1,2026,0.001,,MEUR/PJ,interpolated,20.08.2024,Alena Diesing <ad@wip.tu-berlin.de>
World,HB_Heatpump_Ground,1,2027,0.001,,MEUR/PJ,interpolated,20.08.2024,Alena Diesing <ad@wip.tu-berlin.de>
World,HB_Heatpump_Ground,1,2028,0.001,,MEUR/PJ,interpolated,20.08.2024,Alena Diesing <ad@wip.tu-berlin.de>
World,HB_Heatpump_Ground,1,2029,0.001,,MEUR/PJ,interpolated,20.08.2024,Alena Diesing <ad@wip.tu-berlin.de>
World,HB_Heatpump_Ground,1,2031,0.001,,MEUR/PJ,interpolated,20.08.2024,Alena Diesing <ad@wip.tu-berlin.de>
World,HB_Heatpump_Ground,1,2032,0.001,,MEUR/PJ,interpolated,20.08.2024,Alena Diesing <ad@wip.tu-berlin.de>
World,HB_Heatpump_Ground,1,2033,0.001,,MEUR/PJ,interpolated,20.08.2024,Alena Diesing <ad@wip.tu-berlin.de>
World,HB_Heatpump_Ground,1,2034,0.001,,MEUR/PJ,interpolated,20.08.2024,Alena Diesing <ad@wip.tu-berlin.de>
World,HB_Heatpump_Ground,1,2036,0.001,,MEUR/PJ,interpolated,20.08.2024,Alena Diesing <ad@wip.tu-berlin.de>
World,HB_Heatpump_Ground,1,2037,0.001,,MEUR/PJ,interpolated,20.08.2024,Alena Diesing <ad@wip.tu-berlin.de>
World,HB_Heatpump_Ground,1,2038,0.001,,MEUR/PJ,interpolated,20.08.2024,Alena Diesing <ad@wip.tu-berlin.de>
World,HB_Heatpump_Ground,1,2039,0.001,,MEUR/PJ,interpolated,20.08.2024,Alena Diesing <ad@wip.tu-berlin.de>
World,HB_Lignite,1,2026,0.147222,,MEUR/PJ,interpolated,20.08.2024,Alena Diesing <ad@wip.tu-berlin.de>
World,HB_Lignite,1,2027,0.147222,,MEUR/PJ,interpolated,20.08.2024,Alena Diesing <ad@wip.tu-berlin.de>
World,HB_Lignite,1,2028,0.147222,,MEUR/PJ,interpolated,20.08.2024,Alena Diesing <ad@wip.tu-berlin.de>
World,HB_Lignite,1,2029,0.147222,,MEUR/PJ,interpolated,20.08.2024,Alena Diesing <ad@wip.tu-berlin.de>
World,HB_Lignite,1,2031,0.147222,,MEUR/PJ,interpolated,20.08.2024,Alena Diesing <ad@wip.tu-berlin.de>
World,HB_Lignite,1,2032,0.147222,,MEUR/PJ,interpolated,20.08.2024,Alena Diesing <ad@wip.tu-berlin.de>
World,HB_Lignite,1,2033,0.147222,,MEUR/PJ,interpolated,20.08.2024,Alena Diesing <ad@wip.tu-berlin.de>
World,HB_Lignite,1,2034,0.147222,,MEUR/PJ,interpolated,20.08.2024,Alena Diesing <ad@wip.tu-berlin.de>
World,HB_Lignite,1,2036,0.147222,,MEUR/PJ,interpolated,20.08.2024,Alena Diesing <ad@wip.tu-berlin.de>
World,HB_Lignite,1,2037,0.147222,,MEUR/PJ,interpolated,20.08.2024,Alena Diesing <ad@wip.tu-berlin.de>
World,HB_Lignite,1,2038,0.147222,,MEUR/PJ,interpolated,20.08.2024,Alena Diesing <ad@wip.tu-berlin.de>
World,HB_Lignite,1,2039,0.147222,,MEUR/PJ,interpolated,20.08.2024,Alena Diesing <ad@wip.tu-berlin.de>
World,HB_Oil_Boiler,1,2026,0.001,,MEUR/PJ,interpolated,20.08.2024,Alena Diesing <ad@wip.tu-berlin.de>
World,HB_Oil_Boiler,1,2027,0.001,,MEUR/PJ,interpolated,20.08.2024,Alena Diesing <ad@wip.tu-berlin.de>
World,HB_Oil_Boiler,1,2028,0.001,,MEUR/PJ,interpolated,20.08.2024,Alena Diesing <ad@wip.tu-berlin.de>
World,HB_Oil_Boiler,1,2029,0.001,,MEUR/PJ,interpolated,20.08.2024,Alena Diesing <ad@wip.tu-berlin.de>
World,HB_Oil_Boiler,1,2031,0.001,,MEUR/PJ,interpolated,20.08.2024,Alena Diesing <ad@wip.tu-berlin.de>
World,HB_Oil_Boiler,1,2032,0.001,,MEUR/PJ,interpolated,20.08.2024,Alena Diesing <ad@wip.tu-berlin.de>
World,HB_Oil_Boiler,1,2033,0.001,,MEUR/PJ,interpolated,20.08.2024,Alena Diesing <ad@wip.tu-berlin.de>
World,HB_Oil_Boiler,1,2034,0.001,,MEUR/PJ,interpolated,20.08.2024,Alena Diesing <ad@wip.tu-berlin.de>
World,HB_Oil_Boiler,1,2036,0.001,,MEUR/PJ,interpolated,20.08.2024,Alena Diesing <ad@wip.tu-berlin.de>
World,HB_Oil_Boiler,1,2037,0.001,,MEUR/PJ,interpolated,20.08.2024,Alena Diesing <ad@wip.tu-berlin.de>
World,HB_Oil_Boiler,1,2038,0.001,,MEUR/PJ,interpolated,20.08.2024,Alena Diesing <ad@wip.tu-berlin.de>
World,HB_Oil_Boiler,1,2039,0.001,,MEUR/PJ,interpolated,20.08.2024,Alena Diesing <ad@wip.tu-berlin.de>
World,HB_Solar_Thermal,1,2026,0.001,,MEUR/PJ,interpolated,20.08.2024,Alena Diesing <ad@wip.tu-berlin.de>
World,HB_Solar_Thermal,1,2027,0.001,,MEUR/PJ,interpolated,20.08.2024,Alena Diesing <ad@wip.tu-berlin.de>
World,HB_Solar_Thermal,1,2028,0.001,,MEUR/PJ,interpolated,20.08.2024,Alena Diesing <ad@wip.tu-berlin.de>
World,HB_Solar_Thermal,1,2029,0.001,,MEUR/PJ,interpolated,20.08.2024,Alena Diesing <ad@wip.tu-berlin.de>
World,HB_Solar_Thermal,1,2031,0.001,,MEUR/PJ,interpolated,20.08.2024,Alena Diesing <ad@wip.tu-berlin.de>
World,HB_Solar_Thermal,1,2032,0.001,,MEUR/PJ,interpolated,20.08.2024,Alena Diesing <ad@wip.tu-berlin.de>
World,HB_Solar_Thermal,1,2033,0.001,,MEUR/PJ,interpolated,20.08.2024,Alena Diesing <ad@wip.tu-berlin.de>
World,HB_Solar_Thermal,1,2034,0.001,,MEUR/PJ,interpolated,20.08.2024,Alena Diesing <ad@wip.tu-berlin.de>
World,HB_Solar_Thermal,1,2036,0.001,,MEUR/PJ,interpolated,20.08.2024,Alena Diesing <ad@wip.tu-berlin.de>
World,HB_Solar_Thermal,1,2037,0.001,,MEUR/PJ,interpolated,20.08.2024,Alena Diesing <ad@wip.tu-berlin.de>
World,HB_Solar_Thermal,1,2038,0.001,,MEUR/PJ,interpolated,20.08.2024,Alena Diesing <ad@wip.tu-berlin.de>
World,HB_Solar_Thermal,1,2039,0.001,,MEUR/PJ,interpolated,20.08.2024,Alena Diesing <ad@wip.tu-berlin.de>
World,HLI_Biomass,1,2026,0.305556,,MEUR/PJ,interpolated,30.08.2024,Alena Diesing <ad@wip.tu-berlin.de>
World,HLI_Biomass,1,2027,0.305556,,MEUR/PJ,interpolated,30.08.2024,Alena Diesing <ad@wip.tu-berlin.de>
World,HLI_Biomass,1,2028,0.305556,,MEUR/PJ,interpolated,30.08.2024,Alena Diesing <ad@wip.tu-berlin.de>
World,HLI_Biomass,1,2029,0.305556,,MEUR/PJ,interpolated,30.08.2024,Alena Diesing <ad@wip.tu-berlin.de>
World,HLI_Biomass,1,2031,0.305556,,MEUR/PJ,interpolated,30.08.2024,Alena Diesing <ad@wip.tu-berlin.de>
World,HLI_Biomass,1,2032,0.305556,,MEUR/PJ,interpolated,30.08.2024,Alena Diesing <ad@wip.tu-berlin.de>
World,HLI_Biomass,1,2033,0.305556,,MEUR/PJ,interpolated,30.08.2024,Alena Diesing <ad@wip.tu-berlin.de>
World,HLI_Biomass,1,2034,0.305556,,MEUR/PJ,interpolated,30.08.2024,Alena Diesing <ad@wip.tu-berlin.de>
World,HLI_Biomass,1,2036,0.305556,,MEUR/PJ,interpolated,30.08.2024,Alena Diesing <ad@wip.tu-berlin.de>
World,HLI_Biomass,1,2037,0.305556,,MEUR/PJ,interpolated,30.08.2024,Alena Diesing <ad@wip.tu-berlin.de>
World,HLI_Biomass,1,2038,0.305556,,MEUR/PJ,interpolated,30.08.2024,Alena Diesing <ad@wip.tu-berlin.de>
World,HLI_Biomass,1,2039,0.305556,,MEUR/PJ,interpolated,30.08.2024,Alena Diesing <ad@wip.tu-berlin.de>
World,HLI_Direct_Electric,1,2026,0.121495,,MEUR/PJ,interpolated,30.08.2024,Alena Diesing <ad@wip.tu-berlin.de>
World,HLI_Direct_Electric,1,2027,0.120911,,MEUR/PJ,interpolated,30.08.2024,Alena Diesing <ad@wip.tu-berlin.de>
World,HLI_Direct_Electric,1,2028,0.120327,,MEUR/PJ,interpolated,30.08.2024,Alena Diesing <ad@wip.tu-berlin.de>
World,HLI_Direct_Electric,1,2029,0.119743,,MEUR/PJ,interpolated,30.08.2024,Alena Diesing <ad@wip.tu-berlin.de>
World,HLI_Direct_Electric,1,2031,0.118575,,MEUR/PJ,interpolated,30.08.2024,Alena Diesing <ad@wip.tu-berlin.de>
World,HLI_Direct_Electric,1,2032,0.117991,,MEUR/PJ,interpolated,30.08.2024,Alena Diesing <ad@wip.tu-berlin.de>
World,HLI_Direct_Electric,1,2033,0.117407,,MEUR/PJ,interpolated,30.08.2024,Alena Diesing <ad@wip.tu-berlin.de>
World,HLI_Direct_Electric,1,2034,0.116822,,MEUR/PJ,interpolated,30.08.2024,Alena Diesing <ad@wip.tu-berlin.de>
World,HLI_Direct_Electric,1,2036,0.115654,,MEUR/PJ,interpolated,30.08.2024,Alena Diesing <ad@wip.tu-berlin.de>
World,HLI_Direct_Electric,1,2037,0.11507,,MEUR/PJ,interpolated,30.08.2024,Alena Diesing <ad@wip.tu-berlin.de>
World,HLI_Direct_Electric,1,2038,0.114486,,MEUR/PJ,interpolated,30.08.2024,Alena Diesing <ad@wip.tu-berlin.de>
World,HLI_Direct_Electric,1,2039,0.113902,,MEUR/PJ,interpolated,30.08.2024,Alena Diesing <ad@wip.tu-berlin.de>
World,HLI_Gas_Boiler,1,2026,0.262533,,MEUR/PJ,interpolated,30.08.2024,Alena Diesing <ad@wip.tu-berlin.de>
World,HLI_Gas_Boiler,1,2027,0.260094,,MEUR/PJ,interpolated,30.08.2024,Alena Diesing <ad@wip.tu-berlin.de>
World,HLI_Gas_Boiler,1,2028,0.257656,,MEUR/PJ,interpolated,30.08.2024,Alena Diesing <ad@wip.tu-berlin.de>
World,HLI_Gas_Boiler,1,2029,0.255217,,MEUR/PJ,interpolated,30.08.2024,Alena Diesing <ad@wip.tu-berlin.de>
World,HLI_Gas_Boiler,1,2031,0.252956,,MEUR/PJ,interpolated,30.08.2024,Alena Diesing <ad@wip.tu-berlin.de>
World,HLI_Gas_Boiler,1,2032,0.253133,,MEUR/PJ,interpolated,30.08.2024,Alena Diesing <ad@wip.tu-berlin.de>
World,HLI_Gas_Boiler,1,2033,0.253311,,MEUR/PJ,interpolated,30.08.2024,Alena Diesing <ad@wip.tu-berlin.de>
World,HLI_Gas_Boiler,1,2034,0.253489,,MEUR/PJ,interpolated,30.08.2024,Alena Diesing <ad@wip.tu-berlin.de>
World,HLI_Gas_Boiler,1,2036,0.253844,,MEUR/PJ,interpolated,30.08.2024,Alena Diesing <ad@wip.tu-berlin.de>
World,HLI_Gas_Boiler,1,2037,0.254022,,MEUR/PJ,interpolated,30.08.2024,Alena Diesing <ad@wip.tu-berlin.de>
World,HLI_Gas_Boiler,1,2038,0.2542,,MEUR/PJ,interpolated,30.08.2024,Alena Diesing <ad@wip.tu-berlin.de>
World,HLI_Gas_Boiler,1,2039,0.254378,,MEUR/PJ,interpolated,30.08.2024,Alena Diesing <ad@wip.tu-berlin.de>
World,HLI_Geothermal,1,2026,1.71111,,MEUR/PJ,interpolated,30.08.2024,Alena Diesing <ad@wip.tu-berlin.de>
World,HLI_Geothermal,1,2027,1.73611,,MEUR/PJ,interpolated,30.08.2024,Alena Diesing <ad@wip.tu-berlin.de>
World,HLI_Geothermal,1,2028,1.76111,,MEUR/PJ,interpolated,30.08.2024,Alena Diesing <ad@wip.tu-berlin.de>
World,HLI_Geothermal,1,2029,1.78611,,MEUR/PJ,interpolated,30.08.2024,Alena Diesing <ad@wip.tu-berlin.de>
World,HLI_Geothermal,1,2031,1.81472,,MEUR/PJ,interpolated,30.08.2024,Alena Diesing <ad@wip.tu-berlin.de>
World,HLI_Geothermal,1,2032,1.81833,,MEUR/PJ,interpolated,30.08.2024,Alena Diesing <ad@wip.tu-berlin.de>
World,HLI_Geothermal,1,2033,1.82194,,MEUR/PJ,interpolated,30.08.2024,Alena Diesing <ad@wip.tu-berlin.de>
World,HLI_Geothermal,1,2034,1.82556,,MEUR/PJ,interpolated,30.08.2024,Alena Diesing <ad@wip.tu-berlin.de>
World,HLI_Geothermal,1,2036,1.83278,,MEUR/PJ,interpolated,30.08.2024,Alena Diesing <ad@wip.tu-berlin.de>
World,HLI_Geothermal,1,2037,1.83639,,MEUR/PJ,interpolated,30.08.2024,Alena Diesing <ad@wip.tu-berlin.de>
World,HLI_Geothermal,1,2038,1.84,,MEUR/PJ,interpolated,30.08.2024,Alena Diesing <ad@wip.tu-berlin.de>
World,HLI_Geothermal,1,2039,1.84361,,MEUR/PJ,interpolated,30.08.2024,Alena Diesing <ad@wip.tu-berlin.de>
World,HLI_H2_Boiler,1,2026,0.262533,,MEUR/PJ,interpolated,30.08.2024,Alena Diesing <ad@wip.tu-berlin.de>
World,HLI_H2_Boiler,1,2027,0.260094,,MEUR/PJ,interpolated,30.08.2024,Alena Diesing <ad@wip.tu-berlin.de>
World,HLI_H2_Boiler,1,2028,0.257656,,MEUR/PJ,interpolated,30.08.2024,Alena Diesing <ad@wip.tu-berlin.de>
World,HLI_H2_Boiler,1,2029,0.255217,,MEUR/PJ,interpolated,30.08.2024,Alena Diesing <ad@wip.tu-berlin.de>
World,HLI_H2_Boiler,1,2031,0.252956,,MEUR/PJ,interpolated,30.08.2024,Alena Diesing <ad@wip.tu-berlin.de>
World,HLI_H2_Boiler,1,2032,0.253133,,MEUR/PJ,interpolated,30.08.2024,Alena Diesing <ad@wip.tu-berlin.de>
World,HLI_H2_Boiler,1,2033,0.253311,,MEUR/PJ,interpolated,30.08.2024,Alena Diesing <ad@wip.tu-berlin.de>
World,HLI_H2_Boiler,1,2034,0.253489,,MEUR/PJ,interpolated,30.08.2024,Alena Diesing <ad@wip.tu-berlin.de>
World,HLI_H2_Boiler,1,2036,0.253844,,MEUR/PJ,interpolated,30.08.2024,Alena Diesing <ad@wip.tu-berlin.de>
World,HLI_H2_Boiler,1,2037,0.254022,,MEUR/PJ,interpolated,30.08.2024,Alena Diesing <ad@wip.tu-berlin.de>
World,HLI_H2_Boiler,1,2038,0.2542,,MEUR/PJ,interpolated,30.08.2024,Alena Diesing <ad@wip.tu-berlin.de>
World,HLI_H2_Boiler,1,2039,0.254378,,MEUR/PJ,interpolated,30.08.2024,Alena Diesing <ad@wip.tu-berlin.de>
World,HLI_Hardcoal,1,2026,0.305556,,MEUR/PJ,interpolated,30.08.2024,Alena Diesing <ad@wip.tu-berlin.de>
World,HLI_Hardcoal,1,2027,0.305556,,MEUR/PJ,interpolated,30.08.2024,Alena Diesing <ad@wip.tu-berlin.de>
World,HLI_Hardcoal,1,2028,0.305556,,MEUR/PJ,interpolated,30.08.2024,Alena Diesing <ad@wip.tu-berlin.de>
World,HLI_Hardcoal,1,2029,0.305556,,MEUR/PJ,interpolated,30.08.2024,Alena Diesing <ad@wip.tu-berlin.de>
World,HLI_Hardcoal,1,2031,0.305556,,MEUR/PJ,interpolated,30.08.2024,Alena Diesing <ad@wip.tu-berlin.de>
World,HLI_Hardcoal,1,2032,0.305556,,MEUR/PJ,interpolated,30.08.2024,Alena Diesing <ad@wip.tu-berlin.de>
World,HLI_Hardcoal,1,2033,0.305556,,MEUR/PJ,interpolated,30.08.2024,Alena Diesing <ad@wip.tu-berlin.de>
World,HLI_Hardcoal,1,2034,0.305556,,MEUR/PJ,interpolated,30.08.2024,Alena Diesing <ad@wip.tu-berlin.de>
World,HLI_Hardcoal,1,2036,0.305556,,MEUR/PJ,interpolated,30.08.2024,Alena Diesing <ad@wip.tu-berlin.de>
World,HLI_Hardcoal,1,2037,0.305556,,MEUR/PJ,interpolated,30.08.2024,Alena Diesing <ad@wip.tu-berlin.de>
World,HLI_Hardcoal,1,2038,0.305556,,MEUR/PJ,interpolated,30.08.2024,Alena Diesing <ad@wip.tu-berlin.de>
World,HLI_Hardcoal,1,2039,0.305556,,MEUR/PJ,interpolated,30.08.2024,Alena Diesing <ad@wip.tu-berlin.de>
World,HLI_Lignite,1,2026,0.291412,,MEUR/PJ,interpolated,30.08.2024,Alena Diesing <ad@wip.tu-berlin.de>
World,HLI_Lignite,1,2027,0.288705,,MEUR/PJ,interpolated,30.08.2024,Alena Diesing <ad@wip.tu-berlin.de>
World,HLI_Lignite,1,2028,0.285998,,MEUR/PJ,interpolated,30.08.2024,Alena Diesing <ad@wip.tu-berlin.de>
World,HLI_Lignite,1,2029,0.28329,,MEUR/PJ,interpolated,30.08.2024,Alena Diesing <ad@wip.tu-berlin.de>
World,HLI_Lignite,1,2031,0.280781,,MEUR/PJ,interpolated,30.08.2024,Alena Diesing <ad@wip.tu-berlin.de>
World,HLI_Lignite,1,2032,0.280978,,MEUR/PJ,interpolated,30.08.2024,Alena Diesing <ad@wip.tu-berlin.de>
World,HLI_Lignite,1,2033,0.281175,,MEUR/PJ,interpolated,30.08.2024,Alena Diesing <ad@wip.tu-berlin.de>
World,HLI_Lignite,1,2034,0.281373,,MEUR/PJ,interpolated,30.08.2024,Alena Diesing <ad@wip.tu-berlin.de>
World,HLI_Lignite,1,2036,0.281767,,MEUR/PJ,interpolated,30.08.2024,Alena Diesing <ad@wip.tu-berlin.de>
World,HLI_Lignite,1,2037,0.281965,,MEUR/PJ,interpolated,30.08.2024,Alena Diesing <ad@wip.tu-berlin.de>
World,HLI_Lignite,1,2038,0.282162,,MEUR/PJ,interpolated,30.08.2024,Alena Diesing <ad@wip.tu-berlin.de>
World,HLI_Lignite,1,2039,0.282359,,MEUR/PJ,interpolated,30.08.2024,Alena Diesing <ad@wip.tu-berlin.de>
World,HLI_Oil_Boiler,1,2026,0.234756,,MEUR/PJ,interpolated,30.08.2024,Alena Diesing <ad@wip.tu-berlin.de>
World,HLI_Oil_Boiler,1,2027,0.232317,,MEUR/PJ,interpolated,30.08.2024,Alena Diesing <ad@wip.tu-berlin.de>
World,HLI_Oil_Boiler,1,2028,0.229878,,MEUR/PJ,interpolated,30.08.2024,Alena Diesing <ad@wip.tu-berlin.de>
World,HLI_Oil_Boiler,1,2029,0.227439,,MEUR/PJ,interpolated,30.08.2024,Alena Diesing <ad@wip.tu-berlin.de>
World,HLI_Oil_Boiler,1,2031,0.225178,,MEUR/PJ,interpolated,30.08.2024,Alena Diesing <ad@wip.tu-berlin.de>
World,HLI_Oil_Boiler,1,2032,0.225356,,MEUR/PJ,interpolated,30.08.2024,Alena Diesing <ad@wip.tu-berlin.de>
World,HLI_Oil_Boiler,1,2033,0.225533,,MEUR/PJ,interpolated,30.08.2024,Alena Diesing <ad@wip.tu-berlin.de>
World,HLI_Oil_Boiler,1,2034,0.225711,,MEUR/PJ,interpolated,30.08.2024,Alena Diesing <ad@wip.tu-berlin.de>
World,HLI_Oil_Boiler,1,2036,0.226067,,MEUR/PJ,interpolated,30.08.2024,Alena Diesing <ad@wip.tu-berlin.de>
World,HLI_Oil_Boiler,1,2037,0.226244,,MEUR/PJ,interpolated,30.08.2024,Alena Diesing <ad@wip.tu-berlin.de>
World,HLI_Oil_Boiler,1,2038,0.226422,,MEUR/PJ,interpolated,30.08.2024,Alena Diesing <ad@wip.tu-berlin.de>
World,HLI_Oil_Boiler,1,2039,0.2266,,MEUR/PJ,interpolated,30.08.2024,Alena Diesing <ad@wip.tu-berlin.de>
World,HLI_Solar_Thermal,1,2026,0.001,,MEUR/PJ,interpolated,20.08.2024,Alena Diesing <ad@wip.tu-berlin.de>
World,HLI_Solar_Thermal,1,2027,0.001,,MEUR/PJ,interpolated,20.08.2024,Alena Diesing <ad@wip.tu-berlin.de>
World,HLI_Solar_Thermal,1,2028,0.001,,MEUR/PJ,interpolated,20.08.2024,Alena Diesing <ad@wip.tu-berlin.de>
World,HLI_Solar_Thermal,1,2029,0.001,,MEUR/PJ,interpolated,20.08.2024,Alena Diesing <ad@wip.tu-berlin.de>
World,HLI_Solar_Thermal,1,2031,0.001,,MEUR/PJ,interpolated,20.08.2024,Alena Diesing <ad@wip.tu-berlin.de>
World,HLI_Solar_Thermal,1,2032,0.001,,MEUR/PJ,interpolated,20.08.2024,Alena Diesing <ad@wip.tu-berlin.de>
World,HLI_Solar_Thermal,1,2033,0.001,,MEUR/PJ,interpolated,20.08.2024,Alena Diesing <ad@wip.tu-berlin.de>
World,HLI_Solar_Thermal,1,2034,0.001,,MEUR/PJ,interpolated,20.08.2024,Alena Diesing <ad@wip.tu-berlin.de>
World,HLI_Solar_Thermal,1,2036,0.001,,MEUR/PJ,interpolated,20.08.2024,Alena Diesing <ad@wip.tu-berlin.de>
World,HLI_Solar_Thermal,1,2037,0.001,,MEUR/PJ,interpolated,20.08.2024,Alena Diesing <ad@wip.tu-berlin.de>
World,HLI_Solar_Thermal,1,2038,0.001,,MEUR/PJ,interpolated,20.08.2024,Alena Diesing <ad@wip.tu-berlin.de>
World,HLI_Solar_Thermal,1,2039,0.001,,MEUR/PJ,interpolated,20.08.2024,Alena Diesing <ad@wip.tu-berlin.de>
World,HMHI_Biomass,1,2026,0.305556,,MEUR/PJ,interpolated,30.08.2024,Alena Diesing <ad@wip.tu-berlin.de>
World,HMHI_Biomass,1,2027,0.305556,,MEUR/PJ,interpolated,30.08.2024,Alena Diesing <ad@wip.tu-berlin.de>
World,HMHI_Biomass,1,2028,0.305556,,MEUR/PJ,interpolated,30.08.2024,Alena Diesing <ad@wip.tu-berlin.de>
World,HMHI_Biomass,1,2029,0.305556,,MEUR/PJ,interpolated,30.08.2024,Alena Diesing <ad@wip.tu-berlin.de>
World,HMHI_Biomass,1,2031,0.305556,,MEUR/PJ,interpolated,30.08.2024,Alena Diesing <ad@wip.tu-berlin.de>
World,HMHI_Biomass,1,2032,0.305556,,MEUR/PJ,interpolated,30.08.2024,Alena Diesing <ad@wip.tu-berlin.de>
World,HMHI_Biomass,1,2033,0.305556,,MEUR/PJ,interpolated,30.08.2024,Alena Diesing <ad@wip.tu-berlin.de>
World,HMHI_Biomass,1,2034,0.305556,,MEUR/PJ,interpolated,30.08.2024,Alena Diesing <ad@wip.tu-berlin.de>
World,HMHI_Biomass,1,2036,0.305556,,MEUR/PJ,interpolated,30.08.2024,Alena Diesing <ad@wip.tu-berlin.de>
World,HMHI_Biomass,1,2037,0.305556,,MEUR/PJ,interpolated,30.08.2024,Alena Diesing <ad@wip.tu-berlin.de>
World,HMHI_Biomass,1,2038,0.305556,,MEUR/PJ,interpolated,30.08.2024,Alena Diesing <ad@wip.tu-berlin.de>
World,HMHI_Biomass,1,2039,0.305556,,MEUR/PJ,interpolated,30.08.2024,Alena Diesing <ad@wip.tu-berlin.de>
World,HMHI_Gas,1,2026,0.262533,,MEUR/PJ,interpolated,30.08.2024,Alena Diesing <ad@wip.tu-berlin.de>
World,HMHI_Gas,1,2027,0.260094,,MEUR/PJ,interpolated,30.08.2024,Alena Diesing <ad@wip.tu-berlin.de>
World,HMHI_Gas,1,2028,0.257656,,MEUR/PJ,interpolated,30.08.2024,Alena Diesing <ad@wip.tu-berlin.de>
World,HMHI_Gas,1,2029,0.255217,,MEUR/PJ,interpolated,30.08.2024,Alena Diesing <ad@wip.tu-berlin.de>
World,HMHI_Gas,1,2031,0.252956,,MEUR/PJ,interpolated,30.08.2024,Alena Diesing <ad@wip.tu-berlin.de>
World,HMHI_Gas,1,2032,0.253133,,MEUR/PJ,interpolated,30.08.2024,Alena Diesing <ad@wip.tu-berlin.de>
World,HMHI_Gas,1,2033,0.253311,,MEUR/PJ,interpolated,30.08.2024,Alena Diesing <ad@wip.tu-berlin.de>
World,HMHI_Gas,1,2034,0.253489,,MEUR/PJ,interpolated,30.08.2024,Alena Diesing <ad@wip.tu-berlin.de>
World,HMHI_Gas,1,2036,0.253844,,MEUR/PJ,interpolated,30.08.2024,Alena Diesing <ad@wip.tu-berlin.de>
World,HMHI_Gas,1,2037,0.254022,,MEUR/PJ,interpolated,30.08.2024,Alena Diesing <ad@wip.tu-berlin.de>
World,HMHI_Gas,1,2038,0.2542,,MEUR/PJ,interpolated,30.08.2024,Alena Diesing <ad@wip.tu-berlin.de>
World,HMHI_Gas,1,2039,0.254378,,MEUR/PJ,interpolated,30.08.2024,Alena Diesing <ad@wip.tu-berlin.de>
World,HMHI_H2,1,2026,0.262533,,MEUR/PJ,interpolated,30.08.2024,Alena Diesing <ad@wip.tu-berlin.de>
World,HMHI_H2,1,2027,0.260094,,MEUR/PJ,interpolated,30.08.2024,Alena Diesing <ad@wip.tu-berlin.de>
World,HMHI_H2,1,2028,0.257656,,MEUR/PJ,interpolated,30.08.2024,Alena Diesing <ad@wip.tu-berlin.de>
World,HMHI_H2,1,2029,0.255217,,MEUR/PJ,interpolated,30.08.2024,Alena Diesing <ad@wip.tu-berlin.de>
World,HMHI_H2,1,2031,0.252956,,MEUR/PJ,interpolated,30.08.2024,Alena Diesing <ad@wip.tu-berlin.de>
World,HMHI_H2,1,2032,0.253133,,MEUR/PJ,interpolated,30.08.2024,Alena Diesing <ad@wip.tu-berlin.de>
World,HMHI_H2,1,2033,0.253311,,MEUR/PJ,interpolated,30.08.2024,Alena Diesing <ad@wip.tu-berlin.de>
World,HMHI_H2,1,2034,0.253489,,MEUR/PJ,interpolated,30.08.2024,Alena Diesing <ad@wip.tu-berlin.de>
World,HMHI_H2,1,2036,0.253844,,MEUR/PJ,interpolated,30.08.2024,Alena Diesing <ad@wip.tu-berlin.de>
World,HMHI_H2,1,2037,0.254022,,MEUR/PJ,interpolated,30.08.2024,Alena Diesing <ad@wip.tu-berlin.de>
World,HMHI_H2,1,2038,0.2542,,MEUR/PJ,interpolated,30.08.2024,Alena Diesing <ad@wip.tu-berlin.de>
World,HMHI_H2,1,2039,0.254378,,MEUR/PJ,interpolated,30.08.2024,Alena Diesing <ad@wip.tu-berlin.de>
World,HMHI_HardCoal,1,2026,0.305556,,MEUR/PJ,interpolated,30.08.2024,Alena Diesing <ad@wip.tu-berlin.de>
World,HMHI_HardCoal,1,2027,0.305556,,MEUR/PJ,interpolated,30.08.2024,Alena Diesing <ad@wip.tu-berlin.de>
World,HMHI_HardCoal,1,2028,0.305556,,MEUR/PJ,interpolated,30.08.2024,Alena Diesing <ad@wip.tu-berlin.de>
World,HMHI_HardCoal,1,2029,0.305556,,MEUR/PJ,interpolated,30.08.2024,Alena Diesing <ad@wip.tu-berlin.de>
World,HMHI_HardCoal,1,2031,0.305556,,MEUR/PJ,interpolated,30.08.2024,Alena Diesing <ad@wip.tu-berlin.de>
World,HMHI_HardCoal,1,2032,0.305556,,MEUR/PJ,interpolated,30.08.2024,Alena Diesing <ad@wip.tu-berlin.de>
World,HMHI_HardCoal,1,2033,0.305556,,MEUR/PJ,interpolated,30.08.2024,Alena Diesing <ad@wip.tu-berlin.de>
World,HMHI_HardCoal,1,2034,0.305556,,MEUR/PJ,interpolated,30.08.2024,Alena Diesing <ad@wip.tu-berlin.de>
World,HMHI_HardCoal,1,2036,0.305556,,MEUR/PJ,interpolated,30.08.2024,Alena Diesing <ad@wip.tu-berlin.de>
World,HMHI_HardCoal,1,2037,0.305556,,MEUR/PJ,interpolated,30.08.2024,Alena Diesing <ad@wip.tu-berlin.de>
World,HMHI_HardCoal,1,2038,0.305556,,MEUR/PJ,interpolated,30.08.2024,Alena Diesing <ad@wip.tu-berlin.de>
World,HMHI_HardCoal,1,2039,0.305556,,MEUR/PJ,interpolated,30.08.2024,Alena Diesing <ad@wip.tu-berlin.de>
World,HMHI_Oil,1,2026,0.234756,,MEUR/PJ,interpolated,30.08.2024,Alena Diesing <ad@wip.tu-berlin.de>
World,HMHI_Oil,1,2027,0.232317,,MEUR/PJ,interpolated,30.08.2024,Alena Diesing <ad@wip.tu-berlin.de>
World,HMHI_Oil,1,2028,0.229878,,MEUR/PJ,interpolated,30.08.2024,Alena Diesing <ad@wip.tu-berlin.de>
World,HMHI_Oil,1,2029,0.227439,,MEUR/PJ,interpolated,30.08.2024,Alena Diesing <ad@wip.tu-berlin.de>
World,HMHI_Oil,1,2031,0.225178,,MEUR/PJ,interpolated,30.08.2024,Alena Diesing <ad@wip.tu-berlin.de>
World,HMHI_Oil,1,2032,0.225356,,MEUR/PJ,interpolated,30.08.2024,Alena Diesing <ad@wip.tu-berlin.de>
World,HMHI_Oil,1,2033,0.225533,,MEUR/PJ,interpolated,30.08.2024,Alena Diesing <ad@wip.tu-berlin.de>
World,HMHI_Oil,1,2034,0.225711,,MEUR/PJ,interpolated,30.08.2024,Alena Diesing <ad@wip.tu-berlin.de>
World,HMHI_Oil,1,2036,0.226067,,MEUR/PJ,interpolated,30.08.2024,Alena Diesing <ad@wip.tu-berlin.de>
World,HMHI_Oil,1,2037,0.226244,,MEUR/PJ,interpolated,30.08.2024,Alena Diesing <ad@wip.tu-berlin.de>
World,HMHI_Oil,1,2038,0.226422,,MEUR/PJ,interpolated,30.08.2024,Alena Diesing <ad@wip.tu-berlin.de>
World,HMHI_Oil,1,2039,0.2266,,MEUR/PJ,interpolated,30.08.2024,Alena Diesing <ad@wip.tu-berlin.de>
World,HMHI_Steam_Electric,1,2026,1.0764,,MEUR/PJ,interpolated,30.08.2024,Alena Diesing <ad@wip.tu-berlin.de>
World,HMHI_Steam_Electric,1,2027,1.07123,,MEUR/PJ,interpolated,30.08.2024,Alena Diesing <ad@wip.tu-berlin.de>
World,HMHI_Steam_Electric,1,2028,1.06605,,MEUR/PJ,interpolated,30.08.2024,Alena Diesing <ad@wip.tu-berlin.de>
World,HMHI_Steam_Electric,1,2029,1.06088,,MEUR/PJ,interpolated,30.08.2024,Alena Diesing <ad@wip.tu-berlin.de>
World,HMHI_Steam_Electric,1,2031,1.05053,,MEUR/PJ,interpolated,30.08.2024,Alena Diesing <ad@wip.tu-berlin.de>
World,HMHI_Steam_Electric,1,2032,1.04535,,MEUR/PJ,interpolated,30.08.2024,Alena Diesing <ad@wip.tu-berlin.de>
World,HMHI_Steam_Electric,1,2033,1.04018,,MEUR/PJ,interpolated,30.08.2024,Alena Diesing <ad@wip.tu-berlin.de>
World,HMHI_Steam_Electric,1,2034,1.035,,MEUR/PJ,interpolated,30.08.2024,Alena Diesing <ad@wip.tu-berlin.de>
World,HMHI_Steam_Electric,1,2036,1.02465,,MEUR/PJ,interpolated,30.08.2024,Alena Diesing <ad@wip.tu-berlin.de>
World,HMHI_Steam_Electric,1,2037,1.01947,,MEUR/PJ,interpolated,30.08.2024,Alena Diesing <ad@wip.tu-berlin.de>
World,HMHI_Steam_Electric,1,2038,1.0143,,MEUR/PJ,interpolated,30.08.2024,Alena Diesing <ad@wip.tu-berlin.de>
World,HMHI_Steam_Electric,1,2039,1.00912,,MEUR/PJ,interpolated,30.08.2024,Alena Diesing <ad@wip.tu-berlin.de>
World,P_Biomass,1,2026,0.98968,,MEUR/PJ,interpolated,,
World,P_Biomass,1,2027,0.98968,,MEUR/PJ,interpolated,,
World,P_Biomass,1,2028,0.98968,,MEUR/PJ,interpolated,,
World,P_Biomass,1,2029,0.98968,,MEUR/PJ,interpolated,,
World,P_Biomass,1,2031,0.98968,,MEUR/PJ,interpolated,,
World,P_Biomass,1,2032,0.98968,,MEUR/PJ,interpolated,,
World,P_Biomass,1,2033,0.98968,,MEUR/PJ,interpolated,,
World,P_Biomass,1,2034,0.98968,,MEUR/PJ,interpolated,,
World,P_Biomass,1,2036,0.98968,,MEUR/PJ,interpolated,,
World,P_Biomass,1,2037,0.98968,,MEUR/PJ,interpolated,,
World,P_Biomass,1,2038,0.98968,,MEUR/PJ,interpolated,,
World,P_Biomass,1,2039,0.98968,,MEUR/PJ,interpolated,,
World,P_CSP,1,2026,0.001,,MEUR/PJ,interpolated,08.09.2023,Luka Garibashvili <lukaga@stud.ntnu.no>
World,P_CSP,1,2027,0.001,,MEUR/PJ,interpolated,08.09.2023,Luka Garibashvili <lukaga@stud.ntnu.no>
World,P_CSP,1,2028,0.001,,MEUR/PJ,interpolated,08.09.2023,Luka Garibashvili <lukaga@stud.ntnu.no>
World,P_CSP,1,2029,0.001,,MEUR/PJ,interpolated,08.09.2023,Luka Garibashvili <lukaga@stud.ntnu.no>
World,P_CSP,1,2031,0.001,,MEUR/PJ,interpolated,08.09.2023,Luka Garibashvili <lukaga@stud.ntnu.no>
World,P_CSP,1,2032,0.001,,MEUR/PJ,interpolated,08.09.2023,Luka Garibashvili <lukaga@stud.ntnu.no>
World,P_CSP,1,2033,0.001,,MEUR/PJ,interpolated,08.09.2023,Luka Garibashvili <lukaga@stud.ntnu.no>
World,P_CSP,1,2034,0.001,,MEUR/PJ,interpolated,08.09.2023,Luka Garibashvili <lukaga@stud.ntnu.no>
World,P_CSP,1,2036,0.001,,MEUR/PJ,interpolated,08.09.2023,Luka Garibashvili <lukaga@stud.ntnu.no>
World,P_CSP,1,2037,0.001,,MEUR/PJ,interpolated,08.09.2023,Luka Garibashvili <lukaga@stud.ntnu.no>
World,P_CSP,1,2038,0.001,,MEUR/PJ,interpolated,08.09.2023,Luka Garibashvili <lukaga@stud.ntnu.no>
World,P_CSP,1,2039,0.001,,MEUR/PJ,interpolated,08.09.2023,Luka Garibashvili <lukaga@stud.ntnu.no>
World,P_Coal_Hardcoal,1,2026,0.6672,,MEUR/PJ,interpolated,,
World,P_Coal_Hardcoal,1,2027,0.6672,,MEUR/PJ,interpolated,,
World,P_Coal_Hardcoal,1,2028,0.6672,,MEUR/PJ,interpolated,,
World,P_Coal_Hardcoal,1,2029,0.6672,,MEUR/PJ,interpolated,,
World,P_Coal_Hardcoal,1,2031,0.6672,,MEUR/PJ,interpolated,,
World,P_Coal_Hardcoal,1,2032,0.6672,,MEUR/PJ,interpolated,,
World,P_Coal_Hardcoal,1,2033,0.6672,,MEUR/PJ,interpolated,,
World,P_Coal_Hardcoal,1,2034,0.6672,,MEUR/PJ,interpolated,,
World,P_Coal_Hardcoal,1,2036,0.6672,,MEUR/PJ,interpolated,,
World,P_Coal_Hardcoal,1,2037,0.6672,,MEUR/PJ,interpolated,,
World,P_Coal_Hardcoal,1,2038,0.6672,,MEUR/PJ,interpolated,,
World,P_Coal_Hardcoal,1,2039,0.6672,,MEUR/PJ,interpolated,,
World,P_Coal_Lignite,1,2026,0.834,,MEUR/PJ,interpolated,,
World,P_Coal_Lignite,1,2027,0.834,,MEUR/PJ,interpolated,,
World,P_Coal_Lignite,1,2028,0.834,,MEUR/PJ,interpolated,,
World,P_Coal_Lignite,1,2029,0.834,,MEUR/PJ,interpolated,,
World,P_Coal_Lignite,1,2031,0.834,,MEUR/PJ,interpolated,,
World,P_Coal_Lignite,1,2032,0.834,,MEUR/PJ,interpolated,,
World,P_Coal_Lignite,1,2033,0.834,,MEUR/PJ,interpolated,,
World,P_Coal_Lignite,1,2034,0.834,,MEUR/PJ,interpolated,,
World,P_Coal_Lignite,1,2036,0.834,,MEUR/PJ,interpolated,,
World,P_Coal_Lignite,1,2037,0.834,,MEUR/PJ,interpolated,,
World,P_Coal_Lignite,1,2038,0.834,,MEUR/PJ,interpolated,,
World,P_Coal_Lignite,1,2039,0.834,,MEUR/PJ,interpolated,,
World,P_Gas_CCGT,1,2026,1.264,,MEUR/PJ,interpolated,,Alena Diesing <ad@wip.tu-berlin.de>
World,P_Gas_CCGT,1,2027,1.258,,MEUR/PJ,interpolated,,Alena Diesing <ad@wip.tu-berlin.de>
World,P_Gas_CCGT,1,2028,1.252,,MEUR/PJ,interpolated,,Alena Diesing <ad@wip.tu-berlin.de>
World,P_Gas_CCGT,1,2029,1.246,,MEUR/PJ,interpolated,,Alena Diesing <ad@wip.tu-berlin.de>
World,P_Gas_CCGT,1,2031,1.238,,MEUR/PJ,interpolated,,Alena Diesing <ad@wip.tu-berlin.de>
World,P_Gas_CCGT,1,2032,1.236,,MEUR/PJ,interpolated,,Alena Diesing <ad@wip.tu-berlin.de>
World,P_Gas_CCGT,1,2033,1.234,,MEUR/PJ,interpolated,,Alena Diesing <ad@wip.tu-berlin.de>
World,P_Gas_CCGT,1,2034,1.232,,MEUR/PJ,interpolated,,Alena Diesing <ad@wip.tu-berlin.de>
World,P_Gas_CCGT,1,2036,1.226,,MEUR/PJ,interpolated,,Alena Diesing <ad@wip.tu-berlin.de>
World,P_Gas_CCGT,1,2037,1.222,,MEUR/PJ,interpolated,,Alena Diesing <ad@wip.tu-berlin.de>
World,P_Gas_CCGT,1,2038,1.218,,MEUR/PJ,interpolated,,Alena Diesing <ad@wip.tu-berlin.de>
World,P_Gas_CCGT,1,2039,1.214,,MEUR/PJ,interpolated,,Alena Diesing <ad@wip.tu-berlin.de>
World,P_Gas_Engines,1,2026,1.55,,MEUR/PJ,interpolated,,Alena Diesing <ad@wip.tu-berlin.de>
World,P_Gas_Engines,1,2027,1.54,,MEUR/PJ,interpolated,,Alena Diesing <ad@wip.tu-berlin.de>
World,P_Gas_Engines,1,2028,1.53,,MEUR/PJ,interpolated,,Alena Diesing <ad@wip.tu-berlin.de>
World,P_Gas_Engines,1,2029,1.52,,MEUR/PJ,interpolated,,Alena Diesing <ad@wip.tu-berlin.de>
World,P_Gas_Engines,1,2031,1.508,,MEUR/PJ,interpolated,,Alena Diesing <ad@wip.tu-berlin.de>
World,P_Gas_Engines,1,2032,1.506,,MEUR/PJ,interpolated,,Alena Diesing <ad@wip.tu-berlin.de>
World,P_Gas_Engines,1,2033,1.504,,MEUR/PJ,interpolated,,Alena Diesing <ad@wip.tu-berlin.de>
World,P_Gas_Engines,1,2034,1.502,,MEUR/PJ,interpolated,,Alena Diesing <ad@wip.tu-berlin.de>
World,P_Gas_Engines,1,2036,1.496,,MEUR/PJ,interpolated,,Alena Diesing <ad@wip.tu-berlin.de>
World,P_Gas_Engines,1,2037,1.492,,MEUR/PJ,interpolated,,Alena Diesing <ad@wip.tu-berlin.de>
World,P_Gas_Engines,1,2038,1.488,,MEUR/PJ,interpolated,,Alena Diesing <ad@wip.tu-berlin.de>
World,P_Gas_Engines,1,2039,1.484,,MEUR/PJ,interpolated,,Alena Diesing <ad@wip.tu-berlin.de>
World,P_Gas_OCGT,1,2026,1.55,,MEUR/PJ,interpolated,,Alena Diesing <ad@wip.tu-berlin.de>
World,P_Gas_OCGT,1,2027,1.54,,MEUR/PJ,interpolated,,Alena Diesing <ad@wip.tu-berlin.de>
World,P_Gas_OCGT,1,2028,1.53,,MEUR/PJ,interpolated,,Alena Diesing <ad@wip.tu-berlin.de>
World,P_Gas_OCGT,1,2029,1.52,,MEUR/PJ,interpolated,,Alena Diesing <ad@wip.tu-berlin.de>
World,P_Gas_OCGT,1,2031,1.504,,MEUR/PJ,interpolated,,Alena Diesing <ad@wip.tu-berlin.de>
World,P_Gas_OCGT,1,2032,1.498,,MEUR/PJ,interpolated,,Alena Diesing <ad@wip.tu-berlin.de>
World,P_Gas_OCGT,1,2033,1.492,,MEUR/PJ,interpolated,,Alena Diesing <ad@wip.tu-berlin.de>
World,P_Gas_OCGT,1,2034,1.486,,MEUR/PJ,interpolated,,Alena Diesing <ad@wip.tu-berlin.de>
World,P_Gas_OCGT,1,2036,1.472,,MEUR/PJ,interpolated,,Alena Diesing <ad@wip.tu-berlin.de>
World,P_Gas_OCGT,1,2037,1.464,,MEUR/PJ,interpolated,,Alena Diesing <ad@wip.tu-berlin.de>
World,P_Gas_OCGT,1,2038,1.456,,MEUR/PJ,interpolated,,Alena Diesing <ad@wip.tu-berlin.de>
World,P_Gas_OCGT,1,2039,1.448,,MEUR/PJ,interpolated,,Alena Diesing <ad@wip.tu-berlin.de>
World,P_Geothermal,1,2026,0.001,,MEUR/PJ,interpolated,06.09.2023,Stian Backe <stian.backe@sintef.no>
World,P_Geothermal,1,2027,0.001,,MEUR/PJ,interpolated,06.09.2023,Stian Backe <stian.backe@sintef.no>
World,P_Geothermal,1,2028,0.001,,MEUR/PJ,interpolated,06.09.2023,Stian Backe <stian.backe@sintef.no>
World,P_Geothermal,1,2029,0.001,,MEUR/PJ,interpolated,06.09.2023,Stian Backe <stian.backe@sintef.no>
World,P_Geothermal,1,2031,0.001,,MEUR/PJ,interpolated,06.09.2023,Stian Backe <stian.backe@sintef.no>
World,P_Geothermal,1,2032,0.001,,MEUR/PJ,interpolated,06.09.2023,Stian Backe <stian.backe@sintef.no>
World,P_Geothermal,1,2033,0.001,,MEUR/PJ,interpolated,06.09.2023,Stian Backe <stian.backe@sintef.no>
World,P_Geothermal,1,2034,0.001,,MEUR/PJ,interpolated,06.09.2023,Stian Backe <stian.backe@sintef.no>
World,P_Geothermal,1,2036,0.001,,MEUR/PJ,interpolated,06.09.2023,Stian Backe <stian.backe@sintef.no>
World,P_Geothermal,1,2037,0.001,,MEUR/PJ,interpolated,06.09.2023,Stian Backe <stian.backe@sintef.no>
World,P_Geothermal,1,2038,0.001,,MEUR/PJ,interpolated,06.09.2023,Stian Backe <stian.backe@sintef.no>
World,P_Geothermal,1,2039,0.001,,MEUR/PJ,interpolated,06.09.2023,Stian Backe <stian.backe@sintef.no>
World,P_H2_OCGT,1,2026,1.77459,,MEUR/PJ,interpolated,20.08.2024,Alena Diesing <ad@wip.tu-berlin.de>
World,P_H2_OCGT,1,2027,1.76439,,MEUR/PJ,interpolated,20.08.2024,Alena Diesing <ad@wip.tu-berlin.de>
World,P_H2_OCGT,1,2028,1.75419,,MEUR/PJ,interpolated,20.08.2024,Alena Diesing <ad@wip.tu-berlin.de>
World,P_H2_OCGT,1,2029,1.744,,MEUR/PJ,interpolated,20.08.2024,Alena Diesing <ad@wip.tu-berlin.de>
World,P_H2_OCGT,1,2031,1.7253,,MEUR/PJ,interpolated,20.08.2024,Alena Diesing <ad@wip.tu-berlin.de>
World,P_H2_OCGT,1,2032,1.7168,,MEUR/PJ,interpolated,20.08.2024,Alena Diesing <ad@wip.tu-berlin.de>
World,P_H2_OCGT,1,2033,1.7083,,MEUR/PJ,interpolated,20.08.2024,Alena Diesing <ad@wip.tu-berlin.de>
World,P_H2_OCGT,1,2034,1.6998,,MEUR/PJ,interpolated,20.08.2024,Alena Diesing <ad@wip.tu-berlin.de>
World,P_H2_OCGT,1,2036,1.6828,,MEUR/PJ,interpolated,20.08.2024,Alena Diesing <ad@wip.tu-berlin.de>
World,P_H2_OCGT,1,2037,1.6743,,MEUR/PJ,interpolated,20.08.2024,Alena Diesing <ad@wip.tu-berlin.de>
World,P_H2_OCGT,1,2038,1.66581,,MEUR/PJ,interpolated,20.08.2024,Alena Diesing <ad@wip.tu-berlin.de>
World,P_H2_OCGT,1,2039,1.65731,,MEUR/PJ,interpolated,20.08.2024,Alena Diesing <ad@wip.tu-berlin.de>
World,P_Hydro_Reservoir,1,2026,0.08896,,MEUR/PJ,interpolated,20.08.2024,Alena Diesing <ad@wip.tu-berlin.de>
World,P_Hydro_Reservoir,1,2027,0.08896,,MEUR/PJ,interpolated,20.08.2024,Alena Diesing <ad@wip.tu-berlin.de>
World,P_Hydro_Reservoir,1,2028,0.08896,,MEUR/PJ,interpolated,20.08.2024,Alena Diesing <ad@wip.tu-berlin.de>
World,P_Hydro_Reservoir,1,2029,0.08896,,MEUR/PJ,interpolated,20.08.2024,Alena Diesing <ad@wip.tu-berlin.de>
World,P_Hydro_Reservoir,1,2031,0.08896,,MEUR/PJ,interpolated,20.08.2024,Alena Diesing <ad@wip.tu-berlin.de>
World,P_Hydro_Reservoir,1,2032,0.08896,,MEUR/PJ,interpolated,20.08.2024,Alena Diesing <ad@wip.tu-berlin.de>
World,P_Hydro_Reservoir,1,2033,0.08896,,MEUR/PJ,interpolated,20.08.2024,Alena Diesing <ad@wip.tu-berlin.de>
World,P_Hydro_Reservoir,1,2034,0.08896,,MEUR/PJ,interpolated,20.08.2024,Alena Diesing <ad@wip.tu-berlin.de>
World,P_Hydro_Reservoir,1,2036,0.08896,,MEUR/PJ,interpolated,20.08.2024,Alena Diesing <ad@wip.tu-berlin.de>
World,P_Hydro_Reservoir,1,2037,0.08896,,MEUR/PJ,interpolated,20.08.2024,Alena Diesing <ad@wip.tu-berlin.de>
World,P_Hydro_Reservoir,1,2038,0.08896,,MEUR/PJ,interpolated,20.08.2024,Alena Diesing <ad@wip.tu-berlin.de>
World,P_Hydro_Reservoir,1,2039,0.08896,,MEUR/PJ,interpolated,20.08.2024,Alena Diesing <ad@wip.tu-berlin.de>
World,P_Hydro_RoR,1,2026,0.001,,MEUR/PJ,interpolated,20.08.2024,Alena Diesing <ad@wip.tu-berlin.de>
World,P_Hydro_RoR,1,2027,0.001,,MEUR/PJ,interpolated,20.08.2024,Alena Diesing <ad@wip.tu-berlin.de>
World,P_Hydro_RoR,1,2028,0.001,,MEUR/PJ,interpolated,20.08.2024,Alena Diesing <ad@wip.tu-berlin.de>
World,P_Hydro_RoR,1,2029,0.001,,MEUR/PJ,interpolated,20.08.2024,Alena Diesing <ad@wip.tu-berlin.de>
World,P_Hydro_RoR,1,2031,0.001,,MEUR/PJ,interpolated,20.08.2024,Alena Diesing <ad@wip.tu-berlin.de>
World,P_Hydro_RoR,1,2032,0.001,,MEUR/PJ,interpolated,20.08.2024,Alena Diesing <ad@wip.tu-berlin.de>
World,P_Hydro_RoR,1,2033,0.001,,MEUR/PJ,interpolated,20.08.2024,Alena Diesing <ad@wip.tu-berlin.de>
World,P_Hydro_RoR,1,2034,0.001,,MEUR/PJ,interpolated,20.08.2024,Alena Diesing <ad@wip.tu-berlin.de>
World,P_Hydro_RoR,1,2036,0.001,,MEUR/PJ,interpolated,20.08.2024,Alena Diesing <ad@wip.tu-berlin.de>
World,P_Hydro_RoR,1,2037,0.001,,MEUR/PJ,interpolated,20.08.2024,Alena Diesing <ad@wip.tu-berlin.de>
World,P_Hydro_RoR,1,2038,0.001,,MEUR/PJ,interpolated,20.08.2024,Alena Diesing <ad@wip.tu-berlin.de>
World,P_Hydro_RoR,1,2039,0.001,,MEUR/PJ,interpolated,20.08.2024,Alena Diesing <ad@wip.tu-berlin.de>
World,P_Nuclear,1,2026,1.94444,,MEUR/PJ,interpolated,,
World,P_Nuclear,1,2027,1.97222,,MEUR/PJ,interpolated,,
World,P_Nuclear,1,2028,2,,MEUR/PJ,interpolated,,
World,P_Nuclear,1,2029,2.02778,,MEUR/PJ,interpolated,,
World,P_Nuclear,1,2031,2.06111,,MEUR/PJ,interpolated,,
World,P_Nuclear,1,2032,2.06667,,MEUR/PJ,interpolated,,
World,P_Nuclear,1,2033,2.07222,,MEUR/PJ,interpolated,,
World,P_Nuclear,1,2034,2.07778,,MEUR/PJ,interpolated,,
World,P_Nuclear,1,2036,2.08889,,MEUR/PJ,interpolated,,
World,P_Nuclear,1,2037,2.09444,,MEUR/PJ,interpolated,,
World,P_Nuclear,1,2038,2.1,,MEUR/PJ,interpolated,,
World,P_Nuclear,1,2039,2.10556,,MEUR/PJ,interpolated,,
World,P_Ocean,1,2026,0.0289025,,MEUR/PJ,interpolated,08.09.2023,Luka Garibashvili <lukaga@stud.ntnu.no>
World,P_Ocean,1,2027,0.0289025,,MEUR/PJ,interpolated,08.09.2023,Luka Garibashvili <lukaga@stud.ntnu.no>
World,P_Ocean,1,2028,0.0289025,,MEUR/PJ,interpolated,08.09.2023,Luka Garibashvili <lukaga@stud.ntnu.no>
World,P_Ocean,1,2029,0.0289025,,MEUR/PJ,interpolated,08.09.2023,Luka Garibashvili <lukaga@stud.ntnu.no>
World,P_Ocean,1,2031,0.0289025,,MEUR/PJ,interpolated,08.09.2023,Luka Garibashvili <lukaga@stud.ntnu.no>
World,P_Ocean,1,2032,0.0289025,,MEUR/PJ,interpolated,08.09.2023,Luka Garibashvili <lukaga@stud.ntnu.no>
World,P_Ocean,1,2033,0.0289025,,MEUR/PJ,interpolated,08.09.2023,Luka Garibashvili <lukaga@stud.ntnu.no>
World,P_Ocean,1,2034,0.0289025,,MEUR/PJ,interpolated,08.09.2023,Luka Garibashvili <lukaga@stud.ntnu.no>
World,P_Ocean,1,2036,0.0289025,,MEUR/PJ,interpolated,08.09.2023,Luka Garibashvili <lukaga@stud.ntnu.no>
World,P_Ocean,1,2037,0.0289025,,MEUR/PJ,interpolated,08.09.2023,Luka Garibashvili <lukaga@stud.ntnu.no>
World,P_Ocean,1,2038,0.0289025,,MEUR/PJ,interpolated,08.09.2023,Luka Garibashvili <lukaga@stud.ntnu.no>
World,P_Ocean,1,2039,0.0289025,,MEUR/PJ,interpolated,08.09.2023,Luka Garibashvili <lukaga@stud.ntnu.no>
World,P_Oil,1,2026,1.77364,,MEUR/PJ,interpolated,20.08.2024,Alena Diesing <ad@wip.tu-berlin.de>
World,P_Oil,1,2027,1.77364,,MEUR/PJ,interpolated,20.08.2024,Alena Diesing <ad@wip.tu-berlin.de>
World,P_Oil,1,2028,1.77364,,MEUR/PJ,interpolated,20.08.2024,Alena Diesing <ad@wip.tu-berlin.de>
World,P_Oil,1,2029,1.77364,,MEUR/PJ,interpolated,20.08.2024,Alena Diesing <ad@wip.tu-berlin.de>
World,P_Oil,1,2031,1.77364,,MEUR/PJ,interpolated,20.08.2024,Alena Diesing <ad@wip.tu-berlin.de>
World,P_Oil,1,2032,1.77364,,MEUR/PJ,interpolated,20.08.2024,Alena Diesing <ad@wip.tu-berlin.de>
World,P_Oil,1,2033,1.77364,,MEUR/PJ,interpolated,20.08.2024,Alena Diesing <ad@wip.tu-berlin.de>
World,P_Oil,1,2034,1.77364,,MEUR/PJ,interpolated,20.08.2024,Alena Diesing <ad@wip.tu-berlin.de>
World,P_Oil,1,2036,1.77364,,MEUR/PJ,interpolated,20.08.2024,Alena Diesing <ad@wip.tu-berlin.de>
World,P_Oil,1,2037,1.77364,,MEUR/PJ,interpolated,20.08.2024,Alena Diesing <ad@wip.tu-berlin.de>
World,P_Oil,1,2038,1.77364,,MEUR/PJ,interpolated,20.08.2024,Alena Diesing <ad@wip.tu-berlin.de>
World,P_Oil,1,2039,1.77364,,MEUR/PJ,interpolated,20.08.2024,Alena Diesing <ad@wip.tu-berlin.de>
World,P_PV_Rooftop_Commercial,1,2026,0.001,,MEUR/PJ,interpolated,20.08.2024,Alena Diesing <ad@wip.tu-berlin.de>
World,P_PV_Rooftop_Commercial,1,2027,0.001,,MEUR/PJ,interpolated,20.08.2024,Alena Diesing <ad@wip.tu-berlin.de>
World,P_PV_Rooftop_Commercial,1,2028,0.001,,MEUR/PJ,interpolated,20.08.2024,Alena Diesing <ad@wip.tu-berlin.de>
World,P_PV_Rooftop_Commercial,1,2029,0.001,,MEUR/PJ,interpolated,20.08.2024,Alena Diesing <ad@wip.tu-berlin.de>
World,P_PV_Rooftop_Commercial,1,2031,0.001,,MEUR/PJ,interpolated,20.08.2024,Alena Diesing <ad@wip.tu-berlin.de>
World,P_PV_Rooftop_Commercial,1,2032,0.001,,MEUR/PJ,interpolated,20.08.2024,Alena Diesing <ad@wip.tu-berlin.de>
World,P_PV_Rooftop_Commercial,1,2033,0.001,,MEUR/PJ,interpolated,20.08.2024,Alena Diesing <ad@wip.tu-berlin.de>
World,P_PV_Rooftop_Commercial,1,2034,0.001,,MEUR/PJ,interpolated,20.08.2024,Alena Diesing <ad@wip.tu-berlin.de>
World,P_PV_Rooftop_Commercial,1,2036,0.001,,MEUR/PJ,interpolated,20.08.2024,Alena Diesing <ad@wip.tu-berlin.de>
World,P_PV_Rooftop_Commercial,1,2037,0.001,,MEUR/PJ,interpolated,20.08.2024,Alena Diesing <ad@wip.tu-berlin.de>
World,P_PV_Rooftop_Commercial,1,2038,0.001,,MEUR/PJ,interpolated,20.08.2024,Alena Diesing <ad@wip.tu-berlin.de>
World,P_PV_Rooftop_Commercial,1,2039,0.001,,MEUR/PJ,interpolated,20.08.2024,Alena Diesing <ad@wip.tu-berlin.de>
World,P_PV_Rooftop_Residential,1,2026,0.001,,MEUR/PJ,interpolated,20.08.2024,Alena Diesing <ad@wip.tu-berlin.de>
World,P_PV_Rooftop_Residential,1,2027,0.001,,MEUR/PJ,interpolated,20.08.2024,Alena Diesing <ad@wip.tu-berlin.de>
World,P_PV_Rooftop_Residential,1,2028,0.001,,MEUR/PJ,interpolated,20.08.2024,Alena Diesing <ad@wip.tu-berlin.de>
World,P_PV_Rooftop_Residential,1,2029,0.001,,MEUR/PJ,interpolated,20.08.2024,Alena Diesing <ad@wip.tu-berlin.de>
World,P_PV_Rooftop_Residential,1,2031,0.001,,MEUR/PJ,interpolated,20.08.2024,Alena Diesing <ad@wip.tu-berlin.de>
World,P_PV_Rooftop_Residential,1,2032,0.001,,MEUR/PJ,interpolated,20.08.2024,Alena Diesing <ad@wip.tu-berlin.de>
World,P_PV_Rooftop_Residential,1,2033,0.001,,MEUR/PJ,interpolated,20.08.2024,Alena Diesing <ad@wip.tu-berlin.de>
World,P_PV_Rooftop_Residential,1,2034,0.001,,MEUR/PJ,interpolated,20.08.2024,Alena Diesing <ad@wip.tu-berlin.de>
World,P_PV_Rooftop_Residential,1,2036,0.001,,MEUR/PJ,interpolated,20.08.2024,Alena Diesing <ad@wip.tu-berlin.de>
World,P_PV_Rooftop_Residential,1,2037,0.001,,MEUR/PJ,interpolated,20.08.2024,Alena Diesing <ad@wip.tu-berlin.de>
World,P_PV_Rooftop_Residential,1,2038,0.001,,MEUR/PJ,interpolated,20.08.2024,Alena Diesing <ad@wip.tu-berlin.de>
World,P_PV_Rooftop_Residential,1,2039,0.001,,MEUR/PJ,interpolated,20.08.2024,Alena Diesing <ad@wip.tu-berlin.de>
World,P_PV_Utility_Avg,1,2026,0.001,,MEUR/PJ,interpolated,20.08.2024,Alena Diesing <ad@wip.tu-berlin.de>
World,P_PV_Utility_Avg,1,2027,0.001,,MEUR/PJ,interpolated,20.08.2024,Alena Diesing <ad@wip.tu-berlin.de>
World,P_PV_Utility_Avg,1,2028,0.001,,MEUR/PJ,interpolated,20.08.2024,Alena Diesing <ad@wip.tu-berlin.de>
World,P_PV_Utility_Avg,1,2029,0.001,,MEUR/PJ,interpolated,20.08.2024,Alena Diesing <ad@wip.tu-berlin.de>
World,P_PV_Utility_Avg,1,2031,0.001,,MEUR/PJ,interpolated,20.08.2024,Alena Diesing <ad@wip.tu-berlin.de>
World,P_PV_Utility_Avg,1,2032,0.001,,MEUR/PJ,interpolated,20.08.2024,Alena Diesing <ad@wip.tu-berlin.de>
World,P_PV_Utility_Avg,1,2033,0.001,,MEUR/PJ,interpolated,20.08.2024,Alena Diesing <ad@wip.tu-berlin.de>
World,P_PV_Utility_Avg,1,2034,0.001,,MEUR/PJ,interpolated,20.08.2024,Alena Diesing <ad@wip.tu-berlin.de>
World,P_PV_Utility_Avg,1,2036,0.001,,MEUR/PJ,interpolated,20.08.2024,Alena Diesing <ad@wip.tu-berlin.de>
World,P_PV_Utility_Avg,1,2037,0.001,,MEUR/PJ,interpolated,20.08.2024,Alena Diesing <ad@wip.tu-berlin.de>
World,P_PV_Utility_Avg,1,2038,0.001,,MEUR/PJ,interpolated,20.08.2024,Alena Diesing <ad@wip.tu-berlin.de>
World,P_PV_Utility_Avg,1,2039,0.001,,MEUR/PJ,interpolated,20.08.2024,Alena Diesing <ad@wip.tu-berlin.de>
World,P_PV_Utility_Inf,1,2026,0.001,,MEUR/PJ,interpolated,20.08.2024,Alena Diesing <ad@wip.tu-berlin.de>
World,P_PV_Utility_Inf,1,2027,0.001,,MEUR/PJ,interpolated,20.08.2024,Alena Diesing <ad@wip.tu-berlin.de>
World,P_PV_Utility_Inf,1,2028,0.001,,MEUR/PJ,interpolated,20.08.2024,Alena Diesing <ad@wip.tu-berlin.de>
World,P_PV_Utility_Inf,1,2029,0.001,,MEUR/PJ,interpolated,20.08.2024,Alena Diesing <ad@wip.tu-berlin.de>
World,P_PV_Utility_Inf,1,2031,0.001,,MEUR/PJ,interpolated,20.08.2024,Alena Diesing <ad@wip.tu-berlin.de>
World,P_PV_Utility_Inf,1,2032,0.001,,MEUR/PJ,interpolated,20.08.2024,Alena Diesing <ad@wip.tu-berlin.de>
World,P_PV_Utility_Inf,1,2033,0.001,,MEUR/PJ,interpolated,20.08.2024,Alena Diesing <ad@wip.tu-berlin.de>
World,P_PV_Utility_Inf,1,2034,0.001,,MEUR/PJ,interpolated,20.08.2024,Alena Diesing <ad@wip.tu-berlin.de>
World,P_PV_Utility_Inf,1,2036,0.001,,MEUR/PJ,interpolated,20.08.2024,Alena Diesing <ad@wip.tu-berlin.de>
World,P_PV_Utility_Inf,1,2037,0.001,,MEUR/PJ,interpolated,20.08.2024,Alena Diesing <ad@wip.tu-berlin.de>
World,P_PV_Utility_Inf,1,2038,0.001,,MEUR/PJ,interpolated,20.08.2024,Alena Diesing <ad@wip.tu-berlin.de>
World,P_PV_Utility_Inf,1,2039,0.001,,MEUR/PJ,interpolated,20.08.2024,Alena Diesing <ad@wip.tu-berlin.de>
World,P_PV_Utility_Opt,1,2026,0.001,,MEUR/PJ,interpolated,20.08.2024,Alena Diesing <ad@wip.tu-berlin.de>
World,P_PV_Utility_Opt,1,2027,0.001,,MEUR/PJ,interpolated,20.08.2024,Alena Diesing <ad@wip.tu-berlin.de>
World,P_PV_Utility_Opt,1,2028,0.001,,MEUR/PJ,interpolated,20.08.2024,Alena Diesing <ad@wip.tu-berlin.de>
World,P_PV_Utility_Opt,1,2029,0.001,,MEUR/PJ,interpolated,20.08.2024,Alena Diesing <ad@wip.tu-berlin.de>
World,P_PV_Utility_Opt,1,2031,0.001,,MEUR/PJ,interpolated,20.08.2024,Alena Diesing <ad@wip.tu-berlin.de>
World,P_PV_Utility_Opt,1,2032,0.001,,MEUR/PJ,interpolated,20.08.2024,Alena Diesing <ad@wip.tu-berlin.de>
World,P_PV_Utility_Opt,1,2033,0.001,,MEUR/PJ,interpolated,20.08.2024,Alena Diesing <ad@wip.tu-berlin.de>
World,P_PV_Utility_Opt,1,2034,0.001,,MEUR/PJ,interpolated,20.08.2024,Alena Diesing <ad@wip.tu-berlin.de>
World,P_PV_Utility_Opt,1,2036,0.001,,MEUR/PJ,interpolated,20.08.2024,Alena Diesing <ad@wip.tu-berlin.de>
World,P_PV_Utility_Opt,1,2037,0.001,,MEUR/PJ,interpolated,20.08.2024,Alena Diesing <ad@wip.tu-berlin.de>
World,P_PV_Utility_Opt,1,2038,0.001,,MEUR/PJ,interpolated,20.08.2024,Alena Diesing <ad@wip.tu-berlin.de>
World,P_PV_Utility_Opt,1,2039,0.001,,MEUR/PJ,interpolated,20.08.2024,Alena Diesing <ad@wip.tu-berlin.de>
World,P_PV_Utility_Tracking,1,2026,0.001,,MEUR/PJ,interpolated,20.08.2024,Alena Diesing <ad@wip.tu-berlin.de>
World,P_PV_Utility_Tracking,1,2027,0.001,,MEUR/PJ,interpolated,20.08.2024,Alena Diesing <ad@wip.tu-berlin.de>
World,P_PV_Utility_Tracking,1,2028,0.001,,MEUR/PJ,interpolated,20.08.2024,Alena Diesing <ad@wip.tu-berlin.de>
World,P_PV_Utility_Tracking,1,2029,0.001,,MEUR/PJ,interpolated,20.08.2024,Alena Diesing <ad@wip.tu-berlin.de>
World,P_PV_Utility_Tracking,1,2031,0.001,,MEUR/PJ,interpolated,20.08.2024,Alena Diesing <ad@wip.tu-berlin.de>
World,P_PV_Utility_Tracking,1,2032,0.001,,MEUR/PJ,interpolated,20.08.2024,Alena Diesing <ad@wip.tu-berlin.de>
World,P_PV_Utility_Tracking,1,2033,0.001,,MEUR/PJ,interpolated,20.08.2024,Alena Diesing <ad@wip.tu-berlin.de>
World,P_PV_Utility_Tracking,1,2034,0.001,,MEUR/PJ,interpolated,20.08.2024,Alena Diesing <ad@wip.tu-berlin.de>
World,P_PV_Utility_Tracking,1,2036,0.001,,MEUR/PJ,interpolated,20.08.2024,Alena Diesing <ad@wip.tu-berlin.de>
World,P_PV_Utility_Tracking,1,2037,0.001,,MEUR/PJ,interpolated,20.08.2024,Alena Diesing <ad@wip.tu-berlin.de>
World,P_PV_Utility_Tracking,1,2038,0.001,,MEUR/PJ,interpolated,20.08.2024,Alena Diesing <ad@wip.tu-berlin.de>
World,P_PV_Utility_Tracking,1,2039,0.001,,MEUR/PJ,interpolated,20.08.2024,Alena Diesing <ad@wip.tu-berlin.de>
World,P_Wind_Offshore_Deep,1,2026,0.1092,,MEUR/PJ,interpolated,04.09.2025,Nikita Moskalenko <nim@wip.tu-berlin.de>
World,P_Wind_Offshore_Deep,1,2027,0.1092,,MEUR/PJ,interpolated,04.09.2025,Nikita Moskalenko <nim@wip.tu-berlin.de>
World,P_Wind_Offshore_Deep,1,2028,0.1092,,MEUR/PJ,interpolated,04.09.2025,Nikita Moskalenko <nim@wip.tu-berlin.de>
World,P_Wind_Offshore_Deep,1,2029,0.1092,,MEUR/PJ,interpolated,04.09.2025,Nikita Moskalenko <nim@wip.tu-berlin.de>
World,P_Wind_Offshore_Deep,1,2031,0.1092,,MEUR/PJ,interpolated,04.09.2025,Nikita Moskalenko <nim@wip.tu-berlin.de>
World,P_Wind_Offshore_Deep,1,2032,0.1092,,MEUR/PJ,interpolated,04.09.2025,Nikita Moskalenko <nim@wip.tu-berlin.de>
World,P_Wind_Offshore_Deep,1,2033,0.1092,,MEUR/PJ,interpolated,04.09.2025,Nikita Moskalenko <nim@wip.tu-berlin.de>
World,P_Wind_Offshore_Deep,1,2034,0.1092,,MEUR/PJ,interpolated,04.09.2025,Nikita Moskalenko <nim@wip.tu-berlin.de>
World,P_Wind_Offshore_Deep,1,2036,0.1092,,MEUR/PJ,interpolated,04.09.2025,Nikita Moskalenko <nim@wip.tu-berlin.de>
World,P_Wind_Offshore_Deep,1,2037,0.1092,,MEUR/PJ,interpolated,04.09.2025,Nikita Moskalenko <nim@wip.tu-berlin.de>
World,P_Wind_Offshore_Deep,1,2038,0.1092,,MEUR/PJ,interpolated,04.09.2025,Nikita Moskalenko <nim@wip.tu-berlin.de>
World,P_Wind_Offshore_Deep,1,2039,0.1092,,MEUR/PJ,interpolated,04.09.2025,Nikita Moskalenko <nim@wip.tu-berlin.de>
World,P_Wind_Offshore_Shallow,1,2026,0.1092,,MEUR/PJ,interpolated,04.09.2025,Nikita Moskalenko <nim@wip.tu-berlin.de>
World,P_Wind_Offshore_Shallow,1,2027,0.1092,,MEUR/PJ,interpolated,04.09.2025,Nikita Moskalenko <nim@wip.tu-berlin.de>
World,P_Wind_Offshore_Shallow,1,2028,0.1092,,MEUR/PJ,interpolated,04.09.2025,Nikita Moskalenko <nim@wip.tu-berlin.de>
World,P_Wind_Offshore_Shallow,1,2029,0.1092,,MEUR/PJ,interpolated,04.09.2025,Nikita Moskalenko <nim@wip.tu-berlin.de>
World,P_Wind_Offshore_Shallow,1,2031,0.1092,,MEUR/PJ,interpolated,04.09.2025,Nikita Moskalenko <nim@wip.tu-berlin.de>
World,P_Wind_Offshore_Shallow,1,2032,0.1092,,MEUR/PJ,interpolated,04.09.2025,Nikita Moskalenko <nim@wip.tu-berlin.de>
World,P_Wind_Offshore_Shallow,1,2033,0.1092,,MEUR/PJ,interpolated,04.09.2025,Nikita Moskalenko <nim@wip.tu-berlin.de>
World,P_Wind_Offshore_Shallow,1,2034,0.1092,,MEUR/PJ,interpolated,04.09.2025,Nikita Moskalenko <nim@wip.tu-berlin.de>
World,P_Wind_Offshore_Shallow,1,2036,0.1092,,MEUR/PJ,interpolated,04.09.2025,Nikita Moskalenko <nim@wip.tu-berlin.de>
World,P_Wind_Offshore_Shallow,1,2037,0.1092,,MEUR/PJ,interpolated,04.09.2025,Nikita Moskalenko <nim@wip.tu-berlin.de>
World,P_Wind_Offshore_Shallow,1,2038,0.1092,,MEUR/PJ,interpolated,04.09.2025,Nikita Moskalenko <nim@wip.tu-berlin.de>
World,P_Wind_Offshore_Shallow,1,2039,0.1092,,MEUR/PJ,interpolated,04.09.2025,Nikita Moskalenko <nim@wip.tu-berlin.de>
World,P_Wind_Offshore_Transitional,1,2026,0.1092,,MEUR/PJ,interpolated,04.09.2025,Nikita Moskalenko <nim@wip.tu-berlin.de>
World,P_Wind_Offshore_Transitional,1,2027,0.1092,,MEUR/PJ,interpolated,04.09.2025,Nikita Moskalenko <nim@wip.tu-berlin.de>
World,P_Wind_Offshore_Transitional,1,2028,0.1092,,MEUR/PJ,interpolated,04.09.2025,Nikita Moskalenko <nim@wip.tu-berlin.de>
World,P_Wind_Offshore_Transitional,1,2029,0.1092,,MEUR/PJ,interpolated,04.09.2025,Nikita Moskalenko <nim@wip.tu-berlin.de>
World,P_Wind_Offshore_Transitional,1,2031,0.1092,,MEUR/PJ,interpolated,04.09.2025,Nikita Moskalenko <nim@wip.tu-berlin.de>
World,P_Wind_Offshore_Transitional,1,2032,0.1092,,MEUR/PJ,interpolated,04.09.2025,Nikita Moskalenko <nim@wip.tu-berlin.de>
World,P_Wind_Offshore_Transitional,1,2033,0.1092,,MEUR/PJ,interpolated,04.09.2025,Nikita Moskalenko <nim@wip.tu-berlin.de>
World,P_Wind_Offshore_Transitional,1,2034,0.1092,,MEUR/PJ,interpolated,04.09.2025,Nikita Moskalenko <nim@wip.tu-berlin.de>
World,P_Wind_Offshore_Transitional,1,2036,0.1092,,MEUR/PJ,interpolated,04.09.2025,Nikita Moskalenko <nim@wip.tu-berlin.de>
World,P_Wind_Offshore_Transitional,1,2037,0.1092,,MEUR/PJ,interpolated,04.09.2025,Nikita Moskalenko <nim@wip.tu-berlin.de>
World,P_Wind_Offshore_Transitional,1,2038,0.1092,,MEUR/PJ,interpolated,04.09.2025,Nikita Moskalenko <nim@wip.tu-berlin.de>
World,P_Wind_Offshore_Transitional,1,2039,0.1092,,MEUR/PJ,interpolated,04.09.2025,Nikita Moskalenko <nim@wip.tu-berlin.de>
World,P_Wind_Onshore_Avg,1,2026,0.05,,MEUR/PJ,interpolated,04.09.2025,Nikita Moskalenko <nim@wip.tu-berlin.de>
World,P_Wind_Onshore_Avg,1,2027,0.05,,MEUR/PJ,interpolated,04.09.2025,Nikita Moskalenko <nim@wip.tu-berlin.de>
World,P_Wind_Onshore_Avg,1,2028,0.05,,MEUR/PJ,interpolated,04.09.2025,Nikita Moskalenko <nim@wip.tu-berlin.de>
World,P_Wind_Onshore_Avg,1,2029,0.05,,MEUR/PJ,interpolated,04.09.2025,Nikita Moskalenko <nim@wip.tu-berlin.de>
World,P_Wind_Onshore_Avg,1,2031,0.05,,MEUR/PJ,interpolated,04.09.2025,Nikita Moskalenko <nim@wip.tu-berlin.de>
World,P_Wind_Onshore_Avg,1,2032,0.05,,MEUR/PJ,interpolated,04.09.2025,Nikita Moskalenko <nim@wip.tu-berlin.de>
World,P_Wind_Onshore_Avg,1,2033,0.05,,MEUR/PJ,interpolated,04.09.2025,Nikita Moskalenko <nim@wip.tu-berlin.de>
World,P_Wind_Onshore_Avg,1,2034,0.05,,MEUR/PJ,interpolated,04.09.2025,Nikita Moskalenko <nim@wip.tu-berlin.de>
World,P_Wind_Onshore_Avg,1,2036,0.05,,MEUR/PJ,interpolated,04.09.2025,Nikita Moskalenko <nim@wip.tu-berlin.de>
World,P_Wind_Onshore_Avg,1,2037,0.05,,MEUR/PJ,interpolated,04.09.2025,Nikita Moskalenko <nim@wip.tu-berlin.de>
World,P_Wind_Onshore_Avg,1,2038,0.05,,MEUR/PJ,interpolated,04.09.2025,Nikita Moskalenko <nim@wip.tu-berlin.de>
World,P_Wind_Onshore_Avg,1,2039,0.05,,MEUR/PJ,interpolated,04.09.2025,Nikita Moskalenko <nim@wip.tu-berlin.de>
World,P_Wind_Onshore_Inf,1,2026,0.0417,,MEUR/PJ,interpolated,04.09.2025,Nikita Moskalenko <nim@wip.tu-berlin.de>
World,P_Wind_Onshore_Inf,1,2027,0.0417,,MEUR/PJ,interpolated,04.09.2025,Nikita Moskalenko <nim@wip.tu-berlin.de>
World,P_Wind_Onshore_Inf,1,2028,0.0417,,MEUR/PJ,interpolated,04.09.2025,Nikita Moskalenko <nim@wip.tu-berlin.de>
World,P_Wind_Onshore_Inf,1,2029,0.0417,,MEUR/PJ,interpolated,04.09.2025,Nikita Moskalenko <nim@wip.tu-berlin.de>
World,P_Wind_Onshore_Inf,1,2031,0.0417,,MEUR/PJ,interpolated,04.09.2025,Nikita Moskalenko <nim@wip.tu-berlin.de>
World,P_Wind_Onshore_Inf,1,2032,0.0417,,MEUR/PJ,interpolated,04.09.2025,Nikita Moskalenko <nim@wip.tu-berlin.de>
World,P_Wind_Onshore_Inf,1,2033,0.0417,,MEUR/PJ,interpolated,04.09.2025,Nikita Moskalenko <nim@wip.tu-berlin.de>
World,P_Wind_Onshore_Inf,1,2034,0.0417,,MEUR/PJ,interpolated,04.09.2025,Nikita Moskalenko <nim@wip.tu-berlin.de>
World,P_Wind_Onshore_Inf,1,2036,0.0417,,MEUR/PJ,interpolated,04.09.2025,Nikita Moskalenko <nim@wip.tu-berlin.de>
World,P_Wind_Onshore_Inf,1,2037,0.0417,,MEUR/PJ,interpolated,04.09.2025,Nikita Moskalenko <nim@wip.tu-berlin.de>
World,P_Wind_Onshore_Inf,1,2038,0.0417,,MEUR/PJ,interpolated,04.09.2025,Nikita Moskalenko <nim@wip.tu-berlin.de>
World,P_Wind_Onshore_Inf,1,2039,0.0417,,MEUR/PJ,interpolated,04.09.2025,Nikita Moskalenko <nim@wip.tu-berlin.de>
World,P_Wind_Onshore_Opt,1,2026,0.0694,,MEUR/PJ,interpolated,04.09.2025,Nikita Moskalenko <nim@wip.tu-berlin.de>
World,P_Wind_Onshore_Opt,1,2027,0.0694,,MEUR/PJ,interpolated,04.09.2025,Nikita Moskalenko <nim@wip.tu-berlin.de>
World,P_Wind_Onshore_Opt,1,2028,0.0694,,MEUR/PJ,interpolated,04.09.2025,Nikita Moskalenko <nim@wip.tu-berlin.de>
World,P_Wind_Onshore_Opt,1,2029,0.0694,,MEUR/PJ,interpolated,04.09.2025,Nikita Moskalenko <nim@wip.tu-berlin.de>
World,P_Wind_Onshore_Opt,1,2031,0.0694,,MEUR/PJ,interpolated,04.09.2025,Nikita Moskalenko <nim@wip.tu-berlin.de>
World,P_Wind_Onshore_Opt,1,2032,0.0694,,MEUR/PJ,interpolated,04.09.2025,Nikita Moskalenko <nim@wip.tu-berlin.de>
World,P_Wind_Onshore_Opt,1,2033,0.0694,,MEUR/PJ,interpolated,04.09.2025,Nikita Moskalenko <nim@wip.tu-berlin.de>
World,P_Wind_Onshore_Opt,1,2034,0.0694,,MEUR/PJ,interpolated,04.09.2025,Nikita Moskalenko <nim@wip.tu-berlin.de>
World,P_Wind_Onshore_Opt,1,2036,0.0694,,MEUR/PJ,interpolated,04.09.2025,Nikita Moskalenko <nim@wip.tu-berlin.de>
World,P_Wind_Onshore_Opt,1,2037,0.0694,,MEUR/PJ,interpolated,04.09.2025,Nikita Moskalenko <nim@wip.tu-berlin.de>
World,P_Wind_Onshore_Opt,1,2038,0.0694,,MEUR/PJ,interpolated,04.09.2025,Nikita Moskalenko <nim@wip.tu-berlin.de>
World,P_Wind_Onshore_Opt,1,2039,0.0694,,MEUR/PJ,interpolated,04.09.2025,Nikita Moskalenko <nim@wip.tu-berlin.de>
World,R_Biogas,1,2026,5.01937,,MEUR/PJ,interpolated,03.02.2026,Konstantin Loffler <kl@wip.tu-berlin.de>
World,R_Biogas,1,2027,5.07564,,MEUR/PJ,interpolated,03.02.2026,Konstantin Loffler <kl@wip.tu-berlin.de>
World,R_Biogas,1,2028,5.13191,,MEUR/PJ,interpolated,03.02.2026,Konstantin Loffler <kl@wip.tu-berlin.de>
World,R_Biogas,1,2029,5.18818,,MEUR/PJ,interpolated,03.02.2026,Konstantin Loffler <kl@wip.tu-berlin.de>
World,R_Biogas,1,2031,5.30072,,MEUR/PJ,interpolated,03.02.2026,Konstantin Loffler <kl@wip.tu-berlin.de>
World,R_Biogas,1,2032,5.35699,,MEUR/PJ,interpolated,03.02.2026,Konstantin Loffler <kl@wip.tu-berlin.de>
World,R_Biogas,1,2033,5.41326,,MEUR/PJ,interpolated,03.02.2026,Konstantin Loffler <kl@wip.tu-berlin.de>
World,R_Biogas,1,2034,5.46953,,MEUR/PJ,interpolated,03.02.2026,Konstantin Loffler <kl@wip.tu-berlin.de>
World,R_Biogas,1,2036,5.58208,,MEUR/PJ,interpolated,03.02.2026,Konstantin Loffler <kl@wip.tu-berlin.de>
World,R_Biogas,1,2037,5.63835,,MEUR/PJ,interpolated,03.02.2026,Konstantin Loffler <kl@wip.tu-berlin.de>
World,R_Biogas,1,2038,5.69462,,MEUR/PJ,interpolated,03.02.2026,Konstantin Loffler <kl@wip.tu-berlin.de>
World,R_Biogas,1,2039,5.75089,,MEUR/PJ,interpolated,03.02.2026,Konstantin Loffler <kl@wip.tu-berlin.de>
World,R_Coal_Lignite,1,2026,1.3293,,MEUR/PJ,interpolated,,
World,R_Coal_Lignite,1,2027,1.31587,,MEUR/PJ,interpolated,,
World,R_Coal_Lignite,1,2028,1.30245,,MEUR/PJ,interpolated,,
World,R_Coal_Lignite,1,2029,1.28902,,MEUR/PJ,interpolated,,
World,R_Coal_Lignite,1,2031,1.26283,,MEUR/PJ,interpolated,,
World,R_Coal_Lignite,1,2032,1.25008,,MEUR/PJ,interpolated,,
World,R_Coal_Lignite,1,2033,1.23732,,MEUR/PJ,interpolated,,
World,R_Coal_Lignite,1,2034,1.22457,,MEUR/PJ,interpolated,,
World,R_Coal_Lignite,1,2036,1.19969,,MEUR/PJ,interpolated,,
World,R_Coal_Lignite,1,2037,1.18757,,MEUR/PJ,interpolated,,
World,R_Coal_Lignite,1,2038,1.17546,,MEUR/PJ,interpolated,,
World,R_Coal_Lignite,1,2039,1.16334,,MEUR/PJ,interpolated,,
World,R_Grass,1,2026,3.28189,,MEUR/PJ,interpolated,03.02.2026,Konstantin Loffler <kl@wip.tu-berlin.de>
World,R_Grass,1,2027,3.31869,,MEUR/PJ,interpolated,03.02.2026,Konstantin Loffler <kl@wip.tu-berlin.de>
World,R_Grass,1,2028,3.35548,,MEUR/PJ,interpolated,03.02.2026,Konstantin Loffler <kl@wip.tu-berlin.de>
World,R_Grass,1,2029,3.39227,,MEUR/PJ,interpolated,03.02.2026,Konstantin Loffler <kl@wip.tu-berlin.de>
World,R_Grass,1,2031,3.46586,,MEUR/PJ,interpolated,03.02.2026,Konstantin Loffler <kl@wip.tu-berlin.de>
World,R_Grass,1,2032,3.50265,,MEUR/PJ,interpolated,03.02.2026,Konstantin Loffler <kl@wip.tu-berlin.de>
World,R_Grass,1,2033,3.53944,,MEUR/PJ,interpolated,03.02.2026,Konstantin Loffler <kl@wip.tu-berlin.de>
World,R_Grass,1,2034,3.57623,,MEUR/PJ,interpolated,03.02.2026,Konstantin Loffler <kl@wip.tu-berlin.de>
World,R_Grass,1,2036,3.64982,,MEUR/PJ,interpolated,03.02.2026,Konstantin Loffler <kl@wip.tu-berlin.de>
World,R_Grass,1,2037,3.68661,,MEUR/PJ,interpolated,03.02.2026,Konstantin Loffler <kl@wip.tu-berlin.de>
World,R_Grass,1,2038,3.7234,,MEUR/PJ,interpolated,03.02.2026,Konstantin Loffler <kl@wip.tu-berlin.de>
World,R_Grass,1,2039,3.7602,,MEUR/PJ,interpolated,03.02.2026,Konstantin Loffler <kl@wip.tu-berlin.de>
World,R_Nuclear,1,2026,0.722222,,MEUR/PJ,interpolated,16.10.2023,Luka Garibashvili <lukaga@stud.ntnu.no>
World,R_Nuclear,1,2027,0.722222,,MEUR/PJ,interpolated,16.10.2023,Luka Garibashvili <lukaga@stud.ntnu.no>
World,R_Nuclear,1,2028,0.722222,,MEUR/PJ,interpolated,16.10.2023,Luka Garibashvili <lukaga@stud.ntnu.no>
World,R_Nuclear,1,2029,0.722222,,MEUR/PJ,interpolated,16.10.2023,Luka Garibashvili <lukaga@stud.ntnu.no>
World,R_Nuclear,1,2031,0.722222,,MEUR/PJ,interpolated,16.10.2023,Luka Garibashvili <lukaga@stud.ntnu.no>
World,R_Nuclear,1,2032,0.722222,,MEUR/PJ,interpolated,16.10.2023,Luka Garibashvili <lukaga@stud.ntnu.no>
World,R_Nuclear,1,2033,0.722222,,MEUR/PJ,interpolated,16.10.2023,Luka Garibashvili <lukaga@stud.ntnu.no>
World,R_Nuclear,1,2034,0.722222,,MEUR/PJ,interpolated,16.10.2023,Luka Garibashvili <lukaga@stud.ntnu.no>
World,R_Nuclear,1,2036,0.722222,,MEUR/PJ,interpolated,16.10.2023,Luka Garibashvili <lukaga@stud.ntnu.no>
World,R_Nuclear,1,2037,0.722222,,MEUR/PJ,interpolated,16.10.2023,Luka Garibashvili <lukaga@stud.ntnu.no>
World,R_Nuclear,1,2038,0.722222,,MEUR/PJ,interpolated,16.10.2023,Luka Garibashvili <lukaga@stud.ntnu.no>
World,R_Nuclear,1,2039,0.722222,,MEUR/PJ,interpolated,16.10.2023,Luka Garibashvili <lukaga@stud.ntnu.no>
World,R_Paper_Cardboard,1,2026,8.97588,,MEUR/PJ,interpolated,03.02.2026,Konstantin Loffler <kl@wip.tu-berlin.de>
World,R_Paper_Cardboard,1,2027,9.07651,,MEUR/PJ,interpolated,03.02.2026,Konstantin Loffler <kl@wip.tu-berlin.de>
World,R_Paper_Cardboard,1,2028,9.17714,,MEUR/PJ,interpolated,03.02.2026,Konstantin Loffler <kl@wip.tu-berlin.de>
World,R_Paper_Cardboard,1,2029,9.27776,,MEUR/PJ,interpolated,03.02.2026,Konstantin Loffler <kl@wip.tu-berlin.de>
World,R_Paper_Cardboard,1,2031,9.47902,,MEUR/PJ,interpolated,03.02.2026,Konstantin Loffler <kl@wip.tu-berlin.de>
World,R_Paper_Cardboard,1,2032,9.57964,,MEUR/PJ,interpolated,03.02.2026,Konstantin Loffler <kl@wip.tu-berlin.de>
World,R_Paper_Cardboard,1,2033,9.68027,,MEUR/PJ,interpolated,03.02.2026,Konstantin Loffler <kl@wip.tu-berlin.de>
World,R_Paper_Cardboard,1,2034,9.78089,,MEUR/PJ,interpolated,03.02.2026,Konstantin Loffler <kl@wip.tu-berlin.de>
World,R_Paper_Cardboard,1,2036,9.98215,,MEUR/PJ,interpolated,03.02.2026,Konstantin Loffler <kl@wip.tu-berlin.de>
World,R_Paper_Cardboard,1,2037,10.0828,,MEUR/PJ,interpolated,03.02.2026,Konstantin Loffler <kl@wip.tu-berlin.de>
World,R_Paper_Cardboard,1,2038,10.1834,,MEUR/PJ,interpolated,03.02.2026,Konstantin Loffler <kl@wip.tu-berlin.de>
World,R_Paper_Cardboard,1,2039,10.284,,MEUR/PJ,interpolated,03.02.2026,Konstantin Loffler <kl@wip.tu-berlin.de>
World,R_Residues,1,2026,3.86105,,MEUR/PJ,interpolated,03.02.2026,Konstantin Loffler <kl@wip.tu-berlin.de>
World,R_Residues,1,2027,3.90434,,MEUR/PJ,interpolated,03.02.2026,Konstantin Loffler <kl@wip.tu-berlin.de>
World,R_Residues,1,2028,3.94762,,MEUR/PJ,interpolated,03.02.2026,Konstantin Loffler <kl@wip.tu-berlin.de>
World,R_Residues,1,2029,3.99091,,MEUR/PJ,interpolated,03.02.2026,Konstantin Loffler <kl@wip.tu-berlin.de>
World,R_Residues,1,2031,4.07748,,MEUR/PJ,interpolated,03.02.2026,Konstantin Loffler <kl@wip.tu-berlin.de>
World,R_Residues,1,2032,4.12076,,MEUR/PJ,interpolated,03.02.2026,Konstantin Loffler <kl@wip.tu-berlin.de>
World,R_Residues,1,2033,4.16405,,MEUR/PJ,interpolated,03.02.2026,Konstantin Loffler <kl@wip.tu-berlin.de>
World,R_Residues,1,2034,4.20733,,MEUR/PJ,interpolated,03.02.2026,Konstantin Loffler <kl@wip.tu-berlin.de>
World,R_Residues,1,2036,4.2939,,MEUR/PJ,interpolated,03.02.2026,Konstantin Loffler <kl@wip.tu-berlin.de>
World,R_Residues,1,2037,4.33719,,MEUR/PJ,interpolated,03.02.2026,Konstantin Loffler <kl@wip.tu-berlin.de>
World,R_Residues,1,2038,4.38048,,MEUR/PJ,interpolated,03.02.2026,Konstantin Loffler <kl@wip.tu-berlin.de>
World,R_Residues,1,2039,4.42376,,MEUR/PJ,interpolated,03.02.2026,Konstantin Loffler <kl@wip.tu-berlin.de>
World,R_Roundwood,1,2026,14.2345,,MEUR/PJ,interpolated,03.02.2026,Konstantin Loffler <kl@wip.tu-berlin.de>
World,R_Roundwood,1,2027,14.3941,,MEUR/PJ,interpolated,03.02.2026,Konstantin Loffler <kl@wip.tu-berlin.de>
World,R_Roundwood,1,2028,14.5537,,MEUR/PJ,interpolated,03.02.2026,Konstantin Loffler <kl@wip.tu-berlin.de>
World,R_Roundwood,1,2029,14.7133,,MEUR/PJ,interpolated,03.02.2026,Konstantin Loffler <kl@wip.tu-berlin.de>
World,R_Roundwood,1,2031,15.0324,,MEUR/PJ,interpolated,03.02.2026,Konstantin Loffler <kl@wip.tu-berlin.de>
World,R_Roundwood,1,2032,15.192,,MEUR/PJ,interpolated,03.02.2026,Konstantin Loffler <kl@wip.tu-berlin.de>
World,R_Roundwood,1,2033,15.3516,,MEUR/PJ,interpolated,03.02.2026,Konstantin Loffler <kl@wip.tu-berlin.de>
World,R_Roundwood,1,2034,15.5112,,MEUR/PJ,interpolated,03.02.2026,Konstantin Loffler <kl@wip.tu-berlin.de>
World,R_Roundwood,1,2036,15.8303,,MEUR/PJ,interpolated,03.02.2026,Konstantin Loffler <kl@wip.tu-berlin.de>
World,R_Roundwood,1,2037,15.9899,,MEUR/PJ,interpolated,03.02.2026,Konstantin Loffler <kl@wip.tu-berlin.de>
World,R_Roundwood,1,2038,16.1495,,MEUR/PJ,interpolated,03.02.2026,Konstantin Loffler <kl@wip.tu-berlin.de>
World,R_Roundwood,1,2039,16.3091,,MEUR/PJ,interpolated,03.02.2026,Konstantin Loffler <kl@wip.tu-berlin.de>
World,R_Wood,1,2026,3.47495,,MEUR/PJ,interpolated,03.02.2026,Konstantin Loffler <kl@wip.tu-berlin.de>
World,R_Wood,1,2027,3.5139,,MEUR/PJ,interpolated,03.02.2026,Konstantin Loffler <kl@wip.tu-berlin.de>
World,R_Wood,1,2028,3.55286,,MEUR/PJ,interpolated,03.02.2026,Konstantin Loffler <kl@wip.tu-berlin.de>
World,R_Wood,1,2029,3.59182,,MEUR/PJ,interpolated,03.02.2026,Konstantin Loffler <kl@wip.tu-berlin.de>
World,R_Wood,1,2031,3.66973,,MEUR/PJ,interpolated,03.02.2026,Konstantin Loffler <kl@wip.tu-berlin.de>
World,R_Wood,1,2032,3.70869,,MEUR/PJ,interpolated,03.02.2026,Konstantin Loffler <kl@wip.tu-berlin.de>
World,R_Wood,1,2033,3.74764,,MEUR/PJ,interpolated,03.02.2026,Konstantin Loffler <kl@wip.tu-berlin.de>
World,R_Wood,1,2034,3.7866,,MEUR/PJ,interpolated,03.02.2026,Konstantin Loffler <kl@wip.tu-berlin.de>
World,R_Wood,1,2036,3.86451,,MEUR/PJ,interpolated,03.02.2026,Konstantin Loffler <kl@wip.tu-berlin.de>
World,R_Wood,1,2037,3.90347,,MEUR/PJ,interpolated,03.02.2026,Konstantin Loffler <kl@wip.tu-berlin.de>
World,R_Wood,1,2038,3.94243,,MEUR/PJ,interpolated,03.02.2026,Konstantin Loffler <kl@wip.tu-berlin.de>
World,R_Wood,1,2039,3.98138,,MEUR/PJ,interpolated,03.02.2026,Konstantin Loffler <kl@wip.tu-berlin.de>
World,X_Biofuel,1,2026,2.50556,,MEUR/PJ,interpolated,02.09.2024,Alena Diesing <ad@wip.tu-berlin.de>
World,X_Biofuel,1,2027,2.50556,,MEUR/PJ,interpolated,02.09.2024,Alena Diesing <ad@wip.tu-berlin.de>
World,X_Biofuel,1,2028,2.50556,,MEUR/PJ,interpolated,02.09.2024,Alena Diesing <ad@wip.tu-berlin.de>
World,X_Biofuel,1,2029,2.50556,,MEUR/PJ,interpolated,02.09.2024,Alena Diesing <ad@wip.tu-berlin.de>
World,X_Biofuel,1,2031,2.50556,,MEUR/PJ,interpolated,02.09.2024,Alena Diesing <ad@wip.tu-berlin.de>
World,X_Biofuel,1,2032,2.50556,,MEUR/PJ,interpolated,02.09.2024,Alena Diesing <ad@wip.tu-berlin.de>
World,X_Biofuel,1,2033,2.50556,,MEUR/PJ,interpolated,02.09.2024,Alena Diesing <ad@wip.tu-berlin.de>
World,X_Biofuel,1,2034,2.50556,,MEUR/PJ,interpolated,02.09.2024,Alena Diesing <ad@wip.tu-berlin.de>
World,X_Biofuel,1,2036,2.50556,,MEUR/PJ,interpolated,02.09.2024,Alena Diesing <ad@wip.tu-berlin.de>
World,X_Biofuel,1,2037,2.50556,,MEUR/PJ,interpolated,02.09.2024,Alena Diesing <ad@wip.tu-berlin.de>
World,X_Biofuel,1,2038,2.50556,,MEUR/PJ,interpolated,02.09.2024,Alena Diesing <ad@wip.tu-berlin.de>
World,X_Biofuel,1,2039,2.50556,,MEUR/PJ,interpolated,02.09.2024,Alena Diesing <ad@wip.tu-berlin.de>
World,X_Electrolysis,1,2026,0.001,,MEUR/PJ,interpolated,,
World,X_Electrolysis,1,2027,0.001,,MEUR/PJ,interpolated,,
World,X_Electrolysis,1,2028,0.001,,MEUR/PJ,interpolated,,
World,X_Electrolysis,1,2029,0.001,,MEUR/PJ,interpolated,,
World,X_Electrolysis,1,2031,0.001,,MEUR/PJ,interpolated,,
World,X_Electrolysis,1,2032,0.001,,MEUR/PJ,interpolated,,
World,X_Electrolysis,1,2033,0.001,,MEUR/PJ,interpolated,,
World,X_Electrolysis,1,2034,0.001,,MEUR/PJ,interpolated,,
World,X_Electrolysis,1,2036,0.001,,MEUR/PJ,interpolated,,
World,X_Electrolysis,1,2037,0.001,,MEUR/PJ,interpolated,,
World,X_Electrolysis,1,2038,0.001,,MEUR/PJ,interpolated,,
World,X_Electrolysis,1,2039,0.001,,MEUR/PJ,interpolated,,
World,X_Fuel_Cell,1,2026,0.288889,,MEUR/PJ,interpolated,,
World,X_Fuel_Cell,1,2027,0.288889,,MEUR/PJ,interpolated,,
World,X_Fuel_Cell,1,2028,0.288889,,MEUR/PJ,interpolated,,
World,X_Fuel_Cell,1,2029,0.288889,,MEUR/PJ,interpolated,,
World,X_Fuel_Cell,1,2031,0.288889,,MEUR/PJ,interpolated,,
World,X_Fuel_Cell,1,2032,0.288889,,MEUR/PJ,interpolated,,
World,X_Fuel_Cell,1,2033,0.288889,,MEUR/PJ,interpolated,,
World,X_Fuel_Cell,1,2034,0.288889,,MEUR/PJ,interpolated,,
World,X_Fuel_Cell,1,2036,0.288889,,MEUR/PJ,interpolated,,
World,X_Fuel_Cell,1,2037,0.288889,,MEUR/PJ,interpolated,,
World,X_Fuel_Cell,1,2038,0.288889,,MEUR/PJ,interpolated,,
World,X_Fuel_Cell,1,2039,0.288889,,MEUR/PJ,interpolated,,
World,X_Fuel_Cell,2,2026,0.288889,,MEUR/PJ,interpolated,,
World,X_Fuel_Cell,2,2027,0.288889,,MEUR/PJ,interpolated,,
World,X_Fuel_Cell,2,2028,0.288889,,MEUR/PJ,interpolated,,
World,X_Fuel_Cell,2,2029,0.288889,,MEUR/PJ,interpolated,,
World,X_Fuel_Cell,2,2031,0.288889,,MEUR/PJ,interpolated,,
World,X_Fuel_Cell,2,2032,0.288889,,MEUR/PJ,interpolated,,
World,X_Fuel_Cell,2,2033,0.288889,,MEUR/PJ,interpolated,,
World,X_Fuel_Cell,2,2034,0.288889,,MEUR/PJ,interpolated,,
World,X_Fuel_Cell,2,2036,0.288889,,MEUR/PJ,interpolated,,
World,X_Fuel_Cell,2,2037,0.288889,,MEUR/PJ,interpolated,,
World,X_Fuel_Cell,2,2038,0.288889,,MEUR/PJ,interpolated,,
World,X_Fuel_Cell,2,2039,0.288889,,MEUR/PJ,interpolated,,
World,X_Gasifier,1,2026,0.683333,,MEUR/PJ,interpolated,02.09.2024,Alena Diesing <ad@wip.tu-berlin.de>
World,X_Gasifier,1,2027,0.672222,,MEUR/PJ,interpolated,02.09.2024,Alena Diesing <ad@wip.tu-berlin.de>
World,X_Gasifier,1,2028,0.661111,,MEUR/PJ,interpolated,02.09.2024,Alena Diesing <ad@wip.tu-berlin.de>
World,X_Gasifier,1,2029,0.65,,MEUR/PJ,interpolated,02.09.2024,Alena Diesing <ad@wip.tu-berlin.de>
World,X_Gasifier,1,2031,0.636111,,MEUR/PJ,interpolated,02.09.2024,Alena Diesing <ad@wip.tu-berlin.de>
World,X_Gasifier,1,2032,0.633333,,MEUR/PJ,interpolated,02.09.2024,Alena Diesing <ad@wip.tu-berlin.de>
World,X_Gasifier,1,2033,0.630556,,MEUR/PJ,interpolated,02.09.2024,Alena Diesing <ad@wip.tu-berlin.de>
World,X_Gasifier,1,2034,0.627778,,MEUR/PJ,interpolated,02.09.2024,Alena Diesing <ad@wip.tu-berlin.de>
World,X_Gasifier,1,2036,0.622222,,MEUR/PJ,interpolated,02.09.2024,Alena Diesing <ad@wip.tu-berlin.de>
World,X_Gasifier,1,2037,0.619444,,MEUR/PJ,interpolated,02.09.2024,Alena Diesing <ad@wip.tu-berlin.de>
World,X_Gasifier,1,2038,0.616667,,MEUR/PJ,interpolated,02.09.2024,Alena Diesing <ad@wip.tu-berlin.de>
World,X_Gasifier,1,2039,0.613889,,MEUR/PJ,interpolated,02.09.2024,Alena Diesing <ad@wip.tu-berlin.de>
World,X_Liquifier,1,2026,0.001,,MEUR/PJ,interpolated,04.09.2024,Alena Diesing <ad@wip.tu-berlin.de>
World,X_Liquifier,1,2027,0.001,,MEUR/PJ,interpolated,04.09.2024,Alena Diesing <ad@wip.tu-berlin.de>
World,X_Liquifier,1,2028,0.001,,MEUR/PJ,interpolated,04.09.2024,Alena Diesing <ad@wip.tu-berlin.de>
World,X_Liquifier,1,2029,0.001,,MEUR/PJ,interpolated,04.09.2024,Alena Diesing <ad@wip.tu-berlin.de>
World,X_Liquifier,1,2031,0.001,,MEUR/PJ,interpolated,04.09.2024,Alena Diesing <ad@wip.tu-berlin.de>
World,X_Liquifier,1,2032,0.001,,MEUR/PJ,interpolated,04.09.2024,Alena Diesing <ad@wip.tu-berlin.de>
World,X_Liquifier,1,2033,0.001,,MEUR/PJ,interpolated,04.09.2024,Alena Diesing <ad@wip.tu-berlin.de>
World,X_Liquifier,1,2034,0.001,,MEUR/PJ,interpolated,04.09.2024,Alena Diesing <ad@wip.tu-berlin.de>
World,X_Liquifier,1,2036,0.001,,MEUR/PJ,interpolated,04.09.2024,Alena Diesing <ad@wip.tu-berlin.de>
World,X_Liquifier,1,2037,0.001,,MEUR/PJ,interpolated,04.09.2024,Alena Diesing <ad@wip.tu-berlin.de>
World,X_Liquifier,1,2038,0.001,,MEUR/PJ,interpolated,04.09.2024,Alena Diesing <ad@wip.tu-berlin.de>
World,X_Liquifier,1,2039,0.001,,MEUR/PJ,interpolated,04.09.2024,Alena Diesing <ad@wip.tu-berlin.de>
World,X_Methanation,1,2026,0.001,,MEUR/PJ,interpolated,,
World,X_Methanation,1,2027,0.001,,MEUR/PJ,interpolated,,
World,X_Methanation,1,2028,0.001,,MEUR/PJ,interpolated,,
World,X_Methanation,1,2029,0.001,,MEUR/PJ,interpolated,,
World,X_Methanation,1,2031,0.001,,MEUR/PJ,interpolated,,
World,X_Methanation,1,2032,0.001,,MEUR/PJ,interpolated,,
World,X_Methanation,1,2033,0.001,,MEUR/PJ,interpolated,,
World,X_Methanation,1,2034,0.001,,MEUR/PJ,interpolated,,
World,X_Methanation,1,2036,0.001,,MEUR/PJ,interpolated,,
World,X_Methanation,1,2037,0.001,,MEUR/PJ,interpolated,,
World,X_Methanation,1,2038,0.001,,MEUR/PJ,interpolated,,
World,X_Methanation,1,2039,0.001,,MEUR/PJ,interpolated,,
World,X_Methanation,2,2026,4.82778,,MEUR/PJ,interpolated,,
World,X_Methanation,2,2027,4.62778,,MEUR/PJ,interpolated,,
World,X_Methanation,2,2028,4.42778,,MEUR/PJ,interpolated,,
World,X_Methanation,2,2029,4.22778,,MEUR/PJ,interpolated,,
World,X_Methanation,2,2031,4.02778,,MEUR/PJ,interpolated,,
World,X_Methanation,2,2032,4.02778,,MEUR/PJ,interpolated,,
World,X_Methanation,2,2033,4.02778,,MEUR/PJ,interpolated,,
World,X_Methanation,2,2034,4.02778,,MEUR/PJ,interpolated,,
World,X_Methanation,2,2036,4.02778,,MEUR/PJ,interpolated,,
World,X_Methanation,2,2037,4.02778,,MEUR/PJ,interpolated,,
World,X_Methanation,2,2038,4.02778,,MEUR/PJ,interpolated,,
World,X_Methanation,2,2039,4.02778,,MEUR/PJ,interpolated,,
World,X_Powerfuel,1,2026,1.94366,,MEUR/PJ,interpolated,04.09.2024,Alena Diesing <ad@wip.tu-berlin.de>
World,X_Powerfuel,1,2027,1.84913,,MEUR/PJ,interpolated,04.09.2024,Alena Diesing <ad@wip.tu-berlin.de>
World,X_Powerfuel,1,2028,1.75461,,MEUR/PJ,interpolated,04.09.2024,Alena Diesing <ad@wip.tu-berlin.de>
World,X_Powerfuel,1,2029,1.66009,,MEUR/PJ,interpolated,04.09.2024,Alena Diesing <ad@wip.tu-berlin.de>
World,X_Powerfuel,1,2031,1.50353,,MEUR/PJ,interpolated,04.09.2024,Alena Diesing <ad@wip.tu-berlin.de>
World,X_Powerfuel,1,2032,1.4415,,MEUR/PJ,interpolated,04.09.2024,Alena Diesing <ad@wip.tu-berlin.de>
World,X_Powerfuel,1,2033,1.37947,,MEUR/PJ,interpolated,04.09.2024,Alena Diesing <ad@wip.tu-berlin.de>
World,X_Powerfuel,1,2034,1.31743,,MEUR/PJ,interpolated,04.09.2024,Alena Diesing <ad@wip.tu-berlin.de>
World,X_Powerfuel,1,2036,1.19337,,MEUR/PJ,interpolated,04.09.2024,Alena Diesing <ad@wip.tu-berlin.de>
World,X_Powerfuel,1,2037,1.13134,,MEUR/PJ,interpolated,04.09.2024,Alena Diesing <ad@wip.tu-berlin.de>
World,X_Powerfuel,1,2038,1.06931,,MEUR/PJ,interpolated,04.09.2024,Alena Diesing <ad@wip.tu-berlin.de>
World,X_Powerfuel,1,2039,1.00728,,MEUR/PJ,interpolated,04.09.2024,Alena Diesing <ad@wip.tu-berlin.de>
World,X_SMR,1,2026,0.0514,,MEUR/PJ,interpolated,18.11.2024,Alena Diesing <ad@wip.tu-berlin.de>
World,X_SMR,1,2027,0.0498,,MEUR/PJ,interpolated,18.11.2024,Alena Diesing <ad@wip.tu-berlin.de>
World,X_SMR,1,2028,0.0482,,MEUR/PJ,interpolated,18.11.2024,Alena Diesing <ad@wip.tu-berlin.de>
World,X_SMR,1,2029,0.0466,,MEUR/PJ,interpolated,18.11.2024,Alena Diesing <ad@wip.tu-berlin.de>
World,X_SMR,1,2031,0.045,,MEUR/PJ,interpolated,18.11.2024,Alena Diesing <ad@wip.tu-berlin.de>
World,X_SMR,1,2032,0.045,,MEUR/PJ,interpolated,18.11.2024,Alena Diesing <ad@wip.tu-berlin.de>
World,X_SMR,1,2033,0.045,,MEUR/PJ,interpolated,18.11.2024,Alena Diesing <ad@wip.tu-berlin.de>
World,X_SMR,1,2034,0.045,,MEUR/PJ,interpolated,18.11.2024,Alena Diesing <ad@wip.tu-berlin.de>
World,X_SMR,1,2036,0.045,,MEUR/PJ,interpolated,18.11.2024,Alena Diesing <ad@wip.tu-berlin.de>
World,X_SMR,1,2037,0.045,,MEUR/PJ,interpolated,18.11.2024,Alena Diesing <ad@wip.tu-berlin.de>
World,X_SMR,1,2038,0.045,,MEUR/PJ,interpolated,18.11.2024,Alena Diesing <ad@wip.tu-berlin.de>
World,X_SMR,1,2039,0.045,,MEUR/PJ,interpolated,18.11.2024,Alena Diesing <ad@wip.tu-berlin.de>
World,Z_Import_Gas,1,2026,8.09164,,MEUR/PJ,interpolated,04.09.2025,Nikita Moskalenko <nim@wip.tu-berlin.de>
World,Z_Import_Gas,1,2027,7.34828,,MEUR/PJ,interpolated,04.09.2025,Nikita Moskalenko <nim@wip.tu-berlin.de>
World,Z_Import_Gas,1,2028,6.60492,,MEUR/PJ,interpolated,04.09.2025,Nikita Moskalenko <nim@wip.tu-berlin.de>
World,Z_Import_Gas,1,2029,5.86156,,MEUR/PJ,interpolated,04.09.2025,Nikita Moskalenko <nim@wip.tu-berlin.de>
World,Z_Import_Gas,1,2031,5.04996,,MEUR/PJ,interpolated,04.09.2025,Nikita Moskalenko <nim@wip.tu-berlin.de>
World,Z_Import_Gas,1,2032,4.98172,,MEUR/PJ,interpolated,04.09.2025,Nikita Moskalenko <nim@wip.tu-berlin.de>
World,Z_Import_Gas,1,2033,4.91348,,MEUR/PJ,interpolated,04.09.2025,Nikita Moskalenko <nim@wip.tu-berlin.de>
World,Z_Import_Gas,1,2034,4.84524,,MEUR/PJ,interpolated,04.09.2025,Nikita Moskalenko <nim@wip.tu-berlin.de>
World,Z_Import_Gas,1,2036,4.70876,,MEUR/PJ,interpolated,04.09.2025,Nikita Moskalenko <nim@wip.tu-berlin.de>
World,Z_Import_Gas,1,2037,4.64052,,MEUR/PJ,interpolated,04.09.2025,Nikita Moskalenko <nim@wip.tu-berlin.de>
World,Z_Import_Gas,1,2038,4.57228,,MEUR/PJ,interpolated,04.09.2025,Nikita Moskalenko <nim@wip.tu-berlin.de>
World,Z_Import_Gas,1,2039,4.50404,,MEUR/PJ,interpolated,04.09.2025,Nikita Moskalenko <nim@wip.tu-berlin.de>
World,Z_Import_H2,1,2026,47.0207,,MEUR/PJ,interpolated,03.02.2026,Konstantin Loffler <kl@wip.tu-berlin.de>
World,Z_Import_H2,1,2027,44.8747,,MEUR/PJ,interpolated,03.02.2026,Konstantin Loffler <kl@wip.tu-berlin.de>
World,Z_Import_H2,1,2028,42.7288,,MEUR/PJ,interpolated,03.02.2026,Konstantin Loffler <kl@wip.tu-berlin.de>
World,Z_Import_H2,1,2029,40.5828,,MEUR/PJ,interpolated,03.02.2026,Konstantin Loffler <kl@wip.tu-berlin.de>
World,Z_Import_H2,1,2031,37.8602,,MEUR/PJ,interpolated,03.02.2026,Konstantin Loffler <kl@wip.tu-berlin.de>
World,Z_Import_H2,1,2032,37.2837,,MEUR/PJ,interpolated,03.02.2026,Konstantin Loffler <kl@wip.tu-berlin.de>
World,Z_Import_H2,1,2033,36.7071,,MEUR/PJ,interpolated,03.02.2026,Konstantin Loffler <kl@wip.tu-berlin.de>
World,Z_Import_H2,1,2034,36.1306,,MEUR/PJ,interpolated,03.02.2026,Konstantin Loffler <kl@wip.tu-berlin.de>
World,Z_Import_H2,1,2036,34.8621,,MEUR/PJ,interpolated,03.02.2026,Konstantin Loffler <kl@wip.tu-berlin.de>
World,Z_Import_H2,1,2037,34.1703,,MEUR/PJ,interpolated,03.02.2026,Konstantin Loffler <kl@wip.tu-berlin.de>
World,Z_Import_H2,1,2038,33.4784,,MEUR/PJ,interpolated,03.02.2026,Konstantin Loffler <kl@wip.tu-berlin.de>
World,Z_Import_H2,1,2039,32.7866,,MEUR/PJ,interpolated,03.02.2026,Konstantin Loffler <kl@wip.tu-berlin.de>
World,Z_Import_Hardcoal,1,2026,3.10596,,MEUR/PJ,interpolated,04.09.2025,Nikita Moskalenko <nim@wip.tu-berlin.de>
World,Z_Import_Hardcoal,1,2027,2.82082,,MEUR/PJ,interpolated,04.09.2025,Nikita Moskalenko <nim@wip.tu-berlin.de>
World,Z_Import_Hardcoal,1,2028,2.53568,,MEUR/PJ,interpolated,04.09.2025,Nikita Moskalenko <nim@wip.tu-berlin.de>
World,Z_Import_Hardcoal,1,2029,2.25054,,MEUR/PJ,interpolated,04.09.2025,Nikita Moskalenko <nim@wip.tu-berlin.de>
World,Z_Import_Hardcoal,1,2031,1.92548,,MEUR/PJ,interpolated,04.09.2025,Nikita Moskalenko <nim@wip.tu-berlin.de>
World,Z_Import_Hardcoal,1,2032,1.88556,,MEUR/PJ,interpolated,04.09.2025,Nikita Moskalenko <nim@wip.tu-berlin.de>
World,Z_Import_Hardcoal,1,2033,1.84564,,MEUR/PJ,interpolated,04.09.2025,Nikita Moskalenko <nim@wip.tu-berlin.de>
World,Z_Import_Hardcoal,1,2034,1.80572,,MEUR/PJ,interpolated,04.09.2025,Nikita Moskalenko <nim@wip.tu-berlin.de>
World,Z_Import_Hardcoal,1,2036,1.72586,,MEUR/PJ,interpolated,04.09.2025,Nikita Moskalenko <nim@wip.tu-berlin.de>
World,Z_Import_Hardcoal,1,2037,1.68592,,MEUR/PJ,interpolated,04.09.2025,Nikita Moskalenko <nim@wip.tu-berlin.de>
World,Z_Import_Hardcoal,1,2038,1.64598,,MEUR/PJ,interpolated,04.09.2025,Nikita Moskalenko <nim@wip.tu-berlin.de>
World,Z_Import_Hardcoal,1,2039,1.60604,,MEUR/PJ,interpolated,04.09.2025,Nikita Moskalenko <nim@wip.tu-berlin.de>
World,Z_Import_LNG,1,2026,8.82284,,MEUR/PJ,interpolated,04.09.2025,Nikita Moskalenko <nim@wip.tu-berlin.de>
World,Z_Import_LNG,1,2027,8.06728,,MEUR/PJ,interpolated,04.09.2025,Nikita Moskalenko <nim@wip.tu-berlin.de>
World,Z_Import_LNG,1,2028,7.31172,,MEUR/PJ,interpolated,04.09.2025,Nikita Moskalenko <nim@wip.tu-berlin.de>
World,Z_Import_LNG,1,2029,6.55616,,MEUR/PJ,interpolated,04.09.2025,Nikita Moskalenko <nim@wip.tu-berlin.de>
World,Z_Import_LNG,1,2031,5.7409,,MEUR/PJ,interpolated,04.09.2025,Nikita Moskalenko <nim@wip.tu-berlin.de>
World,Z_Import_LNG,1,2032,5.6812,,MEUR/PJ,interpolated,04.09.2025,Nikita Moskalenko <nim@wip.tu-berlin.de>
World,Z_Import_LNG,1,2033,5.6215,,MEUR/PJ,interpolated,04.09.2025,Nikita Moskalenko <nim@wip.tu-berlin.de>
World,Z_Import_LNG,1,2034,5.5618,,MEUR/PJ,interpolated,04.09.2025,Nikita Moskalenko <nim@wip.tu-berlin.de>
World,Z_Import_LNG,1,2036,5.44238,,MEUR/PJ,interpolated,04.09.2025,Nikita Moskalenko <nim@wip.tu-berlin.de>
World,Z_Import_LNG,1,2037,5.38266,,MEUR/PJ,interpolated,04.09.2025,Nikita Moskalenko <nim@wip.tu-berlin.de>
World,Z_Import_LNG,1,2038,5.32294,,MEUR/PJ,interpolated,04.09.2025,Nikita Moskalenko <nim@wip.tu-berlin.de>
World,Z_Import_LNG,1,2039,5.26322,,MEUR/PJ,interpolated,04.09.2025,Nikita Moskalenko <nim@wip.tu-berlin.de>
World,Z_Import_Oil,1,2026,11.4286,,MEUR/PJ,interpolated,04.09.2025,Nikita Moskalenko <nim@wip.tu-berlin.de>
World,Z_Import_Oil,1,2027,11.2185,,MEUR/PJ,interpolated,04.09.2025,Nikita Moskalenko <nim@wip.tu-berlin.de>
World,Z_Import_Oil,1,2028,11.0084,,MEUR/PJ,interpolated,04.09.2025,Nikita Moskalenko <nim@wip.tu-berlin.de>
World,Z_Import_Oil,1,2029,10.7983,,MEUR/PJ,interpolated,04.09.2025,Nikita Moskalenko <nim@wip.tu-berlin.de>
World,Z_Import_Oil,1,2031,10.4559,,MEUR/PJ,interpolated,04.09.2025,Nikita Moskalenko <nim@wip.tu-berlin.de>
World,Z_Import_Oil,1,2032,10.3235,,MEUR/PJ,interpolated,04.09.2025,Nikita Moskalenko <nim@wip.tu-berlin.de>
World,Z_Import_Oil,1,2033,10.1912,,MEUR/PJ,interpolated,04.09.2025,Nikita Moskalenko <nim@wip.tu-berlin.de>
World,Z_Import_Oil,1,2034,10.0588,,MEUR/PJ,interpolated,04.09.2025,Nikita Moskalenko <nim@wip.tu-berlin.de>
World,Z_Import_Oil,1,2036,9.79414,,MEUR/PJ,interpolated,04.09.2025,Nikita Moskalenko <nim@wip.tu-berlin.de>
World,Z_Import_Oil,1,2037,9.66178,,MEUR/PJ,interpolated,04.09.2025,Nikita Moskalenko <nim@wip.tu-berlin.de>
World,Z_Import_Oil,1,2038,9.52942,,MEUR/PJ,interpolated,04.09.2025,Nikita Moskalenko <nim@wip.tu-berlin.de>
World,Z_Import_Oil,1,2039,9.39706,,MEUR/PJ,interpolated,04.09.2025,Nikita Moskalenko <nim@wip.tu-berlin.de>
World,R_Gas,1,2026,7.6871,,MEUR/PJ,interpolated,04.09.2025,Nikita Moskalenko <nim@wip.tu-berlin.de>
World,R_Gas,1,2027,6.9809,,MEUR/PJ,interpolated,04.09.2025,Nikita Moskalenko <nim@wip.tu-berlin.de>
World,R_Gas,1,2028,6.2747,,MEUR/PJ,interpolated,04.09.2025,Nikita Moskalenko <nim@wip.tu-berlin.de>
World,R_Gas,1,2029,5.5685,,MEUR/PJ,interpolated,04.09.2025,Nikita Moskalenko <nim@wip.tu-berlin.de>
World,R_Gas,1,2031,4.79748,,MEUR/PJ,interpolated,04.09.2025,Nikita Moskalenko <nim@wip.tu-berlin.de>
World,R_Gas,1,2032,4.73266,,MEUR/PJ,interpolated,04.09.2025,Nikita Moskalenko <nim@wip.tu-berlin.de>
World,R_Gas,1,2033,4.66784,,MEUR/PJ,interpolated,04.09.2025,Nikita Moskalenko <nim@wip.tu-berlin.de>
World,R_Gas,1,2034,4.60302,,MEUR/PJ,interpolated,04.09.2025,Nikita Moskalenko <nim@wip.tu-berlin.de>
World,R_Gas,1,2036,4.47336,,MEUR/PJ,interpolated,04.09.2025,Nikita Moskalenko <nim@wip.tu-berlin.de>
World,R_Gas,1,2037,4.40852,,MEUR/PJ,interpolated,04.09.2025,Nikita Moskalenko <nim@wip.tu-berlin.de>
World,R_Gas,1,2038,4.34368,,MEUR/PJ,interpolated,04.09.2025,Nikita Moskalenko <nim@wip.tu-berlin.de>
World,R_Gas,1,2039,4.27884,,MEUR/PJ,interpolated,04.09.2025,Nikita Moskalenko <nim@wip.tu-berlin.de>
World,R_Oil,1,2026,10.8572,,MEUR/PJ,interpolated,04.09.2025,Nikita Moskalenko <nim@wip.tu-berlin.de>
World,R_Oil,1,2027,10.6576,,MEUR/PJ,interpolated,04.09.2025,Nikita Moskalenko <nim@wip.tu-berlin.de>
World,R_Oil,1,2028,10.458,,MEUR/PJ,interpolated,04.09.2025,Nikita Moskalenko <nim@wip.tu-berlin.de>
World,R_Oil,1,2029,10.2584,,MEUR/PJ,interpolated,04.09.2025,Nikita Moskalenko <nim@wip.tu-berlin.de>
World,R_Oil,1,2031,9.93308,,MEUR/PJ,interpolated,04.09.2025,Nikita Moskalenko <nim@wip.tu-berlin.de>
World,R_Oil,1,2032,9.80736,,MEUR/PJ,interpolated,04.09.2025,Nikita Moskalenko <nim@wip.tu-berlin.de>
World,R_Oil,1,2033,9.68164,,MEUR/PJ,interpolated,04.09.2025,Nikita Moskalenko <nim@wip.tu-berlin.de>
World,R_Oil,1,2034,9.55592,,MEUR/PJ,interpolated,04.09.2025,Nikita Moskalenko <nim@wip.tu-berlin.de>
World,R_Oil,1,2036,9.30446,,MEUR/PJ,interpolated,04.09.2025,Nikita Moskalenko <nim@wip.tu-berlin.de>
World,R_Oil,1,2037,9.17872,,MEUR/PJ,interpolated,04.09.2025,Nikita Moskalenko <nim@wip.tu-berlin.de>
World,R_Oil,1,2038,9.05298,,MEUR/PJ,interpolated,04.09.2025,Nikita Moskalenko <nim@wip.tu-berlin.de>
World,R_Oil,1,2039,8.92724,,MEUR/PJ,interpolated,04.09.2025,Nikita Moskalenko <nim@wip.tu-berlin.de>
World,R_Coal_Hardcoal,1,2026,2.95062,,MEUR/PJ,interpolated,04.09.2025,Nikita Moskalenko <nim@wip.tu-berlin.de>
World,R_Coal_Hardcoal,1,2027,2.67974,,MEUR/PJ,interpolated,04.09.2025,Nikita Moskalenko <nim@wip.tu-berlin.de>
World,R_Coal_Hardcoal,1,2028,2.40886,,MEUR/PJ,interpolated,04.09.2025,Nikita Moskalenko <nim@wip.tu-berlin.de>
World,R_Coal_Hardcoal,1,2029,2.13798,,MEUR/PJ,interpolated,04.09.2025,Nikita Moskalenko <nim@wip.tu-berlin.de>
World,R_Coal_Hardcoal,1,2031,1.82918,,MEUR/PJ,interpolated,04.09.2025,Nikita Moskalenko <nim@wip.tu-berlin.de>
World,R_Coal_Hardcoal,1,2032,1.79126,,MEUR/PJ,interpolated,04.09.2025,Nikita Moskalenko <nim@wip.tu-berlin.de>
World,R_Coal_Hardcoal,1,2033,1.75334,,MEUR/PJ,interpolated,04.09.2025,Nikita Moskalenko <nim@wip.tu-berlin.de>
World,R_Coal_Hardcoal,1,2034,1.71542,,MEUR/PJ,interpolated,04.09.2025,Nikita Moskalenko <nim@wip.tu-berlin.de>
World,R_Coal_Hardcoal,1,2036,1.63956,,MEUR/PJ,interpolated,04.09.2025,Nikita Moskalenko <nim@wip.tu-berlin.de>
World,R_Coal_Hardcoal,1,2037,1.60162,,MEUR/PJ,interpolated,04.09.2025,Nikita Moskalenko <nim@wip.tu-berlin.de>
World,R_Coal_Hardcoal,1,2038,1.56368,,MEUR/PJ,interpolated,04.09.2025,Nikita Moskalenko <nim@wip.tu-berlin.de>
World,R_Coal_Hardcoal,1,2039,1.52574,,MEUR/PJ,interpolated,04.09.2025,Nikita Moskalenko <nim@wip.tu-berlin.de>
World,CHP_Biomass_Solid_CCS,1,2026,1.0018,,MEUR/PJ,interpolated,15.10.2025,Nikita Moskalenko <nim@wip.tu-berlin.de>
World,CHP_Biomass_Solid_CCS,1,2027,1.0018,,MEUR/PJ,interpolated,15.10.2025,Nikita Moskalenko <nim@wip.tu-berlin.de>
World,CHP_Biomass_Solid_CCS,1,2028,1.0018,,MEUR/PJ,interpolated,15.10.2025,Nikita Moskalenko <nim@wip.tu-berlin.de>
World,CHP_Biomass_Solid_CCS,1,2029,1.0018,,MEUR/PJ,interpolated,15.10.2025,Nikita Moskalenko <nim@wip.tu-berlin.de>
World,CHP_Biomass_Solid_CCS,1,2031,1.0018,,MEUR/PJ,interpolated,15.10.2025,Nikita Moskalenko <nim@wip.tu-berlin.de>
World,CHP_Biomass_Solid_CCS,1,2032,1.0018,,MEUR/PJ,interpolated,15.10.2025,Nikita Moskalenko <nim@wip.tu-berlin.de>
World,CHP_Biomass_Solid_CCS,1,2033,1.0018,,MEUR/PJ,interpolated,15.10.2025,Nikita Moskalenko <nim@wip.tu-berlin.de>
World,CHP_Biomass_Solid_CCS,1,2034,1.0018,,MEUR/PJ,interpolated,15.10.2025,Nikita Moskalenko <nim@wip.tu-berlin.de>
World,CHP_Biomass_Solid_CCS,1,2036,1.0018,,MEUR/PJ,interpolated,15.10.2025,Nikita Moskalenko <nim@wip.tu-berlin.de>
World,CHP_Biomass_Solid_CCS,1,2037,1.0018,,MEUR/PJ,interpolated,15.10.2025,Nikita Moskalenko <nim@wip.tu-berlin.de>
World,CHP_Biomass_Solid_CCS,1,2038,1.0018,,MEUR/PJ,interpolated,15.10.2025,Nikita Moskalenko <nim@wip.tu-berlin.de>
World,CHP_Biomass_Solid_CCS,1,2039,1.0018,,MEUR/PJ,interpolated,15.10.2025,Nikita Moskalenko <nim@wip.tu-berlin.de>
World,CHP_Coal_Hardcoal_CCS,1,2026,1.4822,,MEUR/PJ,interpolated,15.10.2025,Nikita Moskalenko <nim@wip.tu-berlin.de>
World,CHP_Coal_Hardcoal_CCS,1,2027,1.4822,,MEUR/PJ,interpolated,15.10.2025,Nikita Moskalenko <nim@wip.tu-berlin.de>
World,CHP_Coal_Hardcoal_CCS,1,2028,1.4822,,MEUR/PJ,interpolated,15.10.2025,Nikita Moskalenko <nim@wip.tu-berlin.de>
World,CHP_Coal_Hardcoal_CCS,1,2029,1.4822,,MEUR/PJ,interpolated,15.10.2025,Nikita Moskalenko <nim@wip.tu-berlin.de>
World,CHP_Coal_Hardcoal_CCS,1,2031,1.4822,,MEUR/PJ,interpolated,15.10.2025,Nikita Moskalenko <nim@wip.tu-berlin.de>
World,CHP_Coal_Hardcoal_CCS,1,2032,1.4822,,MEUR/PJ,interpolated,15.10.2025,Nikita Moskalenko <nim@wip.tu-berlin.de>
World,CHP_Coal_Hardcoal_CCS,1,2033,1.4822,,MEUR/PJ,interpolated,15.10.2025,Nikita Moskalenko <nim@wip.tu-berlin.de>
World,CHP_Coal_Hardcoal_CCS,1,2034,1.4822,,MEUR/PJ,interpolated,15.10.2025,Nikita Moskalenko <nim@wip.tu-berlin.de>
World,CHP_Coal_Hardcoal_CCS,1,2036,1.4822,,MEUR/PJ,interpolated,15.10.2025,Nikita Moskalenko <nim@wip.tu-berlin.de>
World,CHP_Coal_Hardcoal_CCS,1,2037,1.4822,,MEUR/PJ,interpolated,15.10.2025,Nikita Moskalenko <nim@wip.tu-berlin.de>
World,CHP_Coal_Hardcoal_CCS,1,2038,1.4822,,MEUR/PJ,interpolated,15.10.2025,Nikita Moskalenko <nim@wip.tu-berlin.de>
World,CHP_Coal_Hardcoal_CCS,1,2039,1.4822,,MEUR/PJ,interpolated,15.10.2025,Nikita Moskalenko <nim@wip.tu-berlin.de>
World,CHP_Coal_Lignite_CCS,1,2026,1.494,,MEUR/PJ,interpolated,15.10.2025,Nikita Moskalenko <nim@wip.tu-berlin.de>
World,CHP_Coal_Lignite_CCS,1,2027,1.494,,MEUR/PJ,interpolated,15.10.2025,Nikita Moskalenko <nim@wip.tu-berlin.de>
World,CHP_Coal_Lignite_CCS,1,2028,1.494,,MEUR/PJ,interpolated,15.10.2025,Nikita Moskalenko <nim@wip.tu-berlin.de>
World,CHP_Coal_Lignite_CCS,1,2029,1.494,,MEUR/PJ,interpolated,15.10.2025,Nikita Moskalenko <nim@wip.tu-berlin.de>
World,CHP_Coal_Lignite_CCS,1,2031,1.494,,MEUR/PJ,interpolated,15.10.2025,Nikita Moskalenko <nim@wip.tu-berlin.de>
World,CHP_Coal_Lignite_CCS,1,2032,1.494,,MEUR/PJ,interpolated,15.10.2025,Nikita Moskalenko <nim@wip.tu-berlin.de>
World,CHP_Coal_Lignite_CCS,1,2033,1.494,,MEUR/PJ,interpolated,15.10.2025,Nikita Moskalenko <nim@wip.tu-berlin.de>
World,CHP_Coal_Lignite_CCS,1,2034,1.494,,MEUR/PJ,interpolated,15.10.2025,Nikita Moskalenko <nim@wip.tu-berlin.de>
World,CHP_Coal_Lignite_CCS,1,2036,1.494,,MEUR/PJ,interpolated,15.10.2025,Nikita Moskalenko <nim@wip.tu-berlin.de>
World,CHP_Coal_Lignite_CCS,1,2037,1.494,,MEUR/PJ,interpolated,15.10.2025,Nikita Moskalenko <nim@wip.tu-berlin.de>
World,CHP_Coal_Lignite_CCS,1,2038,1.494,,MEUR/PJ,interpolated,15.10.2025,Nikita Moskalenko <nim@wip.tu-berlin.de>
World,CHP_Coal_Lignite_CCS,1,2039,1.494,,MEUR/PJ,interpolated,15.10.2025,Nikita Moskalenko <nim@wip.tu-berlin.de>
World,CHP_Gas_CCGT_Biogas_CCS,1,2026,1.1952,,MEUR/PJ,interpolated,15.10.2025,Nikita Moskalenko <nim@wip.tu-berlin.de>
World,CHP_Gas_CCGT_Biogas_CCS,1,2027,1.1952,,MEUR/PJ,interpolated,15.10.2025,Nikita Moskalenko <nim@wip.tu-berlin.de>
World,CHP_Gas_CCGT_Biogas_CCS,1,2028,1.1952,,MEUR/PJ,interpolated,15.10.2025,Nikita Moskalenko <nim@wip.tu-berlin.de>
World,CHP_Gas_CCGT_Biogas_CCS,1,2029,1.1952,,MEUR/PJ,interpolated,15.10.2025,Nikita Moskalenko <nim@wip.tu-berlin.de>
World,CHP_Gas_CCGT_Biogas_CCS,1,2031,1.1952,,MEUR/PJ,interpolated,15.10.2025,Nikita Moskalenko <nim@wip.tu-berlin.de>
World,CHP_Gas_CCGT_Biogas_CCS,1,2032,1.1952,,MEUR/PJ,interpolated,15.10.2025,Nikita Moskalenko <nim@wip.tu-berlin.de>
World,CHP_Gas_CCGT_Biogas_CCS,1,2033,1.1952,,MEUR/PJ,interpolated,15.10.2025,Nikita Moskalenko <nim@wip.tu-berlin.de>
World,CHP_Gas_CCGT_Biogas_CCS,1,2034,1.1952,,MEUR/PJ,interpolated,15.10.2025,Nikita Moskalenko <nim@wip.tu-berlin.de>
World,CHP_Gas_CCGT_Biogas_CCS,1,2036,1.1952,,MEUR/PJ,interpolated,15.10.2025,Nikita Moskalenko <nim@wip.tu-berlin.de>
World,CHP_Gas_CCGT_Biogas_CCS,1,2037,1.1952,,MEUR/PJ,interpolated,15.10.2025,Nikita Moskalenko <nim@wip.tu-berlin.de>
World,CHP_Gas_CCGT_Biogas_CCS,1,2038,1.1952,,MEUR/PJ,interpolated,15.10.2025,Nikita Moskalenko <nim@wip.tu-berlin.de>
World,CHP_Gas_CCGT_Biogas_CCS,1,2039,1.1952,,MEUR/PJ,interpolated,15.10.2025,Nikita Moskalenko <nim@wip.tu-berlin.de>
World,CHP_Gas_CCGT_Natural_CCS,1,2026,1.1428,,MEUR/PJ,interpolated,15.10.2025,Nikita Moskalenko <nim@wip.tu-berlin.de>
World,CHP_Gas_CCGT_Natural_CCS,1,2027,1.1428,,MEUR/PJ,interpolated,15.10.2025,Nikita Moskalenko <nim@wip.tu-berlin.de>
World,CHP_Gas_CCGT_Natural_CCS,1,2028,1.1428,,MEUR/PJ,interpolated,15.10.2025,Nikita Moskalenko <nim@wip.tu-berlin.de>
World,CHP_Gas_CCGT_Natural_CCS,1,2029,1.1428,,MEUR/PJ,interpolated,15.10.2025,Nikita Moskalenko <nim@wip.tu-berlin.de>
World,CHP_Gas_CCGT_Natural_CCS,1,2031,1.1428,,MEUR/PJ,interpolated,15.10.2025,Nikita Moskalenko <nim@wip.tu-berlin.de>
World,CHP_Gas_CCGT_Natural_CCS,1,2032,1.1428,,MEUR/PJ,interpolated,15.10.2025,Nikita Moskalenko <nim@wip.tu-berlin.de>
World,CHP_Gas_CCGT_Natural_CCS,1,2033,1.1428,,MEUR/PJ,interpolated,15.10.2025,Nikita Moskalenko <nim@wip.tu-berlin.de>
World,CHP_Gas_CCGT_Natural_CCS,1,2034,1.1428,,MEUR/PJ,interpolated,15.10.2025,Nikita Moskalenko <nim@wip.tu-berlin.de>
World,CHP_Gas_CCGT_Natural_CCS,1,2036,1.1428,,MEUR/PJ,interpolated,15.10.2025,Nikita Moskalenko <nim@wip.tu-berlin.de>
World,CHP_Gas_CCGT_Natural_CCS,1,2037,1.1428,,MEUR/PJ,interpolated,15.10.2025,Nikita Moskalenko <nim@wip.tu-berlin.de>
World,CHP_Gas_CCGT_Natural_CCS,1,2038,1.1428,,MEUR/PJ,interpolated,15.10.2025,Nikita Moskalenko <nim@wip.tu-berlin.de>
World,CHP_Gas_CCGT_Natural_CCS,1,2039,1.1428,,MEUR/PJ,interpolated,15.10.2025,Nikita Moskalenko <nim@wip.tu-berlin.de>
World,HHI_BF_BOF_CCS,1,2026,1.4317,,MEUR/PJ,interpolated,15.10.2025,Nikita Moskalenko <nim@wip.tu-berlin.de>
World,HHI_BF_BOF_CCS,1,2027,1.4317,,MEUR/PJ,interpolated,15.10.2025,Nikita Moskalenko <nim@wip.tu-berlin.de>
World,HHI_BF_BOF_CCS,1,2028,1.4317,,MEUR/PJ,interpolated,15.10.2025,Nikita Moskalenko <nim@wip.tu-berlin.de>
World,HHI_BF_BOF_CCS,1,2029,1.4317,,MEUR/PJ,interpolated,15.10.2025,Nikita Moskalenko <nim@wip.tu-berlin.de>
World,HHI_BF_BOF_CCS,1,2031,1.4317,,MEUR/PJ,interpolated,15.10.2025,Nikita Moskalenko <nim@wip.tu-berlin.de>
World,HHI_BF_BOF_CCS,1,2032,1.4317,,MEUR/PJ,interpolated,15.10.2025,Nikita Moskalenko <nim@wip.tu-berlin.de>
World,HHI_BF_BOF_CCS,1,2033,1.4317,,MEUR/PJ,interpolated,15.10.2025,Nikita Moskalenko <nim@wip.tu-berlin.de>
World,HHI_BF_BOF_CCS,1,2034,1.4317,,MEUR/PJ,interpolated,15.10.2025,Nikita Moskalenko <nim@wip.tu-berlin.de>
World,HHI_BF_BOF_CCS,1,2036,1.4317,,MEUR/PJ,interpolated,15.10.2025,Nikita Moskalenko <nim@wip.tu-berlin.de>
World,HHI_BF_BOF_CCS,1,2037,1.4317,,MEUR/PJ,interpolated,15.10.2025,Nikita Moskalenko <nim@wip.tu-berlin.de>
World,HHI_BF_BOF_CCS,1,2038,1.4317,,MEUR/PJ,interpolated,15.10.2025,Nikita Moskalenko <nim@wip.tu-berlin.de>
World,HHI_BF_BOF_CCS,1,2039,1.4317,,MEUR/PJ,interpolated,15.10.2025,Nikita Moskalenko <nim@wip.tu-berlin.de>
World,HHI_BF_BOF_CCS,2,2026,1.4198,,MEUR/PJ,interpolated,15.10.2025,Nikita Moskalenko <nim@wip.tu-berlin.de>
World,HHI_BF_BOF_CCS,2,2027,1.4198,,MEUR/PJ,interpolated,15.10.2025,Nikita Moskalenko <nim@wip.tu-berlin.de>
World,HHI_BF_BOF_CCS,2,2028,1.4198,,MEUR/PJ,interpolated,15.10.2025,Nikita Moskalenko <nim@wip.tu-berlin.de>
World,HHI_BF_BOF_CCS,2,2029,1.4198,,MEUR/PJ,interpolated,15.10.2025,Nikita Moskalenko <nim@wip.tu-berlin.de>
World,HHI_BF_BOF_CCS,2,2031,1.4198,,MEUR/PJ,interpolated,15.10.2025,Nikita Moskalenko <nim@wip.tu-berlin.de>
World,HHI_BF_BOF_CCS,2,2032,1.4198,,MEUR/PJ,interpolated,15.10.2025,Nikita Moskalenko <nim@wip.tu-berlin.de>
World,HHI_BF_BOF_CCS,2,2033,1.4198,,MEUR/PJ,interpolated,15.10.2025,Nikita Moskalenko <nim@wip.tu-berlin.de>
World,HHI_BF_BOF_CCS,2,2034,1.4198,,MEUR/PJ,interpolated,15.10.2025,Nikita Moskalenko <nim@wip.tu-berlin.de>
World,HHI_BF_BOF_CCS,2,2036,1.4198,,MEUR/PJ,interpolated,15.10.2025,Nikita Moskalenko <nim@wip.tu-berlin.de>
World,HHI_BF_BOF_CCS,2,2037,1.4198,,MEUR/PJ,interpolated,15.10.2025,Nikita Moskalenko <nim@wip.tu-berlin.de>
World,HHI_BF_BOF_CCS,2,2038,1.4198,,MEUR/PJ,interpolated,15.10.2025,Nikita Moskalenko <nim@wip.tu-berlin.de>
World,HHI_BF_BOF_CCS,2,2039,1.4198,,MEUR/PJ,interpolated,15.10.2025,Nikita Moskalenko <nim@wip.tu-berlin.de>
World,HHI_BF_BOF_CCS,3,2026,1.368,,MEUR/PJ,interpolated,15.10.2025,Nikita Moskalenko <nim@wip.tu-berlin.de>
World,HHI_BF_BOF_CCS,3,2027,1.368,,MEUR/PJ,interpolated,15.10.2025,Nikita Moskalenko <nim@wip.tu-berlin.de>
World,HHI_BF_BOF_CCS,3,2028,1.368,,MEUR/PJ,interpolated,15.10.2025,Nikita Moskalenko <nim@wip.tu-berlin.de>
World,HHI_BF_BOF_CCS,3,2029,1.368,,MEUR/PJ,interpolated,15.10.2025,Nikita Moskalenko <nim@wip.tu-berlin.de>
World,HHI_BF_BOF_CCS,3,2031,1.368,,MEUR/PJ,interpolated,15.10.2025,Nikita Moskalenko <nim@wip.tu-berlin.de>
World,HHI_BF_BOF_CCS,3,2032,1.368,,MEUR/PJ,interpolated,15.10.2025,Nikita Moskalenko <nim@wip.tu-berlin.de>
World,HHI_BF_BOF_CCS,3,2033,1.368,,MEUR/PJ,interpolated,15.10.2025,Nikita Moskalenko <nim@wip.tu-berlin.de>
World,HHI_BF_BOF_CCS,3,2034,1.368,,MEUR/PJ,interpolated,15.10.2025,Nikita Moskalenko <nim@wip.tu-berlin.de>
World,HHI_BF_BOF_CCS,3,2036,1.368,,MEUR/PJ,interpolated,15.10.2025,Nikita Moskalenko <nim@wip.tu-berlin.de>
World,HHI_BF_BOF_CCS,3,2037,1.368,,MEUR/PJ,interpolated,15.10.2025,Nikita Moskalenko <nim@wip.tu-berlin.de>
World,HHI_BF_BOF_CCS,3,2038,1.368,,MEUR/PJ,interpolated,15.10.2025,Nikita Moskalenko <nim@wip.tu-berlin.de>
World,HHI_BF_BOF_CCS,3,2039,1.368,,MEUR/PJ,interpolated,15.10.2025,Nikita Moskalenko <nim@wip.tu-berlin.de>
World,HHI_BF_BOF_CCS,4,2026,1.368,,MEUR/PJ,interpolated,15.10.2025,Nikita Moskalenko <nim@wip.tu-berlin.de>
World,HHI_BF_BOF_CCS,4,2027,1.368,,MEUR/PJ,interpolated,15.10.2025,Nikita Moskalenko <nim@wip.tu-berlin.de>
World,HHI_BF_BOF_CCS,4,2028,1.368,,MEUR/PJ,interpolated,15.10.2025,Nikita Moskalenko <nim@wip.tu-berlin.de>
World,HHI_BF_BOF_CCS,4,2029,1.368,,MEUR/PJ,interpolated,15.10.2025,Nikita Moskalenko <nim@wip.tu-berlin.de>
World,HHI_BF_BOF_CCS,4,2031,1.368,,MEUR/PJ,interpolated,15.10.2025,Nikita Moskalenko <nim@wip.tu-berlin.de>
World,HHI_BF_BOF_CCS,4,2032,1.368,,MEUR/PJ,interpolated,15.10.2025,Nikita Moskalenko <nim@wip.tu-berlin.de>
World,HHI_BF_BOF_CCS,4,2033,1.368,,MEUR/PJ,interpolated,15.10.2025,Nikita Moskalenko <nim@wip.tu-berlin.de>
World,HHI_BF_BOF_CCS,4,2034,1.368,,MEUR/PJ,interpolated,15.10.2025,Nikita Moskalenko <nim@wip.tu-berlin.de>
World,HHI_BF_BOF_CCS,4,2036,1.368,,MEUR/PJ,interpolated,15.10.2025,Nikita Moskalenko <nim@wip.tu-berlin.de>
World,HHI_BF_BOF_CCS,4,2037,1.368,,MEUR/PJ,interpolated,15.10.2025,Nikita Moskalenko <nim@wip.tu-berlin.de>
World,HHI_BF_BOF_CCS,4,2038,1.368,,MEUR/PJ,interpolated,15.10.2025,Nikita Moskalenko <nim@wip.tu-berlin.de>
World,HHI_BF_BOF_CCS,4,2039,1.368,,MEUR/PJ,interpolated,15.10.2025,Nikita Moskalenko <nim@wip.tu-berlin.de>
World,HHI_DRI_EAF_CCS,1,2026,1.2653,,MEUR/PJ,interpolated,15.10.2025,Nikita Moskalenko <nim@wip.tu-berlin.de>
World,HHI_DRI_EAF_CCS,1,2027,1.2653,,MEUR/PJ,interpolated,15.10.2025,Nikita Moskalenko <nim@wip.tu-berlin.de>
World,HHI_DRI_EAF_CCS,1,2028,1.2653,,MEUR/PJ,interpolated,15.10.2025,Nikita Moskalenko <nim@wip.tu-berlin.de>
World,HHI_DRI_EAF_CCS,1,2029,1.2653,,MEUR/PJ,interpolated,15.10.2025,Nikita Moskalenko <nim@wip.tu-berlin.de>
World,HHI_DRI_EAF_CCS,1,2031,1.2653,,MEUR/PJ,interpolated,15.10.2025,Nikita Moskalenko <nim@wip.tu-berlin.de>
World,HHI_DRI_EAF_CCS,1,2032,1.2653,,MEUR/PJ,interpolated,15.10.2025,Nikita Moskalenko <nim@wip.tu-berlin.de>
World,HHI_DRI_EAF_CCS,1,2033,1.2653,,MEUR/PJ,interpolated,15.10.2025,Nikita Moskalenko <nim@wip.tu-berlin.de>
World,HHI_DRI_EAF_CCS,1,2034,1.2653,,MEUR/PJ,interpolated,15.10.2025,Nikita Moskalenko <nim@wip.tu-berlin.de>
World,HHI_DRI_EAF_CCS,1,2036,1.2653,,MEUR/PJ,interpolated,15.10.2025,Nikita Moskalenko <nim@wip.tu-berlin.de>
World,HHI_DRI_EAF_CCS,1,2037,1.2653,,MEUR/PJ,interpolated,15.10.2025,Nikita Moskalenko <nim@wip.tu-berlin.de>
World,HHI_DRI_EAF_CCS,1,2038,1.2653,,MEUR/PJ,interpolated,15.10.2025,Nikita Moskalenko <nim@wip.tu-berlin.de>
World,HHI_DRI_EAF_CCS,1,2039,1.2653,,MEUR/PJ,interpolated,15.10.2025,Nikita Moskalenko <nim@wip.tu-berlin.de>
World,HMHI_Gas_CCS,1,2026,0.28256,,MEUR/PJ,interpolated,15.10.2025,Nikita Moskalenko <nim@wip.tu-berlin.de>
World,HMHI_Gas_CCS,1,2027,0.28012,,MEUR/PJ,interpolated,15.10.2025,Nikita Moskalenko <nim@wip.tu-berlin.de>
World,HMHI_Gas_CCS,1,2028,0.27768,,MEUR/PJ,interpolated,15.10.2025,Nikita Moskalenko <nim@wip.tu-berlin.de>
World,HMHI_Gas_CCS,1,2029,0.27524,,MEUR/PJ,interpolated,15.10.2025,Nikita Moskalenko <nim@wip.tu-berlin.de>
World,HMHI_Gas_CCS,1,2031,0.27298,,MEUR/PJ,interpolated,15.10.2025,Nikita Moskalenko <nim@wip.tu-berlin.de>
World,HMHI_Gas_CCS,1,2032,0.27316,,MEUR/PJ,interpolated,15.10.2025,Nikita Moskalenko <nim@wip.tu-berlin.de>
World,HMHI_Gas_CCS,1,2033,0.27334,,MEUR/PJ,interpolated,15.10.2025,Nikita Moskalenko <nim@wip.tu-berlin.de>
World,HMHI_Gas_CCS,1,2034,0.27352,,MEUR/PJ,interpolated,15.10.2025,Nikita Moskalenko <nim@wip.tu-berlin.de>
World,HMHI_Gas_CCS,1,2036,0.27388,,MEUR/PJ,interpolated,15.10.2025,Nikita Moskalenko <nim@wip.tu-berlin.de>
World,HMHI_Gas_CCS,1,2037,0.27406,,MEUR/PJ,interpolated,15.10.2025,Nikita Moskalenko <nim@wip.tu-berlin.de>
World,HMHI_Gas_CCS,1,2038,0.27424,,MEUR/PJ,interpolated,15.10.2025,Nikita Moskalenko <nim@wip.tu-berlin.de>
World,HMHI_Gas_CCS,1,2039,0.27442,,MEUR/PJ,interpolated,15.10.2025,Nikita Moskalenko <nim@wip.tu-berlin.de>
World,HMHI_HardCoal_CCS,1,2026,0.3404,,MEUR/PJ,interpolated,15.10.2025,Nikita Moskalenko <nim@wip.tu-berlin.de>
World,HMHI_HardCoal_CCS,1,2027,0.3404,,MEUR/PJ,interpolated,15.10.2025,Nikita Moskalenko <nim@wip.tu-berlin.de>
World,HMHI_HardCoal_CCS,1,2028,0.3404,,MEUR/PJ,interpolated,15.10.2025,Nikita Moskalenko <nim@wip.tu-berlin.de>
World,HMHI_HardCoal_CCS,1,2029,0.3404,,MEUR/PJ,interpolated,15.10.2025,Nikita Moskalenko <nim@wip.tu-berlin.de>
World,HMHI_HardCoal_CCS,1,2031,0.3404,,MEUR/PJ,interpolated,15.10.2025,Nikita Moskalenko <nim@wip.tu-berlin.de>
World,HMHI_HardCoal_CCS,1,2032,0.3404,,MEUR/PJ,interpolated,15.10.2025,Nikita Moskalenko <nim@wip.tu-berlin.de>
World,HMHI_HardCoal_CCS,1,2033,0.3404,,MEUR/PJ,interpolated,15.10.2025,Nikita Moskalenko <nim@wip.tu-berlin.de>
World,HMHI_HardCoal_CCS,1,2034,0.3404,,MEUR/PJ,interpolated,15.10.2025,Nikita Moskalenko <nim@wip.tu-berlin.de>
World,HMHI_HardCoal_CCS,1,2036,0.3404,,MEUR/PJ,interpolated,15.10.2025,Nikita Moskalenko <nim@wip.tu-berlin.de>
World,HMHI_HardCoal_CCS,1,2037,0.3404,,MEUR/PJ,interpolated,15.10.2025,Nikita Moskalenko <nim@wip.tu-berlin.de>
World,HMHI_HardCoal_CCS,1,2038,0.3404,,MEUR/PJ,interpolated,15.10.2025,Nikita Moskalenko <nim@wip.tu-berlin.de>
World,HMHI_HardCoal_CCS,1,2039,0.3404,,MEUR/PJ,interpolated,15.10.2025,Nikita Moskalenko <nim@wip.tu-berlin.de>
World,P_Biomass_CCS,1,2026,1.93548,,MEUR/PJ,interpolated,15.10.2025,Nikita Moskalenko <nim@wip.tu-berlin.de>
World,P_Biomass_CCS,1,2027,1.93326,,MEUR/PJ,interpolated,15.10.2025,Nikita Moskalenko <nim@wip.tu-berlin.de>
World,P_Biomass_CCS,1,2028,1.93104,,MEUR/PJ,interpolated,15.10.2025,Nikita Moskalenko <nim@wip.tu-berlin.de>
World,P_Biomass_CCS,1,2029,1.92882,,MEUR/PJ,interpolated,15.10.2025,Nikita Moskalenko <nim@wip.tu-berlin.de>
World,P_Biomass_CCS,1,2031,1.9241,,MEUR/PJ,interpolated,15.10.2025,Nikita Moskalenko <nim@wip.tu-berlin.de>
World,P_Biomass_CCS,1,2032,1.9216,,MEUR/PJ,interpolated,15.10.2025,Nikita Moskalenko <nim@wip.tu-berlin.de>
World,P_Biomass_CCS,1,2033,1.9191,,MEUR/PJ,interpolated,15.10.2025,Nikita Moskalenko <nim@wip.tu-berlin.de>
World,P_Biomass_CCS,1,2034,1.9166,,MEUR/PJ,interpolated,15.10.2025,Nikita Moskalenko <nim@wip.tu-berlin.de>
World,P_Biomass_CCS,1,2036,1.9116,,MEUR/PJ,interpolated,15.10.2025,Nikita Moskalenko <nim@wip.tu-berlin.de>
World,P_Biomass_CCS,1,2037,1.9091,,MEUR/PJ,interpolated,15.10.2025,Nikita Moskalenko <nim@wip.tu-berlin.de>
World,P_Biomass_CCS,1,2038,1.9066,,MEUR/PJ,interpolated,15.10.2025,Nikita Moskalenko <nim@wip.tu-berlin.de>
World,P_Biomass_CCS,1,2039,1.9041,,MEUR/PJ,interpolated,15.10.2025,Nikita Moskalenko <nim@wip.tu-berlin.de>
World,P_Coal_Hardcoal_CCS,1,2026,1.86418,,MEUR/PJ,interpolated,15.10.2025,Nikita Moskalenko <nim@wip.tu-berlin.de>
World,P_Coal_Hardcoal_CCS,1,2027,1.85696,,MEUR/PJ,interpolated,15.10.2025,Nikita Moskalenko <nim@wip.tu-berlin.de>
World,P_Coal_Hardcoal_CCS,1,2028,1.84974,,MEUR/PJ,interpolated,15.10.2025,Nikita Moskalenko <nim@wip.tu-berlin.de>
World,P_Coal_Hardcoal_CCS,1,2029,1.84252,,MEUR/PJ,interpolated,15.10.2025,Nikita Moskalenko <nim@wip.tu-berlin.de>
World,P_Coal_Hardcoal_CCS,1,2031,1.8289,,MEUR/PJ,interpolated,15.10.2025,Nikita Moskalenko <nim@wip.tu-berlin.de>
World,P_Coal_Hardcoal_CCS,1,2032,1.8225,,MEUR/PJ,interpolated,15.10.2025,Nikita Moskalenko <nim@wip.tu-berlin.de>
World,P_Coal_Hardcoal_CCS,1,2033,1.8161,,MEUR/PJ,interpolated,15.10.2025,Nikita Moskalenko <nim@wip.tu-berlin.de>
World,P_Coal_Hardcoal_CCS,1,2034,1.8097,,MEUR/PJ,interpolated,15.10.2025,Nikita Moskalenko <nim@wip.tu-berlin.de>
World,P_Coal_Hardcoal_CCS,1,2036,1.7969,,MEUR/PJ,interpolated,15.10.2025,Nikita Moskalenko <nim@wip.tu-berlin.de>
World,P_Coal_Hardcoal_CCS,1,2037,1.7905,,MEUR/PJ,interpolated,15.10.2025,Nikita Moskalenko <nim@wip.tu-berlin.de>
World,P_Coal_Hardcoal_CCS,1,2038,1.7841,,MEUR/PJ,interpolated,15.10.2025,Nikita Moskalenko <nim@wip.tu-berlin.de>
World,P_Coal_Hardcoal_CCS,1,2039,1.7777,,MEUR/PJ,interpolated,15.10.2025,Nikita Moskalenko <nim@wip.tu-berlin.de>
World,P_Coal_Lignite_CCS,1,2026,1.57202,,MEUR/PJ,interpolated,15.10.2025,Nikita Moskalenko <nim@wip.tu-berlin.de>
World,P_Coal_Lignite_CCS,1,2027,1.56674,,MEUR/PJ,interpolated,15.10.2025,Nikita Moskalenko <nim@wip.tu-berlin.de>
World,P_Coal_Lignite_CCS,1,2028,1.56146,,MEUR/PJ,interpolated,15.10.2025,Nikita Moskalenko <nim@wip.tu-berlin.de>
World,P_Coal_Lignite_CCS,1,2029,1.55618,,MEUR/PJ,interpolated,15.10.2025,Nikita Moskalenko <nim@wip.tu-berlin.de>
World,P_Coal_Lignite_CCS,1,2031,1.54612,,MEUR/PJ,interpolated,15.10.2025,Nikita Moskalenko <nim@wip.tu-berlin.de>
World,P_Coal_Lignite_CCS,1,2032,1.54134,,MEUR/PJ,interpolated,15.10.2025,Nikita Moskalenko <nim@wip.tu-berlin.de>
World,P_Coal_Lignite_CCS,1,2033,1.53656,,MEUR/PJ,interpolated,15.10.2025,Nikita Moskalenko <nim@wip.tu-berlin.de>
World,P_Coal_Lignite_CCS,1,2034,1.53178,,MEUR/PJ,interpolated,15.10.2025,Nikita Moskalenko <nim@wip.tu-berlin.de>
World,P_Coal_Lignite_CCS,1,2036,1.52224,,MEUR/PJ,interpolated,15.10.2025,Nikita Moskalenko <nim@wip.tu-berlin.de>
World,P_Coal_Lignite_CCS,1,2037,1.51748,,MEUR/PJ,interpolated,15.10.2025,Nikita Moskalenko <nim@wip.tu-berlin.de>
World,P_Coal_Lignite_CCS,1,2038,1.51272,,MEUR/PJ,interpolated,15.10.2025,Nikita Moskalenko <nim@wip.tu-berlin.de>
World,P_Coal_Lignite_CCS,1,2039,1.50796,,MEUR/PJ,interpolated,15.10.2025,Nikita Moskalenko <nim@wip.tu-berlin.de>
World,P_Gas_CCS,1,2026,2.1041,,MEUR/PJ,interpolated,15.10.2025,Nikita Moskalenko <nim@wip.tu-berlin.de>
World,P_Gas_CCS,1,2027,2.1041,,MEUR/PJ,interpolated,15.10.2025,Nikita Moskalenko <nim@wip.tu-berlin.de>
World,P_Gas_CCS,1,2028,2.1041,,MEUR/PJ,interpolated,15.10.2025,Nikita Moskalenko <nim@wip.tu-berlin.de>
World,P_Gas_CCS,1,2029,2.1041,,MEUR/PJ,interpolated,15.10.2025,Nikita Moskalenko <nim@wip.tu-berlin.de>
World,P_Gas_CCS,1,2031,2.1041,,MEUR/PJ,interpolated,15.10.2025,Nikita Moskalenko <nim@wip.tu-berlin.de>
World,P_Gas_CCS,1,2032,2.1041,,MEUR/PJ,interpolated,15.10.2025,Nikita Moskalenko <nim@wip.tu-berlin.de>
World,P_Gas_CCS,1,2033,2.1041,,MEUR/PJ,interpolated,15.10.2025,Nikita Moskalenko <nim@wip.tu-berlin.de>
World,P_Gas_CCS,1,2034,2.1041,,MEUR/PJ,interpolated,15.10.2025,Nikita Moskalenko <nim@wip.tu-berlin.de>
World,P_Gas_CCS,1,2036,2.1041,,MEUR/PJ,interpolated,15.10.2025,Nikita Moskalenko <nim@wip.tu-berlin.de>
World,P_Gas_CCS,1,2037,2.1041,,MEUR/PJ,interpolated,15.10.2025,Nikita Moskalenko <nim@wip.tu-berlin.de>
World,P_Gas_CCS,1,2038,2.1041,,MEUR/PJ,interpolated,15.10.2025,Nikita Moskalenko <nim@wip.tu-berlin.de>
World,P_Gas_CCS,1,2039,2.1041,,MEUR/PJ,interpolated,15.10.2025,Nikita Moskalenko <nim@wip.tu-berlin.de>
World,X_ATR_CCS,1,2026,0.45774,,MEUR/PJ,interpolated,22.01.2026,Nikita Moskalenko <nim@wip.tu-berlin.de>
World,X_ATR_CCS,1,2027,0.44298,,MEUR/PJ,interpolated,22.01.2026,Nikita Moskalenko <nim@wip.tu-berlin.de>
World,X_ATR_CCS,1,2028,0.42822,,MEUR/PJ,interpolated,22.01.2026,Nikita Moskalenko <nim@wip.tu-berlin.de>
World,X_ATR_CCS,1,2029,0.41346,,MEUR/PJ,interpolated,22.01.2026,Nikita Moskalenko <nim@wip.tu-berlin.de>
World,X_ATR_CCS,1,2031,0.3987,,MEUR/PJ,interpolated,22.01.2026,Nikita Moskalenko <nim@wip.tu-berlin.de>
World,X_ATR_CCS,1,2032,0.3987,,MEUR/PJ,interpolated,22.01.2026,Nikita Moskalenko <nim@wip.tu-berlin.de>
World,X_ATR_CCS,1,2033,0.3987,,MEUR/PJ,interpolated,22.01.2026,Nikita Moskalenko <nim@wip.tu-berlin.de>
World,X_ATR_CCS,1,2034,0.3987,,MEUR/PJ,interpolated,22.01.2026,Nikita Moskalenko <nim@wip.tu-berlin.de>
World,X_ATR_CCS,1,2036,0.3987,,MEUR/PJ,interpolated,22.01.2026,Nikita Moskalenko <nim@wip.tu-berlin.de>
World,X_ATR_CCS,1,2037,0.3987,,MEUR/PJ,interpolated,22.01.2026,Nikita Moskalenko <nim@wip.tu-berlin.de>
World,X_ATR_CCS,1,2038,0.3987,,MEUR/PJ,interpolated,22.01.2026,Nikita Moskalenko <nim@wip.tu-berlin.de>
World,X_ATR_CCS,1,2039,0.3987,,MEUR/PJ,interpolated,22.01.2026,Nikita Moskalenko <nim@wip.tu-berlin.de>
World,X_Convert_Power,1,All,0.001,,MEUR/PJ,power demand splitter (eff=1),2026-05-28,Konstantin Loffler <kl@wip.tu-berlin.de>
World,X_Convert_Power,2,All,0.001,,MEUR/PJ,power demand splitter (eff=1),2026-05-28,Konstantin Loffler <kl@wip.tu-berlin.de>
World,X_Convert_Power,3,All,0.001,,MEUR/PJ,power demand splitter (eff=1),2026-05-28,Konstantin Loffler <kl@wip.tu-berlin.de>
World,X_Convert_Power,4,All,0.001,,MEUR/PJ,power demand splitter (eff=1),2026-05-28,Konstantin Loffler <kl@wip.tu-berlin.de>
World,X_Convert_Power,5,All,0.001,,MEUR/PJ,power demand splitter (eff=1),2026-05-28,Konstantin Loffler <kl@wip.tu-berlin.de>
World,X_Convert_Power,6,All,0.001,,MEUR/PJ,power demand splitter (eff=1),2026-05-28,Konstantin Loffler <kl@wip.tu-berlin.de>
