Region,Region.1,Fuel,Year,Value,,Unit,Source,Updated at,Updated by
California,WECC,Power,2025,17.797,,GW,"IC transfer capability, High/NTP ceiling (MW/1000), floored at existing+commissioned",2026-06-25,Konstantin Loffler <kl@wip.tu-berlin.de>
California,WECC,Power,2026,18.33091,,GW,"IC transfer capability, High/NTP ceiling (MW/1000), floored at existing+commissioned",2026-06-25,Konstantin Loffler <kl@wip.tu-berlin.de>
California,WECC,Power,2027,18.880837,,GW,"IC transfer capability, High/NTP ceiling (MW/1000), floored at existing+commissioned",2026-06-25,Konstantin Loffler <kl@wip.tu-berlin.de>
California,WECC,Power,2028,19.447262,,GW,"IC transfer capability, High/NTP ceiling (MW/1000), floored at existing+commissioned",2026-06-25,Konstantin Loffler <kl@wip.tu-berlin.de>
California,WECC,Power,2029,20.03068,,GW,"IC transfer capability, High/NTP ceiling (MW/1000), floored at existing+commissioned",2026-06-25,Konstantin Loffler <kl@wip.tu-berlin.de>
California,WECC,Power,2030,20.631601,,GW,"IC transfer capability, High/NTP ceiling (MW/1000), floored at existing+commissioned",2026-06-25,Konstantin Loffler <kl@wip.tu-berlin.de>
California,WECC,Power,2031,21.250549,,GW,"IC transfer capability, High/NTP ceiling (MW/1000), floored at existing+commissioned",2026-06-25,Konstantin Loffler <kl@wip.tu-berlin.de>
California,WECC,Power,2032,21.888065,,GW,"IC transfer capability, High/NTP ceiling (MW/1000), floored at existing+commissioned",2026-06-25,Konstantin Loffler <kl@wip.tu-berlin.de>
California,WECC,Power,2033,22.544707,,GW,"IC transfer capability, High/NTP ceiling (MW/1000), floored at existing+commissioned",2026-06-25,Konstantin Loffler <kl@wip.tu-berlin.de>
California,WECC,Power,2034,23.221048,,GW,"IC transfer capability, High/NTP ceiling (MW/1000), floored at existing+commissioned",2026-06-25,Konstantin Loffler <kl@wip.tu-berlin.de>
California,WECC,Power,2035,23.91768,,GW,"IC transfer capability, High/NTP ceiling (MW/1000), floored at existing+commissioned",2026-06-25,Konstantin Loffler <kl@wip.tu-berlin.de>
California,WECC,Power,2036,24.63521,,GW,"IC transfer capability, High/NTP ceiling (MW/1000), floored at existing+commissioned",2026-06-25,Konstantin Loffler <kl@wip.tu-berlin.de>
California,WECC,Power,2037,25.374267,,GW,"IC transfer capability, High/NTP ceiling (MW/1000), floored at existing+commissioned",2026-06-25,Konstantin Loffler <kl@wip.tu-berlin.de>
California,WECC,Power,2038,26.135494,,GW,"IC transfer capability, High/NTP ceiling (MW/1000), floored at existing+commissioned",2026-06-25,Konstantin Loffler <kl@wip.tu-berlin.de>
California,WECC,Power,2039,26.919559,,GW,"IC transfer capability, High/NTP ceiling (MW/1000), floored at existing+commissioned",2026-06-25,Konstantin Loffler <kl@wip.tu-berlin.de>
California,WECC,Power,2040,27.727146,,GW,"IC transfer capability, High/NTP ceiling (MW/1000), floored at existing+commissioned",2026-06-25,Konstantin Loffler <kl@wip.tu-berlin.de>
Canada,NewEngland,Power,2025,2.395,,GW,"IC transfer capability, High/NTP ceiling (MW/1000), floored at existing+commissioned",2026-06-25,Konstantin Loffler <kl@wip.tu-berlin.de>
Canada,NewEngland,Power,2026,2.46685,,GW,"IC transfer capability, High/NTP ceiling (MW/1000), floored at existing+commissioned",2026-06-25,Konstantin Loffler <kl@wip.tu-berlin.de>
Canada,NewEngland,Power,2027,2.540855,,GW,"IC transfer capability, High/NTP ceiling (MW/1000), floored at existing+commissioned",2026-06-25,Konstantin Loffler <kl@wip.tu-berlin.de>
Canada,NewEngland,Power,2028,2.617081,,GW,"IC transfer capability, High/NTP ceiling (MW/1000), floored at existing+commissioned",2026-06-25,Konstantin Loffler <kl@wip.tu-berlin.de>
Canada,NewEngland,Power,2029,2.695594,,GW,"IC transfer capability, High/NTP ceiling (MW/1000), floored at existing+commissioned",2026-06-25,Konstantin Loffler <kl@wip.tu-berlin.de>
Canada,NewEngland,Power,2030,2.776461,,GW,"IC transfer capability, High/NTP ceiling (MW/1000), floored at existing+commissioned",2026-06-25,Konstantin Loffler <kl@wip.tu-berlin.de>
Canada,NewEngland,Power,2031,2.859755,,GW,"IC transfer capability, High/NTP ceiling (MW/1000), floored at existing+commissioned",2026-06-25,Konstantin Loffler <kl@wip.tu-berlin.de>
Canada,NewEngland,Power,2032,2.945548,,GW,"IC transfer capability, High/NTP ceiling (MW/1000), floored at existing+commissioned",2026-06-25,Konstantin Loffler <kl@wip.tu-berlin.de>
Canada,NewEngland,Power,2033,3.033914,,GW,"IC transfer capability, High/NTP ceiling (MW/1000), floored at existing+commissioned",2026-06-25,Konstantin Loffler <kl@wip.tu-berlin.de>
Canada,NewEngland,Power,2034,3.124932,,GW,"IC transfer capability, High/NTP ceiling (MW/1000), floored at existing+commissioned",2026-06-25,Konstantin Loffler <kl@wip.tu-berlin.de>
Canada,NewEngland,Power,2035,3.21868,,GW,"IC transfer capability, High/NTP ceiling (MW/1000), floored at existing+commissioned",2026-06-25,Konstantin Loffler <kl@wip.tu-berlin.de>
Canada,NewEngland,Power,2036,3.31524,,GW,"IC transfer capability, High/NTP ceiling (MW/1000), floored at existing+commissioned",2026-06-25,Konstantin Loffler <kl@wip.tu-berlin.de>
Canada,NewEngland,Power,2037,3.414697,,GW,"IC transfer capability, High/NTP ceiling (MW/1000), floored at existing+commissioned",2026-06-25,Konstantin Loffler <kl@wip.tu-berlin.de>
Canada,NewEngland,Power,2038,3.517138,,GW,"IC transfer capability, High/NTP ceiling (MW/1000), floored at existing+commissioned",2026-06-25,Konstantin Loffler <kl@wip.tu-berlin.de>
Canada,NewEngland,Power,2039,3.622652,,GW,"IC transfer capability, High/NTP ceiling (MW/1000), floored at existing+commissioned",2026-06-25,Konstantin Loffler <kl@wip.tu-berlin.de>
Canada,NewEngland,Power,2040,3.731332,,GW,"IC transfer capability, High/NTP ceiling (MW/1000), floored at existing+commissioned",2026-06-25,Konstantin Loffler <kl@wip.tu-berlin.de>
Canada,MISO,Power,2025,6.854,,GW,"IC transfer capability, High/NTP ceiling (MW/1000), floored at existing+commissioned",2026-06-25,Konstantin Loffler <kl@wip.tu-berlin.de>
Canada,MISO,Power,2026,6.854,,GW,"IC transfer capability, High/NTP ceiling (MW/1000), floored at existing+commissioned",2026-06-25,Konstantin Loffler <kl@wip.tu-berlin.de>
Canada,MISO,Power,2027,6.854,,GW,"IC transfer capability, High/NTP ceiling (MW/1000), floored at existing+commissioned",2026-06-25,Konstantin Loffler <kl@wip.tu-berlin.de>
Canada,MISO,Power,2028,6.854,,GW,"IC transfer capability, High/NTP ceiling (MW/1000), floored at existing+commissioned",2026-06-25,Konstantin Loffler <kl@wip.tu-berlin.de>
Canada,MISO,Power,2029,6.854,,GW,"IC transfer capability, High/NTP ceiling (MW/1000), floored at existing+commissioned",2026-06-25,Konstantin Loffler <kl@wip.tu-berlin.de>
Canada,MISO,Power,2030,6.854,,GW,"IC transfer capability, High/NTP ceiling (MW/1000), floored at existing+commissioned",2026-06-25,Konstantin Loffler <kl@wip.tu-berlin.de>
Canada,MISO,Power,2031,6.854,,GW,"IC transfer capability, High/NTP ceiling (MW/1000), floored at existing+commissioned",2026-06-25,Konstantin Loffler <kl@wip.tu-berlin.de>
Canada,MISO,Power,2032,6.854,,GW,"IC transfer capability, High/NTP ceiling (MW/1000), floored at existing+commissioned",2026-06-25,Konstantin Loffler <kl@wip.tu-berlin.de>
Canada,MISO,Power,2033,6.854,,GW,"IC transfer capability, High/NTP ceiling (MW/1000), floored at existing+commissioned",2026-06-25,Konstantin Loffler <kl@wip.tu-berlin.de>
Canada,MISO,Power,2034,6.854,,GW,"IC transfer capability, High/NTP ceiling (MW/1000), floored at existing+commissioned",2026-06-25,Konstantin Loffler <kl@wip.tu-berlin.de>
Canada,MISO,Power,2035,6.854,,GW,"IC transfer capability, High/NTP ceiling (MW/1000), floored at existing+commissioned",2026-06-25,Konstantin Loffler <kl@wip.tu-berlin.de>
Canada,MISO,Power,2036,6.854,,GW,"IC transfer capability, High/NTP ceiling (MW/1000), floored at existing+commissioned",2026-06-25,Konstantin Loffler <kl@wip.tu-berlin.de>
Canada,MISO,Power,2037,6.854,,GW,"IC transfer capability, High/NTP ceiling (MW/1000), floored at existing+commissioned",2026-06-25,Konstantin Loffler <kl@wip.tu-berlin.de>
Canada,MISO,Power,2038,6.854,,GW,"IC transfer capability, High/NTP ceiling (MW/1000), floored at existing+commissioned",2026-06-25,Konstantin Loffler <kl@wip.tu-berlin.de>
Canada,MISO,Power,2039,6.854,,GW,"IC transfer capability, High/NTP ceiling (MW/1000), floored at existing+commissioned",2026-06-25,Konstantin Loffler <kl@wip.tu-berlin.de>
Canada,MISO,Power,2040,6.854,,GW,"IC transfer capability, High/NTP ceiling (MW/1000), floored at existing+commissioned",2026-06-25,Konstantin Loffler <kl@wip.tu-berlin.de>
Canada,NewYork,Power,2025,4.626,,GW,"IC transfer capability, High/NTP ceiling (MW/1000), floored at existing+commissioned",2026-06-25,Konstantin Loffler <kl@wip.tu-berlin.de>
Canada,NewYork,Power,2026,4.626,,GW,"IC transfer capability, High/NTP ceiling (MW/1000), floored at existing+commissioned",2026-06-25,Konstantin Loffler <kl@wip.tu-berlin.de>
Canada,NewYork,Power,2027,4.626,,GW,"IC transfer capability, High/NTP ceiling (MW/1000), floored at existing+commissioned",2026-06-25,Konstantin Loffler <kl@wip.tu-berlin.de>
Canada,NewYork,Power,2028,4.626,,GW,"IC transfer capability, High/NTP ceiling (MW/1000), floored at existing+commissioned",2026-06-25,Konstantin Loffler <kl@wip.tu-berlin.de>
Canada,NewYork,Power,2029,4.719,,GW,"IC transfer capability, High/NTP ceiling (MW/1000), floored at existing+commissioned",2026-06-25,Konstantin Loffler <kl@wip.tu-berlin.de>
Canada,NewYork,Power,2030,4.969,,GW,"IC transfer capability, High/NTP ceiling (MW/1000), floored at existing+commissioned",2026-06-25,Konstantin Loffler <kl@wip.tu-berlin.de>
Canada,NewYork,Power,2031,4.969,,GW,"IC transfer capability, High/NTP ceiling (MW/1000), floored at existing+commissioned",2026-06-25,Konstantin Loffler <kl@wip.tu-berlin.de>
Canada,NewYork,Power,2032,4.969,,GW,"IC transfer capability, High/NTP ceiling (MW/1000), floored at existing+commissioned",2026-06-25,Konstantin Loffler <kl@wip.tu-berlin.de>
Canada,NewYork,Power,2033,4.969,,GW,"IC transfer capability, High/NTP ceiling (MW/1000), floored at existing+commissioned",2026-06-25,Konstantin Loffler <kl@wip.tu-berlin.de>
Canada,NewYork,Power,2034,4.969,,GW,"IC transfer capability, High/NTP ceiling (MW/1000), floored at existing+commissioned",2026-06-25,Konstantin Loffler <kl@wip.tu-berlin.de>
Canada,NewYork,Power,2035,4.969,,GW,"IC transfer capability, High/NTP ceiling (MW/1000), floored at existing+commissioned",2026-06-25,Konstantin Loffler <kl@wip.tu-berlin.de>
Canada,NewYork,Power,2036,4.969,,GW,"IC transfer capability, High/NTP ceiling (MW/1000), floored at existing+commissioned",2026-06-25,Konstantin Loffler <kl@wip.tu-berlin.de>
Canada,NewYork,Power,2037,4.969,,GW,"IC transfer capability, High/NTP ceiling (MW/1000), floored at existing+commissioned",2026-06-25,Konstantin Loffler <kl@wip.tu-berlin.de>
Canada,NewYork,Power,2038,4.969,,GW,"IC transfer capability, High/NTP ceiling (MW/1000), floored at existing+commissioned",2026-06-25,Konstantin Loffler <kl@wip.tu-berlin.de>
Canada,NewYork,Power,2039,4.969,,GW,"IC transfer capability, High/NTP ceiling (MW/1000), floored at existing+commissioned",2026-06-25,Konstantin Loffler <kl@wip.tu-berlin.de>
Canada,NewYork,Power,2040,4.969,,GW,"IC transfer capability, High/NTP ceiling (MW/1000), floored at existing+commissioned",2026-06-25,Konstantin Loffler <kl@wip.tu-berlin.de>
Canada,PJM,Power,2025,0.0,,GW,"IC transfer capability, High/NTP ceiling (MW/1000), floored at existing+commissioned",2026-06-25,Konstantin Loffler <kl@wip.tu-berlin.de>
Canada,PJM,Power,2026,0.0,,GW,"IC transfer capability, High/NTP ceiling (MW/1000), floored at existing+commissioned",2026-06-25,Konstantin Loffler <kl@wip.tu-berlin.de>
Canada,PJM,Power,2027,0.0,,GW,"IC transfer capability, High/NTP ceiling (MW/1000), floored at existing+commissioned",2026-06-25,Konstantin Loffler <kl@wip.tu-berlin.de>
Canada,PJM,Power,2028,0.0,,GW,"IC transfer capability, High/NTP ceiling (MW/1000), floored at existing+commissioned",2026-06-25,Konstantin Loffler <kl@wip.tu-berlin.de>
Canada,PJM,Power,2029,0.0,,GW,"IC transfer capability, High/NTP ceiling (MW/1000), floored at existing+commissioned",2026-06-25,Konstantin Loffler <kl@wip.tu-berlin.de>
Canada,PJM,Power,2030,0.0,,GW,"IC transfer capability, High/NTP ceiling (MW/1000), floored at existing+commissioned",2026-06-25,Konstantin Loffler <kl@wip.tu-berlin.de>
Canada,PJM,Power,2031,0.2,,GW,"IC transfer capability, High/NTP ceiling (MW/1000), floored at existing+commissioned",2026-06-25,Konstantin Loffler <kl@wip.tu-berlin.de>
Canada,PJM,Power,2032,0.4,,GW,"IC transfer capability, High/NTP ceiling (MW/1000), floored at existing+commissioned",2026-06-25,Konstantin Loffler <kl@wip.tu-berlin.de>
Canada,PJM,Power,2033,0.6,,GW,"IC transfer capability, High/NTP ceiling (MW/1000), floored at existing+commissioned",2026-06-25,Konstantin Loffler <kl@wip.tu-berlin.de>
Canada,PJM,Power,2034,0.8,,GW,"IC transfer capability, High/NTP ceiling (MW/1000), floored at existing+commissioned",2026-06-25,Konstantin Loffler <kl@wip.tu-berlin.de>
Canada,PJM,Power,2035,1.0,,GW,"IC transfer capability, High/NTP ceiling (MW/1000), floored at existing+commissioned",2026-06-25,Konstantin Loffler <kl@wip.tu-berlin.de>
Canada,PJM,Power,2036,1.0,,GW,"IC transfer capability, High/NTP ceiling (MW/1000), floored at existing+commissioned",2026-06-25,Konstantin Loffler <kl@wip.tu-berlin.de>
Canada,PJM,Power,2037,1.0,,GW,"IC transfer capability, High/NTP ceiling (MW/1000), floored at existing+commissioned",2026-06-25,Konstantin Loffler <kl@wip.tu-berlin.de>
Canada,PJM,Power,2038,1.0,,GW,"IC transfer capability, High/NTP ceiling (MW/1000), floored at existing+commissioned",2026-06-25,Konstantin Loffler <kl@wip.tu-berlin.de>
Canada,PJM,Power,2039,1.0,,GW,"IC transfer capability, High/NTP ceiling (MW/1000), floored at existing+commissioned",2026-06-25,Konstantin Loffler <kl@wip.tu-berlin.de>
Canada,PJM,Power,2040,1.0,,GW,"IC transfer capability, High/NTP ceiling (MW/1000), floored at existing+commissioned",2026-06-25,Konstantin Loffler <kl@wip.tu-berlin.de>
Canada,SPP,Power,2025,0.2,,GW,"IC transfer capability, High/NTP ceiling (MW/1000), floored at existing+commissioned",2026-06-25,Konstantin Loffler <kl@wip.tu-berlin.de>
Canada,SPP,Power,2026,0.206,,GW,"IC transfer capability, High/NTP ceiling (MW/1000), floored at existing+commissioned",2026-06-25,Konstantin Loffler <kl@wip.tu-berlin.de>
Canada,SPP,Power,2027,0.21218,,GW,"IC transfer capability, High/NTP ceiling (MW/1000), floored at existing+commissioned",2026-06-25,Konstantin Loffler <kl@wip.tu-berlin.de>
Canada,SPP,Power,2028,0.218545,,GW,"IC transfer capability, High/NTP ceiling (MW/1000), floored at existing+commissioned",2026-06-25,Konstantin Loffler <kl@wip.tu-berlin.de>
Canada,SPP,Power,2029,0.225102,,GW,"IC transfer capability, High/NTP ceiling (MW/1000), floored at existing+commissioned",2026-06-25,Konstantin Loffler <kl@wip.tu-berlin.de>
Canada,SPP,Power,2030,0.231855,,GW,"IC transfer capability, High/NTP ceiling (MW/1000), floored at existing+commissioned",2026-06-25,Konstantin Loffler <kl@wip.tu-berlin.de>
Canada,SPP,Power,2031,0.23881,,GW,"IC transfer capability, High/NTP ceiling (MW/1000), floored at existing+commissioned",2026-06-25,Konstantin Loffler <kl@wip.tu-berlin.de>
Canada,SPP,Power,2032,0.245975,,GW,"IC transfer capability, High/NTP ceiling (MW/1000), floored at existing+commissioned",2026-06-25,Konstantin Loffler <kl@wip.tu-berlin.de>
Canada,SPP,Power,2033,0.253354,,GW,"IC transfer capability, High/NTP ceiling (MW/1000), floored at existing+commissioned",2026-06-25,Konstantin Loffler <kl@wip.tu-berlin.de>
Canada,SPP,Power,2034,0.260955,,GW,"IC transfer capability, High/NTP ceiling (MW/1000), floored at existing+commissioned",2026-06-25,Konstantin Loffler <kl@wip.tu-berlin.de>
Canada,SPP,Power,2035,0.268783,,GW,"IC transfer capability, High/NTP ceiling (MW/1000), floored at existing+commissioned",2026-06-25,Konstantin Loffler <kl@wip.tu-berlin.de>
Canada,SPP,Power,2036,0.276847,,GW,"IC transfer capability, High/NTP ceiling (MW/1000), floored at existing+commissioned",2026-06-25,Konstantin Loffler <kl@wip.tu-berlin.de>
Canada,SPP,Power,2037,0.285152,,GW,"IC transfer capability, High/NTP ceiling (MW/1000), floored at existing+commissioned",2026-06-25,Konstantin Loffler <kl@wip.tu-berlin.de>
Canada,SPP,Power,2038,0.293707,,GW,"IC transfer capability, High/NTP ceiling (MW/1000), floored at existing+commissioned",2026-06-25,Konstantin Loffler <kl@wip.tu-berlin.de>
Canada,SPP,Power,2039,0.302518,,GW,"IC transfer capability, High/NTP ceiling (MW/1000), floored at existing+commissioned",2026-06-25,Konstantin Loffler <kl@wip.tu-berlin.de>
Canada,SPP,Power,2040,0.311593,,GW,"IC transfer capability, High/NTP ceiling (MW/1000), floored at existing+commissioned",2026-06-25,Konstantin Loffler <kl@wip.tu-berlin.de>
Canada,WECC,Power,2025,3.15,,GW,"IC transfer capability, High/NTP ceiling (MW/1000), floored at existing+commissioned",2026-06-25,Konstantin Loffler <kl@wip.tu-berlin.de>
Canada,WECC,Power,2026,3.2445,,GW,"IC transfer capability, High/NTP ceiling (MW/1000), floored at existing+commissioned",2026-06-25,Konstantin Loffler <kl@wip.tu-berlin.de>
Canada,WECC,Power,2027,3.341835,,GW,"IC transfer capability, High/NTP ceiling (MW/1000), floored at existing+commissioned",2026-06-25,Konstantin Loffler <kl@wip.tu-berlin.de>
Canada,WECC,Power,2028,3.44209,,GW,"IC transfer capability, High/NTP ceiling (MW/1000), floored at existing+commissioned",2026-06-25,Konstantin Loffler <kl@wip.tu-berlin.de>
Canada,WECC,Power,2029,3.45,,GW,"IC transfer capability, High/NTP ceiling (MW/1000), floored at existing+commissioned",2026-06-25,Konstantin Loffler <kl@wip.tu-berlin.de>
Canada,WECC,Power,2030,3.45,,GW,"IC transfer capability, High/NTP ceiling (MW/1000), floored at existing+commissioned",2026-06-25,Konstantin Loffler <kl@wip.tu-berlin.de>
Canada,WECC,Power,2031,3.45,,GW,"IC transfer capability, High/NTP ceiling (MW/1000), floored at existing+commissioned",2026-06-25,Konstantin Loffler <kl@wip.tu-berlin.de>
Canada,WECC,Power,2032,3.45,,GW,"IC transfer capability, High/NTP ceiling (MW/1000), floored at existing+commissioned",2026-06-25,Konstantin Loffler <kl@wip.tu-berlin.de>
Canada,WECC,Power,2033,3.45,,GW,"IC transfer capability, High/NTP ceiling (MW/1000), floored at existing+commissioned",2026-06-25,Konstantin Loffler <kl@wip.tu-berlin.de>
Canada,WECC,Power,2034,3.45,,GW,"IC transfer capability, High/NTP ceiling (MW/1000), floored at existing+commissioned",2026-06-25,Konstantin Loffler <kl@wip.tu-berlin.de>
Canada,WECC,Power,2035,3.45,,GW,"IC transfer capability, High/NTP ceiling (MW/1000), floored at existing+commissioned",2026-06-25,Konstantin Loffler <kl@wip.tu-berlin.de>
Canada,WECC,Power,2036,3.45,,GW,"IC transfer capability, High/NTP ceiling (MW/1000), floored at existing+commissioned",2026-06-25,Konstantin Loffler <kl@wip.tu-berlin.de>
Canada,WECC,Power,2037,3.45,,GW,"IC transfer capability, High/NTP ceiling (MW/1000), floored at existing+commissioned",2026-06-25,Konstantin Loffler <kl@wip.tu-berlin.de>
Canada,WECC,Power,2038,3.45,,GW,"IC transfer capability, High/NTP ceiling (MW/1000), floored at existing+commissioned",2026-06-25,Konstantin Loffler <kl@wip.tu-berlin.de>
Canada,WECC,Power,2039,3.45,,GW,"IC transfer capability, High/NTP ceiling (MW/1000), floored at existing+commissioned",2026-06-25,Konstantin Loffler <kl@wip.tu-berlin.de>
Canada,WECC,Power,2040,3.45,,GW,"IC transfer capability, High/NTP ceiling (MW/1000), floored at existing+commissioned",2026-06-25,Konstantin Loffler <kl@wip.tu-berlin.de>
ERCOT,MISO,Power,2025,0.0,,GW,"IC transfer capability, High/NTP ceiling (MW/1000), floored at existing+commissioned",2026-06-25,Konstantin Loffler <kl@wip.tu-berlin.de>
ERCOT,MISO,Power,2026,1.1092,,GW,"IC transfer capability, High/NTP ceiling (MW/1000), floored at existing+commissioned",2026-06-25,Konstantin Loffler <kl@wip.tu-berlin.de>
ERCOT,MISO,Power,2027,2.1218,,GW,"IC transfer capability, High/NTP ceiling (MW/1000), floored at existing+commissioned",2026-06-25,Konstantin Loffler <kl@wip.tu-berlin.de>
ERCOT,MISO,Power,2028,2.185454,,GW,"IC transfer capability, High/NTP ceiling (MW/1000), floored at existing+commissioned",2026-06-25,Konstantin Loffler <kl@wip.tu-berlin.de>
ERCOT,MISO,Power,2029,2.251018,,GW,"IC transfer capability, High/NTP ceiling (MW/1000), floored at existing+commissioned",2026-06-25,Konstantin Loffler <kl@wip.tu-berlin.de>
ERCOT,MISO,Power,2030,2.318548,,GW,"IC transfer capability, High/NTP ceiling (MW/1000), floored at existing+commissioned",2026-06-25,Konstantin Loffler <kl@wip.tu-berlin.de>
ERCOT,MISO,Power,2031,2.388105,,GW,"IC transfer capability, High/NTP ceiling (MW/1000), floored at existing+commissioned",2026-06-25,Konstantin Loffler <kl@wip.tu-berlin.de>
ERCOT,MISO,Power,2032,2.459748,,GW,"IC transfer capability, High/NTP ceiling (MW/1000), floored at existing+commissioned",2026-06-25,Konstantin Loffler <kl@wip.tu-berlin.de>
ERCOT,MISO,Power,2033,2.53354,,GW,"IC transfer capability, High/NTP ceiling (MW/1000), floored at existing+commissioned",2026-06-25,Konstantin Loffler <kl@wip.tu-berlin.de>
ERCOT,MISO,Power,2034,2.609546,,GW,"IC transfer capability, High/NTP ceiling (MW/1000), floored at existing+commissioned",2026-06-25,Konstantin Loffler <kl@wip.tu-berlin.de>
ERCOT,MISO,Power,2035,2.687833,,GW,"IC transfer capability, High/NTP ceiling (MW/1000), floored at existing+commissioned",2026-06-25,Konstantin Loffler <kl@wip.tu-berlin.de>
ERCOT,MISO,Power,2036,2.768468,,GW,"IC transfer capability, High/NTP ceiling (MW/1000), floored at existing+commissioned",2026-06-25,Konstantin Loffler <kl@wip.tu-berlin.de>
ERCOT,MISO,Power,2037,2.851522,,GW,"IC transfer capability, High/NTP ceiling (MW/1000), floored at existing+commissioned",2026-06-25,Konstantin Loffler <kl@wip.tu-berlin.de>
ERCOT,MISO,Power,2038,2.937067,,GW,"IC transfer capability, High/NTP ceiling (MW/1000), floored at existing+commissioned",2026-06-25,Konstantin Loffler <kl@wip.tu-berlin.de>
ERCOT,MISO,Power,2039,3.025179,,GW,"IC transfer capability, High/NTP ceiling (MW/1000), floored at existing+commissioned",2026-06-25,Konstantin Loffler <kl@wip.tu-berlin.de>
ERCOT,MISO,Power,2040,3.115935,,GW,"IC transfer capability, High/NTP ceiling (MW/1000), floored at existing+commissioned",2026-06-25,Konstantin Loffler <kl@wip.tu-berlin.de>
ERCOT,SERC,Power,2025,0.0,,GW,"IC transfer capability, High/NTP ceiling (MW/1000), floored at existing+commissioned",2026-06-25,Konstantin Loffler <kl@wip.tu-berlin.de>
ERCOT,SERC,Power,2026,0.0,,GW,"IC transfer capability, High/NTP ceiling (MW/1000), floored at existing+commissioned",2026-06-25,Konstantin Loffler <kl@wip.tu-berlin.de>
ERCOT,SERC,Power,2027,0.0,,GW,"IC transfer capability, High/NTP ceiling (MW/1000), floored at existing+commissioned",2026-06-25,Konstantin Loffler <kl@wip.tu-berlin.de>
ERCOT,SERC,Power,2028,0.0,,GW,"IC transfer capability, High/NTP ceiling (MW/1000), floored at existing+commissioned",2026-06-25,Konstantin Loffler <kl@wip.tu-berlin.de>
ERCOT,SERC,Power,2029,0.0,,GW,"IC transfer capability, High/NTP ceiling (MW/1000), floored at existing+commissioned",2026-06-25,Konstantin Loffler <kl@wip.tu-berlin.de>
ERCOT,SERC,Power,2030,0.0,,GW,"IC transfer capability, High/NTP ceiling (MW/1000), floored at existing+commissioned",2026-06-25,Konstantin Loffler <kl@wip.tu-berlin.de>
ERCOT,SERC,Power,2031,0.0,,GW,"IC transfer capability, High/NTP ceiling (MW/1000), floored at existing+commissioned",2026-06-25,Konstantin Loffler <kl@wip.tu-berlin.de>
ERCOT,SERC,Power,2032,0.0,,GW,"IC transfer capability, High/NTP ceiling (MW/1000), floored at existing+commissioned",2026-06-25,Konstantin Loffler <kl@wip.tu-berlin.de>
ERCOT,SERC,Power,2033,0.0,,GW,"IC transfer capability, High/NTP ceiling (MW/1000), floored at existing+commissioned",2026-06-25,Konstantin Loffler <kl@wip.tu-berlin.de>
ERCOT,SERC,Power,2034,0.0,,GW,"IC transfer capability, High/NTP ceiling (MW/1000), floored at existing+commissioned",2026-06-25,Konstantin Loffler <kl@wip.tu-berlin.de>
ERCOT,SERC,Power,2035,0.0,,GW,"IC transfer capability, High/NTP ceiling (MW/1000), floored at existing+commissioned",2026-06-25,Konstantin Loffler <kl@wip.tu-berlin.de>
ERCOT,SERC,Power,2036,0.0,,GW,"IC transfer capability, High/NTP ceiling (MW/1000), floored at existing+commissioned",2026-06-25,Konstantin Loffler <kl@wip.tu-berlin.de>
ERCOT,SERC,Power,2037,0.0,,GW,"IC transfer capability, High/NTP ceiling (MW/1000), floored at existing+commissioned",2026-06-25,Konstantin Loffler <kl@wip.tu-berlin.de>
ERCOT,SERC,Power,2038,0.0,,GW,"IC transfer capability, High/NTP ceiling (MW/1000), floored at existing+commissioned",2026-06-25,Konstantin Loffler <kl@wip.tu-berlin.de>
ERCOT,SERC,Power,2039,0.0,,GW,"IC transfer capability, High/NTP ceiling (MW/1000), floored at existing+commissioned",2026-06-25,Konstantin Loffler <kl@wip.tu-berlin.de>
ERCOT,SERC,Power,2040,0.0,,GW,"IC transfer capability, High/NTP ceiling (MW/1000), floored at existing+commissioned",2026-06-25,Konstantin Loffler <kl@wip.tu-berlin.de>
ERCOT,SPP,Power,2025,3.0,,GW,"IC transfer capability, High/NTP ceiling (MW/1000), floored at existing+commissioned",2026-06-25,Konstantin Loffler <kl@wip.tu-berlin.de>
ERCOT,SPP,Power,2026,3.09,,GW,"IC transfer capability, High/NTP ceiling (MW/1000), floored at existing+commissioned",2026-06-25,Konstantin Loffler <kl@wip.tu-berlin.de>
ERCOT,SPP,Power,2027,3.1827,,GW,"IC transfer capability, High/NTP ceiling (MW/1000), floored at existing+commissioned",2026-06-25,Konstantin Loffler <kl@wip.tu-berlin.de>
ERCOT,SPP,Power,2028,3.278181,,GW,"IC transfer capability, High/NTP ceiling (MW/1000), floored at existing+commissioned",2026-06-25,Konstantin Loffler <kl@wip.tu-berlin.de>
ERCOT,SPP,Power,2029,3.376526,,GW,"IC transfer capability, High/NTP ceiling (MW/1000), floored at existing+commissioned",2026-06-25,Konstantin Loffler <kl@wip.tu-berlin.de>
ERCOT,SPP,Power,2030,3.477822,,GW,"IC transfer capability, High/NTP ceiling (MW/1000), floored at existing+commissioned",2026-06-25,Konstantin Loffler <kl@wip.tu-berlin.de>
ERCOT,SPP,Power,2031,3.582157,,GW,"IC transfer capability, High/NTP ceiling (MW/1000), floored at existing+commissioned",2026-06-25,Konstantin Loffler <kl@wip.tu-berlin.de>
ERCOT,SPP,Power,2032,3.689622,,GW,"IC transfer capability, High/NTP ceiling (MW/1000), floored at existing+commissioned",2026-06-25,Konstantin Loffler <kl@wip.tu-berlin.de>
ERCOT,SPP,Power,2033,3.80031,,GW,"IC transfer capability, High/NTP ceiling (MW/1000), floored at existing+commissioned",2026-06-25,Konstantin Loffler <kl@wip.tu-berlin.de>
ERCOT,SPP,Power,2034,3.91432,,GW,"IC transfer capability, High/NTP ceiling (MW/1000), floored at existing+commissioned",2026-06-25,Konstantin Loffler <kl@wip.tu-berlin.de>
ERCOT,SPP,Power,2035,4.031749,,GW,"IC transfer capability, High/NTP ceiling (MW/1000), floored at existing+commissioned",2026-06-25,Konstantin Loffler <kl@wip.tu-berlin.de>
ERCOT,SPP,Power,2036,4.152702,,GW,"IC transfer capability, High/NTP ceiling (MW/1000), floored at existing+commissioned",2026-06-25,Konstantin Loffler <kl@wip.tu-berlin.de>
ERCOT,SPP,Power,2037,4.277283,,GW,"IC transfer capability, High/NTP ceiling (MW/1000), floored at existing+commissioned",2026-06-25,Konstantin Loffler <kl@wip.tu-berlin.de>
ERCOT,SPP,Power,2038,4.405601,,GW,"IC transfer capability, High/NTP ceiling (MW/1000), floored at existing+commissioned",2026-06-25,Konstantin Loffler <kl@wip.tu-berlin.de>
ERCOT,SPP,Power,2039,4.537769,,GW,"IC transfer capability, High/NTP ceiling (MW/1000), floored at existing+commissioned",2026-06-25,Konstantin Loffler <kl@wip.tu-berlin.de>
ERCOT,SPP,Power,2040,4.673902,,GW,"IC transfer capability, High/NTP ceiling (MW/1000), floored at existing+commissioned",2026-06-25,Konstantin Loffler <kl@wip.tu-berlin.de>
ERCOT,WECC,Power,2025,0.0,,GW,"IC transfer capability, High/NTP ceiling (MW/1000), floored at existing+commissioned",2026-06-25,Konstantin Loffler <kl@wip.tu-berlin.de>
ERCOT,WECC,Power,2026,2.06,,GW,"IC transfer capability, High/NTP ceiling (MW/1000), floored at existing+commissioned",2026-06-25,Konstantin Loffler <kl@wip.tu-berlin.de>
ERCOT,WECC,Power,2027,2.1218,,GW,"IC transfer capability, High/NTP ceiling (MW/1000), floored at existing+commissioned",2026-06-25,Konstantin Loffler <kl@wip.tu-berlin.de>
ERCOT,WECC,Power,2028,2.185454,,GW,"IC transfer capability, High/NTP ceiling (MW/1000), floored at existing+commissioned",2026-06-25,Konstantin Loffler <kl@wip.tu-berlin.de>
ERCOT,WECC,Power,2029,2.251018,,GW,"IC transfer capability, High/NTP ceiling (MW/1000), floored at existing+commissioned",2026-06-25,Konstantin Loffler <kl@wip.tu-berlin.de>
ERCOT,WECC,Power,2030,2.318548,,GW,"IC transfer capability, High/NTP ceiling (MW/1000), floored at existing+commissioned",2026-06-25,Konstantin Loffler <kl@wip.tu-berlin.de>
ERCOT,WECC,Power,2031,2.388105,,GW,"IC transfer capability, High/NTP ceiling (MW/1000), floored at existing+commissioned",2026-06-25,Konstantin Loffler <kl@wip.tu-berlin.de>
ERCOT,WECC,Power,2032,2.459748,,GW,"IC transfer capability, High/NTP ceiling (MW/1000), floored at existing+commissioned",2026-06-25,Konstantin Loffler <kl@wip.tu-berlin.de>
ERCOT,WECC,Power,2033,2.53354,,GW,"IC transfer capability, High/NTP ceiling (MW/1000), floored at existing+commissioned",2026-06-25,Konstantin Loffler <kl@wip.tu-berlin.de>
ERCOT,WECC,Power,2034,2.609546,,GW,"IC transfer capability, High/NTP ceiling (MW/1000), floored at existing+commissioned",2026-06-25,Konstantin Loffler <kl@wip.tu-berlin.de>
ERCOT,WECC,Power,2035,2.687833,,GW,"IC transfer capability, High/NTP ceiling (MW/1000), floored at existing+commissioned",2026-06-25,Konstantin Loffler <kl@wip.tu-berlin.de>
ERCOT,WECC,Power,2036,2.768468,,GW,"IC transfer capability, High/NTP ceiling (MW/1000), floored at existing+commissioned",2026-06-25,Konstantin Loffler <kl@wip.tu-berlin.de>
ERCOT,WECC,Power,2037,2.851522,,GW,"IC transfer capability, High/NTP ceiling (MW/1000), floored at existing+commissioned",2026-06-25,Konstantin Loffler <kl@wip.tu-berlin.de>
ERCOT,WECC,Power,2038,2.937067,,GW,"IC transfer capability, High/NTP ceiling (MW/1000), floored at existing+commissioned",2026-06-25,Konstantin Loffler <kl@wip.tu-berlin.de>
ERCOT,WECC,Power,2039,3.025179,,GW,"IC transfer capability, High/NTP ceiling (MW/1000), floored at existing+commissioned",2026-06-25,Konstantin Loffler <kl@wip.tu-berlin.de>
ERCOT,WECC,Power,2040,3.115935,,GW,"IC transfer capability, High/NTP ceiling (MW/1000), floored at existing+commissioned",2026-06-25,Konstantin Loffler <kl@wip.tu-berlin.de>
NewEngland,Canada,Power,2025,2.268,,GW,"IC transfer capability, High/NTP ceiling (MW/1000), floored at existing+commissioned",2026-06-25,Konstantin Loffler <kl@wip.tu-berlin.de>
NewEngland,Canada,Power,2026,2.33604,,GW,"IC transfer capability, High/NTP ceiling (MW/1000), floored at existing+commissioned",2026-06-25,Konstantin Loffler <kl@wip.tu-berlin.de>
NewEngland,Canada,Power,2027,2.406121,,GW,"IC transfer capability, High/NTP ceiling (MW/1000), floored at existing+commissioned",2026-06-25,Konstantin Loffler <kl@wip.tu-berlin.de>
NewEngland,Canada,Power,2028,2.478305,,GW,"IC transfer capability, High/NTP ceiling (MW/1000), floored at existing+commissioned",2026-06-25,Konstantin Loffler <kl@wip.tu-berlin.de>
NewEngland,Canada,Power,2029,2.552654,,GW,"IC transfer capability, High/NTP ceiling (MW/1000), floored at existing+commissioned",2026-06-25,Konstantin Loffler <kl@wip.tu-berlin.de>
NewEngland,Canada,Power,2030,2.629234,,GW,"IC transfer capability, High/NTP ceiling (MW/1000), floored at existing+commissioned",2026-06-25,Konstantin Loffler <kl@wip.tu-berlin.de>
NewEngland,Canada,Power,2031,2.708111,,GW,"IC transfer capability, High/NTP ceiling (MW/1000), floored at existing+commissioned",2026-06-25,Konstantin Loffler <kl@wip.tu-berlin.de>
NewEngland,Canada,Power,2032,2.789354,,GW,"IC transfer capability, High/NTP ceiling (MW/1000), floored at existing+commissioned",2026-06-25,Konstantin Loffler <kl@wip.tu-berlin.de>
NewEngland,Canada,Power,2033,2.873035,,GW,"IC transfer capability, High/NTP ceiling (MW/1000), floored at existing+commissioned",2026-06-25,Konstantin Loffler <kl@wip.tu-berlin.de>
NewEngland,Canada,Power,2034,2.959226,,GW,"IC transfer capability, High/NTP ceiling (MW/1000), floored at existing+commissioned",2026-06-25,Konstantin Loffler <kl@wip.tu-berlin.de>
NewEngland,Canada,Power,2035,3.048002,,GW,"IC transfer capability, High/NTP ceiling (MW/1000), floored at existing+commissioned",2026-06-25,Konstantin Loffler <kl@wip.tu-berlin.de>
NewEngland,Canada,Power,2036,3.139442,,GW,"IC transfer capability, High/NTP ceiling (MW/1000), floored at existing+commissioned",2026-06-25,Konstantin Loffler <kl@wip.tu-berlin.de>
NewEngland,Canada,Power,2037,3.233626,,GW,"IC transfer capability, High/NTP ceiling (MW/1000), floored at existing+commissioned",2026-06-25,Konstantin Loffler <kl@wip.tu-berlin.de>
NewEngland,Canada,Power,2038,3.330634,,GW,"IC transfer capability, High/NTP ceiling (MW/1000), floored at existing+commissioned",2026-06-25,Konstantin Loffler <kl@wip.tu-berlin.de>
NewEngland,Canada,Power,2039,3.430553,,GW,"IC transfer capability, High/NTP ceiling (MW/1000), floored at existing+commissioned",2026-06-25,Konstantin Loffler <kl@wip.tu-berlin.de>
NewEngland,Canada,Power,2040,3.53347,,GW,"IC transfer capability, High/NTP ceiling (MW/1000), floored at existing+commissioned",2026-06-25,Konstantin Loffler <kl@wip.tu-berlin.de>
NewEngland,NewYork,Power,2025,3.502,,GW,"IC transfer capability, High/NTP ceiling (MW/1000), floored at existing+commissioned",2026-06-25,Konstantin Loffler <kl@wip.tu-berlin.de>
NewEngland,NewYork,Power,2026,3.60706,,GW,"IC transfer capability, High/NTP ceiling (MW/1000), floored at existing+commissioned",2026-06-25,Konstantin Loffler <kl@wip.tu-berlin.de>
NewEngland,NewYork,Power,2027,3.715272,,GW,"IC transfer capability, High/NTP ceiling (MW/1000), floored at existing+commissioned",2026-06-25,Konstantin Loffler <kl@wip.tu-berlin.de>
NewEngland,NewYork,Power,2028,3.82673,,GW,"IC transfer capability, High/NTP ceiling (MW/1000), floored at existing+commissioned",2026-06-25,Konstantin Loffler <kl@wip.tu-berlin.de>
NewEngland,NewYork,Power,2029,3.941532,,GW,"IC transfer capability, High/NTP ceiling (MW/1000), floored at existing+commissioned",2026-06-25,Konstantin Loffler <kl@wip.tu-berlin.de>
NewEngland,NewYork,Power,2030,4.059778,,GW,"IC transfer capability, High/NTP ceiling (MW/1000), floored at existing+commissioned",2026-06-25,Konstantin Loffler <kl@wip.tu-berlin.de>
NewEngland,NewYork,Power,2031,4.181571,,GW,"IC transfer capability, High/NTP ceiling (MW/1000), floored at existing+commissioned",2026-06-25,Konstantin Loffler <kl@wip.tu-berlin.de>
NewEngland,NewYork,Power,2032,4.307018,,GW,"IC transfer capability, High/NTP ceiling (MW/1000), floored at existing+commissioned",2026-06-25,Konstantin Loffler <kl@wip.tu-berlin.de>
NewEngland,NewYork,Power,2033,4.436229,,GW,"IC transfer capability, High/NTP ceiling (MW/1000), floored at existing+commissioned",2026-06-25,Konstantin Loffler <kl@wip.tu-berlin.de>
NewEngland,NewYork,Power,2034,4.569316,,GW,"IC transfer capability, High/NTP ceiling (MW/1000), floored at existing+commissioned",2026-06-25,Konstantin Loffler <kl@wip.tu-berlin.de>
NewEngland,NewYork,Power,2035,4.706395,,GW,"IC transfer capability, High/NTP ceiling (MW/1000), floored at existing+commissioned",2026-06-25,Konstantin Loffler <kl@wip.tu-berlin.de>
NewEngland,NewYork,Power,2036,4.847587,,GW,"IC transfer capability, High/NTP ceiling (MW/1000), floored at existing+commissioned",2026-06-25,Konstantin Loffler <kl@wip.tu-berlin.de>
NewEngland,NewYork,Power,2037,4.993015,,GW,"IC transfer capability, High/NTP ceiling (MW/1000), floored at existing+commissioned",2026-06-25,Konstantin Loffler <kl@wip.tu-berlin.de>
NewEngland,NewYork,Power,2038,5.142805,,GW,"IC transfer capability, High/NTP ceiling (MW/1000), floored at existing+commissioned",2026-06-25,Konstantin Loffler <kl@wip.tu-berlin.de>
NewEngland,NewYork,Power,2039,5.297089,,GW,"IC transfer capability, High/NTP ceiling (MW/1000), floored at existing+commissioned",2026-06-25,Konstantin Loffler <kl@wip.tu-berlin.de>
NewEngland,NewYork,Power,2040,5.456002,,GW,"IC transfer capability, High/NTP ceiling (MW/1000), floored at existing+commissioned",2026-06-25,Konstantin Loffler <kl@wip.tu-berlin.de>
MISO,Canada,Power,2025,4.821,,GW,"IC transfer capability, High/NTP ceiling (MW/1000), floored at existing+commissioned",2026-06-25,Konstantin Loffler <kl@wip.tu-berlin.de>
MISO,Canada,Power,2026,4.96563,,GW,"IC transfer capability, High/NTP ceiling (MW/1000), floored at existing+commissioned",2026-06-25,Konstantin Loffler <kl@wip.tu-berlin.de>
MISO,Canada,Power,2027,5.045,,GW,"IC transfer capability, High/NTP ceiling (MW/1000), floored at existing+commissioned",2026-06-25,Konstantin Loffler <kl@wip.tu-berlin.de>
MISO,Canada,Power,2028,5.045,,GW,"IC transfer capability, High/NTP ceiling (MW/1000), floored at existing+commissioned",2026-06-25,Konstantin Loffler <kl@wip.tu-berlin.de>
MISO,Canada,Power,2029,5.045,,GW,"IC transfer capability, High/NTP ceiling (MW/1000), floored at existing+commissioned",2026-06-25,Konstantin Loffler <kl@wip.tu-berlin.de>
MISO,Canada,Power,2030,5.045,,GW,"IC transfer capability, High/NTP ceiling (MW/1000), floored at existing+commissioned",2026-06-25,Konstantin Loffler <kl@wip.tu-berlin.de>
MISO,Canada,Power,2031,5.045,,GW,"IC transfer capability, High/NTP ceiling (MW/1000), floored at existing+commissioned",2026-06-25,Konstantin Loffler <kl@wip.tu-berlin.de>
MISO,Canada,Power,2032,5.045,,GW,"IC transfer capability, High/NTP ceiling (MW/1000), floored at existing+commissioned",2026-06-25,Konstantin Loffler <kl@wip.tu-berlin.de>
MISO,Canada,Power,2033,5.045,,GW,"IC transfer capability, High/NTP ceiling (MW/1000), floored at existing+commissioned",2026-06-25,Konstantin Loffler <kl@wip.tu-berlin.de>
MISO,Canada,Power,2034,5.045,,GW,"IC transfer capability, High/NTP ceiling (MW/1000), floored at existing+commissioned",2026-06-25,Konstantin Loffler <kl@wip.tu-berlin.de>
MISO,Canada,Power,2035,5.045,,GW,"IC transfer capability, High/NTP ceiling (MW/1000), floored at existing+commissioned",2026-06-25,Konstantin Loffler <kl@wip.tu-berlin.de>
MISO,Canada,Power,2036,5.045,,GW,"IC transfer capability, High/NTP ceiling (MW/1000), floored at existing+commissioned",2026-06-25,Konstantin Loffler <kl@wip.tu-berlin.de>
MISO,Canada,Power,2037,5.045,,GW,"IC transfer capability, High/NTP ceiling (MW/1000), floored at existing+commissioned",2026-06-25,Konstantin Loffler <kl@wip.tu-berlin.de>
MISO,Canada,Power,2038,5.045,,GW,"IC transfer capability, High/NTP ceiling (MW/1000), floored at existing+commissioned",2026-06-25,Konstantin Loffler <kl@wip.tu-berlin.de>
MISO,Canada,Power,2039,5.045,,GW,"IC transfer capability, High/NTP ceiling (MW/1000), floored at existing+commissioned",2026-06-25,Konstantin Loffler <kl@wip.tu-berlin.de>
MISO,Canada,Power,2040,5.045,,GW,"IC transfer capability, High/NTP ceiling (MW/1000), floored at existing+commissioned",2026-06-25,Konstantin Loffler <kl@wip.tu-berlin.de>
MISO,ERCOT,Power,2025,0.0,,GW,"IC transfer capability, High/NTP ceiling (MW/1000), floored at existing+commissioned",2026-06-25,Konstantin Loffler <kl@wip.tu-berlin.de>
MISO,ERCOT,Power,2026,1.1092,,GW,"IC transfer capability, High/NTP ceiling (MW/1000), floored at existing+commissioned",2026-06-25,Konstantin Loffler <kl@wip.tu-berlin.de>
MISO,ERCOT,Power,2027,2.1218,,GW,"IC transfer capability, High/NTP ceiling (MW/1000), floored at existing+commissioned",2026-06-25,Konstantin Loffler <kl@wip.tu-berlin.de>
MISO,ERCOT,Power,2028,2.185454,,GW,"IC transfer capability, High/NTP ceiling (MW/1000), floored at existing+commissioned",2026-06-25,Konstantin Loffler <kl@wip.tu-berlin.de>
MISO,ERCOT,Power,2029,2.251018,,GW,"IC transfer capability, High/NTP ceiling (MW/1000), floored at existing+commissioned",2026-06-25,Konstantin Loffler <kl@wip.tu-berlin.de>
MISO,ERCOT,Power,2030,2.318548,,GW,"IC transfer capability, High/NTP ceiling (MW/1000), floored at existing+commissioned",2026-06-25,Konstantin Loffler <kl@wip.tu-berlin.de>
MISO,ERCOT,Power,2031,2.388105,,GW,"IC transfer capability, High/NTP ceiling (MW/1000), floored at existing+commissioned",2026-06-25,Konstantin Loffler <kl@wip.tu-berlin.de>
MISO,ERCOT,Power,2032,2.459748,,GW,"IC transfer capability, High/NTP ceiling (MW/1000), floored at existing+commissioned",2026-06-25,Konstantin Loffler <kl@wip.tu-berlin.de>
MISO,ERCOT,Power,2033,2.53354,,GW,"IC transfer capability, High/NTP ceiling (MW/1000), floored at existing+commissioned",2026-06-25,Konstantin Loffler <kl@wip.tu-berlin.de>
MISO,ERCOT,Power,2034,2.609546,,GW,"IC transfer capability, High/NTP ceiling (MW/1000), floored at existing+commissioned",2026-06-25,Konstantin Loffler <kl@wip.tu-berlin.de>
MISO,ERCOT,Power,2035,2.687833,,GW,"IC transfer capability, High/NTP ceiling (MW/1000), floored at existing+commissioned",2026-06-25,Konstantin Loffler <kl@wip.tu-berlin.de>
MISO,ERCOT,Power,2036,2.768468,,GW,"IC transfer capability, High/NTP ceiling (MW/1000), floored at existing+commissioned",2026-06-25,Konstantin Loffler <kl@wip.tu-berlin.de>
MISO,ERCOT,Power,2037,2.851522,,GW,"IC transfer capability, High/NTP ceiling (MW/1000), floored at existing+commissioned",2026-06-25,Konstantin Loffler <kl@wip.tu-berlin.de>
MISO,ERCOT,Power,2038,2.937067,,GW,"IC transfer capability, High/NTP ceiling (MW/1000), floored at existing+commissioned",2026-06-25,Konstantin Loffler <kl@wip.tu-berlin.de>
MISO,ERCOT,Power,2039,3.025179,,GW,"IC transfer capability, High/NTP ceiling (MW/1000), floored at existing+commissioned",2026-06-25,Konstantin Loffler <kl@wip.tu-berlin.de>
MISO,ERCOT,Power,2040,3.115935,,GW,"IC transfer capability, High/NTP ceiling (MW/1000), floored at existing+commissioned",2026-06-25,Konstantin Loffler <kl@wip.tu-berlin.de>
MISO,PJM,Power,2025,2.0,,GW,"IC transfer capability, High/NTP ceiling (MW/1000), floored at existing+commissioned",2026-06-25,Konstantin Loffler <kl@wip.tu-berlin.de>
MISO,PJM,Power,2026,2.06,,GW,"IC transfer capability, High/NTP ceiling (MW/1000), floored at existing+commissioned",2026-06-25,Konstantin Loffler <kl@wip.tu-berlin.de>
MISO,PJM,Power,2027,2.1218,,GW,"IC transfer capability, High/NTP ceiling (MW/1000), floored at existing+commissioned",2026-06-25,Konstantin Loffler <kl@wip.tu-berlin.de>
MISO,PJM,Power,2028,2.185454,,GW,"IC transfer capability, High/NTP ceiling (MW/1000), floored at existing+commissioned",2026-06-25,Konstantin Loffler <kl@wip.tu-berlin.de>
MISO,PJM,Power,2029,2.251018,,GW,"IC transfer capability, High/NTP ceiling (MW/1000), floored at existing+commissioned",2026-06-25,Konstantin Loffler <kl@wip.tu-berlin.de>
MISO,PJM,Power,2030,2.318548,,GW,"IC transfer capability, High/NTP ceiling (MW/1000), floored at existing+commissioned",2026-06-25,Konstantin Loffler <kl@wip.tu-berlin.de>
MISO,PJM,Power,2031,2.388105,,GW,"IC transfer capability, High/NTP ceiling (MW/1000), floored at existing+commissioned",2026-06-25,Konstantin Loffler <kl@wip.tu-berlin.de>
MISO,PJM,Power,2032,2.459748,,GW,"IC transfer capability, High/NTP ceiling (MW/1000), floored at existing+commissioned",2026-06-25,Konstantin Loffler <kl@wip.tu-berlin.de>
MISO,PJM,Power,2033,2.53354,,GW,"IC transfer capability, High/NTP ceiling (MW/1000), floored at existing+commissioned",2026-06-25,Konstantin Loffler <kl@wip.tu-berlin.de>
MISO,PJM,Power,2034,2.609546,,GW,"IC transfer capability, High/NTP ceiling (MW/1000), floored at existing+commissioned",2026-06-25,Konstantin Loffler <kl@wip.tu-berlin.de>
MISO,PJM,Power,2035,2.687833,,GW,"IC transfer capability, High/NTP ceiling (MW/1000), floored at existing+commissioned",2026-06-25,Konstantin Loffler <kl@wip.tu-berlin.de>
MISO,PJM,Power,2036,2.768468,,GW,"IC transfer capability, High/NTP ceiling (MW/1000), floored at existing+commissioned",2026-06-25,Konstantin Loffler <kl@wip.tu-berlin.de>
MISO,PJM,Power,2037,2.851522,,GW,"IC transfer capability, High/NTP ceiling (MW/1000), floored at existing+commissioned",2026-06-25,Konstantin Loffler <kl@wip.tu-berlin.de>
MISO,PJM,Power,2038,2.937067,,GW,"IC transfer capability, High/NTP ceiling (MW/1000), floored at existing+commissioned",2026-06-25,Konstantin Loffler <kl@wip.tu-berlin.de>
MISO,PJM,Power,2039,3.025179,,GW,"IC transfer capability, High/NTP ceiling (MW/1000), floored at existing+commissioned",2026-06-25,Konstantin Loffler <kl@wip.tu-berlin.de>
MISO,PJM,Power,2040,3.115935,,GW,"IC transfer capability, High/NTP ceiling (MW/1000), floored at existing+commissioned",2026-06-25,Konstantin Loffler <kl@wip.tu-berlin.de>
MISO,SERC,Power,2025,3.111,,GW,"IC transfer capability, High/NTP ceiling (MW/1000), floored at existing+commissioned",2026-06-25,Konstantin Loffler <kl@wip.tu-berlin.de>
MISO,SERC,Power,2026,3.20433,,GW,"IC transfer capability, High/NTP ceiling (MW/1000), floored at existing+commissioned",2026-06-25,Konstantin Loffler <kl@wip.tu-berlin.de>
MISO,SERC,Power,2027,3.30046,,GW,"IC transfer capability, High/NTP ceiling (MW/1000), floored at existing+commissioned",2026-06-25,Konstantin Loffler <kl@wip.tu-berlin.de>
MISO,SERC,Power,2028,3.399474,,GW,"IC transfer capability, High/NTP ceiling (MW/1000), floored at existing+commissioned",2026-06-25,Konstantin Loffler <kl@wip.tu-berlin.de>
MISO,SERC,Power,2029,3.501458,,GW,"IC transfer capability, High/NTP ceiling (MW/1000), floored at existing+commissioned",2026-06-25,Konstantin Loffler <kl@wip.tu-berlin.de>
MISO,SERC,Power,2030,3.606502,,GW,"IC transfer capability, High/NTP ceiling (MW/1000), floored at existing+commissioned",2026-06-25,Konstantin Loffler <kl@wip.tu-berlin.de>
MISO,SERC,Power,2031,3.714697,,GW,"IC transfer capability, High/NTP ceiling (MW/1000), floored at existing+commissioned",2026-06-25,Konstantin Loffler <kl@wip.tu-berlin.de>
MISO,SERC,Power,2032,3.826138,,GW,"IC transfer capability, High/NTP ceiling (MW/1000), floored at existing+commissioned",2026-06-25,Konstantin Loffler <kl@wip.tu-berlin.de>
MISO,SERC,Power,2033,3.940922,,GW,"IC transfer capability, High/NTP ceiling (MW/1000), floored at existing+commissioned",2026-06-25,Konstantin Loffler <kl@wip.tu-berlin.de>
MISO,SERC,Power,2034,4.059149,,GW,"IC transfer capability, High/NTP ceiling (MW/1000), floored at existing+commissioned",2026-06-25,Konstantin Loffler <kl@wip.tu-berlin.de>
MISO,SERC,Power,2035,4.180924,,GW,"IC transfer capability, High/NTP ceiling (MW/1000), floored at existing+commissioned",2026-06-25,Konstantin Loffler <kl@wip.tu-berlin.de>
MISO,SERC,Power,2036,4.306352,,GW,"IC transfer capability, High/NTP ceiling (MW/1000), floored at existing+commissioned",2026-06-25,Konstantin Loffler <kl@wip.tu-berlin.de>
MISO,SERC,Power,2037,4.435542,,GW,"IC transfer capability, High/NTP ceiling (MW/1000), floored at existing+commissioned",2026-06-25,Konstantin Loffler <kl@wip.tu-berlin.de>
MISO,SERC,Power,2038,4.568608,,GW,"IC transfer capability, High/NTP ceiling (MW/1000), floored at existing+commissioned",2026-06-25,Konstantin Loffler <kl@wip.tu-berlin.de>
MISO,SERC,Power,2039,4.705667,,GW,"IC transfer capability, High/NTP ceiling (MW/1000), floored at existing+commissioned",2026-06-25,Konstantin Loffler <kl@wip.tu-berlin.de>
MISO,SERC,Power,2040,4.846837,,GW,"IC transfer capability, High/NTP ceiling (MW/1000), floored at existing+commissioned",2026-06-25,Konstantin Loffler <kl@wip.tu-berlin.de>
MISO,SPP,Power,2025,4.382,,GW,"IC transfer capability, High/NTP ceiling (MW/1000), floored at existing+commissioned",2026-06-25,Konstantin Loffler <kl@wip.tu-berlin.de>
MISO,SPP,Power,2026,4.51346,,GW,"IC transfer capability, High/NTP ceiling (MW/1000), floored at existing+commissioned",2026-06-25,Konstantin Loffler <kl@wip.tu-berlin.de>
MISO,SPP,Power,2027,4.648864,,GW,"IC transfer capability, High/NTP ceiling (MW/1000), floored at existing+commissioned",2026-06-25,Konstantin Loffler <kl@wip.tu-berlin.de>
MISO,SPP,Power,2028,4.78833,,GW,"IC transfer capability, High/NTP ceiling (MW/1000), floored at existing+commissioned",2026-06-25,Konstantin Loffler <kl@wip.tu-berlin.de>
MISO,SPP,Power,2029,4.93198,,GW,"IC transfer capability, High/NTP ceiling (MW/1000), floored at existing+commissioned",2026-06-25,Konstantin Loffler <kl@wip.tu-berlin.de>
MISO,SPP,Power,2030,5.079939,,GW,"IC transfer capability, High/NTP ceiling (MW/1000), floored at existing+commissioned",2026-06-25,Konstantin Loffler <kl@wip.tu-berlin.de>
MISO,SPP,Power,2031,5.232337,,GW,"IC transfer capability, High/NTP ceiling (MW/1000), floored at existing+commissioned",2026-06-25,Konstantin Loffler <kl@wip.tu-berlin.de>
MISO,SPP,Power,2032,5.389307,,GW,"IC transfer capability, High/NTP ceiling (MW/1000), floored at existing+commissioned",2026-06-25,Konstantin Loffler <kl@wip.tu-berlin.de>
MISO,SPP,Power,2033,5.550986,,GW,"IC transfer capability, High/NTP ceiling (MW/1000), floored at existing+commissioned",2026-06-25,Konstantin Loffler <kl@wip.tu-berlin.de>
MISO,SPP,Power,2034,5.717516,,GW,"IC transfer capability, High/NTP ceiling (MW/1000), floored at existing+commissioned",2026-06-25,Konstantin Loffler <kl@wip.tu-berlin.de>
MISO,SPP,Power,2035,5.889042,,GW,"IC transfer capability, High/NTP ceiling (MW/1000), floored at existing+commissioned",2026-06-25,Konstantin Loffler <kl@wip.tu-berlin.de>
MISO,SPP,Power,2036,6.065713,,GW,"IC transfer capability, High/NTP ceiling (MW/1000), floored at existing+commissioned",2026-06-25,Konstantin Loffler <kl@wip.tu-berlin.de>
MISO,SPP,Power,2037,6.247684,,GW,"IC transfer capability, High/NTP ceiling (MW/1000), floored at existing+commissioned",2026-06-25,Konstantin Loffler <kl@wip.tu-berlin.de>
MISO,SPP,Power,2038,6.435115,,GW,"IC transfer capability, High/NTP ceiling (MW/1000), floored at existing+commissioned",2026-06-25,Konstantin Loffler <kl@wip.tu-berlin.de>
MISO,SPP,Power,2039,6.628168,,GW,"IC transfer capability, High/NTP ceiling (MW/1000), floored at existing+commissioned",2026-06-25,Konstantin Loffler <kl@wip.tu-berlin.de>
MISO,SPP,Power,2040,6.827013,,GW,"IC transfer capability, High/NTP ceiling (MW/1000), floored at existing+commissioned",2026-06-25,Konstantin Loffler <kl@wip.tu-berlin.de>
MISO,WECC,Power,2025,0.0,,GW,"IC transfer capability, High/NTP ceiling (MW/1000), floored at existing+commissioned",2026-06-25,Konstantin Loffler <kl@wip.tu-berlin.de>
MISO,WECC,Power,2026,0.0,,GW,"IC transfer capability, High/NTP ceiling (MW/1000), floored at existing+commissioned",2026-06-25,Konstantin Loffler <kl@wip.tu-berlin.de>
MISO,WECC,Power,2027,0.0,,GW,"IC transfer capability, High/NTP ceiling (MW/1000), floored at existing+commissioned",2026-06-25,Konstantin Loffler <kl@wip.tu-berlin.de>
MISO,WECC,Power,2028,0.0,,GW,"IC transfer capability, High/NTP ceiling (MW/1000), floored at existing+commissioned",2026-06-25,Konstantin Loffler <kl@wip.tu-berlin.de>
MISO,WECC,Power,2029,0.0,,GW,"IC transfer capability, High/NTP ceiling (MW/1000), floored at existing+commissioned",2026-06-25,Konstantin Loffler <kl@wip.tu-berlin.de>
MISO,WECC,Power,2030,0.0,,GW,"IC transfer capability, High/NTP ceiling (MW/1000), floored at existing+commissioned",2026-06-25,Konstantin Loffler <kl@wip.tu-berlin.de>
MISO,WECC,Power,2031,0.66,,GW,"IC transfer capability, High/NTP ceiling (MW/1000), floored at existing+commissioned",2026-06-25,Konstantin Loffler <kl@wip.tu-berlin.de>
MISO,WECC,Power,2032,3.0,,GW,"IC transfer capability, High/NTP ceiling (MW/1000), floored at existing+commissioned",2026-06-25,Konstantin Loffler <kl@wip.tu-berlin.de>
MISO,WECC,Power,2033,3.0,,GW,"IC transfer capability, High/NTP ceiling (MW/1000), floored at existing+commissioned",2026-06-25,Konstantin Loffler <kl@wip.tu-berlin.de>
MISO,WECC,Power,2034,3.0,,GW,"IC transfer capability, High/NTP ceiling (MW/1000), floored at existing+commissioned",2026-06-25,Konstantin Loffler <kl@wip.tu-berlin.de>
MISO,WECC,Power,2035,3.0,,GW,"IC transfer capability, High/NTP ceiling (MW/1000), floored at existing+commissioned",2026-06-25,Konstantin Loffler <kl@wip.tu-berlin.de>
MISO,WECC,Power,2036,3.0,,GW,"IC transfer capability, High/NTP ceiling (MW/1000), floored at existing+commissioned",2026-06-25,Konstantin Loffler <kl@wip.tu-berlin.de>
MISO,WECC,Power,2037,3.0,,GW,"IC transfer capability, High/NTP ceiling (MW/1000), floored at existing+commissioned",2026-06-25,Konstantin Loffler <kl@wip.tu-berlin.de>
MISO,WECC,Power,2038,3.0,,GW,"IC transfer capability, High/NTP ceiling (MW/1000), floored at existing+commissioned",2026-06-25,Konstantin Loffler <kl@wip.tu-berlin.de>
MISO,WECC,Power,2039,3.025179,,GW,"IC transfer capability, High/NTP ceiling (MW/1000), floored at existing+commissioned",2026-06-25,Konstantin Loffler <kl@wip.tu-berlin.de>
MISO,WECC,Power,2040,3.115935,,GW,"IC transfer capability, High/NTP ceiling (MW/1000), floored at existing+commissioned",2026-06-25,Konstantin Loffler <kl@wip.tu-berlin.de>
NewYork,Canada,Power,2025,6.421,,GW,"IC transfer capability, High/NTP ceiling (MW/1000), floored at existing+commissioned",2026-06-25,Konstantin Loffler <kl@wip.tu-berlin.de>
NewYork,Canada,Power,2026,6.421,,GW,"IC transfer capability, High/NTP ceiling (MW/1000), floored at existing+commissioned",2026-06-25,Konstantin Loffler <kl@wip.tu-berlin.de>
NewYork,Canada,Power,2027,6.421,,GW,"IC transfer capability, High/NTP ceiling (MW/1000), floored at existing+commissioned",2026-06-25,Konstantin Loffler <kl@wip.tu-berlin.de>
NewYork,Canada,Power,2028,6.421,,GW,"IC transfer capability, High/NTP ceiling (MW/1000), floored at existing+commissioned",2026-06-25,Konstantin Loffler <kl@wip.tu-berlin.de>
NewYork,Canada,Power,2029,6.421,,GW,"IC transfer capability, High/NTP ceiling (MW/1000), floored at existing+commissioned",2026-06-25,Konstantin Loffler <kl@wip.tu-berlin.de>
NewYork,Canada,Power,2030,6.421,,GW,"IC transfer capability, High/NTP ceiling (MW/1000), floored at existing+commissioned",2026-06-25,Konstantin Loffler <kl@wip.tu-berlin.de>
NewYork,Canada,Power,2031,6.421,,GW,"IC transfer capability, High/NTP ceiling (MW/1000), floored at existing+commissioned",2026-06-25,Konstantin Loffler <kl@wip.tu-berlin.de>
NewYork,Canada,Power,2032,6.421,,GW,"IC transfer capability, High/NTP ceiling (MW/1000), floored at existing+commissioned",2026-06-25,Konstantin Loffler <kl@wip.tu-berlin.de>
NewYork,Canada,Power,2033,6.421,,GW,"IC transfer capability, High/NTP ceiling (MW/1000), floored at existing+commissioned",2026-06-25,Konstantin Loffler <kl@wip.tu-berlin.de>
NewYork,Canada,Power,2034,6.421,,GW,"IC transfer capability, High/NTP ceiling (MW/1000), floored at existing+commissioned",2026-06-25,Konstantin Loffler <kl@wip.tu-berlin.de>
NewYork,Canada,Power,2035,6.421,,GW,"IC transfer capability, High/NTP ceiling (MW/1000), floored at existing+commissioned",2026-06-25,Konstantin Loffler <kl@wip.tu-berlin.de>
NewYork,Canada,Power,2036,6.421,,GW,"IC transfer capability, High/NTP ceiling (MW/1000), floored at existing+commissioned",2026-06-25,Konstantin Loffler <kl@wip.tu-berlin.de>
NewYork,Canada,Power,2037,6.421,,GW,"IC transfer capability, High/NTP ceiling (MW/1000), floored at existing+commissioned",2026-06-25,Konstantin Loffler <kl@wip.tu-berlin.de>
NewYork,Canada,Power,2038,6.421,,GW,"IC transfer capability, High/NTP ceiling (MW/1000), floored at existing+commissioned",2026-06-25,Konstantin Loffler <kl@wip.tu-berlin.de>
NewYork,Canada,Power,2039,6.421,,GW,"IC transfer capability, High/NTP ceiling (MW/1000), floored at existing+commissioned",2026-06-25,Konstantin Loffler <kl@wip.tu-berlin.de>
NewYork,Canada,Power,2040,6.421,,GW,"IC transfer capability, High/NTP ceiling (MW/1000), floored at existing+commissioned",2026-06-25,Konstantin Loffler <kl@wip.tu-berlin.de>
NewYork,NewEngland,Power,2025,3.02,,GW,"IC transfer capability, High/NTP ceiling (MW/1000), floored at existing+commissioned",2026-06-25,Konstantin Loffler <kl@wip.tu-berlin.de>
NewYork,NewEngland,Power,2026,3.1106,,GW,"IC transfer capability, High/NTP ceiling (MW/1000), floored at existing+commissioned",2026-06-25,Konstantin Loffler <kl@wip.tu-berlin.de>
NewYork,NewEngland,Power,2027,3.203918,,GW,"IC transfer capability, High/NTP ceiling (MW/1000), floored at existing+commissioned",2026-06-25,Konstantin Loffler <kl@wip.tu-berlin.de>
NewYork,NewEngland,Power,2028,3.300036,,GW,"IC transfer capability, High/NTP ceiling (MW/1000), floored at existing+commissioned",2026-06-25,Konstantin Loffler <kl@wip.tu-berlin.de>
NewYork,NewEngland,Power,2029,3.399037,,GW,"IC transfer capability, High/NTP ceiling (MW/1000), floored at existing+commissioned",2026-06-25,Konstantin Loffler <kl@wip.tu-berlin.de>
NewYork,NewEngland,Power,2030,3.501008,,GW,"IC transfer capability, High/NTP ceiling (MW/1000), floored at existing+commissioned",2026-06-25,Konstantin Loffler <kl@wip.tu-berlin.de>
NewYork,NewEngland,Power,2031,3.606038,,GW,"IC transfer capability, High/NTP ceiling (MW/1000), floored at existing+commissioned",2026-06-25,Konstantin Loffler <kl@wip.tu-berlin.de>
NewYork,NewEngland,Power,2032,3.714219,,GW,"IC transfer capability, High/NTP ceiling (MW/1000), floored at existing+commissioned",2026-06-25,Konstantin Loffler <kl@wip.tu-berlin.de>
NewYork,NewEngland,Power,2033,3.825646,,GW,"IC transfer capability, High/NTP ceiling (MW/1000), floored at existing+commissioned",2026-06-25,Konstantin Loffler <kl@wip.tu-berlin.de>
NewYork,NewEngland,Power,2034,3.940415,,GW,"IC transfer capability, High/NTP ceiling (MW/1000), floored at existing+commissioned",2026-06-25,Konstantin Loffler <kl@wip.tu-berlin.de>
NewYork,NewEngland,Power,2035,4.058627,,GW,"IC transfer capability, High/NTP ceiling (MW/1000), floored at existing+commissioned",2026-06-25,Konstantin Loffler <kl@wip.tu-berlin.de>
NewYork,NewEngland,Power,2036,4.180386,,GW,"IC transfer capability, High/NTP ceiling (MW/1000), floored at existing+commissioned",2026-06-25,Konstantin Loffler <kl@wip.tu-berlin.de>
NewYork,NewEngland,Power,2037,4.305798,,GW,"IC transfer capability, High/NTP ceiling (MW/1000), floored at existing+commissioned",2026-06-25,Konstantin Loffler <kl@wip.tu-berlin.de>
NewYork,NewEngland,Power,2038,4.434972,,GW,"IC transfer capability, High/NTP ceiling (MW/1000), floored at existing+commissioned",2026-06-25,Konstantin Loffler <kl@wip.tu-berlin.de>
NewYork,NewEngland,Power,2039,4.568021,,GW,"IC transfer capability, High/NTP ceiling (MW/1000), floored at existing+commissioned",2026-06-25,Konstantin Loffler <kl@wip.tu-berlin.de>
NewYork,NewEngland,Power,2040,4.705062,,GW,"IC transfer capability, High/NTP ceiling (MW/1000), floored at existing+commissioned",2026-06-25,Konstantin Loffler <kl@wip.tu-berlin.de>
NewYork,PJM,Power,2025,6.523,,GW,"IC transfer capability, High/NTP ceiling (MW/1000), floored at existing+commissioned",2026-06-25,Konstantin Loffler <kl@wip.tu-berlin.de>
NewYork,PJM,Power,2026,6.604,,GW,"IC transfer capability, High/NTP ceiling (MW/1000), floored at existing+commissioned",2026-06-25,Konstantin Loffler <kl@wip.tu-berlin.de>
NewYork,PJM,Power,2027,6.604,,GW,"IC transfer capability, High/NTP ceiling (MW/1000), floored at existing+commissioned",2026-06-25,Konstantin Loffler <kl@wip.tu-berlin.de>
NewYork,PJM,Power,2028,6.604,,GW,"IC transfer capability, High/NTP ceiling (MW/1000), floored at existing+commissioned",2026-06-25,Konstantin Loffler <kl@wip.tu-berlin.de>
NewYork,PJM,Power,2029,6.604,,GW,"IC transfer capability, High/NTP ceiling (MW/1000), floored at existing+commissioned",2026-06-25,Konstantin Loffler <kl@wip.tu-berlin.de>
NewYork,PJM,Power,2030,6.604,,GW,"IC transfer capability, High/NTP ceiling (MW/1000), floored at existing+commissioned",2026-06-25,Konstantin Loffler <kl@wip.tu-berlin.de>
NewYork,PJM,Power,2031,7.788803,,GW,"IC transfer capability, High/NTP ceiling (MW/1000), floored at existing+commissioned",2026-06-25,Konstantin Loffler <kl@wip.tu-berlin.de>
NewYork,PJM,Power,2032,8.022467,,GW,"IC transfer capability, High/NTP ceiling (MW/1000), floored at existing+commissioned",2026-06-25,Konstantin Loffler <kl@wip.tu-berlin.de>
NewYork,PJM,Power,2033,8.263141,,GW,"IC transfer capability, High/NTP ceiling (MW/1000), floored at existing+commissioned",2026-06-25,Konstantin Loffler <kl@wip.tu-berlin.de>
NewYork,PJM,Power,2034,8.511035,,GW,"IC transfer capability, High/NTP ceiling (MW/1000), floored at existing+commissioned",2026-06-25,Konstantin Loffler <kl@wip.tu-berlin.de>
NewYork,PJM,Power,2035,8.766367,,GW,"IC transfer capability, High/NTP ceiling (MW/1000), floored at existing+commissioned",2026-06-25,Konstantin Loffler <kl@wip.tu-berlin.de>
NewYork,PJM,Power,2036,9.029358,,GW,"IC transfer capability, High/NTP ceiling (MW/1000), floored at existing+commissioned",2026-06-25,Konstantin Loffler <kl@wip.tu-berlin.de>
NewYork,PJM,Power,2037,9.300238,,GW,"IC transfer capability, High/NTP ceiling (MW/1000), floored at existing+commissioned",2026-06-25,Konstantin Loffler <kl@wip.tu-berlin.de>
NewYork,PJM,Power,2038,9.579245,,GW,"IC transfer capability, High/NTP ceiling (MW/1000), floored at existing+commissioned",2026-06-25,Konstantin Loffler <kl@wip.tu-berlin.de>
NewYork,PJM,Power,2039,9.866623,,GW,"IC transfer capability, High/NTP ceiling (MW/1000), floored at existing+commissioned",2026-06-25,Konstantin Loffler <kl@wip.tu-berlin.de>
NewYork,PJM,Power,2040,10.162621,,GW,"IC transfer capability, High/NTP ceiling (MW/1000), floored at existing+commissioned",2026-06-25,Konstantin Loffler <kl@wip.tu-berlin.de>
PJM,Canada,Power,2025,0.0,,GW,"IC transfer capability, High/NTP ceiling (MW/1000), floored at existing+commissioned",2026-06-25,Konstantin Loffler <kl@wip.tu-berlin.de>
PJM,Canada,Power,2026,0.0,,GW,"IC transfer capability, High/NTP ceiling (MW/1000), floored at existing+commissioned",2026-06-25,Konstantin Loffler <kl@wip.tu-berlin.de>
PJM,Canada,Power,2027,0.0,,GW,"IC transfer capability, High/NTP ceiling (MW/1000), floored at existing+commissioned",2026-06-25,Konstantin Loffler <kl@wip.tu-berlin.de>
PJM,Canada,Power,2028,0.0,,GW,"IC transfer capability, High/NTP ceiling (MW/1000), floored at existing+commissioned",2026-06-25,Konstantin Loffler <kl@wip.tu-berlin.de>
PJM,Canada,Power,2029,0.0,,GW,"IC transfer capability, High/NTP ceiling (MW/1000), floored at existing+commissioned",2026-06-25,Konstantin Loffler <kl@wip.tu-berlin.de>
PJM,Canada,Power,2030,0.0,,GW,"IC transfer capability, High/NTP ceiling (MW/1000), floored at existing+commissioned",2026-06-25,Konstantin Loffler <kl@wip.tu-berlin.de>
PJM,Canada,Power,2031,0.2,,GW,"IC transfer capability, High/NTP ceiling (MW/1000), floored at existing+commissioned",2026-06-25,Konstantin Loffler <kl@wip.tu-berlin.de>
PJM,Canada,Power,2032,0.4,,GW,"IC transfer capability, High/NTP ceiling (MW/1000), floored at existing+commissioned",2026-06-25,Konstantin Loffler <kl@wip.tu-berlin.de>
PJM,Canada,Power,2033,0.6,,GW,"IC transfer capability, High/NTP ceiling (MW/1000), floored at existing+commissioned",2026-06-25,Konstantin Loffler <kl@wip.tu-berlin.de>
PJM,Canada,Power,2034,0.8,,GW,"IC transfer capability, High/NTP ceiling (MW/1000), floored at existing+commissioned",2026-06-25,Konstantin Loffler <kl@wip.tu-berlin.de>
PJM,Canada,Power,2035,1.0,,GW,"IC transfer capability, High/NTP ceiling (MW/1000), floored at existing+commissioned",2026-06-25,Konstantin Loffler <kl@wip.tu-berlin.de>
PJM,Canada,Power,2036,1.0,,GW,"IC transfer capability, High/NTP ceiling (MW/1000), floored at existing+commissioned",2026-06-25,Konstantin Loffler <kl@wip.tu-berlin.de>
PJM,Canada,Power,2037,1.0,,GW,"IC transfer capability, High/NTP ceiling (MW/1000), floored at existing+commissioned",2026-06-25,Konstantin Loffler <kl@wip.tu-berlin.de>
PJM,Canada,Power,2038,1.0,,GW,"IC transfer capability, High/NTP ceiling (MW/1000), floored at existing+commissioned",2026-06-25,Konstantin Loffler <kl@wip.tu-berlin.de>
PJM,Canada,Power,2039,1.0,,GW,"IC transfer capability, High/NTP ceiling (MW/1000), floored at existing+commissioned",2026-06-25,Konstantin Loffler <kl@wip.tu-berlin.de>
PJM,Canada,Power,2040,1.0,,GW,"IC transfer capability, High/NTP ceiling (MW/1000), floored at existing+commissioned",2026-06-25,Konstantin Loffler <kl@wip.tu-berlin.de>
PJM,MISO,Power,2025,45.174,,GW,"IC transfer capability, High/NTP ceiling (MW/1000), floored at existing+commissioned",2026-06-25,Konstantin Loffler <kl@wip.tu-berlin.de>
PJM,MISO,Power,2026,46.52922,,GW,"IC transfer capability, High/NTP ceiling (MW/1000), floored at existing+commissioned",2026-06-25,Konstantin Loffler <kl@wip.tu-berlin.de>
PJM,MISO,Power,2027,47.925097,,GW,"IC transfer capability, High/NTP ceiling (MW/1000), floored at existing+commissioned",2026-06-25,Konstantin Loffler <kl@wip.tu-berlin.de>
PJM,MISO,Power,2028,49.362849,,GW,"IC transfer capability, High/NTP ceiling (MW/1000), floored at existing+commissioned",2026-06-25,Konstantin Loffler <kl@wip.tu-berlin.de>
PJM,MISO,Power,2029,50.843735,,GW,"IC transfer capability, High/NTP ceiling (MW/1000), floored at existing+commissioned",2026-06-25,Konstantin Loffler <kl@wip.tu-berlin.de>
PJM,MISO,Power,2030,52.369047,,GW,"IC transfer capability, High/NTP ceiling (MW/1000), floored at existing+commissioned",2026-06-25,Konstantin Loffler <kl@wip.tu-berlin.de>
PJM,MISO,Power,2031,53.940118,,GW,"IC transfer capability, High/NTP ceiling (MW/1000), floored at existing+commissioned",2026-06-25,Konstantin Loffler <kl@wip.tu-berlin.de>
PJM,MISO,Power,2032,55.558322,,GW,"IC transfer capability, High/NTP ceiling (MW/1000), floored at existing+commissioned",2026-06-25,Konstantin Loffler <kl@wip.tu-berlin.de>
PJM,MISO,Power,2033,57.225072,,GW,"IC transfer capability, High/NTP ceiling (MW/1000), floored at existing+commissioned",2026-06-25,Konstantin Loffler <kl@wip.tu-berlin.de>
PJM,MISO,Power,2034,58.941824,,GW,"IC transfer capability, High/NTP ceiling (MW/1000), floored at existing+commissioned",2026-06-25,Konstantin Loffler <kl@wip.tu-berlin.de>
PJM,MISO,Power,2035,60.710079,,GW,"IC transfer capability, High/NTP ceiling (MW/1000), floored at existing+commissioned",2026-06-25,Konstantin Loffler <kl@wip.tu-berlin.de>
PJM,MISO,Power,2036,62.531381,,GW,"IC transfer capability, High/NTP ceiling (MW/1000), floored at existing+commissioned",2026-06-25,Konstantin Loffler <kl@wip.tu-berlin.de>
PJM,MISO,Power,2037,64.407322,,GW,"IC transfer capability, High/NTP ceiling (MW/1000), floored at existing+commissioned",2026-06-25,Konstantin Loffler <kl@wip.tu-berlin.de>
PJM,MISO,Power,2038,66.339542,,GW,"IC transfer capability, High/NTP ceiling (MW/1000), floored at existing+commissioned",2026-06-25,Konstantin Loffler <kl@wip.tu-berlin.de>
PJM,MISO,Power,2039,68.329728,,GW,"IC transfer capability, High/NTP ceiling (MW/1000), floored at existing+commissioned",2026-06-25,Konstantin Loffler <kl@wip.tu-berlin.de>
PJM,MISO,Power,2040,70.37962,,GW,"IC transfer capability, High/NTP ceiling (MW/1000), floored at existing+commissioned",2026-06-25,Konstantin Loffler <kl@wip.tu-berlin.de>
PJM,NewYork,Power,2025,4.399,,GW,"IC transfer capability, High/NTP ceiling (MW/1000), floored at existing+commissioned",2026-06-25,Konstantin Loffler <kl@wip.tu-berlin.de>
PJM,NewYork,Power,2026,4.53097,,GW,"IC transfer capability, High/NTP ceiling (MW/1000), floored at existing+commissioned",2026-06-25,Konstantin Loffler <kl@wip.tu-berlin.de>
PJM,NewYork,Power,2027,4.666899,,GW,"IC transfer capability, High/NTP ceiling (MW/1000), floored at existing+commissioned",2026-06-25,Konstantin Loffler <kl@wip.tu-berlin.de>
PJM,NewYork,Power,2028,4.806906,,GW,"IC transfer capability, High/NTP ceiling (MW/1000), floored at existing+commissioned",2026-06-25,Konstantin Loffler <kl@wip.tu-berlin.de>
PJM,NewYork,Power,2029,4.951113,,GW,"IC transfer capability, High/NTP ceiling (MW/1000), floored at existing+commissioned",2026-06-25,Konstantin Loffler <kl@wip.tu-berlin.de>
PJM,NewYork,Power,2030,5.099647,,GW,"IC transfer capability, High/NTP ceiling (MW/1000), floored at existing+commissioned",2026-06-25,Konstantin Loffler <kl@wip.tu-berlin.de>
PJM,NewYork,Power,2031,5.252636,,GW,"IC transfer capability, High/NTP ceiling (MW/1000), floored at existing+commissioned",2026-06-25,Konstantin Loffler <kl@wip.tu-berlin.de>
PJM,NewYork,Power,2032,5.410215,,GW,"IC transfer capability, High/NTP ceiling (MW/1000), floored at existing+commissioned",2026-06-25,Konstantin Loffler <kl@wip.tu-berlin.de>
PJM,NewYork,Power,2033,5.572522,,GW,"IC transfer capability, High/NTP ceiling (MW/1000), floored at existing+commissioned",2026-06-25,Konstantin Loffler <kl@wip.tu-berlin.de>
PJM,NewYork,Power,2034,5.739697,,GW,"IC transfer capability, High/NTP ceiling (MW/1000), floored at existing+commissioned",2026-06-25,Konstantin Loffler <kl@wip.tu-berlin.de>
PJM,NewYork,Power,2035,5.911888,,GW,"IC transfer capability, High/NTP ceiling (MW/1000), floored at existing+commissioned",2026-06-25,Konstantin Loffler <kl@wip.tu-berlin.de>
PJM,NewYork,Power,2036,6.089245,,GW,"IC transfer capability, High/NTP ceiling (MW/1000), floored at existing+commissioned",2026-06-25,Konstantin Loffler <kl@wip.tu-berlin.de>
PJM,NewYork,Power,2037,6.271922,,GW,"IC transfer capability, High/NTP ceiling (MW/1000), floored at existing+commissioned",2026-06-25,Konstantin Loffler <kl@wip.tu-berlin.de>
PJM,NewYork,Power,2038,6.46008,,GW,"IC transfer capability, High/NTP ceiling (MW/1000), floored at existing+commissioned",2026-06-25,Konstantin Loffler <kl@wip.tu-berlin.de>
PJM,NewYork,Power,2039,6.653882,,GW,"IC transfer capability, High/NTP ceiling (MW/1000), floored at existing+commissioned",2026-06-25,Konstantin Loffler <kl@wip.tu-berlin.de>
PJM,NewYork,Power,2040,6.853499,,GW,"IC transfer capability, High/NTP ceiling (MW/1000), floored at existing+commissioned",2026-06-25,Konstantin Loffler <kl@wip.tu-berlin.de>
PJM,SERC,Power,2025,17.278,,GW,"IC transfer capability, High/NTP ceiling (MW/1000), floored at existing+commissioned",2026-06-25,Konstantin Loffler <kl@wip.tu-berlin.de>
PJM,SERC,Power,2026,17.278,,GW,"IC transfer capability, High/NTP ceiling (MW/1000), floored at existing+commissioned",2026-06-25,Konstantin Loffler <kl@wip.tu-berlin.de>
PJM,SERC,Power,2027,17.278,,GW,"IC transfer capability, High/NTP ceiling (MW/1000), floored at existing+commissioned",2026-06-25,Konstantin Loffler <kl@wip.tu-berlin.de>
PJM,SERC,Power,2028,17.278,,GW,"IC transfer capability, High/NTP ceiling (MW/1000), floored at existing+commissioned",2026-06-25,Konstantin Loffler <kl@wip.tu-berlin.de>
PJM,SERC,Power,2029,17.278,,GW,"IC transfer capability, High/NTP ceiling (MW/1000), floored at existing+commissioned",2026-06-25,Konstantin Loffler <kl@wip.tu-berlin.de>
PJM,SERC,Power,2030,17.596,,GW,"IC transfer capability, High/NTP ceiling (MW/1000), floored at existing+commissioned",2026-06-25,Konstantin Loffler <kl@wip.tu-berlin.de>
PJM,SERC,Power,2031,18.4948,,GW,"IC transfer capability, High/NTP ceiling (MW/1000), floored at existing+commissioned",2026-06-25,Konstantin Loffler <kl@wip.tu-berlin.de>
PJM,SERC,Power,2032,19.3936,,GW,"IC transfer capability, High/NTP ceiling (MW/1000), floored at existing+commissioned",2026-06-25,Konstantin Loffler <kl@wip.tu-berlin.de>
PJM,SERC,Power,2033,20.2924,,GW,"IC transfer capability, High/NTP ceiling (MW/1000), floored at existing+commissioned",2026-06-25,Konstantin Loffler <kl@wip.tu-berlin.de>
PJM,SERC,Power,2034,21.1912,,GW,"IC transfer capability, High/NTP ceiling (MW/1000), floored at existing+commissioned",2026-06-25,Konstantin Loffler <kl@wip.tu-berlin.de>
PJM,SERC,Power,2035,22.09,,GW,"IC transfer capability, High/NTP ceiling (MW/1000), floored at existing+commissioned",2026-06-25,Konstantin Loffler <kl@wip.tu-berlin.de>
PJM,SERC,Power,2036,23.4004,,GW,"IC transfer capability, High/NTP ceiling (MW/1000), floored at existing+commissioned",2026-06-25,Konstantin Loffler <kl@wip.tu-berlin.de>
PJM,SERC,Power,2037,24.634297,,GW,"IC transfer capability, High/NTP ceiling (MW/1000), floored at existing+commissioned",2026-06-25,Konstantin Loffler <kl@wip.tu-berlin.de>
PJM,SERC,Power,2038,25.373326,,GW,"IC transfer capability, High/NTP ceiling (MW/1000), floored at existing+commissioned",2026-06-25,Konstantin Loffler <kl@wip.tu-berlin.de>
PJM,SERC,Power,2039,26.134525,,GW,"IC transfer capability, High/NTP ceiling (MW/1000), floored at existing+commissioned",2026-06-25,Konstantin Loffler <kl@wip.tu-berlin.de>
PJM,SERC,Power,2040,26.918561,,GW,"IC transfer capability, High/NTP ceiling (MW/1000), floored at existing+commissioned",2026-06-25,Konstantin Loffler <kl@wip.tu-berlin.de>
PJM,SPP,Power,2025,0.0,,GW,"IC transfer capability, High/NTP ceiling (MW/1000), floored at existing+commissioned",2026-06-25,Konstantin Loffler <kl@wip.tu-berlin.de>
PJM,SPP,Power,2026,0.0,,GW,"IC transfer capability, High/NTP ceiling (MW/1000), floored at existing+commissioned",2026-06-25,Konstantin Loffler <kl@wip.tu-berlin.de>
PJM,SPP,Power,2027,0.0,,GW,"IC transfer capability, High/NTP ceiling (MW/1000), floored at existing+commissioned",2026-06-25,Konstantin Loffler <kl@wip.tu-berlin.de>
PJM,SPP,Power,2028,0.0,,GW,"IC transfer capability, High/NTP ceiling (MW/1000), floored at existing+commissioned",2026-06-25,Konstantin Loffler <kl@wip.tu-berlin.de>
PJM,SPP,Power,2029,0.0,,GW,"IC transfer capability, High/NTP ceiling (MW/1000), floored at existing+commissioned",2026-06-25,Konstantin Loffler <kl@wip.tu-berlin.de>
PJM,SPP,Power,2030,0.0,,GW,"IC transfer capability, High/NTP ceiling (MW/1000), floored at existing+commissioned",2026-06-25,Konstantin Loffler <kl@wip.tu-berlin.de>
PJM,SPP,Power,2031,0.5,,GW,"IC transfer capability, High/NTP ceiling (MW/1000), floored at existing+commissioned",2026-06-25,Konstantin Loffler <kl@wip.tu-berlin.de>
PJM,SPP,Power,2032,1.0,,GW,"IC transfer capability, High/NTP ceiling (MW/1000), floored at existing+commissioned",2026-06-25,Konstantin Loffler <kl@wip.tu-berlin.de>
PJM,SPP,Power,2033,1.5,,GW,"IC transfer capability, High/NTP ceiling (MW/1000), floored at existing+commissioned",2026-06-25,Konstantin Loffler <kl@wip.tu-berlin.de>
PJM,SPP,Power,2034,2.0,,GW,"IC transfer capability, High/NTP ceiling (MW/1000), floored at existing+commissioned",2026-06-25,Konstantin Loffler <kl@wip.tu-berlin.de>
PJM,SPP,Power,2035,2.5,,GW,"IC transfer capability, High/NTP ceiling (MW/1000), floored at existing+commissioned",2026-06-25,Konstantin Loffler <kl@wip.tu-berlin.de>
PJM,SPP,Power,2036,2.5,,GW,"IC transfer capability, High/NTP ceiling (MW/1000), floored at existing+commissioned",2026-06-25,Konstantin Loffler <kl@wip.tu-berlin.de>
PJM,SPP,Power,2037,2.5,,GW,"IC transfer capability, High/NTP ceiling (MW/1000), floored at existing+commissioned",2026-06-25,Konstantin Loffler <kl@wip.tu-berlin.de>
PJM,SPP,Power,2038,2.5,,GW,"IC transfer capability, High/NTP ceiling (MW/1000), floored at existing+commissioned",2026-06-25,Konstantin Loffler <kl@wip.tu-berlin.de>
PJM,SPP,Power,2039,2.5,,GW,"IC transfer capability, High/NTP ceiling (MW/1000), floored at existing+commissioned",2026-06-25,Konstantin Loffler <kl@wip.tu-berlin.de>
PJM,SPP,Power,2040,2.5,,GW,"IC transfer capability, High/NTP ceiling (MW/1000), floored at existing+commissioned",2026-06-25,Konstantin Loffler <kl@wip.tu-berlin.de>
SERC,ERCOT,Power,2025,0.0,,GW,"IC transfer capability, High/NTP ceiling (MW/1000), floored at existing+commissioned",2026-06-25,Konstantin Loffler <kl@wip.tu-berlin.de>
SERC,ERCOT,Power,2026,0.0,,GW,"IC transfer capability, High/NTP ceiling (MW/1000), floored at existing+commissioned",2026-06-25,Konstantin Loffler <kl@wip.tu-berlin.de>
SERC,ERCOT,Power,2027,0.0,,GW,"IC transfer capability, High/NTP ceiling (MW/1000), floored at existing+commissioned",2026-06-25,Konstantin Loffler <kl@wip.tu-berlin.de>
SERC,ERCOT,Power,2028,0.0,,GW,"IC transfer capability, High/NTP ceiling (MW/1000), floored at existing+commissioned",2026-06-25,Konstantin Loffler <kl@wip.tu-berlin.de>
SERC,ERCOT,Power,2029,0.0,,GW,"IC transfer capability, High/NTP ceiling (MW/1000), floored at existing+commissioned",2026-06-25,Konstantin Loffler <kl@wip.tu-berlin.de>
SERC,ERCOT,Power,2030,0.0,,GW,"IC transfer capability, High/NTP ceiling (MW/1000), floored at existing+commissioned",2026-06-25,Konstantin Loffler <kl@wip.tu-berlin.de>
SERC,ERCOT,Power,2031,0.0,,GW,"IC transfer capability, High/NTP ceiling (MW/1000), floored at existing+commissioned",2026-06-25,Konstantin Loffler <kl@wip.tu-berlin.de>
SERC,ERCOT,Power,2032,0.0,,GW,"IC transfer capability, High/NTP ceiling (MW/1000), floored at existing+commissioned",2026-06-25,Konstantin Loffler <kl@wip.tu-berlin.de>
SERC,ERCOT,Power,2033,0.0,,GW,"IC transfer capability, High/NTP ceiling (MW/1000), floored at existing+commissioned",2026-06-25,Konstantin Loffler <kl@wip.tu-berlin.de>
SERC,ERCOT,Power,2034,0.0,,GW,"IC transfer capability, High/NTP ceiling (MW/1000), floored at existing+commissioned",2026-06-25,Konstantin Loffler <kl@wip.tu-berlin.de>
SERC,ERCOT,Power,2035,0.0,,GW,"IC transfer capability, High/NTP ceiling (MW/1000), floored at existing+commissioned",2026-06-25,Konstantin Loffler <kl@wip.tu-berlin.de>
SERC,ERCOT,Power,2036,0.0,,GW,"IC transfer capability, High/NTP ceiling (MW/1000), floored at existing+commissioned",2026-06-25,Konstantin Loffler <kl@wip.tu-berlin.de>
SERC,ERCOT,Power,2037,0.0,,GW,"IC transfer capability, High/NTP ceiling (MW/1000), floored at existing+commissioned",2026-06-25,Konstantin Loffler <kl@wip.tu-berlin.de>
SERC,ERCOT,Power,2038,0.0,,GW,"IC transfer capability, High/NTP ceiling (MW/1000), floored at existing+commissioned",2026-06-25,Konstantin Loffler <kl@wip.tu-berlin.de>
SERC,ERCOT,Power,2039,0.0,,GW,"IC transfer capability, High/NTP ceiling (MW/1000), floored at existing+commissioned",2026-06-25,Konstantin Loffler <kl@wip.tu-berlin.de>
SERC,ERCOT,Power,2040,0.0,,GW,"IC transfer capability, High/NTP ceiling (MW/1000), floored at existing+commissioned",2026-06-25,Konstantin Loffler <kl@wip.tu-berlin.de>
SERC,MISO,Power,2025,20.71,,GW,"IC transfer capability, High/NTP ceiling (MW/1000), floored at existing+commissioned",2026-06-25,Konstantin Loffler <kl@wip.tu-berlin.de>
SERC,MISO,Power,2026,20.71,,GW,"IC transfer capability, High/NTP ceiling (MW/1000), floored at existing+commissioned",2026-06-25,Konstantin Loffler <kl@wip.tu-berlin.de>
SERC,MISO,Power,2027,20.71,,GW,"IC transfer capability, High/NTP ceiling (MW/1000), floored at existing+commissioned",2026-06-25,Konstantin Loffler <kl@wip.tu-berlin.de>
SERC,MISO,Power,2028,20.71,,GW,"IC transfer capability, High/NTP ceiling (MW/1000), floored at existing+commissioned",2026-06-25,Konstantin Loffler <kl@wip.tu-berlin.de>
SERC,MISO,Power,2029,22.0994,,GW,"IC transfer capability, High/NTP ceiling (MW/1000), floored at existing+commissioned",2026-06-25,Konstantin Loffler <kl@wip.tu-berlin.de>
SERC,MISO,Power,2030,23.851,,GW,"IC transfer capability, High/NTP ceiling (MW/1000), floored at existing+commissioned",2026-06-25,Konstantin Loffler <kl@wip.tu-berlin.de>
SERC,MISO,Power,2031,24.728823,,GW,"IC transfer capability, High/NTP ceiling (MW/1000), floored at existing+commissioned",2026-06-25,Konstantin Loffler <kl@wip.tu-berlin.de>
SERC,MISO,Power,2032,25.470688,,GW,"IC transfer capability, High/NTP ceiling (MW/1000), floored at existing+commissioned",2026-06-25,Konstantin Loffler <kl@wip.tu-berlin.de>
SERC,MISO,Power,2033,26.234808,,GW,"IC transfer capability, High/NTP ceiling (MW/1000), floored at existing+commissioned",2026-06-25,Konstantin Loffler <kl@wip.tu-berlin.de>
SERC,MISO,Power,2034,27.021853,,GW,"IC transfer capability, High/NTP ceiling (MW/1000), floored at existing+commissioned",2026-06-25,Konstantin Loffler <kl@wip.tu-berlin.de>
SERC,MISO,Power,2035,27.832508,,GW,"IC transfer capability, High/NTP ceiling (MW/1000), floored at existing+commissioned",2026-06-25,Konstantin Loffler <kl@wip.tu-berlin.de>
SERC,MISO,Power,2036,28.667483,,GW,"IC transfer capability, High/NTP ceiling (MW/1000), floored at existing+commissioned",2026-06-25,Konstantin Loffler <kl@wip.tu-berlin.de>
SERC,MISO,Power,2037,29.527508,,GW,"IC transfer capability, High/NTP ceiling (MW/1000), floored at existing+commissioned",2026-06-25,Konstantin Loffler <kl@wip.tu-berlin.de>
SERC,MISO,Power,2038,30.413333,,GW,"IC transfer capability, High/NTP ceiling (MW/1000), floored at existing+commissioned",2026-06-25,Konstantin Loffler <kl@wip.tu-berlin.de>
SERC,MISO,Power,2039,31.325733,,GW,"IC transfer capability, High/NTP ceiling (MW/1000), floored at existing+commissioned",2026-06-25,Konstantin Loffler <kl@wip.tu-berlin.de>
SERC,MISO,Power,2040,32.265505,,GW,"IC transfer capability, High/NTP ceiling (MW/1000), floored at existing+commissioned",2026-06-25,Konstantin Loffler <kl@wip.tu-berlin.de>
SERC,PJM,Power,2025,15.938,,GW,"IC transfer capability, High/NTP ceiling (MW/1000), floored at existing+commissioned",2026-06-25,Konstantin Loffler <kl@wip.tu-berlin.de>
SERC,PJM,Power,2026,15.938,,GW,"IC transfer capability, High/NTP ceiling (MW/1000), floored at existing+commissioned",2026-06-25,Konstantin Loffler <kl@wip.tu-berlin.de>
SERC,PJM,Power,2027,15.938,,GW,"IC transfer capability, High/NTP ceiling (MW/1000), floored at existing+commissioned",2026-06-25,Konstantin Loffler <kl@wip.tu-berlin.de>
SERC,PJM,Power,2028,15.938,,GW,"IC transfer capability, High/NTP ceiling (MW/1000), floored at existing+commissioned",2026-06-25,Konstantin Loffler <kl@wip.tu-berlin.de>
SERC,PJM,Power,2029,16.2612,,GW,"IC transfer capability, High/NTP ceiling (MW/1000), floored at existing+commissioned",2026-06-25,Konstantin Loffler <kl@wip.tu-berlin.de>
SERC,PJM,Power,2030,17.596,,GW,"IC transfer capability, High/NTP ceiling (MW/1000), floored at existing+commissioned",2026-06-25,Konstantin Loffler <kl@wip.tu-berlin.de>
SERC,PJM,Power,2031,18.4948,,GW,"IC transfer capability, High/NTP ceiling (MW/1000), floored at existing+commissioned",2026-06-25,Konstantin Loffler <kl@wip.tu-berlin.de>
SERC,PJM,Power,2032,19.3936,,GW,"IC transfer capability, High/NTP ceiling (MW/1000), floored at existing+commissioned",2026-06-25,Konstantin Loffler <kl@wip.tu-berlin.de>
SERC,PJM,Power,2033,20.189782,,GW,"IC transfer capability, High/NTP ceiling (MW/1000), floored at existing+commissioned",2026-06-25,Konstantin Loffler <kl@wip.tu-berlin.de>
SERC,PJM,Power,2034,20.795475,,GW,"IC transfer capability, High/NTP ceiling (MW/1000), floored at existing+commissioned",2026-06-25,Konstantin Loffler <kl@wip.tu-berlin.de>
SERC,PJM,Power,2035,21.419339,,GW,"IC transfer capability, High/NTP ceiling (MW/1000), floored at existing+commissioned",2026-06-25,Konstantin Loffler <kl@wip.tu-berlin.de>
SERC,PJM,Power,2036,22.061919,,GW,"IC transfer capability, High/NTP ceiling (MW/1000), floored at existing+commissioned",2026-06-25,Konstantin Loffler <kl@wip.tu-berlin.de>
SERC,PJM,Power,2037,22.723777,,GW,"IC transfer capability, High/NTP ceiling (MW/1000), floored at existing+commissioned",2026-06-25,Konstantin Loffler <kl@wip.tu-berlin.de>
SERC,PJM,Power,2038,23.40549,,GW,"IC transfer capability, High/NTP ceiling (MW/1000), floored at existing+commissioned",2026-06-25,Konstantin Loffler <kl@wip.tu-berlin.de>
SERC,PJM,Power,2039,24.107655,,GW,"IC transfer capability, High/NTP ceiling (MW/1000), floored at existing+commissioned",2026-06-25,Konstantin Loffler <kl@wip.tu-berlin.de>
SERC,PJM,Power,2040,24.830885,,GW,"IC transfer capability, High/NTP ceiling (MW/1000), floored at existing+commissioned",2026-06-25,Konstantin Loffler <kl@wip.tu-berlin.de>
SERC,SPP,Power,2025,0.707,,GW,"IC transfer capability, High/NTP ceiling (MW/1000), floored at existing+commissioned",2026-06-25,Konstantin Loffler <kl@wip.tu-berlin.de>
SERC,SPP,Power,2026,0.72821,,GW,"IC transfer capability, High/NTP ceiling (MW/1000), floored at existing+commissioned",2026-06-25,Konstantin Loffler <kl@wip.tu-berlin.de>
SERC,SPP,Power,2027,0.750056,,GW,"IC transfer capability, High/NTP ceiling (MW/1000), floored at existing+commissioned",2026-06-25,Konstantin Loffler <kl@wip.tu-berlin.de>
SERC,SPP,Power,2028,0.772558,,GW,"IC transfer capability, High/NTP ceiling (MW/1000), floored at existing+commissioned",2026-06-25,Konstantin Loffler <kl@wip.tu-berlin.de>
SERC,SPP,Power,2029,0.795735,,GW,"IC transfer capability, High/NTP ceiling (MW/1000), floored at existing+commissioned",2026-06-25,Konstantin Loffler <kl@wip.tu-berlin.de>
SERC,SPP,Power,2030,0.819607,,GW,"IC transfer capability, High/NTP ceiling (MW/1000), floored at existing+commissioned",2026-06-25,Konstantin Loffler <kl@wip.tu-berlin.de>
SERC,SPP,Power,2031,0.844195,,GW,"IC transfer capability, High/NTP ceiling (MW/1000), floored at existing+commissioned",2026-06-25,Konstantin Loffler <kl@wip.tu-berlin.de>
SERC,SPP,Power,2032,0.869521,,GW,"IC transfer capability, High/NTP ceiling (MW/1000), floored at existing+commissioned",2026-06-25,Konstantin Loffler <kl@wip.tu-berlin.de>
SERC,SPP,Power,2033,0.895606,,GW,"IC transfer capability, High/NTP ceiling (MW/1000), floored at existing+commissioned",2026-06-25,Konstantin Loffler <kl@wip.tu-berlin.de>
SERC,SPP,Power,2034,0.922475,,GW,"IC transfer capability, High/NTP ceiling (MW/1000), floored at existing+commissioned",2026-06-25,Konstantin Loffler <kl@wip.tu-berlin.de>
SERC,SPP,Power,2035,0.950149,,GW,"IC transfer capability, High/NTP ceiling (MW/1000), floored at existing+commissioned",2026-06-25,Konstantin Loffler <kl@wip.tu-berlin.de>
SERC,SPP,Power,2036,0.978653,,GW,"IC transfer capability, High/NTP ceiling (MW/1000), floored at existing+commissioned",2026-06-25,Konstantin Loffler <kl@wip.tu-berlin.de>
SERC,SPP,Power,2037,1.008013,,GW,"IC transfer capability, High/NTP ceiling (MW/1000), floored at existing+commissioned",2026-06-25,Konstantin Loffler <kl@wip.tu-berlin.de>
SERC,SPP,Power,2038,1.038253,,GW,"IC transfer capability, High/NTP ceiling (MW/1000), floored at existing+commissioned",2026-06-25,Konstantin Loffler <kl@wip.tu-berlin.de>
SERC,SPP,Power,2039,1.069401,,GW,"IC transfer capability, High/NTP ceiling (MW/1000), floored at existing+commissioned",2026-06-25,Konstantin Loffler <kl@wip.tu-berlin.de>
SERC,SPP,Power,2040,1.101483,,GW,"IC transfer capability, High/NTP ceiling (MW/1000), floored at existing+commissioned",2026-06-25,Konstantin Loffler <kl@wip.tu-berlin.de>
SPP,Canada,Power,2025,0.3,,GW,"IC transfer capability, High/NTP ceiling (MW/1000), floored at existing+commissioned",2026-06-25,Konstantin Loffler <kl@wip.tu-berlin.de>
SPP,Canada,Power,2026,0.309,,GW,"IC transfer capability, High/NTP ceiling (MW/1000), floored at existing+commissioned",2026-06-25,Konstantin Loffler <kl@wip.tu-berlin.de>
SPP,Canada,Power,2027,0.31827,,GW,"IC transfer capability, High/NTP ceiling (MW/1000), floored at existing+commissioned",2026-06-25,Konstantin Loffler <kl@wip.tu-berlin.de>
SPP,Canada,Power,2028,0.327818,,GW,"IC transfer capability, High/NTP ceiling (MW/1000), floored at existing+commissioned",2026-06-25,Konstantin Loffler <kl@wip.tu-berlin.de>
SPP,Canada,Power,2029,0.337653,,GW,"IC transfer capability, High/NTP ceiling (MW/1000), floored at existing+commissioned",2026-06-25,Konstantin Loffler <kl@wip.tu-berlin.de>
SPP,Canada,Power,2030,0.347782,,GW,"IC transfer capability, High/NTP ceiling (MW/1000), floored at existing+commissioned",2026-06-25,Konstantin Loffler <kl@wip.tu-berlin.de>
SPP,Canada,Power,2031,0.358216,,GW,"IC transfer capability, High/NTP ceiling (MW/1000), floored at existing+commissioned",2026-06-25,Konstantin Loffler <kl@wip.tu-berlin.de>
SPP,Canada,Power,2032,0.368962,,GW,"IC transfer capability, High/NTP ceiling (MW/1000), floored at existing+commissioned",2026-06-25,Konstantin Loffler <kl@wip.tu-berlin.de>
SPP,Canada,Power,2033,0.37,,GW,"IC transfer capability, High/NTP ceiling (MW/1000), floored at existing+commissioned",2026-06-25,Konstantin Loffler <kl@wip.tu-berlin.de>
SPP,Canada,Power,2034,0.37,,GW,"IC transfer capability, High/NTP ceiling (MW/1000), floored at existing+commissioned",2026-06-25,Konstantin Loffler <kl@wip.tu-berlin.de>
SPP,Canada,Power,2035,0.37,,GW,"IC transfer capability, High/NTP ceiling (MW/1000), floored at existing+commissioned",2026-06-25,Konstantin Loffler <kl@wip.tu-berlin.de>
SPP,Canada,Power,2036,0.37,,GW,"IC transfer capability, High/NTP ceiling (MW/1000), floored at existing+commissioned",2026-06-25,Konstantin Loffler <kl@wip.tu-berlin.de>
SPP,Canada,Power,2037,0.37,,GW,"IC transfer capability, High/NTP ceiling (MW/1000), floored at existing+commissioned",2026-06-25,Konstantin Loffler <kl@wip.tu-berlin.de>
SPP,Canada,Power,2038,0.37,,GW,"IC transfer capability, High/NTP ceiling (MW/1000), floored at existing+commissioned",2026-06-25,Konstantin Loffler <kl@wip.tu-berlin.de>
SPP,Canada,Power,2039,0.37,,GW,"IC transfer capability, High/NTP ceiling (MW/1000), floored at existing+commissioned",2026-06-25,Konstantin Loffler <kl@wip.tu-berlin.de>
SPP,Canada,Power,2040,0.37,,GW,"IC transfer capability, High/NTP ceiling (MW/1000), floored at existing+commissioned",2026-06-25,Konstantin Loffler <kl@wip.tu-berlin.de>
SPP,ERCOT,Power,2025,3.0,,GW,"IC transfer capability, High/NTP ceiling (MW/1000), floored at existing+commissioned",2026-06-25,Konstantin Loffler <kl@wip.tu-berlin.de>
SPP,ERCOT,Power,2026,3.09,,GW,"IC transfer capability, High/NTP ceiling (MW/1000), floored at existing+commissioned",2026-06-25,Konstantin Loffler <kl@wip.tu-berlin.de>
SPP,ERCOT,Power,2027,3.1827,,GW,"IC transfer capability, High/NTP ceiling (MW/1000), floored at existing+commissioned",2026-06-25,Konstantin Loffler <kl@wip.tu-berlin.de>
SPP,ERCOT,Power,2028,3.278181,,GW,"IC transfer capability, High/NTP ceiling (MW/1000), floored at existing+commissioned",2026-06-25,Konstantin Loffler <kl@wip.tu-berlin.de>
SPP,ERCOT,Power,2029,3.376526,,GW,"IC transfer capability, High/NTP ceiling (MW/1000), floored at existing+commissioned",2026-06-25,Konstantin Loffler <kl@wip.tu-berlin.de>
SPP,ERCOT,Power,2030,3.477822,,GW,"IC transfer capability, High/NTP ceiling (MW/1000), floored at existing+commissioned",2026-06-25,Konstantin Loffler <kl@wip.tu-berlin.de>
SPP,ERCOT,Power,2031,3.582157,,GW,"IC transfer capability, High/NTP ceiling (MW/1000), floored at existing+commissioned",2026-06-25,Konstantin Loffler <kl@wip.tu-berlin.de>
SPP,ERCOT,Power,2032,3.689622,,GW,"IC transfer capability, High/NTP ceiling (MW/1000), floored at existing+commissioned",2026-06-25,Konstantin Loffler <kl@wip.tu-berlin.de>
SPP,ERCOT,Power,2033,3.80031,,GW,"IC transfer capability, High/NTP ceiling (MW/1000), floored at existing+commissioned",2026-06-25,Konstantin Loffler <kl@wip.tu-berlin.de>
SPP,ERCOT,Power,2034,3.91432,,GW,"IC transfer capability, High/NTP ceiling (MW/1000), floored at existing+commissioned",2026-06-25,Konstantin Loffler <kl@wip.tu-berlin.de>
SPP,ERCOT,Power,2035,4.031749,,GW,"IC transfer capability, High/NTP ceiling (MW/1000), floored at existing+commissioned",2026-06-25,Konstantin Loffler <kl@wip.tu-berlin.de>
SPP,ERCOT,Power,2036,4.152702,,GW,"IC transfer capability, High/NTP ceiling (MW/1000), floored at existing+commissioned",2026-06-25,Konstantin Loffler <kl@wip.tu-berlin.de>
SPP,ERCOT,Power,2037,4.277283,,GW,"IC transfer capability, High/NTP ceiling (MW/1000), floored at existing+commissioned",2026-06-25,Konstantin Loffler <kl@wip.tu-berlin.de>
SPP,ERCOT,Power,2038,4.405601,,GW,"IC transfer capability, High/NTP ceiling (MW/1000), floored at existing+commissioned",2026-06-25,Konstantin Loffler <kl@wip.tu-berlin.de>
SPP,ERCOT,Power,2039,4.537769,,GW,"IC transfer capability, High/NTP ceiling (MW/1000), floored at existing+commissioned",2026-06-25,Konstantin Loffler <kl@wip.tu-berlin.de>
SPP,ERCOT,Power,2040,4.673902,,GW,"IC transfer capability, High/NTP ceiling (MW/1000), floored at existing+commissioned",2026-06-25,Konstantin Loffler <kl@wip.tu-berlin.de>
SPP,MISO,Power,2025,3.152,,GW,"IC transfer capability, High/NTP ceiling (MW/1000), floored at existing+commissioned",2026-06-25,Konstantin Loffler <kl@wip.tu-berlin.de>
SPP,MISO,Power,2026,3.24656,,GW,"IC transfer capability, High/NTP ceiling (MW/1000), floored at existing+commissioned",2026-06-25,Konstantin Loffler <kl@wip.tu-berlin.de>
SPP,MISO,Power,2027,3.343957,,GW,"IC transfer capability, High/NTP ceiling (MW/1000), floored at existing+commissioned",2026-06-25,Konstantin Loffler <kl@wip.tu-berlin.de>
SPP,MISO,Power,2028,3.444276,,GW,"IC transfer capability, High/NTP ceiling (MW/1000), floored at existing+commissioned",2026-06-25,Konstantin Loffler <kl@wip.tu-berlin.de>
SPP,MISO,Power,2029,3.547604,,GW,"IC transfer capability, High/NTP ceiling (MW/1000), floored at existing+commissioned",2026-06-25,Konstantin Loffler <kl@wip.tu-berlin.de>
SPP,MISO,Power,2030,3.654032,,GW,"IC transfer capability, High/NTP ceiling (MW/1000), floored at existing+commissioned",2026-06-25,Konstantin Loffler <kl@wip.tu-berlin.de>
SPP,MISO,Power,2031,3.763653,,GW,"IC transfer capability, High/NTP ceiling (MW/1000), floored at existing+commissioned",2026-06-25,Konstantin Loffler <kl@wip.tu-berlin.de>
SPP,MISO,Power,2032,3.876562,,GW,"IC transfer capability, High/NTP ceiling (MW/1000), floored at existing+commissioned",2026-06-25,Konstantin Loffler <kl@wip.tu-berlin.de>
SPP,MISO,Power,2033,3.992859,,GW,"IC transfer capability, High/NTP ceiling (MW/1000), floored at existing+commissioned",2026-06-25,Konstantin Loffler <kl@wip.tu-berlin.de>
SPP,MISO,Power,2034,4.112645,,GW,"IC transfer capability, High/NTP ceiling (MW/1000), floored at existing+commissioned",2026-06-25,Konstantin Loffler <kl@wip.tu-berlin.de>
SPP,MISO,Power,2035,4.236024,,GW,"IC transfer capability, High/NTP ceiling (MW/1000), floored at existing+commissioned",2026-06-25,Konstantin Loffler <kl@wip.tu-berlin.de>
SPP,MISO,Power,2036,4.363105,,GW,"IC transfer capability, High/NTP ceiling (MW/1000), floored at existing+commissioned",2026-06-25,Konstantin Loffler <kl@wip.tu-berlin.de>
SPP,MISO,Power,2037,4.493998,,GW,"IC transfer capability, High/NTP ceiling (MW/1000), floored at existing+commissioned",2026-06-25,Konstantin Loffler <kl@wip.tu-berlin.de>
SPP,MISO,Power,2038,4.628818,,GW,"IC transfer capability, High/NTP ceiling (MW/1000), floored at existing+commissioned",2026-06-25,Konstantin Loffler <kl@wip.tu-berlin.de>
SPP,MISO,Power,2039,4.767683,,GW,"IC transfer capability, High/NTP ceiling (MW/1000), floored at existing+commissioned",2026-06-25,Konstantin Loffler <kl@wip.tu-berlin.de>
SPP,MISO,Power,2040,4.910713,,GW,"IC transfer capability, High/NTP ceiling (MW/1000), floored at existing+commissioned",2026-06-25,Konstantin Loffler <kl@wip.tu-berlin.de>
SPP,PJM,Power,2025,0.0,,GW,"IC transfer capability, High/NTP ceiling (MW/1000), floored at existing+commissioned",2026-06-25,Konstantin Loffler <kl@wip.tu-berlin.de>
SPP,PJM,Power,2026,0.0,,GW,"IC transfer capability, High/NTP ceiling (MW/1000), floored at existing+commissioned",2026-06-25,Konstantin Loffler <kl@wip.tu-berlin.de>
SPP,PJM,Power,2027,0.0,,GW,"IC transfer capability, High/NTP ceiling (MW/1000), floored at existing+commissioned",2026-06-25,Konstantin Loffler <kl@wip.tu-berlin.de>
SPP,PJM,Power,2028,0.0,,GW,"IC transfer capability, High/NTP ceiling (MW/1000), floored at existing+commissioned",2026-06-25,Konstantin Loffler <kl@wip.tu-berlin.de>
SPP,PJM,Power,2029,0.0,,GW,"IC transfer capability, High/NTP ceiling (MW/1000), floored at existing+commissioned",2026-06-25,Konstantin Loffler <kl@wip.tu-berlin.de>
SPP,PJM,Power,2030,0.0,,GW,"IC transfer capability, High/NTP ceiling (MW/1000), floored at existing+commissioned",2026-06-25,Konstantin Loffler <kl@wip.tu-berlin.de>
SPP,PJM,Power,2031,0.5,,GW,"IC transfer capability, High/NTP ceiling (MW/1000), floored at existing+commissioned",2026-06-25,Konstantin Loffler <kl@wip.tu-berlin.de>
SPP,PJM,Power,2032,1.0,,GW,"IC transfer capability, High/NTP ceiling (MW/1000), floored at existing+commissioned",2026-06-25,Konstantin Loffler <kl@wip.tu-berlin.de>
SPP,PJM,Power,2033,1.5,,GW,"IC transfer capability, High/NTP ceiling (MW/1000), floored at existing+commissioned",2026-06-25,Konstantin Loffler <kl@wip.tu-berlin.de>
SPP,PJM,Power,2034,2.0,,GW,"IC transfer capability, High/NTP ceiling (MW/1000), floored at existing+commissioned",2026-06-25,Konstantin Loffler <kl@wip.tu-berlin.de>
SPP,PJM,Power,2035,2.5,,GW,"IC transfer capability, High/NTP ceiling (MW/1000), floored at existing+commissioned",2026-06-25,Konstantin Loffler <kl@wip.tu-berlin.de>
SPP,PJM,Power,2036,2.5,,GW,"IC transfer capability, High/NTP ceiling (MW/1000), floored at existing+commissioned",2026-06-25,Konstantin Loffler <kl@wip.tu-berlin.de>
SPP,PJM,Power,2037,2.5,,GW,"IC transfer capability, High/NTP ceiling (MW/1000), floored at existing+commissioned",2026-06-25,Konstantin Loffler <kl@wip.tu-berlin.de>
SPP,PJM,Power,2038,2.5,,GW,"IC transfer capability, High/NTP ceiling (MW/1000), floored at existing+commissioned",2026-06-25,Konstantin Loffler <kl@wip.tu-berlin.de>
SPP,PJM,Power,2039,2.5,,GW,"IC transfer capability, High/NTP ceiling (MW/1000), floored at existing+commissioned",2026-06-25,Konstantin Loffler <kl@wip.tu-berlin.de>
SPP,PJM,Power,2040,2.5,,GW,"IC transfer capability, High/NTP ceiling (MW/1000), floored at existing+commissioned",2026-06-25,Konstantin Loffler <kl@wip.tu-berlin.de>
SPP,SERC,Power,2025,0.707,,GW,"IC transfer capability, High/NTP ceiling (MW/1000), floored at existing+commissioned",2026-06-25,Konstantin Loffler <kl@wip.tu-berlin.de>
SPP,SERC,Power,2026,0.72821,,GW,"IC transfer capability, High/NTP ceiling (MW/1000), floored at existing+commissioned",2026-06-25,Konstantin Loffler <kl@wip.tu-berlin.de>
SPP,SERC,Power,2027,0.750056,,GW,"IC transfer capability, High/NTP ceiling (MW/1000), floored at existing+commissioned",2026-06-25,Konstantin Loffler <kl@wip.tu-berlin.de>
SPP,SERC,Power,2028,0.772558,,GW,"IC transfer capability, High/NTP ceiling (MW/1000), floored at existing+commissioned",2026-06-25,Konstantin Loffler <kl@wip.tu-berlin.de>
SPP,SERC,Power,2029,0.795735,,GW,"IC transfer capability, High/NTP ceiling (MW/1000), floored at existing+commissioned",2026-06-25,Konstantin Loffler <kl@wip.tu-berlin.de>
SPP,SERC,Power,2030,0.819607,,GW,"IC transfer capability, High/NTP ceiling (MW/1000), floored at existing+commissioned",2026-06-25,Konstantin Loffler <kl@wip.tu-berlin.de>
SPP,SERC,Power,2031,0.844195,,GW,"IC transfer capability, High/NTP ceiling (MW/1000), floored at existing+commissioned",2026-06-25,Konstantin Loffler <kl@wip.tu-berlin.de>
SPP,SERC,Power,2032,0.869521,,GW,"IC transfer capability, High/NTP ceiling (MW/1000), floored at existing+commissioned",2026-06-25,Konstantin Loffler <kl@wip.tu-berlin.de>
SPP,SERC,Power,2033,0.895606,,GW,"IC transfer capability, High/NTP ceiling (MW/1000), floored at existing+commissioned",2026-06-25,Konstantin Loffler <kl@wip.tu-berlin.de>
SPP,SERC,Power,2034,0.922475,,GW,"IC transfer capability, High/NTP ceiling (MW/1000), floored at existing+commissioned",2026-06-25,Konstantin Loffler <kl@wip.tu-berlin.de>
SPP,SERC,Power,2035,0.950149,,GW,"IC transfer capability, High/NTP ceiling (MW/1000), floored at existing+commissioned",2026-06-25,Konstantin Loffler <kl@wip.tu-berlin.de>
SPP,SERC,Power,2036,0.978653,,GW,"IC transfer capability, High/NTP ceiling (MW/1000), floored at existing+commissioned",2026-06-25,Konstantin Loffler <kl@wip.tu-berlin.de>
SPP,SERC,Power,2037,1.008013,,GW,"IC transfer capability, High/NTP ceiling (MW/1000), floored at existing+commissioned",2026-06-25,Konstantin Loffler <kl@wip.tu-berlin.de>
SPP,SERC,Power,2038,1.038253,,GW,"IC transfer capability, High/NTP ceiling (MW/1000), floored at existing+commissioned",2026-06-25,Konstantin Loffler <kl@wip.tu-berlin.de>
SPP,SERC,Power,2039,1.069401,,GW,"IC transfer capability, High/NTP ceiling (MW/1000), floored at existing+commissioned",2026-06-25,Konstantin Loffler <kl@wip.tu-berlin.de>
SPP,SERC,Power,2040,1.101483,,GW,"IC transfer capability, High/NTP ceiling (MW/1000), floored at existing+commissioned",2026-06-25,Konstantin Loffler <kl@wip.tu-berlin.de>
SPP,WECC,Power,2025,0.61,,GW,"IC transfer capability, High/NTP ceiling (MW/1000), floored at existing+commissioned",2026-06-25,Konstantin Loffler <kl@wip.tu-berlin.de>
SPP,WECC,Power,2026,0.6283,,GW,"IC transfer capability, High/NTP ceiling (MW/1000), floored at existing+commissioned",2026-06-25,Konstantin Loffler <kl@wip.tu-berlin.de>
SPP,WECC,Power,2027,0.647149,,GW,"IC transfer capability, High/NTP ceiling (MW/1000), floored at existing+commissioned",2026-06-25,Konstantin Loffler <kl@wip.tu-berlin.de>
SPP,WECC,Power,2028,0.666563,,GW,"IC transfer capability, High/NTP ceiling (MW/1000), floored at existing+commissioned",2026-06-25,Konstantin Loffler <kl@wip.tu-berlin.de>
SPP,WECC,Power,2029,0.68656,,GW,"IC transfer capability, High/NTP ceiling (MW/1000), floored at existing+commissioned",2026-06-25,Konstantin Loffler <kl@wip.tu-berlin.de>
SPP,WECC,Power,2030,0.707157,,GW,"IC transfer capability, High/NTP ceiling (MW/1000), floored at existing+commissioned",2026-06-25,Konstantin Loffler <kl@wip.tu-berlin.de>
SPP,WECC,Power,2031,0.728372,,GW,"IC transfer capability, High/NTP ceiling (MW/1000), floored at existing+commissioned",2026-06-25,Konstantin Loffler <kl@wip.tu-berlin.de>
SPP,WECC,Power,2032,0.750223,,GW,"IC transfer capability, High/NTP ceiling (MW/1000), floored at existing+commissioned",2026-06-25,Konstantin Loffler <kl@wip.tu-berlin.de>
SPP,WECC,Power,2033,0.77273,,GW,"IC transfer capability, High/NTP ceiling (MW/1000), floored at existing+commissioned",2026-06-25,Konstantin Loffler <kl@wip.tu-berlin.de>
SPP,WECC,Power,2034,0.795912,,GW,"IC transfer capability, High/NTP ceiling (MW/1000), floored at existing+commissioned",2026-06-25,Konstantin Loffler <kl@wip.tu-berlin.de>
SPP,WECC,Power,2035,0.819789,,GW,"IC transfer capability, High/NTP ceiling (MW/1000), floored at existing+commissioned",2026-06-25,Konstantin Loffler <kl@wip.tu-berlin.de>
SPP,WECC,Power,2036,0.844383,,GW,"IC transfer capability, High/NTP ceiling (MW/1000), floored at existing+commissioned",2026-06-25,Konstantin Loffler <kl@wip.tu-berlin.de>
SPP,WECC,Power,2037,0.869714,,GW,"IC transfer capability, High/NTP ceiling (MW/1000), floored at existing+commissioned",2026-06-25,Konstantin Loffler <kl@wip.tu-berlin.de>
SPP,WECC,Power,2038,0.895806,,GW,"IC transfer capability, High/NTP ceiling (MW/1000), floored at existing+commissioned",2026-06-25,Konstantin Loffler <kl@wip.tu-berlin.de>
SPP,WECC,Power,2039,0.92268,,GW,"IC transfer capability, High/NTP ceiling (MW/1000), floored at existing+commissioned",2026-06-25,Konstantin Loffler <kl@wip.tu-berlin.de>
SPP,WECC,Power,2040,0.95036,,GW,"IC transfer capability, High/NTP ceiling (MW/1000), floored at existing+commissioned",2026-06-25,Konstantin Loffler <kl@wip.tu-berlin.de>
WECC,California,Power,2025,16.914,,GW,"IC transfer capability, High/NTP ceiling (MW/1000), floored at existing+commissioned",2026-06-25,Konstantin Loffler <kl@wip.tu-berlin.de>
WECC,California,Power,2026,17.42142,,GW,"IC transfer capability, High/NTP ceiling (MW/1000), floored at existing+commissioned",2026-06-25,Konstantin Loffler <kl@wip.tu-berlin.de>
WECC,California,Power,2027,17.944063,,GW,"IC transfer capability, High/NTP ceiling (MW/1000), floored at existing+commissioned",2026-06-25,Konstantin Loffler <kl@wip.tu-berlin.de>
WECC,California,Power,2028,18.482384,,GW,"IC transfer capability, High/NTP ceiling (MW/1000), floored at existing+commissioned",2026-06-25,Konstantin Loffler <kl@wip.tu-berlin.de>
WECC,California,Power,2029,19.036856,,GW,"IC transfer capability, High/NTP ceiling (MW/1000), floored at existing+commissioned",2026-06-25,Konstantin Loffler <kl@wip.tu-berlin.de>
WECC,California,Power,2030,19.607962,,GW,"IC transfer capability, High/NTP ceiling (MW/1000), floored at existing+commissioned",2026-06-25,Konstantin Loffler <kl@wip.tu-berlin.de>
WECC,California,Power,2031,20.196201,,GW,"IC transfer capability, High/NTP ceiling (MW/1000), floored at existing+commissioned",2026-06-25,Konstantin Loffler <kl@wip.tu-berlin.de>
WECC,California,Power,2032,20.802087,,GW,"IC transfer capability, High/NTP ceiling (MW/1000), floored at existing+commissioned",2026-06-25,Konstantin Loffler <kl@wip.tu-berlin.de>
WECC,California,Power,2033,21.426149,,GW,"IC transfer capability, High/NTP ceiling (MW/1000), floored at existing+commissioned",2026-06-25,Konstantin Loffler <kl@wip.tu-berlin.de>
WECC,California,Power,2034,22.068934,,GW,"IC transfer capability, High/NTP ceiling (MW/1000), floored at existing+commissioned",2026-06-25,Konstantin Loffler <kl@wip.tu-berlin.de>
WECC,California,Power,2035,22.731002,,GW,"IC transfer capability, High/NTP ceiling (MW/1000), floored at existing+commissioned",2026-06-25,Konstantin Loffler <kl@wip.tu-berlin.de>
WECC,California,Power,2036,23.412932,,GW,"IC transfer capability, High/NTP ceiling (MW/1000), floored at existing+commissioned",2026-06-25,Konstantin Loffler <kl@wip.tu-berlin.de>
WECC,California,Power,2037,24.11532,,GW,"IC transfer capability, High/NTP ceiling (MW/1000), floored at existing+commissioned",2026-06-25,Konstantin Loffler <kl@wip.tu-berlin.de>
WECC,California,Power,2038,24.838779,,GW,"IC transfer capability, High/NTP ceiling (MW/1000), floored at existing+commissioned",2026-06-25,Konstantin Loffler <kl@wip.tu-berlin.de>
WECC,California,Power,2039,25.583943,,GW,"IC transfer capability, High/NTP ceiling (MW/1000), floored at existing+commissioned",2026-06-25,Konstantin Loffler <kl@wip.tu-berlin.de>
WECC,California,Power,2040,26.351461,,GW,"IC transfer capability, High/NTP ceiling (MW/1000), floored at existing+commissioned",2026-06-25,Konstantin Loffler <kl@wip.tu-berlin.de>
WECC,Canada,Power,2025,3.25,,GW,"IC transfer capability, High/NTP ceiling (MW/1000), floored at existing+commissioned",2026-06-25,Konstantin Loffler <kl@wip.tu-berlin.de>
WECC,Canada,Power,2026,3.3475,,GW,"IC transfer capability, High/NTP ceiling (MW/1000), floored at existing+commissioned",2026-06-25,Konstantin Loffler <kl@wip.tu-berlin.de>
WECC,Canada,Power,2027,3.422,,GW,"IC transfer capability, High/NTP ceiling (MW/1000), floored at existing+commissioned",2026-06-25,Konstantin Loffler <kl@wip.tu-berlin.de>
WECC,Canada,Power,2028,3.422,,GW,"IC transfer capability, High/NTP ceiling (MW/1000), floored at existing+commissioned",2026-06-25,Konstantin Loffler <kl@wip.tu-berlin.de>
WECC,Canada,Power,2029,3.422,,GW,"IC transfer capability, High/NTP ceiling (MW/1000), floored at existing+commissioned",2026-06-25,Konstantin Loffler <kl@wip.tu-berlin.de>
WECC,Canada,Power,2030,3.422,,GW,"IC transfer capability, High/NTP ceiling (MW/1000), floored at existing+commissioned",2026-06-25,Konstantin Loffler <kl@wip.tu-berlin.de>
WECC,Canada,Power,2031,3.422,,GW,"IC transfer capability, High/NTP ceiling (MW/1000), floored at existing+commissioned",2026-06-25,Konstantin Loffler <kl@wip.tu-berlin.de>
WECC,Canada,Power,2032,3.422,,GW,"IC transfer capability, High/NTP ceiling (MW/1000), floored at existing+commissioned",2026-06-25,Konstantin Loffler <kl@wip.tu-berlin.de>
WECC,Canada,Power,2033,3.422,,GW,"IC transfer capability, High/NTP ceiling (MW/1000), floored at existing+commissioned",2026-06-25,Konstantin Loffler <kl@wip.tu-berlin.de>
WECC,Canada,Power,2034,3.422,,GW,"IC transfer capability, High/NTP ceiling (MW/1000), floored at existing+commissioned",2026-06-25,Konstantin Loffler <kl@wip.tu-berlin.de>
WECC,Canada,Power,2035,3.422,,GW,"IC transfer capability, High/NTP ceiling (MW/1000), floored at existing+commissioned",2026-06-25,Konstantin Loffler <kl@wip.tu-berlin.de>
WECC,Canada,Power,2036,3.422,,GW,"IC transfer capability, High/NTP ceiling (MW/1000), floored at existing+commissioned",2026-06-25,Konstantin Loffler <kl@wip.tu-berlin.de>
WECC,Canada,Power,2037,3.422,,GW,"IC transfer capability, High/NTP ceiling (MW/1000), floored at existing+commissioned",2026-06-25,Konstantin Loffler <kl@wip.tu-berlin.de>
WECC,Canada,Power,2038,3.422,,GW,"IC transfer capability, High/NTP ceiling (MW/1000), floored at existing+commissioned",2026-06-25,Konstantin Loffler <kl@wip.tu-berlin.de>
WECC,Canada,Power,2039,3.422,,GW,"IC transfer capability, High/NTP ceiling (MW/1000), floored at existing+commissioned",2026-06-25,Konstantin Loffler <kl@wip.tu-berlin.de>
WECC,Canada,Power,2040,3.422,,GW,"IC transfer capability, High/NTP ceiling (MW/1000), floored at existing+commissioned",2026-06-25,Konstantin Loffler <kl@wip.tu-berlin.de>
WECC,ERCOT,Power,2025,0.0,,GW,"IC transfer capability, High/NTP ceiling (MW/1000), floored at existing+commissioned",2026-06-25,Konstantin Loffler <kl@wip.tu-berlin.de>
WECC,ERCOT,Power,2026,2.06,,GW,"IC transfer capability, High/NTP ceiling (MW/1000), floored at existing+commissioned",2026-06-25,Konstantin Loffler <kl@wip.tu-berlin.de>
WECC,ERCOT,Power,2027,2.1218,,GW,"IC transfer capability, High/NTP ceiling (MW/1000), floored at existing+commissioned",2026-06-25,Konstantin Loffler <kl@wip.tu-berlin.de>
WECC,ERCOT,Power,2028,2.185454,,GW,"IC transfer capability, High/NTP ceiling (MW/1000), floored at existing+commissioned",2026-06-25,Konstantin Loffler <kl@wip.tu-berlin.de>
WECC,ERCOT,Power,2029,2.251018,,GW,"IC transfer capability, High/NTP ceiling (MW/1000), floored at existing+commissioned",2026-06-25,Konstantin Loffler <kl@wip.tu-berlin.de>
WECC,ERCOT,Power,2030,2.318548,,GW,"IC transfer capability, High/NTP ceiling (MW/1000), floored at existing+commissioned",2026-06-25,Konstantin Loffler <kl@wip.tu-berlin.de>
WECC,ERCOT,Power,2031,2.388105,,GW,"IC transfer capability, High/NTP ceiling (MW/1000), floored at existing+commissioned",2026-06-25,Konstantin Loffler <kl@wip.tu-berlin.de>
WECC,ERCOT,Power,2032,2.459748,,GW,"IC transfer capability, High/NTP ceiling (MW/1000), floored at existing+commissioned",2026-06-25,Konstantin Loffler <kl@wip.tu-berlin.de>
WECC,ERCOT,Power,2033,2.53354,,GW,"IC transfer capability, High/NTP ceiling (MW/1000), floored at existing+commissioned",2026-06-25,Konstantin Loffler <kl@wip.tu-berlin.de>
WECC,ERCOT,Power,2034,2.609546,,GW,"IC transfer capability, High/NTP ceiling (MW/1000), floored at existing+commissioned",2026-06-25,Konstantin Loffler <kl@wip.tu-berlin.de>
WECC,ERCOT,Power,2035,2.687833,,GW,"IC transfer capability, High/NTP ceiling (MW/1000), floored at existing+commissioned",2026-06-25,Konstantin Loffler <kl@wip.tu-berlin.de>
WECC,ERCOT,Power,2036,2.768468,,GW,"IC transfer capability, High/NTP ceiling (MW/1000), floored at existing+commissioned",2026-06-25,Konstantin Loffler <kl@wip.tu-berlin.de>
WECC,ERCOT,Power,2037,2.851522,,GW,"IC transfer capability, High/NTP ceiling (MW/1000), floored at existing+commissioned",2026-06-25,Konstantin Loffler <kl@wip.tu-berlin.de>
WECC,ERCOT,Power,2038,2.937067,,GW,"IC transfer capability, High/NTP ceiling (MW/1000), floored at existing+commissioned",2026-06-25,Konstantin Loffler <kl@wip.tu-berlin.de>
WECC,ERCOT,Power,2039,3.025179,,GW,"IC transfer capability, High/NTP ceiling (MW/1000), floored at existing+commissioned",2026-06-25,Konstantin Loffler <kl@wip.tu-berlin.de>
WECC,ERCOT,Power,2040,3.115935,,GW,"IC transfer capability, High/NTP ceiling (MW/1000), floored at existing+commissioned",2026-06-25,Konstantin Loffler <kl@wip.tu-berlin.de>
WECC,MISO,Power,2025,0.0,,GW,"IC transfer capability, High/NTP ceiling (MW/1000), floored at existing+commissioned",2026-06-25,Konstantin Loffler <kl@wip.tu-berlin.de>
WECC,MISO,Power,2026,0.0,,GW,"IC transfer capability, High/NTP ceiling (MW/1000), floored at existing+commissioned",2026-06-25,Konstantin Loffler <kl@wip.tu-berlin.de>
WECC,MISO,Power,2027,0.0,,GW,"IC transfer capability, High/NTP ceiling (MW/1000), floored at existing+commissioned",2026-06-25,Konstantin Loffler <kl@wip.tu-berlin.de>
WECC,MISO,Power,2028,0.0,,GW,"IC transfer capability, High/NTP ceiling (MW/1000), floored at existing+commissioned",2026-06-25,Konstantin Loffler <kl@wip.tu-berlin.de>
WECC,MISO,Power,2029,0.0,,GW,"IC transfer capability, High/NTP ceiling (MW/1000), floored at existing+commissioned",2026-06-25,Konstantin Loffler <kl@wip.tu-berlin.de>
WECC,MISO,Power,2030,0.0,,GW,"IC transfer capability, High/NTP ceiling (MW/1000), floored at existing+commissioned",2026-06-25,Konstantin Loffler <kl@wip.tu-berlin.de>
WECC,MISO,Power,2031,0.66,,GW,"IC transfer capability, High/NTP ceiling (MW/1000), floored at existing+commissioned",2026-06-25,Konstantin Loffler <kl@wip.tu-berlin.de>
WECC,MISO,Power,2032,3.0,,GW,"IC transfer capability, High/NTP ceiling (MW/1000), floored at existing+commissioned",2026-06-25,Konstantin Loffler <kl@wip.tu-berlin.de>
WECC,MISO,Power,2033,3.0,,GW,"IC transfer capability, High/NTP ceiling (MW/1000), floored at existing+commissioned",2026-06-25,Konstantin Loffler <kl@wip.tu-berlin.de>
WECC,MISO,Power,2034,3.0,,GW,"IC transfer capability, High/NTP ceiling (MW/1000), floored at existing+commissioned",2026-06-25,Konstantin Loffler <kl@wip.tu-berlin.de>
WECC,MISO,Power,2035,3.0,,GW,"IC transfer capability, High/NTP ceiling (MW/1000), floored at existing+commissioned",2026-06-25,Konstantin Loffler <kl@wip.tu-berlin.de>
WECC,MISO,Power,2036,3.0,,GW,"IC transfer capability, High/NTP ceiling (MW/1000), floored at existing+commissioned",2026-06-25,Konstantin Loffler <kl@wip.tu-berlin.de>
WECC,MISO,Power,2037,3.0,,GW,"IC transfer capability, High/NTP ceiling (MW/1000), floored at existing+commissioned",2026-06-25,Konstantin Loffler <kl@wip.tu-berlin.de>
WECC,MISO,Power,2038,3.0,,GW,"IC transfer capability, High/NTP ceiling (MW/1000), floored at existing+commissioned",2026-06-25,Konstantin Loffler <kl@wip.tu-berlin.de>
WECC,MISO,Power,2039,3.025179,,GW,"IC transfer capability, High/NTP ceiling (MW/1000), floored at existing+commissioned",2026-06-25,Konstantin Loffler <kl@wip.tu-berlin.de>
WECC,MISO,Power,2040,3.115935,,GW,"IC transfer capability, High/NTP ceiling (MW/1000), floored at existing+commissioned",2026-06-25,Konstantin Loffler <kl@wip.tu-berlin.de>
WECC,SPP,Power,2025,0.61,,GW,"IC transfer capability, High/NTP ceiling (MW/1000), floored at existing+commissioned",2026-06-25,Konstantin Loffler <kl@wip.tu-berlin.de>
WECC,SPP,Power,2026,0.6283,,GW,"IC transfer capability, High/NTP ceiling (MW/1000), floored at existing+commissioned",2026-06-25,Konstantin Loffler <kl@wip.tu-berlin.de>
WECC,SPP,Power,2027,0.647149,,GW,"IC transfer capability, High/NTP ceiling (MW/1000), floored at existing+commissioned",2026-06-25,Konstantin Loffler <kl@wip.tu-berlin.de>
WECC,SPP,Power,2028,0.666563,,GW,"IC transfer capability, High/NTP ceiling (MW/1000), floored at existing+commissioned",2026-06-25,Konstantin Loffler <kl@wip.tu-berlin.de>
WECC,SPP,Power,2029,0.68656,,GW,"IC transfer capability, High/NTP ceiling (MW/1000), floored at existing+commissioned",2026-06-25,Konstantin Loffler <kl@wip.tu-berlin.de>
WECC,SPP,Power,2030,0.707157,,GW,"IC transfer capability, High/NTP ceiling (MW/1000), floored at existing+commissioned",2026-06-25,Konstantin Loffler <kl@wip.tu-berlin.de>
WECC,SPP,Power,2031,0.728372,,GW,"IC transfer capability, High/NTP ceiling (MW/1000), floored at existing+commissioned",2026-06-25,Konstantin Loffler <kl@wip.tu-berlin.de>
WECC,SPP,Power,2032,0.750223,,GW,"IC transfer capability, High/NTP ceiling (MW/1000), floored at existing+commissioned",2026-06-25,Konstantin Loffler <kl@wip.tu-berlin.de>
WECC,SPP,Power,2033,0.77273,,GW,"IC transfer capability, High/NTP ceiling (MW/1000), floored at existing+commissioned",2026-06-25,Konstantin Loffler <kl@wip.tu-berlin.de>
WECC,SPP,Power,2034,0.795912,,GW,"IC transfer capability, High/NTP ceiling (MW/1000), floored at existing+commissioned",2026-06-25,Konstantin Loffler <kl@wip.tu-berlin.de>
WECC,SPP,Power,2035,0.819789,,GW,"IC transfer capability, High/NTP ceiling (MW/1000), floored at existing+commissioned",2026-06-25,Konstantin Loffler <kl@wip.tu-berlin.de>
WECC,SPP,Power,2036,0.844383,,GW,"IC transfer capability, High/NTP ceiling (MW/1000), floored at existing+commissioned",2026-06-25,Konstantin Loffler <kl@wip.tu-berlin.de>
WECC,SPP,Power,2037,0.869714,,GW,"IC transfer capability, High/NTP ceiling (MW/1000), floored at existing+commissioned",2026-06-25,Konstantin Loffler <kl@wip.tu-berlin.de>
WECC,SPP,Power,2038,0.895806,,GW,"IC transfer capability, High/NTP ceiling (MW/1000), floored at existing+commissioned",2026-06-25,Konstantin Loffler <kl@wip.tu-berlin.de>
WECC,SPP,Power,2039,0.92268,,GW,"IC transfer capability, High/NTP ceiling (MW/1000), floored at existing+commissioned",2026-06-25,Konstantin Loffler <kl@wip.tu-berlin.de>
WECC,SPP,Power,2040,0.95036,,GW,"IC transfer capability, High/NTP ceiling (MW/1000), floored at existing+commissioned",2026-06-25,Konstantin Loffler <kl@wip.tu-berlin.de>
