Region,Region.1,Fuel,Year,Value,,Unit,Source,Updated at,Updated by
California,WECC,Power,2025,17.797,,GW,"IC transfer capability, High/NTP ceiling (MW/1000), floored at existing+commissioned",2026-06-25,Konstantin Loffler <kl@wip.tu-berlin.de>
California,WECC,Power,2026,18.86482,,GW,"IC transfer capability, High/NTP ceiling (MW/1000), floored at existing+commissioned",2026-06-25,Konstantin Loffler <kl@wip.tu-berlin.de>
California,WECC,Power,2027,19.996709,,GW,"IC transfer capability, High/NTP ceiling (MW/1000), floored at existing+commissioned",2026-06-25,Konstantin Loffler <kl@wip.tu-berlin.de>
California,WECC,Power,2028,21.196512,,GW,"IC transfer capability, High/NTP ceiling (MW/1000), floored at existing+commissioned",2026-06-25,Konstantin Loffler <kl@wip.tu-berlin.de>
California,WECC,Power,2029,22.468302,,GW,"IC transfer capability, High/NTP ceiling (MW/1000), floored at existing+commissioned",2026-06-25,Konstantin Loffler <kl@wip.tu-berlin.de>
California,WECC,Power,2030,23.816401,,GW,"IC transfer capability, High/NTP ceiling (MW/1000), floored at existing+commissioned",2026-06-25,Konstantin Loffler <kl@wip.tu-berlin.de>
California,WECC,Power,2031,25.245385,,GW,"IC transfer capability, High/NTP ceiling (MW/1000), floored at existing+commissioned",2026-06-25,Konstantin Loffler <kl@wip.tu-berlin.de>
California,WECC,Power,2032,26.760108,,GW,"IC transfer capability, High/NTP ceiling (MW/1000), floored at existing+commissioned",2026-06-25,Konstantin Loffler <kl@wip.tu-berlin.de>
California,WECC,Power,2033,28.365714,,GW,"IC transfer capability, High/NTP ceiling (MW/1000), floored at existing+commissioned",2026-06-25,Konstantin Loffler <kl@wip.tu-berlin.de>
California,WECC,Power,2034,30.067657,,GW,"IC transfer capability, High/NTP ceiling (MW/1000), floored at existing+commissioned",2026-06-25,Konstantin Loffler <kl@wip.tu-berlin.de>
California,WECC,Power,2035,31.871716,,GW,"IC transfer capability, High/NTP ceiling (MW/1000), floored at existing+commissioned",2026-06-25,Konstantin Loffler <kl@wip.tu-berlin.de>
California,WECC,Power,2036,33.784019,,GW,"IC transfer capability, High/NTP ceiling (MW/1000), floored at existing+commissioned",2026-06-25,Konstantin Loffler <kl@wip.tu-berlin.de>
California,WECC,Power,2037,35.811061,,GW,"IC transfer capability, High/NTP ceiling (MW/1000), floored at existing+commissioned",2026-06-25,Konstantin Loffler <kl@wip.tu-berlin.de>
California,WECC,Power,2038,37.959724,,GW,"IC transfer capability, High/NTP ceiling (MW/1000), floored at existing+commissioned",2026-06-25,Konstantin Loffler <kl@wip.tu-berlin.de>
California,WECC,Power,2039,40.237308,,GW,"IC transfer capability, High/NTP ceiling (MW/1000), floored at existing+commissioned",2026-06-25,Konstantin Loffler <kl@wip.tu-berlin.de>
California,WECC,Power,2040,42.651546,,GW,"IC transfer capability, High/NTP ceiling (MW/1000), floored at existing+commissioned",2026-06-25,Konstantin Loffler <kl@wip.tu-berlin.de>
Canada,NewEngland,Power,2025,2.395,,GW,"IC transfer capability, High/NTP ceiling (MW/1000), floored at existing+commissioned",2026-06-25,Konstantin Loffler <kl@wip.tu-berlin.de>
Canada,NewEngland,Power,2026,2.5387,,GW,"IC transfer capability, High/NTP ceiling (MW/1000), floored at existing+commissioned",2026-06-25,Konstantin Loffler <kl@wip.tu-berlin.de>
Canada,NewEngland,Power,2027,2.691022,,GW,"IC transfer capability, High/NTP ceiling (MW/1000), floored at existing+commissioned",2026-06-25,Konstantin Loffler <kl@wip.tu-berlin.de>
Canada,NewEngland,Power,2028,2.852483,,GW,"IC transfer capability, High/NTP ceiling (MW/1000), floored at existing+commissioned",2026-06-25,Konstantin Loffler <kl@wip.tu-berlin.de>
Canada,NewEngland,Power,2029,3.023632,,GW,"IC transfer capability, High/NTP ceiling (MW/1000), floored at existing+commissioned",2026-06-25,Konstantin Loffler <kl@wip.tu-berlin.de>
Canada,NewEngland,Power,2030,3.20505,,GW,"IC transfer capability, High/NTP ceiling (MW/1000), floored at existing+commissioned",2026-06-25,Konstantin Loffler <kl@wip.tu-berlin.de>
Canada,NewEngland,Power,2031,3.397353,,GW,"IC transfer capability, High/NTP ceiling (MW/1000), floored at existing+commissioned",2026-06-25,Konstantin Loffler <kl@wip.tu-berlin.de>
Canada,NewEngland,Power,2032,3.601194,,GW,"IC transfer capability, High/NTP ceiling (MW/1000), floored at existing+commissioned",2026-06-25,Konstantin Loffler <kl@wip.tu-berlin.de>
Canada,NewEngland,Power,2033,3.817266,,GW,"IC transfer capability, High/NTP ceiling (MW/1000), floored at existing+commissioned",2026-06-25,Konstantin Loffler <kl@wip.tu-berlin.de>
Canada,NewEngland,Power,2034,4.046302,,GW,"IC transfer capability, High/NTP ceiling (MW/1000), floored at existing+commissioned",2026-06-25,Konstantin Loffler <kl@wip.tu-berlin.de>
Canada,NewEngland,Power,2035,4.28908,,GW,"IC transfer capability, High/NTP ceiling (MW/1000), floored at existing+commissioned",2026-06-25,Konstantin Loffler <kl@wip.tu-berlin.de>
Canada,NewEngland,Power,2036,4.546425,,GW,"IC transfer capability, High/NTP ceiling (MW/1000), floored at existing+commissioned",2026-06-25,Konstantin Loffler <kl@wip.tu-berlin.de>
Canada,NewEngland,Power,2037,4.69,,GW,"IC transfer capability, High/NTP ceiling (MW/1000), floored at existing+commissioned",2026-06-25,Konstantin Loffler <kl@wip.tu-berlin.de>
Canada,NewEngland,Power,2038,4.69,,GW,"IC transfer capability, High/NTP ceiling (MW/1000), floored at existing+commissioned",2026-06-25,Konstantin Loffler <kl@wip.tu-berlin.de>
Canada,NewEngland,Power,2039,4.69,,GW,"IC transfer capability, High/NTP ceiling (MW/1000), floored at existing+commissioned",2026-06-25,Konstantin Loffler <kl@wip.tu-berlin.de>
Canada,NewEngland,Power,2040,4.69,,GW,"IC transfer capability, High/NTP ceiling (MW/1000), floored at existing+commissioned",2026-06-25,Konstantin Loffler <kl@wip.tu-berlin.de>
Canada,MISO,Power,2025,6.854,,GW,"IC transfer capability, High/NTP ceiling (MW/1000), floored at existing+commissioned",2026-06-25,Konstantin Loffler <kl@wip.tu-berlin.de>
Canada,MISO,Power,2026,6.854,,GW,"IC transfer capability, High/NTP ceiling (MW/1000), floored at existing+commissioned",2026-06-25,Konstantin Loffler <kl@wip.tu-berlin.de>
Canada,MISO,Power,2027,6.854,,GW,"IC transfer capability, High/NTP ceiling (MW/1000), floored at existing+commissioned",2026-06-25,Konstantin Loffler <kl@wip.tu-berlin.de>
Canada,MISO,Power,2028,6.854,,GW,"IC transfer capability, High/NTP ceiling (MW/1000), floored at existing+commissioned",2026-06-25,Konstantin Loffler <kl@wip.tu-berlin.de>
Canada,MISO,Power,2029,6.854,,GW,"IC transfer capability, High/NTP ceiling (MW/1000), floored at existing+commissioned",2026-06-25,Konstantin Loffler <kl@wip.tu-berlin.de>
Canada,MISO,Power,2030,6.854,,GW,"IC transfer capability, High/NTP ceiling (MW/1000), floored at existing+commissioned",2026-06-25,Konstantin Loffler <kl@wip.tu-berlin.de>
Canada,MISO,Power,2031,6.854,,GW,"IC transfer capability, High/NTP ceiling (MW/1000), floored at existing+commissioned",2026-06-25,Konstantin Loffler <kl@wip.tu-berlin.de>
Canada,MISO,Power,2032,6.854,,GW,"IC transfer capability, High/NTP ceiling (MW/1000), floored at existing+commissioned",2026-06-25,Konstantin Loffler <kl@wip.tu-berlin.de>
Canada,MISO,Power,2033,6.854,,GW,"IC transfer capability, High/NTP ceiling (MW/1000), floored at existing+commissioned",2026-06-25,Konstantin Loffler <kl@wip.tu-berlin.de>
Canada,MISO,Power,2034,6.854,,GW,"IC transfer capability, High/NTP ceiling (MW/1000), floored at existing+commissioned",2026-06-25,Konstantin Loffler <kl@wip.tu-berlin.de>
Canada,MISO,Power,2035,6.854,,GW,"IC transfer capability, High/NTP ceiling (MW/1000), floored at existing+commissioned",2026-06-25,Konstantin Loffler <kl@wip.tu-berlin.de>
Canada,MISO,Power,2036,6.854,,GW,"IC transfer capability, High/NTP ceiling (MW/1000), floored at existing+commissioned",2026-06-25,Konstantin Loffler <kl@wip.tu-berlin.de>
Canada,MISO,Power,2037,6.854,,GW,"IC transfer capability, High/NTP ceiling (MW/1000), floored at existing+commissioned",2026-06-25,Konstantin Loffler <kl@wip.tu-berlin.de>
Canada,MISO,Power,2038,6.854,,GW,"IC transfer capability, High/NTP ceiling (MW/1000), floored at existing+commissioned",2026-06-25,Konstantin Loffler <kl@wip.tu-berlin.de>
Canada,MISO,Power,2039,6.854,,GW,"IC transfer capability, High/NTP ceiling (MW/1000), floored at existing+commissioned",2026-06-25,Konstantin Loffler <kl@wip.tu-berlin.de>
Canada,MISO,Power,2040,6.854,,GW,"IC transfer capability, High/NTP ceiling (MW/1000), floored at existing+commissioned",2026-06-25,Konstantin Loffler <kl@wip.tu-berlin.de>
Canada,NewYork,Power,2025,4.626,,GW,"IC transfer capability, High/NTP ceiling (MW/1000), floored at existing+commissioned",2026-06-25,Konstantin Loffler <kl@wip.tu-berlin.de>
Canada,NewYork,Power,2026,4.626,,GW,"IC transfer capability, High/NTP ceiling (MW/1000), floored at existing+commissioned",2026-06-25,Konstantin Loffler <kl@wip.tu-berlin.de>
Canada,NewYork,Power,2027,4.626,,GW,"IC transfer capability, High/NTP ceiling (MW/1000), floored at existing+commissioned",2026-06-25,Konstantin Loffler <kl@wip.tu-berlin.de>
Canada,NewYork,Power,2028,4.626,,GW,"IC transfer capability, High/NTP ceiling (MW/1000), floored at existing+commissioned",2026-06-25,Konstantin Loffler <kl@wip.tu-berlin.de>
Canada,NewYork,Power,2029,4.719,,GW,"IC transfer capability, High/NTP ceiling (MW/1000), floored at existing+commissioned",2026-06-25,Konstantin Loffler <kl@wip.tu-berlin.de>
Canada,NewYork,Power,2030,4.969,,GW,"IC transfer capability, High/NTP ceiling (MW/1000), floored at existing+commissioned",2026-06-25,Konstantin Loffler <kl@wip.tu-berlin.de>
Canada,NewYork,Power,2031,4.969,,GW,"IC transfer capability, High/NTP ceiling (MW/1000), floored at existing+commissioned",2026-06-25,Konstantin Loffler <kl@wip.tu-berlin.de>
Canada,NewYork,Power,2032,4.969,,GW,"IC transfer capability, High/NTP ceiling (MW/1000), floored at existing+commissioned",2026-06-25,Konstantin Loffler <kl@wip.tu-berlin.de>
Canada,NewYork,Power,2033,4.969,,GW,"IC transfer capability, High/NTP ceiling (MW/1000), floored at existing+commissioned",2026-06-25,Konstantin Loffler <kl@wip.tu-berlin.de>
Canada,NewYork,Power,2034,4.969,,GW,"IC transfer capability, High/NTP ceiling (MW/1000), floored at existing+commissioned",2026-06-25,Konstantin Loffler <kl@wip.tu-berlin.de>
Canada,NewYork,Power,2035,4.969,,GW,"IC transfer capability, High/NTP ceiling (MW/1000), floored at existing+commissioned",2026-06-25,Konstantin Loffler <kl@wip.tu-berlin.de>
Canada,NewYork,Power,2036,4.969,,GW,"IC transfer capability, High/NTP ceiling (MW/1000), floored at existing+commissioned",2026-06-25,Konstantin Loffler <kl@wip.tu-berlin.de>
Canada,NewYork,Power,2037,4.969,,GW,"IC transfer capability, High/NTP ceiling (MW/1000), floored at existing+commissioned",2026-06-25,Konstantin Loffler <kl@wip.tu-berlin.de>
Canada,NewYork,Power,2038,4.969,,GW,"IC transfer capability, High/NTP ceiling (MW/1000), floored at existing+commissioned",2026-06-25,Konstantin Loffler <kl@wip.tu-berlin.de>
Canada,NewYork,Power,2039,4.969,,GW,"IC transfer capability, High/NTP ceiling (MW/1000), floored at existing+commissioned",2026-06-25,Konstantin Loffler <kl@wip.tu-berlin.de>
Canada,NewYork,Power,2040,4.969,,GW,"IC transfer capability, High/NTP ceiling (MW/1000), floored at existing+commissioned",2026-06-25,Konstantin Loffler <kl@wip.tu-berlin.de>
Canada,PJM,Power,2025,0.0,,GW,"IC transfer capability, High/NTP ceiling (MW/1000), floored at existing+commissioned",2026-06-25,Konstantin Loffler <kl@wip.tu-berlin.de>
Canada,PJM,Power,2026,0.0,,GW,"IC transfer capability, High/NTP ceiling (MW/1000), floored at existing+commissioned",2026-06-25,Konstantin Loffler <kl@wip.tu-berlin.de>
Canada,PJM,Power,2027,0.0,,GW,"IC transfer capability, High/NTP ceiling (MW/1000), floored at existing+commissioned",2026-06-25,Konstantin Loffler <kl@wip.tu-berlin.de>
Canada,PJM,Power,2028,0.0,,GW,"IC transfer capability, High/NTP ceiling (MW/1000), floored at existing+commissioned",2026-06-25,Konstantin Loffler <kl@wip.tu-berlin.de>
Canada,PJM,Power,2029,0.0,,GW,"IC transfer capability, High/NTP ceiling (MW/1000), floored at existing+commissioned",2026-06-25,Konstantin Loffler <kl@wip.tu-berlin.de>
Canada,PJM,Power,2030,0.0,,GW,"IC transfer capability, High/NTP ceiling (MW/1000), floored at existing+commissioned",2026-06-25,Konstantin Loffler <kl@wip.tu-berlin.de>
Canada,PJM,Power,2031,0.2,,GW,"IC transfer capability, High/NTP ceiling (MW/1000), floored at existing+commissioned",2026-06-25,Konstantin Loffler <kl@wip.tu-berlin.de>
Canada,PJM,Power,2032,0.4,,GW,"IC transfer capability, High/NTP ceiling (MW/1000), floored at existing+commissioned",2026-06-25,Konstantin Loffler <kl@wip.tu-berlin.de>
Canada,PJM,Power,2033,0.6,,GW,"IC transfer capability, High/NTP ceiling (MW/1000), floored at existing+commissioned",2026-06-25,Konstantin Loffler <kl@wip.tu-berlin.de>
Canada,PJM,Power,2034,0.8,,GW,"IC transfer capability, High/NTP ceiling (MW/1000), floored at existing+commissioned",2026-06-25,Konstantin Loffler <kl@wip.tu-berlin.de>
Canada,PJM,Power,2035,1.0,,GW,"IC transfer capability, High/NTP ceiling (MW/1000), floored at existing+commissioned",2026-06-25,Konstantin Loffler <kl@wip.tu-berlin.de>
Canada,PJM,Power,2036,1.0,,GW,"IC transfer capability, High/NTP ceiling (MW/1000), floored at existing+commissioned",2026-06-25,Konstantin Loffler <kl@wip.tu-berlin.de>
Canada,PJM,Power,2037,1.0,,GW,"IC transfer capability, High/NTP ceiling (MW/1000), floored at existing+commissioned",2026-06-25,Konstantin Loffler <kl@wip.tu-berlin.de>
Canada,PJM,Power,2038,1.0,,GW,"IC transfer capability, High/NTP ceiling (MW/1000), floored at existing+commissioned",2026-06-25,Konstantin Loffler <kl@wip.tu-berlin.de>
Canada,PJM,Power,2039,1.0,,GW,"IC transfer capability, High/NTP ceiling (MW/1000), floored at existing+commissioned",2026-06-25,Konstantin Loffler <kl@wip.tu-berlin.de>
Canada,PJM,Power,2040,1.0,,GW,"IC transfer capability, High/NTP ceiling (MW/1000), floored at existing+commissioned",2026-06-25,Konstantin Loffler <kl@wip.tu-berlin.de>
Canada,SPP,Power,2025,0.2,,GW,"IC transfer capability, High/NTP ceiling (MW/1000), floored at existing+commissioned",2026-06-25,Konstantin Loffler <kl@wip.tu-berlin.de>
Canada,SPP,Power,2026,0.212,,GW,"IC transfer capability, High/NTP ceiling (MW/1000), floored at existing+commissioned",2026-06-25,Konstantin Loffler <kl@wip.tu-berlin.de>
Canada,SPP,Power,2027,0.22472,,GW,"IC transfer capability, High/NTP ceiling (MW/1000), floored at existing+commissioned",2026-06-25,Konstantin Loffler <kl@wip.tu-berlin.de>
Canada,SPP,Power,2028,0.238203,,GW,"IC transfer capability, High/NTP ceiling (MW/1000), floored at existing+commissioned",2026-06-25,Konstantin Loffler <kl@wip.tu-berlin.de>
Canada,SPP,Power,2029,0.252495,,GW,"IC transfer capability, High/NTP ceiling (MW/1000), floored at existing+commissioned",2026-06-25,Konstantin Loffler <kl@wip.tu-berlin.de>
Canada,SPP,Power,2030,0.267645,,GW,"IC transfer capability, High/NTP ceiling (MW/1000), floored at existing+commissioned",2026-06-25,Konstantin Loffler <kl@wip.tu-berlin.de>
Canada,SPP,Power,2031,0.283704,,GW,"IC transfer capability, High/NTP ceiling (MW/1000), floored at existing+commissioned",2026-06-25,Konstantin Loffler <kl@wip.tu-berlin.de>
Canada,SPP,Power,2032,0.300726,,GW,"IC transfer capability, High/NTP ceiling (MW/1000), floored at existing+commissioned",2026-06-25,Konstantin Loffler <kl@wip.tu-berlin.de>
Canada,SPP,Power,2033,0.31877,,GW,"IC transfer capability, High/NTP ceiling (MW/1000), floored at existing+commissioned",2026-06-25,Konstantin Loffler <kl@wip.tu-berlin.de>
Canada,SPP,Power,2034,0.337896,,GW,"IC transfer capability, High/NTP ceiling (MW/1000), floored at existing+commissioned",2026-06-25,Konstantin Loffler <kl@wip.tu-berlin.de>
Canada,SPP,Power,2035,0.35817,,GW,"IC transfer capability, High/NTP ceiling (MW/1000), floored at existing+commissioned",2026-06-25,Konstantin Loffler <kl@wip.tu-berlin.de>
Canada,SPP,Power,2036,0.37966,,GW,"IC transfer capability, High/NTP ceiling (MW/1000), floored at existing+commissioned",2026-06-25,Konstantin Loffler <kl@wip.tu-berlin.de>
Canada,SPP,Power,2037,0.402439,,GW,"IC transfer capability, High/NTP ceiling (MW/1000), floored at existing+commissioned",2026-06-25,Konstantin Loffler <kl@wip.tu-berlin.de>
Canada,SPP,Power,2038,0.426586,,GW,"IC transfer capability, High/NTP ceiling (MW/1000), floored at existing+commissioned",2026-06-25,Konstantin Loffler <kl@wip.tu-berlin.de>
Canada,SPP,Power,2039,0.452181,,GW,"IC transfer capability, High/NTP ceiling (MW/1000), floored at existing+commissioned",2026-06-25,Konstantin Loffler <kl@wip.tu-berlin.de>
Canada,SPP,Power,2040,0.479312,,GW,"IC transfer capability, High/NTP ceiling (MW/1000), floored at existing+commissioned",2026-06-25,Konstantin Loffler <kl@wip.tu-berlin.de>
Canada,WECC,Power,2025,3.15,,GW,"IC transfer capability, High/NTP ceiling (MW/1000), floored at existing+commissioned",2026-06-25,Konstantin Loffler <kl@wip.tu-berlin.de>
Canada,WECC,Power,2026,3.339,,GW,"IC transfer capability, High/NTP ceiling (MW/1000), floored at existing+commissioned",2026-06-25,Konstantin Loffler <kl@wip.tu-berlin.de>
Canada,WECC,Power,2027,3.45,,GW,"IC transfer capability, High/NTP ceiling (MW/1000), floored at existing+commissioned",2026-06-25,Konstantin Loffler <kl@wip.tu-berlin.de>
Canada,WECC,Power,2028,3.45,,GW,"IC transfer capability, High/NTP ceiling (MW/1000), floored at existing+commissioned",2026-06-25,Konstantin Loffler <kl@wip.tu-berlin.de>
Canada,WECC,Power,2029,3.45,,GW,"IC transfer capability, High/NTP ceiling (MW/1000), floored at existing+commissioned",2026-06-25,Konstantin Loffler <kl@wip.tu-berlin.de>
Canada,WECC,Power,2030,3.45,,GW,"IC transfer capability, High/NTP ceiling (MW/1000), floored at existing+commissioned",2026-06-25,Konstantin Loffler <kl@wip.tu-berlin.de>
Canada,WECC,Power,2031,3.45,,GW,"IC transfer capability, High/NTP ceiling (MW/1000), floored at existing+commissioned",2026-06-25,Konstantin Loffler <kl@wip.tu-berlin.de>
Canada,WECC,Power,2032,3.45,,GW,"IC transfer capability, High/NTP ceiling (MW/1000), floored at existing+commissioned",2026-06-25,Konstantin Loffler <kl@wip.tu-berlin.de>
Canada,WECC,Power,2033,3.45,,GW,"IC transfer capability, High/NTP ceiling (MW/1000), floored at existing+commissioned",2026-06-25,Konstantin Loffler <kl@wip.tu-berlin.de>
Canada,WECC,Power,2034,3.45,,GW,"IC transfer capability, High/NTP ceiling (MW/1000), floored at existing+commissioned",2026-06-25,Konstantin Loffler <kl@wip.tu-berlin.de>
Canada,WECC,Power,2035,3.45,,GW,"IC transfer capability, High/NTP ceiling (MW/1000), floored at existing+commissioned",2026-06-25,Konstantin Loffler <kl@wip.tu-berlin.de>
Canada,WECC,Power,2036,3.45,,GW,"IC transfer capability, High/NTP ceiling (MW/1000), floored at existing+commissioned",2026-06-25,Konstantin Loffler <kl@wip.tu-berlin.de>
Canada,WECC,Power,2037,3.45,,GW,"IC transfer capability, High/NTP ceiling (MW/1000), floored at existing+commissioned",2026-06-25,Konstantin Loffler <kl@wip.tu-berlin.de>
Canada,WECC,Power,2038,3.45,,GW,"IC transfer capability, High/NTP ceiling (MW/1000), floored at existing+commissioned",2026-06-25,Konstantin Loffler <kl@wip.tu-berlin.de>
Canada,WECC,Power,2039,3.45,,GW,"IC transfer capability, High/NTP ceiling (MW/1000), floored at existing+commissioned",2026-06-25,Konstantin Loffler <kl@wip.tu-berlin.de>
Canada,WECC,Power,2040,3.45,,GW,"IC transfer capability, High/NTP ceiling (MW/1000), floored at existing+commissioned",2026-06-25,Konstantin Loffler <kl@wip.tu-berlin.de>
ERCOT,MISO,Power,2025,0.0,,GW,"IC transfer capability, High/NTP ceiling (MW/1000), floored at existing+commissioned",2026-06-25,Konstantin Loffler <kl@wip.tu-berlin.de>
ERCOT,MISO,Power,2026,1.1092,,GW,"IC transfer capability, High/NTP ceiling (MW/1000), floored at existing+commissioned",2026-06-25,Konstantin Loffler <kl@wip.tu-berlin.de>
ERCOT,MISO,Power,2027,2.2184,,GW,"IC transfer capability, High/NTP ceiling (MW/1000), floored at existing+commissioned",2026-06-25,Konstantin Loffler <kl@wip.tu-berlin.de>
ERCOT,MISO,Power,2028,2.382032,,GW,"IC transfer capability, High/NTP ceiling (MW/1000), floored at existing+commissioned",2026-06-25,Konstantin Loffler <kl@wip.tu-berlin.de>
ERCOT,MISO,Power,2029,2.524954,,GW,"IC transfer capability, High/NTP ceiling (MW/1000), floored at existing+commissioned",2026-06-25,Konstantin Loffler <kl@wip.tu-berlin.de>
ERCOT,MISO,Power,2030,2.676451,,GW,"IC transfer capability, High/NTP ceiling (MW/1000), floored at existing+commissioned",2026-06-25,Konstantin Loffler <kl@wip.tu-berlin.de>
ERCOT,MISO,Power,2031,2.837038,,GW,"IC transfer capability, High/NTP ceiling (MW/1000), floored at existing+commissioned",2026-06-25,Konstantin Loffler <kl@wip.tu-berlin.de>
ERCOT,MISO,Power,2032,3.007261,,GW,"IC transfer capability, High/NTP ceiling (MW/1000), floored at existing+commissioned",2026-06-25,Konstantin Loffler <kl@wip.tu-berlin.de>
ERCOT,MISO,Power,2033,3.187696,,GW,"IC transfer capability, High/NTP ceiling (MW/1000), floored at existing+commissioned",2026-06-25,Konstantin Loffler <kl@wip.tu-berlin.de>
ERCOT,MISO,Power,2034,3.378958,,GW,"IC transfer capability, High/NTP ceiling (MW/1000), floored at existing+commissioned",2026-06-25,Konstantin Loffler <kl@wip.tu-berlin.de>
ERCOT,MISO,Power,2035,3.581695,,GW,"IC transfer capability, High/NTP ceiling (MW/1000), floored at existing+commissioned",2026-06-25,Konstantin Loffler <kl@wip.tu-berlin.de>
ERCOT,MISO,Power,2036,3.796597,,GW,"IC transfer capability, High/NTP ceiling (MW/1000), floored at existing+commissioned",2026-06-25,Konstantin Loffler <kl@wip.tu-berlin.de>
ERCOT,MISO,Power,2037,4.024393,,GW,"IC transfer capability, High/NTP ceiling (MW/1000), floored at existing+commissioned",2026-06-25,Konstantin Loffler <kl@wip.tu-berlin.de>
ERCOT,MISO,Power,2038,4.265857,,GW,"IC transfer capability, High/NTP ceiling (MW/1000), floored at existing+commissioned",2026-06-25,Konstantin Loffler <kl@wip.tu-berlin.de>
ERCOT,MISO,Power,2039,4.521808,,GW,"IC transfer capability, High/NTP ceiling (MW/1000), floored at existing+commissioned",2026-06-25,Konstantin Loffler <kl@wip.tu-berlin.de>
ERCOT,MISO,Power,2040,4.793116,,GW,"IC transfer capability, High/NTP ceiling (MW/1000), floored at existing+commissioned",2026-06-25,Konstantin Loffler <kl@wip.tu-berlin.de>
ERCOT,SERC,Power,2025,0.0,,GW,"IC transfer capability, High/NTP ceiling (MW/1000), floored at existing+commissioned",2026-06-25,Konstantin Loffler <kl@wip.tu-berlin.de>
ERCOT,SERC,Power,2026,0.0,,GW,"IC transfer capability, High/NTP ceiling (MW/1000), floored at existing+commissioned",2026-06-25,Konstantin Loffler <kl@wip.tu-berlin.de>
ERCOT,SERC,Power,2027,0.0,,GW,"IC transfer capability, High/NTP ceiling (MW/1000), floored at existing+commissioned",2026-06-25,Konstantin Loffler <kl@wip.tu-berlin.de>
ERCOT,SERC,Power,2028,0.0,,GW,"IC transfer capability, High/NTP ceiling (MW/1000), floored at existing+commissioned",2026-06-25,Konstantin Loffler <kl@wip.tu-berlin.de>
ERCOT,SERC,Power,2029,0.0,,GW,"IC transfer capability, High/NTP ceiling (MW/1000), floored at existing+commissioned",2026-06-25,Konstantin Loffler <kl@wip.tu-berlin.de>
ERCOT,SERC,Power,2030,0.0,,GW,"IC transfer capability, High/NTP ceiling (MW/1000), floored at existing+commissioned",2026-06-25,Konstantin Loffler <kl@wip.tu-berlin.de>
ERCOT,SERC,Power,2031,0.0,,GW,"IC transfer capability, High/NTP ceiling (MW/1000), floored at existing+commissioned",2026-06-25,Konstantin Loffler <kl@wip.tu-berlin.de>
ERCOT,SERC,Power,2032,0.0,,GW,"IC transfer capability, High/NTP ceiling (MW/1000), floored at existing+commissioned",2026-06-25,Konstantin Loffler <kl@wip.tu-berlin.de>
ERCOT,SERC,Power,2033,0.0,,GW,"IC transfer capability, High/NTP ceiling (MW/1000), floored at existing+commissioned",2026-06-25,Konstantin Loffler <kl@wip.tu-berlin.de>
ERCOT,SERC,Power,2034,0.0,,GW,"IC transfer capability, High/NTP ceiling (MW/1000), floored at existing+commissioned",2026-06-25,Konstantin Loffler <kl@wip.tu-berlin.de>
ERCOT,SERC,Power,2035,0.0,,GW,"IC transfer capability, High/NTP ceiling (MW/1000), floored at existing+commissioned",2026-06-25,Konstantin Loffler <kl@wip.tu-berlin.de>
ERCOT,SERC,Power,2036,0.0,,GW,"IC transfer capability, High/NTP ceiling (MW/1000), floored at existing+commissioned",2026-06-25,Konstantin Loffler <kl@wip.tu-berlin.de>
ERCOT,SERC,Power,2037,0.0,,GW,"IC transfer capability, High/NTP ceiling (MW/1000), floored at existing+commissioned",2026-06-25,Konstantin Loffler <kl@wip.tu-berlin.de>
ERCOT,SERC,Power,2038,0.0,,GW,"IC transfer capability, High/NTP ceiling (MW/1000), floored at existing+commissioned",2026-06-25,Konstantin Loffler <kl@wip.tu-berlin.de>
ERCOT,SERC,Power,2039,0.0,,GW,"IC transfer capability, High/NTP ceiling (MW/1000), floored at existing+commissioned",2026-06-25,Konstantin Loffler <kl@wip.tu-berlin.de>
ERCOT,SERC,Power,2040,0.0,,GW,"IC transfer capability, High/NTP ceiling (MW/1000), floored at existing+commissioned",2026-06-25,Konstantin Loffler <kl@wip.tu-berlin.de>
ERCOT,SPP,Power,2025,3.0,,GW,"IC transfer capability, High/NTP ceiling (MW/1000), floored at existing+commissioned",2026-06-25,Konstantin Loffler <kl@wip.tu-berlin.de>
ERCOT,SPP,Power,2026,3.18,,GW,"IC transfer capability, High/NTP ceiling (MW/1000), floored at existing+commissioned",2026-06-25,Konstantin Loffler <kl@wip.tu-berlin.de>
ERCOT,SPP,Power,2027,3.3708,,GW,"IC transfer capability, High/NTP ceiling (MW/1000), floored at existing+commissioned",2026-06-25,Konstantin Loffler <kl@wip.tu-berlin.de>
ERCOT,SPP,Power,2028,3.573048,,GW,"IC transfer capability, High/NTP ceiling (MW/1000), floored at existing+commissioned",2026-06-25,Konstantin Loffler <kl@wip.tu-berlin.de>
ERCOT,SPP,Power,2029,3.787431,,GW,"IC transfer capability, High/NTP ceiling (MW/1000), floored at existing+commissioned",2026-06-25,Konstantin Loffler <kl@wip.tu-berlin.de>
ERCOT,SPP,Power,2030,4.014677,,GW,"IC transfer capability, High/NTP ceiling (MW/1000), floored at existing+commissioned",2026-06-25,Konstantin Loffler <kl@wip.tu-berlin.de>
ERCOT,SPP,Power,2031,4.255557,,GW,"IC transfer capability, High/NTP ceiling (MW/1000), floored at existing+commissioned",2026-06-25,Konstantin Loffler <kl@wip.tu-berlin.de>
ERCOT,SPP,Power,2032,4.510891,,GW,"IC transfer capability, High/NTP ceiling (MW/1000), floored at existing+commissioned",2026-06-25,Konstantin Loffler <kl@wip.tu-berlin.de>
ERCOT,SPP,Power,2033,4.781544,,GW,"IC transfer capability, High/NTP ceiling (MW/1000), floored at existing+commissioned",2026-06-25,Konstantin Loffler <kl@wip.tu-berlin.de>
ERCOT,SPP,Power,2034,5.068437,,GW,"IC transfer capability, High/NTP ceiling (MW/1000), floored at existing+commissioned",2026-06-25,Konstantin Loffler <kl@wip.tu-berlin.de>
ERCOT,SPP,Power,2035,5.372543,,GW,"IC transfer capability, High/NTP ceiling (MW/1000), floored at existing+commissioned",2026-06-25,Konstantin Loffler <kl@wip.tu-berlin.de>
ERCOT,SPP,Power,2036,5.694896,,GW,"IC transfer capability, High/NTP ceiling (MW/1000), floored at existing+commissioned",2026-06-25,Konstantin Loffler <kl@wip.tu-berlin.de>
ERCOT,SPP,Power,2037,6.036589,,GW,"IC transfer capability, High/NTP ceiling (MW/1000), floored at existing+commissioned",2026-06-25,Konstantin Loffler <kl@wip.tu-berlin.de>
ERCOT,SPP,Power,2038,6.398785,,GW,"IC transfer capability, High/NTP ceiling (MW/1000), floored at existing+commissioned",2026-06-25,Konstantin Loffler <kl@wip.tu-berlin.de>
ERCOT,SPP,Power,2039,6.782712,,GW,"IC transfer capability, High/NTP ceiling (MW/1000), floored at existing+commissioned",2026-06-25,Konstantin Loffler <kl@wip.tu-berlin.de>
ERCOT,SPP,Power,2040,7.189675,,GW,"IC transfer capability, High/NTP ceiling (MW/1000), floored at existing+commissioned",2026-06-25,Konstantin Loffler <kl@wip.tu-berlin.de>
ERCOT,WECC,Power,2025,0.0,,GW,"IC transfer capability, High/NTP ceiling (MW/1000), floored at existing+commissioned",2026-06-25,Konstantin Loffler <kl@wip.tu-berlin.de>
ERCOT,WECC,Power,2026,2.12,,GW,"IC transfer capability, High/NTP ceiling (MW/1000), floored at existing+commissioned",2026-06-25,Konstantin Loffler <kl@wip.tu-berlin.de>
ERCOT,WECC,Power,2027,2.2472,,GW,"IC transfer capability, High/NTP ceiling (MW/1000), floored at existing+commissioned",2026-06-25,Konstantin Loffler <kl@wip.tu-berlin.de>
ERCOT,WECC,Power,2028,2.382032,,GW,"IC transfer capability, High/NTP ceiling (MW/1000), floored at existing+commissioned",2026-06-25,Konstantin Loffler <kl@wip.tu-berlin.de>
ERCOT,WECC,Power,2029,2.524954,,GW,"IC transfer capability, High/NTP ceiling (MW/1000), floored at existing+commissioned",2026-06-25,Konstantin Loffler <kl@wip.tu-berlin.de>
ERCOT,WECC,Power,2030,2.676451,,GW,"IC transfer capability, High/NTP ceiling (MW/1000), floored at existing+commissioned",2026-06-25,Konstantin Loffler <kl@wip.tu-berlin.de>
ERCOT,WECC,Power,2031,2.837038,,GW,"IC transfer capability, High/NTP ceiling (MW/1000), floored at existing+commissioned",2026-06-25,Konstantin Loffler <kl@wip.tu-berlin.de>
ERCOT,WECC,Power,2032,3.007261,,GW,"IC transfer capability, High/NTP ceiling (MW/1000), floored at existing+commissioned",2026-06-25,Konstantin Loffler <kl@wip.tu-berlin.de>
ERCOT,WECC,Power,2033,3.187696,,GW,"IC transfer capability, High/NTP ceiling (MW/1000), floored at existing+commissioned",2026-06-25,Konstantin Loffler <kl@wip.tu-berlin.de>
ERCOT,WECC,Power,2034,3.378958,,GW,"IC transfer capability, High/NTP ceiling (MW/1000), floored at existing+commissioned",2026-06-25,Konstantin Loffler <kl@wip.tu-berlin.de>
ERCOT,WECC,Power,2035,3.581695,,GW,"IC transfer capability, High/NTP ceiling (MW/1000), floored at existing+commissioned",2026-06-25,Konstantin Loffler <kl@wip.tu-berlin.de>
ERCOT,WECC,Power,2036,3.796597,,GW,"IC transfer capability, High/NTP ceiling (MW/1000), floored at existing+commissioned",2026-06-25,Konstantin Loffler <kl@wip.tu-berlin.de>
ERCOT,WECC,Power,2037,4.024393,,GW,"IC transfer capability, High/NTP ceiling (MW/1000), floored at existing+commissioned",2026-06-25,Konstantin Loffler <kl@wip.tu-berlin.de>
ERCOT,WECC,Power,2038,4.265857,,GW,"IC transfer capability, High/NTP ceiling (MW/1000), floored at existing+commissioned",2026-06-25,Konstantin Loffler <kl@wip.tu-berlin.de>
ERCOT,WECC,Power,2039,4.521808,,GW,"IC transfer capability, High/NTP ceiling (MW/1000), floored at existing+commissioned",2026-06-25,Konstantin Loffler <kl@wip.tu-berlin.de>
ERCOT,WECC,Power,2040,4.793116,,GW,"IC transfer capability, High/NTP ceiling (MW/1000), floored at existing+commissioned",2026-06-25,Konstantin Loffler <kl@wip.tu-berlin.de>
NewEngland,Canada,Power,2025,2.268,,GW,"IC transfer capability, High/NTP ceiling (MW/1000), floored at existing+commissioned",2026-06-25,Konstantin Loffler <kl@wip.tu-berlin.de>
NewEngland,Canada,Power,2026,2.40408,,GW,"IC transfer capability, High/NTP ceiling (MW/1000), floored at existing+commissioned",2026-06-25,Konstantin Loffler <kl@wip.tu-berlin.de>
NewEngland,Canada,Power,2027,2.548325,,GW,"IC transfer capability, High/NTP ceiling (MW/1000), floored at existing+commissioned",2026-06-25,Konstantin Loffler <kl@wip.tu-berlin.de>
NewEngland,Canada,Power,2028,2.701224,,GW,"IC transfer capability, High/NTP ceiling (MW/1000), floored at existing+commissioned",2026-06-25,Konstantin Loffler <kl@wip.tu-berlin.de>
NewEngland,Canada,Power,2029,2.863298,,GW,"IC transfer capability, High/NTP ceiling (MW/1000), floored at existing+commissioned",2026-06-25,Konstantin Loffler <kl@wip.tu-berlin.de>
NewEngland,Canada,Power,2030,3.035096,,GW,"IC transfer capability, High/NTP ceiling (MW/1000), floored at existing+commissioned",2026-06-25,Konstantin Loffler <kl@wip.tu-berlin.de>
NewEngland,Canada,Power,2031,3.217201,,GW,"IC transfer capability, High/NTP ceiling (MW/1000), floored at existing+commissioned",2026-06-25,Konstantin Loffler <kl@wip.tu-berlin.de>
NewEngland,Canada,Power,2032,3.410233,,GW,"IC transfer capability, High/NTP ceiling (MW/1000), floored at existing+commissioned",2026-06-25,Konstantin Loffler <kl@wip.tu-berlin.de>
NewEngland,Canada,Power,2033,3.614847,,GW,"IC transfer capability, High/NTP ceiling (MW/1000), floored at existing+commissioned",2026-06-25,Konstantin Loffler <kl@wip.tu-berlin.de>
NewEngland,Canada,Power,2034,3.831738,,GW,"IC transfer capability, High/NTP ceiling (MW/1000), floored at existing+commissioned",2026-06-25,Konstantin Loffler <kl@wip.tu-berlin.de>
NewEngland,Canada,Power,2035,3.975,,GW,"IC transfer capability, High/NTP ceiling (MW/1000), floored at existing+commissioned",2026-06-25,Konstantin Loffler <kl@wip.tu-berlin.de>
NewEngland,Canada,Power,2036,3.975,,GW,"IC transfer capability, High/NTP ceiling (MW/1000), floored at existing+commissioned",2026-06-25,Konstantin Loffler <kl@wip.tu-berlin.de>
NewEngland,Canada,Power,2037,3.975,,GW,"IC transfer capability, High/NTP ceiling (MW/1000), floored at existing+commissioned",2026-06-25,Konstantin Loffler <kl@wip.tu-berlin.de>
NewEngland,Canada,Power,2038,3.975,,GW,"IC transfer capability, High/NTP ceiling (MW/1000), floored at existing+commissioned",2026-06-25,Konstantin Loffler <kl@wip.tu-berlin.de>
NewEngland,Canada,Power,2039,3.975,,GW,"IC transfer capability, High/NTP ceiling (MW/1000), floored at existing+commissioned",2026-06-25,Konstantin Loffler <kl@wip.tu-berlin.de>
NewEngland,Canada,Power,2040,3.975,,GW,"IC transfer capability, High/NTP ceiling (MW/1000), floored at existing+commissioned",2026-06-25,Konstantin Loffler <kl@wip.tu-berlin.de>
NewEngland,NewYork,Power,2025,3.502,,GW,"IC transfer capability, High/NTP ceiling (MW/1000), floored at existing+commissioned",2026-06-25,Konstantin Loffler <kl@wip.tu-berlin.de>
NewEngland,NewYork,Power,2026,3.71212,,GW,"IC transfer capability, High/NTP ceiling (MW/1000), floored at existing+commissioned",2026-06-25,Konstantin Loffler <kl@wip.tu-berlin.de>
NewEngland,NewYork,Power,2027,3.934847,,GW,"IC transfer capability, High/NTP ceiling (MW/1000), floored at existing+commissioned",2026-06-25,Konstantin Loffler <kl@wip.tu-berlin.de>
NewEngland,NewYork,Power,2028,4.170938,,GW,"IC transfer capability, High/NTP ceiling (MW/1000), floored at existing+commissioned",2026-06-25,Konstantin Loffler <kl@wip.tu-berlin.de>
NewEngland,NewYork,Power,2029,4.421194,,GW,"IC transfer capability, High/NTP ceiling (MW/1000), floored at existing+commissioned",2026-06-25,Konstantin Loffler <kl@wip.tu-berlin.de>
NewEngland,NewYork,Power,2030,4.686466,,GW,"IC transfer capability, High/NTP ceiling (MW/1000), floored at existing+commissioned",2026-06-25,Konstantin Loffler <kl@wip.tu-berlin.de>
NewEngland,NewYork,Power,2031,4.967654,,GW,"IC transfer capability, High/NTP ceiling (MW/1000), floored at existing+commissioned",2026-06-25,Konstantin Loffler <kl@wip.tu-berlin.de>
NewEngland,NewYork,Power,2032,5.265713,,GW,"IC transfer capability, High/NTP ceiling (MW/1000), floored at existing+commissioned",2026-06-25,Konstantin Loffler <kl@wip.tu-berlin.de>
NewEngland,NewYork,Power,2033,5.581656,,GW,"IC transfer capability, High/NTP ceiling (MW/1000), floored at existing+commissioned",2026-06-25,Konstantin Loffler <kl@wip.tu-berlin.de>
NewEngland,NewYork,Power,2034,5.916555,,GW,"IC transfer capability, High/NTP ceiling (MW/1000), floored at existing+commissioned",2026-06-25,Konstantin Loffler <kl@wip.tu-berlin.de>
NewEngland,NewYork,Power,2035,6.271549,,GW,"IC transfer capability, High/NTP ceiling (MW/1000), floored at existing+commissioned",2026-06-25,Konstantin Loffler <kl@wip.tu-berlin.de>
NewEngland,NewYork,Power,2036,6.647842,,GW,"IC transfer capability, High/NTP ceiling (MW/1000), floored at existing+commissioned",2026-06-25,Konstantin Loffler <kl@wip.tu-berlin.de>
NewEngland,NewYork,Power,2037,7.046712,,GW,"IC transfer capability, High/NTP ceiling (MW/1000), floored at existing+commissioned",2026-06-25,Konstantin Loffler <kl@wip.tu-berlin.de>
NewEngland,NewYork,Power,2038,7.469515,,GW,"IC transfer capability, High/NTP ceiling (MW/1000), floored at existing+commissioned",2026-06-25,Konstantin Loffler <kl@wip.tu-berlin.de>
NewEngland,NewYork,Power,2039,7.917686,,GW,"IC transfer capability, High/NTP ceiling (MW/1000), floored at existing+commissioned",2026-06-25,Konstantin Loffler <kl@wip.tu-berlin.de>
NewEngland,NewYork,Power,2040,8.392747,,GW,"IC transfer capability, High/NTP ceiling (MW/1000), floored at existing+commissioned",2026-06-25,Konstantin Loffler <kl@wip.tu-berlin.de>
MISO,Canada,Power,2025,4.821,,GW,"IC transfer capability, High/NTP ceiling (MW/1000), floored at existing+commissioned",2026-06-25,Konstantin Loffler <kl@wip.tu-berlin.de>
MISO,Canada,Power,2026,5.045,,GW,"IC transfer capability, High/NTP ceiling (MW/1000), floored at existing+commissioned",2026-06-25,Konstantin Loffler <kl@wip.tu-berlin.de>
MISO,Canada,Power,2027,5.045,,GW,"IC transfer capability, High/NTP ceiling (MW/1000), floored at existing+commissioned",2026-06-25,Konstantin Loffler <kl@wip.tu-berlin.de>
MISO,Canada,Power,2028,5.045,,GW,"IC transfer capability, High/NTP ceiling (MW/1000), floored at existing+commissioned",2026-06-25,Konstantin Loffler <kl@wip.tu-berlin.de>
MISO,Canada,Power,2029,5.045,,GW,"IC transfer capability, High/NTP ceiling (MW/1000), floored at existing+commissioned",2026-06-25,Konstantin Loffler <kl@wip.tu-berlin.de>
MISO,Canada,Power,2030,5.045,,GW,"IC transfer capability, High/NTP ceiling (MW/1000), floored at existing+commissioned",2026-06-25,Konstantin Loffler <kl@wip.tu-berlin.de>
MISO,Canada,Power,2031,5.045,,GW,"IC transfer capability, High/NTP ceiling (MW/1000), floored at existing+commissioned",2026-06-25,Konstantin Loffler <kl@wip.tu-berlin.de>
MISO,Canada,Power,2032,5.045,,GW,"IC transfer capability, High/NTP ceiling (MW/1000), floored at existing+commissioned",2026-06-25,Konstantin Loffler <kl@wip.tu-berlin.de>
MISO,Canada,Power,2033,5.045,,GW,"IC transfer capability, High/NTP ceiling (MW/1000), floored at existing+commissioned",2026-06-25,Konstantin Loffler <kl@wip.tu-berlin.de>
MISO,Canada,Power,2034,5.045,,GW,"IC transfer capability, High/NTP ceiling (MW/1000), floored at existing+commissioned",2026-06-25,Konstantin Loffler <kl@wip.tu-berlin.de>
MISO,Canada,Power,2035,5.045,,GW,"IC transfer capability, High/NTP ceiling (MW/1000), floored at existing+commissioned",2026-06-25,Konstantin Loffler <kl@wip.tu-berlin.de>
MISO,Canada,Power,2036,5.045,,GW,"IC transfer capability, High/NTP ceiling (MW/1000), floored at existing+commissioned",2026-06-25,Konstantin Loffler <kl@wip.tu-berlin.de>
MISO,Canada,Power,2037,5.045,,GW,"IC transfer capability, High/NTP ceiling (MW/1000), floored at existing+commissioned",2026-06-25,Konstantin Loffler <kl@wip.tu-berlin.de>
MISO,Canada,Power,2038,5.045,,GW,"IC transfer capability, High/NTP ceiling (MW/1000), floored at existing+commissioned",2026-06-25,Konstantin Loffler <kl@wip.tu-berlin.de>
MISO,Canada,Power,2039,5.045,,GW,"IC transfer capability, High/NTP ceiling (MW/1000), floored at existing+commissioned",2026-06-25,Konstantin Loffler <kl@wip.tu-berlin.de>
MISO,Canada,Power,2040,5.045,,GW,"IC transfer capability, High/NTP ceiling (MW/1000), floored at existing+commissioned",2026-06-25,Konstantin Loffler <kl@wip.tu-berlin.de>
MISO,ERCOT,Power,2025,0.0,,GW,"IC transfer capability, High/NTP ceiling (MW/1000), floored at existing+commissioned",2026-06-25,Konstantin Loffler <kl@wip.tu-berlin.de>
MISO,ERCOT,Power,2026,1.1092,,GW,"IC transfer capability, High/NTP ceiling (MW/1000), floored at existing+commissioned",2026-06-25,Konstantin Loffler <kl@wip.tu-berlin.de>
MISO,ERCOT,Power,2027,2.2184,,GW,"IC transfer capability, High/NTP ceiling (MW/1000), floored at existing+commissioned",2026-06-25,Konstantin Loffler <kl@wip.tu-berlin.de>
MISO,ERCOT,Power,2028,2.382032,,GW,"IC transfer capability, High/NTP ceiling (MW/1000), floored at existing+commissioned",2026-06-25,Konstantin Loffler <kl@wip.tu-berlin.de>
MISO,ERCOT,Power,2029,2.524954,,GW,"IC transfer capability, High/NTP ceiling (MW/1000), floored at existing+commissioned",2026-06-25,Konstantin Loffler <kl@wip.tu-berlin.de>
MISO,ERCOT,Power,2030,2.676451,,GW,"IC transfer capability, High/NTP ceiling (MW/1000), floored at existing+commissioned",2026-06-25,Konstantin Loffler <kl@wip.tu-berlin.de>
MISO,ERCOT,Power,2031,2.837038,,GW,"IC transfer capability, High/NTP ceiling (MW/1000), floored at existing+commissioned",2026-06-25,Konstantin Loffler <kl@wip.tu-berlin.de>
MISO,ERCOT,Power,2032,3.007261,,GW,"IC transfer capability, High/NTP ceiling (MW/1000), floored at existing+commissioned",2026-06-25,Konstantin Loffler <kl@wip.tu-berlin.de>
MISO,ERCOT,Power,2033,3.187696,,GW,"IC transfer capability, High/NTP ceiling (MW/1000), floored at existing+commissioned",2026-06-25,Konstantin Loffler <kl@wip.tu-berlin.de>
MISO,ERCOT,Power,2034,3.378958,,GW,"IC transfer capability, High/NTP ceiling (MW/1000), floored at existing+commissioned",2026-06-25,Konstantin Loffler <kl@wip.tu-berlin.de>
MISO,ERCOT,Power,2035,3.581695,,GW,"IC transfer capability, High/NTP ceiling (MW/1000), floored at existing+commissioned",2026-06-25,Konstantin Loffler <kl@wip.tu-berlin.de>
MISO,ERCOT,Power,2036,3.796597,,GW,"IC transfer capability, High/NTP ceiling (MW/1000), floored at existing+commissioned",2026-06-25,Konstantin Loffler <kl@wip.tu-berlin.de>
MISO,ERCOT,Power,2037,4.024393,,GW,"IC transfer capability, High/NTP ceiling (MW/1000), floored at existing+commissioned",2026-06-25,Konstantin Loffler <kl@wip.tu-berlin.de>
MISO,ERCOT,Power,2038,4.265857,,GW,"IC transfer capability, High/NTP ceiling (MW/1000), floored at existing+commissioned",2026-06-25,Konstantin Loffler <kl@wip.tu-berlin.de>
MISO,ERCOT,Power,2039,4.521808,,GW,"IC transfer capability, High/NTP ceiling (MW/1000), floored at existing+commissioned",2026-06-25,Konstantin Loffler <kl@wip.tu-berlin.de>
MISO,ERCOT,Power,2040,4.793116,,GW,"IC transfer capability, High/NTP ceiling (MW/1000), floored at existing+commissioned",2026-06-25,Konstantin Loffler <kl@wip.tu-berlin.de>
MISO,PJM,Power,2025,2.0,,GW,"IC transfer capability, High/NTP ceiling (MW/1000), floored at existing+commissioned",2026-06-25,Konstantin Loffler <kl@wip.tu-berlin.de>
MISO,PJM,Power,2026,2.12,,GW,"IC transfer capability, High/NTP ceiling (MW/1000), floored at existing+commissioned",2026-06-25,Konstantin Loffler <kl@wip.tu-berlin.de>
MISO,PJM,Power,2027,2.2472,,GW,"IC transfer capability, High/NTP ceiling (MW/1000), floored at existing+commissioned",2026-06-25,Konstantin Loffler <kl@wip.tu-berlin.de>
MISO,PJM,Power,2028,2.382032,,GW,"IC transfer capability, High/NTP ceiling (MW/1000), floored at existing+commissioned",2026-06-25,Konstantin Loffler <kl@wip.tu-berlin.de>
MISO,PJM,Power,2029,2.524954,,GW,"IC transfer capability, High/NTP ceiling (MW/1000), floored at existing+commissioned",2026-06-25,Konstantin Loffler <kl@wip.tu-berlin.de>
MISO,PJM,Power,2030,2.676451,,GW,"IC transfer capability, High/NTP ceiling (MW/1000), floored at existing+commissioned",2026-06-25,Konstantin Loffler <kl@wip.tu-berlin.de>
MISO,PJM,Power,2031,2.837038,,GW,"IC transfer capability, High/NTP ceiling (MW/1000), floored at existing+commissioned",2026-06-25,Konstantin Loffler <kl@wip.tu-berlin.de>
MISO,PJM,Power,2032,3.007261,,GW,"IC transfer capability, High/NTP ceiling (MW/1000), floored at existing+commissioned",2026-06-25,Konstantin Loffler <kl@wip.tu-berlin.de>
MISO,PJM,Power,2033,3.187696,,GW,"IC transfer capability, High/NTP ceiling (MW/1000), floored at existing+commissioned",2026-06-25,Konstantin Loffler <kl@wip.tu-berlin.de>
MISO,PJM,Power,2034,3.378958,,GW,"IC transfer capability, High/NTP ceiling (MW/1000), floored at existing+commissioned",2026-06-25,Konstantin Loffler <kl@wip.tu-berlin.de>
MISO,PJM,Power,2035,3.581695,,GW,"IC transfer capability, High/NTP ceiling (MW/1000), floored at existing+commissioned",2026-06-25,Konstantin Loffler <kl@wip.tu-berlin.de>
MISO,PJM,Power,2036,3.796597,,GW,"IC transfer capability, High/NTP ceiling (MW/1000), floored at existing+commissioned",2026-06-25,Konstantin Loffler <kl@wip.tu-berlin.de>
MISO,PJM,Power,2037,4.024393,,GW,"IC transfer capability, High/NTP ceiling (MW/1000), floored at existing+commissioned",2026-06-25,Konstantin Loffler <kl@wip.tu-berlin.de>
MISO,PJM,Power,2038,4.265857,,GW,"IC transfer capability, High/NTP ceiling (MW/1000), floored at existing+commissioned",2026-06-25,Konstantin Loffler <kl@wip.tu-berlin.de>
MISO,PJM,Power,2039,4.521808,,GW,"IC transfer capability, High/NTP ceiling (MW/1000), floored at existing+commissioned",2026-06-25,Konstantin Loffler <kl@wip.tu-berlin.de>
MISO,PJM,Power,2040,4.793116,,GW,"IC transfer capability, High/NTP ceiling (MW/1000), floored at existing+commissioned",2026-06-25,Konstantin Loffler <kl@wip.tu-berlin.de>
MISO,SERC,Power,2025,3.111,,GW,"IC transfer capability, High/NTP ceiling (MW/1000), floored at existing+commissioned",2026-06-25,Konstantin Loffler <kl@wip.tu-berlin.de>
MISO,SERC,Power,2026,3.29766,,GW,"IC transfer capability, High/NTP ceiling (MW/1000), floored at existing+commissioned",2026-06-25,Konstantin Loffler <kl@wip.tu-berlin.de>
MISO,SERC,Power,2027,3.49552,,GW,"IC transfer capability, High/NTP ceiling (MW/1000), floored at existing+commissioned",2026-06-25,Konstantin Loffler <kl@wip.tu-berlin.de>
MISO,SERC,Power,2028,3.705251,,GW,"IC transfer capability, High/NTP ceiling (MW/1000), floored at existing+commissioned",2026-06-25,Konstantin Loffler <kl@wip.tu-berlin.de>
MISO,SERC,Power,2029,3.927566,,GW,"IC transfer capability, High/NTP ceiling (MW/1000), floored at existing+commissioned",2026-06-25,Konstantin Loffler <kl@wip.tu-berlin.de>
MISO,SERC,Power,2030,4.16322,,GW,"IC transfer capability, High/NTP ceiling (MW/1000), floored at existing+commissioned",2026-06-25,Konstantin Loffler <kl@wip.tu-berlin.de>
MISO,SERC,Power,2031,4.413013,,GW,"IC transfer capability, High/NTP ceiling (MW/1000), floored at existing+commissioned",2026-06-25,Konstantin Loffler <kl@wip.tu-berlin.de>
MISO,SERC,Power,2032,4.677794,,GW,"IC transfer capability, High/NTP ceiling (MW/1000), floored at existing+commissioned",2026-06-25,Konstantin Loffler <kl@wip.tu-berlin.de>
MISO,SERC,Power,2033,4.958461,,GW,"IC transfer capability, High/NTP ceiling (MW/1000), floored at existing+commissioned",2026-06-25,Konstantin Loffler <kl@wip.tu-berlin.de>
MISO,SERC,Power,2034,5.255969,,GW,"IC transfer capability, High/NTP ceiling (MW/1000), floored at existing+commissioned",2026-06-25,Konstantin Loffler <kl@wip.tu-berlin.de>
MISO,SERC,Power,2035,5.571327,,GW,"IC transfer capability, High/NTP ceiling (MW/1000), floored at existing+commissioned",2026-06-25,Konstantin Loffler <kl@wip.tu-berlin.de>
MISO,SERC,Power,2036,5.905607,,GW,"IC transfer capability, High/NTP ceiling (MW/1000), floored at existing+commissioned",2026-06-25,Konstantin Loffler <kl@wip.tu-berlin.de>
MISO,SERC,Power,2037,6.259943,,GW,"IC transfer capability, High/NTP ceiling (MW/1000), floored at existing+commissioned",2026-06-25,Konstantin Loffler <kl@wip.tu-berlin.de>
MISO,SERC,Power,2038,6.63554,,GW,"IC transfer capability, High/NTP ceiling (MW/1000), floored at existing+commissioned",2026-06-25,Konstantin Loffler <kl@wip.tu-berlin.de>
MISO,SERC,Power,2039,7.033672,,GW,"IC transfer capability, High/NTP ceiling (MW/1000), floored at existing+commissioned",2026-06-25,Konstantin Loffler <kl@wip.tu-berlin.de>
MISO,SERC,Power,2040,7.455693,,GW,"IC transfer capability, High/NTP ceiling (MW/1000), floored at existing+commissioned",2026-06-25,Konstantin Loffler <kl@wip.tu-berlin.de>
MISO,SPP,Power,2025,4.382,,GW,"IC transfer capability, High/NTP ceiling (MW/1000), floored at existing+commissioned",2026-06-25,Konstantin Loffler <kl@wip.tu-berlin.de>
MISO,SPP,Power,2026,4.64492,,GW,"IC transfer capability, High/NTP ceiling (MW/1000), floored at existing+commissioned",2026-06-25,Konstantin Loffler <kl@wip.tu-berlin.de>
MISO,SPP,Power,2027,4.923615,,GW,"IC transfer capability, High/NTP ceiling (MW/1000), floored at existing+commissioned",2026-06-25,Konstantin Loffler <kl@wip.tu-berlin.de>
MISO,SPP,Power,2028,5.219032,,GW,"IC transfer capability, High/NTP ceiling (MW/1000), floored at existing+commissioned",2026-06-25,Konstantin Loffler <kl@wip.tu-berlin.de>
MISO,SPP,Power,2029,5.532174,,GW,"IC transfer capability, High/NTP ceiling (MW/1000), floored at existing+commissioned",2026-06-25,Konstantin Loffler <kl@wip.tu-berlin.de>
MISO,SPP,Power,2030,5.864104,,GW,"IC transfer capability, High/NTP ceiling (MW/1000), floored at existing+commissioned",2026-06-25,Konstantin Loffler <kl@wip.tu-berlin.de>
MISO,SPP,Power,2031,6.215951,,GW,"IC transfer capability, High/NTP ceiling (MW/1000), floored at existing+commissioned",2026-06-25,Konstantin Loffler <kl@wip.tu-berlin.de>
MISO,SPP,Power,2032,6.588908,,GW,"IC transfer capability, High/NTP ceiling (MW/1000), floored at existing+commissioned",2026-06-25,Konstantin Loffler <kl@wip.tu-berlin.de>
MISO,SPP,Power,2033,6.984242,,GW,"IC transfer capability, High/NTP ceiling (MW/1000), floored at existing+commissioned",2026-06-25,Konstantin Loffler <kl@wip.tu-berlin.de>
MISO,SPP,Power,2034,7.403297,,GW,"IC transfer capability, High/NTP ceiling (MW/1000), floored at existing+commissioned",2026-06-25,Konstantin Loffler <kl@wip.tu-berlin.de>
MISO,SPP,Power,2035,7.847495,,GW,"IC transfer capability, High/NTP ceiling (MW/1000), floored at existing+commissioned",2026-06-25,Konstantin Loffler <kl@wip.tu-berlin.de>
MISO,SPP,Power,2036,8.318344,,GW,"IC transfer capability, High/NTP ceiling (MW/1000), floored at existing+commissioned",2026-06-25,Konstantin Loffler <kl@wip.tu-berlin.de>
MISO,SPP,Power,2037,8.817445,,GW,"IC transfer capability, High/NTP ceiling (MW/1000), floored at existing+commissioned",2026-06-25,Konstantin Loffler <kl@wip.tu-berlin.de>
MISO,SPP,Power,2038,9.346492,,GW,"IC transfer capability, High/NTP ceiling (MW/1000), floored at existing+commissioned",2026-06-25,Konstantin Loffler <kl@wip.tu-berlin.de>
MISO,SPP,Power,2039,9.907281,,GW,"IC transfer capability, High/NTP ceiling (MW/1000), floored at existing+commissioned",2026-06-25,Konstantin Loffler <kl@wip.tu-berlin.de>
MISO,SPP,Power,2040,10.501718,,GW,"IC transfer capability, High/NTP ceiling (MW/1000), floored at existing+commissioned",2026-06-25,Konstantin Loffler <kl@wip.tu-berlin.de>
MISO,WECC,Power,2025,0.0,,GW,"IC transfer capability, High/NTP ceiling (MW/1000), floored at existing+commissioned",2026-06-25,Konstantin Loffler <kl@wip.tu-berlin.de>
MISO,WECC,Power,2026,0.0,,GW,"IC transfer capability, High/NTP ceiling (MW/1000), floored at existing+commissioned",2026-06-25,Konstantin Loffler <kl@wip.tu-berlin.de>
MISO,WECC,Power,2027,0.0,,GW,"IC transfer capability, High/NTP ceiling (MW/1000), floored at existing+commissioned",2026-06-25,Konstantin Loffler <kl@wip.tu-berlin.de>
MISO,WECC,Power,2028,0.0,,GW,"IC transfer capability, High/NTP ceiling (MW/1000), floored at existing+commissioned",2026-06-25,Konstantin Loffler <kl@wip.tu-berlin.de>
MISO,WECC,Power,2029,0.0,,GW,"IC transfer capability, High/NTP ceiling (MW/1000), floored at existing+commissioned",2026-06-25,Konstantin Loffler <kl@wip.tu-berlin.de>
MISO,WECC,Power,2030,0.0,,GW,"IC transfer capability, High/NTP ceiling (MW/1000), floored at existing+commissioned",2026-06-25,Konstantin Loffler <kl@wip.tu-berlin.de>
MISO,WECC,Power,2031,0.66,,GW,"IC transfer capability, High/NTP ceiling (MW/1000), floored at existing+commissioned",2026-06-25,Konstantin Loffler <kl@wip.tu-berlin.de>
MISO,WECC,Power,2032,3.0,,GW,"IC transfer capability, High/NTP ceiling (MW/1000), floored at existing+commissioned",2026-06-25,Konstantin Loffler <kl@wip.tu-berlin.de>
MISO,WECC,Power,2033,3.0,,GW,"IC transfer capability, High/NTP ceiling (MW/1000), floored at existing+commissioned",2026-06-25,Konstantin Loffler <kl@wip.tu-berlin.de>
MISO,WECC,Power,2034,3.0,,GW,"IC transfer capability, High/NTP ceiling (MW/1000), floored at existing+commissioned",2026-06-25,Konstantin Loffler <kl@wip.tu-berlin.de>
MISO,WECC,Power,2035,3.3,,GW,"IC transfer capability, High/NTP ceiling (MW/1000), floored at existing+commissioned",2026-06-25,Konstantin Loffler <kl@wip.tu-berlin.de>
MISO,WECC,Power,2036,3.3,,GW,"IC transfer capability, High/NTP ceiling (MW/1000), floored at existing+commissioned",2026-06-25,Konstantin Loffler <kl@wip.tu-berlin.de>
MISO,WECC,Power,2037,3.3,,GW,"IC transfer capability, High/NTP ceiling (MW/1000), floored at existing+commissioned",2026-06-25,Konstantin Loffler <kl@wip.tu-berlin.de>
MISO,WECC,Power,2038,3.3,,GW,"IC transfer capability, High/NTP ceiling (MW/1000), floored at existing+commissioned",2026-06-25,Konstantin Loffler <kl@wip.tu-berlin.de>
MISO,WECC,Power,2039,3.3,,GW,"IC transfer capability, High/NTP ceiling (MW/1000), floored at existing+commissioned",2026-06-25,Konstantin Loffler <kl@wip.tu-berlin.de>
MISO,WECC,Power,2040,3.3,,GW,"IC transfer capability, High/NTP ceiling (MW/1000), floored at existing+commissioned",2026-06-25,Konstantin Loffler <kl@wip.tu-berlin.de>
NewYork,Canada,Power,2025,6.421,,GW,"IC transfer capability, High/NTP ceiling (MW/1000), floored at existing+commissioned",2026-06-25,Konstantin Loffler <kl@wip.tu-berlin.de>
NewYork,Canada,Power,2026,6.421,,GW,"IC transfer capability, High/NTP ceiling (MW/1000), floored at existing+commissioned",2026-06-25,Konstantin Loffler <kl@wip.tu-berlin.de>
NewYork,Canada,Power,2027,6.421,,GW,"IC transfer capability, High/NTP ceiling (MW/1000), floored at existing+commissioned",2026-06-25,Konstantin Loffler <kl@wip.tu-berlin.de>
NewYork,Canada,Power,2028,6.421,,GW,"IC transfer capability, High/NTP ceiling (MW/1000), floored at existing+commissioned",2026-06-25,Konstantin Loffler <kl@wip.tu-berlin.de>
NewYork,Canada,Power,2029,6.421,,GW,"IC transfer capability, High/NTP ceiling (MW/1000), floored at existing+commissioned",2026-06-25,Konstantin Loffler <kl@wip.tu-berlin.de>
NewYork,Canada,Power,2030,6.421,,GW,"IC transfer capability, High/NTP ceiling (MW/1000), floored at existing+commissioned",2026-06-25,Konstantin Loffler <kl@wip.tu-berlin.de>
NewYork,Canada,Power,2031,6.421,,GW,"IC transfer capability, High/NTP ceiling (MW/1000), floored at existing+commissioned",2026-06-25,Konstantin Loffler <kl@wip.tu-berlin.de>
NewYork,Canada,Power,2032,6.421,,GW,"IC transfer capability, High/NTP ceiling (MW/1000), floored at existing+commissioned",2026-06-25,Konstantin Loffler <kl@wip.tu-berlin.de>
NewYork,Canada,Power,2033,6.421,,GW,"IC transfer capability, High/NTP ceiling (MW/1000), floored at existing+commissioned",2026-06-25,Konstantin Loffler <kl@wip.tu-berlin.de>
NewYork,Canada,Power,2034,6.421,,GW,"IC transfer capability, High/NTP ceiling (MW/1000), floored at existing+commissioned",2026-06-25,Konstantin Loffler <kl@wip.tu-berlin.de>
NewYork,Canada,Power,2035,6.421,,GW,"IC transfer capability, High/NTP ceiling (MW/1000), floored at existing+commissioned",2026-06-25,Konstantin Loffler <kl@wip.tu-berlin.de>
NewYork,Canada,Power,2036,6.421,,GW,"IC transfer capability, High/NTP ceiling (MW/1000), floored at existing+commissioned",2026-06-25,Konstantin Loffler <kl@wip.tu-berlin.de>
NewYork,Canada,Power,2037,6.421,,GW,"IC transfer capability, High/NTP ceiling (MW/1000), floored at existing+commissioned",2026-06-25,Konstantin Loffler <kl@wip.tu-berlin.de>
NewYork,Canada,Power,2038,6.421,,GW,"IC transfer capability, High/NTP ceiling (MW/1000), floored at existing+commissioned",2026-06-25,Konstantin Loffler <kl@wip.tu-berlin.de>
NewYork,Canada,Power,2039,6.421,,GW,"IC transfer capability, High/NTP ceiling (MW/1000), floored at existing+commissioned",2026-06-25,Konstantin Loffler <kl@wip.tu-berlin.de>
NewYork,Canada,Power,2040,6.421,,GW,"IC transfer capability, High/NTP ceiling (MW/1000), floored at existing+commissioned",2026-06-25,Konstantin Loffler <kl@wip.tu-berlin.de>
NewYork,NewEngland,Power,2025,3.02,,GW,"IC transfer capability, High/NTP ceiling (MW/1000), floored at existing+commissioned",2026-06-25,Konstantin Loffler <kl@wip.tu-berlin.de>
NewYork,NewEngland,Power,2026,3.2012,,GW,"IC transfer capability, High/NTP ceiling (MW/1000), floored at existing+commissioned",2026-06-25,Konstantin Loffler <kl@wip.tu-berlin.de>
NewYork,NewEngland,Power,2027,3.393272,,GW,"IC transfer capability, High/NTP ceiling (MW/1000), floored at existing+commissioned",2026-06-25,Konstantin Loffler <kl@wip.tu-berlin.de>
NewYork,NewEngland,Power,2028,3.596868,,GW,"IC transfer capability, High/NTP ceiling (MW/1000), floored at existing+commissioned",2026-06-25,Konstantin Loffler <kl@wip.tu-berlin.de>
NewYork,NewEngland,Power,2029,3.81268,,GW,"IC transfer capability, High/NTP ceiling (MW/1000), floored at existing+commissioned",2026-06-25,Konstantin Loffler <kl@wip.tu-berlin.de>
NewYork,NewEngland,Power,2030,4.041441,,GW,"IC transfer capability, High/NTP ceiling (MW/1000), floored at existing+commissioned",2026-06-25,Konstantin Loffler <kl@wip.tu-berlin.de>
NewYork,NewEngland,Power,2031,4.283928,,GW,"IC transfer capability, High/NTP ceiling (MW/1000), floored at existing+commissioned",2026-06-25,Konstantin Loffler <kl@wip.tu-berlin.de>
NewYork,NewEngland,Power,2032,4.540963,,GW,"IC transfer capability, High/NTP ceiling (MW/1000), floored at existing+commissioned",2026-06-25,Konstantin Loffler <kl@wip.tu-berlin.de>
NewYork,NewEngland,Power,2033,4.813421,,GW,"IC transfer capability, High/NTP ceiling (MW/1000), floored at existing+commissioned",2026-06-25,Konstantin Loffler <kl@wip.tu-berlin.de>
NewYork,NewEngland,Power,2034,5.102226,,GW,"IC transfer capability, High/NTP ceiling (MW/1000), floored at existing+commissioned",2026-06-25,Konstantin Loffler <kl@wip.tu-berlin.de>
NewYork,NewEngland,Power,2035,5.40836,,GW,"IC transfer capability, High/NTP ceiling (MW/1000), floored at existing+commissioned",2026-06-25,Konstantin Loffler <kl@wip.tu-berlin.de>
NewYork,NewEngland,Power,2036,5.732862,,GW,"IC transfer capability, High/NTP ceiling (MW/1000), floored at existing+commissioned",2026-06-25,Konstantin Loffler <kl@wip.tu-berlin.de>
NewYork,NewEngland,Power,2037,6.076833,,GW,"IC transfer capability, High/NTP ceiling (MW/1000), floored at existing+commissioned",2026-06-25,Konstantin Loffler <kl@wip.tu-berlin.de>
NewYork,NewEngland,Power,2038,6.441443,,GW,"IC transfer capability, High/NTP ceiling (MW/1000), floored at existing+commissioned",2026-06-25,Konstantin Loffler <kl@wip.tu-berlin.de>
NewYork,NewEngland,Power,2039,6.82793,,GW,"IC transfer capability, High/NTP ceiling (MW/1000), floored at existing+commissioned",2026-06-25,Konstantin Loffler <kl@wip.tu-berlin.de>
NewYork,NewEngland,Power,2040,7.237606,,GW,"IC transfer capability, High/NTP ceiling (MW/1000), floored at existing+commissioned",2026-06-25,Konstantin Loffler <kl@wip.tu-berlin.de>
NewYork,PJM,Power,2025,6.523,,GW,"IC transfer capability, High/NTP ceiling (MW/1000), floored at existing+commissioned",2026-06-25,Konstantin Loffler <kl@wip.tu-berlin.de>
NewYork,PJM,Power,2026,6.604,,GW,"IC transfer capability, High/NTP ceiling (MW/1000), floored at existing+commissioned",2026-06-25,Konstantin Loffler <kl@wip.tu-berlin.de>
NewYork,PJM,Power,2027,6.604,,GW,"IC transfer capability, High/NTP ceiling (MW/1000), floored at existing+commissioned",2026-06-25,Konstantin Loffler <kl@wip.tu-berlin.de>
NewYork,PJM,Power,2028,6.604,,GW,"IC transfer capability, High/NTP ceiling (MW/1000), floored at existing+commissioned",2026-06-25,Konstantin Loffler <kl@wip.tu-berlin.de>
NewYork,PJM,Power,2029,6.604,,GW,"IC transfer capability, High/NTP ceiling (MW/1000), floored at existing+commissioned",2026-06-25,Konstantin Loffler <kl@wip.tu-berlin.de>
NewYork,PJM,Power,2030,6.604,,GW,"IC transfer capability, High/NTP ceiling (MW/1000), floored at existing+commissioned",2026-06-25,Konstantin Loffler <kl@wip.tu-berlin.de>
NewYork,PJM,Power,2031,8.2472,,GW,"IC transfer capability, High/NTP ceiling (MW/1000), floored at existing+commissioned",2026-06-25,Konstantin Loffler <kl@wip.tu-berlin.de>
NewYork,PJM,Power,2032,9.80818,,GW,"IC transfer capability, High/NTP ceiling (MW/1000), floored at existing+commissioned",2026-06-25,Konstantin Loffler <kl@wip.tu-berlin.de>
NewYork,PJM,Power,2033,10.396671,,GW,"IC transfer capability, High/NTP ceiling (MW/1000), floored at existing+commissioned",2026-06-25,Konstantin Loffler <kl@wip.tu-berlin.de>
NewYork,PJM,Power,2034,11.020471,,GW,"IC transfer capability, High/NTP ceiling (MW/1000), floored at existing+commissioned",2026-06-25,Konstantin Loffler <kl@wip.tu-berlin.de>
NewYork,PJM,Power,2035,11.6817,,GW,"IC transfer capability, High/NTP ceiling (MW/1000), floored at existing+commissioned",2026-06-25,Konstantin Loffler <kl@wip.tu-berlin.de>
NewYork,PJM,Power,2036,12.382601,,GW,"IC transfer capability, High/NTP ceiling (MW/1000), floored at existing+commissioned",2026-06-25,Konstantin Loffler <kl@wip.tu-berlin.de>
NewYork,PJM,Power,2037,13.125558,,GW,"IC transfer capability, High/NTP ceiling (MW/1000), floored at existing+commissioned",2026-06-25,Konstantin Loffler <kl@wip.tu-berlin.de>
NewYork,PJM,Power,2038,13.913091,,GW,"IC transfer capability, High/NTP ceiling (MW/1000), floored at existing+commissioned",2026-06-25,Konstantin Loffler <kl@wip.tu-berlin.de>
NewYork,PJM,Power,2039,14.747877,,GW,"IC transfer capability, High/NTP ceiling (MW/1000), floored at existing+commissioned",2026-06-25,Konstantin Loffler <kl@wip.tu-berlin.de>
NewYork,PJM,Power,2040,15.632749,,GW,"IC transfer capability, High/NTP ceiling (MW/1000), floored at existing+commissioned",2026-06-25,Konstantin Loffler <kl@wip.tu-berlin.de>
PJM,Canada,Power,2025,0.0,,GW,"IC transfer capability, High/NTP ceiling (MW/1000), floored at existing+commissioned",2026-06-25,Konstantin Loffler <kl@wip.tu-berlin.de>
PJM,Canada,Power,2026,0.0,,GW,"IC transfer capability, High/NTP ceiling (MW/1000), floored at existing+commissioned",2026-06-25,Konstantin Loffler <kl@wip.tu-berlin.de>
PJM,Canada,Power,2027,0.0,,GW,"IC transfer capability, High/NTP ceiling (MW/1000), floored at existing+commissioned",2026-06-25,Konstantin Loffler <kl@wip.tu-berlin.de>
PJM,Canada,Power,2028,0.0,,GW,"IC transfer capability, High/NTP ceiling (MW/1000), floored at existing+commissioned",2026-06-25,Konstantin Loffler <kl@wip.tu-berlin.de>
PJM,Canada,Power,2029,0.0,,GW,"IC transfer capability, High/NTP ceiling (MW/1000), floored at existing+commissioned",2026-06-25,Konstantin Loffler <kl@wip.tu-berlin.de>
PJM,Canada,Power,2030,0.0,,GW,"IC transfer capability, High/NTP ceiling (MW/1000), floored at existing+commissioned",2026-06-25,Konstantin Loffler <kl@wip.tu-berlin.de>
PJM,Canada,Power,2031,0.2,,GW,"IC transfer capability, High/NTP ceiling (MW/1000), floored at existing+commissioned",2026-06-25,Konstantin Loffler <kl@wip.tu-berlin.de>
PJM,Canada,Power,2032,0.4,,GW,"IC transfer capability, High/NTP ceiling (MW/1000), floored at existing+commissioned",2026-06-25,Konstantin Loffler <kl@wip.tu-berlin.de>
PJM,Canada,Power,2033,0.6,,GW,"IC transfer capability, High/NTP ceiling (MW/1000), floored at existing+commissioned",2026-06-25,Konstantin Loffler <kl@wip.tu-berlin.de>
PJM,Canada,Power,2034,0.8,,GW,"IC transfer capability, High/NTP ceiling (MW/1000), floored at existing+commissioned",2026-06-25,Konstantin Loffler <kl@wip.tu-berlin.de>
PJM,Canada,Power,2035,1.0,,GW,"IC transfer capability, High/NTP ceiling (MW/1000), floored at existing+commissioned",2026-06-25,Konstantin Loffler <kl@wip.tu-berlin.de>
PJM,Canada,Power,2036,1.0,,GW,"IC transfer capability, High/NTP ceiling (MW/1000), floored at existing+commissioned",2026-06-25,Konstantin Loffler <kl@wip.tu-berlin.de>
PJM,Canada,Power,2037,1.0,,GW,"IC transfer capability, High/NTP ceiling (MW/1000), floored at existing+commissioned",2026-06-25,Konstantin Loffler <kl@wip.tu-berlin.de>
PJM,Canada,Power,2038,1.0,,GW,"IC transfer capability, High/NTP ceiling (MW/1000), floored at existing+commissioned",2026-06-25,Konstantin Loffler <kl@wip.tu-berlin.de>
PJM,Canada,Power,2039,1.0,,GW,"IC transfer capability, High/NTP ceiling (MW/1000), floored at existing+commissioned",2026-06-25,Konstantin Loffler <kl@wip.tu-berlin.de>
PJM,Canada,Power,2040,1.0,,GW,"IC transfer capability, High/NTP ceiling (MW/1000), floored at existing+commissioned",2026-06-25,Konstantin Loffler <kl@wip.tu-berlin.de>
PJM,MISO,Power,2025,45.174,,GW,"IC transfer capability, High/NTP ceiling (MW/1000), floored at existing+commissioned",2026-06-25,Konstantin Loffler <kl@wip.tu-berlin.de>
PJM,MISO,Power,2026,47.88444,,GW,"IC transfer capability, High/NTP ceiling (MW/1000), floored at existing+commissioned",2026-06-25,Konstantin Loffler <kl@wip.tu-berlin.de>
PJM,MISO,Power,2027,50.757506,,GW,"IC transfer capability, High/NTP ceiling (MW/1000), floored at existing+commissioned",2026-06-25,Konstantin Loffler <kl@wip.tu-berlin.de>
PJM,MISO,Power,2028,53.802957,,GW,"IC transfer capability, High/NTP ceiling (MW/1000), floored at existing+commissioned",2026-06-25,Konstantin Loffler <kl@wip.tu-berlin.de>
PJM,MISO,Power,2029,57.031134,,GW,"IC transfer capability, High/NTP ceiling (MW/1000), floored at existing+commissioned",2026-06-25,Konstantin Loffler <kl@wip.tu-berlin.de>
PJM,MISO,Power,2030,60.453002,,GW,"IC transfer capability, High/NTP ceiling (MW/1000), floored at existing+commissioned",2026-06-25,Konstantin Loffler <kl@wip.tu-berlin.de>
PJM,MISO,Power,2031,64.080182,,GW,"IC transfer capability, High/NTP ceiling (MW/1000), floored at existing+commissioned",2026-06-25,Konstantin Loffler <kl@wip.tu-berlin.de>
PJM,MISO,Power,2032,67.924993,,GW,"IC transfer capability, High/NTP ceiling (MW/1000), floored at existing+commissioned",2026-06-25,Konstantin Loffler <kl@wip.tu-berlin.de>
PJM,MISO,Power,2033,72.000493,,GW,"IC transfer capability, High/NTP ceiling (MW/1000), floored at existing+commissioned",2026-06-25,Konstantin Loffler <kl@wip.tu-berlin.de>
PJM,MISO,Power,2034,76.320522,,GW,"IC transfer capability, High/NTP ceiling (MW/1000), floored at existing+commissioned",2026-06-25,Konstantin Loffler <kl@wip.tu-berlin.de>
PJM,MISO,Power,2035,80.899754,,GW,"IC transfer capability, High/NTP ceiling (MW/1000), floored at existing+commissioned",2026-06-25,Konstantin Loffler <kl@wip.tu-berlin.de>
PJM,MISO,Power,2036,85.753739,,GW,"IC transfer capability, High/NTP ceiling (MW/1000), floored at existing+commissioned",2026-06-25,Konstantin Loffler <kl@wip.tu-berlin.de>
PJM,MISO,Power,2037,90.898963,,GW,"IC transfer capability, High/NTP ceiling (MW/1000), floored at existing+commissioned",2026-06-25,Konstantin Loffler <kl@wip.tu-berlin.de>
PJM,MISO,Power,2038,96.352901,,GW,"IC transfer capability, High/NTP ceiling (MW/1000), floored at existing+commissioned",2026-06-25,Konstantin Loffler <kl@wip.tu-berlin.de>
PJM,MISO,Power,2039,102.134075,,GW,"IC transfer capability, High/NTP ceiling (MW/1000), floored at existing+commissioned",2026-06-25,Konstantin Loffler <kl@wip.tu-berlin.de>
PJM,MISO,Power,2040,108.26212,,GW,"IC transfer capability, High/NTP ceiling (MW/1000), floored at existing+commissioned",2026-06-25,Konstantin Loffler <kl@wip.tu-berlin.de>
PJM,NewYork,Power,2025,4.399,,GW,"IC transfer capability, High/NTP ceiling (MW/1000), floored at existing+commissioned",2026-06-25,Konstantin Loffler <kl@wip.tu-berlin.de>
PJM,NewYork,Power,2026,4.66294,,GW,"IC transfer capability, High/NTP ceiling (MW/1000), floored at existing+commissioned",2026-06-25,Konstantin Loffler <kl@wip.tu-berlin.de>
PJM,NewYork,Power,2027,4.942716,,GW,"IC transfer capability, High/NTP ceiling (MW/1000), floored at existing+commissioned",2026-06-25,Konstantin Loffler <kl@wip.tu-berlin.de>
PJM,NewYork,Power,2028,5.239279,,GW,"IC transfer capability, High/NTP ceiling (MW/1000), floored at existing+commissioned",2026-06-25,Konstantin Loffler <kl@wip.tu-berlin.de>
PJM,NewYork,Power,2029,5.553636,,GW,"IC transfer capability, High/NTP ceiling (MW/1000), floored at existing+commissioned",2026-06-25,Konstantin Loffler <kl@wip.tu-berlin.de>
PJM,NewYork,Power,2030,5.886854,,GW,"IC transfer capability, High/NTP ceiling (MW/1000), floored at existing+commissioned",2026-06-25,Konstantin Loffler <kl@wip.tu-berlin.de>
PJM,NewYork,Power,2031,6.240066,,GW,"IC transfer capability, High/NTP ceiling (MW/1000), floored at existing+commissioned",2026-06-25,Konstantin Loffler <kl@wip.tu-berlin.de>
PJM,NewYork,Power,2032,6.61447,,GW,"IC transfer capability, High/NTP ceiling (MW/1000), floored at existing+commissioned",2026-06-25,Konstantin Loffler <kl@wip.tu-berlin.de>
PJM,NewYork,Power,2033,7.011338,,GW,"IC transfer capability, High/NTP ceiling (MW/1000), floored at existing+commissioned",2026-06-25,Konstantin Loffler <kl@wip.tu-berlin.de>
PJM,NewYork,Power,2034,7.432018,,GW,"IC transfer capability, High/NTP ceiling (MW/1000), floored at existing+commissioned",2026-06-25,Konstantin Loffler <kl@wip.tu-berlin.de>
PJM,NewYork,Power,2035,7.877939,,GW,"IC transfer capability, High/NTP ceiling (MW/1000), floored at existing+commissioned",2026-06-25,Konstantin Loffler <kl@wip.tu-berlin.de>
PJM,NewYork,Power,2036,8.350615,,GW,"IC transfer capability, High/NTP ceiling (MW/1000), floored at existing+commissioned",2026-06-25,Konstantin Loffler <kl@wip.tu-berlin.de>
PJM,NewYork,Power,2037,8.851652,,GW,"IC transfer capability, High/NTP ceiling (MW/1000), floored at existing+commissioned",2026-06-25,Konstantin Loffler <kl@wip.tu-berlin.de>
PJM,NewYork,Power,2038,9.382751,,GW,"IC transfer capability, High/NTP ceiling (MW/1000), floored at existing+commissioned",2026-06-25,Konstantin Loffler <kl@wip.tu-berlin.de>
PJM,NewYork,Power,2039,9.945717,,GW,"IC transfer capability, High/NTP ceiling (MW/1000), floored at existing+commissioned",2026-06-25,Konstantin Loffler <kl@wip.tu-berlin.de>
PJM,NewYork,Power,2040,10.542459,,GW,"IC transfer capability, High/NTP ceiling (MW/1000), floored at existing+commissioned",2026-06-25,Konstantin Loffler <kl@wip.tu-berlin.de>
PJM,SERC,Power,2025,17.278,,GW,"IC transfer capability, High/NTP ceiling (MW/1000), floored at existing+commissioned",2026-06-25,Konstantin Loffler <kl@wip.tu-berlin.de>
PJM,SERC,Power,2026,17.278,,GW,"IC transfer capability, High/NTP ceiling (MW/1000), floored at existing+commissioned",2026-06-25,Konstantin Loffler <kl@wip.tu-berlin.de>
PJM,SERC,Power,2027,17.278,,GW,"IC transfer capability, High/NTP ceiling (MW/1000), floored at existing+commissioned",2026-06-25,Konstantin Loffler <kl@wip.tu-berlin.de>
PJM,SERC,Power,2028,17.278,,GW,"IC transfer capability, High/NTP ceiling (MW/1000), floored at existing+commissioned",2026-06-25,Konstantin Loffler <kl@wip.tu-berlin.de>
PJM,SERC,Power,2029,17.278,,GW,"IC transfer capability, High/NTP ceiling (MW/1000), floored at existing+commissioned",2026-06-25,Konstantin Loffler <kl@wip.tu-berlin.de>
PJM,SERC,Power,2030,17.596,,GW,"IC transfer capability, High/NTP ceiling (MW/1000), floored at existing+commissioned",2026-06-25,Konstantin Loffler <kl@wip.tu-berlin.de>
PJM,SERC,Power,2031,18.4948,,GW,"IC transfer capability, High/NTP ceiling (MW/1000), floored at existing+commissioned",2026-06-25,Konstantin Loffler <kl@wip.tu-berlin.de>
PJM,SERC,Power,2032,19.3936,,GW,"IC transfer capability, High/NTP ceiling (MW/1000), floored at existing+commissioned",2026-06-25,Konstantin Loffler <kl@wip.tu-berlin.de>
PJM,SERC,Power,2033,20.2924,,GW,"IC transfer capability, High/NTP ceiling (MW/1000), floored at existing+commissioned",2026-06-25,Konstantin Loffler <kl@wip.tu-berlin.de>
PJM,SERC,Power,2034,21.1912,,GW,"IC transfer capability, High/NTP ceiling (MW/1000), floored at existing+commissioned",2026-06-25,Konstantin Loffler <kl@wip.tu-berlin.de>
PJM,SERC,Power,2035,22.09,,GW,"IC transfer capability, High/NTP ceiling (MW/1000), floored at existing+commissioned",2026-06-25,Konstantin Loffler <kl@wip.tu-berlin.de>
PJM,SERC,Power,2036,23.4004,,GW,"IC transfer capability, High/NTP ceiling (MW/1000), floored at existing+commissioned",2026-06-25,Konstantin Loffler <kl@wip.tu-berlin.de>
PJM,SERC,Power,2037,24.7108,,GW,"IC transfer capability, High/NTP ceiling (MW/1000), floored at existing+commissioned",2026-06-25,Konstantin Loffler <kl@wip.tu-berlin.de>
PJM,SERC,Power,2038,26.0212,,GW,"IC transfer capability, High/NTP ceiling (MW/1000), floored at existing+commissioned",2026-06-25,Konstantin Loffler <kl@wip.tu-berlin.de>
PJM,SERC,Power,2039,27.3316,,GW,"IC transfer capability, High/NTP ceiling (MW/1000), floored at existing+commissioned",2026-06-25,Konstantin Loffler <kl@wip.tu-berlin.de>
PJM,SERC,Power,2040,28.642,,GW,"IC transfer capability, High/NTP ceiling (MW/1000), floored at existing+commissioned",2026-06-25,Konstantin Loffler <kl@wip.tu-berlin.de>
PJM,SPP,Power,2025,0.0,,GW,"IC transfer capability, High/NTP ceiling (MW/1000), floored at existing+commissioned",2026-06-25,Konstantin Loffler <kl@wip.tu-berlin.de>
PJM,SPP,Power,2026,0.0,,GW,"IC transfer capability, High/NTP ceiling (MW/1000), floored at existing+commissioned",2026-06-25,Konstantin Loffler <kl@wip.tu-berlin.de>
PJM,SPP,Power,2027,0.0,,GW,"IC transfer capability, High/NTP ceiling (MW/1000), floored at existing+commissioned",2026-06-25,Konstantin Loffler <kl@wip.tu-berlin.de>
PJM,SPP,Power,2028,0.0,,GW,"IC transfer capability, High/NTP ceiling (MW/1000), floored at existing+commissioned",2026-06-25,Konstantin Loffler <kl@wip.tu-berlin.de>
PJM,SPP,Power,2029,0.0,,GW,"IC transfer capability, High/NTP ceiling (MW/1000), floored at existing+commissioned",2026-06-25,Konstantin Loffler <kl@wip.tu-berlin.de>
PJM,SPP,Power,2030,0.0,,GW,"IC transfer capability, High/NTP ceiling (MW/1000), floored at existing+commissioned",2026-06-25,Konstantin Loffler <kl@wip.tu-berlin.de>
PJM,SPP,Power,2031,0.5,,GW,"IC transfer capability, High/NTP ceiling (MW/1000), floored at existing+commissioned",2026-06-25,Konstantin Loffler <kl@wip.tu-berlin.de>
PJM,SPP,Power,2032,1.0,,GW,"IC transfer capability, High/NTP ceiling (MW/1000), floored at existing+commissioned",2026-06-25,Konstantin Loffler <kl@wip.tu-berlin.de>
PJM,SPP,Power,2033,1.5,,GW,"IC transfer capability, High/NTP ceiling (MW/1000), floored at existing+commissioned",2026-06-25,Konstantin Loffler <kl@wip.tu-berlin.de>
PJM,SPP,Power,2034,2.0,,GW,"IC transfer capability, High/NTP ceiling (MW/1000), floored at existing+commissioned",2026-06-25,Konstantin Loffler <kl@wip.tu-berlin.de>
PJM,SPP,Power,2035,2.5,,GW,"IC transfer capability, High/NTP ceiling (MW/1000), floored at existing+commissioned",2026-06-25,Konstantin Loffler <kl@wip.tu-berlin.de>
PJM,SPP,Power,2036,2.5,,GW,"IC transfer capability, High/NTP ceiling (MW/1000), floored at existing+commissioned",2026-06-25,Konstantin Loffler <kl@wip.tu-berlin.de>
PJM,SPP,Power,2037,2.5,,GW,"IC transfer capability, High/NTP ceiling (MW/1000), floored at existing+commissioned",2026-06-25,Konstantin Loffler <kl@wip.tu-berlin.de>
PJM,SPP,Power,2038,2.5,,GW,"IC transfer capability, High/NTP ceiling (MW/1000), floored at existing+commissioned",2026-06-25,Konstantin Loffler <kl@wip.tu-berlin.de>
PJM,SPP,Power,2039,2.5,,GW,"IC transfer capability, High/NTP ceiling (MW/1000), floored at existing+commissioned",2026-06-25,Konstantin Loffler <kl@wip.tu-berlin.de>
PJM,SPP,Power,2040,2.5,,GW,"IC transfer capability, High/NTP ceiling (MW/1000), floored at existing+commissioned",2026-06-25,Konstantin Loffler <kl@wip.tu-berlin.de>
SERC,ERCOT,Power,2025,0.0,,GW,"IC transfer capability, High/NTP ceiling (MW/1000), floored at existing+commissioned",2026-06-25,Konstantin Loffler <kl@wip.tu-berlin.de>
SERC,ERCOT,Power,2026,0.0,,GW,"IC transfer capability, High/NTP ceiling (MW/1000), floored at existing+commissioned",2026-06-25,Konstantin Loffler <kl@wip.tu-berlin.de>
SERC,ERCOT,Power,2027,0.0,,GW,"IC transfer capability, High/NTP ceiling (MW/1000), floored at existing+commissioned",2026-06-25,Konstantin Loffler <kl@wip.tu-berlin.de>
SERC,ERCOT,Power,2028,0.0,,GW,"IC transfer capability, High/NTP ceiling (MW/1000), floored at existing+commissioned",2026-06-25,Konstantin Loffler <kl@wip.tu-berlin.de>
SERC,ERCOT,Power,2029,0.0,,GW,"IC transfer capability, High/NTP ceiling (MW/1000), floored at existing+commissioned",2026-06-25,Konstantin Loffler <kl@wip.tu-berlin.de>
SERC,ERCOT,Power,2030,0.0,,GW,"IC transfer capability, High/NTP ceiling (MW/1000), floored at existing+commissioned",2026-06-25,Konstantin Loffler <kl@wip.tu-berlin.de>
SERC,ERCOT,Power,2031,0.0,,GW,"IC transfer capability, High/NTP ceiling (MW/1000), floored at existing+commissioned",2026-06-25,Konstantin Loffler <kl@wip.tu-berlin.de>
SERC,ERCOT,Power,2032,0.0,,GW,"IC transfer capability, High/NTP ceiling (MW/1000), floored at existing+commissioned",2026-06-25,Konstantin Loffler <kl@wip.tu-berlin.de>
SERC,ERCOT,Power,2033,0.0,,GW,"IC transfer capability, High/NTP ceiling (MW/1000), floored at existing+commissioned",2026-06-25,Konstantin Loffler <kl@wip.tu-berlin.de>
SERC,ERCOT,Power,2034,0.0,,GW,"IC transfer capability, High/NTP ceiling (MW/1000), floored at existing+commissioned",2026-06-25,Konstantin Loffler <kl@wip.tu-berlin.de>
SERC,ERCOT,Power,2035,0.0,,GW,"IC transfer capability, High/NTP ceiling (MW/1000), floored at existing+commissioned",2026-06-25,Konstantin Loffler <kl@wip.tu-berlin.de>
SERC,ERCOT,Power,2036,0.0,,GW,"IC transfer capability, High/NTP ceiling (MW/1000), floored at existing+commissioned",2026-06-25,Konstantin Loffler <kl@wip.tu-berlin.de>
SERC,ERCOT,Power,2037,0.0,,GW,"IC transfer capability, High/NTP ceiling (MW/1000), floored at existing+commissioned",2026-06-25,Konstantin Loffler <kl@wip.tu-berlin.de>
SERC,ERCOT,Power,2038,0.0,,GW,"IC transfer capability, High/NTP ceiling (MW/1000), floored at existing+commissioned",2026-06-25,Konstantin Loffler <kl@wip.tu-berlin.de>
SERC,ERCOT,Power,2039,0.0,,GW,"IC transfer capability, High/NTP ceiling (MW/1000), floored at existing+commissioned",2026-06-25,Konstantin Loffler <kl@wip.tu-berlin.de>
SERC,ERCOT,Power,2040,0.0,,GW,"IC transfer capability, High/NTP ceiling (MW/1000), floored at existing+commissioned",2026-06-25,Konstantin Loffler <kl@wip.tu-berlin.de>
SERC,MISO,Power,2025,20.71,,GW,"IC transfer capability, High/NTP ceiling (MW/1000), floored at existing+commissioned",2026-06-25,Konstantin Loffler <kl@wip.tu-berlin.de>
SERC,MISO,Power,2026,20.71,,GW,"IC transfer capability, High/NTP ceiling (MW/1000), floored at existing+commissioned",2026-06-25,Konstantin Loffler <kl@wip.tu-berlin.de>
SERC,MISO,Power,2027,20.71,,GW,"IC transfer capability, High/NTP ceiling (MW/1000), floored at existing+commissioned",2026-06-25,Konstantin Loffler <kl@wip.tu-berlin.de>
SERC,MISO,Power,2028,20.71,,GW,"IC transfer capability, High/NTP ceiling (MW/1000), floored at existing+commissioned",2026-06-25,Konstantin Loffler <kl@wip.tu-berlin.de>
SERC,MISO,Power,2029,22.0994,,GW,"IC transfer capability, High/NTP ceiling (MW/1000), floored at existing+commissioned",2026-06-25,Konstantin Loffler <kl@wip.tu-berlin.de>
SERC,MISO,Power,2030,23.851,,GW,"IC transfer capability, High/NTP ceiling (MW/1000), floored at existing+commissioned",2026-06-25,Konstantin Loffler <kl@wip.tu-berlin.de>
SERC,MISO,Power,2031,28.0866,,GW,"IC transfer capability, High/NTP ceiling (MW/1000), floored at existing+commissioned",2026-06-25,Konstantin Loffler <kl@wip.tu-berlin.de>
SERC,MISO,Power,2032,31.140183,,GW,"IC transfer capability, High/NTP ceiling (MW/1000), floored at existing+commissioned",2026-06-25,Konstantin Loffler <kl@wip.tu-berlin.de>
SERC,MISO,Power,2033,33.008594,,GW,"IC transfer capability, High/NTP ceiling (MW/1000), floored at existing+commissioned",2026-06-25,Konstantin Loffler <kl@wip.tu-berlin.de>
SERC,MISO,Power,2034,34.989109,,GW,"IC transfer capability, High/NTP ceiling (MW/1000), floored at existing+commissioned",2026-06-25,Konstantin Loffler <kl@wip.tu-berlin.de>
SERC,MISO,Power,2035,37.088456,,GW,"IC transfer capability, High/NTP ceiling (MW/1000), floored at existing+commissioned",2026-06-25,Konstantin Loffler <kl@wip.tu-berlin.de>
SERC,MISO,Power,2036,39.313763,,GW,"IC transfer capability, High/NTP ceiling (MW/1000), floored at existing+commissioned",2026-06-25,Konstantin Loffler <kl@wip.tu-berlin.de>
SERC,MISO,Power,2037,41.672589,,GW,"IC transfer capability, High/NTP ceiling (MW/1000), floored at existing+commissioned",2026-06-25,Konstantin Loffler <kl@wip.tu-berlin.de>
SERC,MISO,Power,2038,44.172944,,GW,"IC transfer capability, High/NTP ceiling (MW/1000), floored at existing+commissioned",2026-06-25,Konstantin Loffler <kl@wip.tu-berlin.de>
SERC,MISO,Power,2039,46.823321,,GW,"IC transfer capability, High/NTP ceiling (MW/1000), floored at existing+commissioned",2026-06-25,Konstantin Loffler <kl@wip.tu-berlin.de>
SERC,MISO,Power,2040,49.63272,,GW,"IC transfer capability, High/NTP ceiling (MW/1000), floored at existing+commissioned",2026-06-25,Konstantin Loffler <kl@wip.tu-berlin.de>
SERC,PJM,Power,2025,15.938,,GW,"IC transfer capability, High/NTP ceiling (MW/1000), floored at existing+commissioned",2026-06-25,Konstantin Loffler <kl@wip.tu-berlin.de>
SERC,PJM,Power,2026,15.938,,GW,"IC transfer capability, High/NTP ceiling (MW/1000), floored at existing+commissioned",2026-06-25,Konstantin Loffler <kl@wip.tu-berlin.de>
SERC,PJM,Power,2027,15.938,,GW,"IC transfer capability, High/NTP ceiling (MW/1000), floored at existing+commissioned",2026-06-25,Konstantin Loffler <kl@wip.tu-berlin.de>
SERC,PJM,Power,2028,15.938,,GW,"IC transfer capability, High/NTP ceiling (MW/1000), floored at existing+commissioned",2026-06-25,Konstantin Loffler <kl@wip.tu-berlin.de>
SERC,PJM,Power,2029,16.2612,,GW,"IC transfer capability, High/NTP ceiling (MW/1000), floored at existing+commissioned",2026-06-25,Konstantin Loffler <kl@wip.tu-berlin.de>
SERC,PJM,Power,2030,17.596,,GW,"IC transfer capability, High/NTP ceiling (MW/1000), floored at existing+commissioned",2026-06-25,Konstantin Loffler <kl@wip.tu-berlin.de>
SERC,PJM,Power,2031,18.4948,,GW,"IC transfer capability, High/NTP ceiling (MW/1000), floored at existing+commissioned",2026-06-25,Konstantin Loffler <kl@wip.tu-berlin.de>
SERC,PJM,Power,2032,19.3936,,GW,"IC transfer capability, High/NTP ceiling (MW/1000), floored at existing+commissioned",2026-06-25,Konstantin Loffler <kl@wip.tu-berlin.de>
SERC,PJM,Power,2033,20.2924,,GW,"IC transfer capability, High/NTP ceiling (MW/1000), floored at existing+commissioned",2026-06-25,Konstantin Loffler <kl@wip.tu-berlin.de>
SERC,PJM,Power,2034,21.1912,,GW,"IC transfer capability, High/NTP ceiling (MW/1000), floored at existing+commissioned",2026-06-25,Konstantin Loffler <kl@wip.tu-berlin.de>
SERC,PJM,Power,2035,22.09,,GW,"IC transfer capability, High/NTP ceiling (MW/1000), floored at existing+commissioned",2026-06-25,Konstantin Loffler <kl@wip.tu-berlin.de>
SERC,PJM,Power,2036,23.4004,,GW,"IC transfer capability, High/NTP ceiling (MW/1000), floored at existing+commissioned",2026-06-25,Konstantin Loffler <kl@wip.tu-berlin.de>
SERC,PJM,Power,2037,24.7108,,GW,"IC transfer capability, High/NTP ceiling (MW/1000), floored at existing+commissioned",2026-06-25,Konstantin Loffler <kl@wip.tu-berlin.de>
SERC,PJM,Power,2038,26.0212,,GW,"IC transfer capability, High/NTP ceiling (MW/1000), floored at existing+commissioned",2026-06-25,Konstantin Loffler <kl@wip.tu-berlin.de>
SERC,PJM,Power,2039,27.3316,,GW,"IC transfer capability, High/NTP ceiling (MW/1000), floored at existing+commissioned",2026-06-25,Konstantin Loffler <kl@wip.tu-berlin.de>
SERC,PJM,Power,2040,28.642,,GW,"IC transfer capability, High/NTP ceiling (MW/1000), floored at existing+commissioned",2026-06-25,Konstantin Loffler <kl@wip.tu-berlin.de>
SERC,SPP,Power,2025,0.707,,GW,"IC transfer capability, High/NTP ceiling (MW/1000), floored at existing+commissioned",2026-06-25,Konstantin Loffler <kl@wip.tu-berlin.de>
SERC,SPP,Power,2026,0.74942,,GW,"IC transfer capability, High/NTP ceiling (MW/1000), floored at existing+commissioned",2026-06-25,Konstantin Loffler <kl@wip.tu-berlin.de>
SERC,SPP,Power,2027,0.794385,,GW,"IC transfer capability, High/NTP ceiling (MW/1000), floored at existing+commissioned",2026-06-25,Konstantin Loffler <kl@wip.tu-berlin.de>
SERC,SPP,Power,2028,0.842048,,GW,"IC transfer capability, High/NTP ceiling (MW/1000), floored at existing+commissioned",2026-06-25,Konstantin Loffler <kl@wip.tu-berlin.de>
SERC,SPP,Power,2029,0.892571,,GW,"IC transfer capability, High/NTP ceiling (MW/1000), floored at existing+commissioned",2026-06-25,Konstantin Loffler <kl@wip.tu-berlin.de>
SERC,SPP,Power,2030,0.946125,,GW,"IC transfer capability, High/NTP ceiling (MW/1000), floored at existing+commissioned",2026-06-25,Konstantin Loffler <kl@wip.tu-berlin.de>
SERC,SPP,Power,2031,1.002893,,GW,"IC transfer capability, High/NTP ceiling (MW/1000), floored at existing+commissioned",2026-06-25,Konstantin Loffler <kl@wip.tu-berlin.de>
SERC,SPP,Power,2032,1.063067,,GW,"IC transfer capability, High/NTP ceiling (MW/1000), floored at existing+commissioned",2026-06-25,Konstantin Loffler <kl@wip.tu-berlin.de>
SERC,SPP,Power,2033,1.126851,,GW,"IC transfer capability, High/NTP ceiling (MW/1000), floored at existing+commissioned",2026-06-25,Konstantin Loffler <kl@wip.tu-berlin.de>
SERC,SPP,Power,2034,1.194462,,GW,"IC transfer capability, High/NTP ceiling (MW/1000), floored at existing+commissioned",2026-06-25,Konstantin Loffler <kl@wip.tu-berlin.de>
SERC,SPP,Power,2035,1.266129,,GW,"IC transfer capability, High/NTP ceiling (MW/1000), floored at existing+commissioned",2026-06-25,Konstantin Loffler <kl@wip.tu-berlin.de>
SERC,SPP,Power,2036,1.342097,,GW,"IC transfer capability, High/NTP ceiling (MW/1000), floored at existing+commissioned",2026-06-25,Konstantin Loffler <kl@wip.tu-berlin.de>
SERC,SPP,Power,2037,1.422623,,GW,"IC transfer capability, High/NTP ceiling (MW/1000), floored at existing+commissioned",2026-06-25,Konstantin Loffler <kl@wip.tu-berlin.de>
SERC,SPP,Power,2038,1.50798,,GW,"IC transfer capability, High/NTP ceiling (MW/1000), floored at existing+commissioned",2026-06-25,Konstantin Loffler <kl@wip.tu-berlin.de>
SERC,SPP,Power,2039,1.598459,,GW,"IC transfer capability, High/NTP ceiling (MW/1000), floored at existing+commissioned",2026-06-25,Konstantin Loffler <kl@wip.tu-berlin.de>
SERC,SPP,Power,2040,1.694367,,GW,"IC transfer capability, High/NTP ceiling (MW/1000), floored at existing+commissioned",2026-06-25,Konstantin Loffler <kl@wip.tu-berlin.de>
SPP,Canada,Power,2025,0.3,,GW,"IC transfer capability, High/NTP ceiling (MW/1000), floored at existing+commissioned",2026-06-25,Konstantin Loffler <kl@wip.tu-berlin.de>
SPP,Canada,Power,2026,0.318,,GW,"IC transfer capability, High/NTP ceiling (MW/1000), floored at existing+commissioned",2026-06-25,Konstantin Loffler <kl@wip.tu-berlin.de>
SPP,Canada,Power,2027,0.33708,,GW,"IC transfer capability, High/NTP ceiling (MW/1000), floored at existing+commissioned",2026-06-25,Konstantin Loffler <kl@wip.tu-berlin.de>
SPP,Canada,Power,2028,0.357305,,GW,"IC transfer capability, High/NTP ceiling (MW/1000), floored at existing+commissioned",2026-06-25,Konstantin Loffler <kl@wip.tu-berlin.de>
SPP,Canada,Power,2029,0.37,,GW,"IC transfer capability, High/NTP ceiling (MW/1000), floored at existing+commissioned",2026-06-25,Konstantin Loffler <kl@wip.tu-berlin.de>
SPP,Canada,Power,2030,0.37,,GW,"IC transfer capability, High/NTP ceiling (MW/1000), floored at existing+commissioned",2026-06-25,Konstantin Loffler <kl@wip.tu-berlin.de>
SPP,Canada,Power,2031,0.37,,GW,"IC transfer capability, High/NTP ceiling (MW/1000), floored at existing+commissioned",2026-06-25,Konstantin Loffler <kl@wip.tu-berlin.de>
SPP,Canada,Power,2032,0.37,,GW,"IC transfer capability, High/NTP ceiling (MW/1000), floored at existing+commissioned",2026-06-25,Konstantin Loffler <kl@wip.tu-berlin.de>
SPP,Canada,Power,2033,0.37,,GW,"IC transfer capability, High/NTP ceiling (MW/1000), floored at existing+commissioned",2026-06-25,Konstantin Loffler <kl@wip.tu-berlin.de>
SPP,Canada,Power,2034,0.37,,GW,"IC transfer capability, High/NTP ceiling (MW/1000), floored at existing+commissioned",2026-06-25,Konstantin Loffler <kl@wip.tu-berlin.de>
SPP,Canada,Power,2035,0.37,,GW,"IC transfer capability, High/NTP ceiling (MW/1000), floored at existing+commissioned",2026-06-25,Konstantin Loffler <kl@wip.tu-berlin.de>
SPP,Canada,Power,2036,0.37,,GW,"IC transfer capability, High/NTP ceiling (MW/1000), floored at existing+commissioned",2026-06-25,Konstantin Loffler <kl@wip.tu-berlin.de>
SPP,Canada,Power,2037,0.37,,GW,"IC transfer capability, High/NTP ceiling (MW/1000), floored at existing+commissioned",2026-06-25,Konstantin Loffler <kl@wip.tu-berlin.de>
SPP,Canada,Power,2038,0.37,,GW,"IC transfer capability, High/NTP ceiling (MW/1000), floored at existing+commissioned",2026-06-25,Konstantin Loffler <kl@wip.tu-berlin.de>
SPP,Canada,Power,2039,0.37,,GW,"IC transfer capability, High/NTP ceiling (MW/1000), floored at existing+commissioned",2026-06-25,Konstantin Loffler <kl@wip.tu-berlin.de>
SPP,Canada,Power,2040,0.37,,GW,"IC transfer capability, High/NTP ceiling (MW/1000), floored at existing+commissioned",2026-06-25,Konstantin Loffler <kl@wip.tu-berlin.de>
SPP,ERCOT,Power,2025,3.0,,GW,"IC transfer capability, High/NTP ceiling (MW/1000), floored at existing+commissioned",2026-06-25,Konstantin Loffler <kl@wip.tu-berlin.de>
SPP,ERCOT,Power,2026,3.18,,GW,"IC transfer capability, High/NTP ceiling (MW/1000), floored at existing+commissioned",2026-06-25,Konstantin Loffler <kl@wip.tu-berlin.de>
SPP,ERCOT,Power,2027,3.3708,,GW,"IC transfer capability, High/NTP ceiling (MW/1000), floored at existing+commissioned",2026-06-25,Konstantin Loffler <kl@wip.tu-berlin.de>
SPP,ERCOT,Power,2028,3.573048,,GW,"IC transfer capability, High/NTP ceiling (MW/1000), floored at existing+commissioned",2026-06-25,Konstantin Loffler <kl@wip.tu-berlin.de>
SPP,ERCOT,Power,2029,3.787431,,GW,"IC transfer capability, High/NTP ceiling (MW/1000), floored at existing+commissioned",2026-06-25,Konstantin Loffler <kl@wip.tu-berlin.de>
SPP,ERCOT,Power,2030,4.014677,,GW,"IC transfer capability, High/NTP ceiling (MW/1000), floored at existing+commissioned",2026-06-25,Konstantin Loffler <kl@wip.tu-berlin.de>
SPP,ERCOT,Power,2031,4.255557,,GW,"IC transfer capability, High/NTP ceiling (MW/1000), floored at existing+commissioned",2026-06-25,Konstantin Loffler <kl@wip.tu-berlin.de>
SPP,ERCOT,Power,2032,4.510891,,GW,"IC transfer capability, High/NTP ceiling (MW/1000), floored at existing+commissioned",2026-06-25,Konstantin Loffler <kl@wip.tu-berlin.de>
SPP,ERCOT,Power,2033,4.781544,,GW,"IC transfer capability, High/NTP ceiling (MW/1000), floored at existing+commissioned",2026-06-25,Konstantin Loffler <kl@wip.tu-berlin.de>
SPP,ERCOT,Power,2034,5.068437,,GW,"IC transfer capability, High/NTP ceiling (MW/1000), floored at existing+commissioned",2026-06-25,Konstantin Loffler <kl@wip.tu-berlin.de>
SPP,ERCOT,Power,2035,5.372543,,GW,"IC transfer capability, High/NTP ceiling (MW/1000), floored at existing+commissioned",2026-06-25,Konstantin Loffler <kl@wip.tu-berlin.de>
SPP,ERCOT,Power,2036,5.694896,,GW,"IC transfer capability, High/NTP ceiling (MW/1000), floored at existing+commissioned",2026-06-25,Konstantin Loffler <kl@wip.tu-berlin.de>
SPP,ERCOT,Power,2037,6.036589,,GW,"IC transfer capability, High/NTP ceiling (MW/1000), floored at existing+commissioned",2026-06-25,Konstantin Loffler <kl@wip.tu-berlin.de>
SPP,ERCOT,Power,2038,6.398785,,GW,"IC transfer capability, High/NTP ceiling (MW/1000), floored at existing+commissioned",2026-06-25,Konstantin Loffler <kl@wip.tu-berlin.de>
SPP,ERCOT,Power,2039,6.782712,,GW,"IC transfer capability, High/NTP ceiling (MW/1000), floored at existing+commissioned",2026-06-25,Konstantin Loffler <kl@wip.tu-berlin.de>
SPP,ERCOT,Power,2040,7.189675,,GW,"IC transfer capability, High/NTP ceiling (MW/1000), floored at existing+commissioned",2026-06-25,Konstantin Loffler <kl@wip.tu-berlin.de>
SPP,MISO,Power,2025,3.152,,GW,"IC transfer capability, High/NTP ceiling (MW/1000), floored at existing+commissioned",2026-06-25,Konstantin Loffler <kl@wip.tu-berlin.de>
SPP,MISO,Power,2026,3.34112,,GW,"IC transfer capability, High/NTP ceiling (MW/1000), floored at existing+commissioned",2026-06-25,Konstantin Loffler <kl@wip.tu-berlin.de>
SPP,MISO,Power,2027,3.541587,,GW,"IC transfer capability, High/NTP ceiling (MW/1000), floored at existing+commissioned",2026-06-25,Konstantin Loffler <kl@wip.tu-berlin.de>
SPP,MISO,Power,2028,3.754082,,GW,"IC transfer capability, High/NTP ceiling (MW/1000), floored at existing+commissioned",2026-06-25,Konstantin Loffler <kl@wip.tu-berlin.de>
SPP,MISO,Power,2029,3.979327,,GW,"IC transfer capability, High/NTP ceiling (MW/1000), floored at existing+commissioned",2026-06-25,Konstantin Loffler <kl@wip.tu-berlin.de>
SPP,MISO,Power,2030,4.218087,,GW,"IC transfer capability, High/NTP ceiling (MW/1000), floored at existing+commissioned",2026-06-25,Konstantin Loffler <kl@wip.tu-berlin.de>
SPP,MISO,Power,2031,4.471172,,GW,"IC transfer capability, High/NTP ceiling (MW/1000), floored at existing+commissioned",2026-06-25,Konstantin Loffler <kl@wip.tu-berlin.de>
SPP,MISO,Power,2032,4.739443,,GW,"IC transfer capability, High/NTP ceiling (MW/1000), floored at existing+commissioned",2026-06-25,Konstantin Loffler <kl@wip.tu-berlin.de>
SPP,MISO,Power,2033,5.023809,,GW,"IC transfer capability, High/NTP ceiling (MW/1000), floored at existing+commissioned",2026-06-25,Konstantin Loffler <kl@wip.tu-berlin.de>
SPP,MISO,Power,2034,5.325238,,GW,"IC transfer capability, High/NTP ceiling (MW/1000), floored at existing+commissioned",2026-06-25,Konstantin Loffler <kl@wip.tu-berlin.de>
SPP,MISO,Power,2035,5.644752,,GW,"IC transfer capability, High/NTP ceiling (MW/1000), floored at existing+commissioned",2026-06-25,Konstantin Loffler <kl@wip.tu-berlin.de>
SPP,MISO,Power,2036,5.983437,,GW,"IC transfer capability, High/NTP ceiling (MW/1000), floored at existing+commissioned",2026-06-25,Konstantin Loffler <kl@wip.tu-berlin.de>
SPP,MISO,Power,2037,6.342443,,GW,"IC transfer capability, High/NTP ceiling (MW/1000), floored at existing+commissioned",2026-06-25,Konstantin Loffler <kl@wip.tu-berlin.de>
SPP,MISO,Power,2038,6.72299,,GW,"IC transfer capability, High/NTP ceiling (MW/1000), floored at existing+commissioned",2026-06-25,Konstantin Loffler <kl@wip.tu-berlin.de>
SPP,MISO,Power,2039,7.126369,,GW,"IC transfer capability, High/NTP ceiling (MW/1000), floored at existing+commissioned",2026-06-25,Konstantin Loffler <kl@wip.tu-berlin.de>
SPP,MISO,Power,2040,7.553951,,GW,"IC transfer capability, High/NTP ceiling (MW/1000), floored at existing+commissioned",2026-06-25,Konstantin Loffler <kl@wip.tu-berlin.de>
SPP,PJM,Power,2025,0.0,,GW,"IC transfer capability, High/NTP ceiling (MW/1000), floored at existing+commissioned",2026-06-25,Konstantin Loffler <kl@wip.tu-berlin.de>
SPP,PJM,Power,2026,0.0,,GW,"IC transfer capability, High/NTP ceiling (MW/1000), floored at existing+commissioned",2026-06-25,Konstantin Loffler <kl@wip.tu-berlin.de>
SPP,PJM,Power,2027,0.0,,GW,"IC transfer capability, High/NTP ceiling (MW/1000), floored at existing+commissioned",2026-06-25,Konstantin Loffler <kl@wip.tu-berlin.de>
SPP,PJM,Power,2028,0.0,,GW,"IC transfer capability, High/NTP ceiling (MW/1000), floored at existing+commissioned",2026-06-25,Konstantin Loffler <kl@wip.tu-berlin.de>
SPP,PJM,Power,2029,0.0,,GW,"IC transfer capability, High/NTP ceiling (MW/1000), floored at existing+commissioned",2026-06-25,Konstantin Loffler <kl@wip.tu-berlin.de>
SPP,PJM,Power,2030,0.0,,GW,"IC transfer capability, High/NTP ceiling (MW/1000), floored at existing+commissioned",2026-06-25,Konstantin Loffler <kl@wip.tu-berlin.de>
SPP,PJM,Power,2031,0.5,,GW,"IC transfer capability, High/NTP ceiling (MW/1000), floored at existing+commissioned",2026-06-25,Konstantin Loffler <kl@wip.tu-berlin.de>
SPP,PJM,Power,2032,1.0,,GW,"IC transfer capability, High/NTP ceiling (MW/1000), floored at existing+commissioned",2026-06-25,Konstantin Loffler <kl@wip.tu-berlin.de>
SPP,PJM,Power,2033,1.5,,GW,"IC transfer capability, High/NTP ceiling (MW/1000), floored at existing+commissioned",2026-06-25,Konstantin Loffler <kl@wip.tu-berlin.de>
SPP,PJM,Power,2034,2.0,,GW,"IC transfer capability, High/NTP ceiling (MW/1000), floored at existing+commissioned",2026-06-25,Konstantin Loffler <kl@wip.tu-berlin.de>
SPP,PJM,Power,2035,2.5,,GW,"IC transfer capability, High/NTP ceiling (MW/1000), floored at existing+commissioned",2026-06-25,Konstantin Loffler <kl@wip.tu-berlin.de>
SPP,PJM,Power,2036,2.5,,GW,"IC transfer capability, High/NTP ceiling (MW/1000), floored at existing+commissioned",2026-06-25,Konstantin Loffler <kl@wip.tu-berlin.de>
SPP,PJM,Power,2037,2.5,,GW,"IC transfer capability, High/NTP ceiling (MW/1000), floored at existing+commissioned",2026-06-25,Konstantin Loffler <kl@wip.tu-berlin.de>
SPP,PJM,Power,2038,2.5,,GW,"IC transfer capability, High/NTP ceiling (MW/1000), floored at existing+commissioned",2026-06-25,Konstantin Loffler <kl@wip.tu-berlin.de>
SPP,PJM,Power,2039,2.5,,GW,"IC transfer capability, High/NTP ceiling (MW/1000), floored at existing+commissioned",2026-06-25,Konstantin Loffler <kl@wip.tu-berlin.de>
SPP,PJM,Power,2040,2.5,,GW,"IC transfer capability, High/NTP ceiling (MW/1000), floored at existing+commissioned",2026-06-25,Konstantin Loffler <kl@wip.tu-berlin.de>
SPP,SERC,Power,2025,0.707,,GW,"IC transfer capability, High/NTP ceiling (MW/1000), floored at existing+commissioned",2026-06-25,Konstantin Loffler <kl@wip.tu-berlin.de>
SPP,SERC,Power,2026,0.74942,,GW,"IC transfer capability, High/NTP ceiling (MW/1000), floored at existing+commissioned",2026-06-25,Konstantin Loffler <kl@wip.tu-berlin.de>
SPP,SERC,Power,2027,0.794385,,GW,"IC transfer capability, High/NTP ceiling (MW/1000), floored at existing+commissioned",2026-06-25,Konstantin Loffler <kl@wip.tu-berlin.de>
SPP,SERC,Power,2028,0.842048,,GW,"IC transfer capability, High/NTP ceiling (MW/1000), floored at existing+commissioned",2026-06-25,Konstantin Loffler <kl@wip.tu-berlin.de>
SPP,SERC,Power,2029,0.892571,,GW,"IC transfer capability, High/NTP ceiling (MW/1000), floored at existing+commissioned",2026-06-25,Konstantin Loffler <kl@wip.tu-berlin.de>
SPP,SERC,Power,2030,0.946125,,GW,"IC transfer capability, High/NTP ceiling (MW/1000), floored at existing+commissioned",2026-06-25,Konstantin Loffler <kl@wip.tu-berlin.de>
SPP,SERC,Power,2031,1.002893,,GW,"IC transfer capability, High/NTP ceiling (MW/1000), floored at existing+commissioned",2026-06-25,Konstantin Loffler <kl@wip.tu-berlin.de>
SPP,SERC,Power,2032,1.063067,,GW,"IC transfer capability, High/NTP ceiling (MW/1000), floored at existing+commissioned",2026-06-25,Konstantin Loffler <kl@wip.tu-berlin.de>
SPP,SERC,Power,2033,1.126851,,GW,"IC transfer capability, High/NTP ceiling (MW/1000), floored at existing+commissioned",2026-06-25,Konstantin Loffler <kl@wip.tu-berlin.de>
SPP,SERC,Power,2034,1.194462,,GW,"IC transfer capability, High/NTP ceiling (MW/1000), floored at existing+commissioned",2026-06-25,Konstantin Loffler <kl@wip.tu-berlin.de>
SPP,SERC,Power,2035,1.266129,,GW,"IC transfer capability, High/NTP ceiling (MW/1000), floored at existing+commissioned",2026-06-25,Konstantin Loffler <kl@wip.tu-berlin.de>
SPP,SERC,Power,2036,1.342097,,GW,"IC transfer capability, High/NTP ceiling (MW/1000), floored at existing+commissioned",2026-06-25,Konstantin Loffler <kl@wip.tu-berlin.de>
SPP,SERC,Power,2037,1.422623,,GW,"IC transfer capability, High/NTP ceiling (MW/1000), floored at existing+commissioned",2026-06-25,Konstantin Loffler <kl@wip.tu-berlin.de>
SPP,SERC,Power,2038,1.50798,,GW,"IC transfer capability, High/NTP ceiling (MW/1000), floored at existing+commissioned",2026-06-25,Konstantin Loffler <kl@wip.tu-berlin.de>
SPP,SERC,Power,2039,1.598459,,GW,"IC transfer capability, High/NTP ceiling (MW/1000), floored at existing+commissioned",2026-06-25,Konstantin Loffler <kl@wip.tu-berlin.de>
SPP,SERC,Power,2040,1.694367,,GW,"IC transfer capability, High/NTP ceiling (MW/1000), floored at existing+commissioned",2026-06-25,Konstantin Loffler <kl@wip.tu-berlin.de>
SPP,WECC,Power,2025,0.61,,GW,"IC transfer capability, High/NTP ceiling (MW/1000), floored at existing+commissioned",2026-06-25,Konstantin Loffler <kl@wip.tu-berlin.de>
SPP,WECC,Power,2026,0.6466,,GW,"IC transfer capability, High/NTP ceiling (MW/1000), floored at existing+commissioned",2026-06-25,Konstantin Loffler <kl@wip.tu-berlin.de>
SPP,WECC,Power,2027,0.685396,,GW,"IC transfer capability, High/NTP ceiling (MW/1000), floored at existing+commissioned",2026-06-25,Konstantin Loffler <kl@wip.tu-berlin.de>
SPP,WECC,Power,2028,0.72652,,GW,"IC transfer capability, High/NTP ceiling (MW/1000), floored at existing+commissioned",2026-06-25,Konstantin Loffler <kl@wip.tu-berlin.de>
SPP,WECC,Power,2029,0.770111,,GW,"IC transfer capability, High/NTP ceiling (MW/1000), floored at existing+commissioned",2026-06-25,Konstantin Loffler <kl@wip.tu-berlin.de>
SPP,WECC,Power,2030,0.816318,,GW,"IC transfer capability, High/NTP ceiling (MW/1000), floored at existing+commissioned",2026-06-25,Konstantin Loffler <kl@wip.tu-berlin.de>
SPP,WECC,Power,2031,0.865297,,GW,"IC transfer capability, High/NTP ceiling (MW/1000), floored at existing+commissioned",2026-06-25,Konstantin Loffler <kl@wip.tu-berlin.de>
SPP,WECC,Power,2032,0.917214,,GW,"IC transfer capability, High/NTP ceiling (MW/1000), floored at existing+commissioned",2026-06-25,Konstantin Loffler <kl@wip.tu-berlin.de>
SPP,WECC,Power,2033,0.972247,,GW,"IC transfer capability, High/NTP ceiling (MW/1000), floored at existing+commissioned",2026-06-25,Konstantin Loffler <kl@wip.tu-berlin.de>
SPP,WECC,Power,2034,1.030582,,GW,"IC transfer capability, High/NTP ceiling (MW/1000), floored at existing+commissioned",2026-06-25,Konstantin Loffler <kl@wip.tu-berlin.de>
SPP,WECC,Power,2035,1.092417,,GW,"IC transfer capability, High/NTP ceiling (MW/1000), floored at existing+commissioned",2026-06-25,Konstantin Loffler <kl@wip.tu-berlin.de>
SPP,WECC,Power,2036,1.157962,,GW,"IC transfer capability, High/NTP ceiling (MW/1000), floored at existing+commissioned",2026-06-25,Konstantin Loffler <kl@wip.tu-berlin.de>
SPP,WECC,Power,2037,1.22744,,GW,"IC transfer capability, High/NTP ceiling (MW/1000), floored at existing+commissioned",2026-06-25,Konstantin Loffler <kl@wip.tu-berlin.de>
SPP,WECC,Power,2038,1.301086,,GW,"IC transfer capability, High/NTP ceiling (MW/1000), floored at existing+commissioned",2026-06-25,Konstantin Loffler <kl@wip.tu-berlin.de>
SPP,WECC,Power,2039,1.379151,,GW,"IC transfer capability, High/NTP ceiling (MW/1000), floored at existing+commissioned",2026-06-25,Konstantin Loffler <kl@wip.tu-berlin.de>
SPP,WECC,Power,2040,1.4619,,GW,"IC transfer capability, High/NTP ceiling (MW/1000), floored at existing+commissioned",2026-06-25,Konstantin Loffler <kl@wip.tu-berlin.de>
WECC,California,Power,2025,16.914,,GW,"IC transfer capability, High/NTP ceiling (MW/1000), floored at existing+commissioned",2026-06-25,Konstantin Loffler <kl@wip.tu-berlin.de>
WECC,California,Power,2026,17.92884,,GW,"IC transfer capability, High/NTP ceiling (MW/1000), floored at existing+commissioned",2026-06-25,Konstantin Loffler <kl@wip.tu-berlin.de>
WECC,California,Power,2027,19.00457,,GW,"IC transfer capability, High/NTP ceiling (MW/1000), floored at existing+commissioned",2026-06-25,Konstantin Loffler <kl@wip.tu-berlin.de>
WECC,California,Power,2028,20.144845,,GW,"IC transfer capability, High/NTP ceiling (MW/1000), floored at existing+commissioned",2026-06-25,Konstantin Loffler <kl@wip.tu-berlin.de>
WECC,California,Power,2029,21.353535,,GW,"IC transfer capability, High/NTP ceiling (MW/1000), floored at existing+commissioned",2026-06-25,Konstantin Loffler <kl@wip.tu-berlin.de>
WECC,California,Power,2030,22.634747,,GW,"IC transfer capability, High/NTP ceiling (MW/1000), floored at existing+commissioned",2026-06-25,Konstantin Loffler <kl@wip.tu-berlin.de>
WECC,California,Power,2031,23.992832,,GW,"IC transfer capability, High/NTP ceiling (MW/1000), floored at existing+commissioned",2026-06-25,Konstantin Loffler <kl@wip.tu-berlin.de>
WECC,California,Power,2032,25.432402,,GW,"IC transfer capability, High/NTP ceiling (MW/1000), floored at existing+commissioned",2026-06-25,Konstantin Loffler <kl@wip.tu-berlin.de>
WECC,California,Power,2033,26.958346,,GW,"IC transfer capability, High/NTP ceiling (MW/1000), floored at existing+commissioned",2026-06-25,Konstantin Loffler <kl@wip.tu-berlin.de>
WECC,California,Power,2034,28.575847,,GW,"IC transfer capability, High/NTP ceiling (MW/1000), floored at existing+commissioned",2026-06-25,Konstantin Loffler <kl@wip.tu-berlin.de>
WECC,California,Power,2035,30.290398,,GW,"IC transfer capability, High/NTP ceiling (MW/1000), floored at existing+commissioned",2026-06-25,Konstantin Loffler <kl@wip.tu-berlin.de>
WECC,California,Power,2036,32.107822,,GW,"IC transfer capability, High/NTP ceiling (MW/1000), floored at existing+commissioned",2026-06-25,Konstantin Loffler <kl@wip.tu-berlin.de>
WECC,California,Power,2037,34.034291,,GW,"IC transfer capability, High/NTP ceiling (MW/1000), floored at existing+commissioned",2026-06-25,Konstantin Loffler <kl@wip.tu-berlin.de>
WECC,California,Power,2038,36.076349,,GW,"IC transfer capability, High/NTP ceiling (MW/1000), floored at existing+commissioned",2026-06-25,Konstantin Loffler <kl@wip.tu-berlin.de>
WECC,California,Power,2039,38.24093,,GW,"IC transfer capability, High/NTP ceiling (MW/1000), floored at existing+commissioned",2026-06-25,Konstantin Loffler <kl@wip.tu-berlin.de>
WECC,California,Power,2040,40.535385,,GW,"IC transfer capability, High/NTP ceiling (MW/1000), floored at existing+commissioned",2026-06-25,Konstantin Loffler <kl@wip.tu-berlin.de>
WECC,Canada,Power,2025,3.25,,GW,"IC transfer capability, High/NTP ceiling (MW/1000), floored at existing+commissioned",2026-06-25,Konstantin Loffler <kl@wip.tu-berlin.de>
WECC,Canada,Power,2026,3.422,,GW,"IC transfer capability, High/NTP ceiling (MW/1000), floored at existing+commissioned",2026-06-25,Konstantin Loffler <kl@wip.tu-berlin.de>
WECC,Canada,Power,2027,3.422,,GW,"IC transfer capability, High/NTP ceiling (MW/1000), floored at existing+commissioned",2026-06-25,Konstantin Loffler <kl@wip.tu-berlin.de>
WECC,Canada,Power,2028,3.422,,GW,"IC transfer capability, High/NTP ceiling (MW/1000), floored at existing+commissioned",2026-06-25,Konstantin Loffler <kl@wip.tu-berlin.de>
WECC,Canada,Power,2029,3.422,,GW,"IC transfer capability, High/NTP ceiling (MW/1000), floored at existing+commissioned",2026-06-25,Konstantin Loffler <kl@wip.tu-berlin.de>
WECC,Canada,Power,2030,3.422,,GW,"IC transfer capability, High/NTP ceiling (MW/1000), floored at existing+commissioned",2026-06-25,Konstantin Loffler <kl@wip.tu-berlin.de>
WECC,Canada,Power,2031,3.422,,GW,"IC transfer capability, High/NTP ceiling (MW/1000), floored at existing+commissioned",2026-06-25,Konstantin Loffler <kl@wip.tu-berlin.de>
WECC,Canada,Power,2032,3.422,,GW,"IC transfer capability, High/NTP ceiling (MW/1000), floored at existing+commissioned",2026-06-25,Konstantin Loffler <kl@wip.tu-berlin.de>
WECC,Canada,Power,2033,3.422,,GW,"IC transfer capability, High/NTP ceiling (MW/1000), floored at existing+commissioned",2026-06-25,Konstantin Loffler <kl@wip.tu-berlin.de>
WECC,Canada,Power,2034,3.422,,GW,"IC transfer capability, High/NTP ceiling (MW/1000), floored at existing+commissioned",2026-06-25,Konstantin Loffler <kl@wip.tu-berlin.de>
WECC,Canada,Power,2035,3.422,,GW,"IC transfer capability, High/NTP ceiling (MW/1000), floored at existing+commissioned",2026-06-25,Konstantin Loffler <kl@wip.tu-berlin.de>
WECC,Canada,Power,2036,3.422,,GW,"IC transfer capability, High/NTP ceiling (MW/1000), floored at existing+commissioned",2026-06-25,Konstantin Loffler <kl@wip.tu-berlin.de>
WECC,Canada,Power,2037,3.422,,GW,"IC transfer capability, High/NTP ceiling (MW/1000), floored at existing+commissioned",2026-06-25,Konstantin Loffler <kl@wip.tu-berlin.de>
WECC,Canada,Power,2038,3.422,,GW,"IC transfer capability, High/NTP ceiling (MW/1000), floored at existing+commissioned",2026-06-25,Konstantin Loffler <kl@wip.tu-berlin.de>
WECC,Canada,Power,2039,3.422,,GW,"IC transfer capability, High/NTP ceiling (MW/1000), floored at existing+commissioned",2026-06-25,Konstantin Loffler <kl@wip.tu-berlin.de>
WECC,Canada,Power,2040,3.422,,GW,"IC transfer capability, High/NTP ceiling (MW/1000), floored at existing+commissioned",2026-06-25,Konstantin Loffler <kl@wip.tu-berlin.de>
WECC,ERCOT,Power,2025,0.0,,GW,"IC transfer capability, High/NTP ceiling (MW/1000), floored at existing+commissioned",2026-06-25,Konstantin Loffler <kl@wip.tu-berlin.de>
WECC,ERCOT,Power,2026,2.12,,GW,"IC transfer capability, High/NTP ceiling (MW/1000), floored at existing+commissioned",2026-06-25,Konstantin Loffler <kl@wip.tu-berlin.de>
WECC,ERCOT,Power,2027,2.2472,,GW,"IC transfer capability, High/NTP ceiling (MW/1000), floored at existing+commissioned",2026-06-25,Konstantin Loffler <kl@wip.tu-berlin.de>
WECC,ERCOT,Power,2028,2.382032,,GW,"IC transfer capability, High/NTP ceiling (MW/1000), floored at existing+commissioned",2026-06-25,Konstantin Loffler <kl@wip.tu-berlin.de>
WECC,ERCOT,Power,2029,2.524954,,GW,"IC transfer capability, High/NTP ceiling (MW/1000), floored at existing+commissioned",2026-06-25,Konstantin Loffler <kl@wip.tu-berlin.de>
WECC,ERCOT,Power,2030,2.676451,,GW,"IC transfer capability, High/NTP ceiling (MW/1000), floored at existing+commissioned",2026-06-25,Konstantin Loffler <kl@wip.tu-berlin.de>
WECC,ERCOT,Power,2031,2.837038,,GW,"IC transfer capability, High/NTP ceiling (MW/1000), floored at existing+commissioned",2026-06-25,Konstantin Loffler <kl@wip.tu-berlin.de>
WECC,ERCOT,Power,2032,3.007261,,GW,"IC transfer capability, High/NTP ceiling (MW/1000), floored at existing+commissioned",2026-06-25,Konstantin Loffler <kl@wip.tu-berlin.de>
WECC,ERCOT,Power,2033,3.187696,,GW,"IC transfer capability, High/NTP ceiling (MW/1000), floored at existing+commissioned",2026-06-25,Konstantin Loffler <kl@wip.tu-berlin.de>
WECC,ERCOT,Power,2034,3.378958,,GW,"IC transfer capability, High/NTP ceiling (MW/1000), floored at existing+commissioned",2026-06-25,Konstantin Loffler <kl@wip.tu-berlin.de>
WECC,ERCOT,Power,2035,3.581695,,GW,"IC transfer capability, High/NTP ceiling (MW/1000), floored at existing+commissioned",2026-06-25,Konstantin Loffler <kl@wip.tu-berlin.de>
WECC,ERCOT,Power,2036,3.796597,,GW,"IC transfer capability, High/NTP ceiling (MW/1000), floored at existing+commissioned",2026-06-25,Konstantin Loffler <kl@wip.tu-berlin.de>
WECC,ERCOT,Power,2037,4.024393,,GW,"IC transfer capability, High/NTP ceiling (MW/1000), floored at existing+commissioned",2026-06-25,Konstantin Loffler <kl@wip.tu-berlin.de>
WECC,ERCOT,Power,2038,4.265857,,GW,"IC transfer capability, High/NTP ceiling (MW/1000), floored at existing+commissioned",2026-06-25,Konstantin Loffler <kl@wip.tu-berlin.de>
WECC,ERCOT,Power,2039,4.521808,,GW,"IC transfer capability, High/NTP ceiling (MW/1000), floored at existing+commissioned",2026-06-25,Konstantin Loffler <kl@wip.tu-berlin.de>
WECC,ERCOT,Power,2040,4.793116,,GW,"IC transfer capability, High/NTP ceiling (MW/1000), floored at existing+commissioned",2026-06-25,Konstantin Loffler <kl@wip.tu-berlin.de>
WECC,MISO,Power,2025,0.0,,GW,"IC transfer capability, High/NTP ceiling (MW/1000), floored at existing+commissioned",2026-06-25,Konstantin Loffler <kl@wip.tu-berlin.de>
WECC,MISO,Power,2026,0.0,,GW,"IC transfer capability, High/NTP ceiling (MW/1000), floored at existing+commissioned",2026-06-25,Konstantin Loffler <kl@wip.tu-berlin.de>
WECC,MISO,Power,2027,0.0,,GW,"IC transfer capability, High/NTP ceiling (MW/1000), floored at existing+commissioned",2026-06-25,Konstantin Loffler <kl@wip.tu-berlin.de>
WECC,MISO,Power,2028,0.0,,GW,"IC transfer capability, High/NTP ceiling (MW/1000), floored at existing+commissioned",2026-06-25,Konstantin Loffler <kl@wip.tu-berlin.de>
WECC,MISO,Power,2029,0.0,,GW,"IC transfer capability, High/NTP ceiling (MW/1000), floored at existing+commissioned",2026-06-25,Konstantin Loffler <kl@wip.tu-berlin.de>
WECC,MISO,Power,2030,0.0,,GW,"IC transfer capability, High/NTP ceiling (MW/1000), floored at existing+commissioned",2026-06-25,Konstantin Loffler <kl@wip.tu-berlin.de>
WECC,MISO,Power,2031,0.66,,GW,"IC transfer capability, High/NTP ceiling (MW/1000), floored at existing+commissioned",2026-06-25,Konstantin Loffler <kl@wip.tu-berlin.de>
WECC,MISO,Power,2032,3.0,,GW,"IC transfer capability, High/NTP ceiling (MW/1000), floored at existing+commissioned",2026-06-25,Konstantin Loffler <kl@wip.tu-berlin.de>
WECC,MISO,Power,2033,3.0,,GW,"IC transfer capability, High/NTP ceiling (MW/1000), floored at existing+commissioned",2026-06-25,Konstantin Loffler <kl@wip.tu-berlin.de>
WECC,MISO,Power,2034,3.0,,GW,"IC transfer capability, High/NTP ceiling (MW/1000), floored at existing+commissioned",2026-06-25,Konstantin Loffler <kl@wip.tu-berlin.de>
WECC,MISO,Power,2035,3.3,,GW,"IC transfer capability, High/NTP ceiling (MW/1000), floored at existing+commissioned",2026-06-25,Konstantin Loffler <kl@wip.tu-berlin.de>
WECC,MISO,Power,2036,3.3,,GW,"IC transfer capability, High/NTP ceiling (MW/1000), floored at existing+commissioned",2026-06-25,Konstantin Loffler <kl@wip.tu-berlin.de>
WECC,MISO,Power,2037,3.3,,GW,"IC transfer capability, High/NTP ceiling (MW/1000), floored at existing+commissioned",2026-06-25,Konstantin Loffler <kl@wip.tu-berlin.de>
WECC,MISO,Power,2038,3.3,,GW,"IC transfer capability, High/NTP ceiling (MW/1000), floored at existing+commissioned",2026-06-25,Konstantin Loffler <kl@wip.tu-berlin.de>
WECC,MISO,Power,2039,3.3,,GW,"IC transfer capability, High/NTP ceiling (MW/1000), floored at existing+commissioned",2026-06-25,Konstantin Loffler <kl@wip.tu-berlin.de>
WECC,MISO,Power,2040,3.3,,GW,"IC transfer capability, High/NTP ceiling (MW/1000), floored at existing+commissioned",2026-06-25,Konstantin Loffler <kl@wip.tu-berlin.de>
WECC,SPP,Power,2025,0.61,,GW,"IC transfer capability, High/NTP ceiling (MW/1000), floored at existing+commissioned",2026-06-25,Konstantin Loffler <kl@wip.tu-berlin.de>
WECC,SPP,Power,2026,0.6466,,GW,"IC transfer capability, High/NTP ceiling (MW/1000), floored at existing+commissioned",2026-06-25,Konstantin Loffler <kl@wip.tu-berlin.de>
WECC,SPP,Power,2027,0.685396,,GW,"IC transfer capability, High/NTP ceiling (MW/1000), floored at existing+commissioned",2026-06-25,Konstantin Loffler <kl@wip.tu-berlin.de>
WECC,SPP,Power,2028,0.72652,,GW,"IC transfer capability, High/NTP ceiling (MW/1000), floored at existing+commissioned",2026-06-25,Konstantin Loffler <kl@wip.tu-berlin.de>
WECC,SPP,Power,2029,0.770111,,GW,"IC transfer capability, High/NTP ceiling (MW/1000), floored at existing+commissioned",2026-06-25,Konstantin Loffler <kl@wip.tu-berlin.de>
WECC,SPP,Power,2030,0.816318,,GW,"IC transfer capability, High/NTP ceiling (MW/1000), floored at existing+commissioned",2026-06-25,Konstantin Loffler <kl@wip.tu-berlin.de>
WECC,SPP,Power,2031,0.865297,,GW,"IC transfer capability, High/NTP ceiling (MW/1000), floored at existing+commissioned",2026-06-25,Konstantin Loffler <kl@wip.tu-berlin.de>
WECC,SPP,Power,2032,0.917214,,GW,"IC transfer capability, High/NTP ceiling (MW/1000), floored at existing+commissioned",2026-06-25,Konstantin Loffler <kl@wip.tu-berlin.de>
WECC,SPP,Power,2033,0.972247,,GW,"IC transfer capability, High/NTP ceiling (MW/1000), floored at existing+commissioned",2026-06-25,Konstantin Loffler <kl@wip.tu-berlin.de>
WECC,SPP,Power,2034,1.030582,,GW,"IC transfer capability, High/NTP ceiling (MW/1000), floored at existing+commissioned",2026-06-25,Konstantin Loffler <kl@wip.tu-berlin.de>
WECC,SPP,Power,2035,1.092417,,GW,"IC transfer capability, High/NTP ceiling (MW/1000), floored at existing+commissioned",2026-06-25,Konstantin Loffler <kl@wip.tu-berlin.de>
WECC,SPP,Power,2036,1.157962,,GW,"IC transfer capability, High/NTP ceiling (MW/1000), floored at existing+commissioned",2026-06-25,Konstantin Loffler <kl@wip.tu-berlin.de>
WECC,SPP,Power,2037,1.22744,,GW,"IC transfer capability, High/NTP ceiling (MW/1000), floored at existing+commissioned",2026-06-25,Konstantin Loffler <kl@wip.tu-berlin.de>
WECC,SPP,Power,2038,1.301086,,GW,"IC transfer capability, High/NTP ceiling (MW/1000), floored at existing+commissioned",2026-06-25,Konstantin Loffler <kl@wip.tu-berlin.de>
WECC,SPP,Power,2039,1.379151,,GW,"IC transfer capability, High/NTP ceiling (MW/1000), floored at existing+commissioned",2026-06-25,Konstantin Loffler <kl@wip.tu-berlin.de>
WECC,SPP,Power,2040,1.4619,,GW,"IC transfer capability, High/NTP ceiling (MW/1000), floored at existing+commissioned",2026-06-25,Konstantin Loffler <kl@wip.tu-berlin.de>
