Region,Technology,Year,Value,Unnamed: 4,Unit,Source,Updated at,Updated by
World,A_Air,2018,0.5,,MEUR/GW,,,
World,A_Air,2020,0.5,,MEUR/GW,,,
World,A_Air,2021,0.5,,MEUR/GW,,,
World,A_Air,2025,0.5,,MEUR/GW,,,
World,A_Air,2030,0.5,,MEUR/GW,,,
World,A_Air,2035,0.5,,MEUR/GW,,,
World,A_Air,2040,0.5,,MEUR/GW,,,
World,A_Air,2045,0.5,,MEUR/GW,,,
World,A_Air,2050,0.5,,MEUR/GW,,,
World,A_Air,2055,0.5,,MEUR/GW,same as 2050 for now,29.01.2025,Nikita Moskalenko <nim@wip.tu-berlin.de>
World,A_Air,2060,0.5,,MEUR/GW,same as 2050 for now,29.01.2025,Nikita Moskalenko <nim@wip.tu-berlin.de>
World,CHP_Biomass_Solid,2018,3300,,MEUR/GW,,,
World,CHP_Biomass_Solid,2020,3300,,MEUR/GW,,,
World,CHP_Biomass_Solid,2021,3300,,MEUR/GW,Biomass CHP - Energy Technology Reference Indicator (ETRI) projections for 2010-2050 - Publications Office of the EU (europa.eu),02.09.2024,Alena Diesing <ad@wip.tu-berlin.de>
World,CHP_Biomass_Solid,2025,3145,,MEUR/GW,Biomass CHP - Energy Technology Reference Indicator (ETRI) projections for 2010-2050 - Publications Office of the EU (europa.eu),02.09.2024,Alena Diesing <ad@wip.tu-berlin.de>
World,CHP_Biomass_Solid,2030,2990,,MEUR/GW,Biomass CHP - Energy Technology Reference Indicator (ETRI) projections for 2010-2050 - Publications Office of the EU (europa.eu),02.09.2024,Alena Diesing <ad@wip.tu-berlin.de>
World,CHP_Biomass_Solid,2035,2870,,MEUR/GW,Biomass CHP - Energy Technology Reference Indicator (ETRI) projections for 2010-2050 - Publications Office of the EU (europa.eu),02.09.2024,Alena Diesing <ad@wip.tu-berlin.de>
World,CHP_Biomass_Solid,2040,2750,,MEUR/GW,Biomass CHP - Energy Technology Reference Indicator (ETRI) projections for 2010-2050 - Publications Office of the EU (europa.eu),02.09.2024,Alena Diesing <ad@wip.tu-berlin.de>
World,CHP_Biomass_Solid,2045,2645,,MEUR/GW,Biomass CHP - Energy Technology Reference Indicator (ETRI) projections for 2010-2050 - Publications Office of the EU (europa.eu),02.09.2024,Alena Diesing <ad@wip.tu-berlin.de>
World,CHP_Biomass_Solid,2050,2540,,MEUR/GW,Biomass CHP - Energy Technology Reference Indicator (ETRI) projections for 2010-2050 - Publications Office of the EU (europa.eu),02.09.2024,Alena Diesing <ad@wip.tu-berlin.de>
World,CHP_Biomass_Solid,2055,2540,,MEUR/GW,same as 2050 for now,29.01.2025,Nikita Moskalenko <nim@wip.tu-berlin.de>
World,CHP_Biomass_Solid,2060,2540,,MEUR/GW,same as 2050 for now,29.01.2025,Nikita Moskalenko <nim@wip.tu-berlin.de>
World,CHP_Biomass_Solid_CCS,2018,5808,,MEUR/GW,,,
World,CHP_Biomass_Solid_CCS,2020,5808,,MEUR/GW,,,
World,CHP_Biomass_Solid_CCS,2021,5808,,MEUR/GW,"76% increase for ccs- https://www.sciencedirect.com/science/article/pii/S1750583615001814#sec0060(post-combustion capture at new NGCC power plant, SRCCS Rep. value)",02.09.2024,Alena Diesing <ad@wip.tu-berlin.de>
World,CHP_Biomass_Solid_CCS,2025,5535.2,,MEUR/GW,"76% increase for ccs- https://www.sciencedirect.com/science/article/pii/S1750583615001814#sec0060(post-combustion capture at new NGCC power plant, SRCCS Rep. value)",02.09.2024,Alena Diesing <ad@wip.tu-berlin.de>
World,CHP_Biomass_Solid_CCS,2030,5262.4,,MEUR/GW,"76% increase for ccs- https://www.sciencedirect.com/science/article/pii/S1750583615001814#sec0060(post-combustion capture at new NGCC power plant, SRCCS Rep. value)",02.09.2024,Alena Diesing <ad@wip.tu-berlin.de>
World,CHP_Biomass_Solid_CCS,2035,5051.2,,MEUR/GW,"76% increase for ccs- https://www.sciencedirect.com/science/article/pii/S1750583615001814#sec0060(post-combustion capture at new NGCC power plant, SRCCS Rep. value)",02.09.2024,Alena Diesing <ad@wip.tu-berlin.de>
World,CHP_Biomass_Solid_CCS,2040,4840,,MEUR/GW,"76% increase for ccs- https://www.sciencedirect.com/science/article/pii/S1750583615001814#sec0060(post-combustion capture at new NGCC power plant, SRCCS Rep. value)",02.09.2024,Alena Diesing <ad@wip.tu-berlin.de>
World,CHP_Biomass_Solid_CCS,2045,4655.2,,MEUR/GW,"76% increase for ccs- https://www.sciencedirect.com/science/article/pii/S1750583615001814#sec0060(post-combustion capture at new NGCC power plant, SRCCS Rep. value)",02.09.2024,Alena Diesing <ad@wip.tu-berlin.de>
World,CHP_Biomass_Solid_CCS,2050,4470.4,,MEUR/GW,"76% increase for ccs- https://www.sciencedirect.com/science/article/pii/S1750583615001814#sec0060(post-combustion capture at new NGCC power plant, SRCCS Rep. value)",02.09.2024,Alena Diesing <ad@wip.tu-berlin.de>
World,CHP_Biomass_Solid_CCS,2055,4470.4,,MEUR/GW,same as 2050 for now,29.01.2025,Nikita Moskalenko <nim@wip.tu-berlin.de>
World,CHP_Biomass_Solid_CCS,2060,4470.4,,MEUR/GW,same as 2050 for now,29.01.2025,Nikita Moskalenko <nim@wip.tu-berlin.de>
World,CHP_Coal_Hardcoal,2018,2030,,MEUR/GW,CHP Coal- Table 1.7- High cost of slow energy transitions for emerging countries: On the case of Egypt's pathway options- Appendix A Supplementary data,08.09.2023,Luka Garibashvili <lukaga@stud.ntnu.no>
World,CHP_Coal_Hardcoal,2020,2030,,MEUR/GW,CHP Coal- Table 1.7- High cost of slow energy transitions for emerging countries: On the case of Egypt's pathway options- Appendix A Supplementary data,08.09.2023,Luka Garibashvili <lukaga@stud.ntnu.no>
World,CHP_Coal_Hardcoal,2021,2030,,MEUR/GW,Steam turbine coal supercritical CHP - Energy Technology Reference Indicator (ETRI) projections for 2010-2050 - Publications Office of the EU (europa.eu),02.09.2024,Alena Diesing <ad@wip.tu-berlin.de>
World,CHP_Coal_Hardcoal,2025,2030,,MEUR/GW,Steam turbine coal supercritical CHP - Energy Technology Reference Indicator (ETRI) projections for 2010-2050 - Publications Office of the EU (europa.eu),02.09.2024,Alena Diesing <ad@wip.tu-berlin.de>
World,CHP_Coal_Hardcoal,2030,2030,,MEUR/GW,Steam turbine coal supercritical CHP - Energy Technology Reference Indicator (ETRI) projections for 2010-2050 - Publications Office of the EU (europa.eu),02.09.2024,Alena Diesing <ad@wip.tu-berlin.de>
World,CHP_Coal_Hardcoal,2035,2030,,MEUR/GW,Steam turbine coal supercritical CHP - Energy Technology Reference Indicator (ETRI) projections for 2010-2050 - Publications Office of the EU (europa.eu),02.09.2024,Alena Diesing <ad@wip.tu-berlin.de>
World,CHP_Coal_Hardcoal,2040,2030,,MEUR/GW,Steam turbine coal supercritical CHP - Energy Technology Reference Indicator (ETRI) projections for 2010-2050 - Publications Office of the EU (europa.eu),02.09.2024,Alena Diesing <ad@wip.tu-berlin.de>
World,CHP_Coal_Hardcoal,2045,2030,,MEUR/GW,Steam turbine coal supercritical CHP - Energy Technology Reference Indicator (ETRI) projections for 2010-2050 - Publications Office of the EU (europa.eu),02.09.2024,Alena Diesing <ad@wip.tu-berlin.de>
World,CHP_Coal_Hardcoal,2050,2030,,MEUR/GW,Steam turbine coal supercritical CHP - Energy Technology Reference Indicator (ETRI) projections for 2010-2050 - Publications Office of the EU (europa.eu),02.09.2024,Alena Diesing <ad@wip.tu-berlin.de>
World,CHP_Coal_Hardcoal,2055,2030,,MEUR/GW,same as 2050 for now,29.01.2025,Nikita Moskalenko <nim@wip.tu-berlin.de>
World,CHP_Coal_Hardcoal,2060,2030,,MEUR/GW,same as 2050 for now,29.01.2025,Nikita Moskalenko <nim@wip.tu-berlin.de>
World,CHP_Coal_Hardcoal_CCS,2018,3308.9,,MEUR/GW,,,
World,CHP_Coal_Hardcoal_CCS,2020,3308.9,,MEUR/GW,,,
World,CHP_Coal_Hardcoal_CCS,2021,3308.9,,MEUR/GW,"63% increase for ccs- https://www.sciencedirect.com/science/article/pii/S1750583615001814#sec0060 (post-combustion capture at SCPC power plants using bituminous coals, SRCCS Rep.value)",02.09.2024,Alena Diesing <ad@wip.tu-berlin.de>
World,CHP_Coal_Hardcoal_CCS,2025,3308.9,,MEUR/GW,"63% increase for ccs- https://www.sciencedirect.com/science/article/pii/S1750583615001814#sec0060 (post-combustion capture at SCPC power plants using bituminous coals, SRCCS Rep.value)",02.09.2024,Alena Diesing <ad@wip.tu-berlin.de>
World,CHP_Coal_Hardcoal_CCS,2030,3308.9,,MEUR/GW,"63% increase for ccs- https://www.sciencedirect.com/science/article/pii/S1750583615001814#sec0060 (post-combustion capture at SCPC power plants using bituminous coals, SRCCS Rep.value)",02.09.2024,Alena Diesing <ad@wip.tu-berlin.de>
World,CHP_Coal_Hardcoal_CCS,2035,3308.9,,MEUR/GW,"63% increase for ccs- https://www.sciencedirect.com/science/article/pii/S1750583615001814#sec0060 (post-combustion capture at SCPC power plants using bituminous coals, SRCCS Rep.value)",02.09.2024,Alena Diesing <ad@wip.tu-berlin.de>
World,CHP_Coal_Hardcoal_CCS,2040,3308.9,,MEUR/GW,"63% increase for ccs- https://www.sciencedirect.com/science/article/pii/S1750583615001814#sec0060 (post-combustion capture at SCPC power plants using bituminous coals, SRCCS Rep.value)",02.09.2024,Alena Diesing <ad@wip.tu-berlin.de>
World,CHP_Coal_Hardcoal_CCS,2045,3308.9,,MEUR/GW,"63% increase for ccs- https://www.sciencedirect.com/science/article/pii/S1750583615001814#sec0060 (post-combustion capture at SCPC power plants using bituminous coals, SRCCS Rep.value)",02.09.2024,Alena Diesing <ad@wip.tu-berlin.de>
World,CHP_Coal_Hardcoal_CCS,2050,3308.9,,MEUR/GW,"63% increase for ccs- https://www.sciencedirect.com/science/article/pii/S1750583615001814#sec0060 (post-combustion capture at SCPC power plants using bituminous coals, SRCCS Rep.value)",02.09.2024,Alena Diesing <ad@wip.tu-berlin.de>
World,CHP_Coal_Hardcoal_CCS,2055,3308.9,,MEUR/GW,same as 2050 for now,29.01.2025,Nikita Moskalenko <nim@wip.tu-berlin.de>
World,CHP_Coal_Hardcoal_CCS,2060,3308.9,,MEUR/GW,same as 2050 for now,29.01.2025,Nikita Moskalenko <nim@wip.tu-berlin.de>
World,CHP_Coal_Lignite,2018,2030,,MEUR/GW,,,
World,CHP_Coal_Lignite,2020,2030,,MEUR/GW,,,
World,CHP_Coal_Lignite,2021,2030,,MEUR/GW,Steam turbine coal supercritical CHP - Energy Technology Reference Indicator (ETRI) projections for 2010-2050 - Publications Office of the EU (europa.eu),02.09.2024,Alena Diesing <ad@wip.tu-berlin.de>
World,CHP_Coal_Lignite,2025,2030,,MEUR/GW,Steam turbine coal supercritical CHP - Energy Technology Reference Indicator (ETRI) projections for 2010-2050 - Publications Office of the EU (europa.eu),02.09.2024,Alena Diesing <ad@wip.tu-berlin.de>
World,CHP_Coal_Lignite,2030,2030,,MEUR/GW,Steam turbine coal supercritical CHP - Energy Technology Reference Indicator (ETRI) projections for 2010-2050 - Publications Office of the EU (europa.eu),02.09.2024,Alena Diesing <ad@wip.tu-berlin.de>
World,CHP_Coal_Lignite,2035,2030,,MEUR/GW,Steam turbine coal supercritical CHP - Energy Technology Reference Indicator (ETRI) projections for 2010-2050 - Publications Office of the EU (europa.eu),02.09.2024,Alena Diesing <ad@wip.tu-berlin.de>
World,CHP_Coal_Lignite,2040,2030,,MEUR/GW,Steam turbine coal supercritical CHP - Energy Technology Reference Indicator (ETRI) projections for 2010-2050 - Publications Office of the EU (europa.eu),02.09.2024,Alena Diesing <ad@wip.tu-berlin.de>
World,CHP_Coal_Lignite,2045,2030,,MEUR/GW,Steam turbine coal supercritical CHP - Energy Technology Reference Indicator (ETRI) projections for 2010-2050 - Publications Office of the EU (europa.eu),02.09.2024,Alena Diesing <ad@wip.tu-berlin.de>
World,CHP_Coal_Lignite,2050,2030,,MEUR/GW,Steam turbine coal supercritical CHP - Energy Technology Reference Indicator (ETRI) projections for 2010-2050 - Publications Office of the EU (europa.eu),02.09.2024,Alena Diesing <ad@wip.tu-berlin.de>
World,CHP_Coal_Lignite,2055,2030,,MEUR/GW,same as 2050 for now,29.01.2025,Nikita Moskalenko <nim@wip.tu-berlin.de>
World,CHP_Coal_Lignite,2060,2030,,MEUR/GW,same as 2050 for now,29.01.2025,Nikita Moskalenko <nim@wip.tu-berlin.de>
World,CHP_Coal_Lignite_CCS,2018,3308.9,,MEUR/GW,,,
World,CHP_Coal_Lignite_CCS,2020,3308.9,,MEUR/GW,,,
World,CHP_Coal_Lignite_CCS,2021,3308.9,,MEUR/GW,"63% increase for ccs- https://www.sciencedirect.com/science/article/pii/S1750583615001814#sec0060 (post-combustion capture at SCPC power plants using bituminous coals, SRCCS Rep.value)",02.09.2024,Alena Diesing <ad@wip.tu-berlin.de>
World,CHP_Coal_Lignite_CCS,2025,3308.9,,MEUR/GW,"63% increase for ccs- https://www.sciencedirect.com/science/article/pii/S1750583615001814#sec0060 (post-combustion capture at SCPC power plants using bituminous coals, SRCCS Rep.value)",02.09.2024,Alena Diesing <ad@wip.tu-berlin.de>
World,CHP_Coal_Lignite_CCS,2030,3308.9,,MEUR/GW,"63% increase for ccs- https://www.sciencedirect.com/science/article/pii/S1750583615001814#sec0060 (post-combustion capture at SCPC power plants using bituminous coals, SRCCS Rep.value)",02.09.2024,Alena Diesing <ad@wip.tu-berlin.de>
World,CHP_Coal_Lignite_CCS,2035,3308.9,,MEUR/GW,"63% increase for ccs- https://www.sciencedirect.com/science/article/pii/S1750583615001814#sec0060 (post-combustion capture at SCPC power plants using bituminous coals, SRCCS Rep.value)",02.09.2024,Alena Diesing <ad@wip.tu-berlin.de>
World,CHP_Coal_Lignite_CCS,2040,3308.9,,MEUR/GW,"63% increase for ccs- https://www.sciencedirect.com/science/article/pii/S1750583615001814#sec0060 (post-combustion capture at SCPC power plants using bituminous coals, SRCCS Rep.value)",02.09.2024,Alena Diesing <ad@wip.tu-berlin.de>
World,CHP_Coal_Lignite_CCS,2045,3308.9,,MEUR/GW,"63% increase for ccs- https://www.sciencedirect.com/science/article/pii/S1750583615001814#sec0060 (post-combustion capture at SCPC power plants using bituminous coals, SRCCS Rep.value)",02.09.2024,Alena Diesing <ad@wip.tu-berlin.de>
World,CHP_Coal_Lignite_CCS,2050,3308.9,,MEUR/GW,"63% increase for ccs- https://www.sciencedirect.com/science/article/pii/S1750583615001814#sec0060 (post-combustion capture at SCPC power plants using bituminous coals, SRCCS Rep.value)",02.09.2024,Alena Diesing <ad@wip.tu-berlin.de>
World,CHP_Coal_Lignite_CCS,2055,3308.9,,MEUR/GW,same as 2050 for now,29.01.2025,Nikita Moskalenko <nim@wip.tu-berlin.de>
World,CHP_Coal_Lignite_CCS,2060,3308.9,,MEUR/GW,same as 2050 for now,29.01.2025,Nikita Moskalenko <nim@wip.tu-berlin.de>
World,CHP_Gas_CCGT_Biogas,2018,1000,,MEUR/GW,,,
World,CHP_Gas_CCGT_Biogas,2020,1000,,MEUR/GW,,,
World,CHP_Gas_CCGT_Biogas,2021,1000,,MEUR/GW,CCGT advanced CHP - Energy Technology Reference Indicator (ETRI) projections for 2010-2050 - Publications Office of the EU (europa.eu),02.09.2024,Alena Diesing <ad@wip.tu-berlin.de>
World,CHP_Gas_CCGT_Biogas,2025,995,,MEUR/GW,CCGT advanced CHP - Energy Technology Reference Indicator (ETRI) projections for 2010-2050 - Publications Office of the EU (europa.eu),02.09.2024,Alena Diesing <ad@wip.tu-berlin.de>
World,CHP_Gas_CCGT_Biogas,2030,990,,MEUR/GW,CCGT advanced CHP - Energy Technology Reference Indicator (ETRI) projections for 2010-2050 - Publications Office of the EU (europa.eu),02.09.2024,Alena Diesing <ad@wip.tu-berlin.de>
World,CHP_Gas_CCGT_Biogas,2035,985,,MEUR/GW,CCGT advanced CHP - Energy Technology Reference Indicator (ETRI) projections for 2010-2050 - Publications Office of the EU (europa.eu),02.09.2024,Alena Diesing <ad@wip.tu-berlin.de>
World,CHP_Gas_CCGT_Biogas,2040,980,,MEUR/GW,CCGT advanced CHP - Energy Technology Reference Indicator (ETRI) projections for 2010-2050 - Publications Office of the EU (europa.eu),02.09.2024,Alena Diesing <ad@wip.tu-berlin.de>
World,CHP_Gas_CCGT_Biogas,2045,975,,MEUR/GW,CCGT advanced CHP - Energy Technology Reference Indicator (ETRI) projections for 2010-2050 - Publications Office of the EU (europa.eu),02.09.2024,Alena Diesing <ad@wip.tu-berlin.de>
World,CHP_Gas_CCGT_Biogas,2050,970,,MEUR/GW,CCGT advanced CHP - Energy Technology Reference Indicator (ETRI) projections for 2010-2050 - Publications Office of the EU (europa.eu),02.09.2024,Alena Diesing <ad@wip.tu-berlin.de>
World,CHP_Gas_CCGT_Biogas,2055,970,,MEUR/GW,same as 2050 for now,29.01.2025,Nikita Moskalenko <nim@wip.tu-berlin.de>
World,CHP_Gas_CCGT_Biogas,2060,970,,MEUR/GW,same as 2050 for now,29.01.2025,Nikita Moskalenko <nim@wip.tu-berlin.de>
World,CHP_Gas_CCGT_Biogas_CCS,2018,1760,,MEUR/GW,,,
World,CHP_Gas_CCGT_Biogas_CCS,2020,1760,,MEUR/GW,,,
World,CHP_Gas_CCGT_Biogas_CCS,2021,1760,,MEUR/GW,"76% increase for ccs- https://www.sciencedirect.com/science/article/pii/S1750583615001814#sec0060(post-combustion capture at new NGCC power plant, SRCCS Rep. value)",02.09.2024,Alena Diesing <ad@wip.tu-berlin.de>
World,CHP_Gas_CCGT_Biogas_CCS,2025,1751.2,,MEUR/GW,"76% increase for ccs- https://www.sciencedirect.com/science/article/pii/S1750583615001814#sec0060(post-combustion capture at new NGCC power plant, SRCCS Rep. value)",02.09.2024,Alena Diesing <ad@wip.tu-berlin.de>
World,CHP_Gas_CCGT_Biogas_CCS,2030,1742.4,,MEUR/GW,"76% increase for ccs- https://www.sciencedirect.com/science/article/pii/S1750583615001814#sec0060(post-combustion capture at new NGCC power plant, SRCCS Rep. value)",02.09.2024,Alena Diesing <ad@wip.tu-berlin.de>
World,CHP_Gas_CCGT_Biogas_CCS,2035,1733.6,,MEUR/GW,"76% increase for ccs- https://www.sciencedirect.com/science/article/pii/S1750583615001814#sec0060(post-combustion capture at new NGCC power plant, SRCCS Rep. value)",02.09.2024,Alena Diesing <ad@wip.tu-berlin.de>
World,CHP_Gas_CCGT_Biogas_CCS,2040,1724.8,,MEUR/GW,"76% increase for ccs- https://www.sciencedirect.com/science/article/pii/S1750583615001814#sec0060(post-combustion capture at new NGCC power plant, SRCCS Rep. value)",02.09.2024,Alena Diesing <ad@wip.tu-berlin.de>
World,CHP_Gas_CCGT_Biogas_CCS,2045,1716,,MEUR/GW,"76% increase for ccs- https://www.sciencedirect.com/science/article/pii/S1750583615001814#sec0060(post-combustion capture at new NGCC power plant, SRCCS Rep. value)",02.09.2024,Alena Diesing <ad@wip.tu-berlin.de>
World,CHP_Gas_CCGT_Biogas_CCS,2050,1707.2,,MEUR/GW,"76% increase for ccs- https://www.sciencedirect.com/science/article/pii/S1750583615001814#sec0060(post-combustion capture at new NGCC power plant, SRCCS Rep. value)",02.09.2024,Alena Diesing <ad@wip.tu-berlin.de>
World,CHP_Gas_CCGT_Biogas_CCS,2055,1707.2,,MEUR/GW,same as 2050 for now,29.01.2025,Nikita Moskalenko <nim@wip.tu-berlin.de>
World,CHP_Gas_CCGT_Biogas_CCS,2060,1707.2,,MEUR/GW,same as 2050 for now,29.01.2025,Nikita Moskalenko <nim@wip.tu-berlin.de>
World,CHP_Gas_CCGT_Natural,2018,1000,,MEUR/GW,,,
World,CHP_Gas_CCGT_Natural,2020,1000,,MEUR/GW,,,
World,CHP_Gas_CCGT_Natural,2021,1000,,MEUR/GW,CCGT advanced CHP - Energy Technology Reference Indicator (ETRI) projections for 2010-2050 - Publications Office of the EU (europa.eu),02.09.2024,Alena Diesing <ad@wip.tu-berlin.de>
World,CHP_Gas_CCGT_Natural,2025,995,,MEUR/GW,CCGT advanced CHP - Energy Technology Reference Indicator (ETRI) projections for 2010-2050 - Publications Office of the EU (europa.eu),02.09.2024,Alena Diesing <ad@wip.tu-berlin.de>
World,CHP_Gas_CCGT_Natural,2030,990,,MEUR/GW,CCGT advanced CHP - Energy Technology Reference Indicator (ETRI) projections for 2010-2050 - Publications Office of the EU (europa.eu),02.09.2024,Alena Diesing <ad@wip.tu-berlin.de>
World,CHP_Gas_CCGT_Natural,2035,985,,MEUR/GW,CCGT advanced CHP - Energy Technology Reference Indicator (ETRI) projections for 2010-2050 - Publications Office of the EU (europa.eu),02.09.2024,Alena Diesing <ad@wip.tu-berlin.de>
World,CHP_Gas_CCGT_Natural,2040,980,,MEUR/GW,CCGT advanced CHP - Energy Technology Reference Indicator (ETRI) projections for 2010-2050 - Publications Office of the EU (europa.eu),02.09.2024,Alena Diesing <ad@wip.tu-berlin.de>
World,CHP_Gas_CCGT_Natural,2045,975,,MEUR/GW,CCGT advanced CHP - Energy Technology Reference Indicator (ETRI) projections for 2010-2050 - Publications Office of the EU (europa.eu),02.09.2024,Alena Diesing <ad@wip.tu-berlin.de>
World,CHP_Gas_CCGT_Natural,2050,970,,MEUR/GW,CCGT advanced CHP - Energy Technology Reference Indicator (ETRI) projections for 2010-2050 - Publications Office of the EU (europa.eu),02.09.2024,Alena Diesing <ad@wip.tu-berlin.de>
World,CHP_Gas_CCGT_Natural,2055,970,,MEUR/GW,same as 2050 for now,29.01.2025,Nikita Moskalenko <nim@wip.tu-berlin.de>
World,CHP_Gas_CCGT_Natural,2060,970,,MEUR/GW,same as 2050 for now,29.01.2025,Nikita Moskalenko <nim@wip.tu-berlin.de>
World,CHP_Gas_CCGT_Natural_CCS,2018,1760,,MEUR/GW,,,
World,CHP_Gas_CCGT_Natural_CCS,2020,1760,,MEUR/GW,,,
World,CHP_Gas_CCGT_Natural_CCS,2021,1760,,MEUR/GW,"76% increase for ccs- https://www.sciencedirect.com/science/article/pii/S1750583615001814#sec0060(post-combustion capture at new NGCC power plant, SRCCS Rep. value)",02.09.2024,Alena Diesing <ad@wip.tu-berlin.de>
World,CHP_Gas_CCGT_Natural_CCS,2025,1751.2,,MEUR/GW,"76% increase for ccs- https://www.sciencedirect.com/science/article/pii/S1750583615001814#sec0060(post-combustion capture at new NGCC power plant, SRCCS Rep. value)",02.09.2024,Alena Diesing <ad@wip.tu-berlin.de>
World,CHP_Gas_CCGT_Natural_CCS,2030,1742.4,,MEUR/GW,"76% increase for ccs- https://www.sciencedirect.com/science/article/pii/S1750583615001814#sec0060(post-combustion capture at new NGCC power plant, SRCCS Rep. value)",02.09.2024,Alena Diesing <ad@wip.tu-berlin.de>
World,CHP_Gas_CCGT_Natural_CCS,2035,1733.6,,MEUR/GW,"76% increase for ccs- https://www.sciencedirect.com/science/article/pii/S1750583615001814#sec0060(post-combustion capture at new NGCC power plant, SRCCS Rep. value)",02.09.2024,Alena Diesing <ad@wip.tu-berlin.de>
World,CHP_Gas_CCGT_Natural_CCS,2040,1724.8,,MEUR/GW,"76% increase for ccs- https://www.sciencedirect.com/science/article/pii/S1750583615001814#sec0060(post-combustion capture at new NGCC power plant, SRCCS Rep. value)",02.09.2024,Alena Diesing <ad@wip.tu-berlin.de>
World,CHP_Gas_CCGT_Natural_CCS,2045,1716,,MEUR/GW,"76% increase for ccs- https://www.sciencedirect.com/science/article/pii/S1750583615001814#sec0060(post-combustion capture at new NGCC power plant, SRCCS Rep. value)",02.09.2024,Alena Diesing <ad@wip.tu-berlin.de>
World,CHP_Gas_CCGT_Natural_CCS,2050,1707.2,,MEUR/GW,"76% increase for ccs- https://www.sciencedirect.com/science/article/pii/S1750583615001814#sec0060(post-combustion capture at new NGCC power plant, SRCCS Rep. value)",02.09.2024,Alena Diesing <ad@wip.tu-berlin.de>
World,CHP_Gas_CCGT_Natural_CCS,2055,1707.2,,MEUR/GW,same as 2050 for now,29.01.2025,Nikita Moskalenko <nim@wip.tu-berlin.de>
World,CHP_Gas_CCGT_Natural_CCS,2060,1707.2,,MEUR/GW,same as 2050 for now,29.01.2025,Nikita Moskalenko <nim@wip.tu-berlin.de>
World,CHP_Gas_CCGT_SynGas,2018,1000,,MEUR/GW,,,
World,CHP_Gas_CCGT_SynGas,2020,1000,,MEUR/GW,,,
World,CHP_Gas_CCGT_SynGas,2021,1000,,MEUR/GW,CCGT advanced CHP - Energy Technology Reference Indicator (ETRI) projections for 2010-2050 - Publications Office of the EU (europa.eu),02.09.2024,Alena Diesing <ad@wip.tu-berlin.de>
World,CHP_Gas_CCGT_SynGas,2025,995,,MEUR/GW,CCGT advanced CHP - Energy Technology Reference Indicator (ETRI) projections for 2010-2050 - Publications Office of the EU (europa.eu),02.09.2024,Alena Diesing <ad@wip.tu-berlin.de>
World,CHP_Gas_CCGT_SynGas,2030,990,,MEUR/GW,CCGT advanced CHP - Energy Technology Reference Indicator (ETRI) projections for 2010-2050 - Publications Office of the EU (europa.eu),02.09.2024,Alena Diesing <ad@wip.tu-berlin.de>
World,CHP_Gas_CCGT_SynGas,2035,985,,MEUR/GW,CCGT advanced CHP - Energy Technology Reference Indicator (ETRI) projections for 2010-2050 - Publications Office of the EU (europa.eu),02.09.2024,Alena Diesing <ad@wip.tu-berlin.de>
World,CHP_Gas_CCGT_SynGas,2040,980,,MEUR/GW,CCGT advanced CHP - Energy Technology Reference Indicator (ETRI) projections for 2010-2050 - Publications Office of the EU (europa.eu),02.09.2024,Alena Diesing <ad@wip.tu-berlin.de>
World,CHP_Gas_CCGT_SynGas,2045,975,,MEUR/GW,CCGT advanced CHP - Energy Technology Reference Indicator (ETRI) projections for 2010-2050 - Publications Office of the EU (europa.eu),02.09.2024,Alena Diesing <ad@wip.tu-berlin.de>
World,CHP_Gas_CCGT_SynGas,2050,970,,MEUR/GW,CCGT advanced CHP - Energy Technology Reference Indicator (ETRI) projections for 2010-2050 - Publications Office of the EU (europa.eu),02.09.2024,Alena Diesing <ad@wip.tu-berlin.de>
World,CHP_Gas_CCGT_SynGas,2055,970,,MEUR/GW,same as 2050 for now,29.01.2025,Nikita Moskalenko <nim@wip.tu-berlin.de>
World,CHP_Gas_CCGT_SynGas,2060,970,,MEUR/GW,same as 2050 for now,29.01.2025,Nikita Moskalenko <nim@wip.tu-berlin.de>
World,CHP_Hydrogen_FuelCell,2018,6300,,MEUR/GW,,,
World,CHP_Hydrogen_FuelCell,2020,6300,,MEUR/GW,,,
World,CHP_Hydrogen_FuelCell,2021,6300,,MEUR/GW,Solid oxide fuel cells CHP- Energy Technology Reference Indicator (ETRI) projections for 2010-2050 - Publications Office of the EU (europa.eu),02.09.2024,Alena Diesing <ad@wip.tu-berlin.de>
World,CHP_Hydrogen_FuelCell,2025,5150,,MEUR/GW,Solid oxide fuel cells CHP- Energy Technology Reference Indicator (ETRI) projections for 2010-2050 - Publications Office of the EU (europa.eu),02.09.2024,Alena Diesing <ad@wip.tu-berlin.de>
World,CHP_Hydrogen_FuelCell,2030,4000,,MEUR/GW,Solid oxide fuel cells CHP- Energy Technology Reference Indicator (ETRI) projections for 2010-2050 - Publications Office of the EU (europa.eu),02.09.2024,Alena Diesing <ad@wip.tu-berlin.de>
World,CHP_Hydrogen_FuelCell,2035,3275,,MEUR/GW,Solid oxide fuel cells CHP- Energy Technology Reference Indicator (ETRI) projections for 2010-2050 - Publications Office of the EU (europa.eu),02.09.2024,Alena Diesing <ad@wip.tu-berlin.de>
World,CHP_Hydrogen_FuelCell,2040,2550,,MEUR/GW,Solid oxide fuel cells CHP- Energy Technology Reference Indicator (ETRI) projections for 2010-2050 - Publications Office of the EU (europa.eu),02.09.2024,Alena Diesing <ad@wip.tu-berlin.de>
World,CHP_Hydrogen_FuelCell,2045,2200,,MEUR/GW,Solid oxide fuel cells CHP- Energy Technology Reference Indicator (ETRI) projections for 2010-2050 - Publications Office of the EU (europa.eu),02.09.2024,Alena Diesing <ad@wip.tu-berlin.de>
World,CHP_Hydrogen_FuelCell,2050,1850,,MEUR/GW,Solid oxide fuel cells CHP- Energy Technology Reference Indicator (ETRI) projections for 2010-2050 - Publications Office of the EU (europa.eu),02.09.2024,Alena Diesing <ad@wip.tu-berlin.de>
World,CHP_Hydrogen_FuelCell,2055,1850,,MEUR/GW,same as 2050 for now,29.01.2025,Nikita Moskalenko <nim@wip.tu-berlin.de>
World,CHP_Hydrogen_FuelCell,2060,1850,,MEUR/GW,same as 2050 for now,29.01.2025,Nikita Moskalenko <nim@wip.tu-berlin.de>
World,CHP_Oil,2018,1000,,MEUR/GW,,,
World,CHP_Oil,2020,1000,,MEUR/GW,,,
World,CHP_Oil,2021,1000,,MEUR/GW,assumend equal chp gas -https://ars.els-cdn.com/content/image/1-s2.0-S096014812300486X-mmc1.pdf,02.09.2024,Alena Diesing <ad@wip.tu-berlin.de>
World,CHP_Oil,2025,995,,MEUR/GW,assumend equal chp gas -https://ars.els-cdn.com/content/image/1-s2.0-S096014812300486X-mmc1.pdf,02.09.2024,Alena Diesing <ad@wip.tu-berlin.de>
World,CHP_Oil,2030,990,,MEUR/GW,assumend equal chp gas -https://ars.els-cdn.com/content/image/1-s2.0-S096014812300486X-mmc1.pdf,02.09.2024,Alena Diesing <ad@wip.tu-berlin.de>
World,CHP_Oil,2035,985,,MEUR/GW,assumend equal chp gas -https://ars.els-cdn.com/content/image/1-s2.0-S096014812300486X-mmc1.pdf,02.09.2024,Alena Diesing <ad@wip.tu-berlin.de>
World,CHP_Oil,2040,980,,MEUR/GW,assumend equal chp gas -https://ars.els-cdn.com/content/image/1-s2.0-S096014812300486X-mmc1.pdf,02.09.2024,Alena Diesing <ad@wip.tu-berlin.de>
World,CHP_Oil,2045,975,,MEUR/GW,assumend equal chp gas -https://ars.els-cdn.com/content/image/1-s2.0-S096014812300486X-mmc1.pdf,02.09.2024,Alena Diesing <ad@wip.tu-berlin.de>
World,CHP_Oil,2050,970,,MEUR/GW,assumend equal chp gas -https://ars.els-cdn.com/content/image/1-s2.0-S096014812300486X-mmc1.pdf,02.09.2024,Alena Diesing <ad@wip.tu-berlin.de>
World,CHP_Oil,2055,970,,MEUR/GW,same as 2050 for now,29.01.2025,Nikita Moskalenko <nim@wip.tu-berlin.de>
World,CHP_Oil,2060,970,,MEUR/GW,same as 2050 for now,29.01.2025,Nikita Moskalenko <nim@wip.tu-berlin.de>
World,CHP_WasteToEnergy,2018,9727.87,,MEUR/GW,DEA – Technology data for El and DH - WtE CHP - see Assumption.txt ,13.12.2023,Frida Sather <frida.sather@sintef.no>
World,CHP_WasteToEnergy,2020,9493.88,,MEUR/GW,DEA – Technology data for El and DH - WtE CHP - see Assumption.txt ,13.12.2023,Frida Sather <frida.sather@sintef.no>
World,CHP_WasteToEnergy,2021,9493.88,,MEUR/GW,DEA – Technology data for El and DH - WtE CHP - see Assumption.txt ,13.12.2023,Frida Sather <frida.sather@sintef.no>
World,CHP_WasteToEnergy,2025,9268.39,,MEUR/GW,DEA – Technology data for El and DH - WtE CHP - see Assumption.txt ,13.12.2023,Frida Sather <frida.sather@sintef.no>
World,CHP_WasteToEnergy,2030,9042.91,,MEUR/GW,DEA – Technology data for El and DH - WtE CHP - see Assumption.txt ,13.12.2023,Frida Sather <frida.sather@sintef.no>
World,CHP_WasteToEnergy,2035,8762.647693,,MEUR/GW,DEA – Technology data for El and DH - WtE CHP - see Assumption.txt ,13.12.2023,Frida Sather <frida.sather@sintef.no>
World,CHP_WasteToEnergy,2040,8482.384535,,MEUR/GW,DEA – Technology data for El and DH - WtE CHP - see Assumption.txt ,13.12.2023,Frida Sather <frida.sather@sintef.no>
World,CHP_WasteToEnergy,2045,8202.121377,,MEUR/GW,DEA – Technology data for El and DH - WtE CHP - see Assumption.txt ,13.12.2023,Frida Sather <frida.sather@sintef.no>
World,CHP_WasteToEnergy,2050,7921.858219,,MEUR/GW,DEA – Technology data for El and DH - WtE CHP - see Assumption.txt ,13.12.2023,Frida Sather <frida.sather@sintef.no>
World,CHP_WasteToEnergy,2055,7921.858219,,MEUR/GW,same as 2050 for now,29.01.2025,Nikita Moskalenko <nim@wip.tu-berlin.de>
World,CHP_WasteToEnergy,2060,7921.858219,,MEUR/GW,same as 2050 for now,29.01.2025,Nikita Moskalenko <nim@wip.tu-berlin.de>
World,D_Battery_Li-Ion,2018,290,,MEUR/GW,Danish Energy Agency Storage Data https://ens.dk/en/our-services/technology-catalogues/technology-data-energy-storage,22.07.2024,Konstantin Loffler <kl@wip.tu-berlin.de>
World,D_Battery_Li-Ion,2020,270,,MEUR/GW,Danish Energy Agency Storage Data https://ens.dk/en/our-services/technology-catalogues/technology-data-energy-storage,22.07.2024,Konstantin Loffler <kl@wip.tu-berlin.de>
World,D_Battery_Li-Ion,2021,270,,MEUR/GW,Danish Energy Agency Storage Data https://ens.dk/en/our-services/technology-catalogues/technology-data-energy-storage,22.07.2024,Konstantin Loffler <kl@wip.tu-berlin.de>
World,D_Battery_Li-Ion,2025,215,,MEUR/GW,Danish Energy Agency Storage Data https://ens.dk/en/our-services/technology-catalogues/technology-data-energy-storage,22.07.2024,Konstantin Loffler <kl@wip.tu-berlin.de>
World,D_Battery_Li-Ion,2030,160,,MEUR/GW,Danish Energy Agency Storage Data https://ens.dk/en/our-services/technology-catalogues/technology-data-energy-storage,22.07.2024,Konstantin Loffler <kl@wip.tu-berlin.de>
World,D_Battery_Li-Ion,2035,130,,MEUR/GW,Danish Energy Agency Storage Data https://ens.dk/en/our-services/technology-catalogues/technology-data-energy-storage,22.07.2024,Konstantin Loffler <kl@wip.tu-berlin.de>
World,D_Battery_Li-Ion,2040,100,,MEUR/GW,Danish Energy Agency Storage Data https://ens.dk/en/our-services/technology-catalogues/technology-data-energy-storage,22.07.2024,Konstantin Loffler <kl@wip.tu-berlin.de>
World,D_Battery_Li-Ion,2045,80,,MEUR/GW,Danish Energy Agency Storage Data https://ens.dk/en/our-services/technology-catalogues/technology-data-energy-storage,22.07.2024,Konstantin Loffler <kl@wip.tu-berlin.de>
World,D_Battery_Li-Ion,2050,60,,MEUR/GW,Danish Energy Agency Storage Data https://ens.dk/en/our-services/technology-catalogues/technology-data-energy-storage,22.07.2024,Konstantin Loffler <kl@wip.tu-berlin.de>
World,D_Battery_Li-Ion,2055,60,,MEUR/GW,same as 2050 for now,29.01.2025,Nikita Moskalenko <nim@wip.tu-berlin.de>
World,D_Battery_Li-Ion,2060,60,,MEUR/GW,same as 2050 for now,29.01.2025,Nikita Moskalenko <nim@wip.tu-berlin.de>
World,D_Battery_Redox,2018,450,,MEUR/GW,Danish Energy Agency Storage Data https://ens.dk/en/our-services/technology-catalogues/technology-data-energy-storage,22.07.2024,Konstantin Loffler <kl@wip.tu-berlin.de>
World,D_Battery_Redox,2020,410,,MEUR/GW,Danish Energy Agency Storage Data https://ens.dk/en/our-services/technology-catalogues/technology-data-energy-storage,22.07.2024,Konstantin Loffler <kl@wip.tu-berlin.de>
World,D_Battery_Redox,2021,,,MEUR/GW,Danish Energy Agency Storage Data https://ens.dk/en/our-services/technology-catalogues/technology-data-energy-storage,22.07.2024,Konstantin Loffler <kl@wip.tu-berlin.de>
World,D_Battery_Redox,2025,330,,MEUR/GW,Danish Energy Agency Storage Data https://ens.dk/en/our-services/technology-catalogues/technology-data-energy-storage,22.07.2024,Konstantin Loffler <kl@wip.tu-berlin.de>
World,D_Battery_Redox,2030,330,,MEUR/GW,Danish Energy Agency Storage Data https://ens.dk/en/our-services/technology-catalogues/technology-data-energy-storage,22.07.2024,Konstantin Loffler <kl@wip.tu-berlin.de>
World,D_Battery_Redox,2035,330,,MEUR/GW,Danish Energy Agency Storage Data https://ens.dk/en/our-services/technology-catalogues/technology-data-energy-storage,22.07.2024,Konstantin Loffler <kl@wip.tu-berlin.de>
World,D_Battery_Redox,2040,330,,MEUR/GW,Danish Energy Agency Storage Data https://ens.dk/en/our-services/technology-catalogues/technology-data-energy-storage,22.07.2024,Konstantin Loffler <kl@wip.tu-berlin.de>
World,D_Battery_Redox,2045,330,,MEUR/GW,Danish Energy Agency Storage Data https://ens.dk/en/our-services/technology-catalogues/technology-data-energy-storage,22.07.2024,Konstantin Loffler <kl@wip.tu-berlin.de>
World,D_Battery_Redox,2050,330,,MEUR/GW,Danish Energy Agency Storage Data https://ens.dk/en/our-services/technology-catalogues/technology-data-energy-storage,22.07.2024,Konstantin Loffler <kl@wip.tu-berlin.de>
World,D_Battery_Redox,2055,330,,MEUR/GW,same as 2050 for now,29.01.2025,Nikita Moskalenko <nim@wip.tu-berlin.de>
World,D_Battery_Redox,2060,330,,MEUR/GW,same as 2050 for now,29.01.2025,Nikita Moskalenko <nim@wip.tu-berlin.de>
World,D_CAES,2018,964.5454545,,MEUR/GW,PNNL Storage Data https://www.pnnl.gov/sites/default/files/media/file/ESGC%20Cost%20Performance%20Report%202022%20PNNL-33283.pdf,22.07.2024,Konstantin Loffler <kl@wip.tu-berlin.de>
World,D_CAES,2020,964.5454545,,MEUR/GW,PNNL Storage Data https://www.pnnl.gov/sites/default/files/media/file/ESGC%20Cost%20Performance%20Report%202022%20PNNL-33283.pdf,22.07.2024,Konstantin Loffler <kl@wip.tu-berlin.de>
World,D_CAES,2021,964.5454545,,MEUR/GW,PNNL Storage Data https://www.pnnl.gov/sites/default/files/media/file/ESGC%20Cost%20Performance%20Report%202022%20PNNL-33283.pdf,22.07.2024,Konstantin Loffler <kl@wip.tu-berlin.de>
World,D_CAES,2025,964.5454545,,MEUR/GW,PNNL Storage Data https://www.pnnl.gov/sites/default/files/media/file/ESGC%20Cost%20Performance%20Report%202022%20PNNL-33283.pdf,22.07.2024,Konstantin Loffler <kl@wip.tu-berlin.de>
World,D_CAES,2030,964.5454545,,MEUR/GW,PNNL Storage Data https://www.pnnl.gov/sites/default/files/media/file/ESGC%20Cost%20Performance%20Report%202022%20PNNL-33283.pdf,22.07.2024,Konstantin Loffler <kl@wip.tu-berlin.de>
World,D_CAES,2035,964.5454545,,MEUR/GW,PNNL Storage Data https://www.pnnl.gov/sites/default/files/media/file/ESGC%20Cost%20Performance%20Report%202022%20PNNL-33283.pdf,22.07.2024,Konstantin Loffler <kl@wip.tu-berlin.de>
World,D_CAES,2040,964.5454545,,MEUR/GW,PNNL Storage Data https://www.pnnl.gov/sites/default/files/media/file/ESGC%20Cost%20Performance%20Report%202022%20PNNL-33283.pdf,22.07.2024,Konstantin Loffler <kl@wip.tu-berlin.de>
World,D_CAES,2045,964.5454545,,MEUR/GW,PNNL Storage Data https://www.pnnl.gov/sites/default/files/media/file/ESGC%20Cost%20Performance%20Report%202022%20PNNL-33283.pdf,22.07.2024,Konstantin Loffler <kl@wip.tu-berlin.de>
World,D_CAES,2050,964.5454545,,MEUR/GW,PNNL Storage Data https://www.pnnl.gov/sites/default/files/media/file/ESGC%20Cost%20Performance%20Report%202022%20PNNL-33283.pdf,22.07.2024,Konstantin Loffler <kl@wip.tu-berlin.de>
World,D_CAES,2055,964.5454545,,MEUR/GW,same as 2050 for now,29.01.2025,Nikita Moskalenko <nim@wip.tu-berlin.de>
World,D_CAES,2060,964.5454545,,MEUR/GW,same as 2050 for now,29.01.2025,Nikita Moskalenko <nim@wip.tu-berlin.de>
World,D_Gas_H2,2018,1,,MEUR/GW,,,
World,D_Gas_H2,2020,1,,MEUR/GW,,,
World,D_Gas_H2,2021,,,MEUR/GW,,,
World,D_Gas_H2,2025,1,,MEUR/GW,,,
World,D_Gas_H2,2030,1,,MEUR/GW,,,
World,D_Gas_H2,2035,1,,MEUR/GW,,,
World,D_Gas_H2,2040,1,,MEUR/GW,,,
World,D_Gas_H2,2045,1,,MEUR/GW,,,
World,D_Gas_H2,2050,1,,MEUR/GW,,,
World,D_Gas_H2,2055,1,,MEUR/GW,same as 2050 for now,29.01.2025,Nikita Moskalenko <nim@wip.tu-berlin.de>
World,D_Gas_H2,2060,1,,MEUR/GW,same as 2050 for now,29.01.2025,Nikita Moskalenko <nim@wip.tu-berlin.de>
World,D_Gas_Methane,2018,1,,MEUR/GW,,,
World,D_Gas_Methane,2020,1,,MEUR/GW,,,
World,D_Gas_Methane,2021,,,MEUR/GW,,,
World,D_Gas_Methane,2025,1,,MEUR/GW,,,
World,D_Gas_Methane,2030,1,,MEUR/GW,,,
World,D_Gas_Methane,2035,1,,MEUR/GW,,,
World,D_Gas_Methane,2040,1,,MEUR/GW,,,
World,D_Gas_Methane,2045,1,,MEUR/GW,,,
World,D_Gas_Methane,2050,1,,MEUR/GW,,,
World,D_Gas_Methane,2055,1,,MEUR/GW,same as 2050 for now,29.01.2025,Nikita Moskalenko <nim@wip.tu-berlin.de>
World,D_Gas_Methane,2060,1,,MEUR/GW,same as 2050 for now,29.01.2025,Nikita Moskalenko <nim@wip.tu-berlin.de>
World,D_HB_Tank_Small,2018,420,,MEUR/GW,Danish Energy Agency Storage Data https://ens.dk/en/our-services/technology-catalogues/technology-data-energy-storage,26.11.2024,Stian Backe <stian.backe@sintef.no>
World,D_HB_Tank_Small,2020,420,,MEUR/GW,Danish Energy Agency Storage Data https://ens.dk/en/our-services/technology-catalogues/technology-data-energy-storage,26.11.2024,Stian Backe <stian.backe@sintef.no>
World,D_HB_Tank_Small,2021,420,,MEUR/GW,Danish Energy Agency Storage Data https://ens.dk/en/our-services/technology-catalogues/technology-data-energy-storage,26.11.2024,Stian Backe <stian.backe@sintef.no>
World,D_HB_Tank_Small,2025,420,,MEUR/GW,Danish Energy Agency Storage Data https://ens.dk/en/our-services/technology-catalogues/technology-data-energy-storage,26.11.2024,Stian Backe <stian.backe@sintef.no>
World,D_HB_Tank_Small,2030,420,,MEUR/GW,Danish Energy Agency Storage Data https://ens.dk/en/our-services/technology-catalogues/technology-data-energy-storage,26.11.2024,Stian Backe <stian.backe@sintef.no>
World,D_HB_Tank_Small,2035,420,,MEUR/GW,Danish Energy Agency Storage Data https://ens.dk/en/our-services/technology-catalogues/technology-data-energy-storage,26.11.2024,Stian Backe <stian.backe@sintef.no>
World,D_HB_Tank_Small,2040,420,,MEUR/GW,Danish Energy Agency Storage Data https://ens.dk/en/our-services/technology-catalogues/technology-data-energy-storage,26.11.2024,Stian Backe <stian.backe@sintef.no>
World,D_HB_Tank_Small,2045,420,,MEUR/GW,Danish Energy Agency Storage Data https://ens.dk/en/our-services/technology-catalogues/technology-data-energy-storage,26.11.2024,Stian Backe <stian.backe@sintef.no>
World,D_HB_Tank_Small,2050,420,,MEUR/GW,Danish Energy Agency Storage Data https://ens.dk/en/our-services/technology-catalogues/technology-data-energy-storage,26.11.2024,Stian Backe <stian.backe@sintef.no>
World,D_HB_Tank_Small,2055,420,,MEUR/GW,same as 2050 for now,29.01.2025,Nikita Moskalenko <nim@wip.tu-berlin.de>
World,D_HB_Tank_Small,2060,420,,MEUR/GW,same as 2050 for now,29.01.2025,Nikita Moskalenko <nim@wip.tu-berlin.de>
World,D_HD_Pit,2018,88.5,,MEUR/GW,Danish Energy Agency Storage Data https://ens.dk/en/our-services/technology-catalogues/technology-data-energy-storage,26.11.2024,Stian Backe <stian.backe@sintef.no>
World,D_HD_Pit,2020,88.5,,MEUR/GW,Danish Energy Agency Storage Data https://ens.dk/en/our-services/technology-catalogues/technology-data-energy-storage,26.11.2024,Stian Backe <stian.backe@sintef.no>
World,D_HD_Pit,2021,88.5,,MEUR/GW,Danish Energy Agency Storage Data https://ens.dk/en/our-services/technology-catalogues/technology-data-energy-storage,26.11.2024,Stian Backe <stian.backe@sintef.no>
World,D_HD_Pit,2025,86.25,,MEUR/GW,Danish Energy Agency Storage Data https://ens.dk/en/our-services/technology-catalogues/technology-data-energy-storage,26.11.2024,Stian Backe <stian.backe@sintef.no>
World,D_HD_Pit,2030,84,,MEUR/GW,Danish Energy Agency Storage Data https://ens.dk/en/our-services/technology-catalogues/technology-data-energy-storage,26.11.2024,Stian Backe <stian.backe@sintef.no>
World,D_HD_Pit,2035,82.5,,MEUR/GW,Danish Energy Agency Storage Data https://ens.dk/en/our-services/technology-catalogues/technology-data-energy-storage,26.11.2024,Stian Backe <stian.backe@sintef.no>
World,D_HD_Pit,2040,81,,MEUR/GW,Danish Energy Agency Storage Data https://ens.dk/en/our-services/technology-catalogues/technology-data-energy-storage,26.11.2024,Stian Backe <stian.backe@sintef.no>
World,D_HD_Pit,2045,76.5,,MEUR/GW,Danish Energy Agency Storage Data https://ens.dk/en/our-services/technology-catalogues/technology-data-energy-storage,26.11.2024,Stian Backe <stian.backe@sintef.no>
World,D_HD_Pit,2050,72,,MEUR/GW,Danish Energy Agency Storage Data https://ens.dk/en/our-services/technology-catalogues/technology-data-energy-storage,26.11.2024,Stian Backe <stian.backe@sintef.no>
World,D_HD_Pit,2055,72,,MEUR/GW,same as 2050 for now,29.01.2025,Nikita Moskalenko <nim@wip.tu-berlin.de>
World,D_HD_Pit,2060,72,,MEUR/GW,same as 2050 for now,29.01.2025,Nikita Moskalenko <nim@wip.tu-berlin.de>
World,D_HLI_Tank_Large,2018,181,,MEUR/GW,Danish Energy Agency Storage Data https://ens.dk/en/our-services/technology-catalogues/technology-data-energy-storage,26.11.2024,Stian Backe <stian.backe@sintef.no>
World,D_HLI_Tank_Large,2020,181,,MEUR/GW,Danish Energy Agency Storage Data https://ens.dk/en/our-services/technology-catalogues/technology-data-energy-storage,26.11.2024,Stian Backe <stian.backe@sintef.no>
World,D_HLI_Tank_Large,2021,181,,MEUR/GW,Danish Energy Agency Storage Data https://ens.dk/en/our-services/technology-catalogues/technology-data-energy-storage,26.11.2024,Stian Backe <stian.backe@sintef.no>
World,D_HLI_Tank_Large,2025,181,,MEUR/GW,Danish Energy Agency Storage Data https://ens.dk/en/our-services/technology-catalogues/technology-data-energy-storage,26.11.2024,Stian Backe <stian.backe@sintef.no>
World,D_HLI_Tank_Large,2030,181,,MEUR/GW,Danish Energy Agency Storage Data https://ens.dk/en/our-services/technology-catalogues/technology-data-energy-storage,26.11.2024,Stian Backe <stian.backe@sintef.no>
World,D_HLI_Tank_Large,2035,181,,MEUR/GW,Danish Energy Agency Storage Data https://ens.dk/en/our-services/technology-catalogues/technology-data-energy-storage,26.11.2024,Stian Backe <stian.backe@sintef.no>
World,D_HLI_Tank_Large,2040,181,,MEUR/GW,Danish Energy Agency Storage Data https://ens.dk/en/our-services/technology-catalogues/technology-data-energy-storage,26.11.2024,Stian Backe <stian.backe@sintef.no>
World,D_HLI_Tank_Large,2045,181,,MEUR/GW,Danish Energy Agency Storage Data https://ens.dk/en/our-services/technology-catalogues/technology-data-energy-storage,26.11.2024,Stian Backe <stian.backe@sintef.no>
World,D_HLI_Tank_Large,2050,181,,MEUR/GW,Danish Energy Agency Storage Data https://ens.dk/en/our-services/technology-catalogues/technology-data-energy-storage,26.11.2024,Stian Backe <stian.backe@sintef.no>
World,D_HLI_Tank_Large,2055,181,,MEUR/GW,same as 2050 for now,29.01.2025,Nikita Moskalenko <nim@wip.tu-berlin.de>
World,D_HLI_Tank_Large,2060,181,,MEUR/GW,same as 2050 for now,29.01.2025,Nikita Moskalenko <nim@wip.tu-berlin.de>
World,D_PHS,2018,1424.245455,,MEUR/GW,PNNL Storage Data https://www.pnnl.gov/sites/default/files/media/file/ESGC%20Cost%20Performance%20Report%202022%20PNNL-33283.pdf,22.07.2024,Konstantin Loffler <kl@wip.tu-berlin.de>
World,D_PHS,2020,1424.245455,,MEUR/GW,PNNL Storage Data https://www.pnnl.gov/sites/default/files/media/file/ESGC%20Cost%20Performance%20Report%202022%20PNNL-33283.pdf,22.07.2024,Konstantin Loffler <kl@wip.tu-berlin.de>
World,D_PHS,2021,1424.245455,,MEUR/GW,PNNL Storage Data https://www.pnnl.gov/sites/default/files/media/file/ESGC%20Cost%20Performance%20Report%202022%20PNNL-33283.pdf,22.07.2024,Konstantin Loffler <kl@wip.tu-berlin.de>
World,D_PHS,2025,1424.245455,,MEUR/GW,PNNL Storage Data https://www.pnnl.gov/sites/default/files/media/file/ESGC%20Cost%20Performance%20Report%202022%20PNNL-33283.pdf,22.07.2024,Konstantin Loffler <kl@wip.tu-berlin.de>
World,D_PHS,2030,1424.245455,,MEUR/GW,PNNL Storage Data https://www.pnnl.gov/sites/default/files/media/file/ESGC%20Cost%20Performance%20Report%202022%20PNNL-33283.pdf,22.07.2024,Konstantin Loffler <kl@wip.tu-berlin.de>
World,D_PHS,2035,1424.245455,,MEUR/GW,PNNL Storage Data https://www.pnnl.gov/sites/default/files/media/file/ESGC%20Cost%20Performance%20Report%202022%20PNNL-33283.pdf,22.07.2024,Konstantin Loffler <kl@wip.tu-berlin.de>
World,D_PHS,2040,1424.245455,,MEUR/GW,PNNL Storage Data https://www.pnnl.gov/sites/default/files/media/file/ESGC%20Cost%20Performance%20Report%202022%20PNNL-33283.pdf,22.07.2024,Konstantin Loffler <kl@wip.tu-berlin.de>
World,D_PHS,2045,1424.245455,,MEUR/GW,PNNL Storage Data https://www.pnnl.gov/sites/default/files/media/file/ESGC%20Cost%20Performance%20Report%202022%20PNNL-33283.pdf,22.07.2024,Konstantin Loffler <kl@wip.tu-berlin.de>
World,D_PHS,2050,1424.245455,,MEUR/GW,PNNL Storage Data https://www.pnnl.gov/sites/default/files/media/file/ESGC%20Cost%20Performance%20Report%202022%20PNNL-33283.pdf,22.07.2024,Konstantin Loffler <kl@wip.tu-berlin.de>
World,D_PHS,2055,1424.245455,,MEUR/GW,same as 2050 for now,29.01.2025,Nikita Moskalenko <nim@wip.tu-berlin.de>
World,D_PHS,2060,1424.245455,,MEUR/GW,same as 2050 for now,29.01.2025,Nikita Moskalenko <nim@wip.tu-berlin.de>
World,FRT_Rail_Conv,2018,378.3306864,,MEUR/Gtkm/year,,,
World,FRT_Rail_Conv,2020,378.3306864,,MEUR/Gtkm/year,,,
World,FRT_Rail_Conv,2021,378.3306864,,MEUR/Gtkm/year,see transport.xlsx,26.08.2024,Alena Diesing <ad@wip.tu-berlin.de>
World,FRT_Rail_Conv,2025,357.8377742,,MEUR/Gtkm/year,see transport.xlsx,26.08.2024,Alena Diesing <ad@wip.tu-berlin.de>
World,FRT_Rail_Conv,2030,337.3448621,,MEUR/Gtkm/year,see transport.xlsx,26.08.2024,Alena Diesing <ad@wip.tu-berlin.de>
World,FRT_Rail_Conv,2035,337.3448621,,MEUR/Gtkm/year,see transport.xlsx,26.08.2024,Alena Diesing <ad@wip.tu-berlin.de>
World,FRT_Rail_Conv,2040,337.3448621,,MEUR/Gtkm/year,see transport.xlsx,26.08.2024,Alena Diesing <ad@wip.tu-berlin.de>
World,FRT_Rail_Conv,2045,337.3448621,,MEUR/Gtkm/year,see transport.xlsx,26.08.2024,Alena Diesing <ad@wip.tu-berlin.de>
World,FRT_Rail_Conv,2050,337.3448621,,MEUR/Gtkm/year,see transport.xlsx,26.08.2024,Alena Diesing <ad@wip.tu-berlin.de>
World,FRT_Rail_Conv,2055,337.3448621,,MEUR/Gtkm/year,same as 2050 for now,29.01.2025,Nikita Moskalenko <nim@wip.tu-berlin.de>
World,FRT_Rail_Conv,2060,337.3448621,,MEUR/Gtkm/year,same as 2050 for now,29.01.2025,Nikita Moskalenko <nim@wip.tu-berlin.de>
World,FRT_Rail_Electric,2018,453.9968237,,MEUR/Gtkm/year,,,
World,FRT_Rail_Electric,2020,453.9968237,,MEUR/Gtkm/year,,,
World,FRT_Rail_Electric,2021,453.9968237,,MEUR/Gtkm/year,see transport.xlsx,26.08.2024,Alena Diesing <ad@wip.tu-berlin.de>
World,FRT_Rail_Electric,2025,436.6566673,,MEUR/Gtkm/year,see transport.xlsx,26.08.2024,Alena Diesing <ad@wip.tu-berlin.de>
World,FRT_Rail_Electric,2030,419.3165108,,MEUR/Gtkm/year,see transport.xlsx,26.08.2024,Alena Diesing <ad@wip.tu-berlin.de>
World,FRT_Rail_Electric,2035,419.3165108,,MEUR/Gtkm/year,see transport.xlsx,26.08.2024,Alena Diesing <ad@wip.tu-berlin.de>
World,FRT_Rail_Electric,2040,419.3165108,,MEUR/Gtkm/year,see transport.xlsx,26.08.2024,Alena Diesing <ad@wip.tu-berlin.de>
World,FRT_Rail_Electric,2045,419.3165108,,MEUR/Gtkm/year,see transport.xlsx,26.08.2024,Alena Diesing <ad@wip.tu-berlin.de>
World,FRT_Rail_Electric,2050,419.3165108,,MEUR/Gtkm/year,see transport.xlsx,26.08.2024,Alena Diesing <ad@wip.tu-berlin.de>
World,FRT_Rail_Electric,2055,419.3165108,,MEUR/Gtkm/year,same as 2050 for now,29.01.2025,Nikita Moskalenko <nim@wip.tu-berlin.de>
World,FRT_Rail_Electric,2060,419.3165108,,MEUR/Gtkm/year,same as 2050 for now,29.01.2025,Nikita Moskalenko <nim@wip.tu-berlin.de>
World,FRT_Road_BEV,2018,664.2074,,MEUR/Gtkm/year,see transport.xlsx,,
World,FRT_Road_BEV,2020,664.2074,,MEUR/Gtkm/year,see transport.xlsx,,
World,FRT_Road_BEV,2021,664.2074,,MEUR/Gtkm/year,see transport.xlsx,26.08.2024,Alena Diesing <ad@wip.tu-berlin.de>
World,FRT_Road_BEV,2025,615.2097,,MEUR/Gtkm/year,see transport.xlsx,26.08.2024,Alena Diesing <ad@wip.tu-berlin.de>
World,FRT_Road_BEV,2030,553.963,,MEUR/Gtkm/year,see transport.xlsx,26.08.2024,Alena Diesing <ad@wip.tu-berlin.de>
World,FRT_Road_BEV,2035,553.963,,MEUR/Gtkm/year,see transport.xlsx,26.08.2024,Alena Diesing <ad@wip.tu-berlin.de>
World,FRT_Road_BEV,2040,431.4678,,MEUR/Gtkm/year,see transport.xlsx,26.08.2024,Alena Diesing <ad@wip.tu-berlin.de>
World,FRT_Road_BEV,2045,431.4678,,MEUR/Gtkm/year,see transport.xlsx,26.08.2024,Alena Diesing <ad@wip.tu-berlin.de>
World,FRT_Road_BEV,2050,308.9743,,MEUR/Gtkm/year,see transport.xlsx,26.08.2024,Alena Diesing <ad@wip.tu-berlin.de>
World,FRT_Road_BEV,2055,308.9743,,MEUR/Gtkm/year,same as 2050 for now,29.01.2025,Nikita Moskalenko <nim@wip.tu-berlin.de>
World,FRT_Road_BEV,2060,308.9743,,MEUR/Gtkm/year,same as 2050 for now,29.01.2025,Nikita Moskalenko <nim@wip.tu-berlin.de>
World,FRT_Road_H2,2018,479.1098,,MEUR/Gtkm/year,see transport.xlsx,,
World,FRT_Road_H2,2020,479.1098,,MEUR/Gtkm/year,see transport.xlsx,,
World,FRT_Road_H2,2021,479.1098,,MEUR/Gtkm/year,see transport.xlsx,26.08.2024,Alena Diesing <ad@wip.tu-berlin.de>
World,FRT_Road_H2,2025,451.7831,,MEUR/Gtkm/year,see transport.xlsx,26.08.2024,Alena Diesing <ad@wip.tu-berlin.de>
World,FRT_Road_H2,2030,417.6255,,MEUR/Gtkm/year,see transport.xlsx,26.08.2024,Alena Diesing <ad@wip.tu-berlin.de>
World,FRT_Road_H2,2035,417.6255,,MEUR/Gtkm/year,see transport.xlsx,26.08.2024,Alena Diesing <ad@wip.tu-berlin.de>
World,FRT_Road_H2,2040,349.3088,,MEUR/Gtkm/year,see transport.xlsx,26.08.2024,Alena Diesing <ad@wip.tu-berlin.de>
World,FRT_Road_H2,2045,349.3088,,MEUR/Gtkm/year,see transport.xlsx,26.08.2024,Alena Diesing <ad@wip.tu-berlin.de>
World,FRT_Road_H2,2050,280.9935,,MEUR/Gtkm/year,see transport.xlsx,26.08.2024,Alena Diesing <ad@wip.tu-berlin.de>
World,FRT_Road_H2,2055,280.9935,,MEUR/Gtkm/year,same as 2050 for now,29.01.2025,Nikita Moskalenko <nim@wip.tu-berlin.de>
World,FRT_Road_H2,2060,280.9935,,MEUR/Gtkm/year,same as 2050 for now,29.01.2025,Nikita Moskalenko <nim@wip.tu-berlin.de>
World,FRT_Road_ICE,2018,412.7185841,,MEUR/Gtkm/year,see transport.xlsx,,
World,FRT_Road_ICE,2020,412.7185841,,MEUR/Gtkm/year,see transport.xlsx,,
World,FRT_Road_ICE,2021,412.7185841,,MEUR/Gtkm/year,see transport.xlsx,26.08.2024,Alena Diesing <ad@wip.tu-berlin.de>
World,FRT_Road_ICE,2025,393.3840708,,MEUR/Gtkm/year,see transport.xlsx,26.08.2024,Alena Diesing <ad@wip.tu-berlin.de>
World,FRT_Road_ICE,2030,391.8549,,MEUR/Gtkm/year,see transport.xlsx,26.08.2024,Alena Diesing <ad@wip.tu-berlin.de>
World,FRT_Road_ICE,2035,373.6672566,,MEUR/Gtkm/year,see transport.xlsx,26.08.2024,Alena Diesing <ad@wip.tu-berlin.de>
World,FRT_Road_ICE,2040,373.2849558,,MEUR/Gtkm/year,see transport.xlsx,26.08.2024,Alena Diesing <ad@wip.tu-berlin.de>
World,FRT_Road_ICE,2045,372.9646018,,MEUR/Gtkm/year,see transport.xlsx,26.08.2024,Alena Diesing <ad@wip.tu-berlin.de>
World,FRT_Road_ICE,2050,372.6442478,,MEUR/Gtkm/year,see transport.xlsx,26.08.2024,Alena Diesing <ad@wip.tu-berlin.de>
World,FRT_Road_ICE,2055,372.6442478,,MEUR/Gtkm/year,same as 2050 for now,29.01.2025,Nikita Moskalenko <nim@wip.tu-berlin.de>
World,FRT_Road_ICE,2060,372.6442478,,MEUR/Gtkm/year,same as 2050 for now,29.01.2025,Nikita Moskalenko <nim@wip.tu-berlin.de>
World,FRT_Road_LNG,2018,522.640708,,MEUR/Gtkm/year,,,
World,FRT_Road_LNG,2020,522.640708,,MEUR/Gtkm/year,,,
World,FRT_Road_LNG,2021,522.640708,,MEUR/Gtkm/year,see transport.xlsx,26.08.2024,Alena Diesing <ad@wip.tu-berlin.de>
World,FRT_Road_LNG,2025,503.3061947,,MEUR/Gtkm/year,see transport.xlsx,26.08.2024,Alena Diesing <ad@wip.tu-berlin.de>
World,FRT_Road_LNG,2030,483.9716814,,MEUR/Gtkm/year,see transport.xlsx,26.08.2024,Alena Diesing <ad@wip.tu-berlin.de>
World,FRT_Road_LNG,2035,483.5911504,,MEUR/Gtkm/year,see transport.xlsx,26.08.2024,Alena Diesing <ad@wip.tu-berlin.de>
World,FRT_Road_LNG,2040,483.2106195,,MEUR/Gtkm/year,see transport.xlsx,26.08.2024,Alena Diesing <ad@wip.tu-berlin.de>
World,FRT_Road_LNG,2045,482.5663717,,MEUR/Gtkm/year,see transport.xlsx,26.08.2024,Alena Diesing <ad@wip.tu-berlin.de>
World,FRT_Road_LNG,2050,482.5663717,,MEUR/Gtkm/year,see transport.xlsx,26.08.2024,Alena Diesing <ad@wip.tu-berlin.de>
World,FRT_Road_LNG,2055,482.5663717,,MEUR/Gtkm/year,same as 2050 for now,29.01.2025,Nikita Moskalenko <nim@wip.tu-berlin.de>
World,FRT_Road_LNG,2060,482.5663717,,MEUR/Gtkm/year,same as 2050 for now,29.01.2025,Nikita Moskalenko <nim@wip.tu-berlin.de>
World,FRT_Road_OH,2018,586.739823,,MEUR/Gtkm/year,,,
World,FRT_Road_OH,2020,586.739823,,MEUR/Gtkm/year,,,
World,FRT_Road_OH,2021,586.739823,,MEUR/Gtkm/year,see transport.xlsx,26.08.2024,Alena Diesing <ad@wip.tu-berlin.de>
World,FRT_Road_OH,2025,586.739823,,MEUR/Gtkm/year,see transport.xlsx,26.08.2024,Alena Diesing <ad@wip.tu-berlin.de>
World,FRT_Road_OH,2030,586.739823,,MEUR/Gtkm/year,see transport.xlsx,26.08.2024,Alena Diesing <ad@wip.tu-berlin.de>
World,FRT_Road_OH,2035,579.8566372,,MEUR/Gtkm/year,see transport.xlsx,26.08.2024,Alena Diesing <ad@wip.tu-berlin.de>
World,FRT_Road_OH,2040,572.9734513,,MEUR/Gtkm/year,see transport.xlsx,26.08.2024,Alena Diesing <ad@wip.tu-berlin.de>
World,FRT_Road_OH,2045,569.279646,,MEUR/Gtkm/year,see transport.xlsx,26.08.2024,Alena Diesing <ad@wip.tu-berlin.de>
World,FRT_Road_OH,2050,565.5858407,,MEUR/Gtkm/year,see transport.xlsx,26.08.2024,Alena Diesing <ad@wip.tu-berlin.de>
World,FRT_Road_OH,2055,565.5858407,,MEUR/Gtkm/year,same as 2050 for now,29.01.2025,Nikita Moskalenko <nim@wip.tu-berlin.de>
World,FRT_Road_OH,2060,565.5858407,,MEUR/Gtkm/year,same as 2050 for now,29.01.2025,Nikita Moskalenko <nim@wip.tu-berlin.de>
World,FRT_Road_PHEV,2018,440.6761062,,MEUR/Gtkm/year,,,
World,FRT_Road_PHEV,2020,440.6761062,,MEUR/Gtkm/year,,,
World,FRT_Road_PHEV,2021,440.6761062,,MEUR/Gtkm/year,see transport.xlsx,26.08.2024,Alena Diesing <ad@wip.tu-berlin.de>
World,FRT_Road_PHEV,2025,422.8495575,,MEUR/Gtkm/year,see transport.xlsx,26.08.2024,Alena Diesing <ad@wip.tu-berlin.de>
World,FRT_Road_PHEV,2030,405.0230088,,MEUR/Gtkm/year,see transport.xlsx,26.08.2024,Alena Diesing <ad@wip.tu-berlin.de>
World,FRT_Road_PHEV,2035,402.5699115,,MEUR/Gtkm/year,see transport.xlsx,26.08.2024,Alena Diesing <ad@wip.tu-berlin.de>
World,FRT_Road_PHEV,2040,400.1168142,,MEUR/Gtkm/year,see transport.xlsx,26.08.2024,Alena Diesing <ad@wip.tu-berlin.de>
World,FRT_Road_PHEV,2045,398.099115,,MEUR/Gtkm/year,see transport.xlsx,26.08.2024,Alena Diesing <ad@wip.tu-berlin.de>
World,FRT_Road_PHEV,2050,396.0814159,,MEUR/Gtkm/year,see transport.xlsx,26.08.2024,Alena Diesing <ad@wip.tu-berlin.de>
World,FRT_Road_PHEV,2055,396.0814159,,MEUR/Gtkm/year,same as 2050 for now,29.01.2025,Nikita Moskalenko <nim@wip.tu-berlin.de>
World,FRT_Road_PHEV,2060,396.0814159,,MEUR/Gtkm/year,same as 2050 for now,29.01.2025,Nikita Moskalenko <nim@wip.tu-berlin.de>
World,FRT_Ship_Bio,2018,15,,MEUR/Gtkm/year,,,
World,FRT_Ship_Bio,2020,15,,MEUR/Gtkm/year,,,
World,FRT_Ship_Bio,2021,15,,MEUR/Gtkm/year,see transport.xlsx,26.08.2024,Alena Diesing <ad@wip.tu-berlin.de>
World,FRT_Ship_Bio,2025,14.97241333,,MEUR/Gtkm/year,see transport.xlsx,26.08.2024,Alena Diesing <ad@wip.tu-berlin.de>
World,FRT_Ship_Bio,2030,14.90674485,,MEUR/Gtkm/year,see transport.xlsx,26.08.2024,Alena Diesing <ad@wip.tu-berlin.de>
World,FRT_Ship_Bio,2035,14.87391061,,MEUR/Gtkm/year,see transport.xlsx,26.08.2024,Alena Diesing <ad@wip.tu-berlin.de>
World,FRT_Ship_Bio,2040,14.84107637,,MEUR/Gtkm/year,see transport.xlsx,26.08.2024,Alena Diesing <ad@wip.tu-berlin.de>
World,FRT_Ship_Bio,2045,14.84107637,,MEUR/Gtkm/year,see transport.xlsx,26.08.2024,Alena Diesing <ad@wip.tu-berlin.de>
World,FRT_Ship_Bio,2050,14.84107637,,MEUR/Gtkm/year,see transport.xlsx,26.08.2024,Alena Diesing <ad@wip.tu-berlin.de>
World,FRT_Ship_Bio,2055,14.84107637,,MEUR/Gtkm/year,same as 2050 for now,29.01.2025,Nikita Moskalenko <nim@wip.tu-berlin.de>
World,FRT_Ship_Bio,2060,14.84107637,,MEUR/Gtkm/year,same as 2050 for now,29.01.2025,Nikita Moskalenko <nim@wip.tu-berlin.de>
World,FRT_Ship_Conv,2018,15.03808181,,MEUR/Gtkm/year,,,
World,FRT_Ship_Conv,2020,15.03808181,,MEUR/Gtkm/year,,,
World,FRT_Ship_Conv,2021,15.03808181,,MEUR/Gtkm/year,see transport.xlsx,26.08.2024,Alena Diesing <ad@wip.tu-berlin.de>
World,FRT_Ship_Conv,2025,14.97241333,,MEUR/Gtkm/year,see transport.xlsx,26.08.2024,Alena Diesing <ad@wip.tu-berlin.de>
World,FRT_Ship_Conv,2030,14.90674485,,MEUR/Gtkm/year,see transport.xlsx,26.08.2024,Alena Diesing <ad@wip.tu-berlin.de>
World,FRT_Ship_Conv,2035,14.87391061,,MEUR/Gtkm/year,see transport.xlsx,26.08.2024,Alena Diesing <ad@wip.tu-berlin.de>
World,FRT_Ship_Conv,2040,14.84107637,,MEUR/Gtkm/year,see transport.xlsx,26.08.2024,Alena Diesing <ad@wip.tu-berlin.de>
World,FRT_Ship_Conv,2045,14.84107637,,MEUR/Gtkm/year,see transport.xlsx,26.08.2024,Alena Diesing <ad@wip.tu-berlin.de>
World,FRT_Ship_Conv,2050,14.84107637,,MEUR/Gtkm/year,see transport.xlsx,26.08.2024,Alena Diesing <ad@wip.tu-berlin.de>
World,FRT_Ship_Conv,2055,14.84107637,,MEUR/Gtkm/year,same as 2050 for now,29.01.2025,Nikita Moskalenko <nim@wip.tu-berlin.de>
World,FRT_Ship_Conv,2060,14.84107637,,MEUR/Gtkm/year,same as 2050 for now,29.01.2025,Nikita Moskalenko <nim@wip.tu-berlin.de>
World,FRT_Ship_LNG,2018,16.6797938,,MEUR/Gtkm/year,,,
World,FRT_Ship_LNG,2020,16.6797938,,MEUR/Gtkm/year,,,
World,FRT_Ship_LNG,2021,16.6797938,,MEUR/Gtkm/year,see transport.xlsx,26.08.2024,Alena Diesing <ad@wip.tu-berlin.de>
World,FRT_Ship_LNG,2025,16.61412532,,MEUR/Gtkm/year,see transport.xlsx,26.08.2024,Alena Diesing <ad@wip.tu-berlin.de>
World,FRT_Ship_LNG,2030,16.54845684,,MEUR/Gtkm/year,see transport.xlsx,26.08.2024,Alena Diesing <ad@wip.tu-berlin.de>
World,FRT_Ship_LNG,2035,16.5156226,,MEUR/Gtkm/year,see transport.xlsx,26.08.2024,Alena Diesing <ad@wip.tu-berlin.de>
World,FRT_Ship_LNG,2040,16.48278836,,MEUR/Gtkm/year,see transport.xlsx,26.08.2024,Alena Diesing <ad@wip.tu-berlin.de>
World,FRT_Ship_LNG,2045,16.48278836,,MEUR/Gtkm/year,see transport.xlsx,26.08.2024,Alena Diesing <ad@wip.tu-berlin.de>
World,FRT_Ship_LNG,2050,16.48278836,,MEUR/Gtkm/year,see transport.xlsx,26.08.2024,Alena Diesing <ad@wip.tu-berlin.de>
World,FRT_Ship_LNG,2055,16.48278836,,MEUR/Gtkm/year,same as 2050 for now,29.01.2025,Nikita Moskalenko <nim@wip.tu-berlin.de>
World,FRT_Ship_LNG,2060,16.48278836,,MEUR/Gtkm/year,same as 2050 for now,29.01.2025,Nikita Moskalenko <nim@wip.tu-berlin.de>
World,HB_Biomass,2018,376.8125,,MEUR/GW,,,
World,HB_Biomass,2020,376.8125,,MEUR/GW,,,
World,HB_Biomass,2021,376.8125,,MEUR/GW,biomass auto - https://ens.dk/en/our-services/technology-catalogues/technology-data-individual-heating-plants,20.08.2024,Alena Diesing <ad@wip.tu-berlin.de>
World,HB_Biomass,2025,396.03125,,MEUR/GW,biomass auto - https://ens.dk/en/our-services/technology-catalogues/technology-data-individual-heating-plants,20.08.2024,Alena Diesing <ad@wip.tu-berlin.de>
World,HB_Biomass,2030,386.5,,MEUR/GW,biomass auto - https://ens.dk/en/our-services/technology-catalogues/technology-data-individual-heating-plants,20.08.2024,Alena Diesing <ad@wip.tu-berlin.de>
World,HB_Biomass,2035,376.953125,,MEUR/GW,biomass auto - https://ens.dk/en/our-services/technology-catalogues/technology-data-individual-heating-plants,20.08.2024,Alena Diesing <ad@wip.tu-berlin.de>
World,HB_Biomass,2040,367.40625,,MEUR/GW,biomass auto - https://ens.dk/en/our-services/technology-catalogues/technology-data-individual-heating-plants,20.08.2024,Alena Diesing <ad@wip.tu-berlin.de>
World,HB_Biomass,2045,371.578125,,MEUR/GW,biomass auto - https://ens.dk/en/our-services/technology-catalogues/technology-data-individual-heating-plants,20.08.2024,Alena Diesing <ad@wip.tu-berlin.de>
World,HB_Biomass,2050,375.75,,MEUR/GW,biomass auto - https://ens.dk/en/our-services/technology-catalogues/technology-data-individual-heating-plants,20.08.2024,Alena Diesing <ad@wip.tu-berlin.de>
World,HB_Biomass,2055,375.75,,MEUR/GW,same as 2050 for now,29.01.2025,Nikita Moskalenko <nim@wip.tu-berlin.de>
World,HB_Biomass,2060,375.75,,MEUR/GW,same as 2050 for now,29.01.2025,Nikita Moskalenko <nim@wip.tu-berlin.de>
World,X_Convert_HD,2018,1,,MEUR/GW,,,
World,X_Convert_HD,2020,1,,MEUR/GW,,,
World,X_Convert_HD,2021,1,,MEUR/GW,,,
World,X_Convert_HD,2025,1,,MEUR/GW,,,
World,X_Convert_HD,2030,1,,MEUR/GW,,,
World,X_Convert_HD,2035,1,,MEUR/GW,,,
World,X_Convert_HD,2040,1,,MEUR/GW,,,
World,X_Convert_HD,2045,1,,MEUR/GW,,,
World,X_Convert_HD,2050,1,,MEUR/GW,,,
World,X_Convert_HD,2055,1,,MEUR/GW,same as 2050 for now,29.01.2025,Nikita Moskalenko <nim@wip.tu-berlin.de>
World,X_Convert_HD,2060,1,,MEUR/GW,same as 2050 for now,29.01.2025,Nikita Moskalenko <nim@wip.tu-berlin.de>
World,HB_Direct_Electric,2018,685.6875,,MEUR/GW,,31.01.2025,Konstantin Loffler <kl@wip.tu-berlin.de>
World,HB_Direct_Electric,2020,685.6875,,MEUR/GW,,31.01.2025,Konstantin Loffler <kl@wip.tu-berlin.de>
World,HB_Direct_Electric,2021,685.6875,,MEUR/GW,electric heating- https://ens.dk/en/our-services/technology-catalogues/technology-data-individual-heating-plants,31.01.2025,Konstantin Loffler <kl@wip.tu-berlin.de>
World,HB_Direct_Electric,2025,668.7158794,,MEUR/GW,electric heating- https://ens.dk/en/our-services/technology-catalogues/technology-data-individual-heating-plants,31.01.2025,Konstantin Loffler <kl@wip.tu-berlin.de>
World,HB_Direct_Electric,2030,652.1643276,,MEUR/GW,electric heating- https://ens.dk/en/our-services/technology-catalogues/technology-data-individual-heating-plants,31.01.2025,Konstantin Loffler <kl@wip.tu-berlin.de>
World,HB_Direct_Electric,2035,652.1643276,,MEUR/GW,electric heating- https://ens.dk/en/our-services/technology-catalogues/technology-data-individual-heating-plants,31.01.2025,Konstantin Loffler <kl@wip.tu-berlin.de>
World,HB_Direct_Electric,2040,620.2800987,,MEUR/GW,electric heating- https://ens.dk/en/our-services/technology-catalogues/technology-data-individual-heating-plants,31.01.2025,Konstantin Loffler <kl@wip.tu-berlin.de>
World,HB_Direct_Electric,2045,620.2800987,,MEUR/GW,electric heating- https://ens.dk/en/our-services/technology-catalogues/technology-data-individual-heating-plants,31.01.2025,Konstantin Loffler <kl@wip.tu-berlin.de>
World,HB_Direct_Electric,2050,589.9546856,,MEUR/GW,electric heating- https://ens.dk/en/our-services/technology-catalogues/technology-data-individual-heating-plants,31.01.2025,Konstantin Loffler <kl@wip.tu-berlin.de>
World,HB_Direct_Electric,2055,589.9546856,,MEUR/GW,same as 2050 for now,29.01.2025,Nikita Moskalenko <nim@wip.tu-berlin.de>
World,HB_Direct_Electric,2060,589.9546856,,MEUR/GW,same as 2050 for now,29.01.2025,Nikita Moskalenko <nim@wip.tu-berlin.de>
World,HB_Gas_Boiler,2018,192.4107143,,MEUR/GW,,,
World,HB_Gas_Boiler,2020,192.4107143,,MEUR/GW,,,
World,HB_Gas_Boiler,2021,192.4107143,,MEUR/GW,Natural gas boiler- https://ens.dk/en/our-services/technology-catalogues/technology-data-individual-heating-plants,20.08.2024,Alena Diesing <ad@wip.tu-berlin.de>
World,HB_Gas_Boiler,2025,186.9017857,,MEUR/GW,Natural gas boiler- https://ens.dk/en/our-services/technology-catalogues/technology-data-individual-heating-plants,20.08.2024,Alena Diesing <ad@wip.tu-berlin.de>
World,HB_Gas_Boiler,2030,183.3125,,MEUR/GW,Natural gas boiler- https://ens.dk/en/our-services/technology-catalogues/technology-data-individual-heating-plants,20.08.2024,Alena Diesing <ad@wip.tu-berlin.de>
World,HB_Gas_Boiler,2035,178.9732143,,MEUR/GW,Natural gas boiler- https://ens.dk/en/our-services/technology-catalogues/technology-data-individual-heating-plants,20.08.2024,Alena Diesing <ad@wip.tu-berlin.de>
World,HB_Gas_Boiler,2040,174.6339286,,MEUR/GW,Natural gas boiler- https://ens.dk/en/our-services/technology-catalogues/technology-data-individual-heating-plants,20.08.2024,Alena Diesing <ad@wip.tu-berlin.de>
World,HB_Gas_Boiler,2045,170.5044643,,MEUR/GW,Natural gas boiler- https://ens.dk/en/our-services/technology-catalogues/technology-data-individual-heating-plants,20.08.2024,Alena Diesing <ad@wip.tu-berlin.de>
World,HB_Gas_Boiler,2050,166.375,,MEUR/GW,Natural gas boiler- https://ens.dk/en/our-services/technology-catalogues/technology-data-individual-heating-plants,20.08.2024,Alena Diesing <ad@wip.tu-berlin.de>
World,HB_Gas_Boiler,2055,166.375,,MEUR/GW,same as 2050 for now,29.01.2025,Nikita Moskalenko <nim@wip.tu-berlin.de>
World,HB_Gas_Boiler,2060,166.375,,MEUR/GW,same as 2050 for now,29.01.2025,Nikita Moskalenko <nim@wip.tu-berlin.de>
World,HB_Geothermal,2018,2880,,MEUR/GW,,,
World,HB_Geothermal,2020,2880,,MEUR/GW,,,
World,HB_Geothermal,2021,2880,,MEUR/GW,"Geothermal DH, 1200m, E-https://ens.dk/en/our-services/technology-catalogues/technology-data-generation-electricity-and-district-heating",20.08.2024,Alena Diesing <ad@wip.tu-berlin.de>
World,HB_Geothermal,2025,2820,,MEUR/GW,"Geothermal DH, 1200m, E-https://ens.dk/en/our-services/technology-catalogues/technology-data-generation-electricity-and-district-heating",20.08.2024,Alena Diesing <ad@wip.tu-berlin.de>
World,HB_Geothermal,2030,2660,,MEUR/GW,"Geothermal DH, 1200m, E-https://ens.dk/en/our-services/technology-catalogues/technology-data-generation-electricity-and-district-heating",20.08.2024,Alena Diesing <ad@wip.tu-berlin.de>
World,HB_Geothermal,2035,2625,,MEUR/GW,"Geothermal DH, 1200m, E-https://ens.dk/en/our-services/technology-catalogues/technology-data-generation-electricity-and-district-heating",20.08.2024,Alena Diesing <ad@wip.tu-berlin.de>
World,HB_Geothermal,2040,2590,,MEUR/GW,"Geothermal DH, 1200m, E-https://ens.dk/en/our-services/technology-catalogues/technology-data-generation-electricity-and-district-heating",20.08.2024,Alena Diesing <ad@wip.tu-berlin.de>
World,HB_Geothermal,2045,2560,,MEUR/GW,"Geothermal DH, 1200m, E-https://ens.dk/en/our-services/technology-catalogues/technology-data-generation-electricity-and-district-heating",20.08.2024,Alena Diesing <ad@wip.tu-berlin.de>
World,HB_Geothermal,2050,2530,,MEUR/GW,"Geothermal DH, 1200m, E-https://ens.dk/en/our-services/technology-catalogues/technology-data-generation-electricity-and-district-heating",20.08.2024,Alena Diesing <ad@wip.tu-berlin.de>
World,HB_Geothermal,2055,2530,,MEUR/GW,same as 2050 for now,29.01.2025,Nikita Moskalenko <nim@wip.tu-berlin.de>
World,HB_Geothermal,2060,2530,,MEUR/GW,same as 2050 for now,29.01.2025,Nikita Moskalenko <nim@wip.tu-berlin.de>
World,HB_H2_Boiler,2018,225.1205357,,MEUR/GW,,,
World,HB_H2_Boiler,2020,225.1205357,,MEUR/GW,,,
World,HB_H2_Boiler,2021,225.1205357,,MEUR/GW,117% of natural gas boiler - https://commission.europa.eu/system/files/2021-04/07.05_mf35_presentation_ehi_hydrogen_buildings.pdf,20.08.2024,Alena Diesing <ad@wip.tu-berlin.de>
World,HB_H2_Boiler,2025,218.6750893,,MEUR/GW,117% of natural gas boiler - https://commission.europa.eu/system/files/2021-04/07.05_mf35_presentation_ehi_hydrogen_buildings.pdf,20.08.2024,Alena Diesing <ad@wip.tu-berlin.de>
World,HB_H2_Boiler,2030,214.475625,,MEUR/GW,117% of natural gas boiler - https://commission.europa.eu/system/files/2021-04/07.05_mf35_presentation_ehi_hydrogen_buildings.pdf,20.08.2024,Alena Diesing <ad@wip.tu-berlin.de>
World,HB_H2_Boiler,2035,209.3986607,,MEUR/GW,117% of natural gas boiler - https://commission.europa.eu/system/files/2021-04/07.05_mf35_presentation_ehi_hydrogen_buildings.pdf,20.08.2024,Alena Diesing <ad@wip.tu-berlin.de>
World,HB_H2_Boiler,2040,204.3216965,,MEUR/GW,117% of natural gas boiler - https://commission.europa.eu/system/files/2021-04/07.05_mf35_presentation_ehi_hydrogen_buildings.pdf,20.08.2024,Alena Diesing <ad@wip.tu-berlin.de>
World,HB_H2_Boiler,2045,199.4902232,,MEUR/GW,117% of natural gas boiler - https://commission.europa.eu/system/files/2021-04/07.05_mf35_presentation_ehi_hydrogen_buildings.pdf,20.08.2024,Alena Diesing <ad@wip.tu-berlin.de>
World,HB_H2_Boiler,2050,194.65875,,MEUR/GW,117% of natural gas boiler - https://commission.europa.eu/system/files/2021-04/07.05_mf35_presentation_ehi_hydrogen_buildings.pdf,20.08.2024,Alena Diesing <ad@wip.tu-berlin.de>
World,HB_H2_Boiler,2055,194.65875,,MEUR/GW,same as 2050 for now,29.01.2025,Nikita Moskalenko <nim@wip.tu-berlin.de>
World,HB_H2_Boiler,2060,194.65875,,MEUR/GW,same as 2050 for now,29.01.2025,Nikita Moskalenko <nim@wip.tu-berlin.de>
World,HB_Hardcoal,2018,351.1127694,,MEUR/GW,,,
World,HB_Hardcoal,2020,351.1127694,,MEUR/GW,,,
World,HB_Hardcoal,2021,351.1127694,,MEUR/GW,District heating boilers coal - https://energy.ec.europa.eu/data-and-analysis/energy-modelling/eu-reference-scenario-2020_en,20.08.2024,Alena Diesing <ad@wip.tu-berlin.de>
World,HB_Hardcoal,2025,378.121444,,MEUR/GW,District heating boilers coal - https://energy.ec.europa.eu/data-and-analysis/energy-modelling/eu-reference-scenario-2020_en,20.08.2024,Alena Diesing <ad@wip.tu-berlin.de>
World,HB_Hardcoal,2030,405.1301186,,MEUR/GW,District heating boilers coal - https://energy.ec.europa.eu/data-and-analysis/energy-modelling/eu-reference-scenario-2020_en,20.08.2024,Alena Diesing <ad@wip.tu-berlin.de>
World,HB_Hardcoal,2035,405.1301186,,MEUR/GW,District heating boilers coal - https://energy.ec.europa.eu/data-and-analysis/energy-modelling/eu-reference-scenario-2020_en,20.08.2024,Alena Diesing <ad@wip.tu-berlin.de>
World,HB_Hardcoal,2040,405.1301186,,MEUR/GW,District heating boilers coal - https://energy.ec.europa.eu/data-and-analysis/energy-modelling/eu-reference-scenario-2020_en,20.08.2024,Alena Diesing <ad@wip.tu-berlin.de>
World,HB_Hardcoal,2045,405.1301186,,MEUR/GW,District heating boilers coal - https://energy.ec.europa.eu/data-and-analysis/energy-modelling/eu-reference-scenario-2020_en,20.08.2024,Alena Diesing <ad@wip.tu-berlin.de>
World,HB_Hardcoal,2050,405.1301186,,MEUR/GW,District heating boilers coal - https://energy.ec.europa.eu/data-and-analysis/energy-modelling/eu-reference-scenario-2020_en,20.08.2024,Alena Diesing <ad@wip.tu-berlin.de>
World,HB_Hardcoal,2055,405.1301186,,MEUR/GW,same as 2050 for now,29.01.2025,Nikita Moskalenko <nim@wip.tu-berlin.de>
World,HB_Hardcoal,2060,405.1301186,,MEUR/GW,same as 2050 for now,29.01.2025,Nikita Moskalenko <nim@wip.tu-berlin.de>
World,HB_Heatpump_Aerial,2018,261.228,,MEUR/GW,DEA Technology data heating installations - Heat pump Air-air - see Assumption.txt,31.01.2025,Konstantin Loffler <kl@wip.tu-berlin.de>
World,HB_Heatpump_Aerial,2020,261.228,,MEUR/GW,DEA Technology data heating installations - Heat pump Air-air - see Assumption.txt,31.01.2025,Konstantin Loffler <kl@wip.tu-berlin.de>
World,HB_Heatpump_Aerial,2021,261.228,,MEUR/GW,DEA Technology data heating installations - Heat pump Air-air - see Assumption.txt,31.01.2025,Konstantin Loffler <kl@wip.tu-berlin.de>
World,HB_Heatpump_Aerial,2025,254.84,,MEUR/GW,DEA Technology data heating installations - Heat pump Air-air - see Assumption.txt,31.01.2025,Konstantin Loffler <kl@wip.tu-berlin.de>
World,HB_Heatpump_Aerial,2030,248.46,,MEUR/GW,DEA Technology data heating installations - Heat pump Air-air - see Assumption.txt,31.01.2025,Konstantin Loffler <kl@wip.tu-berlin.de>
World,HB_Heatpump_Aerial,2035,248.46,,MEUR/GW,DEA Technology data heating installations - Heat pump Air-air - see Assumption.txt,31.01.2025,Konstantin Loffler <kl@wip.tu-berlin.de>
World,HB_Heatpump_Aerial,2040,236.61,,MEUR/GW,DEA Technology data heating installations - Heat pump Air-air - see Assumption.txt,31.01.2025,Konstantin Loffler <kl@wip.tu-berlin.de>
World,HB_Heatpump_Aerial,2045,236.61,,MEUR/GW,DEA Technology data heating installations - Heat pump Air-air - see Assumption.txt,31.01.2025,Konstantin Loffler <kl@wip.tu-berlin.de>
World,HB_Heatpump_Aerial,2050,224.76,,MEUR/GW,DEA Technology data heating installations - Heat pump Air-air - see Assumption.txt,31.01.2025,Konstantin Loffler <kl@wip.tu-berlin.de>
World,HB_Heatpump_Aerial,2055,224.76,,MEUR/GW,same as 2050 for now,29.01.2025,Nikita Moskalenko <nim@wip.tu-berlin.de>
World,HB_Heatpump_Aerial,2060,224.76,,MEUR/GW,same as 2050 for now,29.01.2025,Nikita Moskalenko <nim@wip.tu-berlin.de>
World,HB_Heatpump_Ground,2018,731.54,,MEUR/GW,DEA Technology data heating installations - Heat pump Ground-water - see Assumption.txt,31.01.2025,Konstantin Loffler <kl@wip.tu-berlin.de>
World,HB_Heatpump_Ground,2020,731.54,,MEUR/GW,DEA Technology data heating installations - Heat pump Ground-water - see Assumption.txt,31.01.2025,Konstantin Loffler <kl@wip.tu-berlin.de>
World,HB_Heatpump_Ground,2021,731.54,,MEUR/GW,DEA Technology data heating installations - Heat pump Ground-water - see Assumption.txt,31.01.2025,Konstantin Loffler <kl@wip.tu-berlin.de>
World,HB_Heatpump_Ground,2025,676.68,,MEUR/GW,DEA Technology data heating installations - Heat pump Ground-water - see Assumption.txt,31.01.2025,Konstantin Loffler <kl@wip.tu-berlin.de>
World,HB_Heatpump_Ground,2030,621.81,,MEUR/GW,DEA Technology data heating installations - Heat pump Ground-water - see Assumption.txt,31.01.2025,Konstantin Loffler <kl@wip.tu-berlin.de>
World,HB_Heatpump_Ground,2035,621.81,,MEUR/GW,DEA Technology data heating installations - Heat pump Ground-water - see Assumption.txt,31.01.2025,Konstantin Loffler <kl@wip.tu-berlin.de>
World,HB_Heatpump_Ground,2040,575.18,,MEUR/GW,DEA Technology data heating installations - Heat pump Ground-water - see Assumption.txt,31.01.2025,Konstantin Loffler <kl@wip.tu-berlin.de>
World,HB_Heatpump_Ground,2045,575.18,,MEUR/GW,DEA Technology data heating installations - Heat pump Ground-water - see Assumption.txt,31.01.2025,Konstantin Loffler <kl@wip.tu-berlin.de>
World,HB_Heatpump_Ground,2050,528.54,,MEUR/GW,DEA Technology data heating installations - Heat pump Ground-water - see Assumption.txt,31.01.2025,Konstantin Loffler <kl@wip.tu-berlin.de>
World,HB_Heatpump_Ground,2055,528.54,,MEUR/GW,same as 2050 for now,29.01.2025,Nikita Moskalenko <nim@wip.tu-berlin.de>
World,HB_Heatpump_Ground,2060,528.54,,MEUR/GW,same as 2050 for now,29.01.2025,Nikita Moskalenko <nim@wip.tu-berlin.de>
World,HB_Lignite,2018,418.9413726,,MEUR/GW,,,
World,HB_Lignite,2020,418.9413726,,MEUR/GW,,,
World,HB_Lignite,2021,418.9413726,,MEUR/GW,District heating boilers lignite - https://energy.ec.europa.eu/data-and-analysis/energy-modelling/eu-reference-scenario-2020_en,20.08.2024,Alena Diesing <ad@wip.tu-berlin.de>
World,HB_Lignite,2025,451.1676321,,MEUR/GW,District heating boilers lignite - https://energy.ec.europa.eu/data-and-analysis/energy-modelling/eu-reference-scenario-2020_en,20.08.2024,Alena Diesing <ad@wip.tu-berlin.de>
World,HB_Lignite,2030,483.3938915,,MEUR/GW,District heating boilers lignite - https://energy.ec.europa.eu/data-and-analysis/energy-modelling/eu-reference-scenario-2020_en,20.08.2024,Alena Diesing <ad@wip.tu-berlin.de>
World,HB_Lignite,2035,483.3938915,,MEUR/GW,District heating boilers lignite - https://energy.ec.europa.eu/data-and-analysis/energy-modelling/eu-reference-scenario-2020_en,20.08.2024,Alena Diesing <ad@wip.tu-berlin.de>
World,HB_Lignite,2040,483.3938915,,MEUR/GW,District heating boilers lignite - https://energy.ec.europa.eu/data-and-analysis/energy-modelling/eu-reference-scenario-2020_en,20.08.2024,Alena Diesing <ad@wip.tu-berlin.de>
World,HB_Lignite,2045,483.3938915,,MEUR/GW,District heating boilers lignite - https://energy.ec.europa.eu/data-and-analysis/energy-modelling/eu-reference-scenario-2020_en,20.08.2024,Alena Diesing <ad@wip.tu-berlin.de>
World,HB_Lignite,2050,483.3938915,,MEUR/GW,District heating boilers lignite - https://energy.ec.europa.eu/data-and-analysis/energy-modelling/eu-reference-scenario-2020_en,20.08.2024,Alena Diesing <ad@wip.tu-berlin.de>
World,HB_Lignite,2055,483.3938915,,MEUR/GW,same as 2050 for now,29.01.2025,Nikita Moskalenko <nim@wip.tu-berlin.de>
World,HB_Lignite,2060,483.3938915,,MEUR/GW,same as 2050 for now,29.01.2025,Nikita Moskalenko <nim@wip.tu-berlin.de>
World,HB_Oil_Boiler,2018,218.5,,MEUR/GW,,,
World,HB_Oil_Boiler,2020,218.5,,MEUR/GW,,,
World,HB_Oil_Boiler,2021,218.5,,MEUR/GW,oil boiler - https://ens.dk/en/our-services/technology-catalogues/technology-data-individual-heating-plants,20.08.2024,Alena Diesing <ad@wip.tu-berlin.de>
World,HB_Oil_Boiler,2025,212.6875,,MEUR/GW,oil boiler - https://ens.dk/en/our-services/technology-catalogues/technology-data-individual-heating-plants,20.08.2024,Alena Diesing <ad@wip.tu-berlin.de>
World,HB_Oil_Boiler,2030,209.6875,,MEUR/GW,oil boiler - https://ens.dk/en/our-services/technology-catalogues/technology-data-individual-heating-plants,20.08.2024,Alena Diesing <ad@wip.tu-berlin.de>
World,HB_Oil_Boiler,2035,204.6875,,MEUR/GW,oil boiler - https://ens.dk/en/our-services/technology-catalogues/technology-data-individual-heating-plants,20.08.2024,Alena Diesing <ad@wip.tu-berlin.de>
World,HB_Oil_Boiler,2040,199.6875,,MEUR/GW,oil boiler - https://ens.dk/en/our-services/technology-catalogues/technology-data-individual-heating-plants,20.08.2024,Alena Diesing <ad@wip.tu-berlin.de>
World,HB_Oil_Boiler,2045,194.5625,,MEUR/GW,oil boiler - https://ens.dk/en/our-services/technology-catalogues/technology-data-individual-heating-plants,20.08.2024,Alena Diesing <ad@wip.tu-berlin.de>
World,HB_Oil_Boiler,2050,189.4375,,MEUR/GW,oil boiler - https://ens.dk/en/our-services/technology-catalogues/technology-data-individual-heating-plants,20.08.2024,Alena Diesing <ad@wip.tu-berlin.de>
World,HB_Oil_Boiler,2055,189.4375,,MEUR/GW,same as 2050 for now,29.01.2025,Nikita Moskalenko <nim@wip.tu-berlin.de>
World,HB_Oil_Boiler,2060,189.4375,,MEUR/GW,same as 2050 for now,29.01.2025,Nikita Moskalenko <nim@wip.tu-berlin.de>
World,HB_Solar_Thermal,2018,678.5714286,,MEUR/GW,,,
World,HB_Solar_Thermal,2020,678.5714286,,MEUR/GW,,,
World,HB_Solar_Thermal,2021,678.5714286,,MEUR/GW,solar heating - https://ens.dk/en/our-services/technology-catalogues/technology-data-individual-heating-plants,20.08.2024,Alena Diesing <ad@wip.tu-berlin.de>
World,HB_Solar_Thermal,2025,651.1904762,,MEUR/GW,solar heating - https://ens.dk/en/our-services/technology-catalogues/technology-data-individual-heating-plants,20.08.2024,Alena Diesing <ad@wip.tu-berlin.de>
World,HB_Solar_Thermal,2030,623.8095238,,MEUR/GW,solar heating - https://ens.dk/en/our-services/technology-catalogues/technology-data-individual-heating-plants,20.08.2024,Alena Diesing <ad@wip.tu-berlin.de>
World,HB_Solar_Thermal,2035,608.9285714,,MEUR/GW,solar heating - https://ens.dk/en/our-services/technology-catalogues/technology-data-individual-heating-plants,20.08.2024,Alena Diesing <ad@wip.tu-berlin.de>
World,HB_Solar_Thermal,2040,594.047619,,MEUR/GW,solar heating - https://ens.dk/en/our-services/technology-catalogues/technology-data-individual-heating-plants,20.08.2024,Alena Diesing <ad@wip.tu-berlin.de>
World,HB_Solar_Thermal,2045,579.1666667,,MEUR/GW,solar heating - https://ens.dk/en/our-services/technology-catalogues/technology-data-individual-heating-plants,20.08.2024,Alena Diesing <ad@wip.tu-berlin.de>
World,HB_Solar_Thermal,2050,564.2857143,,MEUR/GW,solar heating - https://ens.dk/en/our-services/technology-catalogues/technology-data-individual-heating-plants,20.08.2024,Alena Diesing <ad@wip.tu-berlin.de>
World,HB_Solar_Thermal,2055,564.2857143,,MEUR/GW,same as 2050 for now,29.01.2025,Nikita Moskalenko <nim@wip.tu-berlin.de>
World,HB_Solar_Thermal,2060,564.2857143,,MEUR/GW,same as 2050 for now,29.01.2025,Nikita Moskalenko <nim@wip.tu-berlin.de>
World,HD_Electric_Boiler,2018,115,,MEUR/GW,DEA – Technology data for El and DH - Electric boiler - see Assumption.txt,13.12.2023,Frida Sather <frida.sather@sintef.no>
World,HD_Electric_Boiler,2020,115,,MEUR/GW,DEA – Technology data for El and DH - Electric boiler - see Assumption.txt,13.12.2023,Frida Sather <frida.sather@sintef.no>
World,HD_Electric_Boiler,2021,115,,MEUR/GW,DEA – Technology data for El and DH - Electric boiler - see Assumption.txt,13.12.2023,Frida Sather <frida.sather@sintef.no>
World,HD_Electric_Boiler,2025,110,,MEUR/GW,DEA – Technology data for El and DH - Electric boiler - see Assumption.txt,13.12.2023,Frida Sather <frida.sather@sintef.no>
World,HD_Electric_Boiler,2030,105,,MEUR/GW,DEA – Technology data for El and DH - Electric boiler - see Assumption.txt,13.12.2023,Frida Sather <frida.sather@sintef.no>
World,HD_Electric_Boiler,2035,103.75,,MEUR/GW,DEA – Technology data for El and DH - Electric boiler - see Assumption.txt,13.12.2023,Frida Sather <frida.sather@sintef.no>
World,HD_Electric_Boiler,2040,102.5,,MEUR/GW,DEA – Technology data for El and DH - Electric boiler - see Assumption.txt,13.12.2023,Frida Sather <frida.sather@sintef.no>
World,HD_Electric_Boiler,2045,101.25,,MEUR/GW,DEA – Technology data for El and DH - Electric boiler - see Assumption.txt,13.12.2023,Frida Sather <frida.sather@sintef.no>
World,HD_Electric_Boiler,2050,100,,MEUR/GW,DEA – Technology data for El and DH - Electric boiler - see Assumption.txt,13.12.2023,Frida Sather <frida.sather@sintef.no>
World,HD_Electric_Boiler,2055,100,,MEUR/GW,same as 2050 for now,29.01.2025,Nikita Moskalenko <nim@wip.tu-berlin.de>
World,HD_Electric_Boiler,2060,100,,MEUR/GW,same as 2050 for now,29.01.2025,Nikita Moskalenko <nim@wip.tu-berlin.de>
World,HD_Geothermal,2018,2642,,MEUR/GW,DEA – Technology data for El and DH - Geoth. DH electric heat pump (not incl. absorption HP) - see Assumption.txt,13.12.2023,Frida Sather <frida.sather@sintef.no>
World,HD_Geothermal,2020,2642,,MEUR/GW,DEA – Technology data for El and DH - Geoth. DH electric heat pump (not incl. absorption HP) - see Assumption.txt,13.12.2023,Frida Sather <frida.sather@sintef.no>
World,HD_Geothermal,2021,2642,,MEUR/GW,DEA – Technology data for El and DH - Geoth. DH electric heat pump (not incl. absorption HP) - see Assumption.txt,13.12.2023,Frida Sather <frida.sather@sintef.no>
World,HD_Geothermal,2025,2576,,MEUR/GW,DEA – Technology data for El and DH - Geoth. DH electric heat pump (not incl. absorption HP) - see Assumption.txt,13.12.2023,Frida Sather <frida.sather@sintef.no>
World,HD_Geothermal,2030,2460,,MEUR/GW,DEA – Technology data for El and DH - Geoth. DH electric heat pump (not incl. absorption HP) - see Assumption.txt,13.12.2023,Frida Sather <frida.sather@sintef.no>
World,HD_Geothermal,2035,2426,,MEUR/GW,DEA – Technology data for El and DH - Geoth. DH electric heat pump (not incl. absorption HP) - see Assumption.txt,13.12.2023,Frida Sather <frida.sather@sintef.no>
World,HD_Geothermal,2040,2392,,MEUR/GW,DEA – Technology data for El and DH - Geoth. DH electric heat pump (not incl. absorption HP) - see Assumption.txt,13.12.2023,Frida Sather <frida.sather@sintef.no>
World,HD_Geothermal,2045,2359,,MEUR/GW,DEA – Technology data for El and DH - Geoth. DH electric heat pump (not incl. absorption HP) - see Assumption.txt,13.12.2023,Frida Sather <frida.sather@sintef.no>
World,HD_Geothermal,2050,2326,,MEUR/GW,DEA – Technology data for El and DH - Geoth. DH electric heat pump (not incl. absorption HP) - see Assumption.txt,13.12.2023,Frida Sather <frida.sather@sintef.no>
World,HD_Geothermal,2055,2326,,MEUR/GW,same as 2050 for now,29.01.2025,Nikita Moskalenko <nim@wip.tu-berlin.de>
World,HD_Geothermal,2060,2326,,MEUR/GW,same as 2050 for now,29.01.2025,Nikita Moskalenko <nim@wip.tu-berlin.de>
World,HD_Heatpump_Air,2018,910,,MEUR/GW,"DEA – Technology data for El and DH - Comp. hp, airsource 10MW - see Assumption.txt ",13.12.2023,Frida Sather <frida.sather@sintef.no>
World,HD_Heatpump_Air,2020,910,,MEUR/GW,"DEA – Technology data for El and DH - Comp. hp, airsource 10MW - see Assumption.txt ",13.12.2023,Frida Sather <frida.sather@sintef.no>
World,HD_Heatpump_Air,2021,910,,MEUR/GW,"DEA – Technology data for El and DH - Comp. hp, airsource 10MW - see Assumption.txt ",13.12.2023,Frida Sather <frida.sather@sintef.no>
World,HD_Heatpump_Air,2025,910,,MEUR/GW,"DEA – Technology data for El and DH - Comp. hp, airsource 10MW - see Assumption.txt ",13.12.2023,Frida Sather <frida.sather@sintef.no>
World,HD_Heatpump_Air,2030,810,,MEUR/GW,"DEA – Technology data for El and DH - Comp. hp, airsource 10MW - see Assumption.txt ",13.12.2023,Frida Sather <frida.sather@sintef.no>
World,HD_Heatpump_Air,2035,810,,MEUR/GW,"DEA – Technology data for El and DH - Comp. hp, airsource 10MW - see Assumption.txt ",13.12.2023,Frida Sather <frida.sather@sintef.no>
World,HD_Heatpump_Air,2040,810,,MEUR/GW,"DEA – Technology data for El and DH - Comp. hp, airsource 10MW - see Assumption.txt ",13.12.2023,Frida Sather <frida.sather@sintef.no>
World,HD_Heatpump_Air,2045,810,,MEUR/GW,"DEA – Technology data for El and DH - Comp. hp, airsource 10MW - see Assumption.txt ",13.12.2023,Frida Sather <frida.sather@sintef.no>
World,HD_Heatpump_Air,2050,810,,MEUR/GW,"DEA – Technology data for El and DH - Comp. hp, airsource 10MW - see Assumption.txt ",13.12.2023,Frida Sather <frida.sather@sintef.no>
World,HD_Heatpump_Air,2055,810,,MEUR/GW,same as 2050 for now,29.01.2025,Nikita Moskalenko <nim@wip.tu-berlin.de>
World,HD_Heatpump_Air,2060,810,,MEUR/GW,same as 2050 for now,29.01.2025,Nikita Moskalenko <nim@wip.tu-berlin.de>
World,HD_Heatpump_ExcessHeat,2018,710,,MEUR/GW,"DEA – Technology data for El and DH - Comp. hp, excess heat 10MW - see Assumption.txt ",13.12.2023,Frida Sather <frida.sather@sintef.no>
World,HD_Heatpump_ExcessHeat,2020,710,,MEUR/GW,"DEA – Technology data for El and DH - Comp. hp, excess heat 10MW - see Assumption.txt ",13.12.2023,Frida Sather <frida.sather@sintef.no>
World,HD_Heatpump_ExcessHeat,2021,710,,MEUR/GW,"DEA – Technology data for El and DH - Comp. hp, excess heat 10MW - see Assumption.txt ",13.12.2023,Frida Sather <frida.sather@sintef.no>
World,HD_Heatpump_ExcessHeat,2025,710,,MEUR/GW,"DEA – Technology data for El and DH - Comp. hp, excess heat 10MW - see Assumption.txt ",13.12.2023,Frida Sather <frida.sather@sintef.no>
World,HD_Heatpump_ExcessHeat,2030,610,,MEUR/GW,"DEA – Technology data for El and DH - Comp. hp, excess heat 10MW - see Assumption.txt ",13.12.2023,Frida Sather <frida.sather@sintef.no>
World,HD_Heatpump_ExcessHeat,2035,610,,MEUR/GW,"DEA – Technology data for El and DH - Comp. hp, excess heat 10MW - see Assumption.txt ",13.12.2023,Frida Sather <frida.sather@sintef.no>
World,HD_Heatpump_ExcessHeat,2040,610,,MEUR/GW,"DEA – Technology data for El and DH - Comp. hp, excess heat 10MW - see Assumption.txt ",13.12.2023,Frida Sather <frida.sather@sintef.no>
World,HD_Heatpump_ExcessHeat,2045,610,,MEUR/GW,"DEA – Technology data for El and DH - Comp. hp, excess heat 10MW - see Assumption.txt ",13.12.2023,Frida Sather <frida.sather@sintef.no>
World,HD_Heatpump_ExcessHeat,2050,610,,MEUR/GW,"DEA – Technology data for El and DH - Comp. hp, excess heat 10MW - see Assumption.txt ",13.12.2023,Frida Sather <frida.sather@sintef.no>
World,HD_Heatpump_ExcessHeat,2055,610,,MEUR/GW,same as 2050 for now,29.01.2025,Nikita Moskalenko <nim@wip.tu-berlin.de>
World,HD_Heatpump_ExcessHeat,2060,610,,MEUR/GW,same as 2050 for now,29.01.2025,Nikita Moskalenko <nim@wip.tu-berlin.de>
World,HD_Solar_Thermal,2018,329.65,,MEUR/GW,DEA – Technology data for El and DH - Solar district heating - see Assumption.txt,13.12.2023,Frida Sather <frida.sather@sintef.no>
World,HD_Solar_Thermal,2020,329.65,,MEUR/GW,DEA – Technology data for El and DH - Solar district heating - see Assumption.txt,13.12.2023,Frida Sather <frida.sather@sintef.no>
World,HD_Solar_Thermal,2021,329.65,,MEUR/GW,DEA – Technology data for El and DH - Solar district heating - see Assumption.txt,13.12.2023,Frida Sather <frida.sather@sintef.no>
World,HD_Solar_Thermal,2025,324.33,,MEUR/GW,DEA – Technology data for El and DH - Solar district heating - see Assumption.txt,13.12.2023,Frida Sather <frida.sather@sintef.no>
World,HD_Solar_Thermal,2030,319.01,,MEUR/GW,DEA – Technology data for El and DH - Solar district heating - see Assumption.txt,13.12.2023,Frida Sather <frida.sather@sintef.no>
World,HD_Solar_Thermal,2035,313.6949515,,MEUR/GW,DEA – Technology data for El and DH - Solar district heating - see Assumption.txt,13.12.2023,Frida Sather <frida.sather@sintef.no>
World,HD_Solar_Thermal,2040,308.378088,,MEUR/GW,DEA – Technology data for El and DH - Solar district heating - see Assumption.txt,13.12.2023,Frida Sather <frida.sather@sintef.no>
World,HD_Solar_Thermal,2045,303.0612245,,MEUR/GW,DEA – Technology data for El and DH - Solar district heating - see Assumption.txt,13.12.2023,Frida Sather <frida.sather@sintef.no>
World,HD_Solar_Thermal,2050,297.744361,,MEUR/GW,DEA – Technology data for El and DH - Solar district heating - see Assumption.txt,13.12.2023,Frida Sather <frida.sather@sintef.no>
World,HD_Solar_Thermal,2055,297.744361,,MEUR/GW,same as 2050 for now,29.01.2025,Nikita Moskalenko <nim@wip.tu-berlin.de>
World,HD_Solar_Thermal,2060,297.744361,,MEUR/GW,same as 2050 for now,29.01.2025,Nikita Moskalenko <nim@wip.tu-berlin.de>
World,HHI_BF_BOF,2018,442,,MEUR/GW,,,
World,HHI_BF_BOF,2020,442,,MEUR/GW,,,
World,HHI_BF_BOF,2021,442,,MEUR/GW,,,
World,HHI_BF_BOF,2025,442,,MEUR/GW,,,
World,HHI_BF_BOF,2030,442,,MEUR/GW,,,
World,HHI_BF_BOF,2035,442,,MEUR/GW,,,
World,HHI_BF_BOF,2040,442,,MEUR/GW,,,
World,HHI_BF_BOF,2045,442,,MEUR/GW,,,
World,HHI_BF_BOF,2050,442,,MEUR/GW,,,
World,HHI_BF_BOF,2055,442,,MEUR/GW,same as 2050 for now,29.01.2025,Nikita Moskalenko <nim@wip.tu-berlin.de>
World,HHI_BF_BOF,2060,442,,MEUR/GW,same as 2050 for now,29.01.2025,Nikita Moskalenko <nim@wip.tu-berlin.de>
World,HHI_BF_BOF_CCS,2018,566,,MEUR/GW,,,
World,HHI_BF_BOF_CCS,2020,566,,MEUR/GW,,,
World,HHI_BF_BOF_CCS,2021,,,MEUR/GW,,,
World,HHI_BF_BOF_CCS,2025,566,,MEUR/GW,,,
World,HHI_BF_BOF_CCS,2030,566,,MEUR/GW,,,
World,HHI_BF_BOF_CCS,2035,566,,MEUR/GW,,,
World,HHI_BF_BOF_CCS,2040,566,,MEUR/GW,,,
World,HHI_BF_BOF_CCS,2045,566,,MEUR/GW,,,
World,HHI_BF_BOF_CCS,2050,566,,MEUR/GW,,,
World,HHI_BF_BOF_CCS,2055,566,,MEUR/GW,same as 2050 for now,29.01.2025,Nikita Moskalenko <nim@wip.tu-berlin.de>
World,HHI_BF_BOF_CCS,2060,566,,MEUR/GW,same as 2050 for now,29.01.2025,Nikita Moskalenko <nim@wip.tu-berlin.de>
World,HHI_Bio_BF_BOF,2018,486.2,,MEUR/GW,,,
World,HHI_Bio_BF_BOF,2020,486.2,,MEUR/GW,,,
World,HHI_Bio_BF_BOF,2021,,,MEUR/GW,,,
World,HHI_Bio_BF_BOF,2025,486.2,,MEUR/GW,,,
World,HHI_Bio_BF_BOF,2030,486.2,,MEUR/GW,,,
World,HHI_Bio_BF_BOF,2035,486.2,,MEUR/GW,,,
World,HHI_Bio_BF_BOF,2040,486.2,,MEUR/GW,,,
World,HHI_Bio_BF_BOF,2045,486.2,,MEUR/GW,,,
World,HHI_Bio_BF_BOF,2050,486.2,,MEUR/GW,,,
World,HHI_Bio_BF_BOF,2055,486.2,,MEUR/GW,same as 2050 for now,29.01.2025,Nikita Moskalenko <nim@wip.tu-berlin.de>
World,HHI_Bio_BF_BOF,2060,486.2,,MEUR/GW,same as 2050 for now,29.01.2025,Nikita Moskalenko <nim@wip.tu-berlin.de>
World,HHI_DRI_EAF,2018,414,,MEUR/GW,,,
World,HHI_DRI_EAF,2020,414,,MEUR/GW,,,
World,HHI_DRI_EAF,2021,,,MEUR/GW,,,
World,HHI_DRI_EAF,2025,414,,MEUR/GW,,,
World,HHI_DRI_EAF,2030,414,,MEUR/GW,,,
World,HHI_DRI_EAF,2035,414,,MEUR/GW,,,
World,HHI_DRI_EAF,2040,414,,MEUR/GW,,,
World,HHI_DRI_EAF,2045,414,,MEUR/GW,,,
World,HHI_DRI_EAF,2050,414,,MEUR/GW,,,
World,HHI_DRI_EAF,2055,414,,MEUR/GW,same as 2050 for now,29.01.2025,Nikita Moskalenko <nim@wip.tu-berlin.de>
World,HHI_DRI_EAF,2060,414,,MEUR/GW,same as 2050 for now,29.01.2025,Nikita Moskalenko <nim@wip.tu-berlin.de>
World,HHI_DRI_EAF_CCS,2018,538,,MEUR/GW,,,
World,HHI_DRI_EAF_CCS,2020,538,,MEUR/GW,,,
World,HHI_DRI_EAF_CCS,2021,,,MEUR/GW,,,
World,HHI_DRI_EAF_CCS,2025,538,,MEUR/GW,,,
World,HHI_DRI_EAF_CCS,2030,538,,MEUR/GW,,,
World,HHI_DRI_EAF_CCS,2035,538,,MEUR/GW,,,
World,HHI_DRI_EAF_CCS,2040,538,,MEUR/GW,,,
World,HHI_DRI_EAF_CCS,2045,538,,MEUR/GW,,,
World,HHI_DRI_EAF_CCS,2050,538,,MEUR/GW,,,
World,HHI_DRI_EAF_CCS,2055,538,,MEUR/GW,same as 2050 for now,29.01.2025,Nikita Moskalenko <nim@wip.tu-berlin.de>
World,HHI_DRI_EAF_CCS,2060,538,,MEUR/GW,same as 2050 for now,29.01.2025,Nikita Moskalenko <nim@wip.tu-berlin.de>
World,HHI_H2DRI_EAF,2018,424,,MEUR/GW,,,
World,HHI_H2DRI_EAF,2020,424,,MEUR/GW,,,
World,HHI_H2DRI_EAF,2021,,,MEUR/GW,,,
World,HHI_H2DRI_EAF,2025,424,,MEUR/GW,,,
World,HHI_H2DRI_EAF,2030,424,,MEUR/GW,,,
World,HHI_H2DRI_EAF,2035,424,,MEUR/GW,,,
World,HHI_H2DRI_EAF,2040,424,,MEUR/GW,,,
World,HHI_H2DRI_EAF,2045,424,,MEUR/GW,,,
World,HHI_H2DRI_EAF,2050,424,,MEUR/GW,,,
World,HHI_H2DRI_EAF,2055,424,,MEUR/GW,same as 2050 for now,29.01.2025,Nikita Moskalenko <nim@wip.tu-berlin.de>
World,HHI_H2DRI_EAF,2060,424,,MEUR/GW,same as 2050 for now,29.01.2025,Nikita Moskalenko <nim@wip.tu-berlin.de>
World,HHI_Molten_Electrolysis,2018,639,,MEUR/GW,,,
World,HHI_Molten_Electrolysis,2020,639,,MEUR/GW,,,
World,HHI_Molten_Electrolysis,2021,,,MEUR/GW,,,
World,HHI_Molten_Electrolysis,2025,639,,MEUR/GW,,,
World,HHI_Molten_Electrolysis,2030,639,,MEUR/GW,,,
World,HHI_Molten_Electrolysis,2035,639,,MEUR/GW,,,
World,HHI_Molten_Electrolysis,2040,639,,MEUR/GW,,,
World,HHI_Molten_Electrolysis,2045,639,,MEUR/GW,,,
World,HHI_Molten_Electrolysis,2050,639,,MEUR/GW,,,
World,HHI_Molten_Electrolysis,2055,639,,MEUR/GW,same as 2050 for now,29.01.2025,Nikita Moskalenko <nim@wip.tu-berlin.de>
World,HHI_Molten_Electrolysis,2060,639,,MEUR/GW,same as 2050 for now,29.01.2025,Nikita Moskalenko <nim@wip.tu-berlin.de>
World,HHI_Scrap_EAF,2018,184,,MEUR/GW,,,
World,HHI_Scrap_EAF,2020,184,,MEUR/GW,,,
World,HHI_Scrap_EAF,2021,,,MEUR/GW,,,
World,HHI_Scrap_EAF,2025,184,,MEUR/GW,,,
World,HHI_Scrap_EAF,2030,184,,MEUR/GW,,,
World,HHI_Scrap_EAF,2035,184,,MEUR/GW,,,
World,HHI_Scrap_EAF,2040,184,,MEUR/GW,,,
World,HHI_Scrap_EAF,2045,184,,MEUR/GW,,,
World,HHI_Scrap_EAF,2050,184,,MEUR/GW,,,
World,HHI_Scrap_EAF,2055,184,,MEUR/GW,same as 2050 for now,29.01.2025,Nikita Moskalenko <nim@wip.tu-berlin.de>
World,HHI_Scrap_EAF,2060,184,,MEUR/GW,same as 2050 for now,29.01.2025,Nikita Moskalenko <nim@wip.tu-berlin.de>
World,HLI_Biomass,2018,618.1818182,,MEUR/GW,,,
World,HLI_Biomass,2020,618.1818182,,MEUR/GW,,,
World,HLI_Biomass,2021,618.1818182,,MEUR/GW,Energy Agency Denmark (2022): Hot water boiler wood,30.08.2024,Alena Diesing <ad@wip.tu-berlin.de>
World,HLI_Biomass,2025,604.5454545,,MEUR/GW,Energy Agency Denmark (2022): Hot water boiler wood,30.08.2024,Alena Diesing <ad@wip.tu-berlin.de>
World,HLI_Biomass,2030,590.9090909,,MEUR/GW,Energy Agency Denmark (2022): Hot water boiler wood,30.08.2024,Alena Diesing <ad@wip.tu-berlin.de>
World,HLI_Biomass,2035,577.2727273,,MEUR/GW,Energy Agency Denmark (2022): Hot water boiler wood,30.08.2024,Alena Diesing <ad@wip.tu-berlin.de>
World,HLI_Biomass,2040,563.6363636,,MEUR/GW,Energy Agency Denmark (2022): Hot water boiler wood,30.08.2024,Alena Diesing <ad@wip.tu-berlin.de>
World,HLI_Biomass,2045,550,,MEUR/GW,Energy Agency Denmark (2022): Hot water boiler wood,30.08.2024,Alena Diesing <ad@wip.tu-berlin.de>
World,HLI_Biomass,2050,536.3636364,,MEUR/GW,Energy Agency Denmark (2022): Hot water boiler wood,30.08.2024,Alena Diesing <ad@wip.tu-berlin.de>
World,HLI_Biomass,2055,536.3636364,,MEUR/GW,same as 2050 for now,29.01.2025,Nikita Moskalenko <nim@wip.tu-berlin.de>
World,HLI_Biomass,2060,536.3636364,,MEUR/GW,same as 2050 for now,29.01.2025,Nikita Moskalenko <nim@wip.tu-berlin.de>
World,HLI_Direct_Electric,2018,83.61111111,,MEUR/GW,,,
World,HLI_Direct_Electric,2020,83.61111111,,MEUR/GW,,,
World,HLI_Direct_Electric,2021,83.61111111,,MEUR/GW,Energy Agency Denmark (2022): Electric boiler hot water 10kV,30.08.2024,Alena Diesing <ad@wip.tu-berlin.de>
World,HLI_Direct_Electric,2025,77.63888889,,MEUR/GW,Energy Agency Denmark (2022): Electric boiler hot water 10kV,30.08.2024,Alena Diesing <ad@wip.tu-berlin.de>
World,HLI_Direct_Electric,2030,71.66666667,,MEUR/GW,Energy Agency Denmark (2022): Electric boiler hot water 10kV,30.08.2024,Alena Diesing <ad@wip.tu-berlin.de>
World,HLI_Direct_Electric,2035,71.66666667,,MEUR/GW,Energy Agency Denmark (2022): Electric boiler hot water 10kV,30.08.2024,Alena Diesing <ad@wip.tu-berlin.de>
World,HLI_Direct_Electric,2040,71.66666667,,MEUR/GW,Energy Agency Denmark (2022): Electric boiler hot water 10kV,30.08.2024,Alena Diesing <ad@wip.tu-berlin.de>
World,HLI_Direct_Electric,2045,71.66666667,,MEUR/GW,Energy Agency Denmark (2022): Electric boiler hot water 10kV,30.08.2024,Alena Diesing <ad@wip.tu-berlin.de>
World,HLI_Direct_Electric,2050,71.66666667,,MEUR/GW,Energy Agency Denmark (2022): Electric boiler hot water 10kV,30.08.2024,Alena Diesing <ad@wip.tu-berlin.de>
World,HLI_Direct_Electric,2055,71.66666667,,MEUR/GW,same as 2050 for now,29.01.2025,Nikita Moskalenko <nim@wip.tu-berlin.de>
World,HLI_Direct_Electric,2060,71.66666667,,MEUR/GW,same as 2050 for now,29.01.2025,Nikita Moskalenko <nim@wip.tu-berlin.de>
World,HLI_Gas_Boiler,2018,43.63636364,,MEUR/GW,,,
World,HLI_Gas_Boiler,2020,43.63636364,,MEUR/GW,,,
World,HLI_Gas_Boiler,2021,43.63636364,,MEUR/GW,Energy Agency Denmark (2022): Hot water boiler gas,30.08.2024,Alena Diesing <ad@wip.tu-berlin.de>
World,HLI_Gas_Boiler,2025,40,,MEUR/GW,Energy Agency Denmark (2022): Hot water boiler gas,30.08.2024,Alena Diesing <ad@wip.tu-berlin.de>
World,HLI_Gas_Boiler,2030,36.36363636,,MEUR/GW,Energy Agency Denmark (2022): Hot water boiler gas,30.08.2024,Alena Diesing <ad@wip.tu-berlin.de>
World,HLI_Gas_Boiler,2035,36.36363636,,MEUR/GW,Energy Agency Denmark (2022): Hot water boiler gas,30.08.2024,Alena Diesing <ad@wip.tu-berlin.de>
World,HLI_Gas_Boiler,2040,36.36363636,,MEUR/GW,Energy Agency Denmark (2022): Hot water boiler gas,30.08.2024,Alena Diesing <ad@wip.tu-berlin.de>
World,HLI_Gas_Boiler,2045,36.36363636,,MEUR/GW,Energy Agency Denmark (2022): Hot water boiler gas,30.08.2024,Alena Diesing <ad@wip.tu-berlin.de>
World,HLI_Gas_Boiler,2050,36.36363636,,MEUR/GW,Energy Agency Denmark (2022): Hot water boiler gas,30.08.2024,Alena Diesing <ad@wip.tu-berlin.de>
World,HLI_Gas_Boiler,2055,36.36363636,,MEUR/GW,same as 2050 for now,29.01.2025,Nikita Moskalenko <nim@wip.tu-berlin.de>
World,HLI_Gas_Boiler,2060,36.36363636,,MEUR/GW,same as 2050 for now,29.01.2025,Nikita Moskalenko <nim@wip.tu-berlin.de>
World,HLI_Geothermal,2018,2880,,MEUR/GW,,,
World,HLI_Geothermal,2020,2880,,MEUR/GW,,,
World,HLI_Geothermal,2021,2880,,MEUR/GW,"Geothermal DH, 1200m, E-https://ens.dk/en/our-services/technology-catalogues/technology-data-generation-electricity-and-district-heating",20.08.2024,Alena Diesing <ad@wip.tu-berlin.de>
World,HLI_Geothermal,2025,2820,,MEUR/GW,"Geothermal DH, 1200m, E-https://ens.dk/en/our-services/technology-catalogues/technology-data-generation-electricity-and-district-heating",20.08.2024,Alena Diesing <ad@wip.tu-berlin.de>
World,HLI_Geothermal,2030,2660,,MEUR/GW,"Geothermal DH, 1200m, E-https://ens.dk/en/our-services/technology-catalogues/technology-data-generation-electricity-and-district-heating",20.08.2024,Alena Diesing <ad@wip.tu-berlin.de>
World,HLI_Geothermal,2035,2625,,MEUR/GW,"Geothermal DH, 1200m, E-https://ens.dk/en/our-services/technology-catalogues/technology-data-generation-electricity-and-district-heating",20.08.2024,Alena Diesing <ad@wip.tu-berlin.de>
World,HLI_Geothermal,2040,2590,,MEUR/GW,"Geothermal DH, 1200m, E-https://ens.dk/en/our-services/technology-catalogues/technology-data-generation-electricity-and-district-heating",20.08.2024,Alena Diesing <ad@wip.tu-berlin.de>
World,HLI_Geothermal,2045,2560,,MEUR/GW,"Geothermal DH, 1200m, E-https://ens.dk/en/our-services/technology-catalogues/technology-data-generation-electricity-and-district-heating",20.08.2024,Alena Diesing <ad@wip.tu-berlin.de>
World,HLI_Geothermal,2050,2530,,MEUR/GW,"Geothermal DH, 1200m, E-https://ens.dk/en/our-services/technology-catalogues/technology-data-generation-electricity-and-district-heating",20.08.2024,Alena Diesing <ad@wip.tu-berlin.de>
World,HLI_Geothermal,2055,2530,,MEUR/GW,same as 2050 for now,29.01.2025,Nikita Moskalenko <nim@wip.tu-berlin.de>
World,HLI_Geothermal,2060,2530,,MEUR/GW,same as 2050 for now,29.01.2025,Nikita Moskalenko <nim@wip.tu-berlin.de>
World,HLI_H2_Boiler,2018,650,,MEUR/GW,,,
World,HLI_H2_Boiler,2020,56.72727273,,MEUR/GW,,,
World,HLI_H2_Boiler,2021,56.72727273,,MEUR/GW,130% of HLI_Gas_Boiler - Ricardo-AEA (2012),30.08.2024,Alena Diesing <ad@wip.tu-berlin.de>
World,HLI_H2_Boiler,2025,52,,MEUR/GW,130% of HLI_Gas_Boiler - Ricardo-AEA (2012),30.08.2024,Alena Diesing <ad@wip.tu-berlin.de>
World,HLI_H2_Boiler,2030,47.27272727,,MEUR/GW,130% of HLI_Gas_Boiler - Ricardo-AEA (2012),30.08.2024,Alena Diesing <ad@wip.tu-berlin.de>
World,HLI_H2_Boiler,2035,47.27272727,,MEUR/GW,130% of HLI_Gas_Boiler - Ricardo-AEA (2012),30.08.2024,Alena Diesing <ad@wip.tu-berlin.de>
World,HLI_H2_Boiler,2040,47.27272727,,MEUR/GW,130% of HLI_Gas_Boiler - Ricardo-AEA (2012),30.08.2024,Alena Diesing <ad@wip.tu-berlin.de>
World,HLI_H2_Boiler,2045,47.27272727,,MEUR/GW,130% of HLI_Gas_Boiler - Ricardo-AEA (2012),30.08.2024,Alena Diesing <ad@wip.tu-berlin.de>
World,HLI_H2_Boiler,2050,47.27272727,,MEUR/GW,130% of HLI_Gas_Boiler - Ricardo-AEA (2012),30.08.2024,Alena Diesing <ad@wip.tu-berlin.de>
World,HLI_H2_Boiler,2055,47.27272727,,MEUR/GW,same as 2050 for now,29.01.2025,Nikita Moskalenko <nim@wip.tu-berlin.de>
World,HLI_H2_Boiler,2060,47.27272727,,MEUR/GW,same as 2050 for now,29.01.2025,Nikita Moskalenko <nim@wip.tu-berlin.de>
World,HLI_Hardcoal,2018,500,,MEUR/GW,,,
World,HLI_Hardcoal,2020,500,,MEUR/GW,,,
World,HLI_Hardcoal,2021,500,,MEUR/GW,Energy Agency Denmark (2022): Hot water boiler coal,30.08.2024,Alena Diesing <ad@wip.tu-berlin.de>
World,HLI_Hardcoal,2025,500,,MEUR/GW,Energy Agency Denmark (2022): Hot water boiler coal,30.08.2024,Alena Diesing <ad@wip.tu-berlin.de>
World,HLI_Hardcoal,2030,500,,MEUR/GW,Energy Agency Denmark (2022): Hot water boiler coal,30.08.2024,Alena Diesing <ad@wip.tu-berlin.de>
World,HLI_Hardcoal,2035,500,,MEUR/GW,Energy Agency Denmark (2022): Hot water boiler coal,30.08.2024,Alena Diesing <ad@wip.tu-berlin.de>
World,HLI_Hardcoal,2040,500,,MEUR/GW,Energy Agency Denmark (2022): Hot water boiler coal,30.08.2024,Alena Diesing <ad@wip.tu-berlin.de>
World,HLI_Hardcoal,2045,500,,MEUR/GW,Energy Agency Denmark (2022): Hot water boiler coal,30.08.2024,Alena Diesing <ad@wip.tu-berlin.de>
World,HLI_Hardcoal,2050,500,,MEUR/GW,Energy Agency Denmark (2022): Hot water boiler coal,30.08.2024,Alena Diesing <ad@wip.tu-berlin.de>
World,HLI_Hardcoal,2055,500,,MEUR/GW,same as 2050 for now,29.01.2025,Nikita Moskalenko <nim@wip.tu-berlin.de>
World,HLI_Hardcoal,2060,500,,MEUR/GW,same as 2050 for now,29.01.2025,Nikita Moskalenko <nim@wip.tu-berlin.de>
World,HLI_Heatpump,2018,730,,MEUR/GW,DEA – Technology data for industrial process heat - heat pump 60 to 80 C - see Assumption.txt,13.12.2023,Frida Sather <frida.sather@sintef.no>
World,HLI_Heatpump,2020,730,,MEUR/GW,DEA – Technology data for industrial process heat - heat pump 60 to 80 C - see Assumption.txt,13.12.2023,Frida Sather <frida.sather@sintef.no>
World,HLI_Heatpump,2021,730,,MEUR/GW,DEA – Technology data for industrial process heat - heat pump 60 to 80 C - see Assumption.txt,13.12.2023,Frida Sather <frida.sather@sintef.no>
World,HLI_Heatpump,2025,690,,MEUR/GW,DEA – Technology data for industrial process heat - heat pump 60 to 80 C - see Assumption.txt,13.12.2023,Frida Sather <frida.sather@sintef.no>
World,HLI_Heatpump,2030,650,,MEUR/GW,DEA – Technology data for industrial process heat - heat pump 60 to 80 C - see Assumption.txt,13.12.2023,Frida Sather <frida.sather@sintef.no>
World,HLI_Heatpump,2035,625,,MEUR/GW,DEA – Technology data for industrial process heat - heat pump 60 to 80 C - see Assumption.txt,13.12.2023,Frida Sather <frida.sather@sintef.no>
World,HLI_Heatpump,2040,600,,MEUR/GW,DEA – Technology data for industrial process heat - heat pump 60 to 80 C - see Assumption.txt,13.12.2023,Frida Sather <frida.sather@sintef.no>
World,HLI_Heatpump,2045,590,,MEUR/GW,DEA – Technology data for industrial process heat - heat pump 60 to 80 C - see Assumption.txt,13.12.2023,Frida Sather <frida.sather@sintef.no>
World,HLI_Heatpump,2050,580,,MEUR/GW,DEA – Technology data for industrial process heat - heat pump 60 to 80 C - see Assumption.txt,,
World,HLI_Heatpump,2055,580,,MEUR/GW,same as 2050 for now,29.01.2025,Nikita Moskalenko <nim@wip.tu-berlin.de>
World,HLI_Heatpump,2060,580,,MEUR/GW,same as 2050 for now,29.01.2025,Nikita Moskalenko <nim@wip.tu-berlin.de>
World,HLI_Lignite,2018,595,,MEUR/GW,,,
World,HLI_Lignite,2020,595,,MEUR/GW,,,
World,HLI_Lignite,2021,595,,MEUR/GW,119% of HLI_Hardcoal - https://energy.ec.europa.eu/data-and-analysis/energy-modelling/eu-reference-scenario-2020_en,30.08.2024,Alena Diesing <ad@wip.tu-berlin.de>
World,HLI_Lignite,2025,595,,MEUR/GW,119% of HLI_Hardcoal - https://energy.ec.europa.eu/data-and-analysis/energy-modelling/eu-reference-scenario-2020_en,30.08.2024,Alena Diesing <ad@wip.tu-berlin.de>
World,HLI_Lignite,2030,595,,MEUR/GW,119% of HLI_Hardcoal - https://energy.ec.europa.eu/data-and-analysis/energy-modelling/eu-reference-scenario-2020_en,30.08.2024,Alena Diesing <ad@wip.tu-berlin.de>
World,HLI_Lignite,2035,595,,MEUR/GW,119% of HLI_Hardcoal - https://energy.ec.europa.eu/data-and-analysis/energy-modelling/eu-reference-scenario-2020_en,30.08.2024,Alena Diesing <ad@wip.tu-berlin.de>
World,HLI_Lignite,2040,595,,MEUR/GW,119% of HLI_Hardcoal - https://energy.ec.europa.eu/data-and-analysis/energy-modelling/eu-reference-scenario-2020_en,30.08.2024,Alena Diesing <ad@wip.tu-berlin.de>
World,HLI_Lignite,2045,595,,MEUR/GW,119% of HLI_Hardcoal - https://energy.ec.europa.eu/data-and-analysis/energy-modelling/eu-reference-scenario-2020_en,30.08.2024,Alena Diesing <ad@wip.tu-berlin.de>
World,HLI_Lignite,2050,595,,MEUR/GW,119% of HLI_Hardcoal - https://energy.ec.europa.eu/data-and-analysis/energy-modelling/eu-reference-scenario-2020_en,30.08.2024,Alena Diesing <ad@wip.tu-berlin.de>
World,HLI_Lignite,2055,595,,MEUR/GW,same as 2050 for now,29.01.2025,Nikita Moskalenko <nim@wip.tu-berlin.de>
World,HLI_Lignite,2060,595,,MEUR/GW,same as 2050 for now,29.01.2025,Nikita Moskalenko <nim@wip.tu-berlin.de>
World,HLI_Oil_Boiler,2018,55,,MEUR/GW,,,
World,HLI_Oil_Boiler,2020,55,,MEUR/GW,,,
World,HLI_Oil_Boiler,2021,55,,MEUR/GW,Energy Agency Denmark (2022): Hot water boiler oil,30.08.2024,Alena Diesing <ad@wip.tu-berlin.de>
World,HLI_Oil_Boiler,2025,50.78819024,,MEUR/GW,Energy Agency Denmark (2022): Hot water boiler oil,30.08.2024,Alena Diesing <ad@wip.tu-berlin.de>
World,HLI_Oil_Boiler,2030,46.57638049,,MEUR/GW,Energy Agency Denmark (2022): Hot water boiler oil,30.08.2024,Alena Diesing <ad@wip.tu-berlin.de>
World,HLI_Oil_Boiler,2035,45.58819024,,MEUR/GW,Energy Agency Denmark (2022): Hot water boiler oil,30.08.2024,Alena Diesing <ad@wip.tu-berlin.de>
World,HLI_Oil_Boiler,2040,44.6,,MEUR/GW,Energy Agency Denmark (2022): Hot water boiler oil,30.08.2024,Alena Diesing <ad@wip.tu-berlin.de>
World,HLI_Oil_Boiler,2045,44.32280923,,MEUR/GW,Energy Agency Denmark (2022): Hot water boiler oil,30.08.2024,Alena Diesing <ad@wip.tu-berlin.de>
World,HLI_Oil_Boiler,2050,44.04561847,,MEUR/GW,Energy Agency Denmark (2022): Hot water boiler oil,30.08.2024,Alena Diesing <ad@wip.tu-berlin.de>
World,HLI_Oil_Boiler,2055,44.04561847,,MEUR/GW,same as 2050 for now,29.01.2025,Nikita Moskalenko <nim@wip.tu-berlin.de>
World,HLI_Oil_Boiler,2060,44.04561847,,MEUR/GW,same as 2050 for now,29.01.2025,Nikita Moskalenko <nim@wip.tu-berlin.de>
World,HLI_Solar_Thermal,2018,678.5714286,,MEUR/GW,,,
World,HLI_Solar_Thermal,2020,678.5714286,,MEUR/GW,,,
World,HLI_Solar_Thermal,2021,678.5714286,,MEUR/GW,solar heating - https://ens.dk/en/our-services/technology-catalogues/technology-data-individual-heating-plants,20.08.2024,Alena Diesing <ad@wip.tu-berlin.de>
World,HLI_Solar_Thermal,2025,651.1904762,,MEUR/GW,solar heating - https://ens.dk/en/our-services/technology-catalogues/technology-data-individual-heating-plants,20.08.2024,Alena Diesing <ad@wip.tu-berlin.de>
World,HLI_Solar_Thermal,2030,623.8095238,,MEUR/GW,solar heating - https://ens.dk/en/our-services/technology-catalogues/technology-data-individual-heating-plants,20.08.2024,Alena Diesing <ad@wip.tu-berlin.de>
World,HLI_Solar_Thermal,2035,608.9285714,,MEUR/GW,solar heating - https://ens.dk/en/our-services/technology-catalogues/technology-data-individual-heating-plants,20.08.2024,Alena Diesing <ad@wip.tu-berlin.de>
World,HLI_Solar_Thermal,2040,594.047619,,MEUR/GW,solar heating - https://ens.dk/en/our-services/technology-catalogues/technology-data-individual-heating-plants,20.08.2024,Alena Diesing <ad@wip.tu-berlin.de>
World,HLI_Solar_Thermal,2045,579.1666667,,MEUR/GW,solar heating - https://ens.dk/en/our-services/technology-catalogues/technology-data-individual-heating-plants,20.08.2024,Alena Diesing <ad@wip.tu-berlin.de>
World,HLI_Solar_Thermal,2050,564.2857143,,MEUR/GW,solar heating - https://ens.dk/en/our-services/technology-catalogues/technology-data-individual-heating-plants,20.08.2024,Alena Diesing <ad@wip.tu-berlin.de>
World,HLI_Solar_Thermal,2055,564.2857143,,MEUR/GW,same as 2050 for now,29.01.2025,Nikita Moskalenko <nim@wip.tu-berlin.de>
World,HLI_Solar_Thermal,2060,564.2857143,,MEUR/GW,same as 2050 for now,29.01.2025,Nikita Moskalenko <nim@wip.tu-berlin.de>
World,HMHI_Biomass,2018,618.18,,MEUR/GW,,,
World,HMHI_Biomass,2020,618.18,,MEUR/GW,,,
World,HMHI_Biomass,2021,618.18,,MEUR/GW,Energy Agency Denmark (2022): Steam boiler wood,30.08.2024,Alena Diesing <ad@wip.tu-berlin.de>
World,HMHI_Biomass,2025,604.55,,MEUR/GW,Energy Agency Denmark (2022): Steam boiler wood,30.08.2024,Alena Diesing <ad@wip.tu-berlin.de>
World,HMHI_Biomass,2030,590.91,,MEUR/GW,Energy Agency Denmark (2022): Steam boiler wood,30.08.2024,Alena Diesing <ad@wip.tu-berlin.de>
World,HMHI_Biomass,2035,577.27,,MEUR/GW,Energy Agency Denmark (2022): Steam boiler wood,30.08.2024,Alena Diesing <ad@wip.tu-berlin.de>
World,HMHI_Biomass,2040,563.64,,MEUR/GW,Energy Agency Denmark (2022): Steam boiler wood,30.08.2024,Alena Diesing <ad@wip.tu-berlin.de>
World,HMHI_Biomass,2045,550,,MEUR/GW,Energy Agency Denmark (2022): Steam boiler wood,30.08.2024,Alena Diesing <ad@wip.tu-berlin.de>
World,HMHI_Biomass,2050,536.36,,MEUR/GW,Energy Agency Denmark (2022): Steam boiler wood,30.08.2024,Alena Diesing <ad@wip.tu-berlin.de>
World,HMHI_Biomass,2055,536.36,,MEUR/GW,same as 2050 for now,29.01.2025,Nikita Moskalenko <nim@wip.tu-berlin.de>
World,HMHI_Biomass,2060,536.36,,MEUR/GW,same as 2050 for now,29.01.2025,Nikita Moskalenko <nim@wip.tu-berlin.de>
World,HMHI_Gas,2018,54.55,,MEUR/GW,,,
World,HMHI_Gas,2020,54.55,,MEUR/GW,,,
World,HMHI_Gas,2021,54.55,,MEUR/GW,Energy Agency Denmark (2022): Steam boiler gas,30.08.2024,Alena Diesing <ad@wip.tu-berlin.de>
World,HMHI_Gas,2025,50,,MEUR/GW,Energy Agency Denmark (2022): Steam boiler gas,30.08.2024,Alena Diesing <ad@wip.tu-berlin.de>
World,HMHI_Gas,2030,45.45,,MEUR/GW,Energy Agency Denmark (2022): Steam boiler gas,30.08.2024,Alena Diesing <ad@wip.tu-berlin.de>
World,HMHI_Gas,2035,45.45,,MEUR/GW,Energy Agency Denmark (2022): Steam boiler gas,30.08.2024,Alena Diesing <ad@wip.tu-berlin.de>
World,HMHI_Gas,2040,45.45,,MEUR/GW,Energy Agency Denmark (2022): Steam boiler gas,30.08.2024,Alena Diesing <ad@wip.tu-berlin.de>
World,HMHI_Gas,2045,45.45,,MEUR/GW,Energy Agency Denmark (2022): Steam boiler gas,30.08.2024,Alena Diesing <ad@wip.tu-berlin.de>
World,HMHI_Gas,2050,45.45,,MEUR/GW,Energy Agency Denmark (2022): Steam boiler gas,30.08.2024,Alena Diesing <ad@wip.tu-berlin.de>
World,HMHI_Gas,2055,45.45,,MEUR/GW,same as 2050 for now,29.01.2025,Nikita Moskalenko <nim@wip.tu-berlin.de>
World,HMHI_Gas,2060,45.45,,MEUR/GW,same as 2050 for now,29.01.2025,Nikita Moskalenko <nim@wip.tu-berlin.de>
World,HMHI_Gas_CCS,2018,96,,MEUR/GW,,,
World,HMHI_Gas_CCS,2020,96,,MEUR/GW,,,
World,HMHI_Gas_CCS,2021,96,,MEUR/GW,Assumption: same increase for CCS like CHP_Gas_CCGT_Natural,04.09.2024,Alena Diesing <ad@wip.tu-berlin.de>
World,HMHI_Gas_CCS,2025,88,,MEUR/GW,Assumption: same increase for CCS like CHP_Gas_CCGT_Natural,04.09.2024,Alena Diesing <ad@wip.tu-berlin.de>
World,HMHI_Gas_CCS,2030,80,,MEUR/GW,Assumption: same increase for CCS like CHP_Gas_CCGT_Natural,04.09.2024,Alena Diesing <ad@wip.tu-berlin.de>
World,HMHI_Gas_CCS,2035,80,,MEUR/GW,Assumption: same increase for CCS like CHP_Gas_CCGT_Natural,04.09.2024,Alena Diesing <ad@wip.tu-berlin.de>
World,HMHI_Gas_CCS,2040,80,,MEUR/GW,Assumption: same increase for CCS like CHP_Gas_CCGT_Natural,04.09.2024,Alena Diesing <ad@wip.tu-berlin.de>
World,HMHI_Gas_CCS,2045,80,,MEUR/GW,Assumption: same increase for CCS like CHP_Gas_CCGT_Natural,04.09.2024,Alena Diesing <ad@wip.tu-berlin.de>
World,HMHI_Gas_CCS,2050,80,,MEUR/GW,Assumption: same increase for CCS like CHP_Gas_CCGT_Natural,04.09.2024,Alena Diesing <ad@wip.tu-berlin.de>
World,HMHI_Gas_CCS,2055,80,,MEUR/GW,same as 2050 for now,29.01.2025,Nikita Moskalenko <nim@wip.tu-berlin.de>
World,HMHI_Gas_CCS,2060,80,,MEUR/GW,same as 2050 for now,29.01.2025,Nikita Moskalenko <nim@wip.tu-berlin.de>
World,HMHI_H2,2018,70.91,,MEUR/GW,,,
World,HMHI_H2,2020,70.91,,MEUR/GW,,,
World,HMHI_H2,2021,70.91,,MEUR/GW,130% of HMHI_Gas - Ricardo-AEA (2012),30.08.2024,Alena Diesing <ad@wip.tu-berlin.de>
World,HMHI_H2,2025,65,,MEUR/GW,130% of HMHI_Gas - Ricardo-AEA (2012),30.08.2024,Alena Diesing <ad@wip.tu-berlin.de>
World,HMHI_H2,2030,59.09,,MEUR/GW,130% of HMHI_Gas - Ricardo-AEA (2012),30.08.2024,Alena Diesing <ad@wip.tu-berlin.de>
World,HMHI_H2,2035,59.09,,MEUR/GW,130% of HMHI_Gas - Ricardo-AEA (2012),30.08.2024,Alena Diesing <ad@wip.tu-berlin.de>
World,HMHI_H2,2040,59.09,,MEUR/GW,130% of HMHI_Gas - Ricardo-AEA (2012),30.08.2024,Alena Diesing <ad@wip.tu-berlin.de>
World,HMHI_H2,2045,59.09,,MEUR/GW,130% of HMHI_Gas - Ricardo-AEA (2012),30.08.2024,Alena Diesing <ad@wip.tu-berlin.de>
World,HMHI_H2,2050,59.09,,MEUR/GW,130% of HMHI_Gas - Ricardo-AEA (2012),30.08.2024,Alena Diesing <ad@wip.tu-berlin.de>
World,HMHI_H2,2055,59.09,,MEUR/GW,same as 2050 for now,29.01.2025,Nikita Moskalenko <nim@wip.tu-berlin.de>
World,HMHI_H2,2060,59.09,,MEUR/GW,same as 2050 for now,29.01.2025,Nikita Moskalenko <nim@wip.tu-berlin.de>
World,HMHI_HardCoal,2018,500,,MEUR/GW,,,
World,HMHI_HardCoal,2020,500,,MEUR/GW,,,
World,HMHI_HardCoal,2021,500,,MEUR/GW,Energy Agency Denmark (2022): Steam boiler Coal,30.08.2024,Alena Diesing <ad@wip.tu-berlin.de>
World,HMHI_HardCoal,2025,482.88,,MEUR/GW,Energy Agency Denmark (2022): Steam boiler Coal,30.08.2024,Alena Diesing <ad@wip.tu-berlin.de>
World,HMHI_HardCoal,2030,465.76,,MEUR/GW,Energy Agency Denmark (2022): Steam boiler Coal,30.08.2024,Alena Diesing <ad@wip.tu-berlin.de>
World,HMHI_HardCoal,2035,455.88,,MEUR/GW,Energy Agency Denmark (2022): Steam boiler Coal,30.08.2024,Alena Diesing <ad@wip.tu-berlin.de>
World,HMHI_HardCoal,2040,446,,MEUR/GW,Energy Agency Denmark (2022): Steam boiler Coal,30.08.2024,Alena Diesing <ad@wip.tu-berlin.de>
World,HMHI_HardCoal,2045,443.23,,MEUR/GW,Energy Agency Denmark (2022): Steam boiler Coal,30.08.2024,Alena Diesing <ad@wip.tu-berlin.de>
World,HMHI_HardCoal,2050,440.46,,MEUR/GW,Energy Agency Denmark (2022): Steam boiler Coal,30.08.2024,Alena Diesing <ad@wip.tu-berlin.de>
World,HMHI_HardCoal,2055,440.46,,MEUR/GW,same as 2050 for now,29.01.2025,Nikita Moskalenko <nim@wip.tu-berlin.de>
World,HMHI_HardCoal,2060,440.46,,MEUR/GW,same as 2050 for now,29.01.2025,Nikita Moskalenko <nim@wip.tu-berlin.de>
World,HMHI_HardCoal_CCS,2018,815,,MEUR/GW,,,
World,HMHI_HardCoal_CCS,2020,815,,MEUR/GW,,,
World,HMHI_HardCoal_CCS,2021,815,,MEUR/GW,Assumption: same increase for CCS like CHP_Hardcoal,04.09.2024,Alena Diesing <ad@wip.tu-berlin.de>
World,HMHI_HardCoal_CCS,2025,787.1,,MEUR/GW,Assumption: same increase for CCS like CHP_Hardcoal,04.09.2024,Alena Diesing <ad@wip.tu-berlin.de>
World,HMHI_HardCoal_CCS,2030,759.2,,MEUR/GW,Assumption: same increase for CCS like CHP_Hardcoal,04.09.2024,Alena Diesing <ad@wip.tu-berlin.de>
World,HMHI_HardCoal_CCS,2035,743.09,,MEUR/GW,Assumption: same increase for CCS like CHP_Hardcoal,04.09.2024,Alena Diesing <ad@wip.tu-berlin.de>
World,HMHI_HardCoal_CCS,2040,726.98,,MEUR/GW,Assumption: same increase for CCS like CHP_Hardcoal,04.09.2024,Alena Diesing <ad@wip.tu-berlin.de>
World,HMHI_HardCoal_CCS,2045,722.46,,MEUR/GW,Assumption: same increase for CCS like CHP_Hardcoal,04.09.2024,Alena Diesing <ad@wip.tu-berlin.de>
World,HMHI_HardCoal_CCS,2050,717.94,,MEUR/GW,Assumption: same increase for CCS like CHP_Hardcoal,04.09.2024,Alena Diesing <ad@wip.tu-berlin.de>
World,HMHI_HardCoal_CCS,2055,717.94,,MEUR/GW,same as 2050 for now,29.01.2025,Nikita Moskalenko <nim@wip.tu-berlin.de>
World,HMHI_HardCoal_CCS,2060,717.94,,MEUR/GW,same as 2050 for now,29.01.2025,Nikita Moskalenko <nim@wip.tu-berlin.de>
World,HMHI_Oil,2018,55,,MEUR/GW,,,
World,HMHI_Oil,2020,55,,MEUR/GW,,,
World,HMHI_Oil,2021,55,,MEUR/GW,Energy Agency Denmark (2022): Steam boiler Oil,30.08.2024,Alena Diesing <ad@wip.tu-berlin.de>
World,HMHI_Oil,2025,50.79,,MEUR/GW,Energy Agency Denmark (2022): Steam boiler Oil,30.08.2024,Alena Diesing <ad@wip.tu-berlin.de>
World,HMHI_Oil,2030,46.58,,MEUR/GW,Energy Agency Denmark (2022): Steam boiler Oil,30.08.2024,Alena Diesing <ad@wip.tu-berlin.de>
World,HMHI_Oil,2035,45.59,,MEUR/GW,Energy Agency Denmark (2022): Steam boiler Oil,30.08.2024,Alena Diesing <ad@wip.tu-berlin.de>
World,HMHI_Oil,2040,44.6,,MEUR/GW,Energy Agency Denmark (2022): Steam boiler Oil,30.08.2024,Alena Diesing <ad@wip.tu-berlin.de>
World,HMHI_Oil,2045,44.32,,MEUR/GW,Energy Agency Denmark (2022): Steam boiler Oil,30.08.2024,Alena Diesing <ad@wip.tu-berlin.de>
World,HMHI_Oil,2050,44.05,,MEUR/GW,Energy Agency Denmark (2022): Steam boiler Oil,30.08.2024,Alena Diesing <ad@wip.tu-berlin.de>
World,HMHI_Oil,2055,44.05,,MEUR/GW,same as 2050 for now,29.01.2025,Nikita Moskalenko <nim@wip.tu-berlin.de>
World,HMHI_Oil,2060,44.05,,MEUR/GW,same as 2050 for now,29.01.2025,Nikita Moskalenko <nim@wip.tu-berlin.de>
World,HMHI_Steam_Electric,2018,95.56,,MEUR/GW,,,
World,HMHI_Steam_Electric,2020,95.56,,MEUR/GW,,,
World,HMHI_Steam_Electric,2021,95.56,,MEUR/GW,Energy Agency Denmark (2022): Electric boiler steam 10kV,30.08.2024,Alena Diesing <ad@wip.tu-berlin.de>
World,HMHI_Steam_Electric,2025,89.58,,MEUR/GW,Energy Agency Denmark (2022): Electric boiler steam 10kV,30.08.2024,Alena Diesing <ad@wip.tu-berlin.de>
World,HMHI_Steam_Electric,2030,83.61,,MEUR/GW,Energy Agency Denmark (2022): Electric boiler steam 10kV,30.08.2024,Alena Diesing <ad@wip.tu-berlin.de>
World,HMHI_Steam_Electric,2035,83.61,,MEUR/GW,Energy Agency Denmark (2022): Electric boiler steam 10kV,30.08.2024,Alena Diesing <ad@wip.tu-berlin.de>
World,HMHI_Steam_Electric,2040,83.61,,MEUR/GW,Energy Agency Denmark (2022): Electric boiler steam 10kV,30.08.2024,Alena Diesing <ad@wip.tu-berlin.de>
World,HMHI_Steam_Electric,2045,83.61,,MEUR/GW,Energy Agency Denmark (2022): Electric boiler steam 10kV,30.08.2024,Alena Diesing <ad@wip.tu-berlin.de>
World,HMHI_Steam_Electric,2050,83.61,,MEUR/GW,Energy Agency Denmark (2022): Electric boiler steam 10kV,30.08.2024,Alena Diesing <ad@wip.tu-berlin.de>
World,HMHI_Steam_Electric,2055,83.61,,MEUR/GW,same as 2050 for now,29.01.2025,Nikita Moskalenko <nim@wip.tu-berlin.de>
World,HMHI_Steam_Electric,2060,83.61,,MEUR/GW,same as 2050 for now,29.01.2025,Nikita Moskalenko <nim@wip.tu-berlin.de>
World,HMLI_Heatpump,2018,853.33,,MEUR/GW,DEA – Technology data for industrial process heat - heat pump up to 125 to 150 C - see Assumption.txt ,13.12.2023,Frida Sather <frida.sather@sintef.no>
World,HMLI_Heatpump,2020,1183.33,,MEUR/GW,DEA – Technology data for industrial process heat - heat pump up to 125 to 150 C - see Assumption.txt ,13.12.2023,Frida Sather <frida.sather@sintef.no>
World,HMLI_Heatpump,2021,1183.33,,MEUR/GW,DEA – Technology data for industrial process heat - heat pump up to 125 to 150 C - see Assumption.txt ,13.12.2023,Frida Sather <frida.sather@sintef.no>
World,HMLI_Heatpump,2025,1096.67,,MEUR/GW,DEA – Technology data for industrial process heat - heat pump up to 125 to 150 C - see Assumption.txt ,13.12.2023,Frida Sather <frida.sather@sintef.no>
World,HMLI_Heatpump,2030,1010,,MEUR/GW,DEA – Technology data for industrial process heat - heat pump up to 125 to 150 C - see Assumption.txt ,13.12.2023,Frida Sather <frida.sather@sintef.no>
World,HMLI_Heatpump,2035,946.67,,MEUR/GW,DEA – Technology data for industrial process heat - heat pump up to 125 to 150 C - see Assumption.txt ,13.12.2023,Frida Sather <frida.sather@sintef.no>
World,HMLI_Heatpump,2040,883.33,,MEUR/GW,DEA – Technology data for industrial process heat - heat pump up to 125 to 150 C - see Assumption.txt ,13.12.2023,Frida Sather <frida.sather@sintef.no>
World,HMLI_Heatpump,2045,853.33,,MEUR/GW,DEA – Technology data for industrial process heat - heat pump up to 125 to 150 C - see Assumption.txt ,13.12.2023,Frida Sather <frida.sather@sintef.no>
World,HMLI_Heatpump,2050,823.33,,MEUR/GW,DEA – Technology data for industrial process heat - heat pump up to 125 to 150 C - see Assumption.txt ,,
World,HMLI_Heatpump,2055,823.33,,MEUR/GW,same as 2050 for now,29.01.2025,Nikita Moskalenko <nim@wip.tu-berlin.de>
World,HMLI_Heatpump,2060,823.33,,MEUR/GW,same as 2050 for now,29.01.2025,Nikita Moskalenko <nim@wip.tu-berlin.de>
World,PSNG_Air_Bio,2018,395.1802903,,MEUR/Gpkm/year,,,
World,PSNG_Air_Bio,2020,395.1802903,,MEUR/Gpkm/year,,,
World,PSNG_Air_Bio,2021,395.1802903,,MEUR/Gpkm/year,see transport.xlsx,26.08.2024,Alena Diesing <ad@wip.tu-berlin.de>
World,PSNG_Air_Bio,2025,379.1987345,,MEUR/Gpkm/year,see transport.xlsx,26.08.2024,Alena Diesing <ad@wip.tu-berlin.de>
World,PSNG_Air_Bio,2030,363.2171786,,MEUR/Gpkm/year,see transport.xlsx,26.08.2024,Alena Diesing <ad@wip.tu-berlin.de>
World,PSNG_Air_Bio,2035,363.2171786,,MEUR/Gpkm/year,see transport.xlsx,26.08.2024,Alena Diesing <ad@wip.tu-berlin.de>
World,PSNG_Air_Bio,2040,363.2171786,,MEUR/Gpkm/year,see transport.xlsx,26.08.2024,Alena Diesing <ad@wip.tu-berlin.de>
World,PSNG_Air_Bio,2045,363.2171786,,MEUR/Gpkm/year,see transport.xlsx,26.08.2024,Alena Diesing <ad@wip.tu-berlin.de>
World,PSNG_Air_Bio,2050,363,,MEUR/Gpkm/year,see transport.xlsx,26.08.2024,Alena Diesing <ad@wip.tu-berlin.de>
World,PSNG_Air_Bio,2055,363,,MEUR/Gpkm/year,same as 2050 for now,29.01.2025,Nikita Moskalenko <nim@wip.tu-berlin.de>
World,PSNG_Air_Bio,2060,363,,MEUR/Gpkm/year,same as 2050 for now,29.01.2025,Nikita Moskalenko <nim@wip.tu-berlin.de>
World,PSNG_Air_Conv,2018,395.1802903,,MEUR/Gpkm/year,,,
World,PSNG_Air_Conv,2020,395.1802903,,MEUR/Gpkm/year,,,
World,PSNG_Air_Conv,2021,395.1802903,,MEUR/Gpkm/year,see transport.xlsx,26.08.2024,Alena Diesing <ad@wip.tu-berlin.de>
World,PSNG_Air_Conv,2025,379.1987345,,MEUR/Gpkm/year,see transport.xlsx,26.08.2024,Alena Diesing <ad@wip.tu-berlin.de>
World,PSNG_Air_Conv,2030,363.2171786,,MEUR/Gpkm/year,see transport.xlsx,26.08.2024,Alena Diesing <ad@wip.tu-berlin.de>
World,PSNG_Air_Conv,2035,363.2171786,,MEUR/Gpkm/year,see transport.xlsx,26.08.2024,Alena Diesing <ad@wip.tu-berlin.de>
World,PSNG_Air_Conv,2040,363.2171786,,MEUR/Gpkm/year,see transport.xlsx,26.08.2024,Alena Diesing <ad@wip.tu-berlin.de>
World,PSNG_Air_Conv,2045,363.2171786,,MEUR/Gpkm/year,see transport.xlsx,26.08.2024,Alena Diesing <ad@wip.tu-berlin.de>
World,PSNG_Air_Conv,2050,363.2171786,,MEUR/Gpkm/year,see transport.xlsx,26.08.2024,Alena Diesing <ad@wip.tu-berlin.de>
World,PSNG_Air_Conv,2055,363.2171786,,MEUR/Gpkm/year,same as 2050 for now,29.01.2025,Nikita Moskalenko <nim@wip.tu-berlin.de>
World,PSNG_Air_Conv,2060,363.2171786,,MEUR/Gpkm/year,same as 2050 for now,29.01.2025,Nikita Moskalenko <nim@wip.tu-berlin.de>
World,PSNG_Air_H2,2018,464.9179886,,MEUR/Gpkm/year,,,
World,PSNG_Air_H2,2020,464.9179886,,MEUR/Gpkm/year,,,
World,PSNG_Air_H2,2021,464.9179886,,MEUR/Gpkm/year,see transport.xlsx,26.08.2024,Alena Diesing <ad@wip.tu-berlin.de>
World,PSNG_Air_H2,2025,464.9179886,,MEUR/Gpkm/year,see transport.xlsx,26.08.2024,Alena Diesing <ad@wip.tu-berlin.de>
World,PSNG_Air_H2,2030,464.9179886,,MEUR/Gpkm/year,see transport.xlsx,26.08.2024,Alena Diesing <ad@wip.tu-berlin.de>
World,PSNG_Air_H2,2035,450.3893015,,MEUR/Gpkm/year,see transport.xlsx,26.08.2024,Alena Diesing <ad@wip.tu-berlin.de>
World,PSNG_Air_H2,2040,435.8606144,,MEUR/Gpkm/year,see transport.xlsx,26.08.2024,Alena Diesing <ad@wip.tu-berlin.de>
World,PSNG_Air_H2,2045,431.5020082,,MEUR/Gpkm/year,see transport.xlsx,26.08.2024,Alena Diesing <ad@wip.tu-berlin.de>
World,PSNG_Air_H2,2050,427.1434021,,MEUR/Gpkm/year,see transport.xlsx,26.08.2024,Alena Diesing <ad@wip.tu-berlin.de>
World,PSNG_Air_H2,2055,427.1434021,,MEUR/Gpkm/year,same as 2050 for now,29.01.2025,Nikita Moskalenko <nim@wip.tu-berlin.de>
World,PSNG_Air_H2,2060,427.1434021,,MEUR/Gpkm/year,same as 2050 for now,29.01.2025,Nikita Moskalenko <nim@wip.tu-berlin.de>
World,PSNG_Rail_Conv,2018,120.8298612,,MEUR/Gpkm/year,,,
World,PSNG_Rail_Conv,2020,120.8298612,,MEUR/Gpkm/year,,,
World,PSNG_Rail_Conv,2021,120.8298612,,MEUR/Gpkm/year,see transport.xlsx,26.08.2024,Alena Diesing <ad@wip.tu-berlin.de>
World,PSNG_Rail_Conv,2025,117.1683502,,MEUR/Gpkm/year,see transport.xlsx,26.08.2024,Alena Diesing <ad@wip.tu-berlin.de>
World,PSNG_Rail_Conv,2030,113.5068393,,MEUR/Gpkm/year,see transport.xlsx,26.08.2024,Alena Diesing <ad@wip.tu-berlin.de>
World,PSNG_Rail_Conv,2035,113.5068393,,MEUR/Gpkm/year,see transport.xlsx,26.08.2024,Alena Diesing <ad@wip.tu-berlin.de>
World,PSNG_Rail_Conv,2040,113.5068393,,MEUR/Gpkm/year,see transport.xlsx,26.08.2024,Alena Diesing <ad@wip.tu-berlin.de>
World,PSNG_Rail_Conv,2045,113.5068393,,MEUR/Gpkm/year,see transport.xlsx,26.08.2024,Alena Diesing <ad@wip.tu-berlin.de>
World,PSNG_Rail_Conv,2050,113.5068393,,MEUR/Gpkm/year,see transport.xlsx,26.08.2024,Alena Diesing <ad@wip.tu-berlin.de>
World,PSNG_Rail_Conv,2055,113.5068393,,MEUR/Gpkm/year,same as 2050 for now,29.01.2025,Nikita Moskalenko <nim@wip.tu-berlin.de>
World,PSNG_Rail_Conv,2060,113.5068393,,MEUR/Gpkm/year,same as 2050 for now,29.01.2025,Nikita Moskalenko <nim@wip.tu-berlin.de>
World,PSNG_Rail_Electric,2018,163.5474889,,MEUR/Gpkm/year,,,
World,PSNG_Rail_Electric,2020,163.5474889,,MEUR/Gpkm/year,,,
World,PSNG_Rail_Electric,2021,163.5474889,,MEUR/Gpkm/year,see transport.xlsx,26.08.2024,Alena Diesing <ad@wip.tu-berlin.de>
World,PSNG_Rail_Electric,2025,159.2757261,,MEUR/Gpkm/year,see transport.xlsx,26.08.2024,Alena Diesing <ad@wip.tu-berlin.de>
World,PSNG_Rail_Electric,2030,155.0039633,,MEUR/Gpkm/year,see transport.xlsx,26.08.2024,Alena Diesing <ad@wip.tu-berlin.de>
World,PSNG_Rail_Electric,2035,155.0039633,,MEUR/Gpkm/year,see transport.xlsx,26.08.2024,Alena Diesing <ad@wip.tu-berlin.de>
World,PSNG_Rail_Electric,2040,155.0039633,,MEUR/Gpkm/year,see transport.xlsx,26.08.2024,Alena Diesing <ad@wip.tu-berlin.de>
World,PSNG_Rail_Electric,2045,155.0039633,,MEUR/Gpkm/year,see transport.xlsx,26.08.2024,Alena Diesing <ad@wip.tu-berlin.de>
World,PSNG_Rail_Electric,2050,155.0039633,,MEUR/Gpkm/year,see transport.xlsx,26.08.2024,Alena Diesing <ad@wip.tu-berlin.de>
World,PSNG_Rail_Electric,2055,155.0039633,,MEUR/Gpkm/year,same as 2050 for now,29.01.2025,Nikita Moskalenko <nim@wip.tu-berlin.de>
World,PSNG_Rail_Electric,2060,155.0039633,,MEUR/Gpkm/year,same as 2050 for now,29.01.2025,Nikita Moskalenko <nim@wip.tu-berlin.de>
World,PSNG_Road_BEV,2018,1322.407407,,MEUR/Gpkm/year,see transport.xlsx,18.02.2025,Konstantin Loffler <kl@wip.tu-berlin.de>
World,PSNG_Road_BEV,2020,1322.407407,,MEUR/Gpkm/year,see transport.xlsx,18.02.2025,Konstantin Loffler <kl@wip.tu-berlin.de>
World,PSNG_Road_BEV,2021,1322.407407,,MEUR/Gpkm/year,see transport.xlsx,18.02.2025,Konstantin Loffler <kl@wip.tu-berlin.de>
World,PSNG_Road_BEV,2025,1038.287,,MEUR/Gpkm/year,see transport.xlsx,24.04.2025,Nikita Moskalenko <nim@wip.tu-berlin.de>
World,PSNG_Road_BEV,2030,754.1667,,MEUR/Gpkm/year,see transport.xlsx,24.04.2025,Nikita Moskalenko <nim@wip.tu-berlin.de>
World,PSNG_Road_BEV,2035,727.0833,,MEUR/Gpkm/year,see transport.xlsx,24.04.2025,Nikita Moskalenko <nim@wip.tu-berlin.de>
World,PSNG_Road_BEV,2040,700,,MEUR/Gpkm/year,see transport.xlsx,24.04.2025,Nikita Moskalenko <nim@wip.tu-berlin.de>
World,PSNG_Road_BEV,2045,672.9167,,MEUR/Gpkm/year,see transport.xlsx,24.04.2025,Nikita Moskalenko <nim@wip.tu-berlin.de>
World,PSNG_Road_BEV,2050,645.8333,,MEUR/Gpkm/year,see transport.xlsx,24.04.2025,Nikita Moskalenko <nim@wip.tu-berlin.de>
World,PSNG_Road_BEV,2055,645.8333,,MEUR/Gpkm/year,same as 2050 for now,24.04.2025,Nikita Moskalenko <nim@wip.tu-berlin.de>
World,PSNG_Road_BEV,2060,645.8333,,MEUR/Gpkm/year,same as 2050 for now,24.04.2025,Nikita Moskalenko <nim@wip.tu-berlin.de>
World,PSNG_Road_H2,2018,2502.685185,,MEUR/Gpkm/year,see transport.xlsx,18.02.2025,Konstantin Loffler <kl@wip.tu-berlin.de>
World,PSNG_Road_H2,2020,2502.685185,,MEUR/Gpkm/year,see transport.xlsx,18.02.2025,Konstantin Loffler <kl@wip.tu-berlin.de>
World,PSNG_Road_H2,2021,2502.685185,,MEUR/Gpkm/year,see transport.xlsx,18.02.2025,Konstantin Loffler <kl@wip.tu-berlin.de>
World,PSNG_Road_H2,2025,1718.2407,,MEUR/Gpkm/year,see transport.xlsx,18.02.2025,Konstantin Loffler <kl@wip.tu-berlin.de>
World,PSNG_Road_H2,2030,933.7963,,MEUR/Gpkm/year,see transport.xlsx,18.02.2025,Konstantin Loffler <kl@wip.tu-berlin.de>
World,PSNG_Road_H2,2035,864.5833,,MEUR/Gpkm/year,see transport.xlsx,18.02.2025,Konstantin Loffler <kl@wip.tu-berlin.de>
World,PSNG_Road_H2,2040,795.3704,,MEUR/Gpkm/year,see transport.xlsx,18.02.2025,Konstantin Loffler <kl@wip.tu-berlin.de>
World,PSNG_Road_H2,2045,726.1574,,MEUR/Gpkm/year,see transport.xlsx,18.02.2025,Konstantin Loffler <kl@wip.tu-berlin.de>
World,PSNG_Road_H2,2050,656.9444,,MEUR/Gpkm/year,see transport.xlsx,18.02.2025,Konstantin Loffler <kl@wip.tu-berlin.de>
World,PSNG_Road_H2,2055,656.9444,,MEUR/Gpkm/year,same as 2050 for now,18.02.2025,Konstantin Loffler <kl@wip.tu-berlin.de>
World,PSNG_Road_H2,2060,656.9444,,MEUR/Gpkm/year,same as 2050 for now,18.02.2025,Konstantin Loffler <kl@wip.tu-berlin.de>
World,PSNG_Road_ICE,2018,1016.527778,,MEUR/Gpkm/year,see transport.xlsx,18.02.2025,Konstantin Loffler <kl@wip.tu-berlin.de>
World,PSNG_Road_ICE,2020,1016.527778,,MEUR/Gpkm/year,see transport.xlsx,18.02.2025,Konstantin Loffler <kl@wip.tu-berlin.de>
World,PSNG_Road_ICE,2021,1016.527778,,MEUR/Gpkm/year,see transport.xlsx,18.02.2025,Konstantin Loffler <kl@wip.tu-berlin.de>
World,PSNG_Road_ICE,2025,892.0602,,MEUR/Gpkm/year,see transport.xlsx,18.02.2025,Konstantin Loffler <kl@wip.tu-berlin.de>
World,PSNG_Road_ICE,2030,767.5926,,MEUR/Gpkm/year,see transport.xlsx,18.02.2025,Konstantin Loffler <kl@wip.tu-berlin.de>
World,PSNG_Road_ICE,2035,767.5926,,MEUR/Gpkm/year,see transport.xlsx,18.02.2025,Konstantin Loffler <kl@wip.tu-berlin.de>
World,PSNG_Road_ICE,2040,767.5926,,MEUR/Gpkm/year,see transport.xlsx,18.02.2025,Konstantin Loffler <kl@wip.tu-berlin.de>
World,PSNG_Road_ICE,2045,767.5926,,MEUR/Gpkm/year,see transport.xlsx,18.02.2025,Konstantin Loffler <kl@wip.tu-berlin.de>
World,PSNG_Road_ICE,2050,767.5926,,MEUR/Gpkm/year,see transport.xlsx,18.02.2025,Konstantin Loffler <kl@wip.tu-berlin.de>
World,PSNG_Road_ICE,2055,767.5926,,MEUR/Gpkm/year,same as 2050 for now,18.02.2025,Konstantin Loffler <kl@wip.tu-berlin.de>
World,PSNG_Road_ICE,2060,767.5926,,MEUR/Gpkm/year,same as 2050 for now,18.02.2025,Konstantin Loffler <kl@wip.tu-berlin.de>
World,PSNG_Road_LNG,2018,1086.62037,,MEUR/Gpkm/year,see transport.xlsx,18.02.2025,Konstantin Loffler <kl@wip.tu-berlin.de>
World,PSNG_Road_LNG,2020,1086.62037,,MEUR/Gpkm/year,see transport.xlsx,18.02.2025,Konstantin Loffler <kl@wip.tu-berlin.de>
World,PSNG_Road_LNG,2021,1086.62037,,MEUR/Gpkm/year,see transport.xlsx,18.02.2025,Konstantin Loffler <kl@wip.tu-berlin.de>
World,PSNG_Road_LNG,2025,958.3565,,MEUR/Gpkm/year,see transport.xlsx,18.02.2025,Konstantin Loffler <kl@wip.tu-berlin.de>
World,PSNG_Road_LNG,2030,830.0926,,MEUR/Gpkm/year,see transport.xlsx,18.02.2025,Konstantin Loffler <kl@wip.tu-berlin.de>
World,PSNG_Road_LNG,2035,830.0926,,MEUR/Gpkm/year,see transport.xlsx,18.02.2025,Konstantin Loffler <kl@wip.tu-berlin.de>
World,PSNG_Road_LNG,2040,830.0926,,MEUR/Gpkm/year,see transport.xlsx,18.02.2025,Konstantin Loffler <kl@wip.tu-berlin.de>
World,PSNG_Road_LNG,2045,830.0926,,MEUR/Gpkm/year,see transport.xlsx,18.02.2025,Konstantin Loffler <kl@wip.tu-berlin.de>
World,PSNG_Road_LNG,2050,830.0926,,MEUR/Gpkm/year,see transport.xlsx,18.02.2025,Konstantin Loffler <kl@wip.tu-berlin.de>
World,PSNG_Road_LNG,2055,830.0926,,MEUR/Gpkm/year,same as 2050 for now,18.02.2025,Konstantin Loffler <kl@wip.tu-berlin.de>
World,PSNG_Road_LNG,2060,830.0926,,MEUR/Gpkm/year,same as 2050 for now,18.02.2025,Konstantin Loffler <kl@wip.tu-berlin.de>
World,PSNG_Road_PHEV,2018,1376.527778,,MEUR/Gpkm/year,see transport.xlsx,18.02.2025,Konstantin Loffler <kl@wip.tu-berlin.de>
World,PSNG_Road_PHEV,2020,1376.527778,,MEUR/Gpkm/year,see transport.xlsx,18.02.2025,Konstantin Loffler <kl@wip.tu-berlin.de>
World,PSNG_Road_PHEV,2021,1376.527778,,MEUR/Gpkm/year,see transport.xlsx,18.02.2025,Konstantin Loffler <kl@wip.tu-berlin.de>
World,PSNG_Road_PHEV,2025,1068.8194,,MEUR/Gpkm/year,see transport.xlsx,18.02.2025,Konstantin Loffler <kl@wip.tu-berlin.de>
World,PSNG_Road_PHEV,2030,761.1111,,MEUR/Gpkm/year,see transport.xlsx,18.02.2025,Konstantin Loffler <kl@wip.tu-berlin.de>
World,PSNG_Road_PHEV,2035,740.0463,,MEUR/Gpkm/year,see transport.xlsx,18.02.2025,Konstantin Loffler <kl@wip.tu-berlin.de>
World,PSNG_Road_PHEV,2040,718.9815,,MEUR/Gpkm/year,see transport.xlsx,18.02.2025,Konstantin Loffler <kl@wip.tu-berlin.de>
World,PSNG_Road_PHEV,2045,697.9167,,MEUR/Gpkm/year,see transport.xlsx,18.02.2025,Konstantin Loffler <kl@wip.tu-berlin.de>
World,PSNG_Road_PHEV,2050,676.8519,,MEUR/Gpkm/year,see transport.xlsx,18.02.2025,Konstantin Loffler <kl@wip.tu-berlin.de>
World,PSNG_Road_PHEV,2055,676.8519,,MEUR/Gpkm/year,same as 2050 for now,18.02.2025,Konstantin Loffler <kl@wip.tu-berlin.de>
World,PSNG_Road_PHEV,2060,676.8519,,MEUR/Gpkm/year,same as 2050 for now,18.02.2025,Konstantin Loffler <kl@wip.tu-berlin.de>
World,P_Biomass,2018,2620,,MEUR/GW,Biomass - New Fluidised Bed Boiler- Table 1.7- High cost of slow energy transitions for emerging countries: On the case of Egypt's pathway options- Appendix A Supplementary data,08.09.2023,Luka Garibashvili <lukaga@stud.ntnu.no>
World,P_Biomass,2020,2620,,MEUR/GW,Biomass - New Fluidised Bed Boiler- Table 1.7- High cost of slow energy transitions for emerging countries: On the case of Egypt's pathway options- Appendix A Supplementary data,08.09.2023,Luka Garibashvili <lukaga@stud.ntnu.no>
World,P_Biomass,2021,2000,,MEUR/GW,Steam turbine biomass solid conventional-https://energy.ec.europa.eu/data-and-analysis/energy-modelling/eu-reference-scenario-2020_en,20.08.2024,Alena Diesing <ad@wip.tu-berlin.de>
World,P_Biomass,2025,1900,,MEUR/GW,Steam turbine biomass solid conventional-https://energy.ec.europa.eu/data-and-analysis/energy-modelling/eu-reference-scenario-2020_en,20.08.2024,Alena Diesing <ad@wip.tu-berlin.de>
World,P_Biomass,2030,1800,,MEUR/GW,Steam turbine biomass solid conventional-https://energy.ec.europa.eu/data-and-analysis/energy-modelling/eu-reference-scenario-2020_en,20.08.2024,Alena Diesing <ad@wip.tu-berlin.de>
World,P_Biomass,2035,1750,,MEUR/GW,Steam turbine biomass solid conventional-https://energy.ec.europa.eu/data-and-analysis/energy-modelling/eu-reference-scenario-2020_en,20.08.2024,Alena Diesing <ad@wip.tu-berlin.de>
World,P_Biomass,2040,1700,,MEUR/GW,Steam turbine biomass solid conventional-https://energy.ec.europa.eu/data-and-analysis/energy-modelling/eu-reference-scenario-2020_en,20.08.2024,Alena Diesing <ad@wip.tu-berlin.de>
World,P_Biomass,2045,1700,,MEUR/GW,Steam turbine biomass solid conventional-https://energy.ec.europa.eu/data-and-analysis/energy-modelling/eu-reference-scenario-2020_en,20.08.2024,Alena Diesing <ad@wip.tu-berlin.de>
World,P_Biomass,2050,1700,,MEUR/GW,Steam turbine biomass solid conventional-https://energy.ec.europa.eu/data-and-analysis/energy-modelling/eu-reference-scenario-2020_en,20.08.2024,Alena Diesing <ad@wip.tu-berlin.de>
World,P_Biomass,2055,1700,,MEUR/GW,same as 2050 for now,29.01.2025,Nikita Moskalenko <nim@wip.tu-berlin.de>
World,P_Biomass,2060,1700,,MEUR/GW,same as 2050 for now,29.01.2025,Nikita Moskalenko <nim@wip.tu-berlin.de>
World,P_Biomass_CCS,2018,4050,,MEUR/GW,Steam turbine biomass solid conventional w.CCS- Power&Heat- EU Reference Scenario 2020,08.09.2023,Luka Garibashvili <lukaga@stud.ntnu.no>
World,P_Biomass_CCS,2020,4050,,MEUR/GW,Steam turbine biomass solid conventional w.CCS- Power&Heat- EU Reference Scenario 2020,08.09.2023,Luka Garibashvili <lukaga@stud.ntnu.no>
World,P_Biomass_CCS,2021,4050,,MEUR/GW,Steam turbine biomass solid conventional w.CCS- Power&Heat- EU Reference Scenario 2020,08.09.2023,Luka Garibashvili <lukaga@stud.ntnu.no>
World,P_Biomass_CCS,2025,3862.5,,MEUR/GW,Steam turbine biomass solid conventional w.CCS- Power&Heat- EU Reference Scenario 2020,08.09.2023,Luka Garibashvili <lukaga@stud.ntnu.no>
World,P_Biomass_CCS,2030,3675,,MEUR/GW,Steam turbine biomass solid conventional w.CCS- Power&Heat- EU Reference Scenario 2020,08.09.2023,Luka Garibashvili <lukaga@stud.ntnu.no>
World,P_Biomass_CCS,2035,3490,,MEUR/GW,Steam turbine biomass solid conventional w.CCS- Power&Heat- EU Reference Scenario 2020,08.09.2023,Luka Garibashvili <lukaga@stud.ntnu.no>
World,P_Biomass_CCS,2040,3305,,MEUR/GW,Steam turbine biomass solid conventional w.CCS- Power&Heat- EU Reference Scenario 2020,08.09.2023,Luka Garibashvili <lukaga@stud.ntnu.no>
World,P_Biomass_CCS,2045,3255,,MEUR/GW,Steam turbine biomass solid conventional w.CCS- Power&Heat- EU Reference Scenario 2020,08.09.2023,Luka Garibashvili <lukaga@stud.ntnu.no>
World,P_Biomass_CCS,2050,3205,,MEUR/GW,Steam turbine biomass solid conventional w.CCS- Power&Heat- EU Reference Scenario 2020,08.09.2023,Luka Garibashvili <lukaga@stud.ntnu.no>
World,P_Biomass_CCS,2055,3205,,MEUR/GW,same as 2050 for now,29.01.2025,Nikita Moskalenko <nim@wip.tu-berlin.de>
World,P_Biomass_CCS,2060,3205,,MEUR/GW,same as 2050 for now,29.01.2025,Nikita Moskalenko <nim@wip.tu-berlin.de>
World,P_CSP,2018,968,,MEUR/GW,,,
World,P_CSP,2020,968,,MEUR/GW,,,
World,P_CSP,2021,968,,MEUR/GW,CSP (solar field parabolic trough) - https://www.sciencedirect.com/science/article/pii/S096014812300486X,20.08.2024,Alena Diesing <ad@wip.tu-berlin.de>
World,P_CSP,2025,946,,MEUR/GW,CSP (solar field parabolic trough) - https://www.sciencedirect.com/science/article/pii/S096014812300486X,20.08.2024,Alena Diesing <ad@wip.tu-berlin.de>
World,P_CSP,2030,923,,MEUR/GW,CSP (solar field parabolic trough) - https://www.sciencedirect.com/science/article/pii/S096014812300486X,20.08.2024,Alena Diesing <ad@wip.tu-berlin.de>
World,P_CSP,2035,902,,MEUR/GW,CSP (solar field parabolic trough) - https://www.sciencedirect.com/science/article/pii/S096014812300486X,20.08.2024,Alena Diesing <ad@wip.tu-berlin.de>
World,P_CSP,2040,880,,MEUR/GW,CSP (solar field parabolic trough) - https://www.sciencedirect.com/science/article/pii/S096014812300486X,20.08.2024,Alena Diesing <ad@wip.tu-berlin.de>
World,P_CSP,2045,860,,MEUR/GW,CSP (solar field parabolic trough) - https://www.sciencedirect.com/science/article/pii/S096014812300486X,20.08.2024,Alena Diesing <ad@wip.tu-berlin.de>
World,P_CSP,2050,840,,MEUR/GW,CSP (solar field parabolic trough) - https://www.sciencedirect.com/science/article/pii/S096014812300486X,20.08.2024,Alena Diesing <ad@wip.tu-berlin.de>
World,P_CSP,2055,840,,MEUR/GW,same as 2050 for now,29.01.2025,Nikita Moskalenko <nim@wip.tu-berlin.de>
World,P_CSP,2060,840,,MEUR/GW,same as 2050 for now,29.01.2025,Nikita Moskalenko <nim@wip.tu-berlin.de>
World,P_Coal_Hardcoal,2018,1650,,MEUR/GW,Steam turbine coal supercritical- Power&Heat- EU Reference Scenario 2020,05.09.2023,Stian Backe <stian.backe@sintef.no>
World,P_Coal_Hardcoal,2020,1650,,MEUR/GW,Steam turbine coal supercritical- Power&Heat- EU Reference Scenario 2020,05.09.2023,Stian Backe <stian.backe@sintef.no>
World,P_Coal_Hardcoal,2021,1650,,MEUR/GW,Steam turbine coal supercritical- Power&Heat- EU Reference Scenario 2020,05.09.2023,Stian Backe <stian.backe@sintef.no>
World,P_Coal_Hardcoal,2025,1650,,MEUR/GW,Steam turbine coal supercritical- Power&Heat- EU Reference Scenario 2020,05.09.2023,Stian Backe <stian.backe@sintef.no>
World,P_Coal_Hardcoal,2030,1650,,MEUR/GW,Steam turbine coal supercritical- Power&Heat- EU Reference Scenario 2020,05.09.2023,Stian Backe <stian.backe@sintef.no>
World,P_Coal_Hardcoal,2035,1650,,MEUR/GW,Steam turbine coal supercritical- Power&Heat- EU Reference Scenario 2020,05.09.2023,Stian Backe <stian.backe@sintef.no>
World,P_Coal_Hardcoal,2040,1650,,MEUR/GW,Steam turbine coal supercritical- Power&Heat- EU Reference Scenario 2020,05.09.2023,Stian Backe <stian.backe@sintef.no>
World,P_Coal_Hardcoal,2045,1650,,MEUR/GW,Steam turbine coal supercritical- Power&Heat- EU Reference Scenario 2020,05.09.2023,Stian Backe <stian.backe@sintef.no>
World,P_Coal_Hardcoal,2050,1650,,MEUR/GW,Steam turbine coal supercritical- Power&Heat- EU Reference Scenario 2020,05.09.2023,Stian Backe <stian.backe@sintef.no>
World,P_Coal_Hardcoal,2055,1650,,MEUR/GW,same as 2050 for now,29.01.2025,Nikita Moskalenko <nim@wip.tu-berlin.de>
World,P_Coal_Hardcoal,2060,1650,,MEUR/GW,same as 2050 for now,29.01.2025,Nikita Moskalenko <nim@wip.tu-berlin.de>
World,P_Coal_Hardcoal_CCS,2018,3450,,MEUR/GW,,,
World,P_Coal_Hardcoal_CCS,2020,3450,,MEUR/GW,,,
World,P_Coal_Hardcoal_CCS,2021,3450,,MEUR/GW,Integrated gasification coal CCS pre combustion-https://energy.ec.europa.eu/data-and-analysis/energy-modelling/eu-reference-scenario-2020_en,20.08.2024,Alena Diesing <ad@wip.tu-berlin.de>
World,P_Coal_Hardcoal_CCS,2025,3360,,MEUR/GW,Integrated gasification coal CCS pre combustion-https://energy.ec.europa.eu/data-and-analysis/energy-modelling/eu-reference-scenario-2020_en,20.08.2024,Alena Diesing <ad@wip.tu-berlin.de>
World,P_Coal_Hardcoal_CCS,2030,3270,,MEUR/GW,Integrated gasification coal CCS pre combustion-https://energy.ec.europa.eu/data-and-analysis/energy-modelling/eu-reference-scenario-2020_en,20.08.2024,Alena Diesing <ad@wip.tu-berlin.de>
World,P_Coal_Hardcoal_CCS,2035,3222.5,,MEUR/GW,Integrated gasification coal CCS pre combustion-https://energy.ec.europa.eu/data-and-analysis/energy-modelling/eu-reference-scenario-2020_en,20.08.2024,Alena Diesing <ad@wip.tu-berlin.de>
World,P_Coal_Hardcoal_CCS,2040,3175,,MEUR/GW,Integrated gasification coal CCS pre combustion-https://energy.ec.europa.eu/data-and-analysis/energy-modelling/eu-reference-scenario-2020_en,20.08.2024,Alena Diesing <ad@wip.tu-berlin.de>
World,P_Coal_Hardcoal_CCS,2045,3125,,MEUR/GW,Integrated gasification coal CCS pre combustion-https://energy.ec.europa.eu/data-and-analysis/energy-modelling/eu-reference-scenario-2020_en,20.08.2024,Alena Diesing <ad@wip.tu-berlin.de>
World,P_Coal_Hardcoal_CCS,2050,3075,,MEUR/GW,Integrated gasification coal CCS pre combustion-https://energy.ec.europa.eu/data-and-analysis/energy-modelling/eu-reference-scenario-2020_en,20.08.2024,Alena Diesing <ad@wip.tu-berlin.de>
World,P_Coal_Hardcoal_CCS,2055,3075,,MEUR/GW,same as 2050 for now,29.01.2025,Nikita Moskalenko <nim@wip.tu-berlin.de>
World,P_Coal_Hardcoal_CCS,2060,3075,,MEUR/GW,same as 2050 for now,29.01.2025,Nikita Moskalenko <nim@wip.tu-berlin.de>
World,P_Coal_Lignite,2018,1800,,MEUR/GW,Steam turbine lignite supercritical- Power&Heat- EU Reference Scenario 2020,05.09.2023,Stian Backe <stian.backe@sintef.no>
World,P_Coal_Lignite,2020,1800,,MEUR/GW,Steam turbine lignite supercritical- Power&Heat- EU Reference Scenario 2020,05.09.2023,Stian Backe <stian.backe@sintef.no>
World,P_Coal_Lignite,2021,1800,,MEUR/GW,Steam turbine lignite supercritical- Power&Heat- EU Reference Scenario 2020,05.09.2023,Stian Backe <stian.backe@sintef.no>
World,P_Coal_Lignite,2025,1800,,MEUR/GW,Steam turbine lignite supercritical- Power&Heat- EU Reference Scenario 2020,05.09.2023,Stian Backe <stian.backe@sintef.no>
World,P_Coal_Lignite,2030,1800,,MEUR/GW,Steam turbine lignite supercritical- Power&Heat- EU Reference Scenario 2020,05.09.2023,Stian Backe <stian.backe@sintef.no>
World,P_Coal_Lignite,2035,1800,,MEUR/GW,Steam turbine lignite supercritical- Power&Heat- EU Reference Scenario 2020,05.09.2023,Stian Backe <stian.backe@sintef.no>
World,P_Coal_Lignite,2040,1800,,MEUR/GW,Steam turbine lignite supercritical- Power&Heat- EU Reference Scenario 2020,05.09.2023,Stian Backe <stian.backe@sintef.no>
World,P_Coal_Lignite,2045,1800,,MEUR/GW,Steam turbine lignite supercritical- Power&Heat- EU Reference Scenario 2020,05.09.2023,Stian Backe <stian.backe@sintef.no>
World,P_Coal_Lignite,2050,1800,,MEUR/GW,Steam turbine lignite supercritical- Power&Heat- EU Reference Scenario 2020,05.09.2023,Stian Backe <stian.backe@sintef.no>
World,P_Coal_Lignite,2055,1800,,MEUR/GW,same as 2050 for now,29.01.2025,Nikita Moskalenko <nim@wip.tu-berlin.de>
World,P_Coal_Lignite,2060,1800,,MEUR/GW,same as 2050 for now,29.01.2025,Nikita Moskalenko <nim@wip.tu-berlin.de>
World,P_Coal_Lignite_CCS,2018,3600,,MEUR/GW,,,
World,P_Coal_Lignite_CCS,2020,3600,,MEUR/GW,,,
World,P_Coal_Lignite_CCS,2021,3600,,MEUR/GW,Integrated gasification lignitel CCS pre combustion-https://energy.ec.europa.eu/data-and-analysis/energy-modelling/eu-reference-scenario-2020_en,20.08.2024,Alena Diesing <ad@wip.tu-berlin.de>
World,P_Coal_Lignite_CCS,2025,3522.5,,MEUR/GW,Integrated gasification lignitel CCS pre combustion-https://energy.ec.europa.eu/data-and-analysis/energy-modelling/eu-reference-scenario-2020_en,20.08.2024,Alena Diesing <ad@wip.tu-berlin.de>
World,P_Coal_Lignite_CCS,2030,3445,,MEUR/GW,Integrated gasification lignitel CCS pre combustion-https://energy.ec.europa.eu/data-and-analysis/energy-modelling/eu-reference-scenario-2020_en,20.08.2024,Alena Diesing <ad@wip.tu-berlin.de>
World,P_Coal_Lignite_CCS,2035,3402.5,,MEUR/GW,Integrated gasification lignitel CCS pre combustion-https://energy.ec.europa.eu/data-and-analysis/energy-modelling/eu-reference-scenario-2020_en,20.08.2024,Alena Diesing <ad@wip.tu-berlin.de>
World,P_Coal_Lignite_CCS,2040,3360,,MEUR/GW,Integrated gasification lignitel CCS pre combustion-https://energy.ec.europa.eu/data-and-analysis/energy-modelling/eu-reference-scenario-2020_en,20.08.2024,Alena Diesing <ad@wip.tu-berlin.de>
World,P_Coal_Lignite_CCS,2045,3315,,MEUR/GW,Integrated gasification lignitel CCS pre combustion-https://energy.ec.europa.eu/data-and-analysis/energy-modelling/eu-reference-scenario-2020_en,20.08.2024,Alena Diesing <ad@wip.tu-berlin.de>
World,P_Coal_Lignite_CCS,2050,3270,,MEUR/GW,Integrated gasification lignitel CCS pre combustion-https://energy.ec.europa.eu/data-and-analysis/energy-modelling/eu-reference-scenario-2020_en,20.08.2024,Alena Diesing <ad@wip.tu-berlin.de>
World,P_Coal_Lignite_CCS,2055,3270,,MEUR/GW,same as 2050 for now,29.01.2025,Nikita Moskalenko <nim@wip.tu-berlin.de>
World,P_Coal_Lignite_CCS,2060,3270,,MEUR/GW,same as 2050 for now,29.01.2025,Nikita Moskalenko <nim@wip.tu-berlin.de>
World,P_Gas_CCGT,2018,600,,MEUR/GW,Gas turbine combined cycle gas advanced- Power&Heat- EU Reference Scenario 2020,05.09.2023,Stian Backe <stian.backe@sintef.no>
World,P_Gas_CCGT,2020,600,,MEUR/GW,Gas turbine combined cycle gas advanced- Power&Heat- EU Reference Scenario 2020,05.09.2023,Stian Backe <stian.backe@sintef.no>
World,P_Gas_CCGT,2021,935.7679918,,MEUR/GW,Gas Turbine combined cycle extraction natural gas large - https://ens.dk/en/our-services/technology-catalogues/technology-data-generation-electricity-and-district-heating,20.08.2024,Alena Diesing <ad@wip.tu-berlin.de>
World,P_Gas_CCGT,2025,909.1836739,,MEUR/GW,Gas Turbine combined cycle extraction natural gas large - https://ens.dk/en/our-services/technology-catalogues/technology-data-generation-electricity-and-district-heating,20.08.2024,Alena Diesing <ad@wip.tu-berlin.de>
World,P_Gas_CCGT,2030,882.5993559,,MEUR/GW,Gas Turbine combined cycle extraction natural gas large - https://ens.dk/en/our-services/technology-catalogues/technology-data-generation-electricity-and-district-heating,20.08.2024,Alena Diesing <ad@wip.tu-berlin.de>
World,P_Gas_CCGT,2035,874.6240606,,MEUR/GW,Gas Turbine combined cycle extraction natural gas large - https://ens.dk/en/our-services/technology-catalogues/technology-data-generation-electricity-and-district-heating,20.08.2024,Alena Diesing <ad@wip.tu-berlin.de>
World,P_Gas_CCGT,2040,866.6487652,,MEUR/GW,Gas Turbine combined cycle extraction natural gas large - https://ens.dk/en/our-services/technology-catalogues/technology-data-generation-electricity-and-district-heating,20.08.2024,Alena Diesing <ad@wip.tu-berlin.de>
World,P_Gas_CCGT,2045,858.6734698,,MEUR/GW,Gas Turbine combined cycle extraction natural gas large - https://ens.dk/en/our-services/technology-catalogues/technology-data-generation-electricity-and-district-heating,20.08.2024,Alena Diesing <ad@wip.tu-berlin.de>
World,P_Gas_CCGT,2050,850.6981744,,MEUR/GW,Gas Turbine combined cycle extraction natural gas large - https://ens.dk/en/our-services/technology-catalogues/technology-data-generation-electricity-and-district-heating,20.08.2024,Alena Diesing <ad@wip.tu-berlin.de>
World,P_Gas_CCGT,2055,850.6981744,,MEUR/GW,same as 2050 for now,29.01.2025,Nikita Moskalenko <nim@wip.tu-berlin.de>
World,P_Gas_CCGT,2060,850.6981744,,MEUR/GW,same as 2050 for now,29.01.2025,Nikita Moskalenko <nim@wip.tu-berlin.de>
World,P_Gas_CCS,2018,2852,,MEUR/GW,,,
World,P_Gas_CCS,2020,2852,,MEUR/GW,,,
World,P_Gas_CCS,2021,2852,,MEUR/GW,CCGT + CCS - https://www.iea.org/data-and-statistics/data-product/global-energy-and-climate-model-2023-key-input-data#gec-model-power-generation-technology-costs-dataset,20.08.2024,Alena Diesing <ad@wip.tu-berlin.de>
World,P_Gas_CCS,2025,2852,,MEUR/GW,CCGT + CCS - https://www.iea.org/data-and-statistics/data-product/global-energy-and-climate-model-2023-key-input-data#gec-model-power-generation-technology-costs-dataset,20.08.2024,Alena Diesing <ad@wip.tu-berlin.de>
World,P_Gas_CCS,2030,2852,,MEUR/GW,CCGT + CCS - https://www.iea.org/data-and-statistics/data-product/global-energy-and-climate-model-2023-key-input-data#gec-model-power-generation-technology-costs-dataset,20.08.2024,Alena Diesing <ad@wip.tu-berlin.de>
World,P_Gas_CCS,2035,2714,,MEUR/GW,CCGT + CCS - https://www.iea.org/data-and-statistics/data-product/global-energy-and-climate-model-2023-key-input-data#gec-model-power-generation-technology-costs-dataset,20.08.2024,Alena Diesing <ad@wip.tu-berlin.de>
World,P_Gas_CCS,2040,2576,,MEUR/GW,CCGT + CCS - https://www.iea.org/data-and-statistics/data-product/global-energy-and-climate-model-2023-key-input-data#gec-model-power-generation-technology-costs-dataset,20.08.2024,Alena Diesing <ad@wip.tu-berlin.de>
World,P_Gas_CCS,2045,2438,,MEUR/GW,CCGT + CCS - https://www.iea.org/data-and-statistics/data-product/global-energy-and-climate-model-2023-key-input-data#gec-model-power-generation-technology-costs-dataset,20.08.2024,Alena Diesing <ad@wip.tu-berlin.de>
World,P_Gas_CCS,2050,2300,,MEUR/GW,CCGT + CCS - https://www.iea.org/data-and-statistics/data-product/global-energy-and-climate-model-2023-key-input-data#gec-model-power-generation-technology-costs-dataset,20.08.2024,Alena Diesing <ad@wip.tu-berlin.de>
World,P_Gas_CCS,2055,2300,,MEUR/GW,same as 2050 for now,29.01.2025,Nikita Moskalenko <nim@wip.tu-berlin.de>
World,P_Gas_CCS,2060,2300,,MEUR/GW,same as 2050 for now,29.01.2025,Nikita Moskalenko <nim@wip.tu-berlin.de>
World,P_Gas_Engines,2018,1010,,MEUR/GW,,,
World,P_Gas_Engines,2020,1010,,MEUR/GW,,,
World,P_Gas_Engines,2021,1010,,MEUR/GW,Gas engine natural gas - https://ens.dk/en/our-services/technology-catalogues/technology-data-generation-electricity-and-district-heating,20.08.2024,Alena Diesing <ad@wip.tu-berlin.de>
World,P_Gas_Engines,2025,980,,MEUR/GW,Gas engine natural gas - https://ens.dk/en/our-services/technology-catalogues/technology-data-generation-electricity-and-district-heating,20.08.2024,Alena Diesing <ad@wip.tu-berlin.de>
World,P_Gas_Engines,2030,950,,MEUR/GW,Gas engine natural gas - https://ens.dk/en/our-services/technology-catalogues/technology-data-generation-electricity-and-district-heating,20.08.2024,Alena Diesing <ad@wip.tu-berlin.de>
World,P_Gas_Engines,2035,937.5,,MEUR/GW,Gas engine natural gas - https://ens.dk/en/our-services/technology-catalogues/technology-data-generation-electricity-and-district-heating,20.08.2024,Alena Diesing <ad@wip.tu-berlin.de>
World,P_Gas_Engines,2040,925,,MEUR/GW,Gas engine natural gas - https://ens.dk/en/our-services/technology-catalogues/technology-data-generation-electricity-and-district-heating,20.08.2024,Alena Diesing <ad@wip.tu-berlin.de>
World,P_Gas_Engines,2045,912.5,,MEUR/GW,Gas engine natural gas - https://ens.dk/en/our-services/technology-catalogues/technology-data-generation-electricity-and-district-heating,20.08.2024,Alena Diesing <ad@wip.tu-berlin.de>
World,P_Gas_Engines,2050,900,,MEUR/GW,Gas engine natural gas - https://ens.dk/en/our-services/technology-catalogues/technology-data-generation-electricity-and-district-heating,20.08.2024,Alena Diesing <ad@wip.tu-berlin.de>
World,P_Gas_Engines,2055,900,,MEUR/GW,same as 2050 for now,29.01.2025,Nikita Moskalenko <nim@wip.tu-berlin.de>
World,P_Gas_Engines,2060,900,,MEUR/GW,same as 2050 for now,29.01.2025,Nikita Moskalenko <nim@wip.tu-berlin.de>
World,P_Gas_OCGT,2018,776.2620841,,MEUR/GW,,,
World,P_Gas_OCGT,2020,776.2620841,,MEUR/GW,,,
World,P_Gas_OCGT,2021,776.2620841,,MEUR/GW,Gas turbine simple cycle (small and medium scale plant) back pressure - https://ens.dk/en/our-services/technology-catalogues/technology-data-generation-electricity-and-district-heating,20.08.2024,Alena Diesing <ad@wip.tu-berlin.de>
World,P_Gas_OCGT,2025,760.3114934,,MEUR/GW,Gas turbine simple cycle (small and medium scale plant) back pressure - https://ens.dk/en/our-services/technology-catalogues/technology-data-generation-electricity-and-district-heating,20.08.2024,Alena Diesing <ad@wip.tu-berlin.de>
World,P_Gas_OCGT,2030,744.3609026,,MEUR/GW,Gas turbine simple cycle (small and medium scale plant) back pressure - https://ens.dk/en/our-services/technology-catalogues/technology-data-generation-electricity-and-district-heating,20.08.2024,Alena Diesing <ad@wip.tu-berlin.de>
World,P_Gas_OCGT,2035,739.044039,,MEUR/GW,Gas turbine simple cycle (small and medium scale plant) back pressure - https://ens.dk/en/our-services/technology-catalogues/technology-data-generation-electricity-and-district-heating,20.08.2024,Alena Diesing <ad@wip.tu-berlin.de>
World,P_Gas_OCGT,2040,733.7271754,,MEUR/GW,Gas turbine simple cycle (small and medium scale plant) back pressure - https://ens.dk/en/our-services/technology-catalogues/technology-data-generation-electricity-and-district-heating,20.08.2024,Alena Diesing <ad@wip.tu-berlin.de>
World,P_Gas_OCGT,2045,728.4103118,,MEUR/GW,Gas turbine simple cycle (small and medium scale plant) back pressure - https://ens.dk/en/our-services/technology-catalogues/technology-data-generation-electricity-and-district-heating,20.08.2024,Alena Diesing <ad@wip.tu-berlin.de>
World,P_Gas_OCGT,2050,723.0934482,,MEUR/GW,Gas turbine simple cycle (small and medium scale plant) back pressure - https://ens.dk/en/our-services/technology-catalogues/technology-data-generation-electricity-and-district-heating,20.08.2024,Alena Diesing <ad@wip.tu-berlin.de>
World,P_Gas_OCGT,2055,723.0934482,,MEUR/GW,same as 2050 for now,29.01.2025,Nikita Moskalenko <nim@wip.tu-berlin.de>
World,P_Gas_OCGT,2060,723.0934482,,MEUR/GW,same as 2050 for now,29.01.2025,Nikita Moskalenko <nim@wip.tu-berlin.de>
World,P_Geothermal,2018,4970,,MEUR/GW,Geothermal Power- Table 1.7- High cost of slow energy transitions for emerging countries: On the case of Egypt's pathway options- Appendix A Supplementary data,06.09.2023,Stian Backe <stian.backe@sintef.no>
World,P_Geothermal,2020,4970,,MEUR/GW,Geothermal Power- Table 1.7- High cost of slow energy transitions for emerging countries: On the case of Egypt's pathway options- Appendix A Supplementary data,06.09.2023,Stian Backe <stian.backe@sintef.no>
World,P_Geothermal,2021,2622,,MEUR/GW,Geothermal - https://www.iea.org/data-and-statistics/data-product/global-energy-and-climate-model-2023-key-input-data#gec-model-power-generation-technology-costs-dataset,20.08.2024,Alena Diesing <ad@wip.tu-berlin.de>
World,P_Geothermal,2025,2576,,MEUR/GW,Geothermal - https://www.iea.org/data-and-statistics/data-product/global-energy-and-climate-model-2023-key-input-data#gec-model-power-generation-technology-costs-dataset,20.08.2024,Alena Diesing <ad@wip.tu-berlin.de>
World,P_Geothermal,2030,2530,,MEUR/GW,Geothermal - https://www.iea.org/data-and-statistics/data-product/global-energy-and-climate-model-2023-key-input-data#gec-model-power-generation-technology-costs-dataset,20.08.2024,Alena Diesing <ad@wip.tu-berlin.de>
World,P_Geothermal,2035,2484,,MEUR/GW,Geothermal - https://www.iea.org/data-and-statistics/data-product/global-energy-and-climate-model-2023-key-input-data#gec-model-power-generation-technology-costs-dataset,20.08.2024,Alena Diesing <ad@wip.tu-berlin.de>
World,P_Geothermal,2040,2438,,MEUR/GW,Geothermal - https://www.iea.org/data-and-statistics/data-product/global-energy-and-climate-model-2023-key-input-data#gec-model-power-generation-technology-costs-dataset,20.08.2024,Alena Diesing <ad@wip.tu-berlin.de>
World,P_Geothermal,2045,2392,,MEUR/GW,Geothermal - https://www.iea.org/data-and-statistics/data-product/global-energy-and-climate-model-2023-key-input-data#gec-model-power-generation-technology-costs-dataset,20.08.2024,Alena Diesing <ad@wip.tu-berlin.de>
World,P_Geothermal,2050,2346,,MEUR/GW,Geothermal - https://www.iea.org/data-and-statistics/data-product/global-energy-and-climate-model-2023-key-input-data#gec-model-power-generation-technology-costs-dataset,20.08.2024,Alena Diesing <ad@wip.tu-berlin.de>
World,P_Geothermal,2055,2346,,MEUR/GW,same as 2050 for now,29.01.2025,Nikita Moskalenko <nim@wip.tu-berlin.de>
World,P_Geothermal,2060,2346,,MEUR/GW,same as 2050 for now,29.01.2025,Nikita Moskalenko <nim@wip.tu-berlin.de>
World,P_H2_OCGT,2018,892.7013968,,MEUR/GW,,,
World,P_H2_OCGT,2020,892.7013968,,MEUR/GW,,,
World,P_H2_OCGT,2021,892.7013968,,MEUR/GW,assumend 115% of OCGT - https://www.sciencedirect.com/science/article/pii/S0360319921039768,20.08.2024,Alena Diesing <ad@wip.tu-berlin.de>
World,P_H2_OCGT,2025,874.3582174,,MEUR/GW,assumend 115% of OCGT - https://www.sciencedirect.com/science/article/pii/S0360319921039768,20.08.2024,Alena Diesing <ad@wip.tu-berlin.de>
World,P_H2_OCGT,2030,856.015038,,MEUR/GW,assumend 115% of OCGT - https://www.sciencedirect.com/science/article/pii/S0360319921039768,20.08.2024,Alena Diesing <ad@wip.tu-berlin.de>
World,P_H2_OCGT,2035,849.9006449,,MEUR/GW,assumend 115% of OCGT - https://www.sciencedirect.com/science/article/pii/S0360319921039768,20.08.2024,Alena Diesing <ad@wip.tu-berlin.de>
World,P_H2_OCGT,2040,843.7862517,,MEUR/GW,assumend 115% of OCGT - https://www.sciencedirect.com/science/article/pii/S0360319921039768,20.08.2024,Alena Diesing <ad@wip.tu-berlin.de>
World,P_H2_OCGT,2045,837.6718586,,MEUR/GW,assumend 115% of OCGT - https://www.sciencedirect.com/science/article/pii/S0360319921039768,20.08.2024,Alena Diesing <ad@wip.tu-berlin.de>
World,P_H2_OCGT,2050,831.5574655,,MEUR/GW,assumend 115% of OCGT - https://www.sciencedirect.com/science/article/pii/S0360319921039768,20.08.2024,Alena Diesing <ad@wip.tu-berlin.de>
World,P_H2_OCGT,2055,831.5574655,,MEUR/GW,same as 2050 for now,29.01.2025,Nikita Moskalenko <nim@wip.tu-berlin.de>
World,P_H2_OCGT,2060,831.5574655,,MEUR/GW,same as 2050 for now,29.01.2025,Nikita Moskalenko <nim@wip.tu-berlin.de>
World,P_Hydro_Reservoir,2018,1650,,MEUR/GW,Hydro Reservoir/Dam- Table 1.7- High cost of slow energy transitions for emerging countries: On the case of Egypt's pathway options- Appendix A Supplementary data,08.09.2023,Luka Garibashvili <lukaga@stud.ntnu.no>
World,P_Hydro_Reservoir,2020,1650,,MEUR/GW,Hydro Reservoir/Dam- Table 1.7- High cost of slow energy transitions for emerging countries: On the case of Egypt's pathway options- Appendix A Supplementary data,08.09.2023,Luka Garibashvili <lukaga@stud.ntnu.no>
World,P_Hydro_Reservoir,2021,2100,,MEUR/GW,Lakes - https://energy.ec.europa.eu/data-and-analysis/energy-modelling/eu-reference-scenario-2020_en,20.08.2024,Alena Diesing <ad@wip.tu-berlin.de>
World,P_Hydro_Reservoir,2025,2100,,MEUR/GW,Lakes - https://energy.ec.europa.eu/data-and-analysis/energy-modelling/eu-reference-scenario-2020_en,20.08.2024,Alena Diesing <ad@wip.tu-berlin.de>
World,P_Hydro_Reservoir,2030,2100,,MEUR/GW,Lakes - https://energy.ec.europa.eu/data-and-analysis/energy-modelling/eu-reference-scenario-2020_en,20.08.2024,Alena Diesing <ad@wip.tu-berlin.de>
World,P_Hydro_Reservoir,2035,2100,,MEUR/GW,Lakes - https://energy.ec.europa.eu/data-and-analysis/energy-modelling/eu-reference-scenario-2020_en,20.08.2024,Alena Diesing <ad@wip.tu-berlin.de>
World,P_Hydro_Reservoir,2040,2100,,MEUR/GW,Lakes - https://energy.ec.europa.eu/data-and-analysis/energy-modelling/eu-reference-scenario-2020_en,20.08.2024,Alena Diesing <ad@wip.tu-berlin.de>
World,P_Hydro_Reservoir,2045,2100,,MEUR/GW,Lakes - https://energy.ec.europa.eu/data-and-analysis/energy-modelling/eu-reference-scenario-2020_en,20.08.2024,Alena Diesing <ad@wip.tu-berlin.de>
World,P_Hydro_Reservoir,2050,2100,,MEUR/GW,Lakes - https://energy.ec.europa.eu/data-and-analysis/energy-modelling/eu-reference-scenario-2020_en,20.08.2024,Alena Diesing <ad@wip.tu-berlin.de>
World,P_Hydro_Reservoir,2055,2100,,MEUR/GW,same as 2050 for now,29.01.2025,Nikita Moskalenko <nim@wip.tu-berlin.de>
World,P_Hydro_Reservoir,2060,2100,,MEUR/GW,same as 2050 for now,29.01.2025,Nikita Moskalenko <nim@wip.tu-berlin.de>
World,P_Hydro_RoR,2018,2560,,MEUR/GW,Hydro Run-of-River- Table 1.7- High cost of slow energy transitions for emerging countries: On the case of Egypt's pathway options- Appendix A Supplementary data,08.09.2023,Luka Garibashvili <lukaga@stud.ntnu.no>
World,P_Hydro_RoR,2020,2560,,MEUR/GW,Hydro Run-of-River- Table 1.7- High cost of slow energy transitions for emerging countries: On the case of Egypt's pathway options- Appendix A Supplementary data,08.09.2023,Luka Garibashvili <lukaga@stud.ntnu.no>
World,P_Hydro_RoR,2021,1715,,MEUR/GW,Run of River - https://energy.ec.europa.eu/data-and-analysis/energy-modelling/eu-reference-scenario-2020_en,20.08.2024,Alena Diesing <ad@wip.tu-berlin.de>
World,P_Hydro_RoR,2025,1692.5,,MEUR/GW,Run of River - https://energy.ec.europa.eu/data-and-analysis/energy-modelling/eu-reference-scenario-2020_en,20.08.2024,Alena Diesing <ad@wip.tu-berlin.de>
World,P_Hydro_RoR,2030,1670,,MEUR/GW,Run of River - https://energy.ec.europa.eu/data-and-analysis/energy-modelling/eu-reference-scenario-2020_en,20.08.2024,Alena Diesing <ad@wip.tu-berlin.de>
World,P_Hydro_RoR,2035,1665,,MEUR/GW,Run of River - https://energy.ec.europa.eu/data-and-analysis/energy-modelling/eu-reference-scenario-2020_en,20.08.2024,Alena Diesing <ad@wip.tu-berlin.de>
World,P_Hydro_RoR,2040,1660,,MEUR/GW,Run of River - https://energy.ec.europa.eu/data-and-analysis/energy-modelling/eu-reference-scenario-2020_en,20.08.2024,Alena Diesing <ad@wip.tu-berlin.de>
World,P_Hydro_RoR,2045,1655,,MEUR/GW,Run of River - https://energy.ec.europa.eu/data-and-analysis/energy-modelling/eu-reference-scenario-2020_en,20.08.2024,Alena Diesing <ad@wip.tu-berlin.de>
World,P_Hydro_RoR,2050,1650,,MEUR/GW,Run of River - https://energy.ec.europa.eu/data-and-analysis/energy-modelling/eu-reference-scenario-2020_en,20.08.2024,Alena Diesing <ad@wip.tu-berlin.de>
World,P_Hydro_RoR,2055,1650,,MEUR/GW,same as 2050 for now,29.01.2025,Nikita Moskalenko <nim@wip.tu-berlin.de>
World,P_Hydro_RoR,2060,1650,,MEUR/GW,same as 2050 for now,29.01.2025,Nikita Moskalenko <nim@wip.tu-berlin.de>
World,P_Nuclear,2018,6000,,MEUR/GW,Nuclear III gen. (no economies of scale)- Power&Heat- EU Reference Scenario 2020,05.09.2023,Stian Backe <stian.backe@sintef.no>
World,P_Nuclear,2020,6000,,MEUR/GW,Nuclear III gen. (no economies of scale)- Power&Heat- EU Reference Scenario 2020,05.09.2023,Stian Backe <stian.backe@sintef.no>
World,P_Nuclear,2021,6000,,MEUR/GW,Nuclear III gen. (no economies of scale)- Power&Heat- EU Reference Scenario 2020,05.09.2023,Stian Backe <stian.backe@sintef.no>
World,P_Nuclear,2025,6000,,MEUR/GW,Nuclear III gen. (no economies of scale)- Power&Heat- EU Reference Scenario 2020,05.09.2023,Stian Backe <stian.backe@sintef.no>
World,P_Nuclear,2030,6000,,MEUR/GW,Nuclear III gen. (no economies of scale)- Power&Heat- EU Reference Scenario 2020,05.09.2023,Stian Backe <stian.backe@sintef.no>
World,P_Nuclear,2035,6000,,MEUR/GW,Nuclear III gen. (no economies of scale)- Power&Heat- EU Reference Scenario 2020,05.09.2023,Stian Backe <stian.backe@sintef.no>
World,P_Nuclear,2040,6000,,MEUR/GW,Nuclear III gen. (no economies of scale)- Power&Heat- EU Reference Scenario 2020,05.09.2023,Stian Backe <stian.backe@sintef.no>
World,P_Nuclear,2045,6000,,MEUR/GW,Nuclear III gen. (no economies of scale)- Power&Heat- EU Reference Scenario 2020,05.09.2023,Stian Backe <stian.backe@sintef.no>
World,P_Nuclear,2050,6000,,MEUR/GW,Nuclear III gen. (no economies of scale)- Power&Heat- EU Reference Scenario 2020,05.09.2023,Stian Backe <stian.backe@sintef.no>
World,P_Nuclear,2055,6000,,MEUR/GW,same as 2050 for now,29.01.2025,Nikita Moskalenko <nim@wip.tu-berlin.de>
World,P_Nuclear,2060,6000,,MEUR/GW,same as 2050 for now,29.01.2025,Nikita Moskalenko <nim@wip.tu-berlin.de>
World,P_Ocean,2018,4270,,MEUR/GW,Tidal and waves- Power&Heat- EU Reference Scenario 2020,08.09.2023,Luka Garibashvili <lukaga@stud.ntnu.no>
World,P_Ocean,2020,4270,,MEUR/GW,Tidal and waves- Power&Heat- EU Reference Scenario 2020,08.09.2023,Luka Garibashvili <lukaga@stud.ntnu.no>
World,P_Ocean,2021,4270,,MEUR/GW,Tidal and waves- Power&Heat- EU Reference Scenario 2020,08.09.2023,Luka Garibashvili <lukaga@stud.ntnu.no>
World,P_Ocean,2025,3467,,MEUR/GW,Tidal and waves- Power&Heat- EU Reference Scenario 2020,08.09.2023,Luka Garibashvili <lukaga@stud.ntnu.no>
World,P_Ocean,2030,2664,,MEUR/GW,Tidal and waves- Power&Heat- EU Reference Scenario 2020,08.09.2023,Luka Garibashvili <lukaga@stud.ntnu.no>
World,P_Ocean,2035,2491.5,,MEUR/GW,Tidal and waves- Power&Heat- EU Reference Scenario 2020,08.09.2023,Luka Garibashvili <lukaga@stud.ntnu.no>
World,P_Ocean,2040,2319,,MEUR/GW,Tidal and waves- Power&Heat- EU Reference Scenario 2020,08.09.2023,Luka Garibashvili <lukaga@stud.ntnu.no>
World,P_Ocean,2045,2147,,MEUR/GW,Tidal and waves- Power&Heat- EU Reference Scenario 2020,08.09.2023,Luka Garibashvili <lukaga@stud.ntnu.no>
World,P_Ocean,2050,1975,,MEUR/GW,Tidal and waves- Power&Heat- EU Reference Scenario 2020,08.09.2023,Luka Garibashvili <lukaga@stud.ntnu.no>
World,P_Ocean,2055,1975,,MEUR/GW,same as 2050 for now,29.01.2025,Nikita Moskalenko <nim@wip.tu-berlin.de>
World,P_Ocean,2060,1975,,MEUR/GW,same as 2050 for now,29.01.2025,Nikita Moskalenko <nim@wip.tu-berlin.de>
World,P_Oil,2018,9357.679918,,MEUR/GW,,,
World,P_Oil,2020,9357.679918,,MEUR/GW,,,
World,P_Oil,2021,9357.679918,,MEUR/GW,diesel engine farm - https://ens.dk/en/our-services/technology-catalogues/technology-data-generation-electricity-and-district-heating,20.08.2024,Alena Diesing <ad@wip.tu-berlin.de>
World,P_Oil,2025,9357.679918,,MEUR/GW,diesel engine farm - https://ens.dk/en/our-services/technology-catalogues/technology-data-generation-electricity-and-district-heating,20.08.2024,Alena Diesing <ad@wip.tu-berlin.de>
World,P_Oil,2030,9357.679918,,MEUR/GW,diesel engine farm - https://ens.dk/en/our-services/technology-catalogues/technology-data-generation-electricity-and-district-heating,20.08.2024,Alena Diesing <ad@wip.tu-berlin.de>
World,P_Oil,2035,9357.679918,,MEUR/GW,diesel engine farm - https://ens.dk/en/our-services/technology-catalogues/technology-data-generation-electricity-and-district-heating,20.08.2024,Alena Diesing <ad@wip.tu-berlin.de>
World,P_Oil,2040,9357.679918,,MEUR/GW,diesel engine farm - https://ens.dk/en/our-services/technology-catalogues/technology-data-generation-electricity-and-district-heating,20.08.2024,Alena Diesing <ad@wip.tu-berlin.de>
World,P_Oil,2045,9357.679918,,MEUR/GW,diesel engine farm - https://ens.dk/en/our-services/technology-catalogues/technology-data-generation-electricity-and-district-heating,20.08.2024,Alena Diesing <ad@wip.tu-berlin.de>
World,P_Oil,2050,9357.679918,,MEUR/GW,diesel engine farm - https://ens.dk/en/our-services/technology-catalogues/technology-data-generation-electricity-and-district-heating,20.08.2024,Alena Diesing <ad@wip.tu-berlin.de>
World,P_Oil,2055,9357.679918,,MEUR/GW,same as 2050 for now,29.01.2025,Nikita Moskalenko <nim@wip.tu-berlin.de>
World,P_Oil,2060,9357.679918,,MEUR/GW,same as 2050 for now,29.01.2025,Nikita Moskalenko <nim@wip.tu-berlin.de>
World,P_PV_Rooftop_Commercial,2018,870,,MEUR/GW,Rooftop PV commercial & industrial - https://ens.dk/en/our-services/technology-catalogues/technology-data-generation-electricity-and-district-heating,20.08.2024,Alena Diesing <ad@wip.tu-berlin.de>
World,P_PV_Rooftop_Commercial,2020,870,,MEUR/GW,Rooftop PV commercial & industrial - https://ens.dk/en/our-services/technology-catalogues/technology-data-generation-electricity-and-district-heating,20.08.2024,Alena Diesing <ad@wip.tu-berlin.de>
World,P_PV_Rooftop_Commercial,2021,870,,MEUR/GW,Rooftop PV commercial & industrial - https://ens.dk/en/our-services/technology-catalogues/technology-data-generation-electricity-and-district-heating,20.08.2024,Alena Diesing <ad@wip.tu-berlin.de>
World,P_PV_Rooftop_Commercial,2025,720,,MEUR/GW,Rooftop PV commercial & industrial - https://ens.dk/en/our-services/technology-catalogues/technology-data-generation-electricity-and-district-heating,20.08.2024,Alena Diesing <ad@wip.tu-berlin.de>
World,P_PV_Rooftop_Commercial,2030,570,,MEUR/GW,Rooftop PV commercial & industrial - https://ens.dk/en/our-services/technology-catalogues/technology-data-generation-electricity-and-district-heating,20.08.2024,Alena Diesing <ad@wip.tu-berlin.de>
World,P_PV_Rooftop_Commercial,2035,515,,MEUR/GW,Rooftop PV commercial & industrial - https://ens.dk/en/our-services/technology-catalogues/technology-data-generation-electricity-and-district-heating,20.08.2024,Alena Diesing <ad@wip.tu-berlin.de>
World,P_PV_Rooftop_Commercial,2040,460,,MEUR/GW,Rooftop PV commercial & industrial - https://ens.dk/en/our-services/technology-catalogues/technology-data-generation-electricity-and-district-heating,20.08.2024,Alena Diesing <ad@wip.tu-berlin.de>
World,P_PV_Rooftop_Commercial,2045,435,,MEUR/GW,Rooftop PV commercial & industrial - https://ens.dk/en/our-services/technology-catalogues/technology-data-generation-electricity-and-district-heating,20.08.2024,Alena Diesing <ad@wip.tu-berlin.de>
World,P_PV_Rooftop_Commercial,2050,410,,MEUR/GW,Rooftop PV commercial & industrial - https://ens.dk/en/our-services/technology-catalogues/technology-data-generation-electricity-and-district-heating,20.08.2024,Alena Diesing <ad@wip.tu-berlin.de>
World,P_PV_Rooftop_Commercial,2055,410,,MEUR/GW,same as 2050 for now,29.01.2025,Nikita Moskalenko <nim@wip.tu-berlin.de>
World,P_PV_Rooftop_Commercial,2060,410,,MEUR/GW,same as 2050 for now,29.01.2025,Nikita Moskalenko <nim@wip.tu-berlin.de>
World,P_PV_Rooftop_Residential,2018,1241.935484,,MEUR/GW,Rooftop PV residential - https://ens.dk/en/our-services/technology-catalogues/technology-data-generation-electricity-and-district-heating,20.08.2024,Alena Diesing <ad@wip.tu-berlin.de>
World,P_PV_Rooftop_Residential,2020,1241.935484,,MEUR/GW,Rooftop PV residential - https://ens.dk/en/our-services/technology-catalogues/technology-data-generation-electricity-and-district-heating,20.08.2024,Alena Diesing <ad@wip.tu-berlin.de>
World,P_PV_Rooftop_Residential,2021,1241.935484,,MEUR/GW,Rooftop PV residential - https://ens.dk/en/our-services/technology-catalogues/technology-data-generation-electricity-and-district-heating,20.08.2024,Alena Diesing <ad@wip.tu-berlin.de>
World,P_PV_Rooftop_Residential,2025,1040.99081,,MEUR/GW,Rooftop PV residential - https://ens.dk/en/our-services/technology-catalogues/technology-data-generation-electricity-and-district-heating,20.08.2024,Alena Diesing <ad@wip.tu-berlin.de>
World,P_PV_Rooftop_Residential,2030,840.0461368,,MEUR/GW,Rooftop PV residential - https://ens.dk/en/our-services/technology-catalogues/technology-data-generation-electricity-and-district-heating,20.08.2024,Alena Diesing <ad@wip.tu-berlin.de>
World,P_PV_Rooftop_Residential,2035,769.5846324,,MEUR/GW,Rooftop PV residential - https://ens.dk/en/our-services/technology-catalogues/technology-data-generation-electricity-and-district-heating,20.08.2024,Alena Diesing <ad@wip.tu-berlin.de>
World,P_PV_Rooftop_Residential,2040,699.1231281,,MEUR/GW,Rooftop PV residential - https://ens.dk/en/our-services/technology-catalogues/technology-data-generation-electricity-and-district-heating,20.08.2024,Alena Diesing <ad@wip.tu-berlin.de>
World,P_PV_Rooftop_Residential,2045,667.4685528,,MEUR/GW,Rooftop PV residential - https://ens.dk/en/our-services/technology-catalogues/technology-data-generation-electricity-and-district-heating,20.08.2024,Alena Diesing <ad@wip.tu-berlin.de>
World,P_PV_Rooftop_Residential,2050,635.8139775,,MEUR/GW,Rooftop PV residential - https://ens.dk/en/our-services/technology-catalogues/technology-data-generation-electricity-and-district-heating,20.08.2024,Alena Diesing <ad@wip.tu-berlin.de>
World,P_PV_Rooftop_Residential,2055,635.8139775,,MEUR/GW,same as 2050 for now,29.01.2025,Nikita Moskalenko <nim@wip.tu-berlin.de>
World,P_PV_Rooftop_Residential,2060,635.8139775,,MEUR/GW,same as 2050 for now,29.01.2025,Nikita Moskalenko <nim@wip.tu-berlin.de>
World,P_PV_Utility_Avg,2018,560,,MEUR/GW,Utility-scale ground mounted PV - https://ens.dk/en/our-services/technology-catalogues/technology-data-generation-electricity-and-district-heating,20.08.2024,Alena Diesing <ad@wip.tu-berlin.de>
World,P_PV_Utility_Avg,2020,560,,MEUR/GW,Utility-scale ground mounted PV - https://ens.dk/en/our-services/technology-catalogues/technology-data-generation-electricity-and-district-heating,20.08.2024,Alena Diesing <ad@wip.tu-berlin.de>
World,P_PV_Utility_Avg,2021,560,,MEUR/GW,Utility-scale ground mounted PV - https://ens.dk/en/our-services/technology-catalogues/technology-data-generation-electricity-and-district-heating,20.08.2024,Alena Diesing <ad@wip.tu-berlin.de>
World,P_PV_Utility_Avg,2025,470,,MEUR/GW,Utility-scale ground mounted PV - https://ens.dk/en/our-services/technology-catalogues/technology-data-generation-electricity-and-district-heating,20.08.2024,Alena Diesing <ad@wip.tu-berlin.de>
World,P_PV_Utility_Avg,2030,380,,MEUR/GW,Utility-scale ground mounted PV - https://ens.dk/en/our-services/technology-catalogues/technology-data-generation-electricity-and-district-heating,20.08.2024,Alena Diesing <ad@wip.tu-berlin.de>
World,P_PV_Utility_Avg,2035,350,,MEUR/GW,Utility-scale ground mounted PV - https://ens.dk/en/our-services/technology-catalogues/technology-data-generation-electricity-and-district-heating,20.08.2024,Alena Diesing <ad@wip.tu-berlin.de>
World,P_PV_Utility_Avg,2040,320,,MEUR/GW,Utility-scale ground mounted PV - https://ens.dk/en/our-services/technology-catalogues/technology-data-generation-electricity-and-district-heating,20.08.2024,Alena Diesing <ad@wip.tu-berlin.de>
World,P_PV_Utility_Avg,2045,305,,MEUR/GW,Utility-scale ground mounted PV - https://ens.dk/en/our-services/technology-catalogues/technology-data-generation-electricity-and-district-heating,20.08.2024,Alena Diesing <ad@wip.tu-berlin.de>
World,P_PV_Utility_Avg,2050,290,,MEUR/GW,Utility-scale ground mounted PV - https://ens.dk/en/our-services/technology-catalogues/technology-data-generation-electricity-and-district-heating,20.08.2024,Alena Diesing <ad@wip.tu-berlin.de>
World,P_PV_Utility_Avg,2055,290,,MEUR/GW,same as 2050 for now,29.01.2025,Nikita Moskalenko <nim@wip.tu-berlin.de>
World,P_PV_Utility_Avg,2060,290,,MEUR/GW,same as 2050 for now,29.01.2025,Nikita Moskalenko <nim@wip.tu-berlin.de>
World,P_PV_Utility_Inf,2018,560,,MEUR/GW,Utility-scale ground mounted PV - https://ens.dk/en/our-services/technology-catalogues/technology-data-generation-electricity-and-district-heating,20.08.2024,Alena Diesing <ad@wip.tu-berlin.de>
World,P_PV_Utility_Inf,2020,560,,MEUR/GW,Utility-scale ground mounted PV - https://ens.dk/en/our-services/technology-catalogues/technology-data-generation-electricity-and-district-heating,20.08.2024,Alena Diesing <ad@wip.tu-berlin.de>
World,P_PV_Utility_Inf,2021,560,,MEUR/GW,Utility-scale ground mounted PV - https://ens.dk/en/our-services/technology-catalogues/technology-data-generation-electricity-and-district-heating,20.08.2024,Alena Diesing <ad@wip.tu-berlin.de>
World,P_PV_Utility_Inf,2025,470,,MEUR/GW,Utility-scale ground mounted PV - https://ens.dk/en/our-services/technology-catalogues/technology-data-generation-electricity-and-district-heating,20.08.2024,Alena Diesing <ad@wip.tu-berlin.de>
World,P_PV_Utility_Inf,2030,380,,MEUR/GW,Utility-scale ground mounted PV - https://ens.dk/en/our-services/technology-catalogues/technology-data-generation-electricity-and-district-heating,20.08.2024,Alena Diesing <ad@wip.tu-berlin.de>
World,P_PV_Utility_Inf,2035,350,,MEUR/GW,Utility-scale ground mounted PV - https://ens.dk/en/our-services/technology-catalogues/technology-data-generation-electricity-and-district-heating,20.08.2024,Alena Diesing <ad@wip.tu-berlin.de>
World,P_PV_Utility_Inf,2040,320,,MEUR/GW,Utility-scale ground mounted PV - https://ens.dk/en/our-services/technology-catalogues/technology-data-generation-electricity-and-district-heating,20.08.2024,Alena Diesing <ad@wip.tu-berlin.de>
World,P_PV_Utility_Inf,2045,305,,MEUR/GW,Utility-scale ground mounted PV - https://ens.dk/en/our-services/technology-catalogues/technology-data-generation-electricity-and-district-heating,20.08.2024,Alena Diesing <ad@wip.tu-berlin.de>
World,P_PV_Utility_Inf,2050,290,,MEUR/GW,Utility-scale ground mounted PV - https://ens.dk/en/our-services/technology-catalogues/technology-data-generation-electricity-and-district-heating,20.08.2024,Alena Diesing <ad@wip.tu-berlin.de>
World,P_PV_Utility_Inf,2055,290,,MEUR/GW,same as 2050 for now,29.01.2025,Nikita Moskalenko <nim@wip.tu-berlin.de>
World,P_PV_Utility_Inf,2060,290,,MEUR/GW,same as 2050 for now,29.01.2025,Nikita Moskalenko <nim@wip.tu-berlin.de>
World,P_PV_Utility_Opt,2018,560,,MEUR/GW,Utility-scale ground mounted PV - https://ens.dk/en/our-services/technology-catalogues/technology-data-generation-electricity-and-district-heating,20.08.2024,Alena Diesing <ad@wip.tu-berlin.de>
World,P_PV_Utility_Opt,2020,560,,MEUR/GW,Utility-scale ground mounted PV - https://ens.dk/en/our-services/technology-catalogues/technology-data-generation-electricity-and-district-heating,20.08.2024,Alena Diesing <ad@wip.tu-berlin.de>
World,P_PV_Utility_Opt,2021,560,,MEUR/GW,Utility-scale ground mounted PV - https://ens.dk/en/our-services/technology-catalogues/technology-data-generation-electricity-and-district-heating,20.08.2024,Alena Diesing <ad@wip.tu-berlin.de>
World,P_PV_Utility_Opt,2025,470,,MEUR/GW,Utility-scale ground mounted PV - https://ens.dk/en/our-services/technology-catalogues/technology-data-generation-electricity-and-district-heating,20.08.2024,Alena Diesing <ad@wip.tu-berlin.de>
World,P_PV_Utility_Opt,2030,380,,MEUR/GW,Utility-scale ground mounted PV - https://ens.dk/en/our-services/technology-catalogues/technology-data-generation-electricity-and-district-heating,20.08.2024,Alena Diesing <ad@wip.tu-berlin.de>
World,P_PV_Utility_Opt,2035,350,,MEUR/GW,Utility-scale ground mounted PV - https://ens.dk/en/our-services/technology-catalogues/technology-data-generation-electricity-and-district-heating,20.08.2024,Alena Diesing <ad@wip.tu-berlin.de>
World,P_PV_Utility_Opt,2040,320,,MEUR/GW,Utility-scale ground mounted PV - https://ens.dk/en/our-services/technology-catalogues/technology-data-generation-electricity-and-district-heating,20.08.2024,Alena Diesing <ad@wip.tu-berlin.de>
World,P_PV_Utility_Opt,2045,305,,MEUR/GW,Utility-scale ground mounted PV - https://ens.dk/en/our-services/technology-catalogues/technology-data-generation-electricity-and-district-heating,20.08.2024,Alena Diesing <ad@wip.tu-berlin.de>
World,P_PV_Utility_Opt,2050,290,,MEUR/GW,Utility-scale ground mounted PV - https://ens.dk/en/our-services/technology-catalogues/technology-data-generation-electricity-and-district-heating,20.08.2024,Alena Diesing <ad@wip.tu-berlin.de>
World,P_PV_Utility_Opt,2055,290,,MEUR/GW,same as 2050 for now,29.01.2025,Nikita Moskalenko <nim@wip.tu-berlin.de>
World,P_PV_Utility_Opt,2060,290,,MEUR/GW,same as 2050 for now,29.01.2025,Nikita Moskalenko <nim@wip.tu-berlin.de>
World,P_PV_Utility_Tracking,2018,650,,MEUR/GW,Utility-scale ground mounted PV tracker - https://ens.dk/en/our-services/technology-catalogues/technology-data-generation-electricity-and-district-heating,20.08.2024,Alena Diesing <ad@wip.tu-berlin.de>
World,P_PV_Utility_Tracking,2020,650,,MEUR/GW,Utility-scale ground mounted PV tracker - https://ens.dk/en/our-services/technology-catalogues/technology-data-generation-electricity-and-district-heating,20.08.2024,Alena Diesing <ad@wip.tu-berlin.de>
World,P_PV_Utility_Tracking,2021,650,,MEUR/GW,Utility-scale ground mounted PV tracker - https://ens.dk/en/our-services/technology-catalogues/technology-data-generation-electricity-and-district-heating,20.08.2024,Alena Diesing <ad@wip.tu-berlin.de>
World,P_PV_Utility_Tracking,2025,550,,MEUR/GW,Utility-scale ground mounted PV tracker - https://ens.dk/en/our-services/technology-catalogues/technology-data-generation-electricity-and-district-heating,20.08.2024,Alena Diesing <ad@wip.tu-berlin.de>
World,P_PV_Utility_Tracking,2030,450,,MEUR/GW,Utility-scale ground mounted PV tracker - https://ens.dk/en/our-services/technology-catalogues/technology-data-generation-electricity-and-district-heating,20.08.2024,Alena Diesing <ad@wip.tu-berlin.de>
World,P_PV_Utility_Tracking,2035,415,,MEUR/GW,Utility-scale ground mounted PV tracker - https://ens.dk/en/our-services/technology-catalogues/technology-data-generation-electricity-and-district-heating,20.08.2024,Alena Diesing <ad@wip.tu-berlin.de>
World,P_PV_Utility_Tracking,2040,380,,MEUR/GW,Utility-scale ground mounted PV tracker - https://ens.dk/en/our-services/technology-catalogues/technology-data-generation-electricity-and-district-heating,20.08.2024,Alena Diesing <ad@wip.tu-berlin.de>
World,P_PV_Utility_Tracking,2045,365,,MEUR/GW,Utility-scale ground mounted PV tracker - https://ens.dk/en/our-services/technology-catalogues/technology-data-generation-electricity-and-district-heating,20.08.2024,Alena Diesing <ad@wip.tu-berlin.de>
World,P_PV_Utility_Tracking,2050,350,,MEUR/GW,Utility-scale ground mounted PV tracker - https://ens.dk/en/our-services/technology-catalogues/technology-data-generation-electricity-and-district-heating,20.08.2024,Alena Diesing <ad@wip.tu-berlin.de>
World,P_PV_Utility_Tracking,2055,350,,MEUR/GW,same as 2050 for now,29.01.2025,Nikita Moskalenko <nim@wip.tu-berlin.de>
World,P_PV_Utility_Tracking,2060,350,,MEUR/GW,same as 2050 for now,29.01.2025,Nikita Moskalenko <nim@wip.tu-berlin.de>
World,P_Wind_Offshore_Deep,2018,3840,,MEUR/GW,Far shore Wind DC Fixed (ctrl) - Danish Energy Agency Electricity Generation Catalogue,16.10.2025,Nikita Moskalenko <nim@wip.tu-berlin.de>
World,P_Wind_Offshore_Deep,2020,3840,,MEUR/GW,Far shore Wind DC Fixed (ctrl) - Danish Energy Agency Electricity Generation Catalogue,16.10.2025,Nikita Moskalenko <nim@wip.tu-berlin.de>
World,P_Wind_Offshore_Deep,2021,3840,,MEUR/GW,Far shore Wind DC Fixed (ctrl) - Danish Energy Agency Electricity Generation Catalogue,16.10.2025,Nikita Moskalenko <nim@wip.tu-berlin.de>
World,P_Wind_Offshore_Deep,2025,3619,,MEUR/GW,Far shore Wind DC Fixed (ctrl) - Danish Energy Agency Electricity Generation Catalogue,16.10.2025,Nikita Moskalenko <nim@wip.tu-berlin.de>
World,P_Wind_Offshore_Deep,2030,3222,,MEUR/GW,Far shore Wind DC Fixed (ctrl) - Danish Energy Agency Electricity Generation Catalogue,16.10.2025,Nikita Moskalenko <nim@wip.tu-berlin.de>
World,P_Wind_Offshore_Deep,2035,3032,,MEUR/GW,Far shore Wind DC Fixed (ctrl) - Danish Energy Agency Electricity Generation Catalogue,16.10.2025,Nikita Moskalenko <nim@wip.tu-berlin.de>
World,P_Wind_Offshore_Deep,2040,2898,,MEUR/GW,Far shore Wind DC Fixed (ctrl) - Danish Energy Agency Electricity Generation Catalogue,16.10.2025,Nikita Moskalenko <nim@wip.tu-berlin.de>
World,P_Wind_Offshore_Deep,2045,2791,,MEUR/GW,Far shore Wind DC Fixed (ctrl) - Danish Energy Agency Electricity Generation Catalogue,16.10.2025,Nikita Moskalenko <nim@wip.tu-berlin.de>
World,P_Wind_Offshore_Deep,2050,2684,,MEUR/GW,Far shore Wind DC Fixed (ctrl) - Danish Energy Agency Electricity Generation Catalogue,16.10.2025,Nikita Moskalenko <nim@wip.tu-berlin.de>
World,P_Wind_Offshore_Deep,2055,2684,,MEUR/GW,Far shore Wind DC Fixed (ctrl) - Danish Energy Agency Electricity Generation Catalogue,16.10.2025,Nikita Moskalenko <nim@wip.tu-berlin.de>
World,P_Wind_Offshore_Deep,2060,2684,,MEUR/GW,Far shore Wind DC Fixed (ctrl) - Danish Energy Agency Electricity Generation Catalogue,16.10.2025,Nikita Moskalenko <nim@wip.tu-berlin.de>
World,P_Wind_Offshore_Shallow,2018,1915,,MEUR/GW,Near Shore Wind (ctrl) - Danish Energy Agency Electricty Generation Catalogue,16.10.2025,Nikita Moskalenko <nim@wip.tu-berlin.de>
World,P_Wind_Offshore_Shallow,2020,1915,,MEUR/GW,Near Shore Wind (ctrl) - Danish Energy Agency Electricty Generation Catalogue,16.10.2025,Nikita Moskalenko <nim@wip.tu-berlin.de>
World,P_Wind_Offshore_Shallow,2021,1915,,MEUR/GW,Near Shore Wind (ctrl) - Danish Energy Agency Electricty Generation Catalogue,16.10.2025,Nikita Moskalenko <nim@wip.tu-berlin.de>
World,P_Wind_Offshore_Shallow,2025,1915,,MEUR/GW,Near Shore Wind (ctrl) - Danish Energy Agency Electricty Generation Catalogue,16.10.2025,Nikita Moskalenko <nim@wip.tu-berlin.de>
World,P_Wind_Offshore_Shallow,2030,1648,,MEUR/GW,Near Shore Wind (ctrl) - Danish Energy Agency Electricty Generation Catalogue,16.10.2025,Nikita Moskalenko <nim@wip.tu-berlin.de>
World,P_Wind_Offshore_Shallow,2035,1549,,MEUR/GW,Near Shore Wind (ctrl) - Danish Energy Agency Electricty Generation Catalogue,16.10.2025,Nikita Moskalenko <nim@wip.tu-berlin.de>
World,P_Wind_Offshore_Shallow,2040,1475,,MEUR/GW,Near Shore Wind (ctrl) - Danish Energy Agency Electricty Generation Catalogue,16.10.2025,Nikita Moskalenko <nim@wip.tu-berlin.de>
World,P_Wind_Offshore_Shallow,2045,1421,,MEUR/GW,Near Shore Wind (ctrl) - Danish Energy Agency Electricty Generation Catalogue,16.10.2025,Nikita Moskalenko <nim@wip.tu-berlin.de>
World,P_Wind_Offshore_Shallow,2050,1368,,MEUR/GW,Near Shore Wind (ctrl) - Danish Energy Agency Electricty Generation Catalogue,16.10.2025,Nikita Moskalenko <nim@wip.tu-berlin.de>
World,P_Wind_Offshore_Shallow,2055,1368,,MEUR/GW,Near Shore Wind (ctrl) - Danish Energy Agency Electricty Generation Catalogue,16.10.2025,Nikita Moskalenko <nim@wip.tu-berlin.de>
World,P_Wind_Offshore_Shallow,2060,1368,,MEUR/GW,Near Shore Wind (ctrl) - Danish Energy Agency Electricty Generation Catalogue,16.10.2025,Nikita Moskalenko <nim@wip.tu-berlin.de>
World,P_Wind_Offshore_Transitional,2018,2780,,MEUR/GW,Offshore Wind AC Fixed (ctrl) - Danish Energy Agency Electricty Generation Catalogue,16.10.2025,Nikita Moskalenko <nim@wip.tu-berlin.de>
World,P_Wind_Offshore_Transitional,2020,2780,,MEUR/GW,Offshore Wind AC Fixed (ctrl) - Danish Energy Agency Electricty Generation Catalogue,16.10.2025,Nikita Moskalenko <nim@wip.tu-berlin.de>
World,P_Wind_Offshore_Transitional,2021,2780,,MEUR/GW,Offshore Wind AC Fixed (ctrl) - Danish Energy Agency Electricty Generation Catalogue,16.10.2025,Nikita Moskalenko <nim@wip.tu-berlin.de>
World,P_Wind_Offshore_Transitional,2025,2780,,MEUR/GW,Offshore Wind AC Fixed (ctrl) - Danish Energy Agency Electricty Generation Catalogue,16.10.2025,Nikita Moskalenko <nim@wip.tu-berlin.de>
World,P_Wind_Offshore_Transitional,2030,2393,,MEUR/GW,Offshore Wind AC Fixed (ctrl) - Danish Energy Agency Electricty Generation Catalogue,16.10.2025,Nikita Moskalenko <nim@wip.tu-berlin.de>
World,P_Wind_Offshore_Transitional,2035,2248,,MEUR/GW,Offshore Wind AC Fixed (ctrl) - Danish Energy Agency Electricty Generation Catalogue,16.10.2025,Nikita Moskalenko <nim@wip.tu-berlin.de>
World,P_Wind_Offshore_Transitional,2040,2141,,MEUR/GW,Offshore Wind AC Fixed (ctrl) - Danish Energy Agency Electricty Generation Catalogue,16.10.2025,Nikita Moskalenko <nim@wip.tu-berlin.de>
World,P_Wind_Offshore_Transitional,2045,2063,,MEUR/GW,Offshore Wind AC Fixed (ctrl) - Danish Energy Agency Electricty Generation Catalogue,16.10.2025,Nikita Moskalenko <nim@wip.tu-berlin.de>
World,P_Wind_Offshore_Transitional,2050,1986,,MEUR/GW,Offshore Wind AC Fixed (ctrl) - Danish Energy Agency Electricty Generation Catalogue,16.10.2025,Nikita Moskalenko <nim@wip.tu-berlin.de>
World,P_Wind_Offshore_Transitional,2055,1986,,MEUR/GW,Offshore Wind AC Fixed (ctrl) - Danish Energy Agency Electricty Generation Catalogue,16.10.2025,Nikita Moskalenko <nim@wip.tu-berlin.de>
World,P_Wind_Offshore_Transitional,2060,1986,,MEUR/GW,Offshore Wind AC Fixed (ctrl) - Danish Energy Agency Electricty Generation Catalogue,16.10.2025,Nikita Moskalenko <nim@wip.tu-berlin.de>
World,P_Wind_Onshore_Avg,2018,1150,,MEUR/GW,Wind onshore- Table 1.7- High cost of slow energy transitions for emerging countries: On the case of Egypt's pathway options- Appendix A Supplementary data,08.09.2023,Luka Garibashvili <lukaga@stud.ntnu.no>
World,P_Wind_Onshore_Avg,2020,1150,,MEUR/GW,Wind onshore- Table 1.7- High cost of slow energy transitions for emerging countries: On the case of Egypt's pathway options- Appendix A Supplementary data,08.09.2023,Luka Garibashvili <lukaga@stud.ntnu.no>
World,P_Wind_Onshore_Avg,2021,1100,,MEUR/GW,Onshore turbines - https://ens.dk/en/our-services/technology-catalogues/technology-data-generation-electricity-and-district-heating,20.08.2024,Alena Diesing <ad@wip.tu-berlin.de>
World,P_Wind_Onshore_Avg,2025,1180,,MEUR/GW,Onshore turbines - https://ens.dk/en/our-services/technology-catalogues/technology-data-generation-electricity-and-district-heating,20.08.2024,Alena Diesing <ad@wip.tu-berlin.de>
World,P_Wind_Onshore_Avg,2030,1150,,MEUR/GW,Onshore turbines - https://ens.dk/en/our-services/technology-catalogues/technology-data-generation-electricity-and-district-heating,20.08.2024,Alena Diesing <ad@wip.tu-berlin.de>
World,P_Wind_Onshore_Avg,2035,1125,,MEUR/GW,Onshore turbines - https://ens.dk/en/our-services/technology-catalogues/technology-data-generation-electricity-and-district-heating,20.08.2024,Alena Diesing <ad@wip.tu-berlin.de>
World,P_Wind_Onshore_Avg,2040,1100,,MEUR/GW,Onshore turbines - https://ens.dk/en/our-services/technology-catalogues/technology-data-generation-electricity-and-district-heating,20.08.2024,Alena Diesing <ad@wip.tu-berlin.de>
World,P_Wind_Onshore_Avg,2045,1095,,MEUR/GW,Onshore turbines - https://ens.dk/en/our-services/technology-catalogues/technology-data-generation-electricity-and-district-heating,20.08.2024,Alena Diesing <ad@wip.tu-berlin.de>
World,P_Wind_Onshore_Avg,2050,1090,,MEUR/GW,Onshore turbines - https://ens.dk/en/our-services/technology-catalogues/technology-data-generation-electricity-and-district-heating,20.08.2024,Alena Diesing <ad@wip.tu-berlin.de>
World,P_Wind_Onshore_Avg,2055,1090,,MEUR/GW,same as 2050 for now,29.01.2025,Nikita Moskalenko <nim@wip.tu-berlin.de>
World,P_Wind_Onshore_Avg,2060,1090,,MEUR/GW,same as 2050 for now,29.01.2025,Nikita Moskalenko <nim@wip.tu-berlin.de>
World,P_Wind_Onshore_Inf,2018,1150,,MEUR/GW,Wind onshore- Table 1.7- High cost of slow energy transitions for emerging countries: On the case of Egypt's pathway options- Appendix A Supplementary data,08.09.2023,Luka Garibashvili <lukaga@stud.ntnu.no>
World,P_Wind_Onshore_Inf,2020,1150,,MEUR/GW,Wind onshore- Table 1.7- High cost of slow energy transitions for emerging countries: On the case of Egypt's pathway options- Appendix A Supplementary data,08.09.2023,Luka Garibashvili <lukaga@stud.ntnu.no>
World,P_Wind_Onshore_Inf,2021,1100,,MEUR/GW,Onshore turbines - https://ens.dk/en/our-services/technology-catalogues/technology-data-generation-electricity-and-district-heating,20.08.2024,Alena Diesing <ad@wip.tu-berlin.de>
World,P_Wind_Onshore_Inf,2025,1180,,MEUR/GW,Onshore turbines - https://ens.dk/en/our-services/technology-catalogues/technology-data-generation-electricity-and-district-heating,20.08.2024,Alena Diesing <ad@wip.tu-berlin.de>
World,P_Wind_Onshore_Inf,2030,1150,,MEUR/GW,Onshore turbines - https://ens.dk/en/our-services/technology-catalogues/technology-data-generation-electricity-and-district-heating,20.08.2024,Alena Diesing <ad@wip.tu-berlin.de>
World,P_Wind_Onshore_Inf,2035,1125,,MEUR/GW,Onshore turbines - https://ens.dk/en/our-services/technology-catalogues/technology-data-generation-electricity-and-district-heating,20.08.2024,Alena Diesing <ad@wip.tu-berlin.de>
World,P_Wind_Onshore_Inf,2040,1100,,MEUR/GW,Onshore turbines - https://ens.dk/en/our-services/technology-catalogues/technology-data-generation-electricity-and-district-heating,20.08.2024,Alena Diesing <ad@wip.tu-berlin.de>
World,P_Wind_Onshore_Inf,2045,1095,,MEUR/GW,Onshore turbines - https://ens.dk/en/our-services/technology-catalogues/technology-data-generation-electricity-and-district-heating,20.08.2024,Alena Diesing <ad@wip.tu-berlin.de>
World,P_Wind_Onshore_Inf,2050,1090,,MEUR/GW,Onshore turbines - https://ens.dk/en/our-services/technology-catalogues/technology-data-generation-electricity-and-district-heating,20.08.2024,Alena Diesing <ad@wip.tu-berlin.de>
World,P_Wind_Onshore_Inf,2055,1090,,MEUR/GW,same as 2050 for now,29.01.2025,Nikita Moskalenko <nim@wip.tu-berlin.de>
World,P_Wind_Onshore_Inf,2060,1090,,MEUR/GW,same as 2050 for now,29.01.2025,Nikita Moskalenko <nim@wip.tu-berlin.de>
World,P_Wind_Onshore_Opt,2018,1150,,MEUR/GW,Wind onshore- Table 1.7- High cost of slow energy transitions for emerging countries: On the case of Egypt's pathway options- Appendix A Supplementary data,08.09.2023,Luka Garibashvili <lukaga@stud.ntnu.no>
World,P_Wind_Onshore_Opt,2020,1150,,MEUR/GW,Wind onshore- Table 1.7- High cost of slow energy transitions for emerging countries: On the case of Egypt's pathway options- Appendix A Supplementary data,08.09.2023,Luka Garibashvili <lukaga@stud.ntnu.no>
World,P_Wind_Onshore_Opt,2021,1100,,MEUR/GW,Onshore turbines - https://ens.dk/en/our-services/technology-catalogues/technology-data-generation-electricity-and-district-heating,20.08.2024,Alena Diesing <ad@wip.tu-berlin.de>
World,P_Wind_Onshore_Opt,2025,1180,,MEUR/GW,Onshore turbines - https://ens.dk/en/our-services/technology-catalogues/technology-data-generation-electricity-and-district-heating,20.08.2024,Alena Diesing <ad@wip.tu-berlin.de>
World,P_Wind_Onshore_Opt,2030,1150,,MEUR/GW,Onshore turbines - https://ens.dk/en/our-services/technology-catalogues/technology-data-generation-electricity-and-district-heating,20.08.2024,Alena Diesing <ad@wip.tu-berlin.de>
World,P_Wind_Onshore_Opt,2035,1125,,MEUR/GW,Onshore turbines - https://ens.dk/en/our-services/technology-catalogues/technology-data-generation-electricity-and-district-heating,20.08.2024,Alena Diesing <ad@wip.tu-berlin.de>
World,P_Wind_Onshore_Opt,2040,1100,,MEUR/GW,Onshore turbines - https://ens.dk/en/our-services/technology-catalogues/technology-data-generation-electricity-and-district-heating,20.08.2024,Alena Diesing <ad@wip.tu-berlin.de>
World,P_Wind_Onshore_Opt,2045,1095,,MEUR/GW,Onshore turbines - https://ens.dk/en/our-services/technology-catalogues/technology-data-generation-electricity-and-district-heating,20.08.2024,Alena Diesing <ad@wip.tu-berlin.de>
World,P_Wind_Onshore_Opt,2050,1090,,MEUR/GW,Onshore turbines - https://ens.dk/en/our-services/technology-catalogues/technology-data-generation-electricity-and-district-heating,20.08.2024,Alena Diesing <ad@wip.tu-berlin.de>
World,P_Wind_Onshore_Opt,2055,1090,,MEUR/GW,same as 2050 for now,29.01.2025,Nikita Moskalenko <nim@wip.tu-berlin.de>
World,P_Wind_Onshore_Opt,2060,1090,,MEUR/GW,same as 2050 for now,29.01.2025,Nikita Moskalenko <nim@wip.tu-berlin.de>
World,R_Biogas,2018,0.01,,MEUR/GW,assumption: only varible costs,20.06.2025,Nikita Moskalenko <nim@wip.tu-berlin.de>
World,R_Biogas,2020,0.01,,MEUR/GW,assumption: only varible costs,20.06.2025,Nikita Moskalenko <nim@wip.tu-berlin.de>
World,R_Biogas,2021,0.01,,MEUR/GW,assumption: only varible costs,20.06.2025,Nikita Moskalenko <nim@wip.tu-berlin.de>
World,R_Biogas,2025,0.01,,MEUR/GW,assumption: only varible costs,20.06.2025,Nikita Moskalenko <nim@wip.tu-berlin.de>
World,R_Biogas,2030,0.01,,MEUR/GW,assumption: only varible costs,20.06.2025,Nikita Moskalenko <nim@wip.tu-berlin.de>
World,R_Biogas,2035,0.01,,MEUR/GW,assumption: only varible costs,20.06.2025,Nikita Moskalenko <nim@wip.tu-berlin.de>
World,R_Biogas,2040,0.01,,MEUR/GW,assumption: only varible costs,20.06.2025,Nikita Moskalenko <nim@wip.tu-berlin.de>
World,R_Biogas,2045,0.01,,MEUR/GW,assumption: only varible costs,20.06.2025,Nikita Moskalenko <nim@wip.tu-berlin.de>
World,R_Biogas,2050,0.01,,MEUR/GW,assumption: only varible costs,20.06.2025,Nikita Moskalenko <nim@wip.tu-berlin.de>
World,R_Biogas,2055,0.01,,MEUR/GW,assumption: only varible costs,20.06.2025,Nikita Moskalenko <nim@wip.tu-berlin.de>
World,R_Biogas,2060,0.01,,MEUR/GW,assumption: only varible costs,20.06.2025,Nikita Moskalenko <nim@wip.tu-berlin.de>
World,R_Grass,2018,0.01,,MEUR/GW,assumption: only varible costs,20.06.2025,Nikita Moskalenko <nim@wip.tu-berlin.de>
World,R_Grass,2020,0.01,,MEUR/GW,assumption: only varible costs,20.06.2025,Nikita Moskalenko <nim@wip.tu-berlin.de>
World,R_Grass,2021,0.01,,MEUR/GW,assumption: only varible costs,20.06.2025,Nikita Moskalenko <nim@wip.tu-berlin.de>
World,R_Grass,2025,0.01,,MEUR/GW,assumption: only varible costs,20.06.2025,Nikita Moskalenko <nim@wip.tu-berlin.de>
World,R_Grass,2030,0.01,,MEUR/GW,assumption: only varible costs,20.06.2025,Nikita Moskalenko <nim@wip.tu-berlin.de>
World,R_Grass,2035,0.01,,MEUR/GW,assumption: only varible costs,20.06.2025,Nikita Moskalenko <nim@wip.tu-berlin.de>
World,R_Grass,2040,0.01,,MEUR/GW,assumption: only varible costs,20.06.2025,Nikita Moskalenko <nim@wip.tu-berlin.de>
World,R_Grass,2045,0.01,,MEUR/GW,assumption: only varible costs,20.06.2025,Nikita Moskalenko <nim@wip.tu-berlin.de>
World,R_Grass,2050,0.01,,MEUR/GW,assumption: only varible costs,20.06.2025,Nikita Moskalenko <nim@wip.tu-berlin.de>
World,R_Grass,2055,0.01,,MEUR/GW,assumption: only varible costs,20.06.2025,Nikita Moskalenko <nim@wip.tu-berlin.de>
World,R_Grass,2060,0.01,,MEUR/GW,assumption: only varible costs,20.06.2025,Nikita Moskalenko <nim@wip.tu-berlin.de>
World,R_Paper_Cardboard,2018,0.01,,MEUR/GW,assumption: only varible costs,20.06.2025,Nikita Moskalenko <nim@wip.tu-berlin.de>
World,R_Paper_Cardboard,2020,0.01,,MEUR/GW,assumption: only varible costs,20.06.2025,Nikita Moskalenko <nim@wip.tu-berlin.de>
World,R_Paper_Cardboard,2021,0.01,,MEUR/GW,assumption: only varible costs,20.06.2025,Nikita Moskalenko <nim@wip.tu-berlin.de>
World,R_Paper_Cardboard,2025,0.01,,MEUR/GW,assumption: only varible costs,20.06.2025,Nikita Moskalenko <nim@wip.tu-berlin.de>
World,R_Paper_Cardboard,2030,0.01,,MEUR/GW,assumption: only varible costs,20.06.2025,Nikita Moskalenko <nim@wip.tu-berlin.de>
World,R_Paper_Cardboard,2035,0.01,,MEUR/GW,assumption: only varible costs,20.06.2025,Nikita Moskalenko <nim@wip.tu-berlin.de>
World,R_Paper_Cardboard,2040,0.01,,MEUR/GW,assumption: only varible costs,20.06.2025,Nikita Moskalenko <nim@wip.tu-berlin.de>
World,R_Paper_Cardboard,2045,0.01,,MEUR/GW,assumption: only varible costs,20.06.2025,Nikita Moskalenko <nim@wip.tu-berlin.de>
World,R_Paper_Cardboard,2050,0.01,,MEUR/GW,assumption: only varible costs,20.06.2025,Nikita Moskalenko <nim@wip.tu-berlin.de>
World,R_Paper_Cardboard,2055,0.01,,MEUR/GW,assumption: only varible costs,20.06.2025,Nikita Moskalenko <nim@wip.tu-berlin.de>
World,R_Paper_Cardboard,2060,0.01,,MEUR/GW,assumption: only varible costs,20.06.2025,Nikita Moskalenko <nim@wip.tu-berlin.de>
World,R_Residues,2018,0.01,,MEUR/GW,assumption: only varible costs,20.06.2025,Nikita Moskalenko <nim@wip.tu-berlin.de>
World,R_Residues,2020,0.01,,MEUR/GW,assumption: only varible costs,20.06.2025,Nikita Moskalenko <nim@wip.tu-berlin.de>
World,R_Residues,2021,0.01,,MEUR/GW,assumption: only varible costs,20.06.2025,Nikita Moskalenko <nim@wip.tu-berlin.de>
World,R_Residues,2025,0.01,,MEUR/GW,assumption: only varible costs,20.06.2025,Nikita Moskalenko <nim@wip.tu-berlin.de>
World,R_Residues,2030,0.01,,MEUR/GW,assumption: only varible costs,20.06.2025,Nikita Moskalenko <nim@wip.tu-berlin.de>
World,R_Residues,2035,0.01,,MEUR/GW,assumption: only varible costs,20.06.2025,Nikita Moskalenko <nim@wip.tu-berlin.de>
World,R_Residues,2040,0.01,,MEUR/GW,assumption: only varible costs,20.06.2025,Nikita Moskalenko <nim@wip.tu-berlin.de>
World,R_Residues,2045,0.01,,MEUR/GW,assumption: only varible costs,20.06.2025,Nikita Moskalenko <nim@wip.tu-berlin.de>
World,R_Residues,2050,0.01,,MEUR/GW,assumption: only varible costs,20.06.2025,Nikita Moskalenko <nim@wip.tu-berlin.de>
World,R_Residues,2055,0.01,,MEUR/GW,assumption: only varible costs,20.06.2025,Nikita Moskalenko <nim@wip.tu-berlin.de>
World,R_Residues,2060,0.01,,MEUR/GW,assumption: only varible costs,20.06.2025,Nikita Moskalenko <nim@wip.tu-berlin.de>
World,R_Roundwood,2018,0.01,,MEUR/GW,assumption: only varible costs,20.06.2025,Nikita Moskalenko <nim@wip.tu-berlin.de>
World,R_Roundwood,2020,0.01,,MEUR/GW,assumption: only varible costs,20.06.2025,Nikita Moskalenko <nim@wip.tu-berlin.de>
World,R_Roundwood,2021,0.01,,MEUR/GW,assumption: only varible costs,20.06.2025,Nikita Moskalenko <nim@wip.tu-berlin.de>
World,R_Roundwood,2025,0.01,,MEUR/GW,assumption: only varible costs,20.06.2025,Nikita Moskalenko <nim@wip.tu-berlin.de>
World,R_Roundwood,2030,0.01,,MEUR/GW,assumption: only varible costs,20.06.2025,Nikita Moskalenko <nim@wip.tu-berlin.de>
World,R_Roundwood,2035,0.01,,MEUR/GW,assumption: only varible costs,20.06.2025,Nikita Moskalenko <nim@wip.tu-berlin.de>
World,R_Roundwood,2040,0.01,,MEUR/GW,assumption: only varible costs,20.06.2025,Nikita Moskalenko <nim@wip.tu-berlin.de>
World,R_Roundwood,2045,0.01,,MEUR/GW,assumption: only varible costs,20.06.2025,Nikita Moskalenko <nim@wip.tu-berlin.de>
World,R_Roundwood,2050,0.01,,MEUR/GW,assumption: only varible costs,20.06.2025,Nikita Moskalenko <nim@wip.tu-berlin.de>
World,R_Roundwood,2055,0.01,,MEUR/GW,assumption: only varible costs,20.06.2025,Nikita Moskalenko <nim@wip.tu-berlin.de>
World,R_Roundwood,2060,0.01,,MEUR/GW,assumption: only varible costs,20.06.2025,Nikita Moskalenko <nim@wip.tu-berlin.de>
World,R_Wood,2018,0.01,,MEUR/GW,assumption: only varible costs,20.06.2025,Nikita Moskalenko <nim@wip.tu-berlin.de>
World,R_Wood,2020,0.01,,MEUR/GW,assumption: only varible costs,20.06.2025,Nikita Moskalenko <nim@wip.tu-berlin.de>
World,R_Wood,2021,0.01,,MEUR/GW,assumption: only varible costs,20.06.2025,Nikita Moskalenko <nim@wip.tu-berlin.de>
World,R_Wood,2025,0.01,,MEUR/GW,assumption: only varible costs,20.06.2025,Nikita Moskalenko <nim@wip.tu-berlin.de>
World,R_Wood,2030,0.01,,MEUR/GW,assumption: only varible costs,20.06.2025,Nikita Moskalenko <nim@wip.tu-berlin.de>
World,R_Wood,2035,0.01,,MEUR/GW,assumption: only varible costs,20.06.2025,Nikita Moskalenko <nim@wip.tu-berlin.de>
World,R_Wood,2040,0.01,,MEUR/GW,assumption: only varible costs,20.06.2025,Nikita Moskalenko <nim@wip.tu-berlin.de>
World,R_Wood,2045,0.01,,MEUR/GW,assumption: only varible costs,20.06.2025,Nikita Moskalenko <nim@wip.tu-berlin.de>
World,R_Wood,2050,0.01,,MEUR/GW,assumption: only varible costs,20.06.2025,Nikita Moskalenko <nim@wip.tu-berlin.de>
World,R_Wood,2055,0.01,,MEUR/GW,assumption: only varible costs,20.06.2025,Nikita Moskalenko <nim@wip.tu-berlin.de>
World,R_Wood,2060,0.01,,MEUR/GW,assumption: only varible costs,20.06.2025,Nikita Moskalenko <nim@wip.tu-berlin.de>
World,X_ATR_CCS,2018,800,,MEUR/GW,Hydrogen4EU (2021) 10 Annex E: Data documentation Table 21 ATR + CO2 capture large size centralized,08.10.2024,Stian Backe <stian.backe@sintef.no>
World,X_ATR_CCS,2020,800,,MEUR/GW,Hydrogen4EU (2021) 10 Annex E: Data documentation Table 21 ATR + CO2 capture large size centralized,08.10.2024,Stian Backe <stian.backe@sintef.no>
World,X_ATR_CCS,2021,800,,MEUR/GW,Hydrogen4EU (2021) 10 Annex E: Data documentation Table 21 ATR + CO2 capture large size centralized,08.10.2024,Stian Backe <stian.backe@sintef.no>
World,X_ATR_CCS,2025,775,,MEUR/GW,Hydrogen4EU (2021) 10 Annex E: Data documentation Table 21 ATR + CO2 capture large size centralized,08.10.2024,Stian Backe <stian.backe@sintef.no>
World,X_ATR_CCS,2030,750,,MEUR/GW,Hydrogen4EU (2021) 10 Annex E: Data documentation Table 21 ATR + CO2 capture large size centralized,08.10.2024,Stian Backe <stian.backe@sintef.no>
World,X_ATR_CCS,2035,731.25,,MEUR/GW,Hydrogen4EU (2021) 10 Annex E: Data documentation Table 21 ATR + CO2 capture large size centralized,08.10.2024,Stian Backe <stian.backe@sintef.no>
World,X_ATR_CCS,2040,712.5,,MEUR/GW,Hydrogen4EU (2021) 10 Annex E: Data documentation Table 21 ATR + CO2 capture large size centralized,08.10.2024,Stian Backe <stian.backe@sintef.no>
World,X_ATR_CCS,2045,706.25,,MEUR/GW,Hydrogen4EU (2021) 10 Annex E: Data documentation Table 21 ATR + CO2 capture large size centralized,08.10.2024,Stian Backe <stian.backe@sintef.no>
World,X_ATR_CCS,2050,700,,MEUR/GW,Hydrogen4EU (2021) 10 Annex E: Data documentation Table 21 ATR + CO2 capture large size centralized,08.10.2024,Stian Backe <stian.backe@sintef.no>
World,X_ATR_CCS,2055,700,,MEUR/GW,same as 2050 for now,29.01.2025,Nikita Moskalenko <nim@wip.tu-berlin.de>
World,X_ATR_CCS,2060,700,,MEUR/GW,same as 2050 for now,29.01.2025,Nikita Moskalenko <nim@wip.tu-berlin.de>
World,X_Biofuel,2018,800,,MEUR/GW,,,
World,X_Biofuel,2020,800,,MEUR/GW,,,
World,X_Biofuel,2021,800,,MEUR/GW,HVO / renwable diesel- https://ens.dk/en/our-services/technology-catalogues/technology-data-renewable-fuels,02.09.2024,Alena Diesing <ad@wip.tu-berlin.de>
World,X_Biofuel,2025,740,,MEUR/GW,HVO / renwable diesel- https://ens.dk/en/our-services/technology-catalogues/technology-data-renewable-fuels,02.09.2024,Alena Diesing <ad@wip.tu-berlin.de>
World,X_Biofuel,2030,680,,MEUR/GW,HVO / renwable diesel- https://ens.dk/en/our-services/technology-catalogues/technology-data-renewable-fuels,02.09.2024,Alena Diesing <ad@wip.tu-berlin.de>
World,X_Biofuel,2035,660,,MEUR/GW,HVO / renwable diesel- https://ens.dk/en/our-services/technology-catalogues/technology-data-renewable-fuels,02.09.2024,Alena Diesing <ad@wip.tu-berlin.de>
World,X_Biofuel,2040,640,,MEUR/GW,HVO / renwable diesel- https://ens.dk/en/our-services/technology-catalogues/technology-data-renewable-fuels,02.09.2024,Alena Diesing <ad@wip.tu-berlin.de>
World,X_Biofuel,2045,625,,MEUR/GW,HVO / renwable diesel- https://ens.dk/en/our-services/technology-catalogues/technology-data-renewable-fuels,02.09.2024,Alena Diesing <ad@wip.tu-berlin.de>
World,X_Biofuel,2050,610,,MEUR/GW,HVO / renwable diesel- https://ens.dk/en/our-services/technology-catalogues/technology-data-renewable-fuels,02.09.2024,Alena Diesing <ad@wip.tu-berlin.de>
World,X_Biofuel,2055,610,,MEUR/GW,same as 2050 for now,29.01.2025,Nikita Moskalenko <nim@wip.tu-berlin.de>
World,X_Biofuel,2060,610,,MEUR/GW,same as 2050 for now,29.01.2025,Nikita Moskalenko <nim@wip.tu-berlin.de>
World,X_DAC_HT,2018,815,,MEUR/GW,,,
World,X_DAC_HT,2020,791.7142857,,MEUR/GW,,,
World,X_DAC_HT,2021,,,MEUR/GW,,,
World,X_DAC_HT,2025,562.4142857,,MEUR/GW,,,
World,X_DAC_HT,2030,345.6,,MEUR/GW,,,
World,X_DAC_HT,2035,284.7571429,,MEUR/GW,,,
World,X_DAC_HT,2040,227.1428571,,MEUR/GW,,,
World,X_DAC_HT,2045,201.7571429,,MEUR/GW,,,
World,X_DAC_HT,2050,177.6,,MEUR/GW,,,
World,X_DAC_HT,2055,177.6,,MEUR/GW,same as 2050 for now,29.01.2025,Nikita Moskalenko <nim@wip.tu-berlin.de>
World,X_DAC_HT,2060,177.6,,MEUR/GW,same as 2050 for now,29.01.2025,Nikita Moskalenko <nim@wip.tu-berlin.de>
World,X_DAC_LT,2018,730,,MEUR/GW,,,
World,X_DAC_LT,2020,709.1428571,,MEUR/GW,,,
World,X_DAC_LT,2021,,,MEUR/GW,,,
World,X_DAC_LT,2025,503.4857143,,MEUR/GW,,,
World,X_DAC_LT,2030,309.0285714,,MEUR/GW,,,
World,X_DAC_LT,2035,254.6428571,,MEUR/GW,,,
World,X_DAC_LT,2040,203.1428571,,MEUR/GW,,,
World,X_DAC_LT,2045,180.6285714,,MEUR/GW,,,
World,X_DAC_LT,2050,159.2,,MEUR/GW,,,
World,X_DAC_LT,2055,159.2,,MEUR/GW,same as 2050 for now,29.01.2025,Nikita Moskalenko <nim@wip.tu-berlin.de>
World,X_DAC_LT,2060,159.2,,MEUR/GW,same as 2050 for now,29.01.2025,Nikita Moskalenko <nim@wip.tu-berlin.de>
World,X_Electrolysis,2018,1200,,MEUR/GW,Hydrogen production via Alkaline electrolysis for 100 MW plant (ctrl) - https://ens.dk/en/our-services/technology-catalogues/technology-data-renewable-fuels,29.08.2025,Nikita Moskalenko <nim@wip.tu-berlin.de>
World,X_Electrolysis,2020,1200,,MEUR/GW,Hydrogen production via Alkaline electrolysis for 100 MW plant (ctrl) - https://ens.dk/en/our-services/technology-catalogues/technology-data-renewable-fuels,29.08.2025,Nikita Moskalenko <nim@wip.tu-berlin.de>
World,X_Electrolysis,2021,1200,,MEUR/GW,Hydrogen production via Alkaline electrolysis for 100 MW plant (ctrl) - https://ens.dk/en/our-services/technology-catalogues/technology-data-renewable-fuels,29.08.2025,Nikita Moskalenko <nim@wip.tu-berlin.de>
World,X_Electrolysis,2025,875,,MEUR/GW,Hydrogen production via Alkaline electrolysis for 100 MW plant (ctrl) - https://ens.dk/en/our-services/technology-catalogues/technology-data-renewable-fuels,29.08.2025,Nikita Moskalenko <nim@wip.tu-berlin.de>
World,X_Electrolysis,2030,550,,MEUR/GW,Hydrogen production via Alkaline electrolysis for 100 MW plant (ctrl) - https://ens.dk/en/our-services/technology-catalogues/technology-data-renewable-fuels,29.08.2025,Nikita Moskalenko <nim@wip.tu-berlin.de>
World,X_Electrolysis,2035,487.5,,MEUR/GW,Hydrogen production via Alkaline electrolysis for 100 MW plant (ctrl) - https://ens.dk/en/our-services/technology-catalogues/technology-data-renewable-fuels,29.08.2025,Nikita Moskalenko <nim@wip.tu-berlin.de>
World,X_Electrolysis,2040,425,,MEUR/GW,Hydrogen production via Alkaline electrolysis for 100 MW plant (ctrl) - https://ens.dk/en/our-services/technology-catalogues/technology-data-renewable-fuels,29.08.2025,Nikita Moskalenko <nim@wip.tu-berlin.de>
World,X_Electrolysis,2045,362.5,,MEUR/GW,Hydrogen production via Alkaline electrolysis for 100 MW plant (ctrl) - https://ens.dk/en/our-services/technology-catalogues/technology-data-renewable-fuels,29.08.2025,Nikita Moskalenko <nim@wip.tu-berlin.de>
World,X_Electrolysis,2050,300,,MEUR/GW,Hydrogen production via Alkaline electrolysis for 100 MW plant (ctrl) - https://ens.dk/en/our-services/technology-catalogues/technology-data-renewable-fuels,29.08.2025,Nikita Moskalenko <nim@wip.tu-berlin.de>
World,X_Electrolysis,2055,300,,MEUR/GW,same as 2050 for now,29.01.2025,Nikita Moskalenko <nim@wip.tu-berlin.de>
World,X_Electrolysis,2060,300,,MEUR/GW,same as 2050 for now,29.01.2025,Nikita Moskalenko <nim@wip.tu-berlin.de>
World,X_Fuel_Cell,2018,3500,,MEUR/GW,,,
World,X_Fuel_Cell,2020,3500,,MEUR/GW,,,
World,X_Fuel_Cell,2021,3500,,MEUR/GW,Fuel cell gas- https://energy.ec.europa.eu/data-and-analysis/energy-modelling/eu-reference-scenario-2020_en,02.09.2024,Alena Diesing <ad@wip.tu-berlin.de>
World,X_Fuel_Cell,2025,3295.233872,,MEUR/GW,Fuel cell gas- https://energy.ec.europa.eu/data-and-analysis/energy-modelling/eu-reference-scenario-2020_en,02.09.2024,Alena Diesing <ad@wip.tu-berlin.de>
World,X_Fuel_Cell,2030,3090.467743,,MEUR/GW,Fuel cell gas- https://energy.ec.europa.eu/data-and-analysis/energy-modelling/eu-reference-scenario-2020_en,02.09.2024,Alena Diesing <ad@wip.tu-berlin.de>
World,X_Fuel_Cell,2035,2980.9793,,MEUR/GW,Fuel cell gas- https://energy.ec.europa.eu/data-and-analysis/energy-modelling/eu-reference-scenario-2020_en,02.09.2024,Alena Diesing <ad@wip.tu-berlin.de>
World,X_Fuel_Cell,2040,2871.490857,,MEUR/GW,Fuel cell gas- https://energy.ec.europa.eu/data-and-analysis/energy-modelling/eu-reference-scenario-2020_en,02.09.2024,Alena Diesing <ad@wip.tu-berlin.de>
World,X_Fuel_Cell,2045,2769.760282,,MEUR/GW,Fuel cell gas- https://energy.ec.europa.eu/data-and-analysis/energy-modelling/eu-reference-scenario-2020_en,02.09.2024,Alena Diesing <ad@wip.tu-berlin.de>
World,X_Fuel_Cell,2050,2668.029706,,MEUR/GW,Fuel cell gas- https://energy.ec.europa.eu/data-and-analysis/energy-modelling/eu-reference-scenario-2020_en,02.09.2024,Alena Diesing <ad@wip.tu-berlin.de>
World,X_Fuel_Cell,2055,2668.029706,,MEUR/GW,same as 2050 for now,29.01.2025,Nikita Moskalenko <nim@wip.tu-berlin.de>
World,X_Fuel_Cell,2060,2668.029706,,MEUR/GW,same as 2050 for now,29.01.2025,Nikita Moskalenko <nim@wip.tu-berlin.de>
World,X_Gasifier,2018,175,,MEUR/GW,EU reference scenario 2020 - Regasification Plant including LNG storage  (per 1 kW or 1 MWh gas HHV),08.10.2024,Stian Backe <stian.backe@sintef.no>
World,X_Gasifier,2020,175,,MEUR/GW,EU reference scenario 2020 - Regasification Plant including LNG storage  (per 1 kW or 1 MWh gas HHV),08.10.2024,Stian Backe <stian.backe@sintef.no>
World,X_Gasifier,2021,175,,MEUR/GW,EU reference scenario 2020 - Regasification Plant including LNG storage  (per 1 kW or 1 MWh gas HHV),08.10.2024,Stian Backe <stian.backe@sintef.no>
World,X_Gasifier,2025,175,,MEUR/GW,EU reference scenario 2020 - Regasification Plant including LNG storage  (per 1 kW or 1 MWh gas HHV),08.10.2024,Stian Backe <stian.backe@sintef.no>
World,X_Gasifier,2030,175,,MEUR/GW,EU reference scenario 2020 - Regasification Plant including LNG storage  (per 1 kW or 1 MWh gas HHV),08.10.2024,Stian Backe <stian.backe@sintef.no>
World,X_Gasifier,2035,175,,MEUR/GW,EU reference scenario 2020 - Regasification Plant including LNG storage  (per 1 kW or 1 MWh gas HHV),08.10.2024,Stian Backe <stian.backe@sintef.no>
World,X_Gasifier,2040,175,,MEUR/GW,EU reference scenario 2020 - Regasification Plant including LNG storage  (per 1 kW or 1 MWh gas HHV),08.10.2024,Stian Backe <stian.backe@sintef.no>
World,X_Gasifier,2045,175,,MEUR/GW,EU reference scenario 2020 - Regasification Plant including LNG storage  (per 1 kW or 1 MWh gas HHV),08.10.2024,Stian Backe <stian.backe@sintef.no>
World,X_Gasifier,2050,175,,MEUR/GW,EU reference scenario 2020 - Regasification Plant including LNG storage  (per 1 kW or 1 MWh gas HHV),08.10.2024,Stian Backe <stian.backe@sintef.no>
World,X_Gasifier,2055,175,,MEUR/GW,same as 2050 for now,29.01.2025,Nikita Moskalenko <nim@wip.tu-berlin.de>
World,X_Gasifier,2060,175,,MEUR/GW,same as 2050 for now,29.01.2025,Nikita Moskalenko <nim@wip.tu-berlin.de>
World,X_Liquifier,2018,200,,MEUR/GW,Gas Liquefaction plant  - https://energy.ec.europa.eu/data-and-analysis/energy-modelling/eu-reference-scenario-2020_en,04.09.2024,Alena Diesing <ad@wip.tu-berlin.de>
World,X_Liquifier,2020,200,,MEUR/GW,Gas Liquefaction plant  - https://energy.ec.europa.eu/data-and-analysis/energy-modelling/eu-reference-scenario-2020_en,04.09.2024,Alena Diesing <ad@wip.tu-berlin.de>
World,X_Liquifier,2021,200,,MEUR/GW,Gas Liquefaction plant  - https://energy.ec.europa.eu/data-and-analysis/energy-modelling/eu-reference-scenario-2020_en,04.09.2024,Alena Diesing <ad@wip.tu-berlin.de>
World,X_Liquifier,2025,200,,MEUR/GW,Gas Liquefaction plant  - https://energy.ec.europa.eu/data-and-analysis/energy-modelling/eu-reference-scenario-2020_en,04.09.2024,Alena Diesing <ad@wip.tu-berlin.de>
World,X_Liquifier,2030,200,,MEUR/GW,Gas Liquefaction plant  - https://energy.ec.europa.eu/data-and-analysis/energy-modelling/eu-reference-scenario-2020_en,04.09.2024,Alena Diesing <ad@wip.tu-berlin.de>
World,X_Liquifier,2035,200,,MEUR/GW,Gas Liquefaction plant  - https://energy.ec.europa.eu/data-and-analysis/energy-modelling/eu-reference-scenario-2020_en,04.09.2024,Alena Diesing <ad@wip.tu-berlin.de>
World,X_Liquifier,2040,200,,MEUR/GW,Gas Liquefaction plant  - https://energy.ec.europa.eu/data-and-analysis/energy-modelling/eu-reference-scenario-2020_en,04.09.2024,Alena Diesing <ad@wip.tu-berlin.de>
World,X_Liquifier,2045,200,,MEUR/GW,Gas Liquefaction plant  - https://energy.ec.europa.eu/data-and-analysis/energy-modelling/eu-reference-scenario-2020_en,04.09.2024,Alena Diesing <ad@wip.tu-berlin.de>
World,X_Liquifier,2050,200,,MEUR/GW,Gas Liquefaction plant  - https://energy.ec.europa.eu/data-and-analysis/energy-modelling/eu-reference-scenario-2020_en,04.09.2024,Alena Diesing <ad@wip.tu-berlin.de>
World,X_Liquifier,2055,200,,MEUR/GW,same as 2050 for now,29.01.2025,Nikita Moskalenko <nim@wip.tu-berlin.de>
World,X_Liquifier,2060,200,,MEUR/GW,same as 2050 for now,29.01.2025,Nikita Moskalenko <nim@wip.tu-berlin.de>
World,X_Methanation,2018,1200,,MEUR/GW,EU reference scenario 2020 - Methanation  (per 1 kW or 1 MWh CH4 HHV),09.10.2024,Stian Backe <stian.backe@sintef.no>
World,X_Methanation,2020,1200,,MEUR/GW,EU reference scenario 2020 - Methanation  (per 1 kW or 1 MWh CH4 HHV),09.10.2024,Stian Backe <stian.backe@sintef.no>
World,X_Methanation,2021,1200,,MEUR/GW,EU reference scenario 2020 - Methanation  (per 1 kW or 1 MWh CH4 HHV),09.10.2024,Stian Backe <stian.backe@sintef.no>
World,X_Methanation,2025,966.5,,MEUR/GW,EU reference scenario 2020 - Methanation  (per 1 kW or 1 MWh CH4 HHV),09.10.2024,Stian Backe <stian.backe@sintef.no>
World,X_Methanation,2030,733,,MEUR/GW,EU reference scenario 2020 - Methanation  (per 1 kW or 1 MWh CH4 HHV),09.10.2024,Stian Backe <stian.backe@sintef.no>
World,X_Methanation,2035,615.5,,MEUR/GW,EU reference scenario 2020 - Methanation  (per 1 kW or 1 MWh CH4 HHV),09.10.2024,Stian Backe <stian.backe@sintef.no>
World,X_Methanation,2040,498,,MEUR/GW,EU reference scenario 2020 - Methanation  (per 1 kW or 1 MWh CH4 HHV),09.10.2024,Stian Backe <stian.backe@sintef.no>
World,X_Methanation,2045,380.5,,MEUR/GW,EU reference scenario 2020 - Methanation  (per 1 kW or 1 MWh CH4 HHV),09.10.2024,Stian Backe <stian.backe@sintef.no>
World,X_Methanation,2050,263,,MEUR/GW,EU reference scenario 2020 - Methanation  (per 1 kW or 1 MWh CH4 HHV),09.10.2024,Stian Backe <stian.backe@sintef.no>
World,X_Methanation,2055,263,,MEUR/GW,same as 2050 for now,29.01.2025,Nikita Moskalenko <nim@wip.tu-berlin.de>
World,X_Methanation,2060,263,,MEUR/GW,same as 2050 for now,29.01.2025,Nikita Moskalenko <nim@wip.tu-berlin.de>
World,X_Powerfuel,2018,3400,,MEUR/GW,,,
World,X_Powerfuel,2020,3400,,MEUR/GW,,,
World,X_Powerfuel,2021,3400,,MEUR/GW,Power to Jet Fuel- https://ens.dk/en/our-services/technology-catalogues/technology-data-renewable-fuels,04.09.2024,Alena Diesing <ad@wip.tu-berlin.de>
World,X_Powerfuel,2025,3050,,MEUR/GW,Power to Jet Fuel- https://ens.dk/en/our-services/technology-catalogues/technology-data-renewable-fuels,04.09.2024,Alena Diesing <ad@wip.tu-berlin.de>
World,X_Powerfuel,2030,2700,,MEUR/GW,Power to Jet Fuel- https://ens.dk/en/our-services/technology-catalogues/technology-data-renewable-fuels,04.09.2024,Alena Diesing <ad@wip.tu-berlin.de>
World,X_Powerfuel,2035,2350,,MEUR/GW,Power to Jet Fuel- https://ens.dk/en/our-services/technology-catalogues/technology-data-renewable-fuels,04.09.2024,Alena Diesing <ad@wip.tu-berlin.de>
World,X_Powerfuel,2040,2000,,MEUR/GW,Power to Jet Fuel- https://ens.dk/en/our-services/technology-catalogues/technology-data-renewable-fuels,04.09.2024,Alena Diesing <ad@wip.tu-berlin.de>
World,X_Powerfuel,2045,1850,,MEUR/GW,Power to Jet Fuel- https://ens.dk/en/our-services/technology-catalogues/technology-data-renewable-fuels,04.09.2024,Alena Diesing <ad@wip.tu-berlin.de>
World,X_Powerfuel,2050,1700,,MEUR/GW,Power to Jet Fuel- https://ens.dk/en/our-services/technology-catalogues/technology-data-renewable-fuels,04.09.2024,Alena Diesing <ad@wip.tu-berlin.de>
World,X_Powerfuel,2055,1700,,MEUR/GW,same as 2050 for now,29.01.2025,Nikita Moskalenko <nim@wip.tu-berlin.de>
World,X_Powerfuel,2060,1700,,MEUR/GW,same as 2050 for now,29.01.2025,Nikita Moskalenko <nim@wip.tu-berlin.de>
World,X_SMR,2018,1945,,MEUR/GW,"Hydrogen4EU (2021) 10 Annex E: Data documentation Table 21 average of SMR medium size decentralized and SMR large size, centralized",28.09.2024,Alena Diesing <ad@wip.tu-berlin.de>
World,X_SMR,2020,1945,,MEUR/GW,"Hydrogen4EU (2021) 10 Annex E: Data documentation Table 21 average of SMR medium size decentralized and SMR large size, centralized",28.09.2024,Alena Diesing <ad@wip.tu-berlin.de>
World,X_SMR,2021,1945,,MEUR/GW,"Hydrogen4EU (2021) 10 Annex E: Data documentation Table 21 average of SMR medium size decentralized and SMR large size, centralized",28.09.2024,Alena Diesing <ad@wip.tu-berlin.de>
World,X_SMR,2025,1727,,MEUR/GW,"Hydrogen4EU (2021) 10 Annex E: Data documentation Table 21 average of SMR medium size decentralized and SMR large size, centralized",28.09.2024,Alena Diesing <ad@wip.tu-berlin.de>
World,X_SMR,2030,1509,,MEUR/GW,"Hydrogen4EU (2021) 10 Annex E: Data documentation Table 21 average of SMR medium size decentralized and SMR large size, centralized",28.09.2024,Alena Diesing <ad@wip.tu-berlin.de>
World,X_SMR,2035,1509,,MEUR/GW,"Hydrogen4EU (2021) 10 Annex E: Data documentation Table 21 average of SMR medium size decentralized and SMR large size, centralized",28.09.2024,Alena Diesing <ad@wip.tu-berlin.de>
World,X_SMR,2040,1509,,MEUR/GW,"Hydrogen4EU (2021) 10 Annex E: Data documentation Table 21 average of SMR medium size decentralized and SMR large size, centralized",28.09.2024,Alena Diesing <ad@wip.tu-berlin.de>
World,X_SMR,2045,1509,,MEUR/GW,"Hydrogen4EU (2021) 10 Annex E: Data documentation Table 21 average of SMR medium size decentralized and SMR large size, centralized",28.09.2024,Alena Diesing <ad@wip.tu-berlin.de>
World,X_SMR,2050,1509,,MEUR/GW,"Hydrogen4EU (2021) 10 Annex E: Data documentation Table 21 average of SMR medium size decentralized and SMR large size, centralized",04.09.2024,Alena Diesing <ad@wip.tu-berlin.de>
World,X_SMR,2055,1509,,MEUR/GW,same as 2050 for now,29.01.2025,Nikita Moskalenko <nim@wip.tu-berlin.de>
World,X_SMR,2060,1509,,MEUR/GW,same as 2050 for now,29.01.2025,Nikita Moskalenko <nim@wip.tu-berlin.de>
World,R_Waste,2018,0.01,,MEUR/GW,assumption: only varible costs,20.06.2025,Nikita Moskalenko <nim@wip.tu-berlin.de>
World,R_Waste,2020,0.01,,MEUR/GW,assumption: only varible costs,20.06.2025,Nikita Moskalenko <nim@wip.tu-berlin.de>
World,R_Waste,2021,0.01,,MEUR/GW,assumption: only varible costs,20.06.2025,Nikita Moskalenko <nim@wip.tu-berlin.de>
World,R_Waste,2025,0.01,,MEUR/GW,assumption: only varible costs,20.06.2025,Nikita Moskalenko <nim@wip.tu-berlin.de>
World,R_Waste,2030,0.01,,MEUR/GW,assumption: only varible costs,20.06.2025,Nikita Moskalenko <nim@wip.tu-berlin.de>
World,R_Waste,2035,0.01,,MEUR/GW,assumption: only varible costs,20.06.2025,Nikita Moskalenko <nim@wip.tu-berlin.de>
World,R_Waste,2040,0.01,,MEUR/GW,assumption: only varible costs,20.06.2025,Nikita Moskalenko <nim@wip.tu-berlin.de>
World,R_Waste,2045,0.01,,MEUR/GW,assumption: only varible costs,20.06.2025,Nikita Moskalenko <nim@wip.tu-berlin.de>
World,R_Waste,2050,0.01,,MEUR/GW,assumption: only varible costs,20.06.2025,Nikita Moskalenko <nim@wip.tu-berlin.de>
World,R_Waste,2055,0.01,,MEUR/GW,assumption: only varible costs,20.06.2025,Nikita Moskalenko <nim@wip.tu-berlin.de>
World,R_Waste,2060,0.01,,MEUR/GW,assumption: only varible costs,20.06.2025,Nikita Moskalenko <nim@wip.tu-berlin.de>
World,A_Air,2026,0.5,,MEUR/GW,interpolated,,
World,A_Air,2027,0.5,,MEUR/GW,interpolated,,
World,A_Air,2028,0.5,,MEUR/GW,interpolated,,
World,A_Air,2029,0.5,,MEUR/GW,interpolated,,
World,A_Air,2031,0.5,,MEUR/GW,interpolated,,
World,A_Air,2032,0.5,,MEUR/GW,interpolated,,
World,A_Air,2033,0.5,,MEUR/GW,interpolated,,
World,A_Air,2034,0.5,,MEUR/GW,interpolated,,
World,A_Air,2036,0.5,,MEUR/GW,interpolated,,
World,A_Air,2037,0.5,,MEUR/GW,interpolated,,
World,A_Air,2038,0.5,,MEUR/GW,interpolated,,
World,A_Air,2039,0.5,,MEUR/GW,interpolated,,
World,CHP_Biomass_Solid,2026,3114,,MEUR/GW,interpolated,,
World,CHP_Biomass_Solid,2027,3083,,MEUR/GW,interpolated,,
World,CHP_Biomass_Solid,2028,3052,,MEUR/GW,interpolated,,
World,CHP_Biomass_Solid,2029,3021,,MEUR/GW,interpolated,,
World,CHP_Biomass_Solid,2031,2966,,MEUR/GW,interpolated,,
World,CHP_Biomass_Solid,2032,2942,,MEUR/GW,interpolated,,
World,CHP_Biomass_Solid,2033,2918,,MEUR/GW,interpolated,,
World,CHP_Biomass_Solid,2034,2894,,MEUR/GW,interpolated,,
World,CHP_Biomass_Solid,2036,2846,,MEUR/GW,interpolated,,
World,CHP_Biomass_Solid,2037,2822,,MEUR/GW,interpolated,,
World,CHP_Biomass_Solid,2038,2798,,MEUR/GW,interpolated,,
World,CHP_Biomass_Solid,2039,2774,,MEUR/GW,interpolated,,
World,CHP_Biomass_Solid_CCS,2026,5480.64,,MEUR/GW,interpolated,,
World,CHP_Biomass_Solid_CCS,2027,5426.08,,MEUR/GW,interpolated,,
World,CHP_Biomass_Solid_CCS,2028,5371.52,,MEUR/GW,interpolated,,
World,CHP_Biomass_Solid_CCS,2029,5316.96,,MEUR/GW,interpolated,,
World,CHP_Biomass_Solid_CCS,2031,5220.16,,MEUR/GW,interpolated,,
World,CHP_Biomass_Solid_CCS,2032,5177.92,,MEUR/GW,interpolated,,
World,CHP_Biomass_Solid_CCS,2033,5135.68,,MEUR/GW,interpolated,,
World,CHP_Biomass_Solid_CCS,2034,5093.44,,MEUR/GW,interpolated,,
World,CHP_Biomass_Solid_CCS,2036,5008.96,,MEUR/GW,interpolated,,
World,CHP_Biomass_Solid_CCS,2037,4966.72,,MEUR/GW,interpolated,,
World,CHP_Biomass_Solid_CCS,2038,4924.48,,MEUR/GW,interpolated,,
World,CHP_Biomass_Solid_CCS,2039,4882.24,,MEUR/GW,interpolated,,
World,CHP_Coal_Hardcoal,2026,2030,,MEUR/GW,interpolated,08.09.2023,Luka Garibashvili <lukaga@stud.ntnu.no>
World,CHP_Coal_Hardcoal,2027,2030,,MEUR/GW,interpolated,08.09.2023,Luka Garibashvili <lukaga@stud.ntnu.no>
World,CHP_Coal_Hardcoal,2028,2030,,MEUR/GW,interpolated,08.09.2023,Luka Garibashvili <lukaga@stud.ntnu.no>
World,CHP_Coal_Hardcoal,2029,2030,,MEUR/GW,interpolated,08.09.2023,Luka Garibashvili <lukaga@stud.ntnu.no>
World,CHP_Coal_Hardcoal,2031,2030,,MEUR/GW,interpolated,08.09.2023,Luka Garibashvili <lukaga@stud.ntnu.no>
World,CHP_Coal_Hardcoal,2032,2030,,MEUR/GW,interpolated,08.09.2023,Luka Garibashvili <lukaga@stud.ntnu.no>
World,CHP_Coal_Hardcoal,2033,2030,,MEUR/GW,interpolated,08.09.2023,Luka Garibashvili <lukaga@stud.ntnu.no>
World,CHP_Coal_Hardcoal,2034,2030,,MEUR/GW,interpolated,08.09.2023,Luka Garibashvili <lukaga@stud.ntnu.no>
World,CHP_Coal_Hardcoal,2036,2030,,MEUR/GW,interpolated,08.09.2023,Luka Garibashvili <lukaga@stud.ntnu.no>
World,CHP_Coal_Hardcoal,2037,2030,,MEUR/GW,interpolated,08.09.2023,Luka Garibashvili <lukaga@stud.ntnu.no>
World,CHP_Coal_Hardcoal,2038,2030,,MEUR/GW,interpolated,08.09.2023,Luka Garibashvili <lukaga@stud.ntnu.no>
World,CHP_Coal_Hardcoal,2039,2030,,MEUR/GW,interpolated,08.09.2023,Luka Garibashvili <lukaga@stud.ntnu.no>
World,CHP_Coal_Hardcoal_CCS,2026,3308.9,,MEUR/GW,interpolated,,
World,CHP_Coal_Hardcoal_CCS,2027,3308.9,,MEUR/GW,interpolated,,
World,CHP_Coal_Hardcoal_CCS,2028,3308.9,,MEUR/GW,interpolated,,
World,CHP_Coal_Hardcoal_CCS,2029,3308.9,,MEUR/GW,interpolated,,
World,CHP_Coal_Hardcoal_CCS,2031,3308.9,,MEUR/GW,interpolated,,
World,CHP_Coal_Hardcoal_CCS,2032,3308.9,,MEUR/GW,interpolated,,
World,CHP_Coal_Hardcoal_CCS,2033,3308.9,,MEUR/GW,interpolated,,
World,CHP_Coal_Hardcoal_CCS,2034,3308.9,,MEUR/GW,interpolated,,
World,CHP_Coal_Hardcoal_CCS,2036,3308.9,,MEUR/GW,interpolated,,
World,CHP_Coal_Hardcoal_CCS,2037,3308.9,,MEUR/GW,interpolated,,
World,CHP_Coal_Hardcoal_CCS,2038,3308.9,,MEUR/GW,interpolated,,
World,CHP_Coal_Hardcoal_CCS,2039,3308.9,,MEUR/GW,interpolated,,
World,CHP_Coal_Lignite,2026,2030,,MEUR/GW,interpolated,,
World,CHP_Coal_Lignite,2027,2030,,MEUR/GW,interpolated,,
World,CHP_Coal_Lignite,2028,2030,,MEUR/GW,interpolated,,
World,CHP_Coal_Lignite,2029,2030,,MEUR/GW,interpolated,,
World,CHP_Coal_Lignite,2031,2030,,MEUR/GW,interpolated,,
World,CHP_Coal_Lignite,2032,2030,,MEUR/GW,interpolated,,
World,CHP_Coal_Lignite,2033,2030,,MEUR/GW,interpolated,,
World,CHP_Coal_Lignite,2034,2030,,MEUR/GW,interpolated,,
World,CHP_Coal_Lignite,2036,2030,,MEUR/GW,interpolated,,
World,CHP_Coal_Lignite,2037,2030,,MEUR/GW,interpolated,,
World,CHP_Coal_Lignite,2038,2030,,MEUR/GW,interpolated,,
World,CHP_Coal_Lignite,2039,2030,,MEUR/GW,interpolated,,
World,CHP_Coal_Lignite_CCS,2026,3308.9,,MEUR/GW,interpolated,,
World,CHP_Coal_Lignite_CCS,2027,3308.9,,MEUR/GW,interpolated,,
World,CHP_Coal_Lignite_CCS,2028,3308.9,,MEUR/GW,interpolated,,
World,CHP_Coal_Lignite_CCS,2029,3308.9,,MEUR/GW,interpolated,,
World,CHP_Coal_Lignite_CCS,2031,3308.9,,MEUR/GW,interpolated,,
World,CHP_Coal_Lignite_CCS,2032,3308.9,,MEUR/GW,interpolated,,
World,CHP_Coal_Lignite_CCS,2033,3308.9,,MEUR/GW,interpolated,,
World,CHP_Coal_Lignite_CCS,2034,3308.9,,MEUR/GW,interpolated,,
World,CHP_Coal_Lignite_CCS,2036,3308.9,,MEUR/GW,interpolated,,
World,CHP_Coal_Lignite_CCS,2037,3308.9,,MEUR/GW,interpolated,,
World,CHP_Coal_Lignite_CCS,2038,3308.9,,MEUR/GW,interpolated,,
World,CHP_Coal_Lignite_CCS,2039,3308.9,,MEUR/GW,interpolated,,
World,CHP_Gas_CCGT_Biogas,2026,994,,MEUR/GW,interpolated,,
World,CHP_Gas_CCGT_Biogas,2027,993,,MEUR/GW,interpolated,,
World,CHP_Gas_CCGT_Biogas,2028,992,,MEUR/GW,interpolated,,
World,CHP_Gas_CCGT_Biogas,2029,991,,MEUR/GW,interpolated,,
World,CHP_Gas_CCGT_Biogas,2031,989,,MEUR/GW,interpolated,,
World,CHP_Gas_CCGT_Biogas,2032,988,,MEUR/GW,interpolated,,
World,CHP_Gas_CCGT_Biogas,2033,987,,MEUR/GW,interpolated,,
World,CHP_Gas_CCGT_Biogas,2034,986,,MEUR/GW,interpolated,,
World,CHP_Gas_CCGT_Biogas,2036,984,,MEUR/GW,interpolated,,
World,CHP_Gas_CCGT_Biogas,2037,983,,MEUR/GW,interpolated,,
World,CHP_Gas_CCGT_Biogas,2038,982,,MEUR/GW,interpolated,,
World,CHP_Gas_CCGT_Biogas,2039,981,,MEUR/GW,interpolated,,
World,CHP_Gas_CCGT_Biogas_CCS,2026,1749.44,,MEUR/GW,interpolated,,
World,CHP_Gas_CCGT_Biogas_CCS,2027,1747.68,,MEUR/GW,interpolated,,
World,CHP_Gas_CCGT_Biogas_CCS,2028,1745.92,,MEUR/GW,interpolated,,
World,CHP_Gas_CCGT_Biogas_CCS,2029,1744.16,,MEUR/GW,interpolated,,
World,CHP_Gas_CCGT_Biogas_CCS,2031,1740.64,,MEUR/GW,interpolated,,
World,CHP_Gas_CCGT_Biogas_CCS,2032,1738.88,,MEUR/GW,interpolated,,
World,CHP_Gas_CCGT_Biogas_CCS,2033,1737.12,,MEUR/GW,interpolated,,
World,CHP_Gas_CCGT_Biogas_CCS,2034,1735.36,,MEUR/GW,interpolated,,
World,CHP_Gas_CCGT_Biogas_CCS,2036,1731.84,,MEUR/GW,interpolated,,
World,CHP_Gas_CCGT_Biogas_CCS,2037,1730.08,,MEUR/GW,interpolated,,
World,CHP_Gas_CCGT_Biogas_CCS,2038,1728.32,,MEUR/GW,interpolated,,
World,CHP_Gas_CCGT_Biogas_CCS,2039,1726.56,,MEUR/GW,interpolated,,
World,CHP_Gas_CCGT_Natural,2026,994,,MEUR/GW,interpolated,,
World,CHP_Gas_CCGT_Natural,2027,993,,MEUR/GW,interpolated,,
World,CHP_Gas_CCGT_Natural,2028,992,,MEUR/GW,interpolated,,
World,CHP_Gas_CCGT_Natural,2029,991,,MEUR/GW,interpolated,,
World,CHP_Gas_CCGT_Natural,2031,989,,MEUR/GW,interpolated,,
World,CHP_Gas_CCGT_Natural,2032,988,,MEUR/GW,interpolated,,
World,CHP_Gas_CCGT_Natural,2033,987,,MEUR/GW,interpolated,,
World,CHP_Gas_CCGT_Natural,2034,986,,MEUR/GW,interpolated,,
World,CHP_Gas_CCGT_Natural,2036,984,,MEUR/GW,interpolated,,
World,CHP_Gas_CCGT_Natural,2037,983,,MEUR/GW,interpolated,,
World,CHP_Gas_CCGT_Natural,2038,982,,MEUR/GW,interpolated,,
World,CHP_Gas_CCGT_Natural,2039,981,,MEUR/GW,interpolated,,
World,CHP_Gas_CCGT_Natural_CCS,2026,1749.44,,MEUR/GW,interpolated,,
World,CHP_Gas_CCGT_Natural_CCS,2027,1747.68,,MEUR/GW,interpolated,,
World,CHP_Gas_CCGT_Natural_CCS,2028,1745.92,,MEUR/GW,interpolated,,
World,CHP_Gas_CCGT_Natural_CCS,2029,1744.16,,MEUR/GW,interpolated,,
World,CHP_Gas_CCGT_Natural_CCS,2031,1740.64,,MEUR/GW,interpolated,,
World,CHP_Gas_CCGT_Natural_CCS,2032,1738.88,,MEUR/GW,interpolated,,
World,CHP_Gas_CCGT_Natural_CCS,2033,1737.12,,MEUR/GW,interpolated,,
World,CHP_Gas_CCGT_Natural_CCS,2034,1735.36,,MEUR/GW,interpolated,,
World,CHP_Gas_CCGT_Natural_CCS,2036,1731.84,,MEUR/GW,interpolated,,
World,CHP_Gas_CCGT_Natural_CCS,2037,1730.08,,MEUR/GW,interpolated,,
World,CHP_Gas_CCGT_Natural_CCS,2038,1728.32,,MEUR/GW,interpolated,,
World,CHP_Gas_CCGT_Natural_CCS,2039,1726.56,,MEUR/GW,interpolated,,
World,CHP_Gas_CCGT_SynGas,2026,994,,MEUR/GW,interpolated,,
World,CHP_Gas_CCGT_SynGas,2027,993,,MEUR/GW,interpolated,,
World,CHP_Gas_CCGT_SynGas,2028,992,,MEUR/GW,interpolated,,
World,CHP_Gas_CCGT_SynGas,2029,991,,MEUR/GW,interpolated,,
World,CHP_Gas_CCGT_SynGas,2031,989,,MEUR/GW,interpolated,,
World,CHP_Gas_CCGT_SynGas,2032,988,,MEUR/GW,interpolated,,
World,CHP_Gas_CCGT_SynGas,2033,987,,MEUR/GW,interpolated,,
World,CHP_Gas_CCGT_SynGas,2034,986,,MEUR/GW,interpolated,,
World,CHP_Gas_CCGT_SynGas,2036,984,,MEUR/GW,interpolated,,
World,CHP_Gas_CCGT_SynGas,2037,983,,MEUR/GW,interpolated,,
World,CHP_Gas_CCGT_SynGas,2038,982,,MEUR/GW,interpolated,,
World,CHP_Gas_CCGT_SynGas,2039,981,,MEUR/GW,interpolated,,
World,CHP_Hydrogen_FuelCell,2026,4920,,MEUR/GW,interpolated,,
World,CHP_Hydrogen_FuelCell,2027,4690,,MEUR/GW,interpolated,,
World,CHP_Hydrogen_FuelCell,2028,4460,,MEUR/GW,interpolated,,
World,CHP_Hydrogen_FuelCell,2029,4230,,MEUR/GW,interpolated,,
World,CHP_Hydrogen_FuelCell,2031,3855,,MEUR/GW,interpolated,,
World,CHP_Hydrogen_FuelCell,2032,3710,,MEUR/GW,interpolated,,
World,CHP_Hydrogen_FuelCell,2033,3565,,MEUR/GW,interpolated,,
World,CHP_Hydrogen_FuelCell,2034,3420,,MEUR/GW,interpolated,,
World,CHP_Hydrogen_FuelCell,2036,3130,,MEUR/GW,interpolated,,
World,CHP_Hydrogen_FuelCell,2037,2985,,MEUR/GW,interpolated,,
World,CHP_Hydrogen_FuelCell,2038,2840,,MEUR/GW,interpolated,,
World,CHP_Hydrogen_FuelCell,2039,2695,,MEUR/GW,interpolated,,
World,CHP_Oil,2026,994,,MEUR/GW,interpolated,,
World,CHP_Oil,2027,993,,MEUR/GW,interpolated,,
World,CHP_Oil,2028,992,,MEUR/GW,interpolated,,
World,CHP_Oil,2029,991,,MEUR/GW,interpolated,,
World,CHP_Oil,2031,989,,MEUR/GW,interpolated,,
World,CHP_Oil,2032,988,,MEUR/GW,interpolated,,
World,CHP_Oil,2033,987,,MEUR/GW,interpolated,,
World,CHP_Oil,2034,986,,MEUR/GW,interpolated,,
World,CHP_Oil,2036,984,,MEUR/GW,interpolated,,
World,CHP_Oil,2037,983,,MEUR/GW,interpolated,,
World,CHP_Oil,2038,982,,MEUR/GW,interpolated,,
World,CHP_Oil,2039,981,,MEUR/GW,interpolated,,
World,CHP_WasteToEnergy,2026,9223.29,,MEUR/GW,interpolated,13.12.2023,Frida Sather <frida.sather@sintef.no>
World,CHP_WasteToEnergy,2027,9178.2,,MEUR/GW,interpolated,13.12.2023,Frida Sather <frida.sather@sintef.no>
World,CHP_WasteToEnergy,2028,9133.1,,MEUR/GW,interpolated,13.12.2023,Frida Sather <frida.sather@sintef.no>
World,CHP_WasteToEnergy,2029,9088.01,,MEUR/GW,interpolated,13.12.2023,Frida Sather <frida.sather@sintef.no>
World,CHP_WasteToEnergy,2031,8986.86,,MEUR/GW,interpolated,13.12.2023,Frida Sather <frida.sather@sintef.no>
World,CHP_WasteToEnergy,2032,8930.81,,MEUR/GW,interpolated,13.12.2023,Frida Sather <frida.sather@sintef.no>
World,CHP_WasteToEnergy,2033,8874.75,,MEUR/GW,interpolated,13.12.2023,Frida Sather <frida.sather@sintef.no>
World,CHP_WasteToEnergy,2034,8818.7,,MEUR/GW,interpolated,13.12.2023,Frida Sather <frida.sather@sintef.no>
World,CHP_WasteToEnergy,2036,8706.6,,MEUR/GW,interpolated,13.12.2023,Frida Sather <frida.sather@sintef.no>
World,CHP_WasteToEnergy,2037,8650.54,,MEUR/GW,interpolated,13.12.2023,Frida Sather <frida.sather@sintef.no>
World,CHP_WasteToEnergy,2038,8594.49,,MEUR/GW,interpolated,13.12.2023,Frida Sather <frida.sather@sintef.no>
World,CHP_WasteToEnergy,2039,8538.44,,MEUR/GW,interpolated,13.12.2023,Frida Sather <frida.sather@sintef.no>
World,D_Battery_Li-Ion,2026,204,,MEUR/GW,interpolated,22.07.2024,Konstantin Loffler <kl@wip.tu-berlin.de>
World,D_Battery_Li-Ion,2027,193,,MEUR/GW,interpolated,22.07.2024,Konstantin Loffler <kl@wip.tu-berlin.de>
World,D_Battery_Li-Ion,2028,182,,MEUR/GW,interpolated,22.07.2024,Konstantin Loffler <kl@wip.tu-berlin.de>
World,D_Battery_Li-Ion,2029,171,,MEUR/GW,interpolated,22.07.2024,Konstantin Loffler <kl@wip.tu-berlin.de>
World,D_Battery_Li-Ion,2031,154,,MEUR/GW,interpolated,22.07.2024,Konstantin Loffler <kl@wip.tu-berlin.de>
World,D_Battery_Li-Ion,2032,148,,MEUR/GW,interpolated,22.07.2024,Konstantin Loffler <kl@wip.tu-berlin.de>
World,D_Battery_Li-Ion,2033,142,,MEUR/GW,interpolated,22.07.2024,Konstantin Loffler <kl@wip.tu-berlin.de>
World,D_Battery_Li-Ion,2034,136,,MEUR/GW,interpolated,22.07.2024,Konstantin Loffler <kl@wip.tu-berlin.de>
World,D_Battery_Li-Ion,2036,124,,MEUR/GW,interpolated,22.07.2024,Konstantin Loffler <kl@wip.tu-berlin.de>
World,D_Battery_Li-Ion,2037,118,,MEUR/GW,interpolated,22.07.2024,Konstantin Loffler <kl@wip.tu-berlin.de>
World,D_Battery_Li-Ion,2038,112,,MEUR/GW,interpolated,22.07.2024,Konstantin Loffler <kl@wip.tu-berlin.de>
World,D_Battery_Li-Ion,2039,106,,MEUR/GW,interpolated,22.07.2024,Konstantin Loffler <kl@wip.tu-berlin.de>
World,D_CAES,2026,964.545,,MEUR/GW,interpolated,22.07.2024,Konstantin Loffler <kl@wip.tu-berlin.de>
World,D_CAES,2027,964.545,,MEUR/GW,interpolated,22.07.2024,Konstantin Loffler <kl@wip.tu-berlin.de>
World,D_CAES,2028,964.545,,MEUR/GW,interpolated,22.07.2024,Konstantin Loffler <kl@wip.tu-berlin.de>
World,D_CAES,2029,964.545,,MEUR/GW,interpolated,22.07.2024,Konstantin Loffler <kl@wip.tu-berlin.de>
World,D_CAES,2031,964.545,,MEUR/GW,interpolated,22.07.2024,Konstantin Loffler <kl@wip.tu-berlin.de>
World,D_CAES,2032,964.545,,MEUR/GW,interpolated,22.07.2024,Konstantin Loffler <kl@wip.tu-berlin.de>
World,D_CAES,2033,964.545,,MEUR/GW,interpolated,22.07.2024,Konstantin Loffler <kl@wip.tu-berlin.de>
World,D_CAES,2034,964.545,,MEUR/GW,interpolated,22.07.2024,Konstantin Loffler <kl@wip.tu-berlin.de>
World,D_CAES,2036,964.545,,MEUR/GW,interpolated,22.07.2024,Konstantin Loffler <kl@wip.tu-berlin.de>
World,D_CAES,2037,964.545,,MEUR/GW,interpolated,22.07.2024,Konstantin Loffler <kl@wip.tu-berlin.de>
World,D_CAES,2038,964.545,,MEUR/GW,interpolated,22.07.2024,Konstantin Loffler <kl@wip.tu-berlin.de>
World,D_CAES,2039,964.545,,MEUR/GW,interpolated,22.07.2024,Konstantin Loffler <kl@wip.tu-berlin.de>
World,D_HB_Tank_Small,2026,420,,MEUR/GW,interpolated,26.11.2024,Stian Backe <stian.backe@sintef.no>
World,D_HB_Tank_Small,2027,420,,MEUR/GW,interpolated,26.11.2024,Stian Backe <stian.backe@sintef.no>
World,D_HB_Tank_Small,2028,420,,MEUR/GW,interpolated,26.11.2024,Stian Backe <stian.backe@sintef.no>
World,D_HB_Tank_Small,2029,420,,MEUR/GW,interpolated,26.11.2024,Stian Backe <stian.backe@sintef.no>
World,D_HB_Tank_Small,2031,420,,MEUR/GW,interpolated,26.11.2024,Stian Backe <stian.backe@sintef.no>
World,D_HB_Tank_Small,2032,420,,MEUR/GW,interpolated,26.11.2024,Stian Backe <stian.backe@sintef.no>
World,D_HB_Tank_Small,2033,420,,MEUR/GW,interpolated,26.11.2024,Stian Backe <stian.backe@sintef.no>
World,D_HB_Tank_Small,2034,420,,MEUR/GW,interpolated,26.11.2024,Stian Backe <stian.backe@sintef.no>
World,D_HB_Tank_Small,2036,420,,MEUR/GW,interpolated,26.11.2024,Stian Backe <stian.backe@sintef.no>
World,D_HB_Tank_Small,2037,420,,MEUR/GW,interpolated,26.11.2024,Stian Backe <stian.backe@sintef.no>
World,D_HB_Tank_Small,2038,420,,MEUR/GW,interpolated,26.11.2024,Stian Backe <stian.backe@sintef.no>
World,D_HB_Tank_Small,2039,420,,MEUR/GW,interpolated,26.11.2024,Stian Backe <stian.backe@sintef.no>
World,D_HD_Pit,2026,85.8,,MEUR/GW,interpolated,26.11.2024,Stian Backe <stian.backe@sintef.no>
World,D_HD_Pit,2027,85.35,,MEUR/GW,interpolated,26.11.2024,Stian Backe <stian.backe@sintef.no>
World,D_HD_Pit,2028,84.9,,MEUR/GW,interpolated,26.11.2024,Stian Backe <stian.backe@sintef.no>
World,D_HD_Pit,2029,84.45,,MEUR/GW,interpolated,26.11.2024,Stian Backe <stian.backe@sintef.no>
World,D_HD_Pit,2031,83.7,,MEUR/GW,interpolated,26.11.2024,Stian Backe <stian.backe@sintef.no>
World,D_HD_Pit,2032,83.4,,MEUR/GW,interpolated,26.11.2024,Stian Backe <stian.backe@sintef.no>
World,D_HD_Pit,2033,83.1,,MEUR/GW,interpolated,26.11.2024,Stian Backe <stian.backe@sintef.no>
World,D_HD_Pit,2034,82.8,,MEUR/GW,interpolated,26.11.2024,Stian Backe <stian.backe@sintef.no>
World,D_HD_Pit,2036,82.2,,MEUR/GW,interpolated,26.11.2024,Stian Backe <stian.backe@sintef.no>
World,D_HD_Pit,2037,81.9,,MEUR/GW,interpolated,26.11.2024,Stian Backe <stian.backe@sintef.no>
World,D_HD_Pit,2038,81.6,,MEUR/GW,interpolated,26.11.2024,Stian Backe <stian.backe@sintef.no>
World,D_HD_Pit,2039,81.3,,MEUR/GW,interpolated,26.11.2024,Stian Backe <stian.backe@sintef.no>
World,D_HLI_Tank_Large,2026,181,,MEUR/GW,interpolated,26.11.2024,Stian Backe <stian.backe@sintef.no>
World,D_HLI_Tank_Large,2027,181,,MEUR/GW,interpolated,26.11.2024,Stian Backe <stian.backe@sintef.no>
World,D_HLI_Tank_Large,2028,181,,MEUR/GW,interpolated,26.11.2024,Stian Backe <stian.backe@sintef.no>
World,D_HLI_Tank_Large,2029,181,,MEUR/GW,interpolated,26.11.2024,Stian Backe <stian.backe@sintef.no>
World,D_HLI_Tank_Large,2031,181,,MEUR/GW,interpolated,26.11.2024,Stian Backe <stian.backe@sintef.no>
World,D_HLI_Tank_Large,2032,181,,MEUR/GW,interpolated,26.11.2024,Stian Backe <stian.backe@sintef.no>
World,D_HLI_Tank_Large,2033,181,,MEUR/GW,interpolated,26.11.2024,Stian Backe <stian.backe@sintef.no>
World,D_HLI_Tank_Large,2034,181,,MEUR/GW,interpolated,26.11.2024,Stian Backe <stian.backe@sintef.no>
World,D_HLI_Tank_Large,2036,181,,MEUR/GW,interpolated,26.11.2024,Stian Backe <stian.backe@sintef.no>
World,D_HLI_Tank_Large,2037,181,,MEUR/GW,interpolated,26.11.2024,Stian Backe <stian.backe@sintef.no>
World,D_HLI_Tank_Large,2038,181,,MEUR/GW,interpolated,26.11.2024,Stian Backe <stian.backe@sintef.no>
World,D_HLI_Tank_Large,2039,181,,MEUR/GW,interpolated,26.11.2024,Stian Backe <stian.backe@sintef.no>
World,D_PHS,2026,1424.25,,MEUR/GW,interpolated,22.07.2024,Konstantin Loffler <kl@wip.tu-berlin.de>
World,D_PHS,2027,1424.25,,MEUR/GW,interpolated,22.07.2024,Konstantin Loffler <kl@wip.tu-berlin.de>
World,D_PHS,2028,1424.25,,MEUR/GW,interpolated,22.07.2024,Konstantin Loffler <kl@wip.tu-berlin.de>
World,D_PHS,2029,1424.25,,MEUR/GW,interpolated,22.07.2024,Konstantin Loffler <kl@wip.tu-berlin.de>
World,D_PHS,2031,1424.25,,MEUR/GW,interpolated,22.07.2024,Konstantin Loffler <kl@wip.tu-berlin.de>
World,D_PHS,2032,1424.25,,MEUR/GW,interpolated,22.07.2024,Konstantin Loffler <kl@wip.tu-berlin.de>
World,D_PHS,2033,1424.25,,MEUR/GW,interpolated,22.07.2024,Konstantin Loffler <kl@wip.tu-berlin.de>
World,D_PHS,2034,1424.25,,MEUR/GW,interpolated,22.07.2024,Konstantin Loffler <kl@wip.tu-berlin.de>
World,D_PHS,2036,1424.25,,MEUR/GW,interpolated,22.07.2024,Konstantin Loffler <kl@wip.tu-berlin.de>
World,D_PHS,2037,1424.25,,MEUR/GW,interpolated,22.07.2024,Konstantin Loffler <kl@wip.tu-berlin.de>
World,D_PHS,2038,1424.25,,MEUR/GW,interpolated,22.07.2024,Konstantin Loffler <kl@wip.tu-berlin.de>
World,D_PHS,2039,1424.25,,MEUR/GW,interpolated,22.07.2024,Konstantin Loffler <kl@wip.tu-berlin.de>
World,FRT_Rail_Conv,2026,353.739,,MEUR/Gtkm/year,interpolated,,
World,FRT_Rail_Conv,2027,349.641,,MEUR/Gtkm/year,interpolated,,
World,FRT_Rail_Conv,2028,345.542,,MEUR/Gtkm/year,interpolated,,
World,FRT_Rail_Conv,2029,341.443,,MEUR/Gtkm/year,interpolated,,
World,FRT_Rail_Conv,2031,337.345,,MEUR/Gtkm/year,interpolated,,
World,FRT_Rail_Conv,2032,337.345,,MEUR/Gtkm/year,interpolated,,
World,FRT_Rail_Conv,2033,337.345,,MEUR/Gtkm/year,interpolated,,
World,FRT_Rail_Conv,2034,337.345,,MEUR/Gtkm/year,interpolated,,
World,FRT_Rail_Conv,2036,337.345,,MEUR/Gtkm/year,interpolated,,
World,FRT_Rail_Conv,2037,337.345,,MEUR/Gtkm/year,interpolated,,
World,FRT_Rail_Conv,2038,337.345,,MEUR/Gtkm/year,interpolated,,
World,FRT_Rail_Conv,2039,337.345,,MEUR/Gtkm/year,interpolated,,
World,FRT_Rail_Electric,2026,433.189,,MEUR/Gtkm/year,interpolated,,
World,FRT_Rail_Electric,2027,429.721,,MEUR/Gtkm/year,interpolated,,
World,FRT_Rail_Electric,2028,426.253,,MEUR/Gtkm/year,interpolated,,
World,FRT_Rail_Electric,2029,422.785,,MEUR/Gtkm/year,interpolated,,
World,FRT_Rail_Electric,2031,419.317,,MEUR/Gtkm/year,interpolated,,
World,FRT_Rail_Electric,2032,419.317,,MEUR/Gtkm/year,interpolated,,
World,FRT_Rail_Electric,2033,419.317,,MEUR/Gtkm/year,interpolated,,
World,FRT_Rail_Electric,2034,419.317,,MEUR/Gtkm/year,interpolated,,
World,FRT_Rail_Electric,2036,419.317,,MEUR/Gtkm/year,interpolated,,
World,FRT_Rail_Electric,2037,419.317,,MEUR/Gtkm/year,interpolated,,
World,FRT_Rail_Electric,2038,419.317,,MEUR/Gtkm/year,interpolated,,
World,FRT_Rail_Electric,2039,419.317,,MEUR/Gtkm/year,interpolated,,
World,FRT_Road_BEV,2026,602.96,,MEUR/Gtkm/year,interpolated,,
World,FRT_Road_BEV,2027,590.711,,MEUR/Gtkm/year,interpolated,,
World,FRT_Road_BEV,2028,578.462,,MEUR/Gtkm/year,interpolated,,
World,FRT_Road_BEV,2029,566.212,,MEUR/Gtkm/year,interpolated,,
World,FRT_Road_BEV,2031,553.963,,MEUR/Gtkm/year,interpolated,,
World,FRT_Road_BEV,2032,553.963,,MEUR/Gtkm/year,interpolated,,
World,FRT_Road_BEV,2033,553.963,,MEUR/Gtkm/year,interpolated,,
World,FRT_Road_BEV,2034,553.963,,MEUR/Gtkm/year,interpolated,,
World,FRT_Road_BEV,2036,529.464,,MEUR/Gtkm/year,interpolated,,
World,FRT_Road_BEV,2037,504.965,,MEUR/Gtkm/year,interpolated,,
World,FRT_Road_BEV,2038,480.466,,MEUR/Gtkm/year,interpolated,,
World,FRT_Road_BEV,2039,455.967,,MEUR/Gtkm/year,interpolated,,
World,FRT_Road_H2,2026,444.952,,MEUR/Gtkm/year,interpolated,,
World,FRT_Road_H2,2027,438.12,,MEUR/Gtkm/year,interpolated,,
World,FRT_Road_H2,2028,431.289,,MEUR/Gtkm/year,interpolated,,
World,FRT_Road_H2,2029,424.457,,MEUR/Gtkm/year,interpolated,,
World,FRT_Road_H2,2031,417.625,,MEUR/Gtkm/year,interpolated,,
World,FRT_Road_H2,2032,417.625,,MEUR/Gtkm/year,interpolated,,
World,FRT_Road_H2,2033,417.625,,MEUR/Gtkm/year,interpolated,,
World,FRT_Road_H2,2034,417.625,,MEUR/Gtkm/year,interpolated,,
World,FRT_Road_H2,2036,403.962,,MEUR/Gtkm/year,interpolated,,
World,FRT_Road_H2,2037,390.299,,MEUR/Gtkm/year,interpolated,,
World,FRT_Road_H2,2038,376.635,,MEUR/Gtkm/year,interpolated,,
World,FRT_Road_H2,2039,362.972,,MEUR/Gtkm/year,interpolated,,
World,FRT_Road_ICE,2026,393.078,,MEUR/Gtkm/year,interpolated,,
World,FRT_Road_ICE,2027,392.772,,MEUR/Gtkm/year,interpolated,,
World,FRT_Road_ICE,2028,392.467,,MEUR/Gtkm/year,interpolated,,
World,FRT_Road_ICE,2029,392.161,,MEUR/Gtkm/year,interpolated,,
World,FRT_Road_ICE,2031,388.217,,MEUR/Gtkm/year,interpolated,,
World,FRT_Road_ICE,2032,384.58,,MEUR/Gtkm/year,interpolated,,
World,FRT_Road_ICE,2033,380.942,,MEUR/Gtkm/year,interpolated,,
World,FRT_Road_ICE,2034,377.305,,MEUR/Gtkm/year,interpolated,,
World,FRT_Road_ICE,2036,373.591,,MEUR/Gtkm/year,interpolated,,
World,FRT_Road_ICE,2037,373.514,,MEUR/Gtkm/year,interpolated,,
World,FRT_Road_ICE,2038,373.438,,MEUR/Gtkm/year,interpolated,,
World,FRT_Road_ICE,2039,373.361,,MEUR/Gtkm/year,interpolated,,
World,FRT_Road_LNG,2026,499.439,,MEUR/Gtkm/year,interpolated,,
World,FRT_Road_LNG,2027,495.572,,MEUR/Gtkm/year,interpolated,,
World,FRT_Road_LNG,2028,491.705,,MEUR/Gtkm/year,interpolated,,
World,FRT_Road_LNG,2029,487.839,,MEUR/Gtkm/year,interpolated,,
World,FRT_Road_LNG,2031,483.896,,MEUR/Gtkm/year,interpolated,,
World,FRT_Road_LNG,2032,483.819,,MEUR/Gtkm/year,interpolated,,
World,FRT_Road_LNG,2033,483.743,,MEUR/Gtkm/year,interpolated,,
World,FRT_Road_LNG,2034,483.667,,MEUR/Gtkm/year,interpolated,,
World,FRT_Road_LNG,2036,483.515,,MEUR/Gtkm/year,interpolated,,
World,FRT_Road_LNG,2037,483.439,,MEUR/Gtkm/year,interpolated,,
World,FRT_Road_LNG,2038,483.363,,MEUR/Gtkm/year,interpolated,,
World,FRT_Road_LNG,2039,483.287,,MEUR/Gtkm/year,interpolated,,
World,FRT_Road_OH,2026,586.74,,MEUR/Gtkm/year,interpolated,,
World,FRT_Road_OH,2027,586.74,,MEUR/Gtkm/year,interpolated,,
World,FRT_Road_OH,2028,586.74,,MEUR/Gtkm/year,interpolated,,
World,FRT_Road_OH,2029,586.74,,MEUR/Gtkm/year,interpolated,,
World,FRT_Road_OH,2031,585.363,,MEUR/Gtkm/year,interpolated,,
World,FRT_Road_OH,2032,583.987,,MEUR/Gtkm/year,interpolated,,
World,FRT_Road_OH,2033,582.61,,MEUR/Gtkm/year,interpolated,,
World,FRT_Road_OH,2034,581.233,,MEUR/Gtkm/year,interpolated,,
World,FRT_Road_OH,2036,578.48,,MEUR/Gtkm/year,interpolated,,
World,FRT_Road_OH,2037,577.103,,MEUR/Gtkm/year,interpolated,,
World,FRT_Road_OH,2038,575.727,,MEUR/Gtkm/year,interpolated,,
World,FRT_Road_OH,2039,574.35,,MEUR/Gtkm/year,interpolated,,
World,FRT_Road_PHEV,2026,419.284,,MEUR/Gtkm/year,interpolated,,
World,FRT_Road_PHEV,2027,415.719,,MEUR/Gtkm/year,interpolated,,
World,FRT_Road_PHEV,2028,412.154,,MEUR/Gtkm/year,interpolated,,
World,FRT_Road_PHEV,2029,408.588,,MEUR/Gtkm/year,interpolated,,
World,FRT_Road_PHEV,2031,404.532,,MEUR/Gtkm/year,interpolated,,
World,FRT_Road_PHEV,2032,404.042,,MEUR/Gtkm/year,interpolated,,
World,FRT_Road_PHEV,2033,403.551,,MEUR/Gtkm/year,interpolated,,
World,FRT_Road_PHEV,2034,403.061,,MEUR/Gtkm/year,interpolated,,
World,FRT_Road_PHEV,2036,402.079,,MEUR/Gtkm/year,interpolated,,
World,FRT_Road_PHEV,2037,401.589,,MEUR/Gtkm/year,interpolated,,
World,FRT_Road_PHEV,2038,401.098,,MEUR/Gtkm/year,interpolated,,
World,FRT_Road_PHEV,2039,400.607,,MEUR/Gtkm/year,interpolated,,
World,FRT_Ship_Bio,2026,14.9593,,MEUR/Gtkm/year,interpolated,,
World,FRT_Ship_Bio,2027,14.9461,,MEUR/Gtkm/year,interpolated,,
World,FRT_Ship_Bio,2028,14.933,,MEUR/Gtkm/year,interpolated,,
World,FRT_Ship_Bio,2029,14.9199,,MEUR/Gtkm/year,interpolated,,
World,FRT_Ship_Bio,2031,14.9002,,MEUR/Gtkm/year,interpolated,,
World,FRT_Ship_Bio,2032,14.8936,,MEUR/Gtkm/year,interpolated,,
World,FRT_Ship_Bio,2033,14.887,,MEUR/Gtkm/year,interpolated,,
World,FRT_Ship_Bio,2034,14.8805,,MEUR/Gtkm/year,interpolated,,
World,FRT_Ship_Bio,2036,14.8673,,MEUR/Gtkm/year,interpolated,,
World,FRT_Ship_Bio,2037,14.8608,,MEUR/Gtkm/year,interpolated,,
World,FRT_Ship_Bio,2038,14.8542,,MEUR/Gtkm/year,interpolated,,
World,FRT_Ship_Bio,2039,14.8476,,MEUR/Gtkm/year,interpolated,,
World,FRT_Ship_Conv,2026,14.9593,,MEUR/Gtkm/year,interpolated,,
World,FRT_Ship_Conv,2027,14.9461,,MEUR/Gtkm/year,interpolated,,
World,FRT_Ship_Conv,2028,14.933,,MEUR/Gtkm/year,interpolated,,
World,FRT_Ship_Conv,2029,14.9199,,MEUR/Gtkm/year,interpolated,,
World,FRT_Ship_Conv,2031,14.9002,,MEUR/Gtkm/year,interpolated,,
World,FRT_Ship_Conv,2032,14.8936,,MEUR/Gtkm/year,interpolated,,
World,FRT_Ship_Conv,2033,14.887,,MEUR/Gtkm/year,interpolated,,
World,FRT_Ship_Conv,2034,14.8805,,MEUR/Gtkm/year,interpolated,,
World,FRT_Ship_Conv,2036,14.8673,,MEUR/Gtkm/year,interpolated,,
World,FRT_Ship_Conv,2037,14.8608,,MEUR/Gtkm/year,interpolated,,
World,FRT_Ship_Conv,2038,14.8542,,MEUR/Gtkm/year,interpolated,,
World,FRT_Ship_Conv,2039,14.8476,,MEUR/Gtkm/year,interpolated,,
World,FRT_Ship_LNG,2026,16.601,,MEUR/Gtkm/year,interpolated,,
World,FRT_Ship_LNG,2027,16.5879,,MEUR/Gtkm/year,interpolated,,
World,FRT_Ship_LNG,2028,16.5747,,MEUR/Gtkm/year,interpolated,,
World,FRT_Ship_LNG,2029,16.5616,,MEUR/Gtkm/year,interpolated,,
World,FRT_Ship_LNG,2031,16.5419,,MEUR/Gtkm/year,interpolated,,
World,FRT_Ship_LNG,2032,16.5353,,MEUR/Gtkm/year,interpolated,,
World,FRT_Ship_LNG,2033,16.5288,,MEUR/Gtkm/year,interpolated,,
World,FRT_Ship_LNG,2034,16.5222,,MEUR/Gtkm/year,interpolated,,
World,FRT_Ship_LNG,2036,16.5091,,MEUR/Gtkm/year,interpolated,,
World,FRT_Ship_LNG,2037,16.5025,,MEUR/Gtkm/year,interpolated,,
World,FRT_Ship_LNG,2038,16.4959,,MEUR/Gtkm/year,interpolated,,
World,FRT_Ship_LNG,2039,16.4894,,MEUR/Gtkm/year,interpolated,,
World,HB_Biomass,2026,394.125,,MEUR/GW,interpolated,,
World,HB_Biomass,2027,392.219,,MEUR/GW,interpolated,,
World,HB_Biomass,2028,390.312,,MEUR/GW,interpolated,,
World,HB_Biomass,2029,388.406,,MEUR/GW,interpolated,,
World,HB_Biomass,2031,384.591,,MEUR/GW,interpolated,,
World,HB_Biomass,2032,382.681,,MEUR/GW,interpolated,,
World,HB_Biomass,2033,380.772,,MEUR/GW,interpolated,,
World,HB_Biomass,2034,378.863,,MEUR/GW,interpolated,,
World,HB_Biomass,2036,375.044,,MEUR/GW,interpolated,,
World,HB_Biomass,2037,373.134,,MEUR/GW,interpolated,,
World,HB_Biomass,2038,371.225,,MEUR/GW,interpolated,,
World,HB_Biomass,2039,369.316,,MEUR/GW,interpolated,,
World,X_Convert_HD,2026,1,,MEUR/GW,interpolated,,
World,X_Convert_HD,2027,1,,MEUR/GW,interpolated,,
World,X_Convert_HD,2028,1,,MEUR/GW,interpolated,,
World,X_Convert_HD,2029,1,,MEUR/GW,interpolated,,
World,X_Convert_HD,2031,1,,MEUR/GW,interpolated,,
World,X_Convert_HD,2032,1,,MEUR/GW,interpolated,,
World,X_Convert_HD,2033,1,,MEUR/GW,interpolated,,
World,X_Convert_HD,2034,1,,MEUR/GW,interpolated,,
World,X_Convert_HD,2036,1,,MEUR/GW,interpolated,,
World,X_Convert_HD,2037,1,,MEUR/GW,interpolated,,
World,X_Convert_HD,2038,1,,MEUR/GW,interpolated,,
World,X_Convert_HD,2039,1,,MEUR/GW,interpolated,,
World,HB_Direct_Electric,2026,665.406,,MEUR/GW,interpolated,31.01.2025,Konstantin Loffler <kl@wip.tu-berlin.de>
World,HB_Direct_Electric,2027,662.095,,MEUR/GW,interpolated,31.01.2025,Konstantin Loffler <kl@wip.tu-berlin.de>
World,HB_Direct_Electric,2028,658.785,,MEUR/GW,interpolated,31.01.2025,Konstantin Loffler <kl@wip.tu-berlin.de>
World,HB_Direct_Electric,2029,655.475,,MEUR/GW,interpolated,31.01.2025,Konstantin Loffler <kl@wip.tu-berlin.de>
World,HB_Direct_Electric,2031,652.164,,MEUR/GW,interpolated,31.01.2025,Konstantin Loffler <kl@wip.tu-berlin.de>
World,HB_Direct_Electric,2032,652.164,,MEUR/GW,interpolated,31.01.2025,Konstantin Loffler <kl@wip.tu-berlin.de>
World,HB_Direct_Electric,2033,652.164,,MEUR/GW,interpolated,31.01.2025,Konstantin Loffler <kl@wip.tu-berlin.de>
World,HB_Direct_Electric,2034,652.164,,MEUR/GW,interpolated,31.01.2025,Konstantin Loffler <kl@wip.tu-berlin.de>
World,HB_Direct_Electric,2036,645.787,,MEUR/GW,interpolated,31.01.2025,Konstantin Loffler <kl@wip.tu-berlin.de>
World,HB_Direct_Electric,2037,639.411,,MEUR/GW,interpolated,31.01.2025,Konstantin Loffler <kl@wip.tu-berlin.de>
World,HB_Direct_Electric,2038,633.034,,MEUR/GW,interpolated,31.01.2025,Konstantin Loffler <kl@wip.tu-berlin.de>
World,HB_Direct_Electric,2039,626.657,,MEUR/GW,interpolated,31.01.2025,Konstantin Loffler <kl@wip.tu-berlin.de>
World,HB_Gas_Boiler,2026,186.184,,MEUR/GW,interpolated,,
World,HB_Gas_Boiler,2027,185.466,,MEUR/GW,interpolated,,
World,HB_Gas_Boiler,2028,184.748,,MEUR/GW,interpolated,,
World,HB_Gas_Boiler,2029,184.03,,MEUR/GW,interpolated,,
World,HB_Gas_Boiler,2031,182.445,,MEUR/GW,interpolated,,
World,HB_Gas_Boiler,2032,181.577,,MEUR/GW,interpolated,,
World,HB_Gas_Boiler,2033,180.709,,MEUR/GW,interpolated,,
World,HB_Gas_Boiler,2034,179.841,,MEUR/GW,interpolated,,
World,HB_Gas_Boiler,2036,178.105,,MEUR/GW,interpolated,,
World,HB_Gas_Boiler,2037,177.238,,MEUR/GW,interpolated,,
World,HB_Gas_Boiler,2038,176.37,,MEUR/GW,interpolated,,
World,HB_Gas_Boiler,2039,175.502,,MEUR/GW,interpolated,,
World,HB_Geothermal,2026,2788,,MEUR/GW,interpolated,,
World,HB_Geothermal,2027,2756,,MEUR/GW,interpolated,,
World,HB_Geothermal,2028,2724,,MEUR/GW,interpolated,,
World,HB_Geothermal,2029,2692,,MEUR/GW,interpolated,,
World,HB_Geothermal,2031,2653,,MEUR/GW,interpolated,,
World,HB_Geothermal,2032,2646,,MEUR/GW,interpolated,,
World,HB_Geothermal,2033,2639,,MEUR/GW,interpolated,,
World,HB_Geothermal,2034,2632,,MEUR/GW,interpolated,,
World,HB_Geothermal,2036,2618,,MEUR/GW,interpolated,,
World,HB_Geothermal,2037,2611,,MEUR/GW,interpolated,,
World,HB_Geothermal,2038,2604,,MEUR/GW,interpolated,,
World,HB_Geothermal,2039,2597,,MEUR/GW,interpolated,,
World,HB_H2_Boiler,2026,217.835,,MEUR/GW,interpolated,,
World,HB_H2_Boiler,2027,216.995,,MEUR/GW,interpolated,,
World,HB_H2_Boiler,2028,216.155,,MEUR/GW,interpolated,,
World,HB_H2_Boiler,2029,215.316,,MEUR/GW,interpolated,,
World,HB_H2_Boiler,2031,213.46,,MEUR/GW,interpolated,,
World,HB_H2_Boiler,2032,212.445,,MEUR/GW,interpolated,,
World,HB_H2_Boiler,2033,211.429,,MEUR/GW,interpolated,,
World,HB_H2_Boiler,2034,210.414,,MEUR/GW,interpolated,,
World,HB_H2_Boiler,2036,208.383,,MEUR/GW,interpolated,,
World,HB_H2_Boiler,2037,207.368,,MEUR/GW,interpolated,,
World,HB_H2_Boiler,2038,206.352,,MEUR/GW,interpolated,,
World,HB_H2_Boiler,2039,205.337,,MEUR/GW,interpolated,,
World,HB_Hardcoal,2026,383.523,,MEUR/GW,interpolated,,
World,HB_Hardcoal,2027,388.925,,MEUR/GW,interpolated,,
World,HB_Hardcoal,2028,394.327,,MEUR/GW,interpolated,,
World,HB_Hardcoal,2029,399.728,,MEUR/GW,interpolated,,
World,HB_Hardcoal,2031,405.13,,MEUR/GW,interpolated,,
World,HB_Hardcoal,2032,405.13,,MEUR/GW,interpolated,,
World,HB_Hardcoal,2033,405.13,,MEUR/GW,interpolated,,
World,HB_Hardcoal,2034,405.13,,MEUR/GW,interpolated,,
World,HB_Hardcoal,2036,405.13,,MEUR/GW,interpolated,,
World,HB_Hardcoal,2037,405.13,,MEUR/GW,interpolated,,
World,HB_Hardcoal,2038,405.13,,MEUR/GW,interpolated,,
World,HB_Hardcoal,2039,405.13,,MEUR/GW,interpolated,,
World,HB_Heatpump_Aerial,2026,253.564,,MEUR/GW,interpolated,31.01.2025,Konstantin Loffler <kl@wip.tu-berlin.de>
World,HB_Heatpump_Aerial,2027,252.288,,MEUR/GW,interpolated,31.01.2025,Konstantin Loffler <kl@wip.tu-berlin.de>
World,HB_Heatpump_Aerial,2028,251.012,,MEUR/GW,interpolated,31.01.2025,Konstantin Loffler <kl@wip.tu-berlin.de>
World,HB_Heatpump_Aerial,2029,249.736,,MEUR/GW,interpolated,31.01.2025,Konstantin Loffler <kl@wip.tu-berlin.de>
World,HB_Heatpump_Aerial,2031,248.46,,MEUR/GW,interpolated,31.01.2025,Konstantin Loffler <kl@wip.tu-berlin.de>
World,HB_Heatpump_Aerial,2032,248.46,,MEUR/GW,interpolated,31.01.2025,Konstantin Loffler <kl@wip.tu-berlin.de>
World,HB_Heatpump_Aerial,2033,248.46,,MEUR/GW,interpolated,31.01.2025,Konstantin Loffler <kl@wip.tu-berlin.de>
World,HB_Heatpump_Aerial,2034,248.46,,MEUR/GW,interpolated,31.01.2025,Konstantin Loffler <kl@wip.tu-berlin.de>
World,HB_Heatpump_Aerial,2036,246.09,,MEUR/GW,interpolated,31.01.2025,Konstantin Loffler <kl@wip.tu-berlin.de>
World,HB_Heatpump_Aerial,2037,243.72,,MEUR/GW,interpolated,31.01.2025,Konstantin Loffler <kl@wip.tu-berlin.de>
World,HB_Heatpump_Aerial,2038,241.35,,MEUR/GW,interpolated,31.01.2025,Konstantin Loffler <kl@wip.tu-berlin.de>
World,HB_Heatpump_Aerial,2039,238.98,,MEUR/GW,interpolated,31.01.2025,Konstantin Loffler <kl@wip.tu-berlin.de>
World,HB_Heatpump_Ground,2026,665.706,,MEUR/GW,interpolated,31.01.2025,Konstantin Loffler <kl@wip.tu-berlin.de>
World,HB_Heatpump_Ground,2027,654.732,,MEUR/GW,interpolated,31.01.2025,Konstantin Loffler <kl@wip.tu-berlin.de>
World,HB_Heatpump_Ground,2028,643.758,,MEUR/GW,interpolated,31.01.2025,Konstantin Loffler <kl@wip.tu-berlin.de>
World,HB_Heatpump_Ground,2029,632.784,,MEUR/GW,interpolated,31.01.2025,Konstantin Loffler <kl@wip.tu-berlin.de>
World,HB_Heatpump_Ground,2031,621.81,,MEUR/GW,interpolated,31.01.2025,Konstantin Loffler <kl@wip.tu-berlin.de>
World,HB_Heatpump_Ground,2032,621.81,,MEUR/GW,interpolated,31.01.2025,Konstantin Loffler <kl@wip.tu-berlin.de>
World,HB_Heatpump_Ground,2033,621.81,,MEUR/GW,interpolated,31.01.2025,Konstantin Loffler <kl@wip.tu-berlin.de>
World,HB_Heatpump_Ground,2034,621.81,,MEUR/GW,interpolated,31.01.2025,Konstantin Loffler <kl@wip.tu-berlin.de>
World,HB_Heatpump_Ground,2036,612.484,,MEUR/GW,interpolated,31.01.2025,Konstantin Loffler <kl@wip.tu-berlin.de>
World,HB_Heatpump_Ground,2037,603.158,,MEUR/GW,interpolated,31.01.2025,Konstantin Loffler <kl@wip.tu-berlin.de>
World,HB_Heatpump_Ground,2038,593.832,,MEUR/GW,interpolated,31.01.2025,Konstantin Loffler <kl@wip.tu-berlin.de>
World,HB_Heatpump_Ground,2039,584.506,,MEUR/GW,interpolated,31.01.2025,Konstantin Loffler <kl@wip.tu-berlin.de>
World,HB_Lignite,2026,457.613,,MEUR/GW,interpolated,,
World,HB_Lignite,2027,464.058,,MEUR/GW,interpolated,,
World,HB_Lignite,2028,470.503,,MEUR/GW,interpolated,,
World,HB_Lignite,2029,476.949,,MEUR/GW,interpolated,,
World,HB_Lignite,2031,483.394,,MEUR/GW,interpolated,,
World,HB_Lignite,2032,483.394,,MEUR/GW,interpolated,,
World,HB_Lignite,2033,483.394,,MEUR/GW,interpolated,,
World,HB_Lignite,2034,483.394,,MEUR/GW,interpolated,,
World,HB_Lignite,2036,483.394,,MEUR/GW,interpolated,,
World,HB_Lignite,2037,483.394,,MEUR/GW,interpolated,,
World,HB_Lignite,2038,483.394,,MEUR/GW,interpolated,,
World,HB_Lignite,2039,483.394,,MEUR/GW,interpolated,,
World,HB_Oil_Boiler,2026,212.088,,MEUR/GW,interpolated,,
World,HB_Oil_Boiler,2027,211.488,,MEUR/GW,interpolated,,
World,HB_Oil_Boiler,2028,210.887,,MEUR/GW,interpolated,,
World,HB_Oil_Boiler,2029,210.287,,MEUR/GW,interpolated,,
World,HB_Oil_Boiler,2031,208.688,,MEUR/GW,interpolated,,
World,HB_Oil_Boiler,2032,207.688,,MEUR/GW,interpolated,,
World,HB_Oil_Boiler,2033,206.688,,MEUR/GW,interpolated,,
World,HB_Oil_Boiler,2034,205.688,,MEUR/GW,interpolated,,
World,HB_Oil_Boiler,2036,203.688,,MEUR/GW,interpolated,,
World,HB_Oil_Boiler,2037,202.688,,MEUR/GW,interpolated,,
World,HB_Oil_Boiler,2038,201.688,,MEUR/GW,interpolated,,
World,HB_Oil_Boiler,2039,200.688,,MEUR/GW,interpolated,,
World,HB_Solar_Thermal,2026,645.714,,MEUR/GW,interpolated,,
World,HB_Solar_Thermal,2027,640.238,,MEUR/GW,interpolated,,
World,HB_Solar_Thermal,2028,634.762,,MEUR/GW,interpolated,,
World,HB_Solar_Thermal,2029,629.286,,MEUR/GW,interpolated,,
World,HB_Solar_Thermal,2031,620.833,,MEUR/GW,interpolated,,
World,HB_Solar_Thermal,2032,617.857,,MEUR/GW,interpolated,,
World,HB_Solar_Thermal,2033,614.881,,MEUR/GW,interpolated,,
World,HB_Solar_Thermal,2034,611.905,,MEUR/GW,interpolated,,
World,HB_Solar_Thermal,2036,605.952,,MEUR/GW,interpolated,,
World,HB_Solar_Thermal,2037,602.976,,MEUR/GW,interpolated,,
World,HB_Solar_Thermal,2038,600,,MEUR/GW,interpolated,,
World,HB_Solar_Thermal,2039,597.024,,MEUR/GW,interpolated,,
World,HD_Electric_Boiler,2026,109,,MEUR/GW,interpolated,13.12.2023,Frida Sather <frida.sather@sintef.no>
World,HD_Electric_Boiler,2027,108,,MEUR/GW,interpolated,13.12.2023,Frida Sather <frida.sather@sintef.no>
World,HD_Electric_Boiler,2028,107,,MEUR/GW,interpolated,13.12.2023,Frida Sather <frida.sather@sintef.no>
World,HD_Electric_Boiler,2029,106,,MEUR/GW,interpolated,13.12.2023,Frida Sather <frida.sather@sintef.no>
World,HD_Electric_Boiler,2031,104.75,,MEUR/GW,interpolated,13.12.2023,Frida Sather <frida.sather@sintef.no>
World,HD_Electric_Boiler,2032,104.5,,MEUR/GW,interpolated,13.12.2023,Frida Sather <frida.sather@sintef.no>
World,HD_Electric_Boiler,2033,104.25,,MEUR/GW,interpolated,13.12.2023,Frida Sather <frida.sather@sintef.no>
World,HD_Electric_Boiler,2034,104,,MEUR/GW,interpolated,13.12.2023,Frida Sather <frida.sather@sintef.no>
World,HD_Electric_Boiler,2036,103.5,,MEUR/GW,interpolated,13.12.2023,Frida Sather <frida.sather@sintef.no>
World,HD_Electric_Boiler,2037,103.25,,MEUR/GW,interpolated,13.12.2023,Frida Sather <frida.sather@sintef.no>
World,HD_Electric_Boiler,2038,103,,MEUR/GW,interpolated,13.12.2023,Frida Sather <frida.sather@sintef.no>
World,HD_Electric_Boiler,2039,102.75,,MEUR/GW,interpolated,13.12.2023,Frida Sather <frida.sather@sintef.no>
World,HD_Geothermal,2026,2552.8,,MEUR/GW,interpolated,13.12.2023,Frida Sather <frida.sather@sintef.no>
World,HD_Geothermal,2027,2529.6,,MEUR/GW,interpolated,13.12.2023,Frida Sather <frida.sather@sintef.no>
World,HD_Geothermal,2028,2506.4,,MEUR/GW,interpolated,13.12.2023,Frida Sather <frida.sather@sintef.no>
World,HD_Geothermal,2029,2483.2,,MEUR/GW,interpolated,13.12.2023,Frida Sather <frida.sather@sintef.no>
World,HD_Geothermal,2031,2453.2,,MEUR/GW,interpolated,13.12.2023,Frida Sather <frida.sather@sintef.no>
World,HD_Geothermal,2032,2446.4,,MEUR/GW,interpolated,13.12.2023,Frida Sather <frida.sather@sintef.no>
World,HD_Geothermal,2033,2439.6,,MEUR/GW,interpolated,13.12.2023,Frida Sather <frida.sather@sintef.no>
World,HD_Geothermal,2034,2432.8,,MEUR/GW,interpolated,13.12.2023,Frida Sather <frida.sather@sintef.no>
World,HD_Geothermal,2036,2419.2,,MEUR/GW,interpolated,13.12.2023,Frida Sather <frida.sather@sintef.no>
World,HD_Geothermal,2037,2412.4,,MEUR/GW,interpolated,13.12.2023,Frida Sather <frida.sather@sintef.no>
World,HD_Geothermal,2038,2405.6,,MEUR/GW,interpolated,13.12.2023,Frida Sather <frida.sather@sintef.no>
World,HD_Geothermal,2039,2398.8,,MEUR/GW,interpolated,13.12.2023,Frida Sather <frida.sather@sintef.no>
World,HD_Heatpump_Air,2026,890,,MEUR/GW,interpolated,13.12.2023,Frida Sather <frida.sather@sintef.no>
World,HD_Heatpump_Air,2027,870,,MEUR/GW,interpolated,13.12.2023,Frida Sather <frida.sather@sintef.no>
World,HD_Heatpump_Air,2028,850,,MEUR/GW,interpolated,13.12.2023,Frida Sather <frida.sather@sintef.no>
World,HD_Heatpump_Air,2029,830,,MEUR/GW,interpolated,13.12.2023,Frida Sather <frida.sather@sintef.no>
World,HD_Heatpump_Air,2031,810,,MEUR/GW,interpolated,13.12.2023,Frida Sather <frida.sather@sintef.no>
World,HD_Heatpump_Air,2032,810,,MEUR/GW,interpolated,13.12.2023,Frida Sather <frida.sather@sintef.no>
World,HD_Heatpump_Air,2033,810,,MEUR/GW,interpolated,13.12.2023,Frida Sather <frida.sather@sintef.no>
World,HD_Heatpump_Air,2034,810,,MEUR/GW,interpolated,13.12.2023,Frida Sather <frida.sather@sintef.no>
World,HD_Heatpump_Air,2036,810,,MEUR/GW,interpolated,13.12.2023,Frida Sather <frida.sather@sintef.no>
World,HD_Heatpump_Air,2037,810,,MEUR/GW,interpolated,13.12.2023,Frida Sather <frida.sather@sintef.no>
World,HD_Heatpump_Air,2038,810,,MEUR/GW,interpolated,13.12.2023,Frida Sather <frida.sather@sintef.no>
World,HD_Heatpump_Air,2039,810,,MEUR/GW,interpolated,13.12.2023,Frida Sather <frida.sather@sintef.no>
World,HD_Heatpump_ExcessHeat,2026,690,,MEUR/GW,interpolated,13.12.2023,Frida Sather <frida.sather@sintef.no>
World,HD_Heatpump_ExcessHeat,2027,670,,MEUR/GW,interpolated,13.12.2023,Frida Sather <frida.sather@sintef.no>
World,HD_Heatpump_ExcessHeat,2028,650,,MEUR/GW,interpolated,13.12.2023,Frida Sather <frida.sather@sintef.no>
World,HD_Heatpump_ExcessHeat,2029,630,,MEUR/GW,interpolated,13.12.2023,Frida Sather <frida.sather@sintef.no>
World,HD_Heatpump_ExcessHeat,2031,610,,MEUR/GW,interpolated,13.12.2023,Frida Sather <frida.sather@sintef.no>
World,HD_Heatpump_ExcessHeat,2032,610,,MEUR/GW,interpolated,13.12.2023,Frida Sather <frida.sather@sintef.no>
World,HD_Heatpump_ExcessHeat,2033,610,,MEUR/GW,interpolated,13.12.2023,Frida Sather <frida.sather@sintef.no>
World,HD_Heatpump_ExcessHeat,2034,610,,MEUR/GW,interpolated,13.12.2023,Frida Sather <frida.sather@sintef.no>
World,HD_Heatpump_ExcessHeat,2036,610,,MEUR/GW,interpolated,13.12.2023,Frida Sather <frida.sather@sintef.no>
World,HD_Heatpump_ExcessHeat,2037,610,,MEUR/GW,interpolated,13.12.2023,Frida Sather <frida.sather@sintef.no>
World,HD_Heatpump_ExcessHeat,2038,610,,MEUR/GW,interpolated,13.12.2023,Frida Sather <frida.sather@sintef.no>
World,HD_Heatpump_ExcessHeat,2039,610,,MEUR/GW,interpolated,13.12.2023,Frida Sather <frida.sather@sintef.no>
World,HD_Solar_Thermal,2026,323.266,,MEUR/GW,interpolated,13.12.2023,Frida Sather <frida.sather@sintef.no>
World,HD_Solar_Thermal,2027,322.202,,MEUR/GW,interpolated,13.12.2023,Frida Sather <frida.sather@sintef.no>
World,HD_Solar_Thermal,2028,321.138,,MEUR/GW,interpolated,13.12.2023,Frida Sather <frida.sather@sintef.no>
World,HD_Solar_Thermal,2029,320.074,,MEUR/GW,interpolated,13.12.2023,Frida Sather <frida.sather@sintef.no>
World,HD_Solar_Thermal,2031,317.947,,MEUR/GW,interpolated,13.12.2023,Frida Sather <frida.sather@sintef.no>
World,HD_Solar_Thermal,2032,316.884,,MEUR/GW,interpolated,13.12.2023,Frida Sather <frida.sather@sintef.no>
World,HD_Solar_Thermal,2033,315.821,,MEUR/GW,interpolated,13.12.2023,Frida Sather <frida.sather@sintef.no>
World,HD_Solar_Thermal,2034,314.758,,MEUR/GW,interpolated,13.12.2023,Frida Sather <frida.sather@sintef.no>
World,HD_Solar_Thermal,2036,312.632,,MEUR/GW,interpolated,13.12.2023,Frida Sather <frida.sather@sintef.no>
World,HD_Solar_Thermal,2037,311.568,,MEUR/GW,interpolated,13.12.2023,Frida Sather <frida.sather@sintef.no>
World,HD_Solar_Thermal,2038,310.505,,MEUR/GW,interpolated,13.12.2023,Frida Sather <frida.sather@sintef.no>
World,HD_Solar_Thermal,2039,309.441,,MEUR/GW,interpolated,13.12.2023,Frida Sather <frida.sather@sintef.no>
World,HHI_BF_BOF,2026,442,,MEUR/GW,interpolated,,
World,HHI_BF_BOF,2027,442,,MEUR/GW,interpolated,,
World,HHI_BF_BOF,2028,442,,MEUR/GW,interpolated,,
World,HHI_BF_BOF,2029,442,,MEUR/GW,interpolated,,
World,HHI_BF_BOF,2031,442,,MEUR/GW,interpolated,,
World,HHI_BF_BOF,2032,442,,MEUR/GW,interpolated,,
World,HHI_BF_BOF,2033,442,,MEUR/GW,interpolated,,
World,HHI_BF_BOF,2034,442,,MEUR/GW,interpolated,,
World,HHI_BF_BOF,2036,442,,MEUR/GW,interpolated,,
World,HHI_BF_BOF,2037,442,,MEUR/GW,interpolated,,
World,HHI_BF_BOF,2038,442,,MEUR/GW,interpolated,,
World,HHI_BF_BOF,2039,442,,MEUR/GW,interpolated,,
World,HLI_Biomass,2026,601.818,,MEUR/GW,interpolated,,
World,HLI_Biomass,2027,599.091,,MEUR/GW,interpolated,,
World,HLI_Biomass,2028,596.364,,MEUR/GW,interpolated,,
World,HLI_Biomass,2029,593.636,,MEUR/GW,interpolated,,
World,HLI_Biomass,2031,588.182,,MEUR/GW,interpolated,,
World,HLI_Biomass,2032,585.455,,MEUR/GW,interpolated,,
World,HLI_Biomass,2033,582.727,,MEUR/GW,interpolated,,
World,HLI_Biomass,2034,580,,MEUR/GW,interpolated,,
World,HLI_Biomass,2036,574.545,,MEUR/GW,interpolated,,
World,HLI_Biomass,2037,571.818,,MEUR/GW,interpolated,,
World,HLI_Biomass,2038,569.091,,MEUR/GW,interpolated,,
World,HLI_Biomass,2039,566.364,,MEUR/GW,interpolated,,
World,HLI_Direct_Electric,2026,76.4444,,MEUR/GW,interpolated,,
World,HLI_Direct_Electric,2027,75.25,,MEUR/GW,interpolated,,
World,HLI_Direct_Electric,2028,74.0556,,MEUR/GW,interpolated,,
World,HLI_Direct_Electric,2029,72.8611,,MEUR/GW,interpolated,,
World,HLI_Direct_Electric,2031,71.6667,,MEUR/GW,interpolated,,
World,HLI_Direct_Electric,2032,71.6667,,MEUR/GW,interpolated,,
World,HLI_Direct_Electric,2033,71.6667,,MEUR/GW,interpolated,,
World,HLI_Direct_Electric,2034,71.6667,,MEUR/GW,interpolated,,
World,HLI_Direct_Electric,2036,71.6667,,MEUR/GW,interpolated,,
World,HLI_Direct_Electric,2037,71.6667,,MEUR/GW,interpolated,,
World,HLI_Direct_Electric,2038,71.6667,,MEUR/GW,interpolated,,
World,HLI_Direct_Electric,2039,71.6667,,MEUR/GW,interpolated,,
World,HLI_Gas_Boiler,2026,39.2727,,MEUR/GW,interpolated,,
World,HLI_Gas_Boiler,2027,38.5455,,MEUR/GW,interpolated,,
World,HLI_Gas_Boiler,2028,37.8182,,MEUR/GW,interpolated,,
World,HLI_Gas_Boiler,2029,37.0909,,MEUR/GW,interpolated,,
World,HLI_Gas_Boiler,2031,36.3636,,MEUR/GW,interpolated,,
World,HLI_Gas_Boiler,2032,36.3636,,MEUR/GW,interpolated,,
World,HLI_Gas_Boiler,2033,36.3636,,MEUR/GW,interpolated,,
World,HLI_Gas_Boiler,2034,36.3636,,MEUR/GW,interpolated,,
World,HLI_Gas_Boiler,2036,36.3636,,MEUR/GW,interpolated,,
World,HLI_Gas_Boiler,2037,36.3636,,MEUR/GW,interpolated,,
World,HLI_Gas_Boiler,2038,36.3636,,MEUR/GW,interpolated,,
World,HLI_Gas_Boiler,2039,36.3636,,MEUR/GW,interpolated,,
World,HLI_Geothermal,2026,2788,,MEUR/GW,interpolated,,
World,HLI_Geothermal,2027,2756,,MEUR/GW,interpolated,,
World,HLI_Geothermal,2028,2724,,MEUR/GW,interpolated,,
World,HLI_Geothermal,2029,2692,,MEUR/GW,interpolated,,
World,HLI_Geothermal,2031,2653,,MEUR/GW,interpolated,,
World,HLI_Geothermal,2032,2646,,MEUR/GW,interpolated,,
World,HLI_Geothermal,2033,2639,,MEUR/GW,interpolated,,
World,HLI_Geothermal,2034,2632,,MEUR/GW,interpolated,,
World,HLI_Geothermal,2036,2618,,MEUR/GW,interpolated,,
World,HLI_Geothermal,2037,2611,,MEUR/GW,interpolated,,
World,HLI_Geothermal,2038,2604,,MEUR/GW,interpolated,,
World,HLI_Geothermal,2039,2597,,MEUR/GW,interpolated,,
World,HLI_H2_Boiler,2026,51.0545,,MEUR/GW,interpolated,,
World,HLI_H2_Boiler,2027,50.1091,,MEUR/GW,interpolated,,
World,HLI_H2_Boiler,2028,49.1636,,MEUR/GW,interpolated,,
World,HLI_H2_Boiler,2029,48.2182,,MEUR/GW,interpolated,,
World,HLI_H2_Boiler,2031,47.2727,,MEUR/GW,interpolated,,
World,HLI_H2_Boiler,2032,47.2727,,MEUR/GW,interpolated,,
World,HLI_H2_Boiler,2033,47.2727,,MEUR/GW,interpolated,,
World,HLI_H2_Boiler,2034,47.2727,,MEUR/GW,interpolated,,
World,HLI_H2_Boiler,2036,47.2727,,MEUR/GW,interpolated,,
World,HLI_H2_Boiler,2037,47.2727,,MEUR/GW,interpolated,,
World,HLI_H2_Boiler,2038,47.2727,,MEUR/GW,interpolated,,
World,HLI_H2_Boiler,2039,47.2727,,MEUR/GW,interpolated,,
World,HLI_Hardcoal,2026,500,,MEUR/GW,interpolated,,
World,HLI_Hardcoal,2027,500,,MEUR/GW,interpolated,,
World,HLI_Hardcoal,2028,500,,MEUR/GW,interpolated,,
World,HLI_Hardcoal,2029,500,,MEUR/GW,interpolated,,
World,HLI_Hardcoal,2031,500,,MEUR/GW,interpolated,,
World,HLI_Hardcoal,2032,500,,MEUR/GW,interpolated,,
World,HLI_Hardcoal,2033,500,,MEUR/GW,interpolated,,
World,HLI_Hardcoal,2034,500,,MEUR/GW,interpolated,,
World,HLI_Hardcoal,2036,500,,MEUR/GW,interpolated,,
World,HLI_Hardcoal,2037,500,,MEUR/GW,interpolated,,
World,HLI_Hardcoal,2038,500,,MEUR/GW,interpolated,,
World,HLI_Hardcoal,2039,500,,MEUR/GW,interpolated,,
World,HLI_Heatpump,2026,682,,MEUR/GW,interpolated,13.12.2023,Frida Sather <frida.sather@sintef.no>
World,HLI_Heatpump,2027,674,,MEUR/GW,interpolated,13.12.2023,Frida Sather <frida.sather@sintef.no>
World,HLI_Heatpump,2028,666,,MEUR/GW,interpolated,13.12.2023,Frida Sather <frida.sather@sintef.no>
World,HLI_Heatpump,2029,658,,MEUR/GW,interpolated,13.12.2023,Frida Sather <frida.sather@sintef.no>
World,HLI_Heatpump,2031,645,,MEUR/GW,interpolated,13.12.2023,Frida Sather <frida.sather@sintef.no>
World,HLI_Heatpump,2032,640,,MEUR/GW,interpolated,13.12.2023,Frida Sather <frida.sather@sintef.no>
World,HLI_Heatpump,2033,635,,MEUR/GW,interpolated,13.12.2023,Frida Sather <frida.sather@sintef.no>
World,HLI_Heatpump,2034,630,,MEUR/GW,interpolated,13.12.2023,Frida Sather <frida.sather@sintef.no>
World,HLI_Heatpump,2036,620,,MEUR/GW,interpolated,13.12.2023,Frida Sather <frida.sather@sintef.no>
World,HLI_Heatpump,2037,615,,MEUR/GW,interpolated,13.12.2023,Frida Sather <frida.sather@sintef.no>
World,HLI_Heatpump,2038,610,,MEUR/GW,interpolated,13.12.2023,Frida Sather <frida.sather@sintef.no>
World,HLI_Heatpump,2039,605,,MEUR/GW,interpolated,13.12.2023,Frida Sather <frida.sather@sintef.no>
World,HLI_Lignite,2026,595,,MEUR/GW,interpolated,,
World,HLI_Lignite,2027,595,,MEUR/GW,interpolated,,
World,HLI_Lignite,2028,595,,MEUR/GW,interpolated,,
World,HLI_Lignite,2029,595,,MEUR/GW,interpolated,,
World,HLI_Lignite,2031,595,,MEUR/GW,interpolated,,
World,HLI_Lignite,2032,595,,MEUR/GW,interpolated,,
World,HLI_Lignite,2033,595,,MEUR/GW,interpolated,,
World,HLI_Lignite,2034,595,,MEUR/GW,interpolated,,
World,HLI_Lignite,2036,595,,MEUR/GW,interpolated,,
World,HLI_Lignite,2037,595,,MEUR/GW,interpolated,,
World,HLI_Lignite,2038,595,,MEUR/GW,interpolated,,
World,HLI_Lignite,2039,595,,MEUR/GW,interpolated,,
World,HLI_Oil_Boiler,2026,49.9458,,MEUR/GW,interpolated,,
World,HLI_Oil_Boiler,2027,49.1035,,MEUR/GW,interpolated,,
World,HLI_Oil_Boiler,2028,48.2611,,MEUR/GW,interpolated,,
World,HLI_Oil_Boiler,2029,47.4187,,MEUR/GW,interpolated,,
World,HLI_Oil_Boiler,2031,46.3787,,MEUR/GW,interpolated,,
World,HLI_Oil_Boiler,2032,46.1811,,MEUR/GW,interpolated,,
World,HLI_Oil_Boiler,2033,45.9835,,MEUR/GW,interpolated,,
World,HLI_Oil_Boiler,2034,45.7858,,MEUR/GW,interpolated,,
World,HLI_Oil_Boiler,2036,45.3906,,MEUR/GW,interpolated,,
World,HLI_Oil_Boiler,2037,45.1929,,MEUR/GW,interpolated,,
World,HLI_Oil_Boiler,2038,44.9953,,MEUR/GW,interpolated,,
World,HLI_Oil_Boiler,2039,44.7976,,MEUR/GW,interpolated,,
World,HLI_Solar_Thermal,2026,645.714,,MEUR/GW,interpolated,,
World,HLI_Solar_Thermal,2027,640.238,,MEUR/GW,interpolated,,
World,HLI_Solar_Thermal,2028,634.762,,MEUR/GW,interpolated,,
World,HLI_Solar_Thermal,2029,629.286,,MEUR/GW,interpolated,,
World,HLI_Solar_Thermal,2031,620.833,,MEUR/GW,interpolated,,
World,HLI_Solar_Thermal,2032,617.857,,MEUR/GW,interpolated,,
World,HLI_Solar_Thermal,2033,614.881,,MEUR/GW,interpolated,,
World,HLI_Solar_Thermal,2034,611.905,,MEUR/GW,interpolated,,
World,HLI_Solar_Thermal,2036,605.952,,MEUR/GW,interpolated,,
World,HLI_Solar_Thermal,2037,602.976,,MEUR/GW,interpolated,,
World,HLI_Solar_Thermal,2038,600,,MEUR/GW,interpolated,,
World,HLI_Solar_Thermal,2039,597.024,,MEUR/GW,interpolated,,
World,HMHI_Biomass,2026,601.822,,MEUR/GW,interpolated,,
World,HMHI_Biomass,2027,599.094,,MEUR/GW,interpolated,,
World,HMHI_Biomass,2028,596.366,,MEUR/GW,interpolated,,
World,HMHI_Biomass,2029,593.638,,MEUR/GW,interpolated,,
World,HMHI_Biomass,2031,588.182,,MEUR/GW,interpolated,,
World,HMHI_Biomass,2032,585.454,,MEUR/GW,interpolated,,
World,HMHI_Biomass,2033,582.726,,MEUR/GW,interpolated,,
World,HMHI_Biomass,2034,579.998,,MEUR/GW,interpolated,,
World,HMHI_Biomass,2036,574.544,,MEUR/GW,interpolated,,
World,HMHI_Biomass,2037,571.818,,MEUR/GW,interpolated,,
World,HMHI_Biomass,2038,569.092,,MEUR/GW,interpolated,,
World,HMHI_Biomass,2039,566.366,,MEUR/GW,interpolated,,
World,HMHI_Gas,2026,49.09,,MEUR/GW,interpolated,,
World,HMHI_Gas,2027,48.18,,MEUR/GW,interpolated,,
World,HMHI_Gas,2028,47.27,,MEUR/GW,interpolated,,
World,HMHI_Gas,2029,46.36,,MEUR/GW,interpolated,,
World,HMHI_Gas,2031,45.45,,MEUR/GW,interpolated,,
World,HMHI_Gas,2032,45.45,,MEUR/GW,interpolated,,
World,HMHI_Gas,2033,45.45,,MEUR/GW,interpolated,,
World,HMHI_Gas,2034,45.45,,MEUR/GW,interpolated,,
World,HMHI_Gas,2036,45.45,,MEUR/GW,interpolated,,
World,HMHI_Gas,2037,45.45,,MEUR/GW,interpolated,,
World,HMHI_Gas,2038,45.45,,MEUR/GW,interpolated,,
World,HMHI_Gas,2039,45.45,,MEUR/GW,interpolated,,
World,HMHI_Gas_CCS,2026,86.4,,MEUR/GW,interpolated,,
World,HMHI_Gas_CCS,2027,84.8,,MEUR/GW,interpolated,,
World,HMHI_Gas_CCS,2028,83.2,,MEUR/GW,interpolated,,
World,HMHI_Gas_CCS,2029,81.6,,MEUR/GW,interpolated,,
World,HMHI_Gas_CCS,2031,80,,MEUR/GW,interpolated,,
World,HMHI_Gas_CCS,2032,80,,MEUR/GW,interpolated,,
World,HMHI_Gas_CCS,2033,80,,MEUR/GW,interpolated,,
World,HMHI_Gas_CCS,2034,80,,MEUR/GW,interpolated,,
World,HMHI_Gas_CCS,2036,80,,MEUR/GW,interpolated,,
World,HMHI_Gas_CCS,2037,80,,MEUR/GW,interpolated,,
World,HMHI_Gas_CCS,2038,80,,MEUR/GW,interpolated,,
World,HMHI_Gas_CCS,2039,80,,MEUR/GW,interpolated,,
World,HMHI_H2,2026,63.818,,MEUR/GW,interpolated,,
World,HMHI_H2,2027,62.636,,MEUR/GW,interpolated,,
World,HMHI_H2,2028,61.454,,MEUR/GW,interpolated,,
World,HMHI_H2,2029,60.272,,MEUR/GW,interpolated,,
World,HMHI_H2,2031,59.09,,MEUR/GW,interpolated,,
World,HMHI_H2,2032,59.09,,MEUR/GW,interpolated,,
World,HMHI_H2,2033,59.09,,MEUR/GW,interpolated,,
World,HMHI_H2,2034,59.09,,MEUR/GW,interpolated,,
World,HMHI_H2,2036,59.09,,MEUR/GW,interpolated,,
World,HMHI_H2,2037,59.09,,MEUR/GW,interpolated,,
World,HMHI_H2,2038,59.09,,MEUR/GW,interpolated,,
World,HMHI_H2,2039,59.09,,MEUR/GW,interpolated,,
World,HMHI_HardCoal,2026,479.456,,MEUR/GW,interpolated,,
World,HMHI_HardCoal,2027,476.032,,MEUR/GW,interpolated,,
World,HMHI_HardCoal,2028,472.608,,MEUR/GW,interpolated,,
World,HMHI_HardCoal,2029,469.184,,MEUR/GW,interpolated,,
World,HMHI_HardCoal,2031,463.784,,MEUR/GW,interpolated,,
World,HMHI_HardCoal,2032,461.808,,MEUR/GW,interpolated,,
World,HMHI_HardCoal,2033,459.832,,MEUR/GW,interpolated,,
World,HMHI_HardCoal,2034,457.856,,MEUR/GW,interpolated,,
World,HMHI_HardCoal,2036,453.904,,MEUR/GW,interpolated,,
World,HMHI_HardCoal,2037,451.928,,MEUR/GW,interpolated,,
World,HMHI_HardCoal,2038,449.952,,MEUR/GW,interpolated,,
World,HMHI_HardCoal,2039,447.976,,MEUR/GW,interpolated,,
World,HMHI_HardCoal_CCS,2026,781.52,,MEUR/GW,interpolated,,
World,HMHI_HardCoal_CCS,2027,775.94,,MEUR/GW,interpolated,,
World,HMHI_HardCoal_CCS,2028,770.36,,MEUR/GW,interpolated,,
World,HMHI_HardCoal_CCS,2029,764.78,,MEUR/GW,interpolated,,
World,HMHI_HardCoal_CCS,2031,755.978,,MEUR/GW,interpolated,,
World,HMHI_HardCoal_CCS,2032,752.756,,MEUR/GW,interpolated,,
World,HMHI_HardCoal_CCS,2033,749.534,,MEUR/GW,interpolated,,
World,HMHI_HardCoal_CCS,2034,746.312,,MEUR/GW,interpolated,,
World,HMHI_HardCoal_CCS,2036,739.868,,MEUR/GW,interpolated,,
World,HMHI_HardCoal_CCS,2037,736.646,,MEUR/GW,interpolated,,
World,HMHI_HardCoal_CCS,2038,733.424,,MEUR/GW,interpolated,,
World,HMHI_HardCoal_CCS,2039,730.202,,MEUR/GW,interpolated,,
World,HMHI_Oil,2026,49.948,,MEUR/GW,interpolated,,
World,HMHI_Oil,2027,49.106,,MEUR/GW,interpolated,,
World,HMHI_Oil,2028,48.264,,MEUR/GW,interpolated,,
World,HMHI_Oil,2029,47.422,,MEUR/GW,interpolated,,
World,HMHI_Oil,2031,46.382,,MEUR/GW,interpolated,,
World,HMHI_Oil,2032,46.184,,MEUR/GW,interpolated,,
World,HMHI_Oil,2033,45.986,,MEUR/GW,interpolated,,
World,HMHI_Oil,2034,45.788,,MEUR/GW,interpolated,,
World,HMHI_Oil,2036,45.392,,MEUR/GW,interpolated,,
World,HMHI_Oil,2037,45.194,,MEUR/GW,interpolated,,
World,HMHI_Oil,2038,44.996,,MEUR/GW,interpolated,,
World,HMHI_Oil,2039,44.798,,MEUR/GW,interpolated,,
World,HMHI_Steam_Electric,2026,88.386,,MEUR/GW,interpolated,,
World,HMHI_Steam_Electric,2027,87.192,,MEUR/GW,interpolated,,
World,HMHI_Steam_Electric,2028,85.998,,MEUR/GW,interpolated,,
World,HMHI_Steam_Electric,2029,84.804,,MEUR/GW,interpolated,,
World,HMHI_Steam_Electric,2031,83.61,,MEUR/GW,interpolated,,
World,HMHI_Steam_Electric,2032,83.61,,MEUR/GW,interpolated,,
World,HMHI_Steam_Electric,2033,83.61,,MEUR/GW,interpolated,,
World,HMHI_Steam_Electric,2034,83.61,,MEUR/GW,interpolated,,
World,HMHI_Steam_Electric,2036,83.61,,MEUR/GW,interpolated,,
World,HMHI_Steam_Electric,2037,83.61,,MEUR/GW,interpolated,,
World,HMHI_Steam_Electric,2038,83.61,,MEUR/GW,interpolated,,
World,HMHI_Steam_Electric,2039,83.61,,MEUR/GW,interpolated,,
World,HMLI_Heatpump,2026,1079.34,,MEUR/GW,interpolated,13.12.2023,Frida Sather <frida.sather@sintef.no>
World,HMLI_Heatpump,2027,1062,,MEUR/GW,interpolated,13.12.2023,Frida Sather <frida.sather@sintef.no>
World,HMLI_Heatpump,2028,1044.67,,MEUR/GW,interpolated,13.12.2023,Frida Sather <frida.sather@sintef.no>
World,HMLI_Heatpump,2029,1027.33,,MEUR/GW,interpolated,13.12.2023,Frida Sather <frida.sather@sintef.no>
World,HMLI_Heatpump,2031,997.334,,MEUR/GW,interpolated,13.12.2023,Frida Sather <frida.sather@sintef.no>
World,HMLI_Heatpump,2032,984.668,,MEUR/GW,interpolated,13.12.2023,Frida Sather <frida.sather@sintef.no>
World,HMLI_Heatpump,2033,972.002,,MEUR/GW,interpolated,13.12.2023,Frida Sather <frida.sather@sintef.no>
World,HMLI_Heatpump,2034,959.336,,MEUR/GW,interpolated,13.12.2023,Frida Sather <frida.sather@sintef.no>
World,HMLI_Heatpump,2036,934.002,,MEUR/GW,interpolated,13.12.2023,Frida Sather <frida.sather@sintef.no>
World,HMLI_Heatpump,2037,921.334,,MEUR/GW,interpolated,13.12.2023,Frida Sather <frida.sather@sintef.no>
World,HMLI_Heatpump,2038,908.666,,MEUR/GW,interpolated,13.12.2023,Frida Sather <frida.sather@sintef.no>
World,HMLI_Heatpump,2039,895.998,,MEUR/GW,interpolated,13.12.2023,Frida Sather <frida.sather@sintef.no>
World,PSNG_Air_Bio,2026,376.002,,MEUR/Gpkm/year,interpolated,,
World,PSNG_Air_Bio,2027,372.806,,MEUR/Gpkm/year,interpolated,,
World,PSNG_Air_Bio,2028,369.61,,MEUR/Gpkm/year,interpolated,,
World,PSNG_Air_Bio,2029,366.413,,MEUR/Gpkm/year,interpolated,,
World,PSNG_Air_Bio,2031,363.217,,MEUR/Gpkm/year,interpolated,,
World,PSNG_Air_Bio,2032,363.217,,MEUR/Gpkm/year,interpolated,,
World,PSNG_Air_Bio,2033,363.217,,MEUR/Gpkm/year,interpolated,,
World,PSNG_Air_Bio,2034,363.217,,MEUR/Gpkm/year,interpolated,,
World,PSNG_Air_Bio,2036,363.217,,MEUR/Gpkm/year,interpolated,,
World,PSNG_Air_Bio,2037,363.217,,MEUR/Gpkm/year,interpolated,,
World,PSNG_Air_Bio,2038,363.217,,MEUR/Gpkm/year,interpolated,,
World,PSNG_Air_Bio,2039,363.217,,MEUR/Gpkm/year,interpolated,,
World,PSNG_Air_Conv,2026,376.002,,MEUR/Gpkm/year,interpolated,,
World,PSNG_Air_Conv,2027,372.806,,MEUR/Gpkm/year,interpolated,,
World,PSNG_Air_Conv,2028,369.61,,MEUR/Gpkm/year,interpolated,,
World,PSNG_Air_Conv,2029,366.413,,MEUR/Gpkm/year,interpolated,,
World,PSNG_Air_Conv,2031,363.217,,MEUR/Gpkm/year,interpolated,,
World,PSNG_Air_Conv,2032,363.217,,MEUR/Gpkm/year,interpolated,,
World,PSNG_Air_Conv,2033,363.217,,MEUR/Gpkm/year,interpolated,,
World,PSNG_Air_Conv,2034,363.217,,MEUR/Gpkm/year,interpolated,,
World,PSNG_Air_Conv,2036,363.217,,MEUR/Gpkm/year,interpolated,,
World,PSNG_Air_Conv,2037,363.217,,MEUR/Gpkm/year,interpolated,,
World,PSNG_Air_Conv,2038,363.217,,MEUR/Gpkm/year,interpolated,,
World,PSNG_Air_Conv,2039,363.217,,MEUR/Gpkm/year,interpolated,,
World,PSNG_Air_H2,2026,464.918,,MEUR/Gpkm/year,interpolated,,
World,PSNG_Air_H2,2027,464.918,,MEUR/Gpkm/year,interpolated,,
World,PSNG_Air_H2,2028,464.918,,MEUR/Gpkm/year,interpolated,,
World,PSNG_Air_H2,2029,464.918,,MEUR/Gpkm/year,interpolated,,
World,PSNG_Air_H2,2031,462.012,,MEUR/Gpkm/year,interpolated,,
World,PSNG_Air_H2,2032,459.107,,MEUR/Gpkm/year,interpolated,,
World,PSNG_Air_H2,2033,456.201,,MEUR/Gpkm/year,interpolated,,
World,PSNG_Air_H2,2034,453.295,,MEUR/Gpkm/year,interpolated,,
World,PSNG_Air_H2,2036,447.484,,MEUR/Gpkm/year,interpolated,,
World,PSNG_Air_H2,2037,444.578,,MEUR/Gpkm/year,interpolated,,
World,PSNG_Air_H2,2038,441.672,,MEUR/Gpkm/year,interpolated,,
World,PSNG_Air_H2,2039,438.766,,MEUR/Gpkm/year,interpolated,,
World,PSNG_Rail_Conv,2026,116.436,,MEUR/Gpkm/year,interpolated,,
World,PSNG_Rail_Conv,2027,115.704,,MEUR/Gpkm/year,interpolated,,
World,PSNG_Rail_Conv,2028,114.971,,MEUR/Gpkm/year,interpolated,,
World,PSNG_Rail_Conv,2029,114.239,,MEUR/Gpkm/year,interpolated,,
World,PSNG_Rail_Conv,2031,113.507,,MEUR/Gpkm/year,interpolated,,
World,PSNG_Rail_Conv,2032,113.507,,MEUR/Gpkm/year,interpolated,,
World,PSNG_Rail_Conv,2033,113.507,,MEUR/Gpkm/year,interpolated,,
World,PSNG_Rail_Conv,2034,113.507,,MEUR/Gpkm/year,interpolated,,
World,PSNG_Rail_Conv,2036,113.507,,MEUR/Gpkm/year,interpolated,,
World,PSNG_Rail_Conv,2037,113.507,,MEUR/Gpkm/year,interpolated,,
World,PSNG_Rail_Conv,2038,113.507,,MEUR/Gpkm/year,interpolated,,
World,PSNG_Rail_Conv,2039,113.507,,MEUR/Gpkm/year,interpolated,,
World,PSNG_Rail_Electric,2026,158.421,,MEUR/Gpkm/year,interpolated,,
World,PSNG_Rail_Electric,2027,157.567,,MEUR/Gpkm/year,interpolated,,
World,PSNG_Rail_Electric,2028,156.713,,MEUR/Gpkm/year,interpolated,,
World,PSNG_Rail_Electric,2029,155.858,,MEUR/Gpkm/year,interpolated,,
World,PSNG_Rail_Electric,2031,155.004,,MEUR/Gpkm/year,interpolated,,
World,PSNG_Rail_Electric,2032,155.004,,MEUR/Gpkm/year,interpolated,,
World,PSNG_Rail_Electric,2033,155.004,,MEUR/Gpkm/year,interpolated,,
World,PSNG_Rail_Electric,2034,155.004,,MEUR/Gpkm/year,interpolated,,
World,PSNG_Rail_Electric,2036,155.004,,MEUR/Gpkm/year,interpolated,,
World,PSNG_Rail_Electric,2037,155.004,,MEUR/Gpkm/year,interpolated,,
World,PSNG_Rail_Electric,2038,155.004,,MEUR/Gpkm/year,interpolated,,
World,PSNG_Rail_Electric,2039,155.004,,MEUR/Gpkm/year,interpolated,,
World,PSNG_Road_BEV,2026,981.463,,MEUR/Gpkm/year,interpolated,18.02.2025,Konstantin Loffler <kl@wip.tu-berlin.de>
World,PSNG_Road_BEV,2027,924.639,,MEUR/Gpkm/year,interpolated,18.02.2025,Konstantin Loffler <kl@wip.tu-berlin.de>
World,PSNG_Road_BEV,2028,867.815,,MEUR/Gpkm/year,interpolated,18.02.2025,Konstantin Loffler <kl@wip.tu-berlin.de>
World,PSNG_Road_BEV,2029,810.991,,MEUR/Gpkm/year,interpolated,18.02.2025,Konstantin Loffler <kl@wip.tu-berlin.de>
World,PSNG_Road_BEV,2031,748.75,,MEUR/Gpkm/year,interpolated,18.02.2025,Konstantin Loffler <kl@wip.tu-berlin.de>
World,PSNG_Road_BEV,2032,743.333,,MEUR/Gpkm/year,interpolated,18.02.2025,Konstantin Loffler <kl@wip.tu-berlin.de>
World,PSNG_Road_BEV,2033,737.917,,MEUR/Gpkm/year,interpolated,18.02.2025,Konstantin Loffler <kl@wip.tu-berlin.de>
World,PSNG_Road_BEV,2034,732.5,,MEUR/Gpkm/year,interpolated,18.02.2025,Konstantin Loffler <kl@wip.tu-berlin.de>
World,PSNG_Road_BEV,2036,721.667,,MEUR/Gpkm/year,interpolated,18.02.2025,Konstantin Loffler <kl@wip.tu-berlin.de>
World,PSNG_Road_BEV,2037,716.25,,MEUR/Gpkm/year,interpolated,18.02.2025,Konstantin Loffler <kl@wip.tu-berlin.de>
World,PSNG_Road_BEV,2038,710.833,,MEUR/Gpkm/year,interpolated,18.02.2025,Konstantin Loffler <kl@wip.tu-berlin.de>
World,PSNG_Road_BEV,2039,705.417,,MEUR/Gpkm/year,interpolated,18.02.2025,Konstantin Loffler <kl@wip.tu-berlin.de>
World,PSNG_Road_H2,2026,1561.35,,MEUR/Gpkm/year,interpolated,18.02.2025,Konstantin Loffler <kl@wip.tu-berlin.de>
World,PSNG_Road_H2,2027,1404.46,,MEUR/Gpkm/year,interpolated,18.02.2025,Konstantin Loffler <kl@wip.tu-berlin.de>
World,PSNG_Road_H2,2028,1247.57,,MEUR/Gpkm/year,interpolated,18.02.2025,Konstantin Loffler <kl@wip.tu-berlin.de>
World,PSNG_Road_H2,2029,1090.69,,MEUR/Gpkm/year,interpolated,18.02.2025,Konstantin Loffler <kl@wip.tu-berlin.de>
World,PSNG_Road_H2,2031,919.954,,MEUR/Gpkm/year,interpolated,18.02.2025,Konstantin Loffler <kl@wip.tu-berlin.de>
World,PSNG_Road_H2,2032,906.111,,MEUR/Gpkm/year,interpolated,18.02.2025,Konstantin Loffler <kl@wip.tu-berlin.de>
World,PSNG_Road_H2,2033,892.269,,MEUR/Gpkm/year,interpolated,18.02.2025,Konstantin Loffler <kl@wip.tu-berlin.de>
World,PSNG_Road_H2,2034,878.426,,MEUR/Gpkm/year,interpolated,18.02.2025,Konstantin Loffler <kl@wip.tu-berlin.de>
World,PSNG_Road_H2,2036,850.741,,MEUR/Gpkm/year,interpolated,18.02.2025,Konstantin Loffler <kl@wip.tu-berlin.de>
World,PSNG_Road_H2,2037,836.898,,MEUR/Gpkm/year,interpolated,18.02.2025,Konstantin Loffler <kl@wip.tu-berlin.de>
World,PSNG_Road_H2,2038,823.056,,MEUR/Gpkm/year,interpolated,18.02.2025,Konstantin Loffler <kl@wip.tu-berlin.de>
World,PSNG_Road_H2,2039,809.213,,MEUR/Gpkm/year,interpolated,18.02.2025,Konstantin Loffler <kl@wip.tu-berlin.de>
World,PSNG_Road_ICE,2026,867.167,,MEUR/Gpkm/year,interpolated,18.02.2025,Konstantin Loffler <kl@wip.tu-berlin.de>
World,PSNG_Road_ICE,2027,842.273,,MEUR/Gpkm/year,interpolated,18.02.2025,Konstantin Loffler <kl@wip.tu-berlin.de>
World,PSNG_Road_ICE,2028,817.38,,MEUR/Gpkm/year,interpolated,18.02.2025,Konstantin Loffler <kl@wip.tu-berlin.de>
World,PSNG_Road_ICE,2029,792.486,,MEUR/Gpkm/year,interpolated,18.02.2025,Konstantin Loffler <kl@wip.tu-berlin.de>
World,PSNG_Road_ICE,2031,767.593,,MEUR/Gpkm/year,interpolated,18.02.2025,Konstantin Loffler <kl@wip.tu-berlin.de>
World,PSNG_Road_ICE,2032,767.593,,MEUR/Gpkm/year,interpolated,18.02.2025,Konstantin Loffler <kl@wip.tu-berlin.de>
World,PSNG_Road_ICE,2033,767.593,,MEUR/Gpkm/year,interpolated,18.02.2025,Konstantin Loffler <kl@wip.tu-berlin.de>
World,PSNG_Road_ICE,2034,767.593,,MEUR/Gpkm/year,interpolated,18.02.2025,Konstantin Loffler <kl@wip.tu-berlin.de>
World,PSNG_Road_ICE,2036,767.593,,MEUR/Gpkm/year,interpolated,18.02.2025,Konstantin Loffler <kl@wip.tu-berlin.de>
World,PSNG_Road_ICE,2037,767.593,,MEUR/Gpkm/year,interpolated,18.02.2025,Konstantin Loffler <kl@wip.tu-berlin.de>
World,PSNG_Road_ICE,2038,767.593,,MEUR/Gpkm/year,interpolated,18.02.2025,Konstantin Loffler <kl@wip.tu-berlin.de>
World,PSNG_Road_ICE,2039,767.593,,MEUR/Gpkm/year,interpolated,18.02.2025,Konstantin Loffler <kl@wip.tu-berlin.de>
World,PSNG_Road_LNG,2026,932.704,,MEUR/Gpkm/year,interpolated,18.02.2025,Konstantin Loffler <kl@wip.tu-berlin.de>
World,PSNG_Road_LNG,2027,907.051,,MEUR/Gpkm/year,interpolated,18.02.2025,Konstantin Loffler <kl@wip.tu-berlin.de>
World,PSNG_Road_LNG,2028,881.398,,MEUR/Gpkm/year,interpolated,18.02.2025,Konstantin Loffler <kl@wip.tu-berlin.de>
World,PSNG_Road_LNG,2029,855.745,,MEUR/Gpkm/year,interpolated,18.02.2025,Konstantin Loffler <kl@wip.tu-berlin.de>
World,PSNG_Road_LNG,2031,830.093,,MEUR/Gpkm/year,interpolated,18.02.2025,Konstantin Loffler <kl@wip.tu-berlin.de>
World,PSNG_Road_LNG,2032,830.093,,MEUR/Gpkm/year,interpolated,18.02.2025,Konstantin Loffler <kl@wip.tu-berlin.de>
World,PSNG_Road_LNG,2033,830.093,,MEUR/Gpkm/year,interpolated,18.02.2025,Konstantin Loffler <kl@wip.tu-berlin.de>
World,PSNG_Road_LNG,2034,830.093,,MEUR/Gpkm/year,interpolated,18.02.2025,Konstantin Loffler <kl@wip.tu-berlin.de>
World,PSNG_Road_LNG,2036,830.093,,MEUR/Gpkm/year,interpolated,18.02.2025,Konstantin Loffler <kl@wip.tu-berlin.de>
World,PSNG_Road_LNG,2037,830.093,,MEUR/Gpkm/year,interpolated,18.02.2025,Konstantin Loffler <kl@wip.tu-berlin.de>
World,PSNG_Road_LNG,2038,830.093,,MEUR/Gpkm/year,interpolated,18.02.2025,Konstantin Loffler <kl@wip.tu-berlin.de>
World,PSNG_Road_LNG,2039,830.093,,MEUR/Gpkm/year,interpolated,18.02.2025,Konstantin Loffler <kl@wip.tu-berlin.de>
World,PSNG_Road_PHEV,2026,1007.28,,MEUR/Gpkm/year,interpolated,18.02.2025,Konstantin Loffler <kl@wip.tu-berlin.de>
World,PSNG_Road_PHEV,2027,945.736,,MEUR/Gpkm/year,interpolated,18.02.2025,Konstantin Loffler <kl@wip.tu-berlin.de>
World,PSNG_Road_PHEV,2028,884.194,,MEUR/Gpkm/year,interpolated,18.02.2025,Konstantin Loffler <kl@wip.tu-berlin.de>
World,PSNG_Road_PHEV,2029,822.653,,MEUR/Gpkm/year,interpolated,18.02.2025,Konstantin Loffler <kl@wip.tu-berlin.de>
World,PSNG_Road_PHEV,2031,756.898,,MEUR/Gpkm/year,interpolated,18.02.2025,Konstantin Loffler <kl@wip.tu-berlin.de>
World,PSNG_Road_PHEV,2032,752.685,,MEUR/Gpkm/year,interpolated,18.02.2025,Konstantin Loffler <kl@wip.tu-berlin.de>
World,PSNG_Road_PHEV,2033,748.472,,MEUR/Gpkm/year,interpolated,18.02.2025,Konstantin Loffler <kl@wip.tu-berlin.de>
World,PSNG_Road_PHEV,2034,744.259,,MEUR/Gpkm/year,interpolated,18.02.2025,Konstantin Loffler <kl@wip.tu-berlin.de>
World,PSNG_Road_PHEV,2036,735.833,,MEUR/Gpkm/year,interpolated,18.02.2025,Konstantin Loffler <kl@wip.tu-berlin.de>
World,PSNG_Road_PHEV,2037,731.62,,MEUR/Gpkm/year,interpolated,18.02.2025,Konstantin Loffler <kl@wip.tu-berlin.de>
World,PSNG_Road_PHEV,2038,727.407,,MEUR/Gpkm/year,interpolated,18.02.2025,Konstantin Loffler <kl@wip.tu-berlin.de>
World,PSNG_Road_PHEV,2039,723.194,,MEUR/Gpkm/year,interpolated,18.02.2025,Konstantin Loffler <kl@wip.tu-berlin.de>
World,P_Biomass,2026,1880,,MEUR/GW,interpolated,08.09.2023,Luka Garibashvili <lukaga@stud.ntnu.no>
World,P_Biomass,2027,1860,,MEUR/GW,interpolated,08.09.2023,Luka Garibashvili <lukaga@stud.ntnu.no>
World,P_Biomass,2028,1840,,MEUR/GW,interpolated,08.09.2023,Luka Garibashvili <lukaga@stud.ntnu.no>
World,P_Biomass,2029,1820,,MEUR/GW,interpolated,08.09.2023,Luka Garibashvili <lukaga@stud.ntnu.no>
World,P_Biomass,2031,1790,,MEUR/GW,interpolated,08.09.2023,Luka Garibashvili <lukaga@stud.ntnu.no>
World,P_Biomass,2032,1780,,MEUR/GW,interpolated,08.09.2023,Luka Garibashvili <lukaga@stud.ntnu.no>
World,P_Biomass,2033,1770,,MEUR/GW,interpolated,08.09.2023,Luka Garibashvili <lukaga@stud.ntnu.no>
World,P_Biomass,2034,1760,,MEUR/GW,interpolated,08.09.2023,Luka Garibashvili <lukaga@stud.ntnu.no>
World,P_Biomass,2036,1740,,MEUR/GW,interpolated,08.09.2023,Luka Garibashvili <lukaga@stud.ntnu.no>
World,P_Biomass,2037,1730,,MEUR/GW,interpolated,08.09.2023,Luka Garibashvili <lukaga@stud.ntnu.no>
World,P_Biomass,2038,1720,,MEUR/GW,interpolated,08.09.2023,Luka Garibashvili <lukaga@stud.ntnu.no>
World,P_Biomass,2039,1710,,MEUR/GW,interpolated,08.09.2023,Luka Garibashvili <lukaga@stud.ntnu.no>
World,P_Biomass_CCS,2026,3825,,MEUR/GW,interpolated,08.09.2023,Luka Garibashvili <lukaga@stud.ntnu.no>
World,P_Biomass_CCS,2027,3787.5,,MEUR/GW,interpolated,08.09.2023,Luka Garibashvili <lukaga@stud.ntnu.no>
World,P_Biomass_CCS,2028,3750,,MEUR/GW,interpolated,08.09.2023,Luka Garibashvili <lukaga@stud.ntnu.no>
World,P_Biomass_CCS,2029,3712.5,,MEUR/GW,interpolated,08.09.2023,Luka Garibashvili <lukaga@stud.ntnu.no>
World,P_Biomass_CCS,2031,3638,,MEUR/GW,interpolated,08.09.2023,Luka Garibashvili <lukaga@stud.ntnu.no>
World,P_Biomass_CCS,2032,3601,,MEUR/GW,interpolated,08.09.2023,Luka Garibashvili <lukaga@stud.ntnu.no>
World,P_Biomass_CCS,2033,3564,,MEUR/GW,interpolated,08.09.2023,Luka Garibashvili <lukaga@stud.ntnu.no>
World,P_Biomass_CCS,2034,3527,,MEUR/GW,interpolated,08.09.2023,Luka Garibashvili <lukaga@stud.ntnu.no>
World,P_Biomass_CCS,2036,3453,,MEUR/GW,interpolated,08.09.2023,Luka Garibashvili <lukaga@stud.ntnu.no>
World,P_Biomass_CCS,2037,3416,,MEUR/GW,interpolated,08.09.2023,Luka Garibashvili <lukaga@stud.ntnu.no>
World,P_Biomass_CCS,2038,3379,,MEUR/GW,interpolated,08.09.2023,Luka Garibashvili <lukaga@stud.ntnu.no>
World,P_Biomass_CCS,2039,3342,,MEUR/GW,interpolated,08.09.2023,Luka Garibashvili <lukaga@stud.ntnu.no>
World,P_CSP,2026,941.4,,MEUR/GW,interpolated,,
World,P_CSP,2027,936.8,,MEUR/GW,interpolated,,
World,P_CSP,2028,932.2,,MEUR/GW,interpolated,,
World,P_CSP,2029,927.6,,MEUR/GW,interpolated,,
World,P_CSP,2031,918.8,,MEUR/GW,interpolated,,
World,P_CSP,2032,914.6,,MEUR/GW,interpolated,,
World,P_CSP,2033,910.4,,MEUR/GW,interpolated,,
World,P_CSP,2034,906.2,,MEUR/GW,interpolated,,
World,P_CSP,2036,897.6,,MEUR/GW,interpolated,,
World,P_CSP,2037,893.2,,MEUR/GW,interpolated,,
World,P_CSP,2038,888.8,,MEUR/GW,interpolated,,
World,P_CSP,2039,884.4,,MEUR/GW,interpolated,,
World,P_Coal_Hardcoal,2026,1650,,MEUR/GW,interpolated,05.09.2023,Stian Backe <stian.backe@sintef.no>
World,P_Coal_Hardcoal,2027,1650,,MEUR/GW,interpolated,05.09.2023,Stian Backe <stian.backe@sintef.no>
World,P_Coal_Hardcoal,2028,1650,,MEUR/GW,interpolated,05.09.2023,Stian Backe <stian.backe@sintef.no>
World,P_Coal_Hardcoal,2029,1650,,MEUR/GW,interpolated,05.09.2023,Stian Backe <stian.backe@sintef.no>
World,P_Coal_Hardcoal,2031,1650,,MEUR/GW,interpolated,05.09.2023,Stian Backe <stian.backe@sintef.no>
World,P_Coal_Hardcoal,2032,1650,,MEUR/GW,interpolated,05.09.2023,Stian Backe <stian.backe@sintef.no>
World,P_Coal_Hardcoal,2033,1650,,MEUR/GW,interpolated,05.09.2023,Stian Backe <stian.backe@sintef.no>
World,P_Coal_Hardcoal,2034,1650,,MEUR/GW,interpolated,05.09.2023,Stian Backe <stian.backe@sintef.no>
World,P_Coal_Hardcoal,2036,1650,,MEUR/GW,interpolated,05.09.2023,Stian Backe <stian.backe@sintef.no>
World,P_Coal_Hardcoal,2037,1650,,MEUR/GW,interpolated,05.09.2023,Stian Backe <stian.backe@sintef.no>
World,P_Coal_Hardcoal,2038,1650,,MEUR/GW,interpolated,05.09.2023,Stian Backe <stian.backe@sintef.no>
World,P_Coal_Hardcoal,2039,1650,,MEUR/GW,interpolated,05.09.2023,Stian Backe <stian.backe@sintef.no>
World,P_Coal_Hardcoal_CCS,2026,3342,,MEUR/GW,interpolated,,
World,P_Coal_Hardcoal_CCS,2027,3324,,MEUR/GW,interpolated,,
World,P_Coal_Hardcoal_CCS,2028,3306,,MEUR/GW,interpolated,,
World,P_Coal_Hardcoal_CCS,2029,3288,,MEUR/GW,interpolated,,
World,P_Coal_Hardcoal_CCS,2031,3260.5,,MEUR/GW,interpolated,,
World,P_Coal_Hardcoal_CCS,2032,3251,,MEUR/GW,interpolated,,
World,P_Coal_Hardcoal_CCS,2033,3241.5,,MEUR/GW,interpolated,,
World,P_Coal_Hardcoal_CCS,2034,3232,,MEUR/GW,interpolated,,
World,P_Coal_Hardcoal_CCS,2036,3213,,MEUR/GW,interpolated,,
World,P_Coal_Hardcoal_CCS,2037,3203.5,,MEUR/GW,interpolated,,
World,P_Coal_Hardcoal_CCS,2038,3194,,MEUR/GW,interpolated,,
World,P_Coal_Hardcoal_CCS,2039,3184.5,,MEUR/GW,interpolated,,
World,P_Coal_Lignite,2026,1800,,MEUR/GW,interpolated,05.09.2023,Stian Backe <stian.backe@sintef.no>
World,P_Coal_Lignite,2027,1800,,MEUR/GW,interpolated,05.09.2023,Stian Backe <stian.backe@sintef.no>
World,P_Coal_Lignite,2028,1800,,MEUR/GW,interpolated,05.09.2023,Stian Backe <stian.backe@sintef.no>
World,P_Coal_Lignite,2029,1800,,MEUR/GW,interpolated,05.09.2023,Stian Backe <stian.backe@sintef.no>
World,P_Coal_Lignite,2031,1800,,MEUR/GW,interpolated,05.09.2023,Stian Backe <stian.backe@sintef.no>
World,P_Coal_Lignite,2032,1800,,MEUR/GW,interpolated,05.09.2023,Stian Backe <stian.backe@sintef.no>
World,P_Coal_Lignite,2033,1800,,MEUR/GW,interpolated,05.09.2023,Stian Backe <stian.backe@sintef.no>
World,P_Coal_Lignite,2034,1800,,MEUR/GW,interpolated,05.09.2023,Stian Backe <stian.backe@sintef.no>
World,P_Coal_Lignite,2036,1800,,MEUR/GW,interpolated,05.09.2023,Stian Backe <stian.backe@sintef.no>
World,P_Coal_Lignite,2037,1800,,MEUR/GW,interpolated,05.09.2023,Stian Backe <stian.backe@sintef.no>
World,P_Coal_Lignite,2038,1800,,MEUR/GW,interpolated,05.09.2023,Stian Backe <stian.backe@sintef.no>
World,P_Coal_Lignite,2039,1800,,MEUR/GW,interpolated,05.09.2023,Stian Backe <stian.backe@sintef.no>
World,P_Coal_Lignite_CCS,2026,3507,,MEUR/GW,interpolated,,
World,P_Coal_Lignite_CCS,2027,3491.5,,MEUR/GW,interpolated,,
World,P_Coal_Lignite_CCS,2028,3476,,MEUR/GW,interpolated,,
World,P_Coal_Lignite_CCS,2029,3460.5,,MEUR/GW,interpolated,,
World,P_Coal_Lignite_CCS,2031,3436.5,,MEUR/GW,interpolated,,
World,P_Coal_Lignite_CCS,2032,3428,,MEUR/GW,interpolated,,
World,P_Coal_Lignite_CCS,2033,3419.5,,MEUR/GW,interpolated,,
World,P_Coal_Lignite_CCS,2034,3411,,MEUR/GW,interpolated,,
World,P_Coal_Lignite_CCS,2036,3394,,MEUR/GW,interpolated,,
World,P_Coal_Lignite_CCS,2037,3385.5,,MEUR/GW,interpolated,,
World,P_Coal_Lignite_CCS,2038,3377,,MEUR/GW,interpolated,,
World,P_Coal_Lignite_CCS,2039,3368.5,,MEUR/GW,interpolated,,
World,P_Gas_CCGT,2026,903.867,,MEUR/GW,interpolated,05.09.2023,Stian Backe <stian.backe@sintef.no>
World,P_Gas_CCGT,2027,898.55,,MEUR/GW,interpolated,05.09.2023,Stian Backe <stian.backe@sintef.no>
World,P_Gas_CCGT,2028,893.233,,MEUR/GW,interpolated,05.09.2023,Stian Backe <stian.backe@sintef.no>
World,P_Gas_CCGT,2029,887.916,,MEUR/GW,interpolated,05.09.2023,Stian Backe <stian.backe@sintef.no>
World,P_Gas_CCGT,2031,881.004,,MEUR/GW,interpolated,05.09.2023,Stian Backe <stian.backe@sintef.no>
World,P_Gas_CCGT,2032,879.409,,MEUR/GW,interpolated,05.09.2023,Stian Backe <stian.backe@sintef.no>
World,P_Gas_CCGT,2033,877.814,,MEUR/GW,interpolated,05.09.2023,Stian Backe <stian.backe@sintef.no>
World,P_Gas_CCGT,2034,876.219,,MEUR/GW,interpolated,05.09.2023,Stian Backe <stian.backe@sintef.no>
World,P_Gas_CCGT,2036,873.029,,MEUR/GW,interpolated,05.09.2023,Stian Backe <stian.backe@sintef.no>
World,P_Gas_CCGT,2037,871.434,,MEUR/GW,interpolated,05.09.2023,Stian Backe <stian.backe@sintef.no>
World,P_Gas_CCGT,2038,869.839,,MEUR/GW,interpolated,05.09.2023,Stian Backe <stian.backe@sintef.no>
World,P_Gas_CCGT,2039,868.244,,MEUR/GW,interpolated,05.09.2023,Stian Backe <stian.backe@sintef.no>
World,P_Gas_CCS,2026,2852,,MEUR/GW,interpolated,,
World,P_Gas_CCS,2027,2852,,MEUR/GW,interpolated,,
World,P_Gas_CCS,2028,2852,,MEUR/GW,interpolated,,
World,P_Gas_CCS,2029,2852,,MEUR/GW,interpolated,,
World,P_Gas_CCS,2031,2824.4,,MEUR/GW,interpolated,,
World,P_Gas_CCS,2032,2796.8,,MEUR/GW,interpolated,,
World,P_Gas_CCS,2033,2769.2,,MEUR/GW,interpolated,,
World,P_Gas_CCS,2034,2741.6,,MEUR/GW,interpolated,,
World,P_Gas_CCS,2036,2686.4,,MEUR/GW,interpolated,,
World,P_Gas_CCS,2037,2658.8,,MEUR/GW,interpolated,,
World,P_Gas_CCS,2038,2631.2,,MEUR/GW,interpolated,,
World,P_Gas_CCS,2039,2603.6,,MEUR/GW,interpolated,,
World,P_Gas_Engines,2026,974,,MEUR/GW,interpolated,,
World,P_Gas_Engines,2027,968,,MEUR/GW,interpolated,,
World,P_Gas_Engines,2028,962,,MEUR/GW,interpolated,,
World,P_Gas_Engines,2029,956,,MEUR/GW,interpolated,,
World,P_Gas_Engines,2031,947.5,,MEUR/GW,interpolated,,
World,P_Gas_Engines,2032,945,,MEUR/GW,interpolated,,
World,P_Gas_Engines,2033,942.5,,MEUR/GW,interpolated,,
World,P_Gas_Engines,2034,940,,MEUR/GW,interpolated,,
World,P_Gas_Engines,2036,935,,MEUR/GW,interpolated,,
World,P_Gas_Engines,2037,932.5,,MEUR/GW,interpolated,,
World,P_Gas_Engines,2038,930,,MEUR/GW,interpolated,,
World,P_Gas_Engines,2039,927.5,,MEUR/GW,interpolated,,
World,P_Gas_OCGT,2026,757.121,,MEUR/GW,interpolated,,
World,P_Gas_OCGT,2027,753.931,,MEUR/GW,interpolated,,
World,P_Gas_OCGT,2028,750.741,,MEUR/GW,interpolated,,
World,P_Gas_OCGT,2029,747.551,,MEUR/GW,interpolated,,
World,P_Gas_OCGT,2031,743.298,,MEUR/GW,interpolated,,
World,P_Gas_OCGT,2032,742.234,,MEUR/GW,interpolated,,
World,P_Gas_OCGT,2033,741.171,,MEUR/GW,interpolated,,
World,P_Gas_OCGT,2034,740.107,,MEUR/GW,interpolated,,
World,P_Gas_OCGT,2036,737.981,,MEUR/GW,interpolated,,
World,P_Gas_OCGT,2037,736.917,,MEUR/GW,interpolated,,
World,P_Gas_OCGT,2038,735.854,,MEUR/GW,interpolated,,
World,P_Gas_OCGT,2039,734.791,,MEUR/GW,interpolated,,
World,P_Geothermal,2026,2566.8,,MEUR/GW,interpolated,06.09.2023,Stian Backe <stian.backe@sintef.no>
World,P_Geothermal,2027,2557.6,,MEUR/GW,interpolated,06.09.2023,Stian Backe <stian.backe@sintef.no>
World,P_Geothermal,2028,2548.4,,MEUR/GW,interpolated,06.09.2023,Stian Backe <stian.backe@sintef.no>
World,P_Geothermal,2029,2539.2,,MEUR/GW,interpolated,06.09.2023,Stian Backe <stian.backe@sintef.no>
World,P_Geothermal,2031,2520.8,,MEUR/GW,interpolated,06.09.2023,Stian Backe <stian.backe@sintef.no>
World,P_Geothermal,2032,2511.6,,MEUR/GW,interpolated,06.09.2023,Stian Backe <stian.backe@sintef.no>
World,P_Geothermal,2033,2502.4,,MEUR/GW,interpolated,06.09.2023,Stian Backe <stian.backe@sintef.no>
World,P_Geothermal,2034,2493.2,,MEUR/GW,interpolated,06.09.2023,Stian Backe <stian.backe@sintef.no>
World,P_Geothermal,2036,2474.8,,MEUR/GW,interpolated,06.09.2023,Stian Backe <stian.backe@sintef.no>
World,P_Geothermal,2037,2465.6,,MEUR/GW,interpolated,06.09.2023,Stian Backe <stian.backe@sintef.no>
World,P_Geothermal,2038,2456.4,,MEUR/GW,interpolated,06.09.2023,Stian Backe <stian.backe@sintef.no>
World,P_Geothermal,2039,2447.2,,MEUR/GW,interpolated,06.09.2023,Stian Backe <stian.backe@sintef.no>
World,P_H2_OCGT,2026,870.69,,MEUR/GW,interpolated,,
World,P_H2_OCGT,2027,867.021,,MEUR/GW,interpolated,,
World,P_H2_OCGT,2028,863.352,,MEUR/GW,interpolated,,
World,P_H2_OCGT,2029,859.684,,MEUR/GW,interpolated,,
World,P_H2_OCGT,2031,854.792,,MEUR/GW,interpolated,,
World,P_H2_OCGT,2032,853.569,,MEUR/GW,interpolated,,
World,P_H2_OCGT,2033,852.346,,MEUR/GW,interpolated,,
World,P_H2_OCGT,2034,851.124,,MEUR/GW,interpolated,,
World,P_H2_OCGT,2036,848.678,,MEUR/GW,interpolated,,
World,P_H2_OCGT,2037,847.455,,MEUR/GW,interpolated,,
World,P_H2_OCGT,2038,846.232,,MEUR/GW,interpolated,,
World,P_H2_OCGT,2039,845.009,,MEUR/GW,interpolated,,
World,P_Hydro_Reservoir,2026,2100,,MEUR/GW,interpolated,08.09.2023,Luka Garibashvili <lukaga@stud.ntnu.no>
World,P_Hydro_Reservoir,2027,2100,,MEUR/GW,interpolated,08.09.2023,Luka Garibashvili <lukaga@stud.ntnu.no>
World,P_Hydro_Reservoir,2028,2100,,MEUR/GW,interpolated,08.09.2023,Luka Garibashvili <lukaga@stud.ntnu.no>
World,P_Hydro_Reservoir,2029,2100,,MEUR/GW,interpolated,08.09.2023,Luka Garibashvili <lukaga@stud.ntnu.no>
World,P_Hydro_Reservoir,2031,2100,,MEUR/GW,interpolated,08.09.2023,Luka Garibashvili <lukaga@stud.ntnu.no>
World,P_Hydro_Reservoir,2032,2100,,MEUR/GW,interpolated,08.09.2023,Luka Garibashvili <lukaga@stud.ntnu.no>
World,P_Hydro_Reservoir,2033,2100,,MEUR/GW,interpolated,08.09.2023,Luka Garibashvili <lukaga@stud.ntnu.no>
World,P_Hydro_Reservoir,2034,2100,,MEUR/GW,interpolated,08.09.2023,Luka Garibashvili <lukaga@stud.ntnu.no>
World,P_Hydro_Reservoir,2036,2100,,MEUR/GW,interpolated,08.09.2023,Luka Garibashvili <lukaga@stud.ntnu.no>
World,P_Hydro_Reservoir,2037,2100,,MEUR/GW,interpolated,08.09.2023,Luka Garibashvili <lukaga@stud.ntnu.no>
World,P_Hydro_Reservoir,2038,2100,,MEUR/GW,interpolated,08.09.2023,Luka Garibashvili <lukaga@stud.ntnu.no>
World,P_Hydro_Reservoir,2039,2100,,MEUR/GW,interpolated,08.09.2023,Luka Garibashvili <lukaga@stud.ntnu.no>
World,P_Hydro_RoR,2026,1688,,MEUR/GW,interpolated,08.09.2023,Luka Garibashvili <lukaga@stud.ntnu.no>
World,P_Hydro_RoR,2027,1683.5,,MEUR/GW,interpolated,08.09.2023,Luka Garibashvili <lukaga@stud.ntnu.no>
World,P_Hydro_RoR,2028,1679,,MEUR/GW,interpolated,08.09.2023,Luka Garibashvili <lukaga@stud.ntnu.no>
World,P_Hydro_RoR,2029,1674.5,,MEUR/GW,interpolated,08.09.2023,Luka Garibashvili <lukaga@stud.ntnu.no>
World,P_Hydro_RoR,2031,1669,,MEUR/GW,interpolated,08.09.2023,Luka Garibashvili <lukaga@stud.ntnu.no>
World,P_Hydro_RoR,2032,1668,,MEUR/GW,interpolated,08.09.2023,Luka Garibashvili <lukaga@stud.ntnu.no>
World,P_Hydro_RoR,2033,1667,,MEUR/GW,interpolated,08.09.2023,Luka Garibashvili <lukaga@stud.ntnu.no>
World,P_Hydro_RoR,2034,1666,,MEUR/GW,interpolated,08.09.2023,Luka Garibashvili <lukaga@stud.ntnu.no>
World,P_Hydro_RoR,2036,1664,,MEUR/GW,interpolated,08.09.2023,Luka Garibashvili <lukaga@stud.ntnu.no>
World,P_Hydro_RoR,2037,1663,,MEUR/GW,interpolated,08.09.2023,Luka Garibashvili <lukaga@stud.ntnu.no>
World,P_Hydro_RoR,2038,1662,,MEUR/GW,interpolated,08.09.2023,Luka Garibashvili <lukaga@stud.ntnu.no>
World,P_Hydro_RoR,2039,1661,,MEUR/GW,interpolated,08.09.2023,Luka Garibashvili <lukaga@stud.ntnu.no>
World,P_Nuclear,2026,6000,,MEUR/GW,interpolated,05.09.2023,Stian Backe <stian.backe@sintef.no>
World,P_Nuclear,2027,6000,,MEUR/GW,interpolated,05.09.2023,Stian Backe <stian.backe@sintef.no>
World,P_Nuclear,2028,6000,,MEUR/GW,interpolated,05.09.2023,Stian Backe <stian.backe@sintef.no>
World,P_Nuclear,2029,6000,,MEUR/GW,interpolated,05.09.2023,Stian Backe <stian.backe@sintef.no>
World,P_Nuclear,2031,6000,,MEUR/GW,interpolated,05.09.2023,Stian Backe <stian.backe@sintef.no>
World,P_Nuclear,2032,6000,,MEUR/GW,interpolated,05.09.2023,Stian Backe <stian.backe@sintef.no>
World,P_Nuclear,2033,6000,,MEUR/GW,interpolated,05.09.2023,Stian Backe <stian.backe@sintef.no>
World,P_Nuclear,2034,6000,,MEUR/GW,interpolated,05.09.2023,Stian Backe <stian.backe@sintef.no>
World,P_Nuclear,2036,6000,,MEUR/GW,interpolated,05.09.2023,Stian Backe <stian.backe@sintef.no>
World,P_Nuclear,2037,6000,,MEUR/GW,interpolated,05.09.2023,Stian Backe <stian.backe@sintef.no>
World,P_Nuclear,2038,6000,,MEUR/GW,interpolated,05.09.2023,Stian Backe <stian.backe@sintef.no>
World,P_Nuclear,2039,6000,,MEUR/GW,interpolated,05.09.2023,Stian Backe <stian.backe@sintef.no>
World,P_Ocean,2026,3306.4,,MEUR/GW,interpolated,08.09.2023,Luka Garibashvili <lukaga@stud.ntnu.no>
World,P_Ocean,2027,3145.8,,MEUR/GW,interpolated,08.09.2023,Luka Garibashvili <lukaga@stud.ntnu.no>
World,P_Ocean,2028,2985.2,,MEUR/GW,interpolated,08.09.2023,Luka Garibashvili <lukaga@stud.ntnu.no>
World,P_Ocean,2029,2824.6,,MEUR/GW,interpolated,08.09.2023,Luka Garibashvili <lukaga@stud.ntnu.no>
World,P_Ocean,2031,2629.5,,MEUR/GW,interpolated,08.09.2023,Luka Garibashvili <lukaga@stud.ntnu.no>
World,P_Ocean,2032,2595,,MEUR/GW,interpolated,08.09.2023,Luka Garibashvili <lukaga@stud.ntnu.no>
World,P_Ocean,2033,2560.5,,MEUR/GW,interpolated,08.09.2023,Luka Garibashvili <lukaga@stud.ntnu.no>
World,P_Ocean,2034,2526,,MEUR/GW,interpolated,08.09.2023,Luka Garibashvili <lukaga@stud.ntnu.no>
World,P_Ocean,2036,2457,,MEUR/GW,interpolated,08.09.2023,Luka Garibashvili <lukaga@stud.ntnu.no>
World,P_Ocean,2037,2422.5,,MEUR/GW,interpolated,08.09.2023,Luka Garibashvili <lukaga@stud.ntnu.no>
World,P_Ocean,2038,2388,,MEUR/GW,interpolated,08.09.2023,Luka Garibashvili <lukaga@stud.ntnu.no>
World,P_Ocean,2039,2353.5,,MEUR/GW,interpolated,08.09.2023,Luka Garibashvili <lukaga@stud.ntnu.no>
World,P_Oil,2026,9357.68,,MEUR/GW,interpolated,,
World,P_Oil,2027,9357.68,,MEUR/GW,interpolated,,
World,P_Oil,2028,9357.68,,MEUR/GW,interpolated,,
World,P_Oil,2029,9357.68,,MEUR/GW,interpolated,,
World,P_Oil,2031,9357.68,,MEUR/GW,interpolated,,
World,P_Oil,2032,9357.68,,MEUR/GW,interpolated,,
World,P_Oil,2033,9357.68,,MEUR/GW,interpolated,,
World,P_Oil,2034,9357.68,,MEUR/GW,interpolated,,
World,P_Oil,2036,9357.68,,MEUR/GW,interpolated,,
World,P_Oil,2037,9357.68,,MEUR/GW,interpolated,,
World,P_Oil,2038,9357.68,,MEUR/GW,interpolated,,
World,P_Oil,2039,9357.68,,MEUR/GW,interpolated,,
World,P_PV_Rooftop_Commercial,2026,690,,MEUR/GW,interpolated,20.08.2024,Alena Diesing <ad@wip.tu-berlin.de>
World,P_PV_Rooftop_Commercial,2027,660,,MEUR/GW,interpolated,20.08.2024,Alena Diesing <ad@wip.tu-berlin.de>
World,P_PV_Rooftop_Commercial,2028,630,,MEUR/GW,interpolated,20.08.2024,Alena Diesing <ad@wip.tu-berlin.de>
World,P_PV_Rooftop_Commercial,2029,600,,MEUR/GW,interpolated,20.08.2024,Alena Diesing <ad@wip.tu-berlin.de>
World,P_PV_Rooftop_Commercial,2031,559,,MEUR/GW,interpolated,20.08.2024,Alena Diesing <ad@wip.tu-berlin.de>
World,P_PV_Rooftop_Commercial,2032,548,,MEUR/GW,interpolated,20.08.2024,Alena Diesing <ad@wip.tu-berlin.de>
World,P_PV_Rooftop_Commercial,2033,537,,MEUR/GW,interpolated,20.08.2024,Alena Diesing <ad@wip.tu-berlin.de>
World,P_PV_Rooftop_Commercial,2034,526,,MEUR/GW,interpolated,20.08.2024,Alena Diesing <ad@wip.tu-berlin.de>
World,P_PV_Rooftop_Commercial,2036,504,,MEUR/GW,interpolated,20.08.2024,Alena Diesing <ad@wip.tu-berlin.de>
World,P_PV_Rooftop_Commercial,2037,493,,MEUR/GW,interpolated,20.08.2024,Alena Diesing <ad@wip.tu-berlin.de>
World,P_PV_Rooftop_Commercial,2038,482,,MEUR/GW,interpolated,20.08.2024,Alena Diesing <ad@wip.tu-berlin.de>
World,P_PV_Rooftop_Commercial,2039,471,,MEUR/GW,interpolated,20.08.2024,Alena Diesing <ad@wip.tu-berlin.de>
World,P_PV_Rooftop_Residential,2026,1000.8,,MEUR/GW,interpolated,20.08.2024,Alena Diesing <ad@wip.tu-berlin.de>
World,P_PV_Rooftop_Residential,2027,960.613,,MEUR/GW,interpolated,20.08.2024,Alena Diesing <ad@wip.tu-berlin.de>
World,P_PV_Rooftop_Residential,2028,920.424,,MEUR/GW,interpolated,20.08.2024,Alena Diesing <ad@wip.tu-berlin.de>
World,P_PV_Rooftop_Residential,2029,880.235,,MEUR/GW,interpolated,20.08.2024,Alena Diesing <ad@wip.tu-berlin.de>
World,P_PV_Rooftop_Residential,2031,825.954,,MEUR/GW,interpolated,20.08.2024,Alena Diesing <ad@wip.tu-berlin.de>
World,P_PV_Rooftop_Residential,2032,811.862,,MEUR/GW,interpolated,20.08.2024,Alena Diesing <ad@wip.tu-berlin.de>
World,P_PV_Rooftop_Residential,2033,797.769,,MEUR/GW,interpolated,20.08.2024,Alena Diesing <ad@wip.tu-berlin.de>
World,P_PV_Rooftop_Residential,2034,783.677,,MEUR/GW,interpolated,20.08.2024,Alena Diesing <ad@wip.tu-berlin.de>
World,P_PV_Rooftop_Residential,2036,755.492,,MEUR/GW,interpolated,20.08.2024,Alena Diesing <ad@wip.tu-berlin.de>
World,P_PV_Rooftop_Residential,2037,741.4,,MEUR/GW,interpolated,20.08.2024,Alena Diesing <ad@wip.tu-berlin.de>
World,P_PV_Rooftop_Residential,2038,727.308,,MEUR/GW,interpolated,20.08.2024,Alena Diesing <ad@wip.tu-berlin.de>
World,P_PV_Rooftop_Residential,2039,713.215,,MEUR/GW,interpolated,20.08.2024,Alena Diesing <ad@wip.tu-berlin.de>
World,P_PV_Utility_Avg,2026,452,,MEUR/GW,interpolated,20.08.2024,Alena Diesing <ad@wip.tu-berlin.de>
World,P_PV_Utility_Avg,2027,434,,MEUR/GW,interpolated,20.08.2024,Alena Diesing <ad@wip.tu-berlin.de>
World,P_PV_Utility_Avg,2028,416,,MEUR/GW,interpolated,20.08.2024,Alena Diesing <ad@wip.tu-berlin.de>
World,P_PV_Utility_Avg,2029,398,,MEUR/GW,interpolated,20.08.2024,Alena Diesing <ad@wip.tu-berlin.de>
World,P_PV_Utility_Avg,2031,374,,MEUR/GW,interpolated,20.08.2024,Alena Diesing <ad@wip.tu-berlin.de>
World,P_PV_Utility_Avg,2032,368,,MEUR/GW,interpolated,20.08.2024,Alena Diesing <ad@wip.tu-berlin.de>
World,P_PV_Utility_Avg,2033,362,,MEUR/GW,interpolated,20.08.2024,Alena Diesing <ad@wip.tu-berlin.de>
World,P_PV_Utility_Avg,2034,356,,MEUR/GW,interpolated,20.08.2024,Alena Diesing <ad@wip.tu-berlin.de>
World,P_PV_Utility_Avg,2036,344,,MEUR/GW,interpolated,20.08.2024,Alena Diesing <ad@wip.tu-berlin.de>
World,P_PV_Utility_Avg,2037,338,,MEUR/GW,interpolated,20.08.2024,Alena Diesing <ad@wip.tu-berlin.de>
World,P_PV_Utility_Avg,2038,332,,MEUR/GW,interpolated,20.08.2024,Alena Diesing <ad@wip.tu-berlin.de>
World,P_PV_Utility_Avg,2039,326,,MEUR/GW,interpolated,20.08.2024,Alena Diesing <ad@wip.tu-berlin.de>
World,P_PV_Utility_Inf,2026,452,,MEUR/GW,interpolated,20.08.2024,Alena Diesing <ad@wip.tu-berlin.de>
World,P_PV_Utility_Inf,2027,434,,MEUR/GW,interpolated,20.08.2024,Alena Diesing <ad@wip.tu-berlin.de>
World,P_PV_Utility_Inf,2028,416,,MEUR/GW,interpolated,20.08.2024,Alena Diesing <ad@wip.tu-berlin.de>
World,P_PV_Utility_Inf,2029,398,,MEUR/GW,interpolated,20.08.2024,Alena Diesing <ad@wip.tu-berlin.de>
World,P_PV_Utility_Inf,2031,374,,MEUR/GW,interpolated,20.08.2024,Alena Diesing <ad@wip.tu-berlin.de>
World,P_PV_Utility_Inf,2032,368,,MEUR/GW,interpolated,20.08.2024,Alena Diesing <ad@wip.tu-berlin.de>
World,P_PV_Utility_Inf,2033,362,,MEUR/GW,interpolated,20.08.2024,Alena Diesing <ad@wip.tu-berlin.de>
World,P_PV_Utility_Inf,2034,356,,MEUR/GW,interpolated,20.08.2024,Alena Diesing <ad@wip.tu-berlin.de>
World,P_PV_Utility_Inf,2036,344,,MEUR/GW,interpolated,20.08.2024,Alena Diesing <ad@wip.tu-berlin.de>
World,P_PV_Utility_Inf,2037,338,,MEUR/GW,interpolated,20.08.2024,Alena Diesing <ad@wip.tu-berlin.de>
World,P_PV_Utility_Inf,2038,332,,MEUR/GW,interpolated,20.08.2024,Alena Diesing <ad@wip.tu-berlin.de>
World,P_PV_Utility_Inf,2039,326,,MEUR/GW,interpolated,20.08.2024,Alena Diesing <ad@wip.tu-berlin.de>
World,P_PV_Utility_Opt,2026,452,,MEUR/GW,interpolated,20.08.2024,Alena Diesing <ad@wip.tu-berlin.de>
World,P_PV_Utility_Opt,2027,434,,MEUR/GW,interpolated,20.08.2024,Alena Diesing <ad@wip.tu-berlin.de>
World,P_PV_Utility_Opt,2028,416,,MEUR/GW,interpolated,20.08.2024,Alena Diesing <ad@wip.tu-berlin.de>
World,P_PV_Utility_Opt,2029,398,,MEUR/GW,interpolated,20.08.2024,Alena Diesing <ad@wip.tu-berlin.de>
World,P_PV_Utility_Opt,2031,374,,MEUR/GW,interpolated,20.08.2024,Alena Diesing <ad@wip.tu-berlin.de>
World,P_PV_Utility_Opt,2032,368,,MEUR/GW,interpolated,20.08.2024,Alena Diesing <ad@wip.tu-berlin.de>
World,P_PV_Utility_Opt,2033,362,,MEUR/GW,interpolated,20.08.2024,Alena Diesing <ad@wip.tu-berlin.de>
World,P_PV_Utility_Opt,2034,356,,MEUR/GW,interpolated,20.08.2024,Alena Diesing <ad@wip.tu-berlin.de>
World,P_PV_Utility_Opt,2036,344,,MEUR/GW,interpolated,20.08.2024,Alena Diesing <ad@wip.tu-berlin.de>
World,P_PV_Utility_Opt,2037,338,,MEUR/GW,interpolated,20.08.2024,Alena Diesing <ad@wip.tu-berlin.de>
World,P_PV_Utility_Opt,2038,332,,MEUR/GW,interpolated,20.08.2024,Alena Diesing <ad@wip.tu-berlin.de>
World,P_PV_Utility_Opt,2039,326,,MEUR/GW,interpolated,20.08.2024,Alena Diesing <ad@wip.tu-berlin.de>
World,P_PV_Utility_Tracking,2026,530,,MEUR/GW,interpolated,20.08.2024,Alena Diesing <ad@wip.tu-berlin.de>
World,P_PV_Utility_Tracking,2027,510,,MEUR/GW,interpolated,20.08.2024,Alena Diesing <ad@wip.tu-berlin.de>
World,P_PV_Utility_Tracking,2028,490,,MEUR/GW,interpolated,20.08.2024,Alena Diesing <ad@wip.tu-berlin.de>
World,P_PV_Utility_Tracking,2029,470,,MEUR/GW,interpolated,20.08.2024,Alena Diesing <ad@wip.tu-berlin.de>
World,P_PV_Utility_Tracking,2031,443,,MEUR/GW,interpolated,20.08.2024,Alena Diesing <ad@wip.tu-berlin.de>
World,P_PV_Utility_Tracking,2032,436,,MEUR/GW,interpolated,20.08.2024,Alena Diesing <ad@wip.tu-berlin.de>
World,P_PV_Utility_Tracking,2033,429,,MEUR/GW,interpolated,20.08.2024,Alena Diesing <ad@wip.tu-berlin.de>
World,P_PV_Utility_Tracking,2034,422,,MEUR/GW,interpolated,20.08.2024,Alena Diesing <ad@wip.tu-berlin.de>
World,P_PV_Utility_Tracking,2036,408,,MEUR/GW,interpolated,20.08.2024,Alena Diesing <ad@wip.tu-berlin.de>
World,P_PV_Utility_Tracking,2037,401,,MEUR/GW,interpolated,20.08.2024,Alena Diesing <ad@wip.tu-berlin.de>
World,P_PV_Utility_Tracking,2038,394,,MEUR/GW,interpolated,20.08.2024,Alena Diesing <ad@wip.tu-berlin.de>
World,P_PV_Utility_Tracking,2039,387,,MEUR/GW,interpolated,20.08.2024,Alena Diesing <ad@wip.tu-berlin.de>
World,P_Wind_Offshore_Deep,2026,3539.6,,MEUR/GW,interpolated,16.10.2025,Nikita Moskalenko <nim@wip.tu-berlin.de>
World,P_Wind_Offshore_Deep,2027,3460.2,,MEUR/GW,interpolated,16.10.2025,Nikita Moskalenko <nim@wip.tu-berlin.de>
World,P_Wind_Offshore_Deep,2028,3380.8,,MEUR/GW,interpolated,16.10.2025,Nikita Moskalenko <nim@wip.tu-berlin.de>
World,P_Wind_Offshore_Deep,2029,3301.4,,MEUR/GW,interpolated,16.10.2025,Nikita Moskalenko <nim@wip.tu-berlin.de>
World,P_Wind_Offshore_Deep,2031,3184,,MEUR/GW,interpolated,16.10.2025,Nikita Moskalenko <nim@wip.tu-berlin.de>
World,P_Wind_Offshore_Deep,2032,3146,,MEUR/GW,interpolated,16.10.2025,Nikita Moskalenko <nim@wip.tu-berlin.de>
World,P_Wind_Offshore_Deep,2033,3108,,MEUR/GW,interpolated,16.10.2025,Nikita Moskalenko <nim@wip.tu-berlin.de>
World,P_Wind_Offshore_Deep,2034,3070,,MEUR/GW,interpolated,16.10.2025,Nikita Moskalenko <nim@wip.tu-berlin.de>
World,P_Wind_Offshore_Deep,2036,3005.2,,MEUR/GW,interpolated,16.10.2025,Nikita Moskalenko <nim@wip.tu-berlin.de>
World,P_Wind_Offshore_Deep,2037,2978.4,,MEUR/GW,interpolated,16.10.2025,Nikita Moskalenko <nim@wip.tu-berlin.de>
World,P_Wind_Offshore_Deep,2038,2951.6,,MEUR/GW,interpolated,16.10.2025,Nikita Moskalenko <nim@wip.tu-berlin.de>
World,P_Wind_Offshore_Deep,2039,2924.8,,MEUR/GW,interpolated,16.10.2025,Nikita Moskalenko <nim@wip.tu-berlin.de>
World,P_Wind_Offshore_Shallow,2026,1861.6,,MEUR/GW,interpolated,16.10.2025,Nikita Moskalenko <nim@wip.tu-berlin.de>
World,P_Wind_Offshore_Shallow,2027,1808.2,,MEUR/GW,interpolated,16.10.2025,Nikita Moskalenko <nim@wip.tu-berlin.de>
World,P_Wind_Offshore_Shallow,2028,1754.8,,MEUR/GW,interpolated,16.10.2025,Nikita Moskalenko <nim@wip.tu-berlin.de>
World,P_Wind_Offshore_Shallow,2029,1701.4,,MEUR/GW,interpolated,16.10.2025,Nikita Moskalenko <nim@wip.tu-berlin.de>
World,P_Wind_Offshore_Shallow,2031,1628.2,,MEUR/GW,interpolated,16.10.2025,Nikita Moskalenko <nim@wip.tu-berlin.de>
World,P_Wind_Offshore_Shallow,2032,1608.4,,MEUR/GW,interpolated,16.10.2025,Nikita Moskalenko <nim@wip.tu-berlin.de>
World,P_Wind_Offshore_Shallow,2033,1588.6,,MEUR/GW,interpolated,16.10.2025,Nikita Moskalenko <nim@wip.tu-berlin.de>
World,P_Wind_Offshore_Shallow,2034,1568.8,,MEUR/GW,interpolated,16.10.2025,Nikita Moskalenko <nim@wip.tu-berlin.de>
World,P_Wind_Offshore_Shallow,2036,1534.2,,MEUR/GW,interpolated,16.10.2025,Nikita Moskalenko <nim@wip.tu-berlin.de>
World,P_Wind_Offshore_Shallow,2037,1519.4,,MEUR/GW,interpolated,16.10.2025,Nikita Moskalenko <nim@wip.tu-berlin.de>
World,P_Wind_Offshore_Shallow,2038,1504.6,,MEUR/GW,interpolated,16.10.2025,Nikita Moskalenko <nim@wip.tu-berlin.de>
World,P_Wind_Offshore_Shallow,2039,1489.8,,MEUR/GW,interpolated,16.10.2025,Nikita Moskalenko <nim@wip.tu-berlin.de>
World,P_Wind_Offshore_Transitional,2026,2702.6,,MEUR/GW,interpolated,16.10.2025,Nikita Moskalenko <nim@wip.tu-berlin.de>
World,P_Wind_Offshore_Transitional,2027,2625.2,,MEUR/GW,interpolated,16.10.2025,Nikita Moskalenko <nim@wip.tu-berlin.de>
World,P_Wind_Offshore_Transitional,2028,2547.8,,MEUR/GW,interpolated,16.10.2025,Nikita Moskalenko <nim@wip.tu-berlin.de>
World,P_Wind_Offshore_Transitional,2029,2470.4,,MEUR/GW,interpolated,16.10.2025,Nikita Moskalenko <nim@wip.tu-berlin.de>
World,P_Wind_Offshore_Transitional,2031,2364,,MEUR/GW,interpolated,16.10.2025,Nikita Moskalenko <nim@wip.tu-berlin.de>
World,P_Wind_Offshore_Transitional,2032,2335,,MEUR/GW,interpolated,16.10.2025,Nikita Moskalenko <nim@wip.tu-berlin.de>
World,P_Wind_Offshore_Transitional,2033,2306,,MEUR/GW,interpolated,16.10.2025,Nikita Moskalenko <nim@wip.tu-berlin.de>
World,P_Wind_Offshore_Transitional,2034,2277,,MEUR/GW,interpolated,16.10.2025,Nikita Moskalenko <nim@wip.tu-berlin.de>
World,P_Wind_Offshore_Transitional,2036,2226.6,,MEUR/GW,interpolated,16.10.2025,Nikita Moskalenko <nim@wip.tu-berlin.de>
World,P_Wind_Offshore_Transitional,2037,2205.2,,MEUR/GW,interpolated,16.10.2025,Nikita Moskalenko <nim@wip.tu-berlin.de>
World,P_Wind_Offshore_Transitional,2038,2183.8,,MEUR/GW,interpolated,16.10.2025,Nikita Moskalenko <nim@wip.tu-berlin.de>
World,P_Wind_Offshore_Transitional,2039,2162.4,,MEUR/GW,interpolated,16.10.2025,Nikita Moskalenko <nim@wip.tu-berlin.de>
World,P_Wind_Onshore_Avg,2026,1174,,MEUR/GW,interpolated,08.09.2023,Luka Garibashvili <lukaga@stud.ntnu.no>
World,P_Wind_Onshore_Avg,2027,1168,,MEUR/GW,interpolated,08.09.2023,Luka Garibashvili <lukaga@stud.ntnu.no>
World,P_Wind_Onshore_Avg,2028,1162,,MEUR/GW,interpolated,08.09.2023,Luka Garibashvili <lukaga@stud.ntnu.no>
World,P_Wind_Onshore_Avg,2029,1156,,MEUR/GW,interpolated,08.09.2023,Luka Garibashvili <lukaga@stud.ntnu.no>
World,P_Wind_Onshore_Avg,2031,1145,,MEUR/GW,interpolated,08.09.2023,Luka Garibashvili <lukaga@stud.ntnu.no>
World,P_Wind_Onshore_Avg,2032,1140,,MEUR/GW,interpolated,08.09.2023,Luka Garibashvili <lukaga@stud.ntnu.no>
World,P_Wind_Onshore_Avg,2033,1135,,MEUR/GW,interpolated,08.09.2023,Luka Garibashvili <lukaga@stud.ntnu.no>
World,P_Wind_Onshore_Avg,2034,1130,,MEUR/GW,interpolated,08.09.2023,Luka Garibashvili <lukaga@stud.ntnu.no>
World,P_Wind_Onshore_Avg,2036,1120,,MEUR/GW,interpolated,08.09.2023,Luka Garibashvili <lukaga@stud.ntnu.no>
World,P_Wind_Onshore_Avg,2037,1115,,MEUR/GW,interpolated,08.09.2023,Luka Garibashvili <lukaga@stud.ntnu.no>
World,P_Wind_Onshore_Avg,2038,1110,,MEUR/GW,interpolated,08.09.2023,Luka Garibashvili <lukaga@stud.ntnu.no>
World,P_Wind_Onshore_Avg,2039,1105,,MEUR/GW,interpolated,08.09.2023,Luka Garibashvili <lukaga@stud.ntnu.no>
World,P_Wind_Onshore_Inf,2026,1174,,MEUR/GW,interpolated,08.09.2023,Luka Garibashvili <lukaga@stud.ntnu.no>
World,P_Wind_Onshore_Inf,2027,1168,,MEUR/GW,interpolated,08.09.2023,Luka Garibashvili <lukaga@stud.ntnu.no>
World,P_Wind_Onshore_Inf,2028,1162,,MEUR/GW,interpolated,08.09.2023,Luka Garibashvili <lukaga@stud.ntnu.no>
World,P_Wind_Onshore_Inf,2029,1156,,MEUR/GW,interpolated,08.09.2023,Luka Garibashvili <lukaga@stud.ntnu.no>
World,P_Wind_Onshore_Inf,2031,1145,,MEUR/GW,interpolated,08.09.2023,Luka Garibashvili <lukaga@stud.ntnu.no>
World,P_Wind_Onshore_Inf,2032,1140,,MEUR/GW,interpolated,08.09.2023,Luka Garibashvili <lukaga@stud.ntnu.no>
World,P_Wind_Onshore_Inf,2033,1135,,MEUR/GW,interpolated,08.09.2023,Luka Garibashvili <lukaga@stud.ntnu.no>
World,P_Wind_Onshore_Inf,2034,1130,,MEUR/GW,interpolated,08.09.2023,Luka Garibashvili <lukaga@stud.ntnu.no>
World,P_Wind_Onshore_Inf,2036,1120,,MEUR/GW,interpolated,08.09.2023,Luka Garibashvili <lukaga@stud.ntnu.no>
World,P_Wind_Onshore_Inf,2037,1115,,MEUR/GW,interpolated,08.09.2023,Luka Garibashvili <lukaga@stud.ntnu.no>
World,P_Wind_Onshore_Inf,2038,1110,,MEUR/GW,interpolated,08.09.2023,Luka Garibashvili <lukaga@stud.ntnu.no>
World,P_Wind_Onshore_Inf,2039,1105,,MEUR/GW,interpolated,08.09.2023,Luka Garibashvili <lukaga@stud.ntnu.no>
World,P_Wind_Onshore_Opt,2026,1174,,MEUR/GW,interpolated,08.09.2023,Luka Garibashvili <lukaga@stud.ntnu.no>
World,P_Wind_Onshore_Opt,2027,1168,,MEUR/GW,interpolated,08.09.2023,Luka Garibashvili <lukaga@stud.ntnu.no>
World,P_Wind_Onshore_Opt,2028,1162,,MEUR/GW,interpolated,08.09.2023,Luka Garibashvili <lukaga@stud.ntnu.no>
World,P_Wind_Onshore_Opt,2029,1156,,MEUR/GW,interpolated,08.09.2023,Luka Garibashvili <lukaga@stud.ntnu.no>
World,P_Wind_Onshore_Opt,2031,1145,,MEUR/GW,interpolated,08.09.2023,Luka Garibashvili <lukaga@stud.ntnu.no>
World,P_Wind_Onshore_Opt,2032,1140,,MEUR/GW,interpolated,08.09.2023,Luka Garibashvili <lukaga@stud.ntnu.no>
World,P_Wind_Onshore_Opt,2033,1135,,MEUR/GW,interpolated,08.09.2023,Luka Garibashvili <lukaga@stud.ntnu.no>
World,P_Wind_Onshore_Opt,2034,1130,,MEUR/GW,interpolated,08.09.2023,Luka Garibashvili <lukaga@stud.ntnu.no>
World,P_Wind_Onshore_Opt,2036,1120,,MEUR/GW,interpolated,08.09.2023,Luka Garibashvili <lukaga@stud.ntnu.no>
World,P_Wind_Onshore_Opt,2037,1115,,MEUR/GW,interpolated,08.09.2023,Luka Garibashvili <lukaga@stud.ntnu.no>
World,P_Wind_Onshore_Opt,2038,1110,,MEUR/GW,interpolated,08.09.2023,Luka Garibashvili <lukaga@stud.ntnu.no>
World,P_Wind_Onshore_Opt,2039,1105,,MEUR/GW,interpolated,08.09.2023,Luka Garibashvili <lukaga@stud.ntnu.no>
World,R_Biogas,2026,0.01,,MEUR/GW,interpolated,20.06.2025,Nikita Moskalenko <nim@wip.tu-berlin.de>
World,R_Biogas,2027,0.01,,MEUR/GW,interpolated,20.06.2025,Nikita Moskalenko <nim@wip.tu-berlin.de>
World,R_Biogas,2028,0.01,,MEUR/GW,interpolated,20.06.2025,Nikita Moskalenko <nim@wip.tu-berlin.de>
World,R_Biogas,2029,0.01,,MEUR/GW,interpolated,20.06.2025,Nikita Moskalenko <nim@wip.tu-berlin.de>
World,R_Biogas,2031,0.01,,MEUR/GW,interpolated,20.06.2025,Nikita Moskalenko <nim@wip.tu-berlin.de>
World,R_Biogas,2032,0.01,,MEUR/GW,interpolated,20.06.2025,Nikita Moskalenko <nim@wip.tu-berlin.de>
World,R_Biogas,2033,0.01,,MEUR/GW,interpolated,20.06.2025,Nikita Moskalenko <nim@wip.tu-berlin.de>
World,R_Biogas,2034,0.01,,MEUR/GW,interpolated,20.06.2025,Nikita Moskalenko <nim@wip.tu-berlin.de>
World,R_Biogas,2036,0.01,,MEUR/GW,interpolated,20.06.2025,Nikita Moskalenko <nim@wip.tu-berlin.de>
World,R_Biogas,2037,0.01,,MEUR/GW,interpolated,20.06.2025,Nikita Moskalenko <nim@wip.tu-berlin.de>
World,R_Biogas,2038,0.01,,MEUR/GW,interpolated,20.06.2025,Nikita Moskalenko <nim@wip.tu-berlin.de>
World,R_Biogas,2039,0.01,,MEUR/GW,interpolated,20.06.2025,Nikita Moskalenko <nim@wip.tu-berlin.de>
World,R_Grass,2026,0.01,,MEUR/GW,interpolated,20.06.2025,Nikita Moskalenko <nim@wip.tu-berlin.de>
World,R_Grass,2027,0.01,,MEUR/GW,interpolated,20.06.2025,Nikita Moskalenko <nim@wip.tu-berlin.de>
World,R_Grass,2028,0.01,,MEUR/GW,interpolated,20.06.2025,Nikita Moskalenko <nim@wip.tu-berlin.de>
World,R_Grass,2029,0.01,,MEUR/GW,interpolated,20.06.2025,Nikita Moskalenko <nim@wip.tu-berlin.de>
World,R_Grass,2031,0.01,,MEUR/GW,interpolated,20.06.2025,Nikita Moskalenko <nim@wip.tu-berlin.de>
World,R_Grass,2032,0.01,,MEUR/GW,interpolated,20.06.2025,Nikita Moskalenko <nim@wip.tu-berlin.de>
World,R_Grass,2033,0.01,,MEUR/GW,interpolated,20.06.2025,Nikita Moskalenko <nim@wip.tu-berlin.de>
World,R_Grass,2034,0.01,,MEUR/GW,interpolated,20.06.2025,Nikita Moskalenko <nim@wip.tu-berlin.de>
World,R_Grass,2036,0.01,,MEUR/GW,interpolated,20.06.2025,Nikita Moskalenko <nim@wip.tu-berlin.de>
World,R_Grass,2037,0.01,,MEUR/GW,interpolated,20.06.2025,Nikita Moskalenko <nim@wip.tu-berlin.de>
World,R_Grass,2038,0.01,,MEUR/GW,interpolated,20.06.2025,Nikita Moskalenko <nim@wip.tu-berlin.de>
World,R_Grass,2039,0.01,,MEUR/GW,interpolated,20.06.2025,Nikita Moskalenko <nim@wip.tu-berlin.de>
World,R_Paper_Cardboard,2026,0.01,,MEUR/GW,interpolated,20.06.2025,Nikita Moskalenko <nim@wip.tu-berlin.de>
World,R_Paper_Cardboard,2027,0.01,,MEUR/GW,interpolated,20.06.2025,Nikita Moskalenko <nim@wip.tu-berlin.de>
World,R_Paper_Cardboard,2028,0.01,,MEUR/GW,interpolated,20.06.2025,Nikita Moskalenko <nim@wip.tu-berlin.de>
World,R_Paper_Cardboard,2029,0.01,,MEUR/GW,interpolated,20.06.2025,Nikita Moskalenko <nim@wip.tu-berlin.de>
World,R_Paper_Cardboard,2031,0.01,,MEUR/GW,interpolated,20.06.2025,Nikita Moskalenko <nim@wip.tu-berlin.de>
World,R_Paper_Cardboard,2032,0.01,,MEUR/GW,interpolated,20.06.2025,Nikita Moskalenko <nim@wip.tu-berlin.de>
World,R_Paper_Cardboard,2033,0.01,,MEUR/GW,interpolated,20.06.2025,Nikita Moskalenko <nim@wip.tu-berlin.de>
World,R_Paper_Cardboard,2034,0.01,,MEUR/GW,interpolated,20.06.2025,Nikita Moskalenko <nim@wip.tu-berlin.de>
World,R_Paper_Cardboard,2036,0.01,,MEUR/GW,interpolated,20.06.2025,Nikita Moskalenko <nim@wip.tu-berlin.de>
World,R_Paper_Cardboard,2037,0.01,,MEUR/GW,interpolated,20.06.2025,Nikita Moskalenko <nim@wip.tu-berlin.de>
World,R_Paper_Cardboard,2038,0.01,,MEUR/GW,interpolated,20.06.2025,Nikita Moskalenko <nim@wip.tu-berlin.de>
World,R_Paper_Cardboard,2039,0.01,,MEUR/GW,interpolated,20.06.2025,Nikita Moskalenko <nim@wip.tu-berlin.de>
World,R_Residues,2026,0.01,,MEUR/GW,interpolated,20.06.2025,Nikita Moskalenko <nim@wip.tu-berlin.de>
World,R_Residues,2027,0.01,,MEUR/GW,interpolated,20.06.2025,Nikita Moskalenko <nim@wip.tu-berlin.de>
World,R_Residues,2028,0.01,,MEUR/GW,interpolated,20.06.2025,Nikita Moskalenko <nim@wip.tu-berlin.de>
World,R_Residues,2029,0.01,,MEUR/GW,interpolated,20.06.2025,Nikita Moskalenko <nim@wip.tu-berlin.de>
World,R_Residues,2031,0.01,,MEUR/GW,interpolated,20.06.2025,Nikita Moskalenko <nim@wip.tu-berlin.de>
World,R_Residues,2032,0.01,,MEUR/GW,interpolated,20.06.2025,Nikita Moskalenko <nim@wip.tu-berlin.de>
World,R_Residues,2033,0.01,,MEUR/GW,interpolated,20.06.2025,Nikita Moskalenko <nim@wip.tu-berlin.de>
World,R_Residues,2034,0.01,,MEUR/GW,interpolated,20.06.2025,Nikita Moskalenko <nim@wip.tu-berlin.de>
World,R_Residues,2036,0.01,,MEUR/GW,interpolated,20.06.2025,Nikita Moskalenko <nim@wip.tu-berlin.de>
World,R_Residues,2037,0.01,,MEUR/GW,interpolated,20.06.2025,Nikita Moskalenko <nim@wip.tu-berlin.de>
World,R_Residues,2038,0.01,,MEUR/GW,interpolated,20.06.2025,Nikita Moskalenko <nim@wip.tu-berlin.de>
World,R_Residues,2039,0.01,,MEUR/GW,interpolated,20.06.2025,Nikita Moskalenko <nim@wip.tu-berlin.de>
World,R_Roundwood,2026,0.01,,MEUR/GW,interpolated,20.06.2025,Nikita Moskalenko <nim@wip.tu-berlin.de>
World,R_Roundwood,2027,0.01,,MEUR/GW,interpolated,20.06.2025,Nikita Moskalenko <nim@wip.tu-berlin.de>
World,R_Roundwood,2028,0.01,,MEUR/GW,interpolated,20.06.2025,Nikita Moskalenko <nim@wip.tu-berlin.de>
World,R_Roundwood,2029,0.01,,MEUR/GW,interpolated,20.06.2025,Nikita Moskalenko <nim@wip.tu-berlin.de>
World,R_Roundwood,2031,0.01,,MEUR/GW,interpolated,20.06.2025,Nikita Moskalenko <nim@wip.tu-berlin.de>
World,R_Roundwood,2032,0.01,,MEUR/GW,interpolated,20.06.2025,Nikita Moskalenko <nim@wip.tu-berlin.de>
World,R_Roundwood,2033,0.01,,MEUR/GW,interpolated,20.06.2025,Nikita Moskalenko <nim@wip.tu-berlin.de>
World,R_Roundwood,2034,0.01,,MEUR/GW,interpolated,20.06.2025,Nikita Moskalenko <nim@wip.tu-berlin.de>
World,R_Roundwood,2036,0.01,,MEUR/GW,interpolated,20.06.2025,Nikita Moskalenko <nim@wip.tu-berlin.de>
World,R_Roundwood,2037,0.01,,MEUR/GW,interpolated,20.06.2025,Nikita Moskalenko <nim@wip.tu-berlin.de>
World,R_Roundwood,2038,0.01,,MEUR/GW,interpolated,20.06.2025,Nikita Moskalenko <nim@wip.tu-berlin.de>
World,R_Roundwood,2039,0.01,,MEUR/GW,interpolated,20.06.2025,Nikita Moskalenko <nim@wip.tu-berlin.de>
World,R_Wood,2026,0.01,,MEUR/GW,interpolated,20.06.2025,Nikita Moskalenko <nim@wip.tu-berlin.de>
World,R_Wood,2027,0.01,,MEUR/GW,interpolated,20.06.2025,Nikita Moskalenko <nim@wip.tu-berlin.de>
World,R_Wood,2028,0.01,,MEUR/GW,interpolated,20.06.2025,Nikita Moskalenko <nim@wip.tu-berlin.de>
World,R_Wood,2029,0.01,,MEUR/GW,interpolated,20.06.2025,Nikita Moskalenko <nim@wip.tu-berlin.de>
World,R_Wood,2031,0.01,,MEUR/GW,interpolated,20.06.2025,Nikita Moskalenko <nim@wip.tu-berlin.de>
World,R_Wood,2032,0.01,,MEUR/GW,interpolated,20.06.2025,Nikita Moskalenko <nim@wip.tu-berlin.de>
World,R_Wood,2033,0.01,,MEUR/GW,interpolated,20.06.2025,Nikita Moskalenko <nim@wip.tu-berlin.de>
World,R_Wood,2034,0.01,,MEUR/GW,interpolated,20.06.2025,Nikita Moskalenko <nim@wip.tu-berlin.de>
World,R_Wood,2036,0.01,,MEUR/GW,interpolated,20.06.2025,Nikita Moskalenko <nim@wip.tu-berlin.de>
World,R_Wood,2037,0.01,,MEUR/GW,interpolated,20.06.2025,Nikita Moskalenko <nim@wip.tu-berlin.de>
World,R_Wood,2038,0.01,,MEUR/GW,interpolated,20.06.2025,Nikita Moskalenko <nim@wip.tu-berlin.de>
World,R_Wood,2039,0.01,,MEUR/GW,interpolated,20.06.2025,Nikita Moskalenko <nim@wip.tu-berlin.de>
World,X_ATR_CCS,2026,770,,MEUR/GW,interpolated,08.10.2024,Stian Backe <stian.backe@sintef.no>
World,X_ATR_CCS,2027,765,,MEUR/GW,interpolated,08.10.2024,Stian Backe <stian.backe@sintef.no>
World,X_ATR_CCS,2028,760,,MEUR/GW,interpolated,08.10.2024,Stian Backe <stian.backe@sintef.no>
World,X_ATR_CCS,2029,755,,MEUR/GW,interpolated,08.10.2024,Stian Backe <stian.backe@sintef.no>
World,X_ATR_CCS,2031,746.25,,MEUR/GW,interpolated,08.10.2024,Stian Backe <stian.backe@sintef.no>
World,X_ATR_CCS,2032,742.5,,MEUR/GW,interpolated,08.10.2024,Stian Backe <stian.backe@sintef.no>
World,X_ATR_CCS,2033,738.75,,MEUR/GW,interpolated,08.10.2024,Stian Backe <stian.backe@sintef.no>
World,X_ATR_CCS,2034,735,,MEUR/GW,interpolated,08.10.2024,Stian Backe <stian.backe@sintef.no>
World,X_ATR_CCS,2036,727.5,,MEUR/GW,interpolated,08.10.2024,Stian Backe <stian.backe@sintef.no>
World,X_ATR_CCS,2037,723.75,,MEUR/GW,interpolated,08.10.2024,Stian Backe <stian.backe@sintef.no>
World,X_ATR_CCS,2038,720,,MEUR/GW,interpolated,08.10.2024,Stian Backe <stian.backe@sintef.no>
World,X_ATR_CCS,2039,716.25,,MEUR/GW,interpolated,08.10.2024,Stian Backe <stian.backe@sintef.no>
World,X_Biofuel,2026,728,,MEUR/GW,interpolated,,
World,X_Biofuel,2027,716,,MEUR/GW,interpolated,,
World,X_Biofuel,2028,704,,MEUR/GW,interpolated,,
World,X_Biofuel,2029,692,,MEUR/GW,interpolated,,
World,X_Biofuel,2031,676,,MEUR/GW,interpolated,,
World,X_Biofuel,2032,672,,MEUR/GW,interpolated,,
World,X_Biofuel,2033,668,,MEUR/GW,interpolated,,
World,X_Biofuel,2034,664,,MEUR/GW,interpolated,,
World,X_Biofuel,2036,656,,MEUR/GW,interpolated,,
World,X_Biofuel,2037,652,,MEUR/GW,interpolated,,
World,X_Biofuel,2038,648,,MEUR/GW,interpolated,,
World,X_Biofuel,2039,644,,MEUR/GW,interpolated,,
World,X_Electrolysis,2026,810,,MEUR/GW,interpolated,29.08.2025,Nikita Moskalenko <nim@wip.tu-berlin.de>
World,X_Electrolysis,2027,745,,MEUR/GW,interpolated,29.08.2025,Nikita Moskalenko <nim@wip.tu-berlin.de>
World,X_Electrolysis,2028,680,,MEUR/GW,interpolated,29.08.2025,Nikita Moskalenko <nim@wip.tu-berlin.de>
World,X_Electrolysis,2029,615,,MEUR/GW,interpolated,29.08.2025,Nikita Moskalenko <nim@wip.tu-berlin.de>
World,X_Electrolysis,2031,537.5,,MEUR/GW,interpolated,29.08.2025,Nikita Moskalenko <nim@wip.tu-berlin.de>
World,X_Electrolysis,2032,525,,MEUR/GW,interpolated,29.08.2025,Nikita Moskalenko <nim@wip.tu-berlin.de>
World,X_Electrolysis,2033,512.5,,MEUR/GW,interpolated,29.08.2025,Nikita Moskalenko <nim@wip.tu-berlin.de>
World,X_Electrolysis,2034,500,,MEUR/GW,interpolated,29.08.2025,Nikita Moskalenko <nim@wip.tu-berlin.de>
World,X_Electrolysis,2036,475,,MEUR/GW,interpolated,29.08.2025,Nikita Moskalenko <nim@wip.tu-berlin.de>
World,X_Electrolysis,2037,462.5,,MEUR/GW,interpolated,29.08.2025,Nikita Moskalenko <nim@wip.tu-berlin.de>
World,X_Electrolysis,2038,450,,MEUR/GW,interpolated,29.08.2025,Nikita Moskalenko <nim@wip.tu-berlin.de>
World,X_Electrolysis,2039,437.5,,MEUR/GW,interpolated,29.08.2025,Nikita Moskalenko <nim@wip.tu-berlin.de>
World,X_Fuel_Cell,2026,3254.28,,MEUR/GW,interpolated,,
World,X_Fuel_Cell,2027,3213.33,,MEUR/GW,interpolated,,
World,X_Fuel_Cell,2028,3172.37,,MEUR/GW,interpolated,,
World,X_Fuel_Cell,2029,3131.42,,MEUR/GW,interpolated,,
World,X_Fuel_Cell,2031,3068.57,,MEUR/GW,interpolated,,
World,X_Fuel_Cell,2032,3046.67,,MEUR/GW,interpolated,,
World,X_Fuel_Cell,2033,3024.77,,MEUR/GW,interpolated,,
World,X_Fuel_Cell,2034,3002.88,,MEUR/GW,interpolated,,
World,X_Fuel_Cell,2036,2959.08,,MEUR/GW,interpolated,,
World,X_Fuel_Cell,2037,2937.18,,MEUR/GW,interpolated,,
World,X_Fuel_Cell,2038,2915.29,,MEUR/GW,interpolated,,
World,X_Fuel_Cell,2039,2893.39,,MEUR/GW,interpolated,,
World,X_Gasifier,2026,175,,MEUR/GW,interpolated,08.10.2024,Stian Backe <stian.backe@sintef.no>
World,X_Gasifier,2027,175,,MEUR/GW,interpolated,08.10.2024,Stian Backe <stian.backe@sintef.no>
World,X_Gasifier,2028,175,,MEUR/GW,interpolated,08.10.2024,Stian Backe <stian.backe@sintef.no>
World,X_Gasifier,2029,175,,MEUR/GW,interpolated,08.10.2024,Stian Backe <stian.backe@sintef.no>
World,X_Gasifier,2031,175,,MEUR/GW,interpolated,08.10.2024,Stian Backe <stian.backe@sintef.no>
World,X_Gasifier,2032,175,,MEUR/GW,interpolated,08.10.2024,Stian Backe <stian.backe@sintef.no>
World,X_Gasifier,2033,175,,MEUR/GW,interpolated,08.10.2024,Stian Backe <stian.backe@sintef.no>
World,X_Gasifier,2034,175,,MEUR/GW,interpolated,08.10.2024,Stian Backe <stian.backe@sintef.no>
World,X_Gasifier,2036,175,,MEUR/GW,interpolated,08.10.2024,Stian Backe <stian.backe@sintef.no>
World,X_Gasifier,2037,175,,MEUR/GW,interpolated,08.10.2024,Stian Backe <stian.backe@sintef.no>
World,X_Gasifier,2038,175,,MEUR/GW,interpolated,08.10.2024,Stian Backe <stian.backe@sintef.no>
World,X_Gasifier,2039,175,,MEUR/GW,interpolated,08.10.2024,Stian Backe <stian.backe@sintef.no>
World,X_Liquifier,2026,200,,MEUR/GW,interpolated,04.09.2024,Alena Diesing <ad@wip.tu-berlin.de>
World,X_Liquifier,2027,200,,MEUR/GW,interpolated,04.09.2024,Alena Diesing <ad@wip.tu-berlin.de>
World,X_Liquifier,2028,200,,MEUR/GW,interpolated,04.09.2024,Alena Diesing <ad@wip.tu-berlin.de>
World,X_Liquifier,2029,200,,MEUR/GW,interpolated,04.09.2024,Alena Diesing <ad@wip.tu-berlin.de>
World,X_Liquifier,2031,200,,MEUR/GW,interpolated,04.09.2024,Alena Diesing <ad@wip.tu-berlin.de>
World,X_Liquifier,2032,200,,MEUR/GW,interpolated,04.09.2024,Alena Diesing <ad@wip.tu-berlin.de>
World,X_Liquifier,2033,200,,MEUR/GW,interpolated,04.09.2024,Alena Diesing <ad@wip.tu-berlin.de>
World,X_Liquifier,2034,200,,MEUR/GW,interpolated,04.09.2024,Alena Diesing <ad@wip.tu-berlin.de>
World,X_Liquifier,2036,200,,MEUR/GW,interpolated,04.09.2024,Alena Diesing <ad@wip.tu-berlin.de>
World,X_Liquifier,2037,200,,MEUR/GW,interpolated,04.09.2024,Alena Diesing <ad@wip.tu-berlin.de>
World,X_Liquifier,2038,200,,MEUR/GW,interpolated,04.09.2024,Alena Diesing <ad@wip.tu-berlin.de>
World,X_Liquifier,2039,200,,MEUR/GW,interpolated,04.09.2024,Alena Diesing <ad@wip.tu-berlin.de>
World,X_Methanation,2026,919.8,,MEUR/GW,interpolated,09.10.2024,Stian Backe <stian.backe@sintef.no>
World,X_Methanation,2027,873.1,,MEUR/GW,interpolated,09.10.2024,Stian Backe <stian.backe@sintef.no>
World,X_Methanation,2028,826.4,,MEUR/GW,interpolated,09.10.2024,Stian Backe <stian.backe@sintef.no>
World,X_Methanation,2029,779.7,,MEUR/GW,interpolated,09.10.2024,Stian Backe <stian.backe@sintef.no>
World,X_Methanation,2031,709.5,,MEUR/GW,interpolated,09.10.2024,Stian Backe <stian.backe@sintef.no>
World,X_Methanation,2032,686,,MEUR/GW,interpolated,09.10.2024,Stian Backe <stian.backe@sintef.no>
World,X_Methanation,2033,662.5,,MEUR/GW,interpolated,09.10.2024,Stian Backe <stian.backe@sintef.no>
World,X_Methanation,2034,639,,MEUR/GW,interpolated,09.10.2024,Stian Backe <stian.backe@sintef.no>
World,X_Methanation,2036,592,,MEUR/GW,interpolated,09.10.2024,Stian Backe <stian.backe@sintef.no>
World,X_Methanation,2037,568.5,,MEUR/GW,interpolated,09.10.2024,Stian Backe <stian.backe@sintef.no>
World,X_Methanation,2038,545,,MEUR/GW,interpolated,09.10.2024,Stian Backe <stian.backe@sintef.no>
World,X_Methanation,2039,521.5,,MEUR/GW,interpolated,09.10.2024,Stian Backe <stian.backe@sintef.no>
World,X_Powerfuel,2026,2980,,MEUR/GW,interpolated,,
World,X_Powerfuel,2027,2910,,MEUR/GW,interpolated,,
World,X_Powerfuel,2028,2840,,MEUR/GW,interpolated,,
World,X_Powerfuel,2029,2770,,MEUR/GW,interpolated,,
World,X_Powerfuel,2031,2630,,MEUR/GW,interpolated,,
World,X_Powerfuel,2032,2560,,MEUR/GW,interpolated,,
World,X_Powerfuel,2033,2490,,MEUR/GW,interpolated,,
World,X_Powerfuel,2034,2420,,MEUR/GW,interpolated,,
World,X_Powerfuel,2036,2280,,MEUR/GW,interpolated,,
World,X_Powerfuel,2037,2210,,MEUR/GW,interpolated,,
World,X_Powerfuel,2038,2140,,MEUR/GW,interpolated,,
World,X_Powerfuel,2039,2070,,MEUR/GW,interpolated,,
World,X_SMR,2026,1683.4,,MEUR/GW,interpolated,28.09.2024,Alena Diesing <ad@wip.tu-berlin.de>
World,X_SMR,2027,1639.8,,MEUR/GW,interpolated,28.09.2024,Alena Diesing <ad@wip.tu-berlin.de>
World,X_SMR,2028,1596.2,,MEUR/GW,interpolated,28.09.2024,Alena Diesing <ad@wip.tu-berlin.de>
World,X_SMR,2029,1552.6,,MEUR/GW,interpolated,28.09.2024,Alena Diesing <ad@wip.tu-berlin.de>
World,X_SMR,2031,1509,,MEUR/GW,interpolated,28.09.2024,Alena Diesing <ad@wip.tu-berlin.de>
World,X_SMR,2032,1509,,MEUR/GW,interpolated,28.09.2024,Alena Diesing <ad@wip.tu-berlin.de>
World,X_SMR,2033,1509,,MEUR/GW,interpolated,28.09.2024,Alena Diesing <ad@wip.tu-berlin.de>
World,X_SMR,2034,1509,,MEUR/GW,interpolated,28.09.2024,Alena Diesing <ad@wip.tu-berlin.de>
World,X_SMR,2036,1509,,MEUR/GW,interpolated,28.09.2024,Alena Diesing <ad@wip.tu-berlin.de>
World,X_SMR,2037,1509,,MEUR/GW,interpolated,28.09.2024,Alena Diesing <ad@wip.tu-berlin.de>
World,X_SMR,2038,1509,,MEUR/GW,interpolated,28.09.2024,Alena Diesing <ad@wip.tu-berlin.de>
World,X_SMR,2039,1509,,MEUR/GW,interpolated,28.09.2024,Alena Diesing <ad@wip.tu-berlin.de>
World,R_Waste,2026,0.01,,MEUR/GW,interpolated,20.06.2025,Nikita Moskalenko <nim@wip.tu-berlin.de>
World,R_Waste,2027,0.01,,MEUR/GW,interpolated,20.06.2025,Nikita Moskalenko <nim@wip.tu-berlin.de>
World,R_Waste,2028,0.01,,MEUR/GW,interpolated,20.06.2025,Nikita Moskalenko <nim@wip.tu-berlin.de>
World,R_Waste,2029,0.01,,MEUR/GW,interpolated,20.06.2025,Nikita Moskalenko <nim@wip.tu-berlin.de>
World,R_Waste,2031,0.01,,MEUR/GW,interpolated,20.06.2025,Nikita Moskalenko <nim@wip.tu-berlin.de>
World,R_Waste,2032,0.01,,MEUR/GW,interpolated,20.06.2025,Nikita Moskalenko <nim@wip.tu-berlin.de>
World,R_Waste,2033,0.01,,MEUR/GW,interpolated,20.06.2025,Nikita Moskalenko <nim@wip.tu-berlin.de>
World,R_Waste,2034,0.01,,MEUR/GW,interpolated,20.06.2025,Nikita Moskalenko <nim@wip.tu-berlin.de>
World,R_Waste,2036,0.01,,MEUR/GW,interpolated,20.06.2025,Nikita Moskalenko <nim@wip.tu-berlin.de>
World,R_Waste,2037,0.01,,MEUR/GW,interpolated,20.06.2025,Nikita Moskalenko <nim@wip.tu-berlin.de>
World,R_Waste,2038,0.01,,MEUR/GW,interpolated,20.06.2025,Nikita Moskalenko <nim@wip.tu-berlin.de>
World,R_Waste,2039,0.01,,MEUR/GW,interpolated,20.06.2025,Nikita Moskalenko <nim@wip.tu-berlin.de>
World,X_Convert_Power,All,1,,MEUR/GW,power demand splitter (eff=1),2026-05-28,Konstantin Loffler <kl@wip.tu-berlin.de>
World,P_EGS_R1,2025,6220.13,,MEUR/GW,"EGS_LCOE_model.xlsx (Central scenario, ATB 2024) [USD->EUR 0.92]",2026-06-04,Konstantin Loffler <kl@wip.tu-berlin.de>
World,P_EGS_R1,2026,6017.39,,MEUR/GW,"EGS_LCOE_model.xlsx (Central scenario, ATB 2024) [USD->EUR 0.92]",2026-06-04,Konstantin Loffler <kl@wip.tu-berlin.de>
World,P_EGS_R1,2027,5821.26,,MEUR/GW,"EGS_LCOE_model.xlsx (Central scenario, ATB 2024) [USD->EUR 0.92]",2026-06-04,Konstantin Loffler <kl@wip.tu-berlin.de>
World,P_EGS_R1,2028,5631.52,,MEUR/GW,"EGS_LCOE_model.xlsx (Central scenario, ATB 2024) [USD->EUR 0.92]",2026-06-04,Konstantin Loffler <kl@wip.tu-berlin.de>
World,P_EGS_R1,2029,5447.96,,MEUR/GW,"EGS_LCOE_model.xlsx (Central scenario, ATB 2024) [USD->EUR 0.92]",2026-06-04,Konstantin Loffler <kl@wip.tu-berlin.de>
World,P_EGS_R1,2030,5270.39,,MEUR/GW,"EGS_LCOE_model.xlsx (Central scenario, ATB 2024) [USD->EUR 0.92]",2026-06-04,Konstantin Loffler <kl@wip.tu-berlin.de>
World,P_EGS_R1,2031,5098.61,,MEUR/GW,"EGS_LCOE_model.xlsx (Central scenario, ATB 2024) [USD->EUR 0.92]",2026-06-04,Konstantin Loffler <kl@wip.tu-berlin.de>
World,P_EGS_R1,2032,4932.42,,MEUR/GW,"EGS_LCOE_model.xlsx (Central scenario, ATB 2024) [USD->EUR 0.92]",2026-06-04,Konstantin Loffler <kl@wip.tu-berlin.de>
World,P_EGS_R1,2033,4771.66,,MEUR/GW,"EGS_LCOE_model.xlsx (Central scenario, ATB 2024) [USD->EUR 0.92]",2026-06-04,Konstantin Loffler <kl@wip.tu-berlin.de>
World,P_EGS_R1,2034,4616.13,,MEUR/GW,"EGS_LCOE_model.xlsx (Central scenario, ATB 2024) [USD->EUR 0.92]",2026-06-04,Konstantin Loffler <kl@wip.tu-berlin.de>
World,P_EGS_R1,2035,4465.67,,MEUR/GW,"EGS_LCOE_model.xlsx (Central scenario, ATB 2024) [USD->EUR 0.92]",2026-06-04,Konstantin Loffler <kl@wip.tu-berlin.de>
World,P_EGS_R1,2036,4443.34,,MEUR/GW,"EGS_LCOE_model.xlsx (Central scenario, ATB 2024) [USD->EUR 0.92]",2026-06-04,Konstantin Loffler <kl@wip.tu-berlin.de>
World,P_EGS_R1,2037,4421.12,,MEUR/GW,"EGS_LCOE_model.xlsx (Central scenario, ATB 2024) [USD->EUR 0.92]",2026-06-04,Konstantin Loffler <kl@wip.tu-berlin.de>
World,P_EGS_R1,2038,4399.02,,MEUR/GW,"EGS_LCOE_model.xlsx (Central scenario, ATB 2024) [USD->EUR 0.92]",2026-06-04,Konstantin Loffler <kl@wip.tu-berlin.de>
World,P_EGS_R1,2039,4377.02,,MEUR/GW,"EGS_LCOE_model.xlsx (Central scenario, ATB 2024) [USD->EUR 0.92]",2026-06-04,Konstantin Loffler <kl@wip.tu-berlin.de>
World,P_EGS_R1,2040,4355.14,,MEUR/GW,"EGS_LCOE_model.xlsx (Central scenario, ATB 2024) [USD->EUR 0.92]",2026-06-04,Konstantin Loffler <kl@wip.tu-berlin.de>
World,P_EGS_R2,2025,6845.8,,MEUR/GW,"EGS_LCOE_model.xlsx (Central scenario, ATB 2024) [USD->EUR 0.92]",2026-06-04,Konstantin Loffler <kl@wip.tu-berlin.de>
World,P_EGS_R2,2026,6622.67,,MEUR/GW,"EGS_LCOE_model.xlsx (Central scenario, ATB 2024) [USD->EUR 0.92]",2026-06-04,Konstantin Loffler <kl@wip.tu-berlin.de>
World,P_EGS_R2,2027,6406.81,,MEUR/GW,"EGS_LCOE_model.xlsx (Central scenario, ATB 2024) [USD->EUR 0.92]",2026-06-04,Konstantin Loffler <kl@wip.tu-berlin.de>
World,P_EGS_R2,2028,6197.98,,MEUR/GW,"EGS_LCOE_model.xlsx (Central scenario, ATB 2024) [USD->EUR 0.92]",2026-06-04,Konstantin Loffler <kl@wip.tu-berlin.de>
World,P_EGS_R2,2029,5995.97,,MEUR/GW,"EGS_LCOE_model.xlsx (Central scenario, ATB 2024) [USD->EUR 0.92]",2026-06-04,Konstantin Loffler <kl@wip.tu-berlin.de>
World,P_EGS_R2,2030,5800.53,,MEUR/GW,"EGS_LCOE_model.xlsx (Central scenario, ATB 2024) [USD->EUR 0.92]",2026-06-04,Konstantin Loffler <kl@wip.tu-berlin.de>
World,P_EGS_R2,2031,5611.47,,MEUR/GW,"EGS_LCOE_model.xlsx (Central scenario, ATB 2024) [USD->EUR 0.92]",2026-06-04,Konstantin Loffler <kl@wip.tu-berlin.de>
World,P_EGS_R2,2032,5428.57,,MEUR/GW,"EGS_LCOE_model.xlsx (Central scenario, ATB 2024) [USD->EUR 0.92]",2026-06-04,Konstantin Loffler <kl@wip.tu-berlin.de>
World,P_EGS_R2,2033,5251.63,,MEUR/GW,"EGS_LCOE_model.xlsx (Central scenario, ATB 2024) [USD->EUR 0.92]",2026-06-04,Konstantin Loffler <kl@wip.tu-berlin.de>
World,P_EGS_R2,2034,5080.46,,MEUR/GW,"EGS_LCOE_model.xlsx (Central scenario, ATB 2024) [USD->EUR 0.92]",2026-06-04,Konstantin Loffler <kl@wip.tu-berlin.de>
World,P_EGS_R2,2035,4914.86,,MEUR/GW,"EGS_LCOE_model.xlsx (Central scenario, ATB 2024) [USD->EUR 0.92]",2026-06-04,Konstantin Loffler <kl@wip.tu-berlin.de>
World,P_EGS_R2,2036,4890.29,,MEUR/GW,"EGS_LCOE_model.xlsx (Central scenario, ATB 2024) [USD->EUR 0.92]",2026-06-04,Konstantin Loffler <kl@wip.tu-berlin.de>
World,P_EGS_R2,2037,4865.84,,MEUR/GW,"EGS_LCOE_model.xlsx (Central scenario, ATB 2024) [USD->EUR 0.92]",2026-06-04,Konstantin Loffler <kl@wip.tu-berlin.de>
World,P_EGS_R2,2038,4841.51,,MEUR/GW,"EGS_LCOE_model.xlsx (Central scenario, ATB 2024) [USD->EUR 0.92]",2026-06-04,Konstantin Loffler <kl@wip.tu-berlin.de>
World,P_EGS_R2,2039,4817.3,,MEUR/GW,"EGS_LCOE_model.xlsx (Central scenario, ATB 2024) [USD->EUR 0.92]",2026-06-04,Konstantin Loffler <kl@wip.tu-berlin.de>
World,P_EGS_R2,2040,4793.21,,MEUR/GW,"EGS_LCOE_model.xlsx (Central scenario, ATB 2024) [USD->EUR 0.92]",2026-06-04,Konstantin Loffler <kl@wip.tu-berlin.de>
World,P_EGS_R3,2025,7797.73,,MEUR/GW,"EGS_LCOE_model.xlsx (Central scenario, ATB 2024) [USD->EUR 0.92]",2026-06-04,Konstantin Loffler <kl@wip.tu-berlin.de>
World,P_EGS_R3,2026,7543.57,,MEUR/GW,"EGS_LCOE_model.xlsx (Central scenario, ATB 2024) [USD->EUR 0.92]",2026-06-04,Konstantin Loffler <kl@wip.tu-berlin.de>
World,P_EGS_R3,2027,7297.69,,MEUR/GW,"EGS_LCOE_model.xlsx (Central scenario, ATB 2024) [USD->EUR 0.92]",2026-06-04,Konstantin Loffler <kl@wip.tu-berlin.de>
World,P_EGS_R3,2028,7059.83,,MEUR/GW,"EGS_LCOE_model.xlsx (Central scenario, ATB 2024) [USD->EUR 0.92]",2026-06-04,Konstantin Loffler <kl@wip.tu-berlin.de>
World,P_EGS_R3,2029,6829.72,,MEUR/GW,"EGS_LCOE_model.xlsx (Central scenario, ATB 2024) [USD->EUR 0.92]",2026-06-04,Konstantin Loffler <kl@wip.tu-berlin.de>
World,P_EGS_R3,2030,6607.11,,MEUR/GW,"EGS_LCOE_model.xlsx (Central scenario, ATB 2024) [USD->EUR 0.92]",2026-06-04,Konstantin Loffler <kl@wip.tu-berlin.de>
World,P_EGS_R3,2031,6391.76,,MEUR/GW,"EGS_LCOE_model.xlsx (Central scenario, ATB 2024) [USD->EUR 0.92]",2026-06-04,Konstantin Loffler <kl@wip.tu-berlin.de>
World,P_EGS_R3,2032,6183.42,,MEUR/GW,"EGS_LCOE_model.xlsx (Central scenario, ATB 2024) [USD->EUR 0.92]",2026-06-04,Konstantin Loffler <kl@wip.tu-berlin.de>
World,P_EGS_R3,2033,5981.88,,MEUR/GW,"EGS_LCOE_model.xlsx (Central scenario, ATB 2024) [USD->EUR 0.92]",2026-06-04,Konstantin Loffler <kl@wip.tu-berlin.de>
World,P_EGS_R3,2034,5786.91,,MEUR/GW,"EGS_LCOE_model.xlsx (Central scenario, ATB 2024) [USD->EUR 0.92]",2026-06-04,Konstantin Loffler <kl@wip.tu-berlin.de>
World,P_EGS_R3,2035,5598.29,,MEUR/GW,"EGS_LCOE_model.xlsx (Central scenario, ATB 2024) [USD->EUR 0.92]",2026-06-04,Konstantin Loffler <kl@wip.tu-berlin.de>
World,P_EGS_R3,2036,5570.3,,MEUR/GW,"EGS_LCOE_model.xlsx (Central scenario, ATB 2024) [USD->EUR 0.92]",2026-06-04,Konstantin Loffler <kl@wip.tu-berlin.de>
World,P_EGS_R3,2037,5542.44,,MEUR/GW,"EGS_LCOE_model.xlsx (Central scenario, ATB 2024) [USD->EUR 0.92]",2026-06-04,Konstantin Loffler <kl@wip.tu-berlin.de>
World,P_EGS_R3,2038,5514.73,,MEUR/GW,"EGS_LCOE_model.xlsx (Central scenario, ATB 2024) [USD->EUR 0.92]",2026-06-04,Konstantin Loffler <kl@wip.tu-berlin.de>
World,P_EGS_R3,2039,5487.16,,MEUR/GW,"EGS_LCOE_model.xlsx (Central scenario, ATB 2024) [USD->EUR 0.92]",2026-06-04,Konstantin Loffler <kl@wip.tu-berlin.de>
World,P_EGS_R3,2040,5459.72,,MEUR/GW,"EGS_LCOE_model.xlsx (Central scenario, ATB 2024) [USD->EUR 0.92]",2026-06-04,Konstantin Loffler <kl@wip.tu-berlin.de>
World,P_EGS_R4,2025,9328.72,,MEUR/GW,"EGS_LCOE_model.xlsx (Central scenario, ATB 2024) [USD->EUR 0.92]",2026-06-04,Konstantin Loffler <kl@wip.tu-berlin.de>
World,P_EGS_R4,2026,9024.65,,MEUR/GW,"EGS_LCOE_model.xlsx (Central scenario, ATB 2024) [USD->EUR 0.92]",2026-06-04,Konstantin Loffler <kl@wip.tu-berlin.de>
World,P_EGS_R4,2027,8730.5,,MEUR/GW,"EGS_LCOE_model.xlsx (Central scenario, ATB 2024) [USD->EUR 0.92]",2026-06-04,Konstantin Loffler <kl@wip.tu-berlin.de>
World,P_EGS_R4,2028,8445.94,,MEUR/GW,"EGS_LCOE_model.xlsx (Central scenario, ATB 2024) [USD->EUR 0.92]",2026-06-04,Konstantin Loffler <kl@wip.tu-berlin.de>
World,P_EGS_R4,2029,8170.65,,MEUR/GW,"EGS_LCOE_model.xlsx (Central scenario, ATB 2024) [USD->EUR 0.92]",2026-06-04,Konstantin Loffler <kl@wip.tu-berlin.de>
World,P_EGS_R4,2030,7904.34,,MEUR/GW,"EGS_LCOE_model.xlsx (Central scenario, ATB 2024) [USD->EUR 0.92]",2026-06-04,Konstantin Loffler <kl@wip.tu-berlin.de>
World,P_EGS_R4,2031,7646.7,,MEUR/GW,"EGS_LCOE_model.xlsx (Central scenario, ATB 2024) [USD->EUR 0.92]",2026-06-04,Konstantin Loffler <kl@wip.tu-berlin.de>
World,P_EGS_R4,2032,7397.46,,MEUR/GW,"EGS_LCOE_model.xlsx (Central scenario, ATB 2024) [USD->EUR 0.92]",2026-06-04,Konstantin Loffler <kl@wip.tu-berlin.de>
World,P_EGS_R4,2033,7156.35,,MEUR/GW,"EGS_LCOE_model.xlsx (Central scenario, ATB 2024) [USD->EUR 0.92]",2026-06-04,Konstantin Loffler <kl@wip.tu-berlin.de>
World,P_EGS_R4,2034,6923.1,,MEUR/GW,"EGS_LCOE_model.xlsx (Central scenario, ATB 2024) [USD->EUR 0.92]",2026-06-04,Konstantin Loffler <kl@wip.tu-berlin.de>
World,P_EGS_R4,2035,6697.44,,MEUR/GW,"EGS_LCOE_model.xlsx (Central scenario, ATB 2024) [USD->EUR 0.92]",2026-06-04,Konstantin Loffler <kl@wip.tu-berlin.de>
World,P_EGS_R4,2036,6663.96,,MEUR/GW,"EGS_LCOE_model.xlsx (Central scenario, ATB 2024) [USD->EUR 0.92]",2026-06-04,Konstantin Loffler <kl@wip.tu-berlin.de>
World,P_EGS_R4,2037,6630.64,,MEUR/GW,"EGS_LCOE_model.xlsx (Central scenario, ATB 2024) [USD->EUR 0.92]",2026-06-04,Konstantin Loffler <kl@wip.tu-berlin.de>
World,P_EGS_R4,2038,6597.48,,MEUR/GW,"EGS_LCOE_model.xlsx (Central scenario, ATB 2024) [USD->EUR 0.92]",2026-06-04,Konstantin Loffler <kl@wip.tu-berlin.de>
World,P_EGS_R4,2039,6564.5,,MEUR/GW,"EGS_LCOE_model.xlsx (Central scenario, ATB 2024) [USD->EUR 0.92]",2026-06-04,Konstantin Loffler <kl@wip.tu-berlin.de>
World,P_EGS_R4,2040,6531.67,,MEUR/GW,"EGS_LCOE_model.xlsx (Central scenario, ATB 2024) [USD->EUR 0.92]",2026-06-04,Konstantin Loffler <kl@wip.tu-berlin.de>
World,P_Gas_Steam,All,1100,,MEUR/GW,placeholder - no new gas steam builds expected; capacity capped at residual fleet,2026-06-12,Konstantin Loffler <kl@wip.tu-berlin.de>
