Region,Technology,Fuel,Mode_of_operation,Year,Value,Unnamed: 6,Unit,Source,Updated at,Updated by
World,CHP_Biomass_Solid,Biomass,1,2018,2.5,,PJ,IEA Energy Technology Essentials (2007): Biomass for power generation and chp (power mode only) + learning rate from chp mode,07.08.2024,Nikita Moskalenko <nim@wip.tu-berlin.de>
World,CHP_Biomass_Solid,Biomass,1,2020,2.4971,,PJ,IEA Energy Technology Essentials (2007): Biomass for power generation and chp (power mode only) + learning rate from chp mode,07.08.2024,Nikita Moskalenko <nim@wip.tu-berlin.de>
World,CHP_Biomass_Solid,Biomass,1,2025,2.4899,,PJ,IEA Energy Technology Essentials (2007): Biomass for power generation and chp (power mode only) + learning rate from chp mode,07.08.2024,Nikita Moskalenko <nim@wip.tu-berlin.de>
World,CHP_Biomass_Solid,Biomass,1,2030,2.4828,,PJ,IEA Energy Technology Essentials (2007): Biomass for power generation and chp (power mode only) + learning rate from chp mode,07.08.2024,Nikita Moskalenko <nim@wip.tu-berlin.de>
World,CHP_Biomass_Solid,Biomass,1,2035,2.4775,,PJ,IEA Energy Technology Essentials (2007): Biomass for power generation and chp (power mode only) + learning rate from chp mode,07.08.2024,Nikita Moskalenko <nim@wip.tu-berlin.de>
World,CHP_Biomass_Solid,Biomass,1,2040,2.4722,,PJ,IEA Energy Technology Essentials (2007): Biomass for power generation and chp (power mode only) + learning rate from chp mode,07.08.2024,Nikita Moskalenko <nim@wip.tu-berlin.de>
World,CHP_Biomass_Solid,Biomass,1,2045,2.4669,,PJ,IEA Energy Technology Essentials (2007): Biomass for power generation and chp (power mode only) + learning rate from chp mode,07.08.2024,Nikita Moskalenko <nim@wip.tu-berlin.de>
World,CHP_Biomass_Solid,Biomass,1,2050,2.4616,,PJ,IEA Energy Technology Essentials (2007): Biomass for power generation and chp (power mode only) + learning rate from chp mode,07.08.2024,Nikita Moskalenko <nim@wip.tu-berlin.de>
World,CHP_Biomass_Solid,Biomass,1,2055,2.4616,,PJ,same as 2050 for now,29.01.2025,Nikita Moskalenko <nim@wip.tu-berlin.de>
World,CHP_Biomass_Solid,Biomass,1,2060,2.4616,,PJ,same as 2050 for now,29.01.2025,Nikita Moskalenko <nim@wip.tu-berlin.de>
World,CHP_Biomass_Solid,Biomass,2,2018,3.4622,,PJ,Energy Agency Denmark (2024): Biomass CHP average,07.08.2024,Nikita Moskalenko <nim@wip.tu-berlin.de>
World,CHP_Biomass_Solid,Biomass,2,2020,3.4582,,PJ,Energy Agency Denmark (2024): Biomass CHP average,07.08.2024,Nikita Moskalenko <nim@wip.tu-berlin.de>
World,CHP_Biomass_Solid,Biomass,2,2025,3.4483,,PJ,Energy Agency Denmark (2024): Biomass CHP average,07.08.2024,Nikita Moskalenko <nim@wip.tu-berlin.de>
World,CHP_Biomass_Solid,Biomass,2,2030,3.4384,,PJ,Energy Agency Denmark (2024): Biomass CHP average,07.08.2024,Nikita Moskalenko <nim@wip.tu-berlin.de>
World,CHP_Biomass_Solid,Biomass,2,2035,3.431,,PJ,Energy Agency Denmark (2024): Biomass CHP average,07.08.2024,Nikita Moskalenko <nim@wip.tu-berlin.de>
World,CHP_Biomass_Solid,Biomass,2,2040,3.4237,,PJ,Energy Agency Denmark (2024): Biomass CHP average,07.08.2024,Nikita Moskalenko <nim@wip.tu-berlin.de>
World,CHP_Biomass_Solid,Biomass,2,2045,3.4164,,PJ,Energy Agency Denmark (2024): Biomass CHP average,07.08.2024,Nikita Moskalenko <nim@wip.tu-berlin.de>
World,CHP_Biomass_Solid,Biomass,2,2050,3.4091,,PJ,Energy Agency Denmark (2024): Biomass CHP average,07.08.2024,Nikita Moskalenko <nim@wip.tu-berlin.de>
World,CHP_Biomass_Solid,Biomass,2,2055,3.4091,,PJ,same as 2050 for now,29.01.2025,Nikita Moskalenko <nim@wip.tu-berlin.de>
World,CHP_Biomass_Solid,Biomass,2,2060,3.4091,,PJ,same as 2050 for now,29.01.2025,Nikita Moskalenko <nim@wip.tu-berlin.de>
World,CHP_Biomass_Solid,Biomass,3,2018,1.8182,,PJ,Energy Agency Denmark (2024): Biomass CHP average,07.08.2024,Nikita Moskalenko <nim@wip.tu-berlin.de>
World,CHP_Biomass_Solid,Biomass,3,2020,1.8182,,PJ,Energy Agency Denmark (2024): Biomass CHP average,07.08.2024,Nikita Moskalenko <nim@wip.tu-berlin.de>
World,CHP_Biomass_Solid,Biomass,3,2025,1.8182,,PJ,Energy Agency Denmark (2024): Biomass CHP average,07.08.2024,Nikita Moskalenko <nim@wip.tu-berlin.de>
World,CHP_Biomass_Solid,Biomass,3,2030,1.8182,,PJ,Energy Agency Denmark (2024): Biomass CHP average,07.08.2024,Nikita Moskalenko <nim@wip.tu-berlin.de>
World,CHP_Biomass_Solid,Biomass,3,2035,1.8182,,PJ,Energy Agency Denmark (2024): Biomass CHP average,07.08.2024,Nikita Moskalenko <nim@wip.tu-berlin.de>
World,CHP_Biomass_Solid,Biomass,3,2040,1.8182,,PJ,Energy Agency Denmark (2024): Biomass CHP average,07.08.2024,Nikita Moskalenko <nim@wip.tu-berlin.de>
World,CHP_Biomass_Solid,Biomass,3,2045,1.8182,,PJ,Energy Agency Denmark (2024): Biomass CHP average,07.08.2024,Nikita Moskalenko <nim@wip.tu-berlin.de>
World,CHP_Biomass_Solid,Biomass,3,2050,1.8182,,PJ,Energy Agency Denmark (2024): Biomass CHP average,07.08.2024,Nikita Moskalenko <nim@wip.tu-berlin.de>
World,CHP_Biomass_Solid,Biomass,3,2055,1.8182,,PJ,same as 2050 for now,29.01.2025,Nikita Moskalenko <nim@wip.tu-berlin.de>
World,CHP_Biomass_Solid,Biomass,3,2060,1.8182,,PJ,same as 2050 for now,29.01.2025,Nikita Moskalenko <nim@wip.tu-berlin.de>
World,CHP_Biomass_Solid_CCS,Biomass,1,2018,2.7778,,PJ,Energy Agency Denmark (2024): Generation efficiency decrease 10%,05.09.2024,Nikita Moskalenko <nim@wip.tu-berlin.de>
World,CHP_Biomass_Solid_CCS,Biomass,1,2020,2.7746,,PJ,Energy Agency Denmark (2024): Generation efficiency decrease 10%,05.09.2024,Nikita Moskalenko <nim@wip.tu-berlin.de>
World,CHP_Biomass_Solid_CCS,Biomass,1,2025,2.7666,,PJ,Energy Agency Denmark (2024): Generation efficiency decrease 10%,05.09.2024,Nikita Moskalenko <nim@wip.tu-berlin.de>
World,CHP_Biomass_Solid_CCS,Biomass,1,2030,2.7587,,PJ,Energy Agency Denmark (2024): Generation efficiency decrease 10%,05.09.2024,Nikita Moskalenko <nim@wip.tu-berlin.de>
World,CHP_Biomass_Solid_CCS,Biomass,1,2035,2.7528,,PJ,Energy Agency Denmark (2024): Generation efficiency decrease 10%,05.09.2024,Nikita Moskalenko <nim@wip.tu-berlin.de>
World,CHP_Biomass_Solid_CCS,Biomass,1,2040,2.7469,,PJ,Energy Agency Denmark (2024): Generation efficiency decrease 10%,05.09.2024,Nikita Moskalenko <nim@wip.tu-berlin.de>
World,CHP_Biomass_Solid_CCS,Biomass,1,2045,2.741,,PJ,Energy Agency Denmark (2024): Generation efficiency decrease 10%,05.09.2024,Nikita Moskalenko <nim@wip.tu-berlin.de>
World,CHP_Biomass_Solid_CCS,Biomass,1,2050,2.7352,,PJ,Energy Agency Denmark (2024): Generation efficiency decrease 10%,05.09.2024,Nikita Moskalenko <nim@wip.tu-berlin.de>
World,CHP_Biomass_Solid_CCS,Biomass,1,2055,2.7352,,PJ,same as 2050 for now,29.01.2025,Nikita Moskalenko <nim@wip.tu-berlin.de>
World,CHP_Biomass_Solid_CCS,Biomass,1,2060,2.7352,,PJ,same as 2050 for now,29.01.2025,Nikita Moskalenko <nim@wip.tu-berlin.de>
World,CHP_Biomass_Solid_CCS,Biomass,2,2018,3.8469,,PJ,Energy Agency Denmark (2024): Generation efficiency decrease 10%,05.09.2024,Nikita Moskalenko <nim@wip.tu-berlin.de>
World,CHP_Biomass_Solid_CCS,Biomass,2,2020,3.8425,,PJ,Energy Agency Denmark (2024): Generation efficiency decrease 10%,05.09.2024,Nikita Moskalenko <nim@wip.tu-berlin.de>
World,CHP_Biomass_Solid_CCS,Biomass,2,2025,3.8314,,PJ,Energy Agency Denmark (2024): Generation efficiency decrease 10%,05.09.2024,Nikita Moskalenko <nim@wip.tu-berlin.de>
World,CHP_Biomass_Solid_CCS,Biomass,2,2030,3.8204,,PJ,Energy Agency Denmark (2024): Generation efficiency decrease 10%,05.09.2024,Nikita Moskalenko <nim@wip.tu-berlin.de>
World,CHP_Biomass_Solid_CCS,Biomass,2,2035,3.8122,,PJ,Energy Agency Denmark (2024): Generation efficiency decrease 10%,05.09.2024,Nikita Moskalenko <nim@wip.tu-berlin.de>
World,CHP_Biomass_Solid_CCS,Biomass,2,2040,3.8041,,PJ,Energy Agency Denmark (2024): Generation efficiency decrease 10%,05.09.2024,Nikita Moskalenko <nim@wip.tu-berlin.de>
World,CHP_Biomass_Solid_CCS,Biomass,2,2045,3.796,,PJ,Energy Agency Denmark (2024): Generation efficiency decrease 10%,05.09.2024,Nikita Moskalenko <nim@wip.tu-berlin.de>
World,CHP_Biomass_Solid_CCS,Biomass,2,2050,3.7879,,PJ,Energy Agency Denmark (2024): Generation efficiency decrease 10%,05.09.2024,Nikita Moskalenko <nim@wip.tu-berlin.de>
World,CHP_Biomass_Solid_CCS,Biomass,2,2055,3.7879,,PJ,same as 2050 for now,29.01.2025,Nikita Moskalenko <nim@wip.tu-berlin.de>
World,CHP_Biomass_Solid_CCS,Biomass,2,2060,3.7879,,PJ,same as 2050 for now,29.01.2025,Nikita Moskalenko <nim@wip.tu-berlin.de>
World,CHP_Biomass_Solid_CCS,Biomass,3,2018,1.8182,,PJ,Energy Agency Denmark (2024): Generation efficiency decrease 10%,05.09.2024,Nikita Moskalenko <nim@wip.tu-berlin.de>
World,CHP_Biomass_Solid_CCS,Biomass,3,2020,1.8182,,PJ,Energy Agency Denmark (2024): Generation efficiency decrease 10%,05.09.2024,Nikita Moskalenko <nim@wip.tu-berlin.de>
World,CHP_Biomass_Solid_CCS,Biomass,3,2025,1.8182,,PJ,Energy Agency Denmark (2024): Generation efficiency decrease 10%,05.09.2024,Nikita Moskalenko <nim@wip.tu-berlin.de>
World,CHP_Biomass_Solid_CCS,Biomass,3,2030,1.8182,,PJ,Energy Agency Denmark (2024): Generation efficiency decrease 10%,05.09.2024,Nikita Moskalenko <nim@wip.tu-berlin.de>
World,CHP_Biomass_Solid_CCS,Biomass,3,2035,1.8182,,PJ,Energy Agency Denmark (2024): Generation efficiency decrease 10%,05.09.2024,Nikita Moskalenko <nim@wip.tu-berlin.de>
World,CHP_Biomass_Solid_CCS,Biomass,3,2040,1.8182,,PJ,Energy Agency Denmark (2024): Generation efficiency decrease 10%,05.09.2024,Nikita Moskalenko <nim@wip.tu-berlin.de>
World,CHP_Biomass_Solid_CCS,Biomass,3,2045,1.8182,,PJ,Energy Agency Denmark (2024): Generation efficiency decrease 10%,05.09.2024,Nikita Moskalenko <nim@wip.tu-berlin.de>
World,CHP_Biomass_Solid_CCS,Biomass,3,2050,1.8182,,PJ,Energy Agency Denmark (2024): Generation efficiency decrease 10%,05.09.2024,Nikita Moskalenko <nim@wip.tu-berlin.de>
World,CHP_Biomass_Solid_CCS,Biomass,3,2055,1.8182,,PJ,same as 2050 for now,29.01.2025,Nikita Moskalenko <nim@wip.tu-berlin.de>
World,CHP_Biomass_Solid_CCS,Biomass,3,2060,1.8182,,PJ,same as 2050 for now,29.01.2025,Nikita Moskalenko <nim@wip.tu-berlin.de>
World,CHP_Coal_Hardcoal,Hardcoal,1,2018,2.0921,,PJ,Energy Agency Denmark (2024): CHP Coal,27.08.2024,Nikita Moskalenko <nim@wip.tu-berlin.de>
World,CHP_Coal_Hardcoal,Hardcoal,1,2020,2.0408,,PJ,Energy Agency Denmark (2024): CHP Coal,27.08.2024,Nikita Moskalenko <nim@wip.tu-berlin.de>
World,CHP_Coal_Hardcoal,Hardcoal,1,2025,1.9802,,PJ,Energy Agency Denmark (2024): CHP Coal,27.08.2024,Nikita Moskalenko <nim@wip.tu-berlin.de>
World,CHP_Coal_Hardcoal,Hardcoal,1,2030,1.9231,,PJ,Energy Agency Denmark (2024): CHP Coal,27.08.2024,Nikita Moskalenko <nim@wip.tu-berlin.de>
World,CHP_Coal_Hardcoal,Hardcoal,1,2035,1.9048,,PJ,Energy Agency Denmark (2024): CHP Coal,27.08.2024,Nikita Moskalenko <nim@wip.tu-berlin.de>
World,CHP_Coal_Hardcoal,Hardcoal,1,2040,1.8868,,PJ,Energy Agency Denmark (2024): CHP Coal,27.08.2024,Nikita Moskalenko <nim@wip.tu-berlin.de>
World,CHP_Coal_Hardcoal,Hardcoal,1,2045,1.8692,,PJ,Energy Agency Denmark (2024): CHP Coal,27.08.2024,Nikita Moskalenko <nim@wip.tu-berlin.de>
World,CHP_Coal_Hardcoal,Hardcoal,1,2050,1.8519,,PJ,Energy Agency Denmark (2024): CHP Coal,27.08.2024,Nikita Moskalenko <nim@wip.tu-berlin.de>
World,CHP_Coal_Hardcoal,Hardcoal,1,2055,1.8519,,PJ,same as 2050 for now,29.01.2025,Nikita Moskalenko <nim@wip.tu-berlin.de>
World,CHP_Coal_Hardcoal,Hardcoal,1,2060,1.8519,,PJ,same as 2050 for now,29.01.2025,Nikita Moskalenko <nim@wip.tu-berlin.de>
World,CHP_Coal_Hardcoal,Hardcoal,2,2018,2.4824,,PJ,Energy Agency Denmark (2024): CHP Coal (Calculation through elec. Efficiency/cb/cv: see assumption.txt),27.08.2024,Nikita Moskalenko <nim@wip.tu-berlin.de>
World,CHP_Coal_Hardcoal,Hardcoal,2,2020,2.4052,,PJ,Energy Agency Denmark (2024): CHP Coal (Calculation through elec. Efficiency/cb/cv: see assumption.txt),27.08.2024,Nikita Moskalenko <nim@wip.tu-berlin.de>
World,CHP_Coal_Hardcoal,Hardcoal,2,2025,2.3013,,PJ,Energy Agency Denmark (2024): CHP Coal (Calculation through elec. Efficiency/cb/cv: see assumption.txt),27.08.2024,Nikita Moskalenko <nim@wip.tu-berlin.de>
World,CHP_Coal_Hardcoal,Hardcoal,2,2030,2.2087,,PJ,Energy Agency Denmark (2024): CHP Coal (Calculation through elec. Efficiency/cb/cv: see assumption.txt),27.08.2024,Nikita Moskalenko <nim@wip.tu-berlin.de>
World,CHP_Coal_Hardcoal,Hardcoal,2,2035,2.1876,,PJ,Energy Agency Denmark (2024): CHP Coal (Calculation through elec. Efficiency/cb/cv: see assumption.txt),27.08.2024,Nikita Moskalenko <nim@wip.tu-berlin.de>
World,CHP_Coal_Hardcoal,Hardcoal,2,2040,2.167,,PJ,Energy Agency Denmark (2024): CHP Coal (Calculation through elec. Efficiency/cb/cv: see assumption.txt),27.08.2024,Nikita Moskalenko <nim@wip.tu-berlin.de>
World,CHP_Coal_Hardcoal,Hardcoal,2,2045,2.1468,,PJ,Energy Agency Denmark (2024): CHP Coal (Calculation through elec. Efficiency/cb/cv: see assumption.txt),27.08.2024,Nikita Moskalenko <nim@wip.tu-berlin.de>
World,CHP_Coal_Hardcoal,Hardcoal,2,2050,2.1269,,PJ,Energy Agency Denmark (2024): CHP Coal (Calculation through elec. Efficiency/cb/cv: see assumption.txt),27.08.2024,Nikita Moskalenko <nim@wip.tu-berlin.de>
World,CHP_Coal_Hardcoal,Hardcoal,2,2055,2.1269,,PJ,same as 2050 for now,29.01.2025,Nikita Moskalenko <nim@wip.tu-berlin.de>
World,CHP_Coal_Hardcoal,Hardcoal,2,2060,2.1269,,PJ,same as 2050 for now,29.01.2025,Nikita Moskalenko <nim@wip.tu-berlin.de>
World,CHP_Coal_Hardcoal,Hardcoal,3,2018,1.8182,,PJ,Energy Agency Denmark (2024): CHP Coal (Calculation through elec. Efficiency/cb/cv: see assumption.txt),27.08.2024,Nikita Moskalenko <nim@wip.tu-berlin.de>
World,CHP_Coal_Hardcoal,Hardcoal,3,2020,1.8182,,PJ,Energy Agency Denmark (2024): CHP Coal (Calculation through elec. Efficiency/cb/cv: see assumption.txt),27.08.2024,Nikita Moskalenko <nim@wip.tu-berlin.de>
World,CHP_Coal_Hardcoal,Hardcoal,3,2025,1.8182,,PJ,Energy Agency Denmark (2024): CHP Coal (Calculation through elec. Efficiency/cb/cv: see assumption.txt),27.08.2024,Nikita Moskalenko <nim@wip.tu-berlin.de>
World,CHP_Coal_Hardcoal,Hardcoal,3,2030,1.8182,,PJ,Energy Agency Denmark (2024): CHP Coal (Calculation through elec. Efficiency/cb/cv: see assumption.txt),27.08.2024,Nikita Moskalenko <nim@wip.tu-berlin.de>
World,CHP_Coal_Hardcoal,Hardcoal,3,2035,1.8182,,PJ,Energy Agency Denmark (2024): CHP Coal (Calculation through elec. Efficiency/cb/cv: see assumption.txt),27.08.2024,Nikita Moskalenko <nim@wip.tu-berlin.de>
World,CHP_Coal_Hardcoal,Hardcoal,3,2040,1.8182,,PJ,Energy Agency Denmark (2024): CHP Coal (Calculation through elec. Efficiency/cb/cv: see assumption.txt),27.08.2024,Nikita Moskalenko <nim@wip.tu-berlin.de>
World,CHP_Coal_Hardcoal,Hardcoal,3,2045,1.8182,,PJ,Energy Agency Denmark (2024): CHP Coal (Calculation through elec. Efficiency/cb/cv: see assumption.txt),27.08.2024,Nikita Moskalenko <nim@wip.tu-berlin.de>
World,CHP_Coal_Hardcoal,Hardcoal,3,2050,1.8182,,PJ,Energy Agency Denmark (2024): CHP Coal (Calculation through elec. Efficiency/cb/cv: see assumption.txt),27.08.2024,Nikita Moskalenko <nim@wip.tu-berlin.de>
World,CHP_Coal_Hardcoal,Hardcoal,3,2055,1.8182,,PJ,same as 2050 for now,29.01.2025,Nikita Moskalenko <nim@wip.tu-berlin.de>
World,CHP_Coal_Hardcoal,Hardcoal,3,2060,1.8182,,PJ,same as 2050 for now,29.01.2025,Nikita Moskalenko <nim@wip.tu-berlin.de>
World,CHP_Coal_Hardcoal_CCS,Hardcoal,1,2018,2.3245,,PJ,Energy Agency Denmark (2024): Generation efficiency decrease 10%,05.09.2024,Nikita Moskalenko <nim@wip.tu-berlin.de>
World,CHP_Coal_Hardcoal_CCS,Hardcoal,1,2020,2.2676,,PJ,Energy Agency Denmark (2024): Generation efficiency decrease 10%,05.09.2024,Nikita Moskalenko <nim@wip.tu-berlin.de>
World,CHP_Coal_Hardcoal_CCS,Hardcoal,1,2025,2.2002,,PJ,Energy Agency Denmark (2024): Generation efficiency decrease 10%,05.09.2024,Nikita Moskalenko <nim@wip.tu-berlin.de>
World,CHP_Coal_Hardcoal_CCS,Hardcoal,1,2030,2.1368,,PJ,Energy Agency Denmark (2024): Generation efficiency decrease 10%,05.09.2024,Nikita Moskalenko <nim@wip.tu-berlin.de>
World,CHP_Coal_Hardcoal_CCS,Hardcoal,1,2035,2.1164,,PJ,Energy Agency Denmark (2024): Generation efficiency decrease 10%,05.09.2024,Nikita Moskalenko <nim@wip.tu-berlin.de>
World,CHP_Coal_Hardcoal_CCS,Hardcoal,1,2040,2.0964,,PJ,Energy Agency Denmark (2024): Generation efficiency decrease 10%,05.09.2024,Nikita Moskalenko <nim@wip.tu-berlin.de>
World,CHP_Coal_Hardcoal_CCS,Hardcoal,1,2045,2.0768,,PJ,Energy Agency Denmark (2024): Generation efficiency decrease 10%,05.09.2024,Nikita Moskalenko <nim@wip.tu-berlin.de>
World,CHP_Coal_Hardcoal_CCS,Hardcoal,1,2050,2.0576,,PJ,Energy Agency Denmark (2024): Generation efficiency decrease 10%,05.09.2024,Nikita Moskalenko <nim@wip.tu-berlin.de>
World,CHP_Coal_Hardcoal_CCS,Hardcoal,1,2055,2.0576,,PJ,same as 2050 for now,29.01.2025,Nikita Moskalenko <nim@wip.tu-berlin.de>
World,CHP_Coal_Hardcoal_CCS,Hardcoal,1,2060,2.0576,,PJ,same as 2050 for now,29.01.2025,Nikita Moskalenko <nim@wip.tu-berlin.de>
World,CHP_Coal_Hardcoal_CCS,Hardcoal,2,2018,2.7582,,PJ,Energy Agency Denmark (2024): Generation efficiency decrease 10%,05.09.2024,Nikita Moskalenko <nim@wip.tu-berlin.de>
World,CHP_Coal_Hardcoal_CCS,Hardcoal,2,2020,2.6725,,PJ,Energy Agency Denmark (2024): Generation efficiency decrease 10%,05.09.2024,Nikita Moskalenko <nim@wip.tu-berlin.de>
World,CHP_Coal_Hardcoal_CCS,Hardcoal,2,2025,2.557,,PJ,Energy Agency Denmark (2024): Generation efficiency decrease 10%,05.09.2024,Nikita Moskalenko <nim@wip.tu-berlin.de>
World,CHP_Coal_Hardcoal_CCS,Hardcoal,2,2030,2.4541,,PJ,Energy Agency Denmark (2024): Generation efficiency decrease 10%,05.09.2024,Nikita Moskalenko <nim@wip.tu-berlin.de>
World,CHP_Coal_Hardcoal_CCS,Hardcoal,2,2035,2.4307,,PJ,Energy Agency Denmark (2024): Generation efficiency decrease 10%,05.09.2024,Nikita Moskalenko <nim@wip.tu-berlin.de>
World,CHP_Coal_Hardcoal_CCS,Hardcoal,2,2040,2.4078,,PJ,Energy Agency Denmark (2024): Generation efficiency decrease 10%,05.09.2024,Nikita Moskalenko <nim@wip.tu-berlin.de>
World,CHP_Coal_Hardcoal_CCS,Hardcoal,2,2045,2.3853,,PJ,Energy Agency Denmark (2024): Generation efficiency decrease 10%,05.09.2024,Nikita Moskalenko <nim@wip.tu-berlin.de>
World,CHP_Coal_Hardcoal_CCS,Hardcoal,2,2050,2.3632,,PJ,Energy Agency Denmark (2024): Generation efficiency decrease 10%,05.09.2024,Nikita Moskalenko <nim@wip.tu-berlin.de>
World,CHP_Coal_Hardcoal_CCS,Hardcoal,2,2055,2.3632,,PJ,same as 2050 for now,29.01.2025,Nikita Moskalenko <nim@wip.tu-berlin.de>
World,CHP_Coal_Hardcoal_CCS,Hardcoal,2,2060,2.3632,,PJ,same as 2050 for now,29.01.2025,Nikita Moskalenko <nim@wip.tu-berlin.de>
World,CHP_Coal_Hardcoal_CCS,Hardcoal,3,2018,1.8182,,PJ,Energy Agency Denmark (2024): Generation efficiency decrease 10%,05.09.2024,Nikita Moskalenko <nim@wip.tu-berlin.de>
World,CHP_Coal_Hardcoal_CCS,Hardcoal,3,2020,1.8182,,PJ,Energy Agency Denmark (2024): Generation efficiency decrease 10%,05.09.2024,Nikita Moskalenko <nim@wip.tu-berlin.de>
World,CHP_Coal_Hardcoal_CCS,Hardcoal,3,2025,1.8182,,PJ,Energy Agency Denmark (2024): Generation efficiency decrease 10%,05.09.2024,Nikita Moskalenko <nim@wip.tu-berlin.de>
World,CHP_Coal_Hardcoal_CCS,Hardcoal,3,2030,1.8182,,PJ,Energy Agency Denmark (2024): Generation efficiency decrease 10%,05.09.2024,Nikita Moskalenko <nim@wip.tu-berlin.de>
World,CHP_Coal_Hardcoal_CCS,Hardcoal,3,2035,1.8182,,PJ,Energy Agency Denmark (2024): Generation efficiency decrease 10%,05.09.2024,Nikita Moskalenko <nim@wip.tu-berlin.de>
World,CHP_Coal_Hardcoal_CCS,Hardcoal,3,2040,1.8182,,PJ,Energy Agency Denmark (2024): Generation efficiency decrease 10%,05.09.2024,Nikita Moskalenko <nim@wip.tu-berlin.de>
World,CHP_Coal_Hardcoal_CCS,Hardcoal,3,2045,1.8182,,PJ,Energy Agency Denmark (2024): Generation efficiency decrease 10%,05.09.2024,Nikita Moskalenko <nim@wip.tu-berlin.de>
World,CHP_Coal_Hardcoal_CCS,Hardcoal,3,2050,1.8182,,PJ,Energy Agency Denmark (2024): Generation efficiency decrease 10%,05.09.2024,Nikita Moskalenko <nim@wip.tu-berlin.de>
World,CHP_Coal_Hardcoal_CCS,Hardcoal,3,2055,1.8182,,PJ,same as 2050 for now,29.01.2025,Nikita Moskalenko <nim@wip.tu-berlin.de>
World,CHP_Coal_Hardcoal_CCS,Hardcoal,3,2060,1.8182,,PJ,same as 2050 for now,29.01.2025,Nikita Moskalenko <nim@wip.tu-berlin.de>
World,CHP_Coal_Lignite,Lignite,1,2018,2.0921,,PJ,Energy Agency Denmark (2024): CHP Coal,27.08.2024,Nikita Moskalenko <nim@wip.tu-berlin.de>
World,CHP_Coal_Lignite,Lignite,1,2020,2.0408,,PJ,Energy Agency Denmark (2024): CHP Coal,27.08.2024,Nikita Moskalenko <nim@wip.tu-berlin.de>
World,CHP_Coal_Lignite,Lignite,1,2025,1.9802,,PJ,Energy Agency Denmark (2024): CHP Coal,27.08.2024,Nikita Moskalenko <nim@wip.tu-berlin.de>
World,CHP_Coal_Lignite,Lignite,1,2030,1.9231,,PJ,Energy Agency Denmark (2024): CHP Coal,27.08.2024,Nikita Moskalenko <nim@wip.tu-berlin.de>
World,CHP_Coal_Lignite,Lignite,1,2035,1.9048,,PJ,Energy Agency Denmark (2024): CHP Coal,27.08.2024,Nikita Moskalenko <nim@wip.tu-berlin.de>
World,CHP_Coal_Lignite,Lignite,1,2040,1.8868,,PJ,Energy Agency Denmark (2024): CHP Coal,27.08.2024,Nikita Moskalenko <nim@wip.tu-berlin.de>
World,CHP_Coal_Lignite,Lignite,1,2045,1.8692,,PJ,Energy Agency Denmark (2024): CHP Coal,27.08.2024,Nikita Moskalenko <nim@wip.tu-berlin.de>
World,CHP_Coal_Lignite,Lignite,1,2050,1.8519,,PJ,Energy Agency Denmark (2024): CHP Coal,27.08.2024,Nikita Moskalenko <nim@wip.tu-berlin.de>
World,CHP_Coal_Lignite,Lignite,1,2055,1.8519,,PJ,same as 2050 for now,29.01.2025,Nikita Moskalenko <nim@wip.tu-berlin.de>
World,CHP_Coal_Lignite,Lignite,1,2060,1.8519,,PJ,same as 2050 for now,29.01.2025,Nikita Moskalenko <nim@wip.tu-berlin.de>
World,CHP_Coal_Lignite,Lignite,2,2018,2.4824,,PJ,Energy Agency Denmark (2024): CHP Coal (Calculation through elec. Efficiency/cb/cv: see assumption.txt),27.08.2024,Nikita Moskalenko <nim@wip.tu-berlin.de>
World,CHP_Coal_Lignite,Lignite,2,2020,2.4052,,PJ,Energy Agency Denmark (2024): CHP Coal (Calculation through elec. Efficiency/cb/cv: see assumption.txt),27.08.2024,Nikita Moskalenko <nim@wip.tu-berlin.de>
World,CHP_Coal_Lignite,Lignite,2,2025,2.3013,,PJ,Energy Agency Denmark (2024): CHP Coal (Calculation through elec. Efficiency/cb/cv: see assumption.txt),27.08.2024,Nikita Moskalenko <nim@wip.tu-berlin.de>
World,CHP_Coal_Lignite,Lignite,2,2030,2.2087,,PJ,Energy Agency Denmark (2024): CHP Coal (Calculation through elec. Efficiency/cb/cv: see assumption.txt),27.08.2024,Nikita Moskalenko <nim@wip.tu-berlin.de>
World,CHP_Coal_Lignite,Lignite,2,2035,2.1876,,PJ,Energy Agency Denmark (2024): CHP Coal (Calculation through elec. Efficiency/cb/cv: see assumption.txt),27.08.2024,Nikita Moskalenko <nim@wip.tu-berlin.de>
World,CHP_Coal_Lignite,Lignite,2,2040,2.167,,PJ,Energy Agency Denmark (2024): CHP Coal (Calculation through elec. Efficiency/cb/cv: see assumption.txt),27.08.2024,Nikita Moskalenko <nim@wip.tu-berlin.de>
World,CHP_Coal_Lignite,Lignite,2,2045,2.1468,,PJ,Energy Agency Denmark (2024): CHP Coal (Calculation through elec. Efficiency/cb/cv: see assumption.txt),27.08.2024,Nikita Moskalenko <nim@wip.tu-berlin.de>
World,CHP_Coal_Lignite,Lignite,2,2050,2.1269,,PJ,Energy Agency Denmark (2024): CHP Coal (Calculation through elec. Efficiency/cb/cv: see assumption.txt),27.08.2024,Nikita Moskalenko <nim@wip.tu-berlin.de>
World,CHP_Coal_Lignite,Lignite,2,2055,2.1269,,PJ,same as 2050 for now,29.01.2025,Nikita Moskalenko <nim@wip.tu-berlin.de>
World,CHP_Coal_Lignite,Lignite,2,2060,2.1269,,PJ,same as 2050 for now,29.01.2025,Nikita Moskalenko <nim@wip.tu-berlin.de>
World,CHP_Coal_Lignite,Lignite,3,2018,1.8182,,PJ,Energy Agency Denmark (2024): CHP Coal (Calculation through elec. Efficiency/cb/cv: see assumption.txt),27.08.2024,Nikita Moskalenko <nim@wip.tu-berlin.de>
World,CHP_Coal_Lignite,Lignite,3,2020,1.8182,,PJ,Energy Agency Denmark (2024): CHP Coal (Calculation through elec. Efficiency/cb/cv: see assumption.txt),27.08.2024,Nikita Moskalenko <nim@wip.tu-berlin.de>
World,CHP_Coal_Lignite,Lignite,3,2025,1.8182,,PJ,Energy Agency Denmark (2024): CHP Coal (Calculation through elec. Efficiency/cb/cv: see assumption.txt),27.08.2024,Nikita Moskalenko <nim@wip.tu-berlin.de>
World,CHP_Coal_Lignite,Lignite,3,2030,1.8182,,PJ,Energy Agency Denmark (2024): CHP Coal (Calculation through elec. Efficiency/cb/cv: see assumption.txt),27.08.2024,Nikita Moskalenko <nim@wip.tu-berlin.de>
World,CHP_Coal_Lignite,Lignite,3,2035,1.8182,,PJ,Energy Agency Denmark (2024): CHP Coal (Calculation through elec. Efficiency/cb/cv: see assumption.txt),27.08.2024,Nikita Moskalenko <nim@wip.tu-berlin.de>
World,CHP_Coal_Lignite,Lignite,3,2040,1.8182,,PJ,Energy Agency Denmark (2024): CHP Coal (Calculation through elec. Efficiency/cb/cv: see assumption.txt),27.08.2024,Nikita Moskalenko <nim@wip.tu-berlin.de>
World,CHP_Coal_Lignite,Lignite,3,2045,1.8182,,PJ,Energy Agency Denmark (2024): CHP Coal (Calculation through elec. Efficiency/cb/cv: see assumption.txt),27.08.2024,Nikita Moskalenko <nim@wip.tu-berlin.de>
World,CHP_Coal_Lignite,Lignite,3,2050,1.8182,,PJ,Energy Agency Denmark (2024): CHP Coal (Calculation through elec. Efficiency/cb/cv: see assumption.txt),27.08.2024,Nikita Moskalenko <nim@wip.tu-berlin.de>
World,CHP_Coal_Lignite,Lignite,3,2055,1.8182,,PJ,same as 2050 for now,29.01.2025,Nikita Moskalenko <nim@wip.tu-berlin.de>
World,CHP_Coal_Lignite,Lignite,3,2060,1.8182,,PJ,same as 2050 for now,29.01.2025,Nikita Moskalenko <nim@wip.tu-berlin.de>
World,CHP_Coal_Lignite_CCS,Lignite,1,2018,2.3245,,PJ,Energy Agency Denmark (2024): Generation efficiency decrease 10%,05.09.2024,Nikita Moskalenko <nim@wip.tu-berlin.de>
World,CHP_Coal_Lignite_CCS,Lignite,1,2020,2.2676,,PJ,Energy Agency Denmark (2024): Generation efficiency decrease 10%,05.09.2024,Nikita Moskalenko <nim@wip.tu-berlin.de>
World,CHP_Coal_Lignite_CCS,Lignite,1,2025,2.2002,,PJ,Energy Agency Denmark (2024): Generation efficiency decrease 10%,05.09.2024,Nikita Moskalenko <nim@wip.tu-berlin.de>
World,CHP_Coal_Lignite_CCS,Lignite,1,2030,2.1368,,PJ,Energy Agency Denmark (2024): Generation efficiency decrease 10%,05.09.2024,Nikita Moskalenko <nim@wip.tu-berlin.de>
World,CHP_Coal_Lignite_CCS,Lignite,1,2035,2.1164,,PJ,Energy Agency Denmark (2024): Generation efficiency decrease 10%,05.09.2024,Nikita Moskalenko <nim@wip.tu-berlin.de>
World,CHP_Coal_Lignite_CCS,Lignite,1,2040,2.0964,,PJ,Energy Agency Denmark (2024): Generation efficiency decrease 10%,05.09.2024,Nikita Moskalenko <nim@wip.tu-berlin.de>
World,CHP_Coal_Lignite_CCS,Lignite,1,2045,2.0768,,PJ,Energy Agency Denmark (2024): Generation efficiency decrease 10%,05.09.2024,Nikita Moskalenko <nim@wip.tu-berlin.de>
World,CHP_Coal_Lignite_CCS,Lignite,1,2050,2.0576,,PJ,Energy Agency Denmark (2024): Generation efficiency decrease 10%,05.09.2024,Nikita Moskalenko <nim@wip.tu-berlin.de>
World,CHP_Coal_Lignite_CCS,Lignite,1,2055,2.0576,,PJ,same as 2050 for now,29.01.2025,Nikita Moskalenko <nim@wip.tu-berlin.de>
World,CHP_Coal_Lignite_CCS,Lignite,1,2060,2.0576,,PJ,same as 2050 for now,29.01.2025,Nikita Moskalenko <nim@wip.tu-berlin.de>
World,CHP_Coal_Lignite_CCS,Lignite,2,2018,2.7582,,PJ,Energy Agency Denmark (2024): Generation efficiency decrease 10%,05.09.2024,Nikita Moskalenko <nim@wip.tu-berlin.de>
World,CHP_Coal_Lignite_CCS,Lignite,2,2020,2.6725,,PJ,Energy Agency Denmark (2024): Generation efficiency decrease 10%,05.09.2024,Nikita Moskalenko <nim@wip.tu-berlin.de>
World,CHP_Coal_Lignite_CCS,Lignite,2,2025,2.557,,PJ,Energy Agency Denmark (2024): Generation efficiency decrease 10%,05.09.2024,Nikita Moskalenko <nim@wip.tu-berlin.de>
World,CHP_Coal_Lignite_CCS,Lignite,2,2030,2.4541,,PJ,Energy Agency Denmark (2024): Generation efficiency decrease 10%,05.09.2024,Nikita Moskalenko <nim@wip.tu-berlin.de>
World,CHP_Coal_Lignite_CCS,Lignite,2,2035,2.4307,,PJ,Energy Agency Denmark (2024): Generation efficiency decrease 10%,05.09.2024,Nikita Moskalenko <nim@wip.tu-berlin.de>
World,CHP_Coal_Lignite_CCS,Lignite,2,2040,2.4078,,PJ,Energy Agency Denmark (2024): Generation efficiency decrease 10%,05.09.2024,Nikita Moskalenko <nim@wip.tu-berlin.de>
World,CHP_Coal_Lignite_CCS,Lignite,2,2045,2.3853,,PJ,Energy Agency Denmark (2024): Generation efficiency decrease 10%,05.09.2024,Nikita Moskalenko <nim@wip.tu-berlin.de>
World,CHP_Coal_Lignite_CCS,Lignite,2,2050,2.3632,,PJ,Energy Agency Denmark (2024): Generation efficiency decrease 10%,05.09.2024,Nikita Moskalenko <nim@wip.tu-berlin.de>
World,CHP_Coal_Lignite_CCS,Lignite,2,2055,2.3632,,PJ,same as 2050 for now,29.01.2025,Nikita Moskalenko <nim@wip.tu-berlin.de>
World,CHP_Coal_Lignite_CCS,Lignite,2,2060,2.3632,,PJ,same as 2050 for now,29.01.2025,Nikita Moskalenko <nim@wip.tu-berlin.de>
World,CHP_Coal_Lignite_CCS,Lignite,3,2018,1.8182,,PJ,Energy Agency Denmark (2024): Generation efficiency decrease 10%,05.09.2024,Nikita Moskalenko <nim@wip.tu-berlin.de>
World,CHP_Coal_Lignite_CCS,Lignite,3,2020,1.8182,,PJ,Energy Agency Denmark (2024): Generation efficiency decrease 10%,05.09.2024,Nikita Moskalenko <nim@wip.tu-berlin.de>
World,CHP_Coal_Lignite_CCS,Lignite,3,2025,1.8182,,PJ,Energy Agency Denmark (2024): Generation efficiency decrease 10%,05.09.2024,Nikita Moskalenko <nim@wip.tu-berlin.de>
World,CHP_Coal_Lignite_CCS,Lignite,3,2030,1.8182,,PJ,Energy Agency Denmark (2024): Generation efficiency decrease 10%,05.09.2024,Nikita Moskalenko <nim@wip.tu-berlin.de>
World,CHP_Coal_Lignite_CCS,Lignite,3,2035,1.8182,,PJ,Energy Agency Denmark (2024): Generation efficiency decrease 10%,05.09.2024,Nikita Moskalenko <nim@wip.tu-berlin.de>
World,CHP_Coal_Lignite_CCS,Lignite,3,2040,1.8182,,PJ,Energy Agency Denmark (2024): Generation efficiency decrease 10%,05.09.2024,Nikita Moskalenko <nim@wip.tu-berlin.de>
World,CHP_Coal_Lignite_CCS,Lignite,3,2045,1.8182,,PJ,Energy Agency Denmark (2024): Generation efficiency decrease 10%,05.09.2024,Nikita Moskalenko <nim@wip.tu-berlin.de>
World,CHP_Coal_Lignite_CCS,Lignite,3,2050,1.8182,,PJ,Energy Agency Denmark (2024): Generation efficiency decrease 10%,05.09.2024,Nikita Moskalenko <nim@wip.tu-berlin.de>
World,CHP_Coal_Lignite_CCS,Lignite,3,2055,1.8182,,PJ,same as 2050 for now,29.01.2025,Nikita Moskalenko <nim@wip.tu-berlin.de>
World,CHP_Coal_Lignite_CCS,Lignite,3,2060,1.8182,,PJ,same as 2050 for now,29.01.2025,Nikita Moskalenko <nim@wip.tu-berlin.de>
World,CHP_Gas_CCGT_Biogas,Gas_Bio,1,2018,2.1552,,PJ,Yin et al. 2021: Comparative analysis of different CHP systems… (https://doi.org/10.1016/j.energy.2021.121028) + development of DEA Gas turb. CC steam extract,22.01.2025,Nikita Moskalenko <nim@wip.tu-berlin.de>
World,CHP_Gas_CCGT_Biogas,Gas_Bio,1,2020,2.1406,,PJ,Yin et al. 2021: Comparative analysis of different CHP systems… (https://doi.org/10.1016/j.energy.2021.121028) + development of DEA Gas turb. CC steam extract,22.01.2025,Nikita Moskalenko <nim@wip.tu-berlin.de>
World,CHP_Gas_CCGT_Biogas,Gas_Bio,1,2025,2.1049,,PJ,Yin et al. 2021: Comparative analysis of different CHP systems… (https://doi.org/10.1016/j.energy.2021.121028) + development of DEA Gas turb. CC steam extract,22.01.2025,Nikita Moskalenko <nim@wip.tu-berlin.de>
World,CHP_Gas_CCGT_Biogas,Gas_Bio,1,2030,2.0704,,PJ,Yin et al. 2021: Comparative analysis of different CHP systems… (https://doi.org/10.1016/j.energy.2021.121028) + development of DEA Gas turb. CC steam extract,22.01.2025,Nikita Moskalenko <nim@wip.tu-berlin.de>
World,CHP_Gas_CCGT_Biogas,Gas_Bio,1,2035,2.0535,,PJ,Yin et al. 2021: Comparative analysis of different CHP systems… (https://doi.org/10.1016/j.energy.2021.121028) + development of DEA Gas turb. CC steam extract,22.01.2025,Nikita Moskalenko <nim@wip.tu-berlin.de>
World,CHP_Gas_CCGT_Biogas,Gas_Bio,1,2040,2.037,,PJ,Yin et al. 2021: Comparative analysis of different CHP systems… (https://doi.org/10.1016/j.energy.2021.121028) + development of DEA Gas turb. CC steam extract,22.01.2025,Nikita Moskalenko <nim@wip.tu-berlin.de>
World,CHP_Gas_CCGT_Biogas,Gas_Bio,1,2045,2.0207,,PJ,Yin et al. 2021: Comparative analysis of different CHP systems… (https://doi.org/10.1016/j.energy.2021.121028) + development of DEA Gas turb. CC steam extract,22.01.2025,Nikita Moskalenko <nim@wip.tu-berlin.de>
World,CHP_Gas_CCGT_Biogas,Gas_Bio,1,2050,2.0047,,PJ,Yin et al. 2021: Comparative analysis of different CHP systems… (https://doi.org/10.1016/j.energy.2021.121028) + development of DEA Gas turb. CC steam extract,22.01.2025,Nikita Moskalenko <nim@wip.tu-berlin.de>
World,CHP_Gas_CCGT_Biogas,Gas_Bio,1,2055,2.0047,,PJ,same as 2050 for now,29.01.2025,Nikita Moskalenko <nim@wip.tu-berlin.de>
World,CHP_Gas_CCGT_Biogas,Gas_Bio,1,2060,2.0047,,PJ,same as 2050 for now,29.01.2025,Nikita Moskalenko <nim@wip.tu-berlin.de>
World,CHP_Gas_CCGT_Biogas,Gas_Bio,2,2018,2.3453,,PJ,Energy Agency Denmark (2024): Gas turb. CC steam extract (Calculation through elec. Efficiency/cb/cv: see assumption.txt),22.01.2025,Nikita Moskalenko <nim@wip.tu-berlin.de>
World,CHP_Gas_CCGT_Biogas,Gas_Bio,2,2020,2.3247,,PJ,Energy Agency Denmark (2024): Gas turb. CC steam extract (Calculation through elec. Efficiency/cb/cv: see assumption.txt),22.01.2025,Nikita Moskalenko <nim@wip.tu-berlin.de>
World,CHP_Gas_CCGT_Biogas,Gas_Bio,2,2025,2.2733,,PJ,Energy Agency Denmark (2024): Gas turb. CC steam extract (Calculation through elec. Efficiency/cb/cv: see assumption.txt),22.01.2025,Nikita Moskalenko <nim@wip.tu-berlin.de>
World,CHP_Gas_CCGT_Biogas,Gas_Bio,2,2030,2.2257,,PJ,Energy Agency Denmark (2024): Gas turb. CC steam extract (Calculation through elec. Efficiency/cb/cv: see assumption.txt),22.01.2025,Nikita Moskalenko <nim@wip.tu-berlin.de>
World,CHP_Gas_CCGT_Biogas,Gas_Bio,2,2035,2.2038,,PJ,Energy Agency Denmark (2024): Gas turb. CC steam extract (Calculation through elec. Efficiency/cb/cv: see assumption.txt),22.01.2025,Nikita Moskalenko <nim@wip.tu-berlin.de>
World,CHP_Gas_CCGT_Biogas,Gas_Bio,2,2040,2.1825,,PJ,Energy Agency Denmark (2024): Gas turb. CC steam extract (Calculation through elec. Efficiency/cb/cv: see assumption.txt),22.01.2025,Nikita Moskalenko <nim@wip.tu-berlin.de>
World,CHP_Gas_CCGT_Biogas,Gas_Bio,2,2045,2.1617,,PJ,Energy Agency Denmark (2024): Gas turb. CC steam extract (Calculation through elec. Efficiency/cb/cv: see assumption.txt),22.01.2025,Nikita Moskalenko <nim@wip.tu-berlin.de>
World,CHP_Gas_CCGT_Biogas,Gas_Bio,2,2050,2.1413,,PJ,Energy Agency Denmark (2024): Gas turb. CC steam extract (Calculation through elec. Efficiency/cb/cv: see assumption.txt),22.01.2025,Nikita Moskalenko <nim@wip.tu-berlin.de>
World,CHP_Gas_CCGT_Biogas,Gas_Bio,2,2055,2.1413,,PJ,same as 2050 for now,29.01.2025,Nikita Moskalenko <nim@wip.tu-berlin.de>
World,CHP_Gas_CCGT_Biogas,Gas_Bio,2,2060,2.1413,,PJ,same as 2050 for now,29.01.2025,Nikita Moskalenko <nim@wip.tu-berlin.de>
World,CHP_Gas_CCGT_Biogas,Gas_Bio,3,2018,2.1552,,PJ,assumed to be same as Mode of operation 1,22.01.2025,Nikita Moskalenko <nim@wip.tu-berlin.de>
World,CHP_Gas_CCGT_Biogas,Gas_Bio,3,2020,2.1406,,PJ,assumed to be same as Mode of operation 1,22.01.2025,Nikita Moskalenko <nim@wip.tu-berlin.de>
World,CHP_Gas_CCGT_Biogas,Gas_Bio,3,2025,2.1049,,PJ,assumed to be same as Mode of operation 1,22.01.2025,Nikita Moskalenko <nim@wip.tu-berlin.de>
World,CHP_Gas_CCGT_Biogas,Gas_Bio,3,2030,2.0704,,PJ,assumed to be same as Mode of operation 1,22.01.2025,Nikita Moskalenko <nim@wip.tu-berlin.de>
World,CHP_Gas_CCGT_Biogas,Gas_Bio,3,2035,2.0535,,PJ,assumed to be same as Mode of operation 1,22.01.2025,Nikita Moskalenko <nim@wip.tu-berlin.de>
World,CHP_Gas_CCGT_Biogas,Gas_Bio,3,2040,2.037,,PJ,assumed to be same as Mode of operation 1,22.01.2025,Nikita Moskalenko <nim@wip.tu-berlin.de>
World,CHP_Gas_CCGT_Biogas,Gas_Bio,3,2045,2.0207,,PJ,assumed to be same as Mode of operation 1,22.01.2025,Nikita Moskalenko <nim@wip.tu-berlin.de>
World,CHP_Gas_CCGT_Biogas,Gas_Bio,3,2050,2.0047,,PJ,assumed to be same as Mode of operation 1,22.01.2025,Nikita Moskalenko <nim@wip.tu-berlin.de>
World,CHP_Gas_CCGT_Biogas,Gas_Bio,3,2055,2.0047,,PJ,same as 2050 for now,29.01.2025,Nikita Moskalenko <nim@wip.tu-berlin.de>
World,CHP_Gas_CCGT_Biogas,Gas_Bio,3,2060,2.0047,,PJ,same as 2050 for now,29.01.2025,Nikita Moskalenko <nim@wip.tu-berlin.de>
World,CHP_Gas_CCGT_Biogas_CCS,Gas_Bio,1,2018,2.7473,,PJ,Energy Agency Denmark (2024): Generation efficiency decrease 10%,22.01.2025,Nikita Moskalenko <nim@wip.tu-berlin.de>
World,CHP_Gas_CCGT_Biogas_CCS,Gas_Bio,1,2020,2.7236,,PJ,Energy Agency Denmark (2024): Generation efficiency decrease 10%,22.01.2025,Nikita Moskalenko <nim@wip.tu-berlin.de>
World,CHP_Gas_CCGT_Biogas_CCS,Gas_Bio,1,2025,2.6661,,PJ,Energy Agency Denmark (2024): Generation efficiency decrease 10%,22.01.2025,Nikita Moskalenko <nim@wip.tu-berlin.de>
World,CHP_Gas_CCGT_Biogas_CCS,Gas_Bio,1,2030,2.6109,,PJ,Energy Agency Denmark (2024): Generation efficiency decrease 10%,22.01.2025,Nikita Moskalenko <nim@wip.tu-berlin.de>
World,CHP_Gas_CCGT_Biogas_CCS,Gas_Bio,1,2035,2.5842,,PJ,Energy Agency Denmark (2024): Generation efficiency decrease 10%,22.01.2025,Nikita Moskalenko <nim@wip.tu-berlin.de>
World,CHP_Gas_CCGT_Biogas_CCS,Gas_Bio,1,2040,2.5581,,PJ,Energy Agency Denmark (2024): Generation efficiency decrease 10%,22.01.2025,Nikita Moskalenko <nim@wip.tu-berlin.de>
World,CHP_Gas_CCGT_Biogas_CCS,Gas_Bio,1,2045,2.5324,,PJ,Energy Agency Denmark (2024): Generation efficiency decrease 10%,22.01.2025,Nikita Moskalenko <nim@wip.tu-berlin.de>
World,CHP_Gas_CCGT_Biogas_CCS,Gas_Bio,1,2050,2.5073,,PJ,Energy Agency Denmark (2024): Generation efficiency decrease 10%,22.01.2025,Nikita Moskalenko <nim@wip.tu-berlin.de>
World,CHP_Gas_CCGT_Biogas_CCS,Gas_Bio,1,2055,2.5073,,PJ,same as 2050 for now,29.01.2025,Nikita Moskalenko <nim@wip.tu-berlin.de>
World,CHP_Gas_CCGT_Biogas_CCS,Gas_Bio,1,2060,2.5073,,PJ,same as 2050 for now,29.01.2025,Nikita Moskalenko <nim@wip.tu-berlin.de>
World,CHP_Gas_CCGT_Biogas_CCS,Gas_Bio,2,2018,3.0639,,PJ,Energy Agency Denmark (2024): Generation efficiency decrease 10%,22.01.2025,Nikita Moskalenko <nim@wip.tu-berlin.de>
World,CHP_Gas_CCGT_Biogas_CCS,Gas_Bio,2,2020,3.0289,,PJ,Energy Agency Denmark (2024): Generation efficiency decrease 10%,22.01.2025,Nikita Moskalenko <nim@wip.tu-berlin.de>
World,CHP_Gas_CCGT_Biogas_CCS,Gas_Bio,2,2025,2.9421,,PJ,Energy Agency Denmark (2024): Generation efficiency decrease 10%,22.01.2025,Nikita Moskalenko <nim@wip.tu-berlin.de>
World,CHP_Gas_CCGT_Biogas_CCS,Gas_Bio,2,2030,2.8628,,PJ,Energy Agency Denmark (2024): Generation efficiency decrease 10%,22.01.2025,Nikita Moskalenko <nim@wip.tu-berlin.de>
World,CHP_Gas_CCGT_Biogas_CCS,Gas_Bio,2,2035,2.8268,,PJ,Energy Agency Denmark (2024): Generation efficiency decrease 10%,22.01.2025,Nikita Moskalenko <nim@wip.tu-berlin.de>
World,CHP_Gas_CCGT_Biogas_CCS,Gas_Bio,2,2040,2.7918,,PJ,Energy Agency Denmark (2024): Generation efficiency decrease 10%,22.01.2025,Nikita Moskalenko <nim@wip.tu-berlin.de>
World,CHP_Gas_CCGT_Biogas_CCS,Gas_Bio,2,2045,2.7578,,PJ,Energy Agency Denmark (2024): Generation efficiency decrease 10%,22.01.2025,Nikita Moskalenko <nim@wip.tu-berlin.de>
World,CHP_Gas_CCGT_Biogas_CCS,Gas_Bio,2,2050,2.7248,,PJ,Energy Agency Denmark (2024): Generation efficiency decrease 10%,22.01.2025,Nikita Moskalenko <nim@wip.tu-berlin.de>
World,CHP_Gas_CCGT_Biogas_CCS,Gas_Bio,2,2055,2.7248,,PJ,same as 2050 for now,29.01.2025,Nikita Moskalenko <nim@wip.tu-berlin.de>
World,CHP_Gas_CCGT_Biogas_CCS,Gas_Bio,2,2060,2.7248,,PJ,same as 2050 for now,29.01.2025,Nikita Moskalenko <nim@wip.tu-berlin.de>
World,CHP_Gas_CCGT_Biogas_CCS,Gas_Bio,3,2018,2.7473,,PJ,Energy Agency Denmark (2024): Generation efficiency decrease 10%,22.01.2025,Nikita Moskalenko <nim@wip.tu-berlin.de>
World,CHP_Gas_CCGT_Biogas_CCS,Gas_Bio,3,2020,2.7236,,PJ,Energy Agency Denmark (2024): Generation efficiency decrease 10%,22.01.2025,Nikita Moskalenko <nim@wip.tu-berlin.de>
World,CHP_Gas_CCGT_Biogas_CCS,Gas_Bio,3,2025,2.6661,,PJ,Energy Agency Denmark (2024): Generation efficiency decrease 10%,22.01.2025,Nikita Moskalenko <nim@wip.tu-berlin.de>
World,CHP_Gas_CCGT_Biogas_CCS,Gas_Bio,3,2030,2.6109,,PJ,Energy Agency Denmark (2024): Generation efficiency decrease 10%,22.01.2025,Nikita Moskalenko <nim@wip.tu-berlin.de>
World,CHP_Gas_CCGT_Biogas_CCS,Gas_Bio,3,2035,2.5842,,PJ,Energy Agency Denmark (2024): Generation efficiency decrease 10%,22.01.2025,Nikita Moskalenko <nim@wip.tu-berlin.de>
World,CHP_Gas_CCGT_Biogas_CCS,Gas_Bio,3,2040,2.5581,,PJ,Energy Agency Denmark (2024): Generation efficiency decrease 10%,22.01.2025,Nikita Moskalenko <nim@wip.tu-berlin.de>
World,CHP_Gas_CCGT_Biogas_CCS,Gas_Bio,3,2045,2.5324,,PJ,Energy Agency Denmark (2024): Generation efficiency decrease 10%,22.01.2025,Nikita Moskalenko <nim@wip.tu-berlin.de>
World,CHP_Gas_CCGT_Biogas_CCS,Gas_Bio,3,2050,2.5073,,PJ,Energy Agency Denmark (2024): Generation efficiency decrease 10%,22.01.2025,Nikita Moskalenko <nim@wip.tu-berlin.de>
World,CHP_Gas_CCGT_Biogas_CCS,Gas_Bio,3,2055,2.5073,,PJ,same as 2050 for now,29.01.2025,Nikita Moskalenko <nim@wip.tu-berlin.de>
World,CHP_Gas_CCGT_Biogas_CCS,Gas_Bio,3,2060,2.5073,,PJ,same as 2050 for now,29.01.2025,Nikita Moskalenko <nim@wip.tu-berlin.de>
World,CHP_Gas_CCGT_Natural,Gas_Natural,1,2018,1.7065,,PJ,Energy Agency Denmark (2024): Gas turb. CC steam extract,27.08.2024,Nikita Moskalenko <nim@wip.tu-berlin.de>
World,CHP_Gas_CCGT_Natural,Gas_Natural,1,2020,1.6949,,PJ,Energy Agency Denmark (2024): Gas turb. CC steam extract,27.08.2024,Nikita Moskalenko <nim@wip.tu-berlin.de>
World,CHP_Gas_CCGT_Natural,Gas_Natural,1,2025,1.6667,,PJ,Energy Agency Denmark (2024): Gas turb. CC steam extract,27.08.2024,Nikita Moskalenko <nim@wip.tu-berlin.de>
World,CHP_Gas_CCGT_Natural,Gas_Natural,1,2030,1.6393,,PJ,Energy Agency Denmark (2024): Gas turb. CC steam extract,27.08.2024,Nikita Moskalenko <nim@wip.tu-berlin.de>
World,CHP_Gas_CCGT_Natural,Gas_Natural,1,2035,1.626,,PJ,Energy Agency Denmark (2024): Gas turb. CC steam extract,27.08.2024,Nikita Moskalenko <nim@wip.tu-berlin.de>
World,CHP_Gas_CCGT_Natural,Gas_Natural,1,2040,1.6129,,PJ,Energy Agency Denmark (2024): Gas turb. CC steam extract,27.08.2024,Nikita Moskalenko <nim@wip.tu-berlin.de>
World,CHP_Gas_CCGT_Natural,Gas_Natural,1,2045,1.6,,PJ,Energy Agency Denmark (2024): Gas turb. CC steam extract,27.08.2024,Nikita Moskalenko <nim@wip.tu-berlin.de>
World,CHP_Gas_CCGT_Natural,Gas_Natural,1,2050,1.5873,,PJ,Energy Agency Denmark (2024): Gas turb. CC steam extract,27.08.2024,Nikita Moskalenko <nim@wip.tu-berlin.de>
World,CHP_Gas_CCGT_Natural,Gas_Natural,1,2055,1.5873,,PJ,same as 2050 for now,29.01.2025,Nikita Moskalenko <nim@wip.tu-berlin.de>
World,CHP_Gas_CCGT_Natural,Gas_Natural,1,2060,1.5873,,PJ,same as 2050 for now,29.01.2025,Nikita Moskalenko <nim@wip.tu-berlin.de>
World,CHP_Gas_CCGT_Natural,Gas_Natural,2,2018,1.9518,,PJ,Energy Agency Denmark (2024): Gas turb. CC steam extract (Calculation through elec. Efficiency/cb/cv: see assumption.txt),27.08.2024,Nikita Moskalenko <nim@wip.tu-berlin.de>
World,CHP_Gas_CCGT_Natural,Gas_Natural,2,2020,1.9345,,PJ,Energy Agency Denmark (2024): Gas turb. CC steam extract (Calculation through elec. Efficiency/cb/cv: see assumption.txt),27.08.2024,Nikita Moskalenko <nim@wip.tu-berlin.de>
World,CHP_Gas_CCGT_Natural,Gas_Natural,2,2025,1.8929,,PJ,Energy Agency Denmark (2024): Gas turb. CC steam extract (Calculation through elec. Efficiency/cb/cv: see assumption.txt),27.08.2024,Nikita Moskalenko <nim@wip.tu-berlin.de>
World,CHP_Gas_CCGT_Natural,Gas_Natural,2,2030,1.8534,,PJ,Energy Agency Denmark (2024): Gas turb. CC steam extract (Calculation through elec. Efficiency/cb/cv: see assumption.txt),27.08.2024,Nikita Moskalenko <nim@wip.tu-berlin.de>
World,CHP_Gas_CCGT_Natural,Gas_Natural,2,2035,1.8345,,PJ,Energy Agency Denmark (2024): Gas turb. CC steam extract (Calculation through elec. Efficiency/cb/cv: see assumption.txt),27.08.2024,Nikita Moskalenko <nim@wip.tu-berlin.de>
World,CHP_Gas_CCGT_Natural,Gas_Natural,2,2040,1.816,,PJ,Energy Agency Denmark (2024): Gas turb. CC steam extract (Calculation through elec. Efficiency/cb/cv: see assumption.txt),27.08.2024,Nikita Moskalenko <nim@wip.tu-berlin.de>
World,CHP_Gas_CCGT_Natural,Gas_Natural,2,2045,1.7979,,PJ,Energy Agency Denmark (2024): Gas turb. CC steam extract (Calculation through elec. Efficiency/cb/cv: see assumption.txt),27.08.2024,Nikita Moskalenko <nim@wip.tu-berlin.de>
World,CHP_Gas_CCGT_Natural,Gas_Natural,2,2050,1.7803,,PJ,Energy Agency Denmark (2024): Gas turb. CC steam extract (Calculation through elec. Efficiency/cb/cv: see assumption.txt),27.08.2024,Nikita Moskalenko <nim@wip.tu-berlin.de>
World,CHP_Gas_CCGT_Natural,Gas_Natural,2,2055,1.7803,,PJ,same as 2050 for now,29.01.2025,Nikita Moskalenko <nim@wip.tu-berlin.de>
World,CHP_Gas_CCGT_Natural,Gas_Natural,2,2060,1.7803,,PJ,same as 2050 for now,29.01.2025,Nikita Moskalenko <nim@wip.tu-berlin.de>
World,CHP_Gas_CCGT_Natural,Gas_Natural,3,2018,1.8182,,PJ,Energy Agency Denmark (2024): Gas turb. CC steam extract (Calculation through elec. Efficiency/cb/cv: see assumption.txt),27.08.2024,Nikita Moskalenko <nim@wip.tu-berlin.de>
World,CHP_Gas_CCGT_Natural,Gas_Natural,3,2020,1.8182,,PJ,Energy Agency Denmark (2024): Gas turb. CC steam extract (Calculation through elec. Efficiency/cb/cv: see assumption.txt),27.08.2024,Nikita Moskalenko <nim@wip.tu-berlin.de>
World,CHP_Gas_CCGT_Natural,Gas_Natural,3,2025,1.8182,,PJ,Energy Agency Denmark (2024): Gas turb. CC steam extract (Calculation through elec. Efficiency/cb/cv: see assumption.txt),27.08.2024,Nikita Moskalenko <nim@wip.tu-berlin.de>
World,CHP_Gas_CCGT_Natural,Gas_Natural,3,2030,1.8182,,PJ,Energy Agency Denmark (2024): Gas turb. CC steam extract (Calculation through elec. Efficiency/cb/cv: see assumption.txt),27.08.2024,Nikita Moskalenko <nim@wip.tu-berlin.de>
World,CHP_Gas_CCGT_Natural,Gas_Natural,3,2035,1.8182,,PJ,Energy Agency Denmark (2024): Gas turb. CC steam extract (Calculation through elec. Efficiency/cb/cv: see assumption.txt),27.08.2024,Nikita Moskalenko <nim@wip.tu-berlin.de>
World,CHP_Gas_CCGT_Natural,Gas_Natural,3,2040,1.8182,,PJ,Energy Agency Denmark (2024): Gas turb. CC steam extract (Calculation through elec. Efficiency/cb/cv: see assumption.txt),27.08.2024,Nikita Moskalenko <nim@wip.tu-berlin.de>
World,CHP_Gas_CCGT_Natural,Gas_Natural,3,2045,1.8182,,PJ,Energy Agency Denmark (2024): Gas turb. CC steam extract (Calculation through elec. Efficiency/cb/cv: see assumption.txt),27.08.2024,Nikita Moskalenko <nim@wip.tu-berlin.de>
World,CHP_Gas_CCGT_Natural,Gas_Natural,3,2050,1.8182,,PJ,Energy Agency Denmark (2024): Gas turb. CC steam extract (Calculation through elec. Efficiency/cb/cv: see assumption.txt),27.08.2024,Nikita Moskalenko <nim@wip.tu-berlin.de>
World,CHP_Gas_CCGT_Natural,Gas_Natural,3,2055,1.8182,,PJ,same as 2050 for now,29.01.2025,Nikita Moskalenko <nim@wip.tu-berlin.de>
World,CHP_Gas_CCGT_Natural,Gas_Natural,3,2060,1.8182,,PJ,same as 2050 for now,29.01.2025,Nikita Moskalenko <nim@wip.tu-berlin.de>
World,CHP_Gas_CCGT_Natural_CCS,Gas_Natural,1,2018,1.8961,,PJ,Energy Agency Denmark (2024): Generation efficiency decrease 10%,05.09.2024,Nikita Moskalenko <nim@wip.tu-berlin.de>
World,CHP_Gas_CCGT_Natural_CCS,Gas_Natural,1,2020,1.8832,,PJ,Energy Agency Denmark (2024): Generation efficiency decrease 10%,05.09.2024,Nikita Moskalenko <nim@wip.tu-berlin.de>
World,CHP_Gas_CCGT_Natural_CCS,Gas_Natural,1,2025,1.8519,,PJ,Energy Agency Denmark (2024): Generation efficiency decrease 10%,05.09.2024,Nikita Moskalenko <nim@wip.tu-berlin.de>
World,CHP_Gas_CCGT_Natural_CCS,Gas_Natural,1,2030,1.8215,,PJ,Energy Agency Denmark (2024): Generation efficiency decrease 10%,05.09.2024,Nikita Moskalenko <nim@wip.tu-berlin.de>
World,CHP_Gas_CCGT_Natural_CCS,Gas_Natural,1,2035,1.8067,,PJ,Energy Agency Denmark (2024): Generation efficiency decrease 10%,05.09.2024,Nikita Moskalenko <nim@wip.tu-berlin.de>
World,CHP_Gas_CCGT_Natural_CCS,Gas_Natural,1,2040,1.7921,,PJ,Energy Agency Denmark (2024): Generation efficiency decrease 10%,05.09.2024,Nikita Moskalenko <nim@wip.tu-berlin.de>
World,CHP_Gas_CCGT_Natural_CCS,Gas_Natural,1,2045,1.7778,,PJ,Energy Agency Denmark (2024): Generation efficiency decrease 10%,05.09.2024,Nikita Moskalenko <nim@wip.tu-berlin.de>
World,CHP_Gas_CCGT_Natural_CCS,Gas_Natural,1,2050,1.7637,,PJ,Energy Agency Denmark (2024): Generation efficiency decrease 10%,05.09.2024,Nikita Moskalenko <nim@wip.tu-berlin.de>
World,CHP_Gas_CCGT_Natural_CCS,Gas_Natural,1,2055,1.7637,,PJ,same as 2050 for now,29.01.2025,Nikita Moskalenko <nim@wip.tu-berlin.de>
World,CHP_Gas_CCGT_Natural_CCS,Gas_Natural,1,2060,1.7637,,PJ,same as 2050 for now,29.01.2025,Nikita Moskalenko <nim@wip.tu-berlin.de>
World,CHP_Gas_CCGT_Natural_CCS,Gas_Natural,2,2018,2.1687,,PJ,Energy Agency Denmark (2024): Generation efficiency decrease 10%,05.09.2024,Nikita Moskalenko <nim@wip.tu-berlin.de>
World,CHP_Gas_CCGT_Natural_CCS,Gas_Natural,2,2020,2.1495,,PJ,Energy Agency Denmark (2024): Generation efficiency decrease 10%,05.09.2024,Nikita Moskalenko <nim@wip.tu-berlin.de>
World,CHP_Gas_CCGT_Natural_CCS,Gas_Natural,2,2025,2.1032,,PJ,Energy Agency Denmark (2024): Generation efficiency decrease 10%,05.09.2024,Nikita Moskalenko <nim@wip.tu-berlin.de>
World,CHP_Gas_CCGT_Natural_CCS,Gas_Natural,2,2030,2.0594,,PJ,Energy Agency Denmark (2024): Generation efficiency decrease 10%,05.09.2024,Nikita Moskalenko <nim@wip.tu-berlin.de>
World,CHP_Gas_CCGT_Natural_CCS,Gas_Natural,2,2035,2.0383,,PJ,Energy Agency Denmark (2024): Generation efficiency decrease 10%,05.09.2024,Nikita Moskalenko <nim@wip.tu-berlin.de>
World,CHP_Gas_CCGT_Natural_CCS,Gas_Natural,2,2040,2.0178,,PJ,Energy Agency Denmark (2024): Generation efficiency decrease 10%,05.09.2024,Nikita Moskalenko <nim@wip.tu-berlin.de>
World,CHP_Gas_CCGT_Natural_CCS,Gas_Natural,2,2045,1.9977,,PJ,Energy Agency Denmark (2024): Generation efficiency decrease 10%,05.09.2024,Nikita Moskalenko <nim@wip.tu-berlin.de>
World,CHP_Gas_CCGT_Natural_CCS,Gas_Natural,2,2050,1.9781,,PJ,Energy Agency Denmark (2024): Generation efficiency decrease 10%,05.09.2024,Nikita Moskalenko <nim@wip.tu-berlin.de>
World,CHP_Gas_CCGT_Natural_CCS,Gas_Natural,2,2055,1.9781,,PJ,same as 2050 for now,29.01.2025,Nikita Moskalenko <nim@wip.tu-berlin.de>
World,CHP_Gas_CCGT_Natural_CCS,Gas_Natural,2,2060,1.9781,,PJ,same as 2050 for now,29.01.2025,Nikita Moskalenko <nim@wip.tu-berlin.de>
World,CHP_Gas_CCGT_Natural_CCS,Gas_Natural,3,2018,1.8182,,PJ,Energy Agency Denmark (2024): Generation efficiency decrease 10%,05.09.2024,Nikita Moskalenko <nim@wip.tu-berlin.de>
World,CHP_Gas_CCGT_Natural_CCS,Gas_Natural,3,2020,1.8182,,PJ,Energy Agency Denmark (2024): Generation efficiency decrease 10%,05.09.2024,Nikita Moskalenko <nim@wip.tu-berlin.de>
World,CHP_Gas_CCGT_Natural_CCS,Gas_Natural,3,2025,1.8182,,PJ,Energy Agency Denmark (2024): Generation efficiency decrease 10%,05.09.2024,Nikita Moskalenko <nim@wip.tu-berlin.de>
World,CHP_Gas_CCGT_Natural_CCS,Gas_Natural,3,2030,1.8182,,PJ,Energy Agency Denmark (2024): Generation efficiency decrease 10%,05.09.2024,Nikita Moskalenko <nim@wip.tu-berlin.de>
World,CHP_Gas_CCGT_Natural_CCS,Gas_Natural,3,2035,1.8182,,PJ,Energy Agency Denmark (2024): Generation efficiency decrease 10%,05.09.2024,Nikita Moskalenko <nim@wip.tu-berlin.de>
World,CHP_Gas_CCGT_Natural_CCS,Gas_Natural,3,2040,1.8182,,PJ,Energy Agency Denmark (2024): Generation efficiency decrease 10%,05.09.2024,Nikita Moskalenko <nim@wip.tu-berlin.de>
World,CHP_Gas_CCGT_Natural_CCS,Gas_Natural,3,2045,1.8182,,PJ,Energy Agency Denmark (2024): Generation efficiency decrease 10%,05.09.2024,Nikita Moskalenko <nim@wip.tu-berlin.de>
World,CHP_Gas_CCGT_Natural_CCS,Gas_Natural,3,2050,1.8182,,PJ,Energy Agency Denmark (2024): Generation efficiency decrease 10%,05.09.2024,Nikita Moskalenko <nim@wip.tu-berlin.de>
World,CHP_Gas_CCGT_Natural_CCS,Gas_Natural,3,2055,1.8182,,PJ,same as 2050 for now,29.01.2025,Nikita Moskalenko <nim@wip.tu-berlin.de>
World,CHP_Gas_CCGT_Natural_CCS,Gas_Natural,3,2060,1.8182,,PJ,same as 2050 for now,29.01.2025,Nikita Moskalenko <nim@wip.tu-berlin.de>
World,CHP_Gas_CCGT_SynGas,Gas_Synth,1,2018,1.7065,,PJ,Energy Agency Denmark (2024): Gas turb. CC steam extract,27.08.2024,Nikita Moskalenko <nim@wip.tu-berlin.de>
World,CHP_Gas_CCGT_SynGas,Gas_Synth,1,2020,1.6949,,PJ,Energy Agency Denmark (2024): Gas turb. CC steam extract,27.08.2024,Nikita Moskalenko <nim@wip.tu-berlin.de>
World,CHP_Gas_CCGT_SynGas,Gas_Synth,1,2025,1.6667,,PJ,Energy Agency Denmark (2024): Gas turb. CC steam extract,27.08.2024,Nikita Moskalenko <nim@wip.tu-berlin.de>
World,CHP_Gas_CCGT_SynGas,Gas_Synth,1,2030,1.6393,,PJ,Energy Agency Denmark (2024): Gas turb. CC steam extract,27.08.2024,Nikita Moskalenko <nim@wip.tu-berlin.de>
World,CHP_Gas_CCGT_SynGas,Gas_Synth,1,2035,1.626,,PJ,Energy Agency Denmark (2024): Gas turb. CC steam extract,27.08.2024,Nikita Moskalenko <nim@wip.tu-berlin.de>
World,CHP_Gas_CCGT_SynGas,Gas_Synth,1,2040,1.6129,,PJ,Energy Agency Denmark (2024): Gas turb. CC steam extract,27.08.2024,Nikita Moskalenko <nim@wip.tu-berlin.de>
World,CHP_Gas_CCGT_SynGas,Gas_Synth,1,2045,1.6,,PJ,Energy Agency Denmark (2024): Gas turb. CC steam extract,27.08.2024,Nikita Moskalenko <nim@wip.tu-berlin.de>
World,CHP_Gas_CCGT_SynGas,Gas_Synth,1,2050,1.5873,,PJ,Energy Agency Denmark (2024): Gas turb. CC steam extract,27.08.2024,Nikita Moskalenko <nim@wip.tu-berlin.de>
World,CHP_Gas_CCGT_SynGas,Gas_Synth,1,2055,1.5873,,PJ,same as 2050 for now,29.01.2025,Nikita Moskalenko <nim@wip.tu-berlin.de>
World,CHP_Gas_CCGT_SynGas,Gas_Synth,1,2060,1.5873,,PJ,same as 2050 for now,29.01.2025,Nikita Moskalenko <nim@wip.tu-berlin.de>
World,CHP_Gas_CCGT_SynGas,Gas_Synth,2,2018,1.8519,,PJ,Energy Agency Denmark (2024): Gas turb. CC steam extract (Calculation through elec. Efficiency/cb/cv: see assumption.txt),27.08.2024,Nikita Moskalenko <nim@wip.tu-berlin.de>
World,CHP_Gas_CCGT_SynGas,Gas_Synth,2,2020,1.8362,,PJ,Energy Agency Denmark (2024): Gas turb. CC steam extract (Calculation through elec. Efficiency/cb/cv: see assumption.txt),27.08.2024,Nikita Moskalenko <nim@wip.tu-berlin.de>
World,CHP_Gas_CCGT_SynGas,Gas_Synth,2,2025,1.7982,,PJ,Energy Agency Denmark (2024): Gas turb. CC steam extract (Calculation through elec. Efficiency/cb/cv: see assumption.txt),27.08.2024,Nikita Moskalenko <nim@wip.tu-berlin.de>
World,CHP_Gas_CCGT_SynGas,Gas_Synth,2,2030,1.7623,,PJ,Energy Agency Denmark (2024): Gas turb. CC steam extract (Calculation through elec. Efficiency/cb/cv: see assumption.txt),27.08.2024,Nikita Moskalenko <nim@wip.tu-berlin.de>
World,CHP_Gas_CCGT_SynGas,Gas_Synth,2,2035,1.8675,,PJ,Energy Agency Denmark (2024): Gas turb. CC steam extract (Calculation through elec. Efficiency/cb/cv: see assumption.txt),27.08.2024,Nikita Moskalenko <nim@wip.tu-berlin.de>
World,CHP_Gas_CCGT_SynGas,Gas_Synth,2,2040,1.8524,,PJ,Energy Agency Denmark (2024): Gas turb. CC steam extract (Calculation through elec. Efficiency/cb/cv: see assumption.txt),27.08.2024,Nikita Moskalenko <nim@wip.tu-berlin.de>
World,CHP_Gas_CCGT_SynGas,Gas_Synth,2,2045,1.8376,,PJ,Energy Agency Denmark (2024): Gas turb. CC steam extract (Calculation through elec. Efficiency/cb/cv: see assumption.txt),27.08.2024,Nikita Moskalenko <nim@wip.tu-berlin.de>
World,CHP_Gas_CCGT_SynGas,Gas_Synth,2,2050,1.6955,,PJ,Energy Agency Denmark (2024): Gas turb. CC steam extract (Calculation through elec. Efficiency/cb/cv: see assumption.txt),27.08.2024,Nikita Moskalenko <nim@wip.tu-berlin.de>
World,CHP_Gas_CCGT_SynGas,Gas_Synth,2,2055,1.6955,,PJ,same as 2050 for now,29.01.2025,Nikita Moskalenko <nim@wip.tu-berlin.de>
World,CHP_Gas_CCGT_SynGas,Gas_Synth,2,2060,1.6955,,PJ,same as 2050 for now,29.01.2025,Nikita Moskalenko <nim@wip.tu-berlin.de>
World,CHP_Gas_CCGT_SynGas,Gas_Synth,3,2018,1.8182,,PJ,Energy Agency Denmark (2024): Gas turb. CC steam extract (Calculation through elec. Efficiency/cb/cv: see assumption.txt),27.08.2024,Nikita Moskalenko <nim@wip.tu-berlin.de>
World,CHP_Gas_CCGT_SynGas,Gas_Synth,3,2020,1.8182,,PJ,Energy Agency Denmark (2024): Gas turb. CC steam extract (Calculation through elec. Efficiency/cb/cv: see assumption.txt),27.08.2024,Nikita Moskalenko <nim@wip.tu-berlin.de>
World,CHP_Gas_CCGT_SynGas,Gas_Synth,3,2025,1.8182,,PJ,Energy Agency Denmark (2024): Gas turb. CC steam extract (Calculation through elec. Efficiency/cb/cv: see assumption.txt),27.08.2024,Nikita Moskalenko <nim@wip.tu-berlin.de>
World,CHP_Gas_CCGT_SynGas,Gas_Synth,3,2030,1.8182,,PJ,Energy Agency Denmark (2024): Gas turb. CC steam extract (Calculation through elec. Efficiency/cb/cv: see assumption.txt),27.08.2024,Nikita Moskalenko <nim@wip.tu-berlin.de>
World,CHP_Gas_CCGT_SynGas,Gas_Synth,3,2035,1.8182,,PJ,Energy Agency Denmark (2024): Gas turb. CC steam extract (Calculation through elec. Efficiency/cb/cv: see assumption.txt),27.08.2024,Nikita Moskalenko <nim@wip.tu-berlin.de>
World,CHP_Gas_CCGT_SynGas,Gas_Synth,3,2040,1.8182,,PJ,Energy Agency Denmark (2024): Gas turb. CC steam extract (Calculation through elec. Efficiency/cb/cv: see assumption.txt),27.08.2024,Nikita Moskalenko <nim@wip.tu-berlin.de>
World,CHP_Gas_CCGT_SynGas,Gas_Synth,3,2045,1.8182,,PJ,Energy Agency Denmark (2024): Gas turb. CC steam extract (Calculation through elec. Efficiency/cb/cv: see assumption.txt),27.08.2024,Nikita Moskalenko <nim@wip.tu-berlin.de>
World,CHP_Gas_CCGT_SynGas,Gas_Synth,3,2050,1.8182,,PJ,Energy Agency Denmark (2024): Gas turb. CC steam extract (Calculation through elec. Efficiency/cb/cv: see assumption.txt),27.08.2024,Nikita Moskalenko <nim@wip.tu-berlin.de>
World,CHP_Gas_CCGT_SynGas,Gas_Synth,3,2055,1.8182,,PJ,same as 2050 for now,29.01.2025,Nikita Moskalenko <nim@wip.tu-berlin.de>
World,CHP_Gas_CCGT_SynGas,Gas_Synth,3,2060,1.8182,,PJ,same as 2050 for now,29.01.2025,Nikita Moskalenko <nim@wip.tu-berlin.de>
World,CHP_Hydrogen_FuelCell,H2,1,2018,2.0833,,PJ,Energy Agency Denmark (2024): LT-PEMFC CHP - upper 2050,27.08.2024,Nikita Moskalenko <nim@wip.tu-berlin.de>
World,CHP_Hydrogen_FuelCell,H2,1,2020,2,,PJ,Energy Agency Denmark (2024): LT-PEMFC CHP - upper 2050,27.08.2024,Nikita Moskalenko <nim@wip.tu-berlin.de>
World,CHP_Hydrogen_FuelCell,H2,1,2025,2,,PJ,Energy Agency Denmark (2024): LT-PEMFC CHP - upper 2050,27.08.2024,Nikita Moskalenko <nim@wip.tu-berlin.de>
World,CHP_Hydrogen_FuelCell,H2,1,2030,2,,PJ,Energy Agency Denmark (2024): LT-PEMFC CHP - upper 2050,27.08.2024,Nikita Moskalenko <nim@wip.tu-berlin.de>
World,CHP_Hydrogen_FuelCell,H2,1,2035,1.9704,,PJ,Energy Agency Denmark (2024): LT-PEMFC CHP - upper 2050,27.08.2024,Nikita Moskalenko <nim@wip.tu-berlin.de>
World,CHP_Hydrogen_FuelCell,H2,1,2040,1.9417,,PJ,Energy Agency Denmark (2024): LT-PEMFC CHP - upper 2050,27.08.2024,Nikita Moskalenko <nim@wip.tu-berlin.de>
World,CHP_Hydrogen_FuelCell,H2,1,2045,1.9139,,PJ,Energy Agency Denmark (2024): LT-PEMFC CHP - upper 2050,27.08.2024,Nikita Moskalenko <nim@wip.tu-berlin.de>
World,CHP_Hydrogen_FuelCell,H2,1,2050,1.8868,,PJ,Energy Agency Denmark (2024): LT-PEMFC CHP - upper 2050,27.08.2024,Nikita Moskalenko <nim@wip.tu-berlin.de>
World,CHP_Hydrogen_FuelCell,H2,1,2055,1.8868,,PJ,same as 2050 for now,29.01.2025,Nikita Moskalenko <nim@wip.tu-berlin.de>
World,CHP_Hydrogen_FuelCell,H2,1,2060,1.8868,,PJ,same as 2050 for now,29.01.2025,Nikita Moskalenko <nim@wip.tu-berlin.de>
World,CHP_Oil,Oil,1,2018,2.8571,,PJ,Energy Agency Denmark (2024): Diesel engine farm,26.08.2024,Nikita Moskalenko <nim@wip.tu-berlin.de>
World,CHP_Oil,Oil,1,2020,2.8571,,PJ,Energy Agency Denmark (2024): Diesel engine farm,26.08.2024,Nikita Moskalenko <nim@wip.tu-berlin.de>
World,CHP_Oil,Oil,1,2025,2.8571,,PJ,Energy Agency Denmark (2024): Diesel engine farm,26.08.2024,Nikita Moskalenko <nim@wip.tu-berlin.de>
World,CHP_Oil,Oil,1,2030,2.8571,,PJ,Energy Agency Denmark (2024): Diesel engine farm,26.08.2024,Nikita Moskalenko <nim@wip.tu-berlin.de>
World,CHP_Oil,Oil,1,2035,2.8571,,PJ,Energy Agency Denmark (2024): Diesel engine farm,26.08.2024,Nikita Moskalenko <nim@wip.tu-berlin.de>
World,CHP_Oil,Oil,1,2040,2.8571,,PJ,Energy Agency Denmark (2024): Diesel engine farm,26.08.2024,Nikita Moskalenko <nim@wip.tu-berlin.de>
World,CHP_Oil,Oil,1,2045,2.8571,,PJ,Energy Agency Denmark (2024): Diesel engine farm,26.08.2024,Nikita Moskalenko <nim@wip.tu-berlin.de>
World,CHP_Oil,Oil,1,2050,2.8571,,PJ,Energy Agency Denmark (2024): Diesel engine farm,26.08.2024,Nikita Moskalenko <nim@wip.tu-berlin.de>
World,CHP_Oil,Oil,1,2055,2.8571,,PJ,same as 2050 for now,29.01.2025,Nikita Moskalenko <nim@wip.tu-berlin.de>
World,CHP_Oil,Oil,1,2060,2.8571,,PJ,same as 2050 for now,29.01.2025,Nikita Moskalenko <nim@wip.tu-berlin.de>
World,CHP_Oil,Oil,2,2018,3.1737,,PJ,US EPA and CHP Partnership (2017): Catalog of CHP Technologies: ICE minus 13% HHV difference between natural gas and oil,28.08.2024,Nikita Moskalenko <nim@wip.tu-berlin.de>
World,CHP_Oil,Oil,2,2020,3.1737,,PJ,US EPA and CHP Partnership (2017): Catalog of CHP Technologies: ICE minus 13% HHV difference between natural gas and oil,28.08.2024,Nikita Moskalenko <nim@wip.tu-berlin.de>
World,CHP_Oil,Oil,2,2025,3.1737,,PJ,US EPA and CHP Partnership (2017): Catalog of CHP Technologies: ICE minus 13% HHV difference between natural gas and oil,28.08.2024,Nikita Moskalenko <nim@wip.tu-berlin.de>
World,CHP_Oil,Oil,2,2030,3.1737,,PJ,US EPA and CHP Partnership (2017): Catalog of CHP Technologies: ICE minus 13% HHV difference between natural gas and oil,28.08.2024,Nikita Moskalenko <nim@wip.tu-berlin.de>
World,CHP_Oil,Oil,2,2035,3.1737,,PJ,US EPA and CHP Partnership (2017): Catalog of CHP Technologies: ICE minus 13% HHV difference between natural gas and oil,28.08.2024,Nikita Moskalenko <nim@wip.tu-berlin.de>
World,CHP_Oil,Oil,2,2040,3.1737,,PJ,US EPA and CHP Partnership (2017): Catalog of CHP Technologies: ICE minus 13% HHV difference between natural gas and oil,28.08.2024,Nikita Moskalenko <nim@wip.tu-berlin.de>
World,CHP_Oil,Oil,2,2045,3.1737,,PJ,US EPA and CHP Partnership (2017): Catalog of CHP Technologies: ICE minus 13% HHV difference between natural gas and oil,28.08.2024,Nikita Moskalenko <nim@wip.tu-berlin.de>
World,CHP_Oil,Oil,2,2050,3.1737,,PJ,US EPA and CHP Partnership (2017): Catalog of CHP Technologies: ICE minus 13% HHV difference between natural gas and oil,28.08.2024,Nikita Moskalenko <nim@wip.tu-berlin.de>
World,CHP_Oil,Oil,2,2055,3.1737,,PJ,same as 2050 for now,29.01.2025,Nikita Moskalenko <nim@wip.tu-berlin.de>
World,CHP_Oil,Oil,2,2060,3.1737,,PJ,same as 2050 for now,29.01.2025,Nikita Moskalenko <nim@wip.tu-berlin.de>
World,CHP_Oil,Oil,3,2018,1.8182,,PJ,US EPA and CHP Partnership (2017): Catalog of CHP Technologies: ICE minus 13% HHV difference between natural gas and oil,28.08.2024,Nikita Moskalenko <nim@wip.tu-berlin.de>
World,CHP_Oil,Oil,3,2020,1.8182,,PJ,US EPA and CHP Partnership (2017): Catalog of CHP Technologies: ICE minus 13% HHV difference between natural gas and oil,28.08.2024,Nikita Moskalenko <nim@wip.tu-berlin.de>
World,CHP_Oil,Oil,3,2025,1.8182,,PJ,US EPA and CHP Partnership (2017): Catalog of CHP Technologies: ICE minus 13% HHV difference between natural gas and oil,28.08.2024,Nikita Moskalenko <nim@wip.tu-berlin.de>
World,CHP_Oil,Oil,3,2030,1.8182,,PJ,US EPA and CHP Partnership (2017): Catalog of CHP Technologies: ICE minus 13% HHV difference between natural gas and oil,28.08.2024,Nikita Moskalenko <nim@wip.tu-berlin.de>
World,CHP_Oil,Oil,3,2035,1.8182,,PJ,US EPA and CHP Partnership (2017): Catalog of CHP Technologies: ICE minus 13% HHV difference between natural gas and oil,28.08.2024,Nikita Moskalenko <nim@wip.tu-berlin.de>
World,CHP_Oil,Oil,3,2040,1.8182,,PJ,US EPA and CHP Partnership (2017): Catalog of CHP Technologies: ICE minus 13% HHV difference between natural gas and oil,28.08.2024,Nikita Moskalenko <nim@wip.tu-berlin.de>
World,CHP_Oil,Oil,3,2045,1.8182,,PJ,US EPA and CHP Partnership (2017): Catalog of CHP Technologies: ICE minus 13% HHV difference between natural gas and oil,28.08.2024,Nikita Moskalenko <nim@wip.tu-berlin.de>
World,CHP_Oil,Oil,3,2050,1.8182,,PJ,US EPA and CHP Partnership (2017): Catalog of CHP Technologies: ICE minus 13% HHV difference between natural gas and oil,28.08.2024,Nikita Moskalenko <nim@wip.tu-berlin.de>
World,CHP_Oil,Oil,3,2055,1.8182,,PJ,same as 2050 for now,29.01.2025,Nikita Moskalenko <nim@wip.tu-berlin.de>
World,CHP_Oil,Oil,3,2060,1.8182,,PJ,same as 2050 for now,29.01.2025,Nikita Moskalenko <nim@wip.tu-berlin.de>
World,CHP_WasteToEnergy,Waste,1,All,4.17,,PJ,DEA â€“ Technology data for El and DH - WtE CHP - assumed 24% electric efficiency,11.10.2024,Stian Backe <stian.backe@sintef.no>
World,CHP_WasteToEnergy,Waste,2,All,4.17,,PJ,DEA â€“ Technology data for El and DH - WtE CHP - assumed 24% electric efficiency and 79% heat efficiency,11.10.2024,Stian Backe <stian.backe@sintef.no>
World,CHP_WasteToEnergy,Waste,3,All,4.17,,PJ,DEA â€“ Technology data for El and DH - WtE CHP - assumed 79% heat efficiency,19.06.2025,Nikita Moskalenko <nim@wip.tu-berlin.de>
World,D_Battery_Li-Ion,Power,1,All,1,,PJ,Irrelevant- efficiency in TechnologyToStorage,06.09.2023,Stian Backe <stian.backe@sintef.no>
World,D_Battery_Redox,Power,1,All,1,,PJ,Irrelevant- efficiency in TechnologyToStorage,06.09.2023,Stian Backe <stian.backe@sintef.no>
World,D_CAES,Power,1,All,1,,PJ,Irrelevant- efficiency in TechnologyToStorage,06.09.2023,Stian Backe <stian.backe@sintef.no>
World,D_Gas_H2,H2,1,All,1,,PJ,Irrelevant- efficiency in TechnologyToStorage,06.09.2023,Stian Backe <stian.backe@sintef.no>
World,D_Gas_Methane,Gas_Natural,1,All,1,,PJ,Irrelevant- efficiency in TechnologyToStorage,06.09.2023,Stian Backe <stian.backe@sintef.no>
World,D_HB_Tank_Small,Heat_Buildings,1,All,1,,PJ,Irrelevant- efficiency in TechnologyToStorage,06.09.2023,Stian Backe <stian.backe@sintef.no>
World,D_HD_Pit,Heat_District,1,All,1,,PJ,Irrelevant- efficiency in TechnologyToStorage,06.09.2023,Stian Backe <stian.backe@sintef.no>
World,D_HLI_Tank_Large,Heat_Low_Industrial,1,All,1,,PJ,Irrelevant- efficiency in TechnologyToStorage,06.09.2023,Stian Backe <stian.backe@sintef.no>
World,D_PHS,Power,1,All,1,,PJ,Irrelevant- efficiency in TechnologyToStorage,06.09.2023,Stian Backe <stian.backe@sintef.no>
World,D_PHS_Residual,Power,1,All,1,,PJ,Irrelevant- efficiency in TechnologyToStorage,06.09.2023,Stian Backe <stian.backe@sintef.no>
World,FRT_Rail_Conv,Oil,1,2018,0.303,,PJ,FVV (2016): Renewables in Transport 2050,02.09.2024,Nikita Moskalenko <nim@wip.tu-berlin.de>
World,FRT_Rail_Conv,Oil,1,2020,0.3008,,PJ,FVV (2016): Renewables in Transport 2050,02.09.2024,Nikita Moskalenko <nim@wip.tu-berlin.de>
World,FRT_Rail_Conv,Oil,1,2025,0.2961,,PJ,FVV (2016): Renewables in Transport 2050,02.09.2024,Nikita Moskalenko <nim@wip.tu-berlin.de>
World,FRT_Rail_Conv,Oil,1,2030,0.2914,,PJ,FVV (2016): Renewables in Transport 2050,02.09.2024,Nikita Moskalenko <nim@wip.tu-berlin.de>
World,FRT_Rail_Conv,Oil,1,2035,0.2914,,PJ,FVV (2016): Renewables in Transport 2050,02.09.2024,Nikita Moskalenko <nim@wip.tu-berlin.de>
World,FRT_Rail_Conv,Oil,1,2040,0.2914,,PJ,FVV (2016): Renewables in Transport 2050,02.09.2024,Nikita Moskalenko <nim@wip.tu-berlin.de>
World,FRT_Rail_Conv,Oil,1,2045,0.2914,,PJ,FVV (2016): Renewables in Transport 2050,02.09.2024,Nikita Moskalenko <nim@wip.tu-berlin.de>
World,FRT_Rail_Conv,Oil,1,2050,0.2914,,PJ,FVV (2016): Renewables in Transport 2050,02.09.2024,Nikita Moskalenko <nim@wip.tu-berlin.de>
World,FRT_Rail_Conv,Oil,1,2055,0.2914,,PJ,same as 2050 for now,29.01.2025,Nikita Moskalenko <nim@wip.tu-berlin.de>
World,FRT_Rail_Conv,Oil,1,2060,0.2914,,PJ,same as 2050 for now,29.01.2025,Nikita Moskalenko <nim@wip.tu-berlin.de>
World,FRT_Rail_Conv,Biofuel,2,2018,0.3485,,PJ,FVV (2016): Renewables in Transport 2050 + higher consumption due to lower heating value (+15%),02.09.2024,Nikita Moskalenko <nim@wip.tu-berlin.de>
World,FRT_Rail_Conv,Biofuel,2,2020,0.3459,,PJ,FVV (2016): Renewables in Transport 2050 + higher consumption due to lower heating value (+15%),02.09.2024,Nikita Moskalenko <nim@wip.tu-berlin.de>
World,FRT_Rail_Conv,Biofuel,2,2025,0.3405,,PJ,FVV (2016): Renewables in Transport 2050 + higher consumption due to lower heating value (+15%),02.09.2024,Nikita Moskalenko <nim@wip.tu-berlin.de>
World,FRT_Rail_Conv,Biofuel,2,2030,0.3351,,PJ,FVV (2016): Renewables in Transport 2050 + higher consumption due to lower heating value (+15%),02.09.2024,Nikita Moskalenko <nim@wip.tu-berlin.de>
World,FRT_Rail_Conv,Biofuel,2,2035,0.3351,,PJ,FVV (2016): Renewables in Transport 2050 + higher consumption due to lower heating value (+15%),02.09.2024,Nikita Moskalenko <nim@wip.tu-berlin.de>
World,FRT_Rail_Conv,Biofuel,2,2040,0.3351,,PJ,FVV (2016): Renewables in Transport 2050 + higher consumption due to lower heating value (+15%),02.09.2024,Nikita Moskalenko <nim@wip.tu-berlin.de>
World,FRT_Rail_Conv,Biofuel,2,2045,0.3351,,PJ,FVV (2016): Renewables in Transport 2050 + higher consumption due to lower heating value (+15%),02.09.2024,Nikita Moskalenko <nim@wip.tu-berlin.de>
World,FRT_Rail_Conv,Biofuel,2,2050,0.3351,,PJ,FVV (2016): Renewables in Transport 2050 + higher consumption due to lower heating value (+15%),02.09.2024,Nikita Moskalenko <nim@wip.tu-berlin.de>
World,FRT_Rail_Conv,Biofuel,2,2055,0.3351,,PJ,same as 2050 for now,29.01.2025,Nikita Moskalenko <nim@wip.tu-berlin.de>
World,FRT_Rail_Conv,Biofuel,2,2060,0.3351,,PJ,same as 2050 for now,29.01.2025,Nikita Moskalenko <nim@wip.tu-berlin.de>
World,FRT_Rail_Conv,Powerfuel,3,2018,0.303,,PJ,FVV (2016): Renewables in Transport 2050,02.09.2024,Nikita Moskalenko <nim@wip.tu-berlin.de>
World,FRT_Rail_Conv,Powerfuel,3,2020,0.3008,,PJ,FVV (2016): Renewables in Transport 2050,02.09.2024,Nikita Moskalenko <nim@wip.tu-berlin.de>
World,FRT_Rail_Conv,Powerfuel,3,2025,0.2961,,PJ,FVV (2016): Renewables in Transport 2050,02.09.2024,Nikita Moskalenko <nim@wip.tu-berlin.de>
World,FRT_Rail_Conv,Powerfuel,3,2030,0.2914,,PJ,FVV (2016): Renewables in Transport 2050,02.09.2024,Nikita Moskalenko <nim@wip.tu-berlin.de>
World,FRT_Rail_Conv,Powerfuel,3,2035,0.2914,,PJ,FVV (2016): Renewables in Transport 2050,02.09.2024,Nikita Moskalenko <nim@wip.tu-berlin.de>
World,FRT_Rail_Conv,Powerfuel,3,2040,0.2914,,PJ,FVV (2016): Renewables in Transport 2050,02.09.2024,Nikita Moskalenko <nim@wip.tu-berlin.de>
World,FRT_Rail_Conv,Powerfuel,3,2045,0.2914,,PJ,FVV (2016): Renewables in Transport 2050,02.09.2024,Nikita Moskalenko <nim@wip.tu-berlin.de>
World,FRT_Rail_Conv,Powerfuel,3,2050,0.2914,,PJ,FVV (2016): Renewables in Transport 2050,02.09.2024,Nikita Moskalenko <nim@wip.tu-berlin.de>
World,FRT_Rail_Conv,Powerfuel,3,2055,0.2914,,PJ,same as 2050 for now,29.01.2025,Nikita Moskalenko <nim@wip.tu-berlin.de>
World,FRT_Rail_Conv,Powerfuel,3,2060,0.2914,,PJ,same as 2050 for now,29.01.2025,Nikita Moskalenko <nim@wip.tu-berlin.de>
World,FRT_Rail_Electric,Power,1,2018,0.1564,,PJ,FVV (2016): Renewables in Transport 2050,02.09.2024,Nikita Moskalenko <nim@wip.tu-berlin.de>
World,FRT_Rail_Electric,Power,1,2020,0.156,,PJ,FVV (2016): Renewables in Transport 2050,02.09.2024,Nikita Moskalenko <nim@wip.tu-berlin.de>
World,FRT_Rail_Electric,Power,1,2025,0.156,,PJ,FVV (2016): Renewables in Transport 2050,02.09.2024,Nikita Moskalenko <nim@wip.tu-berlin.de>
World,FRT_Rail_Electric,Power,1,2030,0.156,,PJ,FVV (2016): Renewables in Transport 2050,02.09.2024,Nikita Moskalenko <nim@wip.tu-berlin.de>
World,FRT_Rail_Electric,Power,1,2035,0.156,,PJ,FVV (2016): Renewables in Transport 2050,02.09.2024,Nikita Moskalenko <nim@wip.tu-berlin.de>
World,FRT_Rail_Electric,Power,1,2040,0.156,,PJ,FVV (2016): Renewables in Transport 2050,02.09.2024,Nikita Moskalenko <nim@wip.tu-berlin.de>
World,FRT_Rail_Electric,Power,1,2045,0.156,,PJ,FVV (2016): Renewables in Transport 2050,02.09.2024,Nikita Moskalenko <nim@wip.tu-berlin.de>
World,FRT_Rail_Electric,Power,1,2050,0.156,,PJ,FVV (2016): Renewables in Transport 2050,02.09.2024,Nikita Moskalenko <nim@wip.tu-berlin.de>
World,FRT_Rail_Electric,Power,1,2055,0.156,,PJ,same as 2050 for now,29.01.2025,Nikita Moskalenko <nim@wip.tu-berlin.de>
World,FRT_Rail_Electric,Power,1,2060,0.156,,PJ,same as 2050 for now,29.01.2025,Nikita Moskalenko <nim@wip.tu-berlin.de>
World,FRT_Road_BEV,Power,1,2018,0.7439,,PJ,Energy Agency Denmark (2024): BEV L1 (multiplied with 1.8 to account for empty backhauls/congestions/partial loads),30.03.2026,Nikita Moskalenko <nim@wip.tu-berlin.de>
World,FRT_Road_BEV,Power,1,2020,0.7439,,PJ,Energy Agency Denmark (2024): BEV L1 (multiplied with 1.8 to account for empty backhauls/congestions/partial loads),30.03.2026,Nikita Moskalenko <nim@wip.tu-berlin.de>
World,FRT_Road_BEV,Power,1,2025,0.7025,,PJ,Energy Agency Denmark (2024): BEV L1 (multiplied with 1.8 to account for empty backhauls/congestions/partial loads),30.03.2026,Nikita Moskalenko <nim@wip.tu-berlin.de>
World,FRT_Road_BEV,Power,1,2030,0.6523,,PJ,Energy Agency Denmark (2024): BEV L1 (multiplied with 1.8 to account for empty backhauls/congestions/partial loads),30.03.2026,Nikita Moskalenko <nim@wip.tu-berlin.de>
World,FRT_Road_BEV,Power,1,2035,0.6523,,PJ,Energy Agency Denmark (2024): BEV L1 (multiplied with 1.8 to account for empty backhauls/congestions/partial loads),30.03.2026,Nikita Moskalenko <nim@wip.tu-berlin.de>
World,FRT_Road_BEV,Power,1,2040,0.5566,,PJ,Energy Agency Denmark (2024): BEV L1 (multiplied with 1.8 to account for empty backhauls/congestions/partial loads),30.03.2026,Nikita Moskalenko <nim@wip.tu-berlin.de>
World,FRT_Road_BEV,Power,1,2045,0.5566,,PJ,Energy Agency Denmark (2024): BEV L1 (multiplied with 1.8 to account for empty backhauls/congestions/partial loads),30.03.2026,Nikita Moskalenko <nim@wip.tu-berlin.de>
World,FRT_Road_BEV,Power,1,2050,0.4664,,PJ,Energy Agency Denmark (2024): BEV L1 (multiplied with 1.8 to account for empty backhauls/congestions/partial loads),30.03.2026,Nikita Moskalenko <nim@wip.tu-berlin.de>
World,FRT_Road_BEV,Power,1,2055,0.4664,,PJ,same as 2050 for now,30.03.2026,Nikita Moskalenko <nim@wip.tu-berlin.de>
World,FRT_Road_BEV,Power,1,2060,0.4664,,PJ,same as 2050 for now,30.03.2026,Nikita Moskalenko <nim@wip.tu-berlin.de>
World,FRT_Road_H2,H2,1,2018,0.9823,,PJ,Energy Agency Denmark (2024): FCV L (multiplied with 1.8 to account for empty backhauls/congestions/partial loads),30.03.2026,Nikita Moskalenko <nim@wip.tu-berlin.de>
World,FRT_Road_H2,H2,1,2020,0.9538,,PJ,Energy Agency Denmark (2024): FCV L (multiplied with 1.8 to account for empty backhauls/congestions/partial loads),30.03.2026,Nikita Moskalenko <nim@wip.tu-berlin.de>
World,FRT_Road_H2,H2,1,2025,0.8856,,PJ,Energy Agency Denmark (2024): FCV L (multiplied with 1.8 to account for empty backhauls/congestions/partial loads),30.03.2026,Nikita Moskalenko <nim@wip.tu-berlin.de>
World,FRT_Road_H2,H2,1,2030,0.8217,,PJ,Energy Agency Denmark (2024): FCV L (multiplied with 1.8 to account for empty backhauls/congestions/partial loads),30.03.2026,Nikita Moskalenko <nim@wip.tu-berlin.de>
World,FRT_Road_H2,H2,1,2035,0.7616,,PJ,Energy Agency Denmark (2024): FCV L (multiplied with 1.8 to account for empty backhauls/congestions/partial loads),30.03.2026,Nikita Moskalenko <nim@wip.tu-berlin.de>
World,FRT_Road_H2,H2,1,2040,0.7047,,PJ,Energy Agency Denmark (2024): FCV L (multiplied with 1.8 to account for empty backhauls/congestions/partial loads),30.03.2026,Nikita Moskalenko <nim@wip.tu-berlin.de>
World,FRT_Road_H2,H2,1,2045,0.6509,,PJ,Energy Agency Denmark (2024): FCV L (multiplied with 1.8 to account for empty backhauls/congestions/partial loads),30.03.2026,Nikita Moskalenko <nim@wip.tu-berlin.de>
World,FRT_Road_H2,H2,1,2050,0.5998,,PJ,Energy Agency Denmark (2024): FCV L (multiplied with 1.8 to account for empty backhauls/congestions/partial loads),30.03.2026,Nikita Moskalenko <nim@wip.tu-berlin.de>
World,FRT_Road_H2,H2,1,2055,0.5998,,PJ,same as 2050 for now,30.03.2026,Nikita Moskalenko <nim@wip.tu-berlin.de>
World,FRT_Road_H2,H2,1,2060,0.5998,,PJ,same as 2050 for now,30.03.2026,Nikita Moskalenko <nim@wip.tu-berlin.de>
World,FRT_Road_ICE,Oil,1,2018,2.3027,,PJ,Energy Agency Denmark (2024): Diesel L1 (multiplied with 1.8 to account for empty backhauls/congestions/partial loads),30.03.2026,Nikita Moskalenko <nim@wip.tu-berlin.de>
World,FRT_Road_ICE,Oil,1,2020,2.3027,,PJ,Energy Agency Denmark (2024): Diesel L1 (multiplied with 1.8 to account for empty backhauls/congestions/partial loads),30.03.2026,Nikita Moskalenko <nim@wip.tu-berlin.de>
World,FRT_Road_ICE,Oil,1,2025,2.1469,,PJ,Energy Agency Denmark (2024): Diesel L1 (multiplied with 1.8 to account for empty backhauls/congestions/partial loads),30.03.2026,Nikita Moskalenko <nim@wip.tu-berlin.de>
World,FRT_Road_ICE,Oil,1,2030,1.9588,,PJ,Energy Agency Denmark (2024): Diesel L1 (multiplied with 1.8 to account for empty backhauls/congestions/partial loads),30.03.2026,Nikita Moskalenko <nim@wip.tu-berlin.de>
World,FRT_Road_ICE,Oil,1,2035,1.9588,,PJ,Energy Agency Denmark (2024): Diesel L1 (multiplied with 1.8 to account for empty backhauls/congestions/partial loads),30.03.2026,Nikita Moskalenko <nim@wip.tu-berlin.de>
World,FRT_Road_ICE,Oil,1,2040,1.6036,,PJ,Energy Agency Denmark (2024): Diesel L1 (multiplied with 1.8 to account for empty backhauls/congestions/partial loads),30.03.2026,Nikita Moskalenko <nim@wip.tu-berlin.de>
World,FRT_Road_ICE,Oil,1,2045,1.6036,,PJ,Energy Agency Denmark (2024): Diesel L1 (multiplied with 1.8 to account for empty backhauls/congestions/partial loads),30.03.2026,Nikita Moskalenko <nim@wip.tu-berlin.de>
World,FRT_Road_ICE,Oil,1,2050,1.2744,,PJ,Energy Agency Denmark (2024): Diesel L1 (multiplied with 1.8 to account for empty backhauls/congestions/partial loads),30.03.2026,Nikita Moskalenko <nim@wip.tu-berlin.de>
World,FRT_Road_ICE,Oil,1,2055,1.2744,,PJ,same as 2050 for now,30.03.2026,Nikita Moskalenko <nim@wip.tu-berlin.de>
World,FRT_Road_ICE,Oil,1,2060,1.2744,,PJ,same as 2050 for now,30.03.2026,Nikita Moskalenko <nim@wip.tu-berlin.de>
World,FRT_Road_ICE,Biofuel,2,2018,2.3027,,PJ,Energy Agency Denmark (2024): Diesel L1 (multiplied with 1.8 to account for empty backhauls/congestions/partial loads),30.03.2026,Nikita Moskalenko <nim@wip.tu-berlin.de>
World,FRT_Road_ICE,Biofuel,2,2020,2.3027,,PJ,Energy Agency Denmark (2024): Diesel L1 (multiplied with 1.8 to account for empty backhauls/congestions/partial loads),30.03.2026,Nikita Moskalenko <nim@wip.tu-berlin.de>
World,FRT_Road_ICE,Biofuel,2,2025,2.1469,,PJ,Energy Agency Denmark (2024): Diesel L1 (multiplied with 1.8 to account for empty backhauls/congestions/partial loads),30.03.2026,Nikita Moskalenko <nim@wip.tu-berlin.de>
World,FRT_Road_ICE,Biofuel,2,2030,1.9588,,PJ,Energy Agency Denmark (2024): Diesel L1 (multiplied with 1.8 to account for empty backhauls/congestions/partial loads),30.03.2026,Nikita Moskalenko <nim@wip.tu-berlin.de>
World,FRT_Road_ICE,Biofuel,2,2035,1.9588,,PJ,Energy Agency Denmark (2024): Diesel L1 (multiplied with 1.8 to account for empty backhauls/congestions/partial loads),30.03.2026,Nikita Moskalenko <nim@wip.tu-berlin.de>
World,FRT_Road_ICE,Biofuel,2,2040,1.6036,,PJ,Energy Agency Denmark (2024): Diesel L1 (multiplied with 1.8 to account for empty backhauls/congestions/partial loads),30.03.2026,Nikita Moskalenko <nim@wip.tu-berlin.de>
World,FRT_Road_ICE,Biofuel,2,2045,1.6036,,PJ,Energy Agency Denmark (2024): Diesel L1 (multiplied with 1.8 to account for empty backhauls/congestions/partial loads),30.03.2026,Nikita Moskalenko <nim@wip.tu-berlin.de>
World,FRT_Road_ICE,Biofuel,2,2050,1.2744,,PJ,Energy Agency Denmark (2024): Diesel L1 (multiplied with 1.8 to account for empty backhauls/congestions/partial loads),30.03.2026,Nikita Moskalenko <nim@wip.tu-berlin.de>
World,FRT_Road_ICE,Biofuel,2,2055,1.2744,,PJ,same as 2050 for now,30.03.2026,Nikita Moskalenko <nim@wip.tu-berlin.de>
World,FRT_Road_ICE,Biofuel,2,2060,1.2744,,PJ,same as 2050 for now,30.03.2026,Nikita Moskalenko <nim@wip.tu-berlin.de>
World,FRT_Road_ICE,Powerfuel,3,2018,2.3027,,PJ,Energy Agency Denmark (2024): Diesel L1 (multiplied with 1.8 to account for empty backhauls/congestions/partial loads),30.03.2026,Nikita Moskalenko <nim@wip.tu-berlin.de>
World,FRT_Road_ICE,Powerfuel,3,2020,2.3027,,PJ,Energy Agency Denmark (2024): Diesel L1 (multiplied with 1.8 to account for empty backhauls/congestions/partial loads),30.03.2026,Nikita Moskalenko <nim@wip.tu-berlin.de>
World,FRT_Road_ICE,Powerfuel,3,2025,2.1469,,PJ,Energy Agency Denmark (2024): Diesel L1 (multiplied with 1.8 to account for empty backhauls/congestions/partial loads),30.03.2026,Nikita Moskalenko <nim@wip.tu-berlin.de>
World,FRT_Road_ICE,Powerfuel,3,2030,1.9588,,PJ,Energy Agency Denmark (2024): Diesel L1 (multiplied with 1.8 to account for empty backhauls/congestions/partial loads),30.03.2026,Nikita Moskalenko <nim@wip.tu-berlin.de>
World,FRT_Road_ICE,Powerfuel,3,2035,1.9588,,PJ,Energy Agency Denmark (2024): Diesel L1 (multiplied with 1.8 to account for empty backhauls/congestions/partial loads),30.03.2026,Nikita Moskalenko <nim@wip.tu-berlin.de>
World,FRT_Road_ICE,Powerfuel,3,2040,1.6036,,PJ,Energy Agency Denmark (2024): Diesel L1 (multiplied with 1.8 to account for empty backhauls/congestions/partial loads),30.03.2026,Nikita Moskalenko <nim@wip.tu-berlin.de>
World,FRT_Road_ICE,Powerfuel,3,2045,1.6036,,PJ,Energy Agency Denmark (2024): Diesel L1 (multiplied with 1.8 to account for empty backhauls/congestions/partial loads),30.03.2026,Nikita Moskalenko <nim@wip.tu-berlin.de>
World,FRT_Road_ICE,Powerfuel,3,2050,1.2744,,PJ,Energy Agency Denmark (2024): Diesel L1 (multiplied with 1.8 to account for empty backhauls/congestions/partial loads),30.03.2026,Nikita Moskalenko <nim@wip.tu-berlin.de>
World,FRT_Road_ICE,Powerfuel,3,2055,1.2744,,PJ,same as 2050 for now,30.03.2026,Nikita Moskalenko <nim@wip.tu-berlin.de>
World,FRT_Road_ICE,Powerfuel,3,2060,1.2744,,PJ,same as 2050 for now,30.03.2026,Nikita Moskalenko <nim@wip.tu-berlin.de>
World,FRT_Road_LNG,LNG,1,2018,1.1232,,PJ,icct (2020): Decarbonization of on-road freight transport and the role of LNG from a German perspective + Energy Agency Denmark (2024) (multiplied with 1.8 to account for empty backhauls/congestions/partial loads),30.03.2026,Nikita Moskalenko <nim@wip.tu-berlin.de>
World,FRT_Road_LNG,LNG,1,2020,1.0795,,PJ,icct (2020): Decarbonization of on-road freight transport and the role of LNG from a German perspective + Energy Agency Denmark (2024) (multiplied with 1.8 to account for empty backhauls/congestions/partial loads),30.03.2026,Nikita Moskalenko <nim@wip.tu-berlin.de>
World,FRT_Road_LNG,LNG,1,2025,0.9785,,PJ,icct (2020): Decarbonization of on-road freight transport and the role of LNG from a German perspective + Energy Agency Denmark (2024) (multiplied with 1.8 to account for empty backhauls/congestions/partial loads),30.03.2026,Nikita Moskalenko <nim@wip.tu-berlin.de>
World,FRT_Road_LNG,LNG,1,2030,0.8883,,PJ,icct (2020): Decarbonization of on-road freight transport and the role of LNG from a German perspective + Energy Agency Denmark (2024) (multiplied with 1.8 to account for empty backhauls/congestions/partial loads),30.03.2026,Nikita Moskalenko <nim@wip.tu-berlin.de>
World,FRT_Road_LNG,LNG,1,2035,0.8073,,PJ,icct (2020): Decarbonization of on-road freight transport and the role of LNG from a German perspective + Energy Agency Denmark (2024) (multiplied with 1.8 to account for empty backhauls/congestions/partial loads),30.03.2026,Nikita Moskalenko <nim@wip.tu-berlin.de>
World,FRT_Road_LNG,LNG,1,2040,0.7339,,PJ,icct (2020): Decarbonization of on-road freight transport and the role of LNG from a German perspective + Energy Agency Denmark (2024) (multiplied with 1.8 to account for empty backhauls/congestions/partial loads),30.03.2026,Nikita Moskalenko <nim@wip.tu-berlin.de>
World,FRT_Road_LNG,LNG,1,2045,0.6673,,PJ,icct (2020): Decarbonization of on-road freight transport and the role of LNG from a German perspective + Energy Agency Denmark (2024) (multiplied with 1.8 to account for empty backhauls/congestions/partial loads),30.03.2026,Nikita Moskalenko <nim@wip.tu-berlin.de>
World,FRT_Road_LNG,LNG,1,2050,0.6064,,PJ,icct (2020): Decarbonization of on-road freight transport and the role of LNG from a German perspective + Energy Agency Denmark (2024) (multiplied with 1.8 to account for empty backhauls/congestions/partial loads),30.03.2026,Nikita Moskalenko <nim@wip.tu-berlin.de>
World,FRT_Road_LNG,LNG,1,2055,0.6064,,PJ,same as 2050 for now,30.03.2026,Nikita Moskalenko <nim@wip.tu-berlin.de>
World,FRT_Road_LNG,LNG,1,2060,0.6064,,PJ,same as 2050 for now,30.03.2026,Nikita Moskalenko <nim@wip.tu-berlin.de>
World,FRT_Road_OH,Power,1,2018,0.7571,,PJ,Fraunhofer ISI (2023): BOLD - Accompanying research for overhead line trucks in Germany + Energy Agency Denmark (2024) (multiplied with 1.8 to account for empty backhauls/congestions/partial loads),30.03.2026,Nikita Moskalenko <nim@wip.tu-berlin.de>
World,FRT_Road_OH,Power,1,2020,0.7376,,PJ,Fraunhofer ISI (2023): BOLD - Accompanying research for overhead line trucks in Germany + Energy Agency Denmark (2024) (multiplied with 1.8 to account for empty backhauls/congestions/partial loads),30.03.2026,Nikita Moskalenko <nim@wip.tu-berlin.de>
World,FRT_Road_OH,Power,1,2025,0.6907,,PJ,Fraunhofer ISI (2023): BOLD - Accompanying research for overhead line trucks in Germany + Energy Agency Denmark (2024) (multiplied with 1.8 to account for empty backhauls/congestions/partial loads),30.03.2026,Nikita Moskalenko <nim@wip.tu-berlin.de>
World,FRT_Road_OH,Power,1,2030,0.6449,,PJ,Fraunhofer ISI (2023): BOLD - Accompanying research for overhead line trucks in Germany + Energy Agency Denmark (2024) (multiplied with 1.8 to account for empty backhauls/congestions/partial loads),30.03.2026,Nikita Moskalenko <nim@wip.tu-berlin.de>
World,FRT_Road_OH,Power,1,2035,0.6008,,PJ,Fraunhofer ISI (2023): BOLD - Accompanying research for overhead line trucks in Germany + Energy Agency Denmark (2024) (multiplied with 1.8 to account for empty backhauls/congestions/partial loads),30.03.2026,Nikita Moskalenko <nim@wip.tu-berlin.de>
World,FRT_Road_OH,Power,1,2040,0.558,,PJ,Fraunhofer ISI (2023): BOLD - Accompanying research for overhead line trucks in Germany + Energy Agency Denmark (2024) (multiplied with 1.8 to account for empty backhauls/congestions/partial loads),30.03.2026,Nikita Moskalenko <nim@wip.tu-berlin.de>
World,FRT_Road_OH,Power,1,2045,0.5164,,PJ,Fraunhofer ISI (2023): BOLD - Accompanying research for overhead line trucks in Germany + Energy Agency Denmark (2024) (multiplied with 1.8 to account for empty backhauls/congestions/partial loads),30.03.2026,Nikita Moskalenko <nim@wip.tu-berlin.de>
World,FRT_Road_OH,Power,1,2050,0.4761,,PJ,Fraunhofer ISI (2023): BOLD - Accompanying research for overhead line trucks in Germany + Energy Agency Denmark (2024) (multiplied with 1.8 to account for empty backhauls/congestions/partial loads),30.03.2026,Nikita Moskalenko <nim@wip.tu-berlin.de>
World,FRT_Road_OH,Power,1,2055,0.4761,,PJ,same as 2050 for now,30.03.2026,Nikita Moskalenko <nim@wip.tu-berlin.de>
World,FRT_Road_OH,Power,1,2060,0.4761,,PJ,same as 2050 for now,30.03.2026,Nikita Moskalenko <nim@wip.tu-berlin.de>
World,FRT_Road_PHEV,Oil,1,2018,2.7695,,PJ,Xu et al. (2023): https://doi.org/10.1016/j.trd.2023.103661 + Energy Agency Denmark (2024) (multiplied with 1.8 to account for empty backhauls/congestions/partial loads),30.03.2026,Nikita Moskalenko <nim@wip.tu-berlin.de>
World,FRT_Road_PHEV,Oil,1,2020,2.6786,,PJ,Xu et al. (2023): https://doi.org/10.1016/j.trd.2023.103661 + Energy Agency Denmark (2024) (multiplied with 1.8 to account for empty backhauls/congestions/partial loads),30.03.2026,Nikita Moskalenko <nim@wip.tu-berlin.de>
World,FRT_Road_PHEV,Oil,1,2025,2.4565,,PJ,Xu et al. (2023): https://doi.org/10.1016/j.trd.2023.103661 + Energy Agency Denmark (2024) (multiplied with 1.8 to account for empty backhauls/congestions/partial loads),30.03.2026,Nikita Moskalenko <nim@wip.tu-berlin.de>
World,FRT_Road_PHEV,Oil,1,2030,2.2414,,PJ,Xu et al. (2023): https://doi.org/10.1016/j.trd.2023.103661 + Energy Agency Denmark (2024) (multiplied with 1.8 to account for empty backhauls/congestions/partial loads),30.03.2026,Nikita Moskalenko <nim@wip.tu-berlin.de>
World,FRT_Road_PHEV,Oil,1,2035,2.0329,,PJ,Xu et al. (2023): https://doi.org/10.1016/j.trd.2023.103661 + Energy Agency Denmark (2024) (multiplied with 1.8 to account for empty backhauls/congestions/partial loads),30.03.2026,Nikita Moskalenko <nim@wip.tu-berlin.de>
World,FRT_Road_PHEV,Oil,1,2040,1.831,,PJ,Xu et al. (2023): https://doi.org/10.1016/j.trd.2023.103661 + Energy Agency Denmark (2024) (multiplied with 1.8 to account for empty backhauls/congestions/partial loads),30.03.2026,Nikita Moskalenko <nim@wip.tu-berlin.de>
World,FRT_Road_PHEV,Oil,1,2045,1.6351,,PJ,Xu et al. (2023): https://doi.org/10.1016/j.trd.2023.103661 + Energy Agency Denmark (2024) (multiplied with 1.8 to account for empty backhauls/congestions/partial loads),30.03.2026,Nikita Moskalenko <nim@wip.tu-berlin.de>
World,FRT_Road_PHEV,Oil,1,2050,1.445,,PJ,Xu et al. (2023): https://doi.org/10.1016/j.trd.2023.103661 + Energy Agency Denmark (2024) (multiplied with 1.8 to account for empty backhauls/congestions/partial loads),30.03.2026,Nikita Moskalenko <nim@wip.tu-berlin.de>
World,FRT_Road_PHEV,Oil,1,2055,1.445,,PJ,same as 2050 for now,30.03.2026,Nikita Moskalenko <nim@wip.tu-berlin.de>
World,FRT_Road_PHEV,Oil,1,2060,1.445,,PJ,same as 2050 for now,30.03.2026,Nikita Moskalenko <nim@wip.tu-berlin.de>
World,FRT_Road_PHEV,Power,1,2018,1.3444,,PJ,Xu et al. (2023): https://doi.org/10.1016/j.trd.2023.103661 + Energy Agency Denmark (2024) (multiplied with 1.8 to account for empty backhauls/congestions/partial loads),30.03.2026,Nikita Moskalenko <nim@wip.tu-berlin.de>
World,FRT_Road_PHEV,Power,1,2020,1.3102,,PJ,Xu et al. (2023): https://doi.org/10.1016/j.trd.2023.103661 + Energy Agency Denmark (2024) (multiplied with 1.8 to account for empty backhauls/congestions/partial loads),30.03.2026,Nikita Moskalenko <nim@wip.tu-berlin.de>
World,FRT_Road_PHEV,Power,1,2025,1.2265,,PJ,Xu et al. (2023): https://doi.org/10.1016/j.trd.2023.103661 + Energy Agency Denmark (2024) (multiplied with 1.8 to account for empty backhauls/congestions/partial loads),30.03.2026,Nikita Moskalenko <nim@wip.tu-berlin.de>
World,FRT_Road_PHEV,Power,1,2030,1.1455,,PJ,Xu et al. (2023): https://doi.org/10.1016/j.trd.2023.103661 + Energy Agency Denmark (2024) (multiplied with 1.8 to account for empty backhauls/congestions/partial loads),30.03.2026,Nikita Moskalenko <nim@wip.tu-berlin.de>
World,FRT_Road_PHEV,Power,1,2035,1.067,,PJ,Xu et al. (2023): https://doi.org/10.1016/j.trd.2023.103661 + Energy Agency Denmark (2024) (multiplied with 1.8 to account for empty backhauls/congestions/partial loads),30.03.2026,Nikita Moskalenko <nim@wip.tu-berlin.de>
World,FRT_Road_PHEV,Power,1,2040,0.9909,,PJ,Xu et al. (2023): https://doi.org/10.1016/j.trd.2023.103661 + Energy Agency Denmark (2024) (multiplied with 1.8 to account for empty backhauls/congestions/partial loads),30.03.2026,Nikita Moskalenko <nim@wip.tu-berlin.de>
World,FRT_Road_PHEV,Power,1,2045,0.9171,,PJ,Xu et al. (2023): https://doi.org/10.1016/j.trd.2023.103661 + Energy Agency Denmark (2024) (multiplied with 1.8 to account for empty backhauls/congestions/partial loads),30.03.2026,Nikita Moskalenko <nim@wip.tu-berlin.de>
World,FRT_Road_PHEV,Power,1,2050,0.8455,,PJ,Xu et al. (2023): https://doi.org/10.1016/j.trd.2023.103661 + Energy Agency Denmark (2024) (multiplied with 1.8 to account for empty backhauls/congestions/partial loads),30.03.2026,Nikita Moskalenko <nim@wip.tu-berlin.de>
World,FRT_Road_PHEV,Power,1,2055,0.8455,,PJ,same as 2050 for now,30.03.2026,Nikita Moskalenko <nim@wip.tu-berlin.de>
World,FRT_Road_PHEV,Power,1,2060,0.8455,,PJ,same as 2050 for now,30.03.2026,Nikita Moskalenko <nim@wip.tu-berlin.de>
World,FRT_Road_PHEV,Biofuel,2,2018,2.7695,,PJ,Xu et al. (2023): https://doi.org/10.1016/j.trd.2023.103661 + Energy Agency Denmark (2024) (multiplied with 1.8 to account for empty backhauls/congestions/partial loads),30.03.2026,Nikita Moskalenko <nim@wip.tu-berlin.de>
World,FRT_Road_PHEV,Biofuel,2,2020,2.6786,,PJ,Xu et al. (2023): https://doi.org/10.1016/j.trd.2023.103661 + Energy Agency Denmark (2024) (multiplied with 1.8 to account for empty backhauls/congestions/partial loads),30.03.2026,Nikita Moskalenko <nim@wip.tu-berlin.de>
World,FRT_Road_PHEV,Biofuel,2,2025,2.4565,,PJ,Xu et al. (2023): https://doi.org/10.1016/j.trd.2023.103661 + Energy Agency Denmark (2024) (multiplied with 1.8 to account for empty backhauls/congestions/partial loads),30.03.2026,Nikita Moskalenko <nim@wip.tu-berlin.de>
World,FRT_Road_PHEV,Biofuel,2,2030,2.2414,,PJ,Xu et al. (2023): https://doi.org/10.1016/j.trd.2023.103661 + Energy Agency Denmark (2024) (multiplied with 1.8 to account for empty backhauls/congestions/partial loads),30.03.2026,Nikita Moskalenko <nim@wip.tu-berlin.de>
World,FRT_Road_PHEV,Biofuel,2,2035,2.0329,,PJ,Xu et al. (2023): https://doi.org/10.1016/j.trd.2023.103661 + Energy Agency Denmark (2024) (multiplied with 1.8 to account for empty backhauls/congestions/partial loads),30.03.2026,Nikita Moskalenko <nim@wip.tu-berlin.de>
World,FRT_Road_PHEV,Biofuel,2,2040,1.831,,PJ,Xu et al. (2023): https://doi.org/10.1016/j.trd.2023.103661 + Energy Agency Denmark (2024) (multiplied with 1.8 to account for empty backhauls/congestions/partial loads),30.03.2026,Nikita Moskalenko <nim@wip.tu-berlin.de>
World,FRT_Road_PHEV,Biofuel,2,2045,1.6351,,PJ,Xu et al. (2023): https://doi.org/10.1016/j.trd.2023.103661 + Energy Agency Denmark (2024) (multiplied with 1.8 to account for empty backhauls/congestions/partial loads),30.03.2026,Nikita Moskalenko <nim@wip.tu-berlin.de>
World,FRT_Road_PHEV,Biofuel,2,2050,1.445,,PJ,Xu et al. (2023): https://doi.org/10.1016/j.trd.2023.103661 + Energy Agency Denmark (2024) (multiplied with 1.8 to account for empty backhauls/congestions/partial loads),30.03.2026,Nikita Moskalenko <nim@wip.tu-berlin.de>
World,FRT_Road_PHEV,Biofuel,2,2055,1.445,,PJ,same as 2050 for now,30.03.2026,Nikita Moskalenko <nim@wip.tu-berlin.de>
World,FRT_Road_PHEV,Biofuel,2,2060,1.445,,PJ,same as 2050 for now,30.03.2026,Nikita Moskalenko <nim@wip.tu-berlin.de>
World,FRT_Road_PHEV,Power,2,2018,1.3444,,PJ,Xu et al. (2023): https://doi.org/10.1016/j.trd.2023.103661 + Energy Agency Denmark (2024) (multiplied with 1.8 to account for empty backhauls/congestions/partial loads),30.03.2026,Nikita Moskalenko <nim@wip.tu-berlin.de>
World,FRT_Road_PHEV,Power,2,2020,1.3102,,PJ,Xu et al. (2023): https://doi.org/10.1016/j.trd.2023.103661 + Energy Agency Denmark (2024) (multiplied with 1.8 to account for empty backhauls/congestions/partial loads),30.03.2026,Nikita Moskalenko <nim@wip.tu-berlin.de>
World,FRT_Road_PHEV,Power,2,2025,1.2265,,PJ,Xu et al. (2023): https://doi.org/10.1016/j.trd.2023.103661 + Energy Agency Denmark (2024) (multiplied with 1.8 to account for empty backhauls/congestions/partial loads),30.03.2026,Nikita Moskalenko <nim@wip.tu-berlin.de>
World,FRT_Road_PHEV,Power,2,2030,1.1455,,PJ,Xu et al. (2023): https://doi.org/10.1016/j.trd.2023.103661 + Energy Agency Denmark (2024) (multiplied with 1.8 to account for empty backhauls/congestions/partial loads),30.03.2026,Nikita Moskalenko <nim@wip.tu-berlin.de>
World,FRT_Road_PHEV,Power,2,2035,1.067,,PJ,Xu et al. (2023): https://doi.org/10.1016/j.trd.2023.103661 + Energy Agency Denmark (2024) (multiplied with 1.8 to account for empty backhauls/congestions/partial loads),30.03.2026,Nikita Moskalenko <nim@wip.tu-berlin.de>
World,FRT_Road_PHEV,Power,2,2040,0.9909,,PJ,Xu et al. (2023): https://doi.org/10.1016/j.trd.2023.103661 + Energy Agency Denmark (2024) (multiplied with 1.8 to account for empty backhauls/congestions/partial loads),30.03.2026,Nikita Moskalenko <nim@wip.tu-berlin.de>
World,FRT_Road_PHEV,Power,2,2045,0.9171,,PJ,Xu et al. (2023): https://doi.org/10.1016/j.trd.2023.103661 + Energy Agency Denmark (2024) (multiplied with 1.8 to account for empty backhauls/congestions/partial loads),30.03.2026,Nikita Moskalenko <nim@wip.tu-berlin.de>
World,FRT_Road_PHEV,Power,2,2050,0.8455,,PJ,Xu et al. (2023): https://doi.org/10.1016/j.trd.2023.103661 + Energy Agency Denmark (2024) (multiplied with 1.8 to account for empty backhauls/congestions/partial loads),30.03.2026,Nikita Moskalenko <nim@wip.tu-berlin.de>
World,FRT_Road_PHEV,Power,2,2055,0.8455,,PJ,same as 2050 for now,30.03.2026,Nikita Moskalenko <nim@wip.tu-berlin.de>
World,FRT_Road_PHEV,Power,2,2060,0.8455,,PJ,same as 2050 for now,30.03.2026,Nikita Moskalenko <nim@wip.tu-berlin.de>
World,FRT_Road_PHEV,Power,3,2018,1.3444,,PJ,Xu et al. (2023): https://doi.org/10.1016/j.trd.2023.103661 + Energy Agency Denmark (2024) (multiplied with 1.8 to account for empty backhauls/congestions/partial loads),30.03.2026,Nikita Moskalenko <nim@wip.tu-berlin.de>
World,FRT_Road_PHEV,Power,3,2020,1.3102,,PJ,Xu et al. (2023): https://doi.org/10.1016/j.trd.2023.103661 + Energy Agency Denmark (2024) (multiplied with 1.8 to account for empty backhauls/congestions/partial loads),30.03.2026,Nikita Moskalenko <nim@wip.tu-berlin.de>
World,FRT_Road_PHEV,Power,3,2025,1.2265,,PJ,Xu et al. (2023): https://doi.org/10.1016/j.trd.2023.103661 + Energy Agency Denmark (2024) (multiplied with 1.8 to account for empty backhauls/congestions/partial loads),30.03.2026,Nikita Moskalenko <nim@wip.tu-berlin.de>
World,FRT_Road_PHEV,Power,3,2030,1.1455,,PJ,Xu et al. (2023): https://doi.org/10.1016/j.trd.2023.103661 + Energy Agency Denmark (2024) (multiplied with 1.8 to account for empty backhauls/congestions/partial loads),30.03.2026,Nikita Moskalenko <nim@wip.tu-berlin.de>
World,FRT_Road_PHEV,Power,3,2035,1.067,,PJ,Xu et al. (2023): https://doi.org/10.1016/j.trd.2023.103661 + Energy Agency Denmark (2024) (multiplied with 1.8 to account for empty backhauls/congestions/partial loads),30.03.2026,Nikita Moskalenko <nim@wip.tu-berlin.de>
World,FRT_Road_PHEV,Power,3,2040,0.9909,,PJ,Xu et al. (2023): https://doi.org/10.1016/j.trd.2023.103661 + Energy Agency Denmark (2024) (multiplied with 1.8 to account for empty backhauls/congestions/partial loads),30.03.2026,Nikita Moskalenko <nim@wip.tu-berlin.de>
World,FRT_Road_PHEV,Power,3,2045,0.9171,,PJ,Xu et al. (2023): https://doi.org/10.1016/j.trd.2023.103661 + Energy Agency Denmark (2024) (multiplied with 1.8 to account for empty backhauls/congestions/partial loads),30.03.2026,Nikita Moskalenko <nim@wip.tu-berlin.de>
World,FRT_Road_PHEV,Power,3,2050,0.8455,,PJ,Xu et al. (2023): https://doi.org/10.1016/j.trd.2023.103661 + Energy Agency Denmark (2024) (multiplied with 1.8 to account for empty backhauls/congestions/partial loads),30.03.2026,Nikita Moskalenko <nim@wip.tu-berlin.de>
World,FRT_Road_PHEV,Power,3,2055,0.8455,,PJ,same as 2050 for now,30.03.2026,Nikita Moskalenko <nim@wip.tu-berlin.de>
World,FRT_Road_PHEV,Power,3,2060,0.8455,,PJ,same as 2050 for now,30.03.2026,Nikita Moskalenko <nim@wip.tu-berlin.de>
World,FRT_Road_PHEV,Powerfuel,3,2018,2.7695,,PJ,Xu et al. (2023): https://doi.org/10.1016/j.trd.2023.103661 + Energy Agency Denmark (2024) (multiplied with 1.8 to account for empty backhauls/congestions/partial loads),30.03.2026,Nikita Moskalenko <nim@wip.tu-berlin.de>
World,FRT_Road_PHEV,Powerfuel,3,2020,2.6786,,PJ,Xu et al. (2023): https://doi.org/10.1016/j.trd.2023.103661 + Energy Agency Denmark (2024) (multiplied with 1.8 to account for empty backhauls/congestions/partial loads),30.03.2026,Nikita Moskalenko <nim@wip.tu-berlin.de>
World,FRT_Road_PHEV,Powerfuel,3,2025,2.4565,,PJ,Xu et al. (2023): https://doi.org/10.1016/j.trd.2023.103661 + Energy Agency Denmark (2024) (multiplied with 1.8 to account for empty backhauls/congestions/partial loads),30.03.2026,Nikita Moskalenko <nim@wip.tu-berlin.de>
World,FRT_Road_PHEV,Powerfuel,3,2030,2.2414,,PJ,Xu et al. (2023): https://doi.org/10.1016/j.trd.2023.103661 + Energy Agency Denmark (2024) (multiplied with 1.8 to account for empty backhauls/congestions/partial loads),30.03.2026,Nikita Moskalenko <nim@wip.tu-berlin.de>
World,FRT_Road_PHEV,Powerfuel,3,2035,2.0329,,PJ,Xu et al. (2023): https://doi.org/10.1016/j.trd.2023.103661 + Energy Agency Denmark (2024) (multiplied with 1.8 to account for empty backhauls/congestions/partial loads),30.03.2026,Nikita Moskalenko <nim@wip.tu-berlin.de>
World,FRT_Road_PHEV,Powerfuel,3,2040,1.831,,PJ,Xu et al. (2023): https://doi.org/10.1016/j.trd.2023.103661 + Energy Agency Denmark (2024) (multiplied with 1.8 to account for empty backhauls/congestions/partial loads),30.03.2026,Nikita Moskalenko <nim@wip.tu-berlin.de>
World,FRT_Road_PHEV,Powerfuel,3,2045,1.6351,,PJ,Xu et al. (2023): https://doi.org/10.1016/j.trd.2023.103661 + Energy Agency Denmark (2024) (multiplied with 1.8 to account for empty backhauls/congestions/partial loads),30.03.2026,Nikita Moskalenko <nim@wip.tu-berlin.de>
World,FRT_Road_PHEV,Powerfuel,3,2050,1.445,,PJ,Xu et al. (2023): https://doi.org/10.1016/j.trd.2023.103661 + Energy Agency Denmark (2024) (multiplied with 1.8 to account for empty backhauls/congestions/partial loads),30.03.2026,Nikita Moskalenko <nim@wip.tu-berlin.de>
World,FRT_Road_PHEV,Powerfuel,3,2055,1.445,,PJ,same as 2050 for now,30.03.2026,Nikita Moskalenko <nim@wip.tu-berlin.de>
World,FRT_Road_PHEV,Powerfuel,3,2060,1.445,,PJ,same as 2050 for now,30.03.2026,Nikita Moskalenko <nim@wip.tu-berlin.de>
World,FRT_Ship_Bio,Biofuel,1,2018,0.2355,,PJ,FVV (2016): Renewables in Transport 2050 + less efficient due to heating value (+15%),29.08.2024,Nikita Moskalenko <nim@wip.tu-berlin.de>
World,FRT_Ship_Bio,Biofuel,1,2020,0.233,,PJ,FVV (2016): Renewables in Transport 2050 + less efficient due to heating value (+15%),29.08.2024,Nikita Moskalenko <nim@wip.tu-berlin.de>
World,FRT_Ship_Bio,Biofuel,1,2025,0.2263,,PJ,FVV (2016): Renewables in Transport 2050 + less efficient due to heating value (+15%),29.08.2024,Nikita Moskalenko <nim@wip.tu-berlin.de>
World,FRT_Ship_Bio,Biofuel,1,2030,0.2196,,PJ,FVV (2016): Renewables in Transport 2050 + less efficient due to heating value (+15%),29.08.2024,Nikita Moskalenko <nim@wip.tu-berlin.de>
World,FRT_Ship_Bio,Biofuel,1,2035,0.2196,,PJ,FVV (2016): Renewables in Transport 2050 + less efficient due to heating value (+15%),29.08.2024,Nikita Moskalenko <nim@wip.tu-berlin.de>
World,FRT_Ship_Bio,Biofuel,1,2040,0.2196,,PJ,FVV (2016): Renewables in Transport 2050 + less efficient due to heating value (+15%),29.08.2024,Nikita Moskalenko <nim@wip.tu-berlin.de>
World,FRT_Ship_Bio,Biofuel,1,2045,0.2196,,PJ,FVV (2016): Renewables in Transport 2050 + less efficient due to heating value (+15%),29.08.2024,Nikita Moskalenko <nim@wip.tu-berlin.de>
World,FRT_Ship_Bio,Biofuel,1,2050,0.2196,,PJ,FVV (2016): Renewables in Transport 2050 + less efficient due to heating value (+15%),29.08.2024,Nikita Moskalenko <nim@wip.tu-berlin.de>
World,FRT_Ship_Bio,Biofuel,1,2055,0.2196,,PJ,same as 2050 for now,29.01.2025,Nikita Moskalenko <nim@wip.tu-berlin.de>
World,FRT_Ship_Bio,Biofuel,1,2060,0.2196,,PJ,same as 2050 for now,29.01.2025,Nikita Moskalenko <nim@wip.tu-berlin.de>
World,FRT_Ship_Conv,Oil,1,2018,0.2037,,PJ,FVV (2016): Renewables in Transport 2050,29.08.2024,Nikita Moskalenko <nim@wip.tu-berlin.de>
World,FRT_Ship_Conv,Oil,1,2020,0.2016,,PJ,FVV (2016): Renewables in Transport 2050,29.08.2024,Nikita Moskalenko <nim@wip.tu-berlin.de>
World,FRT_Ship_Conv,Oil,1,2025,0.1957,,PJ,FVV (2016): Renewables in Transport 2050,29.08.2024,Nikita Moskalenko <nim@wip.tu-berlin.de>
World,FRT_Ship_Conv,Oil,1,2030,0.1899,,PJ,FVV (2016): Renewables in Transport 2050,29.08.2024,Nikita Moskalenko <nim@wip.tu-berlin.de>
World,FRT_Ship_Conv,Oil,1,2035,0.1899,,PJ,FVV (2016): Renewables in Transport 2050,29.08.2024,Nikita Moskalenko <nim@wip.tu-berlin.de>
World,FRT_Ship_Conv,Oil,1,2040,0.1899,,PJ,FVV (2016): Renewables in Transport 2050,29.08.2024,Nikita Moskalenko <nim@wip.tu-berlin.de>
World,FRT_Ship_Conv,Oil,1,2045,0.1899,,PJ,FVV (2016): Renewables in Transport 2050,29.08.2024,Nikita Moskalenko <nim@wip.tu-berlin.de>
World,FRT_Ship_Conv,Oil,1,2050,0.1899,,PJ,FVV (2016): Renewables in Transport 2050,29.08.2024,Nikita Moskalenko <nim@wip.tu-berlin.de>
World,FRT_Ship_Conv,Oil,1,2055,0.1899,,PJ,same as 2050 for now,29.01.2025,Nikita Moskalenko <nim@wip.tu-berlin.de>
World,FRT_Ship_Conv,Oil,1,2060,0.1899,,PJ,same as 2050 for now,29.01.2025,Nikita Moskalenko <nim@wip.tu-berlin.de>
World,FRT_Ship_Conv,Powerfuel,2,2018,0.2037,,PJ,FVV (2016): Renewables in Transport 2050,29.08.2024,Nikita Moskalenko <nim@wip.tu-berlin.de>
World,FRT_Ship_Conv,Powerfuel,2,2020,0.2016,,PJ,FVV (2016): Renewables in Transport 2050,29.08.2024,Nikita Moskalenko <nim@wip.tu-berlin.de>
World,FRT_Ship_Conv,Powerfuel,2,2025,0.1957,,PJ,FVV (2016): Renewables in Transport 2050,29.08.2024,Nikita Moskalenko <nim@wip.tu-berlin.de>
World,FRT_Ship_Conv,Powerfuel,2,2030,0.1899,,PJ,FVV (2016): Renewables in Transport 2050,29.08.2024,Nikita Moskalenko <nim@wip.tu-berlin.de>
World,FRT_Ship_Conv,Powerfuel,2,2035,0.1899,,PJ,FVV (2016): Renewables in Transport 2050,29.08.2024,Nikita Moskalenko <nim@wip.tu-berlin.de>
World,FRT_Ship_Conv,Powerfuel,2,2040,0.1899,,PJ,FVV (2016): Renewables in Transport 2050,29.08.2024,Nikita Moskalenko <nim@wip.tu-berlin.de>
World,FRT_Ship_Conv,Powerfuel,2,2045,0.1899,,PJ,FVV (2016): Renewables in Transport 2050,29.08.2024,Nikita Moskalenko <nim@wip.tu-berlin.de>
World,FRT_Ship_Conv,Powerfuel,2,2050,0.1899,,PJ,FVV (2016): Renewables in Transport 2050,29.08.2024,Nikita Moskalenko <nim@wip.tu-berlin.de>
World,FRT_Ship_Conv,Powerfuel,2,2055,0.1899,,PJ,same as 2050 for now,29.01.2025,Nikita Moskalenko <nim@wip.tu-berlin.de>
World,FRT_Ship_Conv,Powerfuel,2,2060,0.1899,,PJ,same as 2050 for now,29.01.2025,Nikita Moskalenko <nim@wip.tu-berlin.de>
World,FRT_Ship_LNG,LNG,1,2018,0.2139,,PJ,FVV (2016): Renewables in Transport 2050 + less efficient due to larger tank (+5%),29.08.2024,Nikita Moskalenko <nim@wip.tu-berlin.de>
World,FRT_Ship_LNG,LNG,1,2020,0.2116,,PJ,FVV (2016): Renewables in Transport 2050 + less efficient due to larger tank (+5%),29.08.2024,Nikita Moskalenko <nim@wip.tu-berlin.de>
World,FRT_Ship_LNG,LNG,1,2025,0.2055,,PJ,FVV (2016): Renewables in Transport 2050 + less efficient due to larger tank (+5%),29.08.2024,Nikita Moskalenko <nim@wip.tu-berlin.de>
World,FRT_Ship_LNG,LNG,1,2030,0.1994,,PJ,FVV (2016): Renewables in Transport 2050 + less efficient due to larger tank (+5%),29.08.2024,Nikita Moskalenko <nim@wip.tu-berlin.de>
World,FRT_Ship_LNG,LNG,1,2035,0.1994,,PJ,FVV (2016): Renewables in Transport 2050 + less efficient due to larger tank (+5%),29.08.2024,Nikita Moskalenko <nim@wip.tu-berlin.de>
World,FRT_Ship_LNG,LNG,1,2040,0.1994,,PJ,FVV (2016): Renewables in Transport 2050 + less efficient due to larger tank (+5%),29.08.2024,Nikita Moskalenko <nim@wip.tu-berlin.de>
World,FRT_Ship_LNG,LNG,1,2045,0.1994,,PJ,FVV (2016): Renewables in Transport 2050 + less efficient due to larger tank (+5%),29.08.2024,Nikita Moskalenko <nim@wip.tu-berlin.de>
World,FRT_Ship_LNG,LNG,1,2050,0.1994,,PJ,FVV (2016): Renewables in Transport 2050 + less efficient due to larger tank (+5%),29.08.2024,Nikita Moskalenko <nim@wip.tu-berlin.de>
World,FRT_Ship_LNG,LNG,1,2055,0.1994,,PJ,same as 2050 for now,29.01.2025,Nikita Moskalenko <nim@wip.tu-berlin.de>
World,FRT_Ship_LNG,LNG,1,2060,0.1994,,PJ,same as 2050 for now,29.01.2025,Nikita Moskalenko <nim@wip.tu-berlin.de>
World,HB_Biomass,Biomass,1,2018,1.2195,,PJ,Energy Agency Denmark (2023): Biomass boiler upper (average),20.08.2024,Nikita Moskalenko <nim@wip.tu-berlin.de>
World,HB_Biomass,Biomass,1,2020,1.2136,,PJ,Energy Agency Denmark (2023): Biomass boiler upper (average),20.08.2024,Nikita Moskalenko <nim@wip.tu-berlin.de>
World,HB_Biomass,Biomass,1,2025,1.1155,,PJ,Energy Agency Denmark (2023): Biomass boiler upper (average),20.08.2024,Nikita Moskalenko <nim@wip.tu-berlin.de>
World,HB_Biomass,Biomass,1,2030,1.1014,,PJ,Energy Agency Denmark (2023): Biomass boiler upper (average),20.08.2024,Nikita Moskalenko <nim@wip.tu-berlin.de>
World,HB_Biomass,Biomass,1,2035,1.0877,,PJ,Energy Agency Denmark (2023): Biomass boiler upper (average),20.08.2024,Nikita Moskalenko <nim@wip.tu-berlin.de>
World,HB_Biomass,Biomass,1,2040,1.0743,,PJ,Energy Agency Denmark (2023): Biomass boiler upper (average),20.08.2024,Nikita Moskalenko <nim@wip.tu-berlin.de>
World,HB_Biomass,Biomass,1,2045,1.0613,,PJ,Energy Agency Denmark (2023): Biomass boiler upper (average),20.08.2024,Nikita Moskalenko <nim@wip.tu-berlin.de>
World,HB_Biomass,Biomass,1,2050,1.0485,,PJ,Energy Agency Denmark (2023): Biomass boiler upper (average),20.08.2024,Nikita Moskalenko <nim@wip.tu-berlin.de>
World,HB_Biomass,Biomass,1,2055,1.0485,,PJ,same as 2050 for now,29.01.2025,Nikita Moskalenko <nim@wip.tu-berlin.de>
World,HB_Biomass,Biomass,1,2060,1.0485,,PJ,same as 2050 for now,29.01.2025,Nikita Moskalenko <nim@wip.tu-berlin.de>
World,X_Convert_HD,Heat_District,1,All,1.2048,,PJ,European Commission 2021: Overview of District Heating and Cooling Markets and Regulatory Frameworks under the Revised Renewable Energy Directive (avg losses 17%),23.07.2025,Nikita Moskalenko <nim@wip.tu-berlin.de>
World,HB_Direct_Electric,Power,1,All,1,,PJ,Energy Agency Denmark (2023): Electric Heating,20.08.2024,Nikita Moskalenko <nim@wip.tu-berlin.de>
World,HB_Gas_Boiler,Gas_Natural,1,2018,1.0309,,PJ,Energy Agency Denmark (2023): Gas Boiler single,20.08.2024,Nikita Moskalenko <nim@wip.tu-berlin.de>
World,HB_Gas_Boiler,Gas_Natural,1,2020,1.0309,,PJ,Energy Agency Denmark (2023): Gas Boiler single,20.08.2024,Nikita Moskalenko <nim@wip.tu-berlin.de>
World,HB_Gas_Boiler,Gas_Natural,1,2025,1.0309,,PJ,Energy Agency Denmark (2023): Gas Boiler single,20.08.2024,Nikita Moskalenko <nim@wip.tu-berlin.de>
World,HB_Gas_Boiler,Gas_Natural,1,2030,1.0204,,PJ,Energy Agency Denmark (2023): Gas Boiler single,20.08.2024,Nikita Moskalenko <nim@wip.tu-berlin.de>
World,HB_Gas_Boiler,Gas_Natural,1,2035,1.0152,,PJ,Energy Agency Denmark (2023): Gas Boiler single,20.08.2024,Nikita Moskalenko <nim@wip.tu-berlin.de>
World,HB_Gas_Boiler,Gas_Natural,1,2040,1.0101,,PJ,Energy Agency Denmark (2023): Gas Boiler single,20.08.2024,Nikita Moskalenko <nim@wip.tu-berlin.de>
World,HB_Gas_Boiler,Gas_Natural,1,2045,1.0101,,PJ,Energy Agency Denmark (2023): Gas Boiler single,20.08.2024,Nikita Moskalenko <nim@wip.tu-berlin.de>
World,HB_Gas_Boiler,Gas_Natural,1,2050,1.0101,,PJ,Energy Agency Denmark (2023): Gas Boiler single,20.08.2024,Nikita Moskalenko <nim@wip.tu-berlin.de>
World,HB_Gas_Boiler,Gas_Natural,1,2055,1.0101,,PJ,same as 2050 for now,29.01.2025,Nikita Moskalenko <nim@wip.tu-berlin.de>
World,HB_Gas_Boiler,Gas_Natural,1,2060,1.0101,,PJ,same as 2050 for now,29.01.2025,Nikita Moskalenko <nim@wip.tu-berlin.de>
World,HB_Gas_Boiler,Gas_Bio,2,2018,1.0309,,PJ,Energy Agency Denmark (2023): Gas Boiler single,20.08.2024,Nikita Moskalenko <nim@wip.tu-berlin.de>
World,HB_Gas_Boiler,Gas_Bio,2,2020,1.0309,,PJ,Energy Agency Denmark (2023): Gas Boiler single,20.08.2024,Nikita Moskalenko <nim@wip.tu-berlin.de>
World,HB_Gas_Boiler,Gas_Bio,2,2025,1.0309,,PJ,Energy Agency Denmark (2023): Gas Boiler single,20.08.2024,Nikita Moskalenko <nim@wip.tu-berlin.de>
World,HB_Gas_Boiler,Gas_Bio,2,2030,1.0204,,PJ,Energy Agency Denmark (2023): Gas Boiler single,20.08.2024,Nikita Moskalenko <nim@wip.tu-berlin.de>
World,HB_Gas_Boiler,Gas_Bio,2,2035,1.0152,,PJ,Energy Agency Denmark (2023): Gas Boiler single,20.08.2024,Nikita Moskalenko <nim@wip.tu-berlin.de>
World,HB_Gas_Boiler,Gas_Bio,2,2040,1.0101,,PJ,Energy Agency Denmark (2023): Gas Boiler single,20.08.2024,Nikita Moskalenko <nim@wip.tu-berlin.de>
World,HB_Gas_Boiler,Gas_Bio,2,2045,1.0101,,PJ,Energy Agency Denmark (2023): Gas Boiler single,20.08.2024,Nikita Moskalenko <nim@wip.tu-berlin.de>
World,HB_Gas_Boiler,Gas_Bio,2,2050,1.0101,,PJ,Energy Agency Denmark (2023): Gas Boiler single,20.08.2024,Nikita Moskalenko <nim@wip.tu-berlin.de>
World,HB_Gas_Boiler,Gas_Bio,2,2055,1.0101,,PJ,same as 2050 for now,29.01.2025,Nikita Moskalenko <nim@wip.tu-berlin.de>
World,HB_Gas_Boiler,Gas_Bio,2,2060,1.0101,,PJ,same as 2050 for now,29.01.2025,Nikita Moskalenko <nim@wip.tu-berlin.de>
World,HB_Gas_Boiler,Gas_Synth,3,2018,1.0309,,PJ,Energy Agency Denmark (2023): Gas Boiler single,20.08.2024,Nikita Moskalenko <nim@wip.tu-berlin.de>
World,HB_Gas_Boiler,Gas_Synth,3,2020,1.0309,,PJ,Energy Agency Denmark (2023): Gas Boiler single,20.08.2024,Nikita Moskalenko <nim@wip.tu-berlin.de>
World,HB_Gas_Boiler,Gas_Synth,3,2025,1.0309,,PJ,Energy Agency Denmark (2023): Gas Boiler single,20.08.2024,Nikita Moskalenko <nim@wip.tu-berlin.de>
World,HB_Gas_Boiler,Gas_Synth,3,2030,1.0204,,PJ,Energy Agency Denmark (2023): Gas Boiler single,20.08.2024,Nikita Moskalenko <nim@wip.tu-berlin.de>
World,HB_Gas_Boiler,Gas_Synth,3,2035,1.0152,,PJ,Energy Agency Denmark (2023): Gas Boiler single,20.08.2024,Nikita Moskalenko <nim@wip.tu-berlin.de>
World,HB_Gas_Boiler,Gas_Synth,3,2040,1.0101,,PJ,Energy Agency Denmark (2023): Gas Boiler single,20.08.2024,Nikita Moskalenko <nim@wip.tu-berlin.de>
World,HB_Gas_Boiler,Gas_Synth,3,2045,1.0101,,PJ,Energy Agency Denmark (2023): Gas Boiler single,20.08.2024,Nikita Moskalenko <nim@wip.tu-berlin.de>
World,HB_Gas_Boiler,Gas_Synth,3,2050,1.0101,,PJ,Energy Agency Denmark (2023): Gas Boiler single,20.08.2024,Nikita Moskalenko <nim@wip.tu-berlin.de>
World,HB_Gas_Boiler,Gas_Synth,3,2055,1.0101,,PJ,same as 2050 for now,29.01.2025,Nikita Moskalenko <nim@wip.tu-berlin.de>
World,HB_Gas_Boiler,Gas_Synth,3,2060,1.0101,,PJ,same as 2050 for now,29.01.2025,Nikita Moskalenko <nim@wip.tu-berlin.de>
World,HB_H2_Boiler,H2,1,2018,1.1111,,PJ,Rosenow (2024) and Eunomia (2023: Technical feasibility of hydrogen boilers in homes) and interpolated between 2018 and 2050,20.08.2024,Nikita Moskalenko <nim@wip.tu-berlin.de>
World,HB_H2_Boiler,H2,1,2020,1.1111,,PJ,Rosenow (2024) and Eunomia (2023: Technical feasibility of hydrogen boilers in homes) and interpolated between 2018 and 2050,20.08.2024,Nikita Moskalenko <nim@wip.tu-berlin.de>
World,HB_H2_Boiler,H2,1,2025,1.1029,,PJ,Rosenow (2024) and Eunomia (2023: Technical feasibility of hydrogen boilers in homes) and interpolated between 2018 and 2050,20.08.2024,Nikita Moskalenko <nim@wip.tu-berlin.de>
World,HB_H2_Boiler,H2,1,2030,1.0949,,PJ,Rosenow (2024) and Eunomia (2023: Technical feasibility of hydrogen boilers in homes) and interpolated between 2018 and 2050,20.08.2024,Nikita Moskalenko <nim@wip.tu-berlin.de>
World,HB_H2_Boiler,H2,1,2035,1.087,,PJ,Rosenow (2024) and Eunomia (2023: Technical feasibility of hydrogen boilers in homes) and interpolated between 2018 and 2050,20.08.2024,Nikita Moskalenko <nim@wip.tu-berlin.de>
World,HB_H2_Boiler,H2,1,2040,1.0791,,PJ,Rosenow (2024) and Eunomia (2023: Technical feasibility of hydrogen boilers in homes) and interpolated between 2018 and 2050,20.08.2024,Nikita Moskalenko <nim@wip.tu-berlin.de>
World,HB_H2_Boiler,H2,1,2045,1.0714,,PJ,Rosenow (2024) and Eunomia (2023: Technical feasibility of hydrogen boilers in homes) and interpolated between 2018 and 2050,20.08.2024,Nikita Moskalenko <nim@wip.tu-berlin.de>
World,HB_H2_Boiler,H2,1,2050,1.0638,,PJ,Rosenow (2024) and Eunomia (2023: Technical feasibility of hydrogen boilers in homes) and interpolated between 2018 and 2050,20.08.2024,Nikita Moskalenko <nim@wip.tu-berlin.de>
World,HB_H2_Boiler,H2,1,2055,1.0638,,PJ,same as 2050 for now,29.01.2025,Nikita Moskalenko <nim@wip.tu-berlin.de>
World,HB_H2_Boiler,H2,1,2060,1.0638,,PJ,same as 2050 for now,29.01.2025,Nikita Moskalenko <nim@wip.tu-berlin.de>
World,HB_Hardcoal,Hardcoal,1,2018,1.1364,,PJ,Vakkilainen (2017): Chapter 3,20.08.2024,Nikita Moskalenko <nim@wip.tu-berlin.de>
World,HB_Hardcoal,Hardcoal,1,2020,1.1331,,PJ,Vakkilainen (2017): Chapter 3,20.08.2024,Nikita Moskalenko <nim@wip.tu-berlin.de>
World,HB_Hardcoal,Hardcoal,1,2025,1.1252,,PJ,Vakkilainen (2017): Chapter 3,20.08.2024,Nikita Moskalenko <nim@wip.tu-berlin.de>
World,HB_Hardcoal,Hardcoal,1,2030,1.1173,,PJ,Vakkilainen (2017): Chapter 3,20.08.2024,Nikita Moskalenko <nim@wip.tu-berlin.de>
World,HB_Hardcoal,Hardcoal,1,2035,1.1096,,PJ,Vakkilainen (2017): Chapter 3,20.08.2024,Nikita Moskalenko <nim@wip.tu-berlin.de>
World,HB_Hardcoal,Hardcoal,1,2040,1.1019,,PJ,Vakkilainen (2017): Chapter 3,20.08.2024,Nikita Moskalenko <nim@wip.tu-berlin.de>
World,HB_Hardcoal,Hardcoal,1,2045,1.0944,,PJ,Vakkilainen (2017): Chapter 3,20.08.2024,Nikita Moskalenko <nim@wip.tu-berlin.de>
World,HB_Hardcoal,Hardcoal,1,2050,1.087,,PJ,Vakkilainen (2017): Chapter 3,20.08.2024,Nikita Moskalenko <nim@wip.tu-berlin.de>
World,HB_Hardcoal,Hardcoal,1,2055,1.087,,PJ,same as 2050 for now,29.01.2025,Nikita Moskalenko <nim@wip.tu-berlin.de>
World,HB_Hardcoal,Hardcoal,1,2060,1.087,,PJ,same as 2050 for now,29.01.2025,Nikita Moskalenko <nim@wip.tu-berlin.de>
World,HB_Heatpump_Aerial,Power,1,2018,0.3404,,PJ,Energy Agency Denmark (2023): HP air-water (average),20.08.2024,Nikita Moskalenko <nim@wip.tu-berlin.de>
World,HB_Heatpump_Aerial,Power,1,2020,0.3404,,PJ,Energy Agency Denmark (2023): HP air-water (average),20.08.2024,Nikita Moskalenko <nim@wip.tu-berlin.de>
World,HB_Heatpump_Aerial,Power,1,2025,0.3239,,PJ,Energy Agency Denmark (2023): HP air-water (average),20.08.2024,Nikita Moskalenko <nim@wip.tu-berlin.de>
World,HB_Heatpump_Aerial,Power,1,2030,0.3101,,PJ,Energy Agency Denmark (2023): HP air-water (average),20.08.2024,Nikita Moskalenko <nim@wip.tu-berlin.de>
World,HB_Heatpump_Aerial,Power,1,2035,0.303,,PJ,Energy Agency Denmark (2023): HP air-water (average),20.08.2024,Nikita Moskalenko <nim@wip.tu-berlin.de>
World,HB_Heatpump_Aerial,Power,1,2040,0.2963,,PJ,Energy Agency Denmark (2023): HP air-water (average),20.08.2024,Nikita Moskalenko <nim@wip.tu-berlin.de>
World,HB_Heatpump_Aerial,Power,1,2045,0.2914,,PJ,Energy Agency Denmark (2023): HP air-water (average),20.08.2024,Nikita Moskalenko <nim@wip.tu-berlin.de>
World,HB_Heatpump_Aerial,Power,1,2050,0.2867,,PJ,Energy Agency Denmark (2023): HP air-water (average),20.08.2024,Nikita Moskalenko <nim@wip.tu-berlin.de>
World,HB_Heatpump_Aerial,Power,1,2055,0.2867,,PJ,same as 2050 for now,29.01.2025,Nikita Moskalenko <nim@wip.tu-berlin.de>
World,HB_Heatpump_Aerial,Power,1,2060,0.2867,,PJ,same as 2050 for now,29.01.2025,Nikita Moskalenko <nim@wip.tu-berlin.de>
World,HB_Heatpump_Ground,Power,1,2018,0.3125,,PJ,Energy Agency Denmark (2023): HP ground-water (average),20.08.2024,Nikita Moskalenko <nim@wip.tu-berlin.de>
World,HB_Heatpump_Ground,Power,1,2020,0.3125,,PJ,Energy Agency Denmark (2023): HP ground-water (average),20.08.2024,Nikita Moskalenko <nim@wip.tu-berlin.de>
World,HB_Heatpump_Ground,Power,1,2025,0.303,,PJ,Energy Agency Denmark (2023): HP ground-water (average),20.08.2024,Nikita Moskalenko <nim@wip.tu-berlin.de>
World,HB_Heatpump_Ground,Power,1,2030,0.2941,,PJ,Energy Agency Denmark (2023): HP ground-water (average),20.08.2024,Nikita Moskalenko <nim@wip.tu-berlin.de>
World,HB_Heatpump_Ground,Power,1,2035,0.2878,,PJ,Energy Agency Denmark (2023): HP ground-water (average),20.08.2024,Nikita Moskalenko <nim@wip.tu-berlin.de>
World,HB_Heatpump_Ground,Power,1,2040,0.2817,,PJ,Energy Agency Denmark (2023): HP ground-water (average),20.08.2024,Nikita Moskalenko <nim@wip.tu-berlin.de>
World,HB_Heatpump_Ground,Power,1,2045,0.2778,,PJ,Energy Agency Denmark (2023): HP ground-water (average),20.08.2024,Nikita Moskalenko <nim@wip.tu-berlin.de>
World,HB_Heatpump_Ground,Power,1,2050,0.274,,PJ,Energy Agency Denmark (2023): HP ground-water (average),20.08.2024,Nikita Moskalenko <nim@wip.tu-berlin.de>
World,HB_Heatpump_Ground,Power,1,2055,0.274,,PJ,same as 2050 for now,29.01.2025,Nikita Moskalenko <nim@wip.tu-berlin.de>
World,HB_Heatpump_Ground,Power,1,2060,0.274,,PJ,same as 2050 for now,29.01.2025,Nikita Moskalenko <nim@wip.tu-berlin.de>
World,HB_Lignite,Lignite,1,2018,1.1364,,PJ,Vakkilainen (2017): Chapter 3,20.08.2024,Nikita Moskalenko <nim@wip.tu-berlin.de>
World,HB_Lignite,Lignite,1,2020,1.1331,,PJ,Vakkilainen (2017): Chapter 3,20.08.2024,Nikita Moskalenko <nim@wip.tu-berlin.de>
World,HB_Lignite,Lignite,1,2025,1.1252,,PJ,Vakkilainen (2017): Chapter 3,20.08.2024,Nikita Moskalenko <nim@wip.tu-berlin.de>
World,HB_Lignite,Lignite,1,2030,1.1173,,PJ,Vakkilainen (2017): Chapter 3,20.08.2024,Nikita Moskalenko <nim@wip.tu-berlin.de>
World,HB_Lignite,Lignite,1,2035,1.1096,,PJ,Vakkilainen (2017): Chapter 3,20.08.2024,Nikita Moskalenko <nim@wip.tu-berlin.de>
World,HB_Lignite,Lignite,1,2040,1.1019,,PJ,Vakkilainen (2017): Chapter 3,20.08.2024,Nikita Moskalenko <nim@wip.tu-berlin.de>
World,HB_Lignite,Lignite,1,2045,1.0944,,PJ,Vakkilainen (2017): Chapter 3,20.08.2024,Nikita Moskalenko <nim@wip.tu-berlin.de>
World,HB_Lignite,Lignite,1,2050,1.087,,PJ,Vakkilainen (2017): Chapter 3,20.08.2024,Nikita Moskalenko <nim@wip.tu-berlin.de>
World,HB_Lignite,Lignite,1,2055,1.087,,PJ,same as 2050 for now,29.01.2025,Nikita Moskalenko <nim@wip.tu-berlin.de>
World,HB_Lignite,Lignite,1,2060,1.087,,PJ,same as 2050 for now,29.01.2025,Nikita Moskalenko <nim@wip.tu-berlin.de>
World,HB_Oil_Boiler,Oil,1,2018,1.087,,PJ,Energy Agency Denmark (2023): Oil Boiler,20.08.2024,Nikita Moskalenko <nim@wip.tu-berlin.de>
World,HB_Oil_Boiler,Oil,1,2020,1.087,,PJ,Energy Agency Denmark (2023): Oil Boiler,20.08.2024,Nikita Moskalenko <nim@wip.tu-berlin.de>
World,HB_Oil_Boiler,Oil,1,2025,1.087,,PJ,Energy Agency Denmark (2023): Oil Boiler,20.08.2024,Nikita Moskalenko <nim@wip.tu-berlin.de>
World,HB_Oil_Boiler,Oil,1,2030,1.0753,,PJ,Energy Agency Denmark (2023): Oil Boiler,20.08.2024,Nikita Moskalenko <nim@wip.tu-berlin.de>
World,HB_Oil_Boiler,Oil,1,2035,1.0695,,PJ,Energy Agency Denmark (2023): Oil Boiler,20.08.2024,Nikita Moskalenko <nim@wip.tu-berlin.de>
World,HB_Oil_Boiler,Oil,1,2040,1.0638,,PJ,Energy Agency Denmark (2023): Oil Boiler,20.08.2024,Nikita Moskalenko <nim@wip.tu-berlin.de>
World,HB_Oil_Boiler,Oil,1,2045,1.0582,,PJ,Energy Agency Denmark (2023): Oil Boiler,20.08.2024,Nikita Moskalenko <nim@wip.tu-berlin.de>
World,HB_Oil_Boiler,Oil,1,2050,1.0526,,PJ,Energy Agency Denmark (2023): Oil Boiler,20.08.2024,Nikita Moskalenko <nim@wip.tu-berlin.de>
World,HB_Oil_Boiler,Oil,1,2055,1.0526,,PJ,same as 2050 for now,29.01.2025,Nikita Moskalenko <nim@wip.tu-berlin.de>
World,HB_Oil_Boiler,Oil,1,2060,1.0526,,PJ,same as 2050 for now,29.01.2025,Nikita Moskalenko <nim@wip.tu-berlin.de>
World,HB_Solar_Thermal,Area_Rooftop_Residential,1,2018,0.1658,,km2,,,
World,HB_Solar_Thermal,Area_Rooftop_Residential,1,2020,0.1658,,km2,,,
World,HB_Solar_Thermal,Area_Rooftop_Residential,1,2025,0.1658,,km2,,,
World,HB_Solar_Thermal,Area_Rooftop_Residential,1,2030,0.1658,,km2,,,
World,HB_Solar_Thermal,Area_Rooftop_Residential,1,2035,0.1658,,km2,,,
World,HB_Solar_Thermal,Area_Rooftop_Residential,1,2040,0.1658,,km2,,,
World,HB_Solar_Thermal,Area_Rooftop_Residential,1,2045,0.1658,,km2,,,
World,HB_Solar_Thermal,Area_Rooftop_Residential,1,2050,0.1658,,km2,,,
World,HB_Solar_Thermal,Area_Rooftop_Residential,1,2055,0.1658,,km2,same as 2050 for now,29.01.2025,Nikita Moskalenko <nim@wip.tu-berlin.de>
World,HB_Solar_Thermal,Area_Rooftop_Residential,1,2060,0.1658,,km2,same as 2050 for now,29.01.2025,Nikita Moskalenko <nim@wip.tu-berlin.de>
World,HD_Electric_Boiler,Power,1,All,1.01,,PJ,DEA â€“ Technology data for El and DH - Electric boiler - assumed 99%,11.10.2024,Stian Backe <stian.backe@sintef.no>
World,HD_Geothermal,Power,1,All,0.2,,PJ,DEA â€“ Technology data for El and DH - Geoth. DH electric heat pump (not incl. absorption HP) - Assumed SCOP=5,11.10.2024,Stian Backe <stian.backe@sintef.no>
World,HD_Heatpump_Air,Power,1,2018,0.29,,PJ,"DEA â€“ Technology data for El and DH - Comp. hp, airsource 10MW - need time series",11.10.2024,Stian Backe <stian.backe@sintef.no>
World,HD_Heatpump_Air,Power,1,2020,0.29,,PJ,"DEA â€“ Technology data for El and DH - Comp. hp, airsource 10MW - need time series",11.10.2024,Stian Backe <stian.backe@sintef.no>
World,HD_Heatpump_Air,Power,1,2025,0.29,,PJ,"DEA â€“ Technology data for El and DH - Comp. hp, airsource 10MW - need time series",11.10.2024,Stian Backe <stian.backe@sintef.no>
World,HD_Heatpump_Air,Power,1,2030,0.28,,PJ,"DEA â€“ Technology data for El and DH - Comp. hp, airsource 10MW - need time series",11.10.2024,Stian Backe <stian.backe@sintef.no>
World,HD_Heatpump_Air,Power,1,2035,0.28,,PJ,"DEA â€“ Technology data for El and DH - Comp. hp, airsource 10MW - need time series",11.10.2024,Stian Backe <stian.backe@sintef.no>
World,HD_Heatpump_Air,Power,1,2040,0.28,,PJ,"DEA â€“ Technology data for El and DH - Comp. hp, airsource 10MW - need time series",11.10.2024,Stian Backe <stian.backe@sintef.no>
World,HD_Heatpump_Air,Power,1,2045,0.28,,PJ,"DEA â€“ Technology data for El and DH - Comp. hp, airsource 10MW - need time series",11.10.2024,Stian Backe <stian.backe@sintef.no>
World,HD_Heatpump_Air,Power,1,2050,0.28,,PJ,"DEA â€“ Technology data for El and DH - Comp. hp, airsource 10MW - need time series",11.10.2024,Stian Backe <stian.backe@sintef.no>
World,HD_Heatpump_Air,Power,1,2055,0.28,,PJ,same as 2050 for now,29.01.2025,Nikita Moskalenko <nim@wip.tu-berlin.de>
World,HD_Heatpump_Air,Power,1,2060,0.28,,PJ,same as 2050 for now,29.01.2025,Nikita Moskalenko <nim@wip.tu-berlin.de>
World,HD_Heatpump_ExcessHeat,Power,1,2018,0.2,,PJ,"DEA â€“ Technology data for El and DH - Comp. hp, excess heat 10MW - need time series",11.10.2024,Stian Backe <stian.backe@sintef.no>
World,HD_Heatpump_ExcessHeat,Power,1,2020,0.2,,PJ,"DEA â€“ Technology data for El and DH - Comp. hp, excess heat 10MW - need time series",11.10.2024,Stian Backe <stian.backe@sintef.no>
World,HD_Heatpump_ExcessHeat,Power,1,2025,0.2,,PJ,"DEA â€“ Technology data for El and DH - Comp. hp, excess heat 10MW - need time series",11.10.2024,Stian Backe <stian.backe@sintef.no>
World,HD_Heatpump_ExcessHeat,Power,1,2030,0.19,,PJ,"DEA â€“ Technology data for El and DH - Comp. hp, excess heat 10MW - need time series",11.10.2024,Stian Backe <stian.backe@sintef.no>
World,HD_Heatpump_ExcessHeat,Power,1,2035,0.19,,PJ,"DEA â€“ Technology data for El and DH - Comp. hp, excess heat 10MW - need time series",11.10.2024,Stian Backe <stian.backe@sintef.no>
World,HD_Heatpump_ExcessHeat,Power,1,2040,0.19,,PJ,"DEA â€“ Technology data for El and DH - Comp. hp, excess heat 10MW - need time series",11.10.2024,Stian Backe <stian.backe@sintef.no>
World,HD_Heatpump_ExcessHeat,Power,1,2045,0.19,,PJ,"DEA â€“ Technology data for El and DH - Comp. hp, excess heat 10MW - need time series",11.10.2024,Stian Backe <stian.backe@sintef.no>
World,HD_Heatpump_ExcessHeat,Power,1,2050,0.19,,PJ,"DEA â€“ Technology data for El and DH - Comp. hp, excess heat 10MW - need time series",11.10.2024,Stian Backe <stian.backe@sintef.no>
World,HD_Heatpump_ExcessHeat,Power,1,2055,0.19,,PJ,same as 2050 for now,29.01.2025,Nikita Moskalenko <nim@wip.tu-berlin.de>
World,HD_Heatpump_ExcessHeat,Power,1,2060,0.19,,PJ,same as 2050 for now,29.01.2025,Nikita Moskalenko <nim@wip.tu-berlin.de>
World,HHI_BF_BOF,Hardcoal,1,2018,1.5873,,PJ,Fraunhofer et al. (2016): Mapping and analyses of the current and future (2020 - 2030) heating/cooling fuel deployment (fossil/renewables),04.09.2024,Nikita Moskalenko <nim@wip.tu-berlin.de>
World,HHI_BF_BOF,Hardcoal,1,2020,1.5873,,PJ,Fraunhofer et al. (2016): Mapping and analyses of the current and future (2020 - 2030) heating/cooling fuel deployment (fossil/renewables),04.09.2024,Nikita Moskalenko <nim@wip.tu-berlin.de>
World,HHI_BF_BOF,Hardcoal,1,2025,1.5873,,PJ,Fraunhofer et al. (2016): Mapping and analyses of the current and future (2020 - 2030) heating/cooling fuel deployment (fossil/renewables),04.09.2024,Nikita Moskalenko <nim@wip.tu-berlin.de>
World,HHI_BF_BOF,Hardcoal,1,2030,1.5873,,PJ,Fraunhofer et al. (2016): Mapping and analyses of the current and future (2020 - 2030) heating/cooling fuel deployment (fossil/renewables),04.09.2024,Nikita Moskalenko <nim@wip.tu-berlin.de>
World,HHI_BF_BOF,Hardcoal,1,2035,1.5873,,PJ,Fraunhofer et al. (2016): Mapping and analyses of the current and future (2020 - 2030) heating/cooling fuel deployment (fossil/renewables),04.09.2024,Nikita Moskalenko <nim@wip.tu-berlin.de>
World,HHI_BF_BOF,Hardcoal,1,2040,1.5873,,PJ,Fraunhofer et al. (2016): Mapping and analyses of the current and future (2020 - 2030) heating/cooling fuel deployment (fossil/renewables),04.09.2024,Nikita Moskalenko <nim@wip.tu-berlin.de>
World,HHI_BF_BOF,Hardcoal,1,2045,1.5873,,PJ,Fraunhofer et al. (2016): Mapping and analyses of the current and future (2020 - 2030) heating/cooling fuel deployment (fossil/renewables),04.09.2024,Nikita Moskalenko <nim@wip.tu-berlin.de>
World,HHI_BF_BOF,Hardcoal,1,2050,1.5873,,PJ,Fraunhofer et al. (2016): Mapping and analyses of the current and future (2020 - 2030) heating/cooling fuel deployment (fossil/renewables),04.09.2024,Nikita Moskalenko <nim@wip.tu-berlin.de>
World,HHI_BF_BOF,Hardcoal,1,2055,1.5873,,PJ,same as 2050 for now,29.01.2025,Nikita Moskalenko <nim@wip.tu-berlin.de>
World,HHI_BF_BOF,Hardcoal,1,2060,1.5873,,PJ,same as 2050 for now,29.01.2025,Nikita Moskalenko <nim@wip.tu-berlin.de>
World,HHI_BF_BOF,Gas_Natural,2,2018,0.4004,,PJ,,,
World,HHI_BF_BOF,Gas_Natural,2,2020,0.3952,,PJ,,,
World,HHI_BF_BOF,Gas_Natural,2,2025,0.39,,PJ,,,
World,HHI_BF_BOF,Gas_Natural,2,2030,0.3848,,PJ,,,
World,HHI_BF_BOF,Gas_Natural,2,2035,0.3796,,PJ,,,
World,HHI_BF_BOF,Gas_Natural,2,2040,0.3744,,PJ,,,
World,HHI_BF_BOF,Gas_Natural,2,2045,0.3692,,PJ,,,
World,HHI_BF_BOF,Gas_Natural,2,2050,0.364,,PJ,,,
World,HHI_BF_BOF,Gas_Natural,2,2055,0.364,,PJ,same as 2050 for now,29.01.2025,Nikita Moskalenko <nim@wip.tu-berlin.de>
World,HHI_BF_BOF,Gas_Natural,2,2060,0.364,,PJ,same as 2050 for now,29.01.2025,Nikita Moskalenko <nim@wip.tu-berlin.de>
World,HHI_BF_BOF,Hardcoal,2,2018,1.6017,,PJ,,,
World,HHI_BF_BOF,Hardcoal,2,2020,1.5809,,PJ,,,
World,HHI_BF_BOF,Hardcoal,2,2025,1.5601,,PJ,,,
World,HHI_BF_BOF,Hardcoal,2,2030,1.5393,,PJ,,,
World,HHI_BF_BOF,Hardcoal,2,2035,1.5185,,PJ,,,
World,HHI_BF_BOF,Hardcoal,2,2040,1.4977,,PJ,,,
World,HHI_BF_BOF,Hardcoal,2,2045,1.4769,,PJ,,,
World,HHI_BF_BOF,Hardcoal,2,2050,1.4561,,PJ,,,
World,HHI_BF_BOF,Hardcoal,2,2055,1.4561,,PJ,same as 2050 for now,29.01.2025,Nikita Moskalenko <nim@wip.tu-berlin.de>
World,HHI_BF_BOF,Hardcoal,2,2060,1.4561,,PJ,same as 2050 for now,29.01.2025,Nikita Moskalenko <nim@wip.tu-berlin.de>
World,HHI_BF_BOF,Gas_Synth,3,2018,0.4004,,PJ,,,
World,HHI_BF_BOF,Gas_Synth,3,2020,0.3952,,PJ,,,
World,HHI_BF_BOF,Gas_Synth,3,2025,0.39,,PJ,,,
World,HHI_BF_BOF,Gas_Synth,3,2030,0.3848,,PJ,,,
World,HHI_BF_BOF,Gas_Synth,3,2035,0.3796,,PJ,,,
World,HHI_BF_BOF,Gas_Synth,3,2040,0.3744,,PJ,,,
World,HHI_BF_BOF,Gas_Synth,3,2045,0.3692,,PJ,,,
World,HHI_BF_BOF,Gas_Synth,3,2050,0.364,,PJ,,,
World,HHI_BF_BOF,Gas_Synth,3,2055,0.364,,PJ,same as 2050 for now,29.01.2025,Nikita Moskalenko <nim@wip.tu-berlin.de>
World,HHI_BF_BOF,Gas_Synth,3,2060,0.364,,PJ,same as 2050 for now,29.01.2025,Nikita Moskalenko <nim@wip.tu-berlin.de>
World,HHI_BF_BOF,Hardcoal,3,2018,1.6017,,PJ,,,
World,HHI_BF_BOF,Hardcoal,3,2020,1.5809,,PJ,,,
World,HHI_BF_BOF,Hardcoal,3,2025,1.5601,,PJ,,,
World,HHI_BF_BOF,Hardcoal,3,2030,1.5393,,PJ,,,
World,HHI_BF_BOF,Hardcoal,3,2035,1.5185,,PJ,,,
World,HHI_BF_BOF,Hardcoal,3,2040,1.4977,,PJ,,,
World,HHI_BF_BOF,Hardcoal,3,2045,1.4769,,PJ,,,
World,HHI_BF_BOF,Hardcoal,3,2050,1.4561,,PJ,,,
World,HHI_BF_BOF,Hardcoal,3,2055,1.4561,,PJ,same as 2050 for now,29.01.2025,Nikita Moskalenko <nim@wip.tu-berlin.de>
World,HHI_BF_BOF,Hardcoal,3,2060,1.4561,,PJ,same as 2050 for now,29.01.2025,Nikita Moskalenko <nim@wip.tu-berlin.de>
World,HHI_BF_BOF,Gas_Bio,4,2018,0.4004,,PJ,,,
World,HHI_BF_BOF,Gas_Bio,4,2020,0.3952,,PJ,,,
World,HHI_BF_BOF,Gas_Bio,4,2025,0.39,,PJ,,,
World,HHI_BF_BOF,Gas_Bio,4,2030,0.3848,,PJ,,,
World,HHI_BF_BOF,Gas_Bio,4,2035,0.3796,,PJ,,,
World,HHI_BF_BOF,Gas_Bio,4,2040,0.3744,,PJ,,,
World,HHI_BF_BOF,Gas_Bio,4,2045,0.3692,,PJ,,,
World,HHI_BF_BOF,Gas_Bio,4,2050,0.364,,PJ,,,
World,HHI_BF_BOF,Gas_Bio,4,2055,0.364,,PJ,same as 2050 for now,29.01.2025,Nikita Moskalenko <nim@wip.tu-berlin.de>
World,HHI_BF_BOF,Gas_Bio,4,2060,0.364,,PJ,same as 2050 for now,29.01.2025,Nikita Moskalenko <nim@wip.tu-berlin.de>
World,HHI_BF_BOF,Hardcoal,4,2018,1.6017,,PJ,,,
World,HHI_BF_BOF,Hardcoal,4,2020,1.5809,,PJ,,,
World,HHI_BF_BOF,Hardcoal,4,2025,1.5601,,PJ,,,
World,HHI_BF_BOF,Hardcoal,4,2030,1.5393,,PJ,,,
World,HHI_BF_BOF,Hardcoal,4,2035,1.5185,,PJ,,,
World,HHI_BF_BOF,Hardcoal,4,2040,1.4977,,PJ,,,
World,HHI_BF_BOF,Hardcoal,4,2045,1.4769,,PJ,,,
World,HHI_BF_BOF,Hardcoal,4,2050,1.4561,,PJ,,,
World,HHI_BF_BOF,Hardcoal,4,2055,1.4561,,PJ,same as 2050 for now,29.01.2025,Nikita Moskalenko <nim@wip.tu-berlin.de>
World,HHI_BF_BOF,Hardcoal,4,2060,1.4561,,PJ,same as 2050 for now,29.01.2025,Nikita Moskalenko <nim@wip.tu-berlin.de>
World,HHI_BF_BOF_CCS,Hardcoal,1,2018,2.2624,,PJ,,,
World,HHI_BF_BOF_CCS,Hardcoal,1,2020,2.2331,,PJ,,,
World,HHI_BF_BOF_CCS,Hardcoal,1,2025,2.2037,,PJ,,,
World,HHI_BF_BOF_CCS,Hardcoal,1,2030,2.1743,,PJ,,,
World,HHI_BF_BOF_CCS,Hardcoal,1,2035,2.1449,,PJ,,,
World,HHI_BF_BOF_CCS,Hardcoal,1,2040,2.1155,,PJ,,,
World,HHI_BF_BOF_CCS,Hardcoal,1,2045,2.0861,,PJ,,,
World,HHI_BF_BOF_CCS,Hardcoal,1,2050,2.0568,,PJ,,,
World,HHI_BF_BOF_CCS,Hardcoal,1,2055,2.0568,,PJ,same as 2050 for now,29.01.2025,Nikita Moskalenko <nim@wip.tu-berlin.de>
World,HHI_BF_BOF_CCS,Hardcoal,1,2060,2.0568,,PJ,same as 2050 for now,29.01.2025,Nikita Moskalenko <nim@wip.tu-berlin.de>
World,HHI_BF_BOF_CCS,Gas_Natural,2,2018,0.4004,,PJ,,,
World,HHI_BF_BOF_CCS,Gas_Natural,2,2020,0.3952,,PJ,,,
World,HHI_BF_BOF_CCS,Gas_Natural,2,2025,0.39,,PJ,,,
World,HHI_BF_BOF_CCS,Gas_Natural,2,2030,0.3848,,PJ,,,
World,HHI_BF_BOF_CCS,Gas_Natural,2,2035,0.3796,,PJ,,,
World,HHI_BF_BOF_CCS,Gas_Natural,2,2040,0.3744,,PJ,,,
World,HHI_BF_BOF_CCS,Gas_Natural,2,2045,0.3692,,PJ,,,
World,HHI_BF_BOF_CCS,Gas_Natural,2,2050,0.364,,PJ,,,
World,HHI_BF_BOF_CCS,Gas_Natural,2,2055,0.364,,PJ,same as 2050 for now,29.01.2025,Nikita Moskalenko <nim@wip.tu-berlin.de>
World,HHI_BF_BOF_CCS,Gas_Natural,2,2060,0.364,,PJ,same as 2050 for now,29.01.2025,Nikita Moskalenko <nim@wip.tu-berlin.de>
World,HHI_BF_BOF_CCS,Hardcoal,2,2018,1.6017,,PJ,,,
World,HHI_BF_BOF_CCS,Hardcoal,2,2020,1.5809,,PJ,,,
World,HHI_BF_BOF_CCS,Hardcoal,2,2025,1.5601,,PJ,,,
World,HHI_BF_BOF_CCS,Hardcoal,2,2030,1.5393,,PJ,,,
World,HHI_BF_BOF_CCS,Hardcoal,2,2035,1.5185,,PJ,,,
World,HHI_BF_BOF_CCS,Hardcoal,2,2040,1.4977,,PJ,,,
World,HHI_BF_BOF_CCS,Hardcoal,2,2045,1.4769,,PJ,,,
World,HHI_BF_BOF_CCS,Hardcoal,2,2050,1.4561,,PJ,,,
World,HHI_BF_BOF_CCS,Hardcoal,2,2055,1.4561,,PJ,same as 2050 for now,29.01.2025,Nikita Moskalenko <nim@wip.tu-berlin.de>
World,HHI_BF_BOF_CCS,Hardcoal,2,2060,1.4561,,PJ,same as 2050 for now,29.01.2025,Nikita Moskalenko <nim@wip.tu-berlin.de>
World,HHI_BF_BOF_CCS,Gas_Synth,3,2018,0.4004,,PJ,,,
World,HHI_BF_BOF_CCS,Gas_Synth,3,2020,0.3952,,PJ,,,
World,HHI_BF_BOF_CCS,Gas_Synth,3,2025,0.39,,PJ,,,
World,HHI_BF_BOF_CCS,Gas_Synth,3,2030,0.3848,,PJ,,,
World,HHI_BF_BOF_CCS,Gas_Synth,3,2035,0.3796,,PJ,,,
World,HHI_BF_BOF_CCS,Gas_Synth,3,2040,0.3744,,PJ,,,
World,HHI_BF_BOF_CCS,Gas_Synth,3,2045,0.3692,,PJ,,,
World,HHI_BF_BOF_CCS,Gas_Synth,3,2050,0.364,,PJ,,,
World,HHI_BF_BOF_CCS,Gas_Synth,3,2055,0.364,,PJ,same as 2050 for now,29.01.2025,Nikita Moskalenko <nim@wip.tu-berlin.de>
World,HHI_BF_BOF_CCS,Gas_Synth,3,2060,0.364,,PJ,same as 2050 for now,29.01.2025,Nikita Moskalenko <nim@wip.tu-berlin.de>
World,HHI_BF_BOF_CCS,Hardcoal,3,2018,1.6017,,PJ,,,
World,HHI_BF_BOF_CCS,Hardcoal,3,2020,1.5809,,PJ,,,
World,HHI_BF_BOF_CCS,Hardcoal,3,2025,1.5601,,PJ,,,
World,HHI_BF_BOF_CCS,Hardcoal,3,2030,1.5393,,PJ,,,
World,HHI_BF_BOF_CCS,Hardcoal,3,2035,1.5185,,PJ,,,
World,HHI_BF_BOF_CCS,Hardcoal,3,2040,1.4977,,PJ,,,
World,HHI_BF_BOF_CCS,Hardcoal,3,2045,1.4769,,PJ,,,
World,HHI_BF_BOF_CCS,Hardcoal,3,2050,1.4561,,PJ,,,
World,HHI_BF_BOF_CCS,Hardcoal,3,2055,1.4561,,PJ,same as 2050 for now,29.01.2025,Nikita Moskalenko <nim@wip.tu-berlin.de>
World,HHI_BF_BOF_CCS,Hardcoal,3,2060,1.4561,,PJ,same as 2050 for now,29.01.2025,Nikita Moskalenko <nim@wip.tu-berlin.de>
World,HHI_BF_BOF_CCS,Gas_Bio,4,2018,0.4004,,PJ,,,
World,HHI_BF_BOF_CCS,Gas_Bio,4,2020,0.3952,,PJ,,,
World,HHI_BF_BOF_CCS,Gas_Bio,4,2025,0.39,,PJ,,,
World,HHI_BF_BOF_CCS,Gas_Bio,4,2030,0.3848,,PJ,,,
World,HHI_BF_BOF_CCS,Gas_Bio,4,2035,0.3796,,PJ,,,
World,HHI_BF_BOF_CCS,Gas_Bio,4,2040,0.3744,,PJ,,,
World,HHI_BF_BOF_CCS,Gas_Bio,4,2045,0.3692,,PJ,,,
World,HHI_BF_BOF_CCS,Gas_Bio,4,2050,0.364,,PJ,,,
World,HHI_BF_BOF_CCS,Gas_Bio,4,2055,0.364,,PJ,same as 2050 for now,29.01.2025,Nikita Moskalenko <nim@wip.tu-berlin.de>
World,HHI_BF_BOF_CCS,Gas_Bio,4,2060,0.364,,PJ,same as 2050 for now,29.01.2025,Nikita Moskalenko <nim@wip.tu-berlin.de>
World,HHI_BF_BOF_CCS,Hardcoal,4,2018,1.6017,,PJ,,,
World,HHI_BF_BOF_CCS,Hardcoal,4,2020,1.5809,,PJ,,,
World,HHI_BF_BOF_CCS,Hardcoal,4,2025,1.5601,,PJ,,,
World,HHI_BF_BOF_CCS,Hardcoal,4,2030,1.5393,,PJ,,,
World,HHI_BF_BOF_CCS,Hardcoal,4,2035,1.5185,,PJ,,,
World,HHI_BF_BOF_CCS,Hardcoal,4,2040,1.4977,,PJ,,,
World,HHI_BF_BOF_CCS,Hardcoal,4,2045,1.4769,,PJ,,,
World,HHI_BF_BOF_CCS,Hardcoal,4,2050,1.4561,,PJ,,,
World,HHI_BF_BOF_CCS,Hardcoal,4,2055,1.4561,,PJ,same as 2050 for now,29.01.2025,Nikita Moskalenko <nim@wip.tu-berlin.de>
World,HHI_BF_BOF_CCS,Hardcoal,4,2060,1.4561,,PJ,same as 2050 for now,29.01.2025,Nikita Moskalenko <nim@wip.tu-berlin.de>
World,HHI_Bio_BF_BOF,Biomass,1,2018,2.0453,,PJ,,,
World,HHI_Bio_BF_BOF,Biomass,1,2020,2.0187,,PJ,,,
World,HHI_Bio_BF_BOF,Biomass,1,2025,1.9921,,PJ,,,
World,HHI_Bio_BF_BOF,Biomass,1,2030,1.9656,,PJ,,,
World,HHI_Bio_BF_BOF,Biomass,1,2035,1.939,,PJ,,,
World,HHI_Bio_BF_BOF,Biomass,1,2040,1.9124,,PJ,,,
World,HHI_Bio_BF_BOF,Biomass,1,2045,1.8859,,PJ,,,
World,HHI_Bio_BF_BOF,Biomass,1,2050,1.8593,,PJ,,,
World,HHI_Bio_BF_BOF,Biomass,1,2055,1.8593,,PJ,same as 2050 for now,29.01.2025,Nikita Moskalenko <nim@wip.tu-berlin.de>
World,HHI_Bio_BF_BOF,Biomass,1,2060,1.8593,,PJ,same as 2050 for now,29.01.2025,Nikita Moskalenko <nim@wip.tu-berlin.de>
World,HHI_Bio_BF_BOF,Gas_Natural,1,2018,0.5113,,PJ,,,
World,HHI_Bio_BF_BOF,Gas_Natural,1,2020,0.5047,,PJ,,,
World,HHI_Bio_BF_BOF,Gas_Natural,1,2025,0.498,,PJ,,,
World,HHI_Bio_BF_BOF,Gas_Natural,1,2030,0.4914,,PJ,,,
World,HHI_Bio_BF_BOF,Gas_Natural,1,2035,0.4848,,PJ,,,
World,HHI_Bio_BF_BOF,Gas_Natural,1,2040,0.4781,,PJ,,,
World,HHI_Bio_BF_BOF,Gas_Natural,1,2045,0.4715,,PJ,,,
World,HHI_Bio_BF_BOF,Gas_Natural,1,2050,0.4648,,PJ,,,
World,HHI_Bio_BF_BOF,Gas_Natural,1,2055,0.4648,,PJ,same as 2050 for now,29.01.2025,Nikita Moskalenko <nim@wip.tu-berlin.de>
World,HHI_Bio_BF_BOF,Gas_Natural,1,2060,0.4648,,PJ,same as 2050 for now,29.01.2025,Nikita Moskalenko <nim@wip.tu-berlin.de>
World,HHI_Bio_BF_BOF,Biomass,2,2018,2.0453,,PJ,,,
World,HHI_Bio_BF_BOF,Biomass,2,2020,2.0187,,PJ,,,
World,HHI_Bio_BF_BOF,Biomass,2,2025,1.9921,,PJ,,,
World,HHI_Bio_BF_BOF,Biomass,2,2030,1.9656,,PJ,,,
World,HHI_Bio_BF_BOF,Biomass,2,2035,1.939,,PJ,,,
World,HHI_Bio_BF_BOF,Biomass,2,2040,1.9124,,PJ,,,
World,HHI_Bio_BF_BOF,Biomass,2,2045,1.8859,,PJ,,,
World,HHI_Bio_BF_BOF,Biomass,2,2050,1.8593,,PJ,,,
World,HHI_Bio_BF_BOF,Biomass,2,2055,1.8593,,PJ,same as 2050 for now,29.01.2025,Nikita Moskalenko <nim@wip.tu-berlin.de>
World,HHI_Bio_BF_BOF,Biomass,2,2060,1.8593,,PJ,same as 2050 for now,29.01.2025,Nikita Moskalenko <nim@wip.tu-berlin.de>
World,HHI_Bio_BF_BOF,Gas_Synth,2,2018,0.5113,,PJ,,,
World,HHI_Bio_BF_BOF,Gas_Synth,2,2020,0.5047,,PJ,,,
World,HHI_Bio_BF_BOF,Gas_Synth,2,2025,0.498,,PJ,,,
World,HHI_Bio_BF_BOF,Gas_Synth,2,2030,0.4914,,PJ,,,
World,HHI_Bio_BF_BOF,Gas_Synth,2,2035,0.4848,,PJ,,,
World,HHI_Bio_BF_BOF,Gas_Synth,2,2040,0.4781,,PJ,,,
World,HHI_Bio_BF_BOF,Gas_Synth,2,2045,0.4715,,PJ,,,
World,HHI_Bio_BF_BOF,Gas_Synth,2,2050,0.4648,,PJ,,,
World,HHI_Bio_BF_BOF,Gas_Synth,2,2055,0.4648,,PJ,same as 2050 for now,29.01.2025,Nikita Moskalenko <nim@wip.tu-berlin.de>
World,HHI_Bio_BF_BOF,Gas_Synth,2,2060,0.4648,,PJ,same as 2050 for now,29.01.2025,Nikita Moskalenko <nim@wip.tu-berlin.de>
World,HHI_Bio_BF_BOF,Biomass,3,2018,2.0453,,PJ,,,
World,HHI_Bio_BF_BOF,Biomass,3,2020,2.0187,,PJ,,,
World,HHI_Bio_BF_BOF,Biomass,3,2025,1.9921,,PJ,,,
World,HHI_Bio_BF_BOF,Biomass,3,2030,1.9656,,PJ,,,
World,HHI_Bio_BF_BOF,Biomass,3,2035,1.939,,PJ,,,
World,HHI_Bio_BF_BOF,Biomass,3,2040,1.9124,,PJ,,,
World,HHI_Bio_BF_BOF,Biomass,3,2045,1.8859,,PJ,,,
World,HHI_Bio_BF_BOF,Biomass,3,2050,1.8593,,PJ,,,
World,HHI_Bio_BF_BOF,Biomass,3,2055,1.8593,,PJ,same as 2050 for now,29.01.2025,Nikita Moskalenko <nim@wip.tu-berlin.de>
World,HHI_Bio_BF_BOF,Biomass,3,2060,1.8593,,PJ,same as 2050 for now,29.01.2025,Nikita Moskalenko <nim@wip.tu-berlin.de>
World,HHI_Bio_BF_BOF,Gas_Bio,3,2018,0.5113,,PJ,,,
World,HHI_Bio_BF_BOF,Gas_Bio,3,2020,0.5047,,PJ,,,
World,HHI_Bio_BF_BOF,Gas_Bio,3,2025,0.498,,PJ,,,
World,HHI_Bio_BF_BOF,Gas_Bio,3,2030,0.4914,,PJ,,,
World,HHI_Bio_BF_BOF,Gas_Bio,3,2035,0.4848,,PJ,,,
World,HHI_Bio_BF_BOF,Gas_Bio,3,2040,0.4781,,PJ,,,
World,HHI_Bio_BF_BOF,Gas_Bio,3,2045,0.4715,,PJ,,,
World,HHI_Bio_BF_BOF,Gas_Bio,3,2050,0.4648,,PJ,,,
World,HHI_Bio_BF_BOF,Gas_Bio,3,2055,0.4648,,PJ,same as 2050 for now,29.01.2025,Nikita Moskalenko <nim@wip.tu-berlin.de>
World,HHI_Bio_BF_BOF,Gas_Bio,3,2060,0.4648,,PJ,same as 2050 for now,29.01.2025,Nikita Moskalenko <nim@wip.tu-berlin.de>
World,HHI_DRI_EAF,Gas_Natural,1,2018,2.4691,,PJ,,,
World,HHI_DRI_EAF,Gas_Natural,1,2020,2.4103,,PJ,,,
World,HHI_DRI_EAF,Gas_Natural,1,2025,2.3516,,PJ,,,
World,HHI_DRI_EAF,Gas_Natural,1,2030,2.2928,,PJ,,,
World,HHI_DRI_EAF,Gas_Natural,1,2035,2.234,,PJ,,,
World,HHI_DRI_EAF,Gas_Natural,1,2040,2.1752,,PJ,,,
World,HHI_DRI_EAF,Gas_Natural,1,2045,2.1164,,PJ,,,
World,HHI_DRI_EAF,Gas_Natural,1,2050,2.0576,,PJ,,,
World,HHI_DRI_EAF,Gas_Natural,1,2055,2.0576,,PJ,same as 2050 for now,29.01.2025,Nikita Moskalenko <nim@wip.tu-berlin.de>
World,HHI_DRI_EAF,Gas_Natural,1,2060,2.0576,,PJ,same as 2050 for now,29.01.2025,Nikita Moskalenko <nim@wip.tu-berlin.de>
World,HHI_DRI_EAF,Power,1,2018,0.4703,,PJ,,,
World,HHI_DRI_EAF,Power,1,2020,0.4591,,PJ,,,
World,HHI_DRI_EAF,Power,1,2025,0.4479,,PJ,,,
World,HHI_DRI_EAF,Power,1,2030,0.4367,,PJ,,,
World,HHI_DRI_EAF,Power,1,2035,0.4255,,PJ,,,
World,HHI_DRI_EAF,Power,1,2040,0.4143,,PJ,,,
World,HHI_DRI_EAF,Power,1,2045,0.4031,,PJ,,,
World,HHI_DRI_EAF,Power,1,2050,0.3919,,PJ,,,
World,HHI_DRI_EAF,Power,1,2055,0.3919,,PJ,same as 2050 for now,29.01.2025,Nikita Moskalenko <nim@wip.tu-berlin.de>
World,HHI_DRI_EAF,Power,1,2060,0.3919,,PJ,same as 2050 for now,29.01.2025,Nikita Moskalenko <nim@wip.tu-berlin.de>
World,HHI_DRI_EAF,Gas_Synth,2,2018,2.4691,,PJ,,,
World,HHI_DRI_EAF,Gas_Synth,2,2020,2.4103,,PJ,,,
World,HHI_DRI_EAF,Gas_Synth,2,2025,2.3516,,PJ,,,
World,HHI_DRI_EAF,Gas_Synth,2,2030,2.2928,,PJ,,,
World,HHI_DRI_EAF,Gas_Synth,2,2035,2.234,,PJ,,,
World,HHI_DRI_EAF,Gas_Synth,2,2040,2.1752,,PJ,,,
World,HHI_DRI_EAF,Gas_Synth,2,2045,2.1164,,PJ,,,
World,HHI_DRI_EAF,Gas_Synth,2,2050,2.0576,,PJ,,,
World,HHI_DRI_EAF,Gas_Synth,2,2055,2.0576,,PJ,same as 2050 for now,29.01.2025,Nikita Moskalenko <nim@wip.tu-berlin.de>
World,HHI_DRI_EAF,Gas_Synth,2,2060,2.0576,,PJ,same as 2050 for now,29.01.2025,Nikita Moskalenko <nim@wip.tu-berlin.de>
World,HHI_DRI_EAF,Power,2,2018,0.4703,,PJ,,,
World,HHI_DRI_EAF,Power,2,2020,0.4591,,PJ,,,
World,HHI_DRI_EAF,Power,2,2025,0.4479,,PJ,,,
World,HHI_DRI_EAF,Power,2,2030,0.4367,,PJ,,,
World,HHI_DRI_EAF,Power,2,2035,0.4255,,PJ,,,
World,HHI_DRI_EAF,Power,2,2040,0.4143,,PJ,,,
World,HHI_DRI_EAF,Power,2,2045,0.4031,,PJ,,,
World,HHI_DRI_EAF,Power,2,2050,0.3919,,PJ,,,
World,HHI_DRI_EAF,Power,2,2055,0.3919,,PJ,same as 2050 for now,29.01.2025,Nikita Moskalenko <nim@wip.tu-berlin.de>
World,HHI_DRI_EAF,Power,2,2060,0.3919,,PJ,same as 2050 for now,29.01.2025,Nikita Moskalenko <nim@wip.tu-berlin.de>
World,HHI_DRI_EAF,Gas_Bio,3,2018,2.4691,,PJ,,,
World,HHI_DRI_EAF,Gas_Bio,3,2020,2.4103,,PJ,,,
World,HHI_DRI_EAF,Gas_Bio,3,2025,2.3516,,PJ,,,
World,HHI_DRI_EAF,Gas_Bio,3,2030,2.2928,,PJ,,,
World,HHI_DRI_EAF,Gas_Bio,3,2035,2.234,,PJ,,,
World,HHI_DRI_EAF,Gas_Bio,3,2040,2.1752,,PJ,,,
World,HHI_DRI_EAF,Gas_Bio,3,2045,2.1164,,PJ,,,
World,HHI_DRI_EAF,Gas_Bio,3,2050,2.0576,,PJ,,,
World,HHI_DRI_EAF,Gas_Bio,3,2055,2.0576,,PJ,same as 2050 for now,29.01.2025,Nikita Moskalenko <nim@wip.tu-berlin.de>
World,HHI_DRI_EAF,Gas_Bio,3,2060,2.0576,,PJ,same as 2050 for now,29.01.2025,Nikita Moskalenko <nim@wip.tu-berlin.de>
World,HHI_DRI_EAF,Power,3,2018,0.4703,,PJ,,,
World,HHI_DRI_EAF,Power,3,2020,0.4591,,PJ,,,
World,HHI_DRI_EAF,Power,3,2025,0.4479,,PJ,,,
World,HHI_DRI_EAF,Power,3,2030,0.4367,,PJ,,,
World,HHI_DRI_EAF,Power,3,2035,0.4255,,PJ,,,
World,HHI_DRI_EAF,Power,3,2040,0.4143,,PJ,,,
World,HHI_DRI_EAF,Power,3,2045,0.4031,,PJ,,,
World,HHI_DRI_EAF,Power,3,2050,0.3919,,PJ,,,
World,HHI_DRI_EAF,Power,3,2055,0.3919,,PJ,same as 2050 for now,29.01.2025,Nikita Moskalenko <nim@wip.tu-berlin.de>
World,HHI_DRI_EAF,Power,3,2060,0.3919,,PJ,same as 2050 for now,29.01.2025,Nikita Moskalenko <nim@wip.tu-berlin.de>
World,HHI_DRI_EAF_CCS,Gas_Natural,1,2018,2.4691,,PJ,,,
World,HHI_DRI_EAF_CCS,Gas_Natural,1,2020,2.4103,,PJ,,,
World,HHI_DRI_EAF_CCS,Gas_Natural,1,2025,2.3516,,PJ,,,
World,HHI_DRI_EAF_CCS,Gas_Natural,1,2030,2.2928,,PJ,,,
World,HHI_DRI_EAF_CCS,Gas_Natural,1,2035,2.234,,PJ,,,
World,HHI_DRI_EAF_CCS,Gas_Natural,1,2040,2.1752,,PJ,,,
World,HHI_DRI_EAF_CCS,Gas_Natural,1,2045,2.1164,,PJ,,,
World,HHI_DRI_EAF_CCS,Gas_Natural,1,2050,2.0576,,PJ,,,
World,HHI_DRI_EAF_CCS,Gas_Natural,1,2055,2.0576,,PJ,same as 2050 for now,29.01.2025,Nikita Moskalenko <nim@wip.tu-berlin.de>
World,HHI_DRI_EAF_CCS,Gas_Natural,1,2060,2.0576,,PJ,same as 2050 for now,29.01.2025,Nikita Moskalenko <nim@wip.tu-berlin.de>
World,HHI_DRI_EAF_CCS,Power,1,2018,0.4703,,PJ,,,
World,HHI_DRI_EAF_CCS,Power,1,2020,0.4591,,PJ,,,
World,HHI_DRI_EAF_CCS,Power,1,2025,0.4479,,PJ,,,
World,HHI_DRI_EAF_CCS,Power,1,2030,0.4367,,PJ,,,
World,HHI_DRI_EAF_CCS,Power,1,2035,0.4255,,PJ,,,
World,HHI_DRI_EAF_CCS,Power,1,2040,0.4143,,PJ,,,
World,HHI_DRI_EAF_CCS,Power,1,2045,0.4031,,PJ,,,
World,HHI_DRI_EAF_CCS,Power,1,2050,0.3919,,PJ,,,
World,HHI_DRI_EAF_CCS,Power,1,2055,0.3919,,PJ,same as 2050 for now,29.01.2025,Nikita Moskalenko <nim@wip.tu-berlin.de>
World,HHI_DRI_EAF_CCS,Power,1,2060,0.3919,,PJ,same as 2050 for now,29.01.2025,Nikita Moskalenko <nim@wip.tu-berlin.de>
World,HHI_H2DRI_EAF,H2,1,2018,1.9694,,PJ,,,
World,HHI_H2DRI_EAF,H2,1,2020,1.9694,,PJ,,,
World,HHI_H2DRI_EAF,H2,1,2025,1.9694,,PJ,,,
World,HHI_H2DRI_EAF,H2,1,2030,1.9694,,PJ,,,
World,HHI_H2DRI_EAF,H2,1,2035,1.9694,,PJ,,,
World,HHI_H2DRI_EAF,H2,1,2040,1.9694,,PJ,,,
World,HHI_H2DRI_EAF,H2,1,2045,1.9694,,PJ,,,
World,HHI_H2DRI_EAF,H2,1,2050,1.9694,,PJ,,,
World,HHI_H2DRI_EAF,H2,1,2055,1.9694,,PJ,same as 2050 for now,29.01.2025,Nikita Moskalenko <nim@wip.tu-berlin.de>
World,HHI_H2DRI_EAF,H2,1,2060,1.9694,,PJ,same as 2050 for now,29.01.2025,Nikita Moskalenko <nim@wip.tu-berlin.de>
World,HHI_H2DRI_EAF,Power,1,2018,0.97,,PJ,,,
World,HHI_H2DRI_EAF,Power,1,2020,0.97,,PJ,,,
World,HHI_H2DRI_EAF,Power,1,2025,0.97,,PJ,,,
World,HHI_H2DRI_EAF,Power,1,2030,0.97,,PJ,,,
World,HHI_H2DRI_EAF,Power,1,2035,0.97,,PJ,,,
World,HHI_H2DRI_EAF,Power,1,2040,0.97,,PJ,,,
World,HHI_H2DRI_EAF,Power,1,2045,0.97,,PJ,,,
World,HHI_H2DRI_EAF,Power,1,2050,0.97,,PJ,,,
World,HHI_H2DRI_EAF,Power,1,2055,0.97,,PJ,same as 2050 for now,29.01.2025,Nikita Moskalenko <nim@wip.tu-berlin.de>
World,HHI_H2DRI_EAF,Power,1,2060,0.97,,PJ,same as 2050 for now,29.01.2025,Nikita Moskalenko <nim@wip.tu-berlin.de>
World,HHI_Molten_Electrolysis,Power,1,All,1.25,,PJ,,,
World,HHI_Scrap_EAF,Power,1,2018,1.6667,,PJ,Fraunhofer et al. (2016): Mapping and analyses of the current and future (2020 - 2030) heating/cooling fuel deployment (fossil/renewables),04.09.2024,Nikita Moskalenko <nim@wip.tu-berlin.de>
World,HHI_Scrap_EAF,Power,1,2020,1.6406,,PJ,Fraunhofer et al. (2016): Mapping and analyses of the current and future (2020 - 2030) heating/cooling fuel deployment (fossil/renewables),04.09.2024,Nikita Moskalenko <nim@wip.tu-berlin.de>
World,HHI_Scrap_EAF,Power,1,2025,1.5755,,PJ,Fraunhofer et al. (2016): Mapping and analyses of the current and future (2020 - 2030) heating/cooling fuel deployment (fossil/renewables),04.09.2024,Nikita Moskalenko <nim@wip.tu-berlin.de>
World,HHI_Scrap_EAF,Power,1,2030,1.5104,,PJ,Fraunhofer et al. (2016): Mapping and analyses of the current and future (2020 - 2030) heating/cooling fuel deployment (fossil/renewables),04.09.2024,Nikita Moskalenko <nim@wip.tu-berlin.de>
World,HHI_Scrap_EAF,Power,1,2035,1.4453,,PJ,Fraunhofer et al. (2016): Mapping and analyses of the current and future (2020 - 2030) heating/cooling fuel deployment (fossil/renewables),04.09.2024,Nikita Moskalenko <nim@wip.tu-berlin.de>
World,HHI_Scrap_EAF,Power,1,2040,1.3802,,PJ,Fraunhofer et al. (2016): Mapping and analyses of the current and future (2020 - 2030) heating/cooling fuel deployment (fossil/renewables),04.09.2024,Nikita Moskalenko <nim@wip.tu-berlin.de>
World,HHI_Scrap_EAF,Power,1,2045,1.3151,,PJ,Fraunhofer et al. (2016): Mapping and analyses of the current and future (2020 - 2030) heating/cooling fuel deployment (fossil/renewables),04.09.2024,Nikita Moskalenko <nim@wip.tu-berlin.de>
World,HHI_Scrap_EAF,Power,1,2050,1.25,,PJ,Fraunhofer et al. (2016): Mapping and analyses of the current and future (2020 - 2030) heating/cooling fuel deployment (fossil/renewables),04.09.2024,Nikita Moskalenko <nim@wip.tu-berlin.de>
World,HHI_Scrap_EAF,Power,1,2055,1.25,,PJ,same as 2050 for now,29.01.2025,Nikita Moskalenko <nim@wip.tu-berlin.de>
World,HHI_Scrap_EAF,Power,1,2060,1.25,,PJ,same as 2050 for now,29.01.2025,Nikita Moskalenko <nim@wip.tu-berlin.de>
World,HLI_Biomass,Biomass,1,2018,1.0989,,PJ,Energy Agency Denmark (2022): Hot water boiler wood,21.08.2024,Nikita Moskalenko <nim@wip.tu-berlin.de>
World,HLI_Biomass,Biomass,1,2020,1.0989,,PJ,Energy Agency Denmark (2022): Hot water boiler wood,21.08.2024,Nikita Moskalenko <nim@wip.tu-berlin.de>
World,HLI_Biomass,Biomass,1,2025,1.087,,PJ,Energy Agency Denmark (2022): Hot water boiler wood,21.08.2024,Nikita Moskalenko <nim@wip.tu-berlin.de>
World,HLI_Biomass,Biomass,1,2030,1.0753,,PJ,Energy Agency Denmark (2022): Hot water boiler wood,21.08.2024,Nikita Moskalenko <nim@wip.tu-berlin.de>
World,HLI_Biomass,Biomass,1,2035,1.0724,,PJ,Energy Agency Denmark (2022): Hot water boiler wood,21.08.2024,Nikita Moskalenko <nim@wip.tu-berlin.de>
World,HLI_Biomass,Biomass,1,2040,1.0695,,PJ,Energy Agency Denmark (2022): Hot water boiler wood,21.08.2024,Nikita Moskalenko <nim@wip.tu-berlin.de>
World,HLI_Biomass,Biomass,1,2045,1.0667,,PJ,Energy Agency Denmark (2022): Hot water boiler wood,21.08.2024,Nikita Moskalenko <nim@wip.tu-berlin.de>
World,HLI_Biomass,Biomass,1,2050,1.0638,,PJ,Energy Agency Denmark (2022): Hot water boiler wood,21.08.2024,Nikita Moskalenko <nim@wip.tu-berlin.de>
World,HLI_Biomass,Biomass,1,2055,1.0638,,PJ,same as 2050 for now,29.01.2025,Nikita Moskalenko <nim@wip.tu-berlin.de>
World,HLI_Biomass,Biomass,1,2060,1.0638,,PJ,same as 2050 for now,29.01.2025,Nikita Moskalenko <nim@wip.tu-berlin.de>
World,X_Convert_HD,Heat_District,2,All,1.2048,,PJ,European Commission 2021: Overview of District Heating and Cooling Markets and Regulatory Frameworks under the Revised Renewable Energy Directive (avg losses 17%),23.07.2025,Nikita Moskalenko <nim@wip.tu-berlin.de>
World,HLI_Direct_Electric,Power,1,2018,1.0101,,PJ,Energy Agency Denmark (2022): Electric boiler hot water,21.08.2024,Nikita Moskalenko <nim@wip.tu-berlin.de>
World,HLI_Direct_Electric,Power,1,2020,1.0101,,PJ,Energy Agency Denmark (2022): Electric boiler hot water,21.08.2024,Nikita Moskalenko <nim@wip.tu-berlin.de>
World,HLI_Direct_Electric,Power,1,2025,1.005,,PJ,Energy Agency Denmark (2022): Electric boiler hot water,21.08.2024,Nikita Moskalenko <nim@wip.tu-berlin.de>
World,HLI_Direct_Electric,Power,1,2030,1,,PJ,Energy Agency Denmark (2022): Electric boiler hot water,21.08.2024,Nikita Moskalenko <nim@wip.tu-berlin.de>
World,HLI_Direct_Electric,Power,1,2035,1,,PJ,Energy Agency Denmark (2022): Electric boiler hot water,21.08.2024,Nikita Moskalenko <nim@wip.tu-berlin.de>
World,HLI_Direct_Electric,Power,1,2040,1,,PJ,Energy Agency Denmark (2022): Electric boiler hot water,21.08.2024,Nikita Moskalenko <nim@wip.tu-berlin.de>
World,HLI_Direct_Electric,Power,1,2045,1,,PJ,Energy Agency Denmark (2022): Electric boiler hot water,21.08.2024,Nikita Moskalenko <nim@wip.tu-berlin.de>
World,HLI_Direct_Electric,Power,1,2050,1,,PJ,Energy Agency Denmark (2022): Electric boiler hot water,21.08.2024,Nikita Moskalenko <nim@wip.tu-berlin.de>
World,HLI_Direct_Electric,Power,1,2055,1,,PJ,same as 2050 for now,29.01.2025,Nikita Moskalenko <nim@wip.tu-berlin.de>
World,HLI_Direct_Electric,Power,1,2060,1,,PJ,same as 2050 for now,29.01.2025,Nikita Moskalenko <nim@wip.tu-berlin.de>
World,HLI_Gas_Boiler,Gas_Natural,1,2018,1.0638,,PJ,Energy Agency Denmark (2022): Hot water boiler gas,21.08.2024,Nikita Moskalenko <nim@wip.tu-berlin.de>
World,HLI_Gas_Boiler,Gas_Natural,1,2020,1.0638,,PJ,Energy Agency Denmark (2022): Hot water boiler gas,21.08.2024,Nikita Moskalenko <nim@wip.tu-berlin.de>
World,HLI_Gas_Boiler,Gas_Natural,1,2025,1.0526,,PJ,Energy Agency Denmark (2022): Hot water boiler gas,21.08.2024,Nikita Moskalenko <nim@wip.tu-berlin.de>
World,HLI_Gas_Boiler,Gas_Natural,1,2030,1.0417,,PJ,Energy Agency Denmark (2022): Hot water boiler gas,21.08.2024,Nikita Moskalenko <nim@wip.tu-berlin.de>
World,HLI_Gas_Boiler,Gas_Natural,1,2035,1.0363,,PJ,Energy Agency Denmark (2022): Hot water boiler gas,21.08.2024,Nikita Moskalenko <nim@wip.tu-berlin.de>
World,HLI_Gas_Boiler,Gas_Natural,1,2040,1.0309,,PJ,Energy Agency Denmark (2022): Hot water boiler gas,21.08.2024,Nikita Moskalenko <nim@wip.tu-berlin.de>
World,HLI_Gas_Boiler,Gas_Natural,1,2045,1.0256,,PJ,Energy Agency Denmark (2022): Hot water boiler gas,21.08.2024,Nikita Moskalenko <nim@wip.tu-berlin.de>
World,HLI_Gas_Boiler,Gas_Natural,1,2050,1.0204,,PJ,Energy Agency Denmark (2022): Hot water boiler gas,21.08.2024,Nikita Moskalenko <nim@wip.tu-berlin.de>
World,HLI_Gas_Boiler,Gas_Natural,1,2055,1.0204,,PJ,same as 2050 for now,29.01.2025,Nikita Moskalenko <nim@wip.tu-berlin.de>
World,HLI_Gas_Boiler,Gas_Natural,1,2060,1.0204,,PJ,same as 2050 for now,29.01.2025,Nikita Moskalenko <nim@wip.tu-berlin.de>
World,HLI_Gas_Boiler,Gas_Bio,2,2018,1.0638,,PJ,Energy Agency Denmark (2022): Hot water boiler gas,21.08.2024,Nikita Moskalenko <nim@wip.tu-berlin.de>
World,HLI_Gas_Boiler,Gas_Bio,2,2020,1.0638,,PJ,Energy Agency Denmark (2022): Hot water boiler gas,21.08.2024,Nikita Moskalenko <nim@wip.tu-berlin.de>
World,HLI_Gas_Boiler,Gas_Bio,2,2025,1.0526,,PJ,Energy Agency Denmark (2022): Hot water boiler gas,21.08.2024,Nikita Moskalenko <nim@wip.tu-berlin.de>
World,HLI_Gas_Boiler,Gas_Bio,2,2030,1.0417,,PJ,Energy Agency Denmark (2022): Hot water boiler gas,21.08.2024,Nikita Moskalenko <nim@wip.tu-berlin.de>
World,HLI_Gas_Boiler,Gas_Bio,2,2035,1.0363,,PJ,Energy Agency Denmark (2022): Hot water boiler gas,21.08.2024,Nikita Moskalenko <nim@wip.tu-berlin.de>
World,HLI_Gas_Boiler,Gas_Bio,2,2040,1.0309,,PJ,Energy Agency Denmark (2022): Hot water boiler gas,21.08.2024,Nikita Moskalenko <nim@wip.tu-berlin.de>
World,HLI_Gas_Boiler,Gas_Bio,2,2045,1.0256,,PJ,Energy Agency Denmark (2022): Hot water boiler gas,21.08.2024,Nikita Moskalenko <nim@wip.tu-berlin.de>
World,HLI_Gas_Boiler,Gas_Bio,2,2050,1.0204,,PJ,Energy Agency Denmark (2022): Hot water boiler gas,21.08.2024,Nikita Moskalenko <nim@wip.tu-berlin.de>
World,HLI_Gas_Boiler,Gas_Bio,2,2055,1.0204,,PJ,same as 2050 for now,29.01.2025,Nikita Moskalenko <nim@wip.tu-berlin.de>
World,HLI_Gas_Boiler,Gas_Bio,2,2060,1.0204,,PJ,same as 2050 for now,29.01.2025,Nikita Moskalenko <nim@wip.tu-berlin.de>
World,HLI_Gas_Boiler,Gas_Synth,3,2018,1.0638,,PJ,Energy Agency Denmark (2022): Hot water boiler gas,21.08.2024,Nikita Moskalenko <nim@wip.tu-berlin.de>
World,HLI_Gas_Boiler,Gas_Synth,3,2020,1.0638,,PJ,Energy Agency Denmark (2022): Hot water boiler gas,21.08.2024,Nikita Moskalenko <nim@wip.tu-berlin.de>
World,HLI_Gas_Boiler,Gas_Synth,3,2025,1.0526,,PJ,Energy Agency Denmark (2022): Hot water boiler gas,21.08.2024,Nikita Moskalenko <nim@wip.tu-berlin.de>
World,HLI_Gas_Boiler,Gas_Synth,3,2030,1.0417,,PJ,Energy Agency Denmark (2022): Hot water boiler gas,21.08.2024,Nikita Moskalenko <nim@wip.tu-berlin.de>
World,HLI_Gas_Boiler,Gas_Synth,3,2035,1.0363,,PJ,Energy Agency Denmark (2022): Hot water boiler gas,21.08.2024,Nikita Moskalenko <nim@wip.tu-berlin.de>
World,HLI_Gas_Boiler,Gas_Synth,3,2040,1.0309,,PJ,Energy Agency Denmark (2022): Hot water boiler gas,21.08.2024,Nikita Moskalenko <nim@wip.tu-berlin.de>
World,HLI_Gas_Boiler,Gas_Synth,3,2045,1.0256,,PJ,Energy Agency Denmark (2022): Hot water boiler gas,21.08.2024,Nikita Moskalenko <nim@wip.tu-berlin.de>
World,HLI_Gas_Boiler,Gas_Synth,3,2050,1.0204,,PJ,Energy Agency Denmark (2022): Hot water boiler gas,21.08.2024,Nikita Moskalenko <nim@wip.tu-berlin.de>
World,HLI_Gas_Boiler,Gas_Synth,3,2055,1.0204,,PJ,same as 2050 for now,29.01.2025,Nikita Moskalenko <nim@wip.tu-berlin.de>
World,HLI_Gas_Boiler,Gas_Synth,3,2060,1.0204,,PJ,same as 2050 for now,29.01.2025,Nikita Moskalenko <nim@wip.tu-berlin.de>
World,HLI_H2_Boiler,H2,1,2018,1.1765,,PJ,TNO Technology Factsheet 2020: H2 Industrial Boiler (with assumption: flat until 2030- then going up),21.08.2024,Nikita Moskalenko <nim@wip.tu-berlin.de>
World,HLI_H2_Boiler,H2,1,2020,1.1765,,PJ,TNO Technology Factsheet 2020: H2 Industrial Boiler (with assumption: flat until 2030- then going up),21.08.2024,Nikita Moskalenko <nim@wip.tu-berlin.de>
World,HLI_H2_Boiler,H2,1,2025,1.1765,,PJ,TNO Technology Factsheet 2020: H2 Industrial Boiler (with assumption: flat until 2030- then going up),21.08.2024,Nikita Moskalenko <nim@wip.tu-berlin.de>
World,HLI_H2_Boiler,H2,1,2030,1.1765,,PJ,TNO Technology Factsheet 2020: H2 Industrial Boiler (with assumption: flat until 2030- then going up),21.08.2024,Nikita Moskalenko <nim@wip.tu-berlin.de>
World,HLI_H2_Boiler,H2,1,2035,1.1594,,PJ,TNO Technology Factsheet 2020: H2 Industrial Boiler (with assumption: flat until 2030- then going up),21.08.2024,Nikita Moskalenko <nim@wip.tu-berlin.de>
World,HLI_H2_Boiler,H2,1,2040,1.1429,,PJ,TNO Technology Factsheet 2020: H2 Industrial Boiler (with assumption: flat until 2030- then going up),21.08.2024,Nikita Moskalenko <nim@wip.tu-berlin.de>
World,HLI_H2_Boiler,H2,1,2045,1.1268,,PJ,TNO Technology Factsheet 2020: H2 Industrial Boiler (with assumption: flat until 2030- then going up),21.08.2024,Nikita Moskalenko <nim@wip.tu-berlin.de>
World,HLI_H2_Boiler,H2,1,2050,1.1111,,PJ,TNO Technology Factsheet 2020: H2 Industrial Boiler (with assumption: flat until 2030- then going up),21.08.2024,Nikita Moskalenko <nim@wip.tu-berlin.de>
World,HLI_H2_Boiler,H2,1,2055,1.1111,,PJ,same as 2050 for now,29.01.2025,Nikita Moskalenko <nim@wip.tu-berlin.de>
World,HLI_H2_Boiler,H2,1,2060,1.1111,,PJ,same as 2050 for now,29.01.2025,Nikita Moskalenko <nim@wip.tu-berlin.de>
World,HLI_Hardcoal,Hardcoal,1,2018,1.1111,,PJ,Energy Agency Denmark (2022): Hot water boiler coal,21.08.2024,Nikita Moskalenko <nim@wip.tu-berlin.de>
World,HLI_Hardcoal,Hardcoal,1,2020,1.1111,,PJ,Energy Agency Denmark (2022): Hot water boiler coal,21.08.2024,Nikita Moskalenko <nim@wip.tu-berlin.de>
World,HLI_Hardcoal,Hardcoal,1,2025,1.0989,,PJ,Energy Agency Denmark (2022): Hot water boiler coal,21.08.2024,Nikita Moskalenko <nim@wip.tu-berlin.de>
World,HLI_Hardcoal,Hardcoal,1,2030,1.087,,PJ,Energy Agency Denmark (2022): Hot water boiler coal,21.08.2024,Nikita Moskalenko <nim@wip.tu-berlin.de>
World,HLI_Hardcoal,Hardcoal,1,2035,1.084,,PJ,Energy Agency Denmark (2022): Hot water boiler coal,21.08.2024,Nikita Moskalenko <nim@wip.tu-berlin.de>
World,HLI_Hardcoal,Hardcoal,1,2040,1.0811,,PJ,Energy Agency Denmark (2022): Hot water boiler coal,21.08.2024,Nikita Moskalenko <nim@wip.tu-berlin.de>
World,HLI_Hardcoal,Hardcoal,1,2045,1.0782,,PJ,Energy Agency Denmark (2022): Hot water boiler coal,21.08.2024,Nikita Moskalenko <nim@wip.tu-berlin.de>
World,HLI_Hardcoal,Hardcoal,1,2050,1.0753,,PJ,Energy Agency Denmark (2022): Hot water boiler coal,21.08.2024,Nikita Moskalenko <nim@wip.tu-berlin.de>
World,HLI_Hardcoal,Hardcoal,1,2055,1.0753,,PJ,same as 2050 for now,29.01.2025,Nikita Moskalenko <nim@wip.tu-berlin.de>
World,HLI_Hardcoal,Hardcoal,1,2060,1.0753,,PJ,same as 2050 for now,29.01.2025,Nikita Moskalenko <nim@wip.tu-berlin.de>
World,HLI_Heatpump,Power,1,2018,0.2577,,PJ,DEA â€“ Technology data for industrial process heat - heat pump 60 to 80 C - needs timeseries,13.12.2023,Frida Sather <frida.sather@sintef.no>
World,HLI_Heatpump,Power,1,2020,0.2577,,PJ,DEA â€“ Technology data for industrial process heat - heat pump 60 to 80 C - needs timeseries,13.12.2023,Frida Sather <frida.sather@sintef.no>
World,HLI_Heatpump,Power,1,2025,0.2554,,PJ,DEA â€“ Technology data for industrial process heat - heat pump 60 to 80 C - needs timeseries,13.12.2023,Frida Sather <frida.sather@sintef.no>
World,HLI_Heatpump,Power,1,2030,0.2532,,PJ,DEA â€“ Technology data for industrial process heat - heat pump 60 to 80 C - needs timeseries,13.12.2023,Frida Sather <frida.sather@sintef.no>
World,HLI_Heatpump,Power,1,2035,0.2507,,PJ,DEA â€“ Technology data for industrial process heat - heat pump 60 to 80 C - needs timeseries,13.12.2023,Frida Sather <frida.sather@sintef.no>
World,HLI_Heatpump,Power,1,2040,0.2481,,PJ,DEA â€“ Technology data for industrial process heat - heat pump 60 to 80 C - needs timeseries,13.12.2023,Frida Sather <frida.sather@sintef.no>
World,HLI_Heatpump,Power,1,2045,0.2469,,PJ,DEA â€“ Technology data for industrial process heat - heat pump 60 to 80 C - needs timeseries,13.12.2023,Frida Sather <frida.sather@sintef.no>
World,HLI_Heatpump,Power,1,2050,0.2457,,PJ,DEA â€“ Technology data for industrial process heat - heat pump 60 to 80 C - needs timeseries,13.12.2023,Frida Sather <frida.sather@sintef.no>
World,HLI_Heatpump,Power,1,2055,0.2457,,PJ,same as 2050 for now,29.01.2025,Nikita Moskalenko <nim@wip.tu-berlin.de>
World,HLI_Heatpump,Power,1,2060,0.2457,,PJ,same as 2050 for now,29.01.2025,Nikita Moskalenko <nim@wip.tu-berlin.de>
World,HLI_Lignite,Lignite,1,2018,1.1111,,PJ,Energy Agency Denmark (2022): Hot water boiler coal,21.08.2024,Nikita Moskalenko <nim@wip.tu-berlin.de>
World,HLI_Lignite,Lignite,1,2020,1.1111,,PJ,Energy Agency Denmark (2022): Hot water boiler coal,21.08.2024,Nikita Moskalenko <nim@wip.tu-berlin.de>
World,HLI_Lignite,Lignite,1,2025,1.0989,,PJ,Energy Agency Denmark (2022): Hot water boiler coal,21.08.2024,Nikita Moskalenko <nim@wip.tu-berlin.de>
World,HLI_Lignite,Lignite,1,2030,1.087,,PJ,Energy Agency Denmark (2022): Hot water boiler coal,21.08.2024,Nikita Moskalenko <nim@wip.tu-berlin.de>
World,HLI_Lignite,Lignite,1,2035,1.084,,PJ,Energy Agency Denmark (2022): Hot water boiler coal,21.08.2024,Nikita Moskalenko <nim@wip.tu-berlin.de>
World,HLI_Lignite,Lignite,1,2040,1.0811,,PJ,Energy Agency Denmark (2022): Hot water boiler coal,21.08.2024,Nikita Moskalenko <nim@wip.tu-berlin.de>
World,HLI_Lignite,Lignite,1,2045,1.0782,,PJ,Energy Agency Denmark (2022): Hot water boiler coal,21.08.2024,Nikita Moskalenko <nim@wip.tu-berlin.de>
World,HLI_Lignite,Lignite,1,2050,1.0753,,PJ,Energy Agency Denmark (2022): Hot water boiler coal,21.08.2024,Nikita Moskalenko <nim@wip.tu-berlin.de>
World,HLI_Lignite,Lignite,1,2055,1.0753,,PJ,same as 2050 for now,29.01.2025,Nikita Moskalenko <nim@wip.tu-berlin.de>
World,HLI_Lignite,Lignite,1,2060,1.0753,,PJ,same as 2050 for now,29.01.2025,Nikita Moskalenko <nim@wip.tu-berlin.de>
World,HLI_Oil_Boiler,Oil,1,2018,1.0417,,PJ,Energy Agency Denmark (2022): Hot water boiler oil,21.08.2024,Nikita Moskalenko <nim@wip.tu-berlin.de>
World,HLI_Oil_Boiler,Oil,1,2020,1.0417,,PJ,Energy Agency Denmark (2022): Hot water boiler oil,21.08.2024,Nikita Moskalenko <nim@wip.tu-berlin.de>
World,HLI_Oil_Boiler,Oil,1,2025,1.0309,,PJ,Energy Agency Denmark (2022): Hot water boiler oil,21.08.2024,Nikita Moskalenko <nim@wip.tu-berlin.de>
World,HLI_Oil_Boiler,Oil,1,2030,1.0204,,PJ,Energy Agency Denmark (2022): Hot water boiler oil,21.08.2024,Nikita Moskalenko <nim@wip.tu-berlin.de>
World,HLI_Oil_Boiler,Oil,1,2035,1.0204,,PJ,Energy Agency Denmark (2022): Hot water boiler oil,21.08.2024,Nikita Moskalenko <nim@wip.tu-berlin.de>
World,HLI_Oil_Boiler,Oil,1,2040,1.0204,,PJ,Energy Agency Denmark (2022): Hot water boiler oil,21.08.2024,Nikita Moskalenko <nim@wip.tu-berlin.de>
World,HLI_Oil_Boiler,Oil,1,2045,1.0204,,PJ,Energy Agency Denmark (2022): Hot water boiler oil,21.08.2024,Nikita Moskalenko <nim@wip.tu-berlin.de>
World,HLI_Oil_Boiler,Oil,1,2050,1.0204,,PJ,Energy Agency Denmark (2022): Hot water boiler oil,21.08.2024,Nikita Moskalenko <nim@wip.tu-berlin.de>
World,HLI_Oil_Boiler,Oil,1,2055,1.0204,,PJ,same as 2050 for now,29.01.2025,Nikita Moskalenko <nim@wip.tu-berlin.de>
World,HLI_Oil_Boiler,Oil,1,2060,1.0204,,PJ,same as 2050 for now,29.01.2025,Nikita Moskalenko <nim@wip.tu-berlin.de>
World,HLI_Solar_Thermal,Area_Rooftop_Commercial,1,2018,0.1658,,km2,,,
World,HLI_Solar_Thermal,Area_Rooftop_Commercial,1,2020,0.1658,,km2,,,
World,HLI_Solar_Thermal,Area_Rooftop_Commercial,1,2025,0.1658,,km2,,,
World,HLI_Solar_Thermal,Area_Rooftop_Commercial,1,2030,0.1658,,km2,,,
World,HLI_Solar_Thermal,Area_Rooftop_Commercial,1,2035,0.1658,,km2,,,
World,HLI_Solar_Thermal,Area_Rooftop_Commercial,1,2040,0.1658,,km2,,,
World,HLI_Solar_Thermal,Area_Rooftop_Commercial,1,2045,0.1658,,km2,,,
World,HLI_Solar_Thermal,Area_Rooftop_Commercial,1,2050,0.1658,,km2,,,
World,HLI_Solar_Thermal,Area_Rooftop_Commercial,1,2055,0.1658,,km2,same as 2050 for now,29.01.2025,Nikita Moskalenko <nim@wip.tu-berlin.de>
World,HLI_Solar_Thermal,Area_Rooftop_Commercial,1,2060,0.1658,,km2,same as 2050 for now,29.01.2025,Nikita Moskalenko <nim@wip.tu-berlin.de>
World,HMHI_Biomass,Biomass,1,2018,1.1111,,PJ,Energy Agency Denmark (2022): Steam boiler wood,22.08.2024,Nikita Moskalenko <nim@wip.tu-berlin.de>
World,HMHI_Biomass,Biomass,1,2020,1.1111,,PJ,Energy Agency Denmark (2022): Steam boiler wood,22.08.2024,Nikita Moskalenko <nim@wip.tu-berlin.de>
World,HMHI_Biomass,Biomass,1,2025,1.0989,,PJ,Energy Agency Denmark (2022): Steam boiler wood,22.08.2024,Nikita Moskalenko <nim@wip.tu-berlin.de>
World,HMHI_Biomass,Biomass,1,2030,1.087,,PJ,Energy Agency Denmark (2022): Steam boiler wood,22.08.2024,Nikita Moskalenko <nim@wip.tu-berlin.de>
World,HMHI_Biomass,Biomass,1,2035,1.084,,PJ,Energy Agency Denmark (2022): Steam boiler wood,22.08.2024,Nikita Moskalenko <nim@wip.tu-berlin.de>
World,HMHI_Biomass,Biomass,1,2040,1.0811,,PJ,Energy Agency Denmark (2022): Steam boiler wood,22.08.2024,Nikita Moskalenko <nim@wip.tu-berlin.de>
World,HMHI_Biomass,Biomass,1,2045,1.0782,,PJ,Energy Agency Denmark (2022): Steam boiler wood,22.08.2024,Nikita Moskalenko <nim@wip.tu-berlin.de>
World,HMHI_Biomass,Biomass,1,2050,1.0753,,PJ,Energy Agency Denmark (2022): Steam boiler wood,22.08.2024,Nikita Moskalenko <nim@wip.tu-berlin.de>
World,HMHI_Biomass,Biomass,1,2055,1.0753,,PJ,same as 2050 for now,29.01.2025,Nikita Moskalenko <nim@wip.tu-berlin.de>
World,HMHI_Biomass,Biomass,1,2060,1.0753,,PJ,same as 2050 for now,29.01.2025,Nikita Moskalenko <nim@wip.tu-berlin.de>
World,HMHI_Biomass,Biomass,2,2018,1.1111,,PJ,Energy Agency Denmark (2022): Steam boiler wood,22.08.2024,Nikita Moskalenko <nim@wip.tu-berlin.de>
World,HMHI_Biomass,Biomass,2,2020,1.1111,,PJ,Energy Agency Denmark (2022): Steam boiler wood,22.08.2024,Nikita Moskalenko <nim@wip.tu-berlin.de>
World,HMHI_Biomass,Biomass,2,2025,1.0989,,PJ,Energy Agency Denmark (2022): Steam boiler wood,22.08.2024,Nikita Moskalenko <nim@wip.tu-berlin.de>
World,HMHI_Biomass,Biomass,2,2030,1.087,,PJ,Energy Agency Denmark (2022): Steam boiler wood,22.08.2024,Nikita Moskalenko <nim@wip.tu-berlin.de>
World,HMHI_Biomass,Biomass,2,2035,1.084,,PJ,Energy Agency Denmark (2022): Steam boiler wood,22.08.2024,Nikita Moskalenko <nim@wip.tu-berlin.de>
World,HMHI_Biomass,Biomass,2,2040,1.0811,,PJ,Energy Agency Denmark (2022): Steam boiler wood,22.08.2024,Nikita Moskalenko <nim@wip.tu-berlin.de>
World,HMHI_Biomass,Biomass,2,2045,1.0782,,PJ,Energy Agency Denmark (2022): Steam boiler wood,22.08.2024,Nikita Moskalenko <nim@wip.tu-berlin.de>
World,HMHI_Biomass,Biomass,2,2050,1.0753,,PJ,Energy Agency Denmark (2022): Steam boiler wood,22.08.2024,Nikita Moskalenko <nim@wip.tu-berlin.de>
World,HMHI_Biomass,Biomass,2,2055,1.0753,,PJ,same as 2050 for now,29.01.2025,Nikita Moskalenko <nim@wip.tu-berlin.de>
World,HMHI_Biomass,Biomass,2,2060,1.0753,,PJ,same as 2050 for now,29.01.2025,Nikita Moskalenko <nim@wip.tu-berlin.de>
World,HMHI_Gas,Gas_Natural,1,2018,1.0753,,PJ,Energy Agency Denmark (2022): Steam boiler gas,22.08.2024,Nikita Moskalenko <nim@wip.tu-berlin.de>
World,HMHI_Gas,Gas_Natural,1,2020,1.0753,,PJ,Energy Agency Denmark (2022): Steam boiler gas,22.08.2024,Nikita Moskalenko <nim@wip.tu-berlin.de>
World,HMHI_Gas,Gas_Natural,1,2025,1.0582,,PJ,Energy Agency Denmark (2022): Steam boiler gas,22.08.2024,Nikita Moskalenko <nim@wip.tu-berlin.de>
World,HMHI_Gas,Gas_Natural,1,2030,1.0417,,PJ,Energy Agency Denmark (2022): Steam boiler gas,22.08.2024,Nikita Moskalenko <nim@wip.tu-berlin.de>
World,HMHI_Gas,Gas_Natural,1,2035,1.039,,PJ,Energy Agency Denmark (2022): Steam boiler gas,22.08.2024,Nikita Moskalenko <nim@wip.tu-berlin.de>
World,HMHI_Gas,Gas_Natural,1,2040,1.0363,,PJ,Energy Agency Denmark (2022): Steam boiler gas,22.08.2024,Nikita Moskalenko <nim@wip.tu-berlin.de>
World,HMHI_Gas,Gas_Natural,1,2045,1.0336,,PJ,Energy Agency Denmark (2022): Steam boiler gas,22.08.2024,Nikita Moskalenko <nim@wip.tu-berlin.de>
World,HMHI_Gas,Gas_Natural,1,2050,1.0309,,PJ,Energy Agency Denmark (2022): Steam boiler gas,22.08.2024,Nikita Moskalenko <nim@wip.tu-berlin.de>
World,HMHI_Gas,Gas_Natural,1,2055,1.0309,,PJ,same as 2050 for now,29.01.2025,Nikita Moskalenko <nim@wip.tu-berlin.de>
World,HMHI_Gas,Gas_Natural,1,2060,1.0309,,PJ,same as 2050 for now,29.01.2025,Nikita Moskalenko <nim@wip.tu-berlin.de>
World,HMHI_Gas,Gas_Bio,2,2018,1.0753,,PJ,Energy Agency Denmark (2022): Steam boiler gas,22.08.2024,Nikita Moskalenko <nim@wip.tu-berlin.de>
World,HMHI_Gas,Gas_Bio,2,2020,1.0753,,PJ,Energy Agency Denmark (2022): Steam boiler gas,22.08.2024,Nikita Moskalenko <nim@wip.tu-berlin.de>
World,HMHI_Gas,Gas_Bio,2,2025,1.0582,,PJ,Energy Agency Denmark (2022): Steam boiler gas,22.08.2024,Nikita Moskalenko <nim@wip.tu-berlin.de>
World,HMHI_Gas,Gas_Bio,2,2030,1.0417,,PJ,Energy Agency Denmark (2022): Steam boiler gas,22.08.2024,Nikita Moskalenko <nim@wip.tu-berlin.de>
World,HMHI_Gas,Gas_Bio,2,2035,1.039,,PJ,Energy Agency Denmark (2022): Steam boiler gas,22.08.2024,Nikita Moskalenko <nim@wip.tu-berlin.de>
World,HMHI_Gas,Gas_Bio,2,2040,1.0363,,PJ,Energy Agency Denmark (2022): Steam boiler gas,22.08.2024,Nikita Moskalenko <nim@wip.tu-berlin.de>
World,HMHI_Gas,Gas_Bio,2,2045,1.0336,,PJ,Energy Agency Denmark (2022): Steam boiler gas,22.08.2024,Nikita Moskalenko <nim@wip.tu-berlin.de>
World,HMHI_Gas,Gas_Bio,2,2050,1.0309,,PJ,Energy Agency Denmark (2022): Steam boiler gas,22.08.2024,Nikita Moskalenko <nim@wip.tu-berlin.de>
World,HMHI_Gas,Gas_Bio,2,2055,1.0309,,PJ,same as 2050 for now,29.01.2025,Nikita Moskalenko <nim@wip.tu-berlin.de>
World,HMHI_Gas,Gas_Bio,2,2060,1.0309,,PJ,same as 2050 for now,29.01.2025,Nikita Moskalenko <nim@wip.tu-berlin.de>
World,HMHI_Gas,Gas_Synth,3,2018,1.0753,,PJ,Energy Agency Denmark (2022): Steam boiler gas,22.08.2024,Nikita Moskalenko <nim@wip.tu-berlin.de>
World,HMHI_Gas,Gas_Synth,3,2020,1.0753,,PJ,Energy Agency Denmark (2022): Steam boiler gas,22.08.2024,Nikita Moskalenko <nim@wip.tu-berlin.de>
World,HMHI_Gas,Gas_Synth,3,2025,1.0582,,PJ,Energy Agency Denmark (2022): Steam boiler gas,22.08.2024,Nikita Moskalenko <nim@wip.tu-berlin.de>
World,HMHI_Gas,Gas_Synth,3,2030,1.0417,,PJ,Energy Agency Denmark (2022): Steam boiler gas,22.08.2024,Nikita Moskalenko <nim@wip.tu-berlin.de>
World,HMHI_Gas,Gas_Synth,3,2035,1.039,,PJ,Energy Agency Denmark (2022): Steam boiler gas,22.08.2024,Nikita Moskalenko <nim@wip.tu-berlin.de>
World,HMHI_Gas,Gas_Synth,3,2040,1.0363,,PJ,Energy Agency Denmark (2022): Steam boiler gas,22.08.2024,Nikita Moskalenko <nim@wip.tu-berlin.de>
World,HMHI_Gas,Gas_Synth,3,2045,1.0336,,PJ,Energy Agency Denmark (2022): Steam boiler gas,22.08.2024,Nikita Moskalenko <nim@wip.tu-berlin.de>
World,HMHI_Gas,Gas_Synth,3,2050,1.0309,,PJ,Energy Agency Denmark (2022): Steam boiler gas,22.08.2024,Nikita Moskalenko <nim@wip.tu-berlin.de>
World,HMHI_Gas,Gas_Synth,3,2055,1.0309,,PJ,same as 2050 for now,29.01.2025,Nikita Moskalenko <nim@wip.tu-berlin.de>
World,HMHI_Gas,Gas_Synth,3,2060,1.0309,,PJ,same as 2050 for now,29.01.2025,Nikita Moskalenko <nim@wip.tu-berlin.de>
World,HMHI_Gas,Gas_Natural,4,2018,1.0753,,PJ,Energy Agency Denmark (2022): Steam boiler gas,22.08.2024,Nikita Moskalenko <nim@wip.tu-berlin.de>
World,HMHI_Gas,Gas_Natural,4,2020,1.0753,,PJ,Energy Agency Denmark (2022): Steam boiler gas,22.08.2024,Nikita Moskalenko <nim@wip.tu-berlin.de>
World,HMHI_Gas,Gas_Natural,4,2025,1.0582,,PJ,Energy Agency Denmark (2022): Steam boiler gas,22.08.2024,Nikita Moskalenko <nim@wip.tu-berlin.de>
World,HMHI_Gas,Gas_Natural,4,2030,1.0417,,PJ,Energy Agency Denmark (2022): Steam boiler gas,22.08.2024,Nikita Moskalenko <nim@wip.tu-berlin.de>
World,HMHI_Gas,Gas_Natural,4,2035,1.039,,PJ,Energy Agency Denmark (2022): Steam boiler gas,22.08.2024,Nikita Moskalenko <nim@wip.tu-berlin.de>
World,HMHI_Gas,Gas_Natural,4,2040,1.0363,,PJ,Energy Agency Denmark (2022): Steam boiler gas,22.08.2024,Nikita Moskalenko <nim@wip.tu-berlin.de>
World,HMHI_Gas,Gas_Natural,4,2045,1.0336,,PJ,Energy Agency Denmark (2022): Steam boiler gas,22.08.2024,Nikita Moskalenko <nim@wip.tu-berlin.de>
World,HMHI_Gas,Gas_Natural,4,2050,1.0309,,PJ,Energy Agency Denmark (2022): Steam boiler gas,22.08.2024,Nikita Moskalenko <nim@wip.tu-berlin.de>
World,HMHI_Gas,Gas_Natural,4,2055,1.0309,,PJ,same as 2050 for now,29.01.2025,Nikita Moskalenko <nim@wip.tu-berlin.de>
World,HMHI_Gas,Gas_Natural,4,2060,1.0309,,PJ,same as 2050 for now,29.01.2025,Nikita Moskalenko <nim@wip.tu-berlin.de>
World,HMHI_Gas,Gas_Bio,5,2018,1.0753,,PJ,Energy Agency Denmark (2022): Steam boiler gas,22.08.2024,Nikita Moskalenko <nim@wip.tu-berlin.de>
World,HMHI_Gas,Gas_Bio,5,2020,1.0753,,PJ,Energy Agency Denmark (2022): Steam boiler gas,22.08.2024,Nikita Moskalenko <nim@wip.tu-berlin.de>
World,HMHI_Gas,Gas_Bio,5,2025,1.0582,,PJ,Energy Agency Denmark (2022): Steam boiler gas,22.08.2024,Nikita Moskalenko <nim@wip.tu-berlin.de>
World,HMHI_Gas,Gas_Bio,5,2030,1.0417,,PJ,Energy Agency Denmark (2022): Steam boiler gas,22.08.2024,Nikita Moskalenko <nim@wip.tu-berlin.de>
World,HMHI_Gas,Gas_Bio,5,2035,1.039,,PJ,Energy Agency Denmark (2022): Steam boiler gas,22.08.2024,Nikita Moskalenko <nim@wip.tu-berlin.de>
World,HMHI_Gas,Gas_Bio,5,2040,1.0363,,PJ,Energy Agency Denmark (2022): Steam boiler gas,22.08.2024,Nikita Moskalenko <nim@wip.tu-berlin.de>
World,HMHI_Gas,Gas_Bio,5,2045,1.0336,,PJ,Energy Agency Denmark (2022): Steam boiler gas,22.08.2024,Nikita Moskalenko <nim@wip.tu-berlin.de>
World,HMHI_Gas,Gas_Bio,5,2050,1.0309,,PJ,Energy Agency Denmark (2022): Steam boiler gas,22.08.2024,Nikita Moskalenko <nim@wip.tu-berlin.de>
World,HMHI_Gas,Gas_Bio,5,2055,1.0309,,PJ,same as 2050 for now,29.01.2025,Nikita Moskalenko <nim@wip.tu-berlin.de>
World,HMHI_Gas,Gas_Bio,5,2060,1.0309,,PJ,same as 2050 for now,29.01.2025,Nikita Moskalenko <nim@wip.tu-berlin.de>
World,HMHI_Gas,Gas_Synth,6,2018,1.0753,,PJ,Energy Agency Denmark (2022): Steam boiler gas,22.08.2024,Nikita Moskalenko <nim@wip.tu-berlin.de>
World,HMHI_Gas,Gas_Synth,6,2020,1.0753,,PJ,Energy Agency Denmark (2022): Steam boiler gas,22.08.2024,Nikita Moskalenko <nim@wip.tu-berlin.de>
World,HMHI_Gas,Gas_Synth,6,2025,1.0582,,PJ,Energy Agency Denmark (2022): Steam boiler gas,22.08.2024,Nikita Moskalenko <nim@wip.tu-berlin.de>
World,HMHI_Gas,Gas_Synth,6,2030,1.0417,,PJ,Energy Agency Denmark (2022): Steam boiler gas,22.08.2024,Nikita Moskalenko <nim@wip.tu-berlin.de>
World,HMHI_Gas,Gas_Synth,6,2035,1.039,,PJ,Energy Agency Denmark (2022): Steam boiler gas,22.08.2024,Nikita Moskalenko <nim@wip.tu-berlin.de>
World,HMHI_Gas,Gas_Synth,6,2040,1.0363,,PJ,Energy Agency Denmark (2022): Steam boiler gas,22.08.2024,Nikita Moskalenko <nim@wip.tu-berlin.de>
World,HMHI_Gas,Gas_Synth,6,2045,1.0336,,PJ,Energy Agency Denmark (2022): Steam boiler gas,22.08.2024,Nikita Moskalenko <nim@wip.tu-berlin.de>
World,HMHI_Gas,Gas_Synth,6,2050,1.0309,,PJ,Energy Agency Denmark (2022): Steam boiler gas,22.08.2024,Nikita Moskalenko <nim@wip.tu-berlin.de>
World,HMHI_Gas,Gas_Synth,6,2055,1.0309,,PJ,same as 2050 for now,29.01.2025,Nikita Moskalenko <nim@wip.tu-berlin.de>
World,HMHI_Gas,Gas_Synth,6,2060,1.0309,,PJ,same as 2050 for now,29.01.2025,Nikita Moskalenko <nim@wip.tu-berlin.de>
World,HMHI_Gas_CCS,Gas_Natural,1,2018,1.1947,,PJ,Energy Agency Denmark (2024): Generation efficiency decrease 10%,05.09.2024,Nikita Moskalenko <nim@wip.tu-berlin.de>
World,HMHI_Gas_CCS,Gas_Natural,1,2020,1.1947,,PJ,Energy Agency Denmark (2024): Generation efficiency decrease 10%,05.09.2024,Nikita Moskalenko <nim@wip.tu-berlin.de>
World,HMHI_Gas_CCS,Gas_Natural,1,2025,1.1758,,PJ,Energy Agency Denmark (2024): Generation efficiency decrease 10%,05.09.2024,Nikita Moskalenko <nim@wip.tu-berlin.de>
World,HMHI_Gas_CCS,Gas_Natural,1,2030,1.1574,,PJ,Energy Agency Denmark (2024): Generation efficiency decrease 10%,05.09.2024,Nikita Moskalenko <nim@wip.tu-berlin.de>
World,HMHI_Gas_CCS,Gas_Natural,1,2035,1.1544,,PJ,Energy Agency Denmark (2024): Generation efficiency decrease 10%,05.09.2024,Nikita Moskalenko <nim@wip.tu-berlin.de>
World,HMHI_Gas_CCS,Gas_Natural,1,2040,1.1514,,PJ,Energy Agency Denmark (2024): Generation efficiency decrease 10%,05.09.2024,Nikita Moskalenko <nim@wip.tu-berlin.de>
World,HMHI_Gas_CCS,Gas_Natural,1,2045,1.1484,,PJ,Energy Agency Denmark (2024): Generation efficiency decrease 10%,05.09.2024,Nikita Moskalenko <nim@wip.tu-berlin.de>
World,HMHI_Gas_CCS,Gas_Natural,1,2050,1.1455,,PJ,Energy Agency Denmark (2024): Generation efficiency decrease 10%,05.09.2024,Nikita Moskalenko <nim@wip.tu-berlin.de>
World,HMHI_Gas_CCS,Gas_Natural,1,2055,1.1455,,PJ,same as 2050 for now,29.01.2025,Nikita Moskalenko <nim@wip.tu-berlin.de>
World,HMHI_Gas_CCS,Gas_Natural,1,2060,1.1455,,PJ,same as 2050 for now,29.01.2025,Nikita Moskalenko <nim@wip.tu-berlin.de>
World,HMHI_Gas_CCS,Gas_Natural,2,2018,1.1947,,PJ,Energy Agency Denmark (2024): Generation efficiency decrease 10%,05.09.2024,Nikita Moskalenko <nim@wip.tu-berlin.de>
World,HMHI_Gas_CCS,Gas_Natural,2,2020,1.1947,,PJ,Energy Agency Denmark (2024): Generation efficiency decrease 10%,05.09.2024,Nikita Moskalenko <nim@wip.tu-berlin.de>
World,HMHI_Gas_CCS,Gas_Natural,2,2025,1.1758,,PJ,Energy Agency Denmark (2024): Generation efficiency decrease 10%,05.09.2024,Nikita Moskalenko <nim@wip.tu-berlin.de>
World,HMHI_Gas_CCS,Gas_Natural,2,2030,1.1574,,PJ,Energy Agency Denmark (2024): Generation efficiency decrease 10%,05.09.2024,Nikita Moskalenko <nim@wip.tu-berlin.de>
World,HMHI_Gas_CCS,Gas_Natural,2,2035,1.1544,,PJ,Energy Agency Denmark (2024): Generation efficiency decrease 10%,05.09.2024,Nikita Moskalenko <nim@wip.tu-berlin.de>
World,HMHI_Gas_CCS,Gas_Natural,2,2040,1.1514,,PJ,Energy Agency Denmark (2024): Generation efficiency decrease 10%,05.09.2024,Nikita Moskalenko <nim@wip.tu-berlin.de>
World,HMHI_Gas_CCS,Gas_Natural,2,2045,1.1484,,PJ,Energy Agency Denmark (2024): Generation efficiency decrease 10%,05.09.2024,Nikita Moskalenko <nim@wip.tu-berlin.de>
World,HMHI_Gas_CCS,Gas_Natural,2,2050,1.1455,,PJ,Energy Agency Denmark (2024): Generation efficiency decrease 10%,05.09.2024,Nikita Moskalenko <nim@wip.tu-berlin.de>
World,HMHI_Gas_CCS,Gas_Natural,2,2055,1.1455,,PJ,same as 2050 for now,29.01.2025,Nikita Moskalenko <nim@wip.tu-berlin.de>
World,HMHI_Gas_CCS,Gas_Natural,2,2060,1.1455,,PJ,same as 2050 for now,29.01.2025,Nikita Moskalenko <nim@wip.tu-berlin.de>
World,HMHI_H2,H2,1,2018,1.1765,,PJ,TNO Technology Factsheet 2020: H2 Industrial Boiler (with assumption: flat until 2030- then going up),21.08.2024,Nikita Moskalenko <nim@wip.tu-berlin.de>
World,HMHI_H2,H2,1,2020,1.1765,,PJ,TNO Technology Factsheet 2020: H2 Industrial Boiler (with assumption: flat until 2030- then going up),21.08.2024,Nikita Moskalenko <nim@wip.tu-berlin.de>
World,HMHI_H2,H2,1,2025,1.1765,,PJ,TNO Technology Factsheet 2020: H2 Industrial Boiler (with assumption: flat until 2030- then going up),21.08.2024,Nikita Moskalenko <nim@wip.tu-berlin.de>
World,HMHI_H2,H2,1,2030,1.1765,,PJ,TNO Technology Factsheet 2020: H2 Industrial Boiler (with assumption: flat until 2030- then going up),21.08.2024,Nikita Moskalenko <nim@wip.tu-berlin.de>
World,HMHI_H2,H2,1,2035,1.1594,,PJ,TNO Technology Factsheet 2020: H2 Industrial Boiler (with assumption: flat until 2030- then going up),21.08.2024,Nikita Moskalenko <nim@wip.tu-berlin.de>
World,HMHI_H2,H2,1,2040,1.1429,,PJ,TNO Technology Factsheet 2020: H2 Industrial Boiler (with assumption: flat until 2030- then going up),21.08.2024,Nikita Moskalenko <nim@wip.tu-berlin.de>
World,HMHI_H2,H2,1,2045,1.1268,,PJ,TNO Technology Factsheet 2020: H2 Industrial Boiler (with assumption: flat until 2030- then going up),21.08.2024,Nikita Moskalenko <nim@wip.tu-berlin.de>
World,HMHI_H2,H2,1,2050,1.1111,,PJ,TNO Technology Factsheet 2020: H2 Industrial Boiler (with assumption: flat until 2030- then going up),21.08.2024,Nikita Moskalenko <nim@wip.tu-berlin.de>
World,HMHI_H2,H2,1,2055,1.1111,,PJ,same as 2050 for now,29.01.2025,Nikita Moskalenko <nim@wip.tu-berlin.de>
World,HMHI_H2,H2,1,2060,1.1111,,PJ,same as 2050 for now,29.01.2025,Nikita Moskalenko <nim@wip.tu-berlin.de>
World,HMHI_H2,H2,2,2018,1.1765,,PJ,TNO Technology Factsheet 2020: H2 Industrial Boiler (with assumption: flat until 2030- then going up),21.08.2024,Nikita Moskalenko <nim@wip.tu-berlin.de>
World,HMHI_H2,H2,2,2020,1.1765,,PJ,TNO Technology Factsheet 2020: H2 Industrial Boiler (with assumption: flat until 2030- then going up),21.08.2024,Nikita Moskalenko <nim@wip.tu-berlin.de>
World,HMHI_H2,H2,2,2025,1.1765,,PJ,TNO Technology Factsheet 2020: H2 Industrial Boiler (with assumption: flat until 2030- then going up),21.08.2024,Nikita Moskalenko <nim@wip.tu-berlin.de>
World,HMHI_H2,H2,2,2030,1.1765,,PJ,TNO Technology Factsheet 2020: H2 Industrial Boiler (with assumption: flat until 2030- then going up),21.08.2024,Nikita Moskalenko <nim@wip.tu-berlin.de>
World,HMHI_H2,H2,2,2035,1.1594,,PJ,TNO Technology Factsheet 2020: H2 Industrial Boiler (with assumption: flat until 2030- then going up),21.08.2024,Nikita Moskalenko <nim@wip.tu-berlin.de>
World,HMHI_H2,H2,2,2040,1.1429,,PJ,TNO Technology Factsheet 2020: H2 Industrial Boiler (with assumption: flat until 2030- then going up),21.08.2024,Nikita Moskalenko <nim@wip.tu-berlin.de>
World,HMHI_H2,H2,2,2045,1.1268,,PJ,TNO Technology Factsheet 2020: H2 Industrial Boiler (with assumption: flat until 2030- then going up),21.08.2024,Nikita Moskalenko <nim@wip.tu-berlin.de>
World,HMHI_H2,H2,2,2050,1.1111,,PJ,TNO Technology Factsheet 2020: H2 Industrial Boiler (with assumption: flat until 2030- then going up),21.08.2024,Nikita Moskalenko <nim@wip.tu-berlin.de>
World,HMHI_H2,H2,2,2055,1.1111,,PJ,same as 2050 for now,29.01.2025,Nikita Moskalenko <nim@wip.tu-berlin.de>
World,HMHI_H2,H2,2,2060,1.1111,,PJ,same as 2050 for now,29.01.2025,Nikita Moskalenko <nim@wip.tu-berlin.de>
World,HMHI_HardCoal,Hardcoal,1,2018,1.1111,,PJ,Energy Agency Denmark (2022): Steam boiler Coal,22.08.2024,Nikita Moskalenko <nim@wip.tu-berlin.de>
World,HMHI_HardCoal,Hardcoal,1,2020,1.1111,,PJ,Energy Agency Denmark (2022): Steam boiler Coal,22.08.2024,Nikita Moskalenko <nim@wip.tu-berlin.de>
World,HMHI_HardCoal,Hardcoal,1,2025,1.0989,,PJ,Energy Agency Denmark (2022): Steam boiler Coal,22.08.2024,Nikita Moskalenko <nim@wip.tu-berlin.de>
World,HMHI_HardCoal,Hardcoal,1,2030,1.087,,PJ,Energy Agency Denmark (2022): Steam boiler Coal,22.08.2024,Nikita Moskalenko <nim@wip.tu-berlin.de>
World,HMHI_HardCoal,Hardcoal,1,2035,1.0811,,PJ,Energy Agency Denmark (2022): Steam boiler Coal,22.08.2024,Nikita Moskalenko <nim@wip.tu-berlin.de>
World,HMHI_HardCoal,Hardcoal,1,2040,1.0753,,PJ,Energy Agency Denmark (2022): Steam boiler Coal,22.08.2024,Nikita Moskalenko <nim@wip.tu-berlin.de>
World,HMHI_HardCoal,Hardcoal,1,2045,1.0695,,PJ,Energy Agency Denmark (2022): Steam boiler Coal,22.08.2024,Nikita Moskalenko <nim@wip.tu-berlin.de>
World,HMHI_HardCoal,Hardcoal,1,2050,1.0638,,PJ,Energy Agency Denmark (2022): Steam boiler Coal,22.08.2024,Nikita Moskalenko <nim@wip.tu-berlin.de>
World,HMHI_HardCoal,Hardcoal,1,2055,1.0638,,PJ,same as 2050 for now,29.01.2025,Nikita Moskalenko <nim@wip.tu-berlin.de>
World,HMHI_HardCoal,Hardcoal,1,2060,1.0638,,PJ,same as 2050 for now,29.01.2025,Nikita Moskalenko <nim@wip.tu-berlin.de>
World,HMHI_HardCoal,Hardcoal,2,2018,1.1111,,PJ,Energy Agency Denmark (2022): Steam boiler Coal,22.08.2024,Nikita Moskalenko <nim@wip.tu-berlin.de>
World,HMHI_HardCoal,Hardcoal,2,2020,1.1111,,PJ,Energy Agency Denmark (2022): Steam boiler Coal,22.08.2024,Nikita Moskalenko <nim@wip.tu-berlin.de>
World,HMHI_HardCoal,Hardcoal,2,2025,1.0989,,PJ,Energy Agency Denmark (2022): Steam boiler Coal,22.08.2024,Nikita Moskalenko <nim@wip.tu-berlin.de>
World,HMHI_HardCoal,Hardcoal,2,2030,1.087,,PJ,Energy Agency Denmark (2022): Steam boiler Coal,22.08.2024,Nikita Moskalenko <nim@wip.tu-berlin.de>
World,HMHI_HardCoal,Hardcoal,2,2035,1.0811,,PJ,Energy Agency Denmark (2022): Steam boiler Coal,22.08.2024,Nikita Moskalenko <nim@wip.tu-berlin.de>
World,HMHI_HardCoal,Hardcoal,2,2040,1.0753,,PJ,Energy Agency Denmark (2022): Steam boiler Coal,22.08.2024,Nikita Moskalenko <nim@wip.tu-berlin.de>
World,HMHI_HardCoal,Hardcoal,2,2045,1.0695,,PJ,Energy Agency Denmark (2022): Steam boiler Coal,22.08.2024,Nikita Moskalenko <nim@wip.tu-berlin.de>
World,HMHI_HardCoal,Hardcoal,2,2050,1.0638,,PJ,Energy Agency Denmark (2022): Steam boiler Coal,22.08.2024,Nikita Moskalenko <nim@wip.tu-berlin.de>
World,HMHI_HardCoal,Hardcoal,2,2055,1.0638,,PJ,same as 2050 for now,29.01.2025,Nikita Moskalenko <nim@wip.tu-berlin.de>
World,HMHI_HardCoal,Hardcoal,2,2060,1.0638,,PJ,same as 2050 for now,29.01.2025,Nikita Moskalenko <nim@wip.tu-berlin.de>
World,HMHI_HardCoal_CCS,Hardcoal,1,2018,1.2346,,PJ,Energy Agency Denmark (2024): Generation efficiency decrease 10%,05.09.2024,Nikita Moskalenko <nim@wip.tu-berlin.de>
World,HMHI_HardCoal_CCS,Hardcoal,1,2020,1.2346,,PJ,Energy Agency Denmark (2024): Generation efficiency decrease 10%,05.09.2024,Nikita Moskalenko <nim@wip.tu-berlin.de>
World,HMHI_HardCoal_CCS,Hardcoal,1,2025,1.221,,PJ,Energy Agency Denmark (2024): Generation efficiency decrease 10%,05.09.2024,Nikita Moskalenko <nim@wip.tu-berlin.de>
World,HMHI_HardCoal_CCS,Hardcoal,1,2030,1.2077,,PJ,Energy Agency Denmark (2024): Generation efficiency decrease 10%,05.09.2024,Nikita Moskalenko <nim@wip.tu-berlin.de>
World,HMHI_HardCoal_CCS,Hardcoal,1,2035,1.2012,,PJ,Energy Agency Denmark (2024): Generation efficiency decrease 10%,05.09.2024,Nikita Moskalenko <nim@wip.tu-berlin.de>
World,HMHI_HardCoal_CCS,Hardcoal,1,2040,1.1947,,PJ,Energy Agency Denmark (2024): Generation efficiency decrease 10%,05.09.2024,Nikita Moskalenko <nim@wip.tu-berlin.de>
World,HMHI_HardCoal_CCS,Hardcoal,1,2045,1.1884,,PJ,Energy Agency Denmark (2024): Generation efficiency decrease 10%,05.09.2024,Nikita Moskalenko <nim@wip.tu-berlin.de>
World,HMHI_HardCoal_CCS,Hardcoal,1,2050,1.182,,PJ,Energy Agency Denmark (2024): Generation efficiency decrease 10%,05.09.2024,Nikita Moskalenko <nim@wip.tu-berlin.de>
World,HMHI_HardCoal_CCS,Hardcoal,1,2055,1.182,,PJ,same as 2050 for now,29.01.2025,Nikita Moskalenko <nim@wip.tu-berlin.de>
World,HMHI_HardCoal_CCS,Hardcoal,1,2060,1.182,,PJ,same as 2050 for now,29.01.2025,Nikita Moskalenko <nim@wip.tu-berlin.de>
World,HMHI_HardCoal_CCS,Hardcoal,2,2018,1.2346,,PJ,Energy Agency Denmark (2024): Generation efficiency decrease 10%,05.09.2024,Nikita Moskalenko <nim@wip.tu-berlin.de>
World,HMHI_HardCoal_CCS,Hardcoal,2,2020,1.2346,,PJ,Energy Agency Denmark (2024): Generation efficiency decrease 10%,05.09.2024,Nikita Moskalenko <nim@wip.tu-berlin.de>
World,HMHI_HardCoal_CCS,Hardcoal,2,2025,1.221,,PJ,Energy Agency Denmark (2024): Generation efficiency decrease 10%,05.09.2024,Nikita Moskalenko <nim@wip.tu-berlin.de>
World,HMHI_HardCoal_CCS,Hardcoal,2,2030,1.2077,,PJ,Energy Agency Denmark (2024): Generation efficiency decrease 10%,05.09.2024,Nikita Moskalenko <nim@wip.tu-berlin.de>
World,HMHI_HardCoal_CCS,Hardcoal,2,2035,1.2012,,PJ,Energy Agency Denmark (2024): Generation efficiency decrease 10%,05.09.2024,Nikita Moskalenko <nim@wip.tu-berlin.de>
World,HMHI_HardCoal_CCS,Hardcoal,2,2040,1.1947,,PJ,Energy Agency Denmark (2024): Generation efficiency decrease 10%,05.09.2024,Nikita Moskalenko <nim@wip.tu-berlin.de>
World,HMHI_HardCoal_CCS,Hardcoal,2,2045,1.1884,,PJ,Energy Agency Denmark (2024): Generation efficiency decrease 10%,05.09.2024,Nikita Moskalenko <nim@wip.tu-berlin.de>
World,HMHI_HardCoal_CCS,Hardcoal,2,2050,1.182,,PJ,Energy Agency Denmark (2024): Generation efficiency decrease 10%,05.09.2024,Nikita Moskalenko <nim@wip.tu-berlin.de>
World,HMHI_HardCoal_CCS,Hardcoal,2,2055,1.182,,PJ,same as 2050 for now,29.01.2025,Nikita Moskalenko <nim@wip.tu-berlin.de>
World,HMHI_HardCoal_CCS,Hardcoal,2,2060,1.182,,PJ,same as 2050 for now,29.01.2025,Nikita Moskalenko <nim@wip.tu-berlin.de>
World,HMHI_Oil,Oil,1,2018,1.0526,,PJ,Energy Agency Denmark (2022): Steam boiler Oil,22.08.2024,Nikita Moskalenko <nim@wip.tu-berlin.de>
World,HMHI_Oil,Oil,1,2020,1.0526,,PJ,Energy Agency Denmark (2022): Steam boiler Oil,22.08.2024,Nikita Moskalenko <nim@wip.tu-berlin.de>
World,HMHI_Oil,Oil,1,2025,1.0363,,PJ,Energy Agency Denmark (2022): Steam boiler Oil,22.08.2024,Nikita Moskalenko <nim@wip.tu-berlin.de>
World,HMHI_Oil,Oil,1,2030,1.0204,,PJ,Energy Agency Denmark (2022): Steam boiler Oil,22.08.2024,Nikita Moskalenko <nim@wip.tu-berlin.de>
World,HMHI_Oil,Oil,1,2035,1.0204,,PJ,Energy Agency Denmark (2022): Steam boiler Oil,22.08.2024,Nikita Moskalenko <nim@wip.tu-berlin.de>
World,HMHI_Oil,Oil,1,2040,1.0204,,PJ,Energy Agency Denmark (2022): Steam boiler Oil,22.08.2024,Nikita Moskalenko <nim@wip.tu-berlin.de>
World,HMHI_Oil,Oil,1,2045,1.0204,,PJ,Energy Agency Denmark (2022): Steam boiler Oil,22.08.2024,Nikita Moskalenko <nim@wip.tu-berlin.de>
World,HMHI_Oil,Oil,1,2050,1.0204,,PJ,Energy Agency Denmark (2022): Steam boiler Oil,22.08.2024,Nikita Moskalenko <nim@wip.tu-berlin.de>
World,HMHI_Oil,Oil,1,2055,1.0204,,PJ,same as 2050 for now,29.01.2025,Nikita Moskalenko <nim@wip.tu-berlin.de>
World,HMHI_Oil,Oil,1,2060,1.0204,,PJ,same as 2050 for now,29.01.2025,Nikita Moskalenko <nim@wip.tu-berlin.de>
World,HMHI_Oil,Oil,2,2018,1.0526,,PJ,Energy Agency Denmark (2022): Steam boiler Oil,22.08.2024,Nikita Moskalenko <nim@wip.tu-berlin.de>
World,HMHI_Oil,Oil,2,2020,1.0526,,PJ,Energy Agency Denmark (2022): Steam boiler Oil,22.08.2024,Nikita Moskalenko <nim@wip.tu-berlin.de>
World,HMHI_Oil,Oil,2,2025,1.0363,,PJ,Energy Agency Denmark (2022): Steam boiler Oil,22.08.2024,Nikita Moskalenko <nim@wip.tu-berlin.de>
World,HMHI_Oil,Oil,2,2030,1.0204,,PJ,Energy Agency Denmark (2022): Steam boiler Oil,22.08.2024,Nikita Moskalenko <nim@wip.tu-berlin.de>
World,HMHI_Oil,Oil,2,2035,1.0204,,PJ,Energy Agency Denmark (2022): Steam boiler Oil,22.08.2024,Nikita Moskalenko <nim@wip.tu-berlin.de>
World,HMHI_Oil,Oil,2,2040,1.0204,,PJ,Energy Agency Denmark (2022): Steam boiler Oil,22.08.2024,Nikita Moskalenko <nim@wip.tu-berlin.de>
World,HMHI_Oil,Oil,2,2045,1.0204,,PJ,Energy Agency Denmark (2022): Steam boiler Oil,22.08.2024,Nikita Moskalenko <nim@wip.tu-berlin.de>
World,HMHI_Oil,Oil,2,2050,1.0204,,PJ,Energy Agency Denmark (2022): Steam boiler Oil,22.08.2024,Nikita Moskalenko <nim@wip.tu-berlin.de>
World,HMHI_Oil,Oil,2,2055,1.0204,,PJ,same as 2050 for now,29.01.2025,Nikita Moskalenko <nim@wip.tu-berlin.de>
World,HMHI_Oil,Oil,2,2060,1.0204,,PJ,same as 2050 for now,29.01.2025,Nikita Moskalenko <nim@wip.tu-berlin.de>
World,HMHI_Steam_Electric,Power,1,2018,1.0101,,PJ,Energy Agency Denmark (2022): Electric boiler steam,21.08.2024,Nikita Moskalenko <nim@wip.tu-berlin.de>
World,HMHI_Steam_Electric,Power,1,2020,1.0101,,PJ,Energy Agency Denmark (2022): Electric boiler steam,21.08.2024,Nikita Moskalenko <nim@wip.tu-berlin.de>
World,HMHI_Steam_Electric,Power,1,2025,1.0101,,PJ,Energy Agency Denmark (2022): Electric boiler steam,21.08.2024,Nikita Moskalenko <nim@wip.tu-berlin.de>
World,HMHI_Steam_Electric,Power,1,2030,1,,PJ,Energy Agency Denmark (2022): Electric boiler steam,21.08.2024,Nikita Moskalenko <nim@wip.tu-berlin.de>
World,HMHI_Steam_Electric,Power,1,2035,1,,PJ,Energy Agency Denmark (2022): Electric boiler steam,21.08.2024,Nikita Moskalenko <nim@wip.tu-berlin.de>
World,HMHI_Steam_Electric,Power,1,2040,1,,PJ,Energy Agency Denmark (2022): Electric boiler steam,21.08.2024,Nikita Moskalenko <nim@wip.tu-berlin.de>
World,HMHI_Steam_Electric,Power,1,2045,1,,PJ,Energy Agency Denmark (2022): Electric boiler steam,21.08.2024,Nikita Moskalenko <nim@wip.tu-berlin.de>
World,HMHI_Steam_Electric,Power,1,2050,1,,PJ,Energy Agency Denmark (2022): Electric boiler steam,21.08.2024,Nikita Moskalenko <nim@wip.tu-berlin.de>
World,HMHI_Steam_Electric,Power,1,2055,1,,PJ,same as 2050 for now,29.01.2025,Nikita Moskalenko <nim@wip.tu-berlin.de>
World,HMHI_Steam_Electric,Power,1,2060,1,,PJ,same as 2050 for now,29.01.2025,Nikita Moskalenko <nim@wip.tu-berlin.de>
World,HMHI_Steam_Electric,Power,2,2018,1.0101,,PJ,Energy Agency Denmark (2022): Electric boiler steam,21.08.2024,Nikita Moskalenko <nim@wip.tu-berlin.de>
World,HMHI_Steam_Electric,Power,2,2020,1.0101,,PJ,Energy Agency Denmark (2022): Electric boiler steam,21.08.2024,Nikita Moskalenko <nim@wip.tu-berlin.de>
World,HMHI_Steam_Electric,Power,2,2025,1.0101,,PJ,Energy Agency Denmark (2022): Electric boiler steam,21.08.2024,Nikita Moskalenko <nim@wip.tu-berlin.de>
World,HMHI_Steam_Electric,Power,2,2030,1,,PJ,Energy Agency Denmark (2022): Electric boiler steam,21.08.2024,Nikita Moskalenko <nim@wip.tu-berlin.de>
World,HMHI_Steam_Electric,Power,2,2035,1,,PJ,Energy Agency Denmark (2022): Electric boiler steam,21.08.2024,Nikita Moskalenko <nim@wip.tu-berlin.de>
World,HMHI_Steam_Electric,Power,2,2040,1,,PJ,Energy Agency Denmark (2022): Electric boiler steam,21.08.2024,Nikita Moskalenko <nim@wip.tu-berlin.de>
World,HMHI_Steam_Electric,Power,2,2045,1,,PJ,Energy Agency Denmark (2022): Electric boiler steam,21.08.2024,Nikita Moskalenko <nim@wip.tu-berlin.de>
World,HMHI_Steam_Electric,Power,2,2050,1,,PJ,Energy Agency Denmark (2022): Electric boiler steam,21.08.2024,Nikita Moskalenko <nim@wip.tu-berlin.de>
World,HMHI_Steam_Electric,Power,2,2055,1,,PJ,same as 2050 for now,29.01.2025,Nikita Moskalenko <nim@wip.tu-berlin.de>
World,HMHI_Steam_Electric,Power,2,2060,1,,PJ,same as 2050 for now,29.01.2025,Nikita Moskalenko <nim@wip.tu-berlin.de>
World,HMLI_Heatpump,Power,1,2018,0.3922,,PJ,DEA â€“ Technology data for industrial process heat - heat pump up to 125 to 150 C - needs timeseries,13.12.2023,Frida Sather <frida.sather@sintef.no>
World,HMLI_Heatpump,Power,1,2020,0.3922,,PJ,DEA â€“ Technology data for industrial process heat - heat pump up to 125 to 150 C - needs timeseries,13.12.2023,Frida Sather <frida.sather@sintef.no>
World,HMLI_Heatpump,Power,1,2025,0.3813,,PJ,DEA â€“ Technology data for industrial process heat - heat pump up to 125 to 150 C - needs timeseries,13.12.2023,Frida Sather <frida.sather@sintef.no>
World,HMLI_Heatpump,Power,1,2030,0.3704,,PJ,DEA â€“ Technology data for industrial process heat - heat pump up to 125 to 150 C - needs timeseries,13.12.2023,Frida Sather <frida.sather@sintef.no>
World,HMLI_Heatpump,Power,1,2035,0.3638,,PJ,DEA â€“ Technology data for industrial process heat - heat pump up to 125 to 150 C - needs timeseries,13.12.2023,Frida Sather <frida.sather@sintef.no>
World,HMLI_Heatpump,Power,1,2040,0.3571,,PJ,DEA â€“ Technology data for industrial process heat - heat pump up to 125 to 150 C - needs timeseries,13.12.2023,Frida Sather <frida.sather@sintef.no>
World,HMLI_Heatpump,Power,1,2045,0.354,,PJ,DEA â€“ Technology data for industrial process heat - heat pump up to 125 to 150 C - needs timeseries,13.12.2023,Frida Sather <frida.sather@sintef.no>
World,HMLI_Heatpump,Power,1,2050,0.3509,,PJ,DEA â€“ Technology data for industrial process heat - heat pump up to 125 to 150 C - needs timeseries,13.12.2023,Frida Sather <frida.sather@sintef.no>
World,HMLI_Heatpump,Power,1,2055,0.3509,,PJ,same as 2050 for now,29.01.2025,Nikita Moskalenko <nim@wip.tu-berlin.de>
World,HMLI_Heatpump,Power,1,2060,0.3509,,PJ,same as 2050 for now,29.01.2025,Nikita Moskalenko <nim@wip.tu-berlin.de>
World,PSNG_Air_Bio,Biofuel,1,2018,1.4368,,PJ,FVV 2016: Renewables in Transport 2050 + higher consumption due to lower heating value (+15%),02.09.2024,Nikita Moskalenko <nim@wip.tu-berlin.de>
World,PSNG_Air_Bio,Biofuel,1,2020,1.3935,,PJ,FVV 2016: Renewables in Transport 2050 + higher consumption due to lower heating value (+15%),02.09.2024,Nikita Moskalenko <nim@wip.tu-berlin.de>
World,PSNG_Air_Bio,Biofuel,1,2025,1.3529,,PJ,FVV 2016: Renewables in Transport 2050 + higher consumption due to lower heating value (+15%),02.09.2024,Nikita Moskalenko <nim@wip.tu-berlin.de>
World,PSNG_Air_Bio,Biofuel,1,2030,1.3124,,PJ,FVV 2016: Renewables in Transport 2050 + higher consumption due to lower heating value (+15%),02.09.2024,Nikita Moskalenko <nim@wip.tu-berlin.de>
World,PSNG_Air_Bio,Biofuel,1,2035,1.3124,,PJ,FVV 2016: Renewables in Transport 2050 + higher consumption due to lower heating value (+15%),02.09.2024,Nikita Moskalenko <nim@wip.tu-berlin.de>
World,PSNG_Air_Bio,Biofuel,1,2040,1.3124,,PJ,FVV 2016: Renewables in Transport 2050 + higher consumption due to lower heating value (+15%),02.09.2024,Nikita Moskalenko <nim@wip.tu-berlin.de>
World,PSNG_Air_Bio,Biofuel,1,2045,1.3124,,PJ,FVV 2016: Renewables in Transport 2050 + higher consumption due to lower heating value (+15%),02.09.2024,Nikita Moskalenko <nim@wip.tu-berlin.de>
World,PSNG_Air_Bio,Biofuel,1,2050,1.3124,,PJ,FVV 2016: Renewables in Transport 2050 + higher consumption due to lower heating value (+15%),02.09.2024,Nikita Moskalenko <nim@wip.tu-berlin.de>
World,PSNG_Air_Bio,Biofuel,1,2055,1.3124,,PJ,same as 2050 for now,29.01.2025,Nikita Moskalenko <nim@wip.tu-berlin.de>
World,PSNG_Air_Bio,Biofuel,1,2060,1.3124,,PJ,same as 2050 for now,29.01.2025,Nikita Moskalenko <nim@wip.tu-berlin.de>
World,PSNG_Air_Conv,Oil,1,2018,1.2494,,PJ,FVV 2016: Renewables in Transport 2050,02.09.2024,Nikita Moskalenko <nim@wip.tu-berlin.de>
World,PSNG_Air_Conv,Oil,1,2020,1.2118,,PJ,FVV 2016: Renewables in Transport 2050,02.09.2024,Nikita Moskalenko <nim@wip.tu-berlin.de>
World,PSNG_Air_Conv,Oil,1,2025,1.1765,,PJ,FVV 2016: Renewables in Transport 2050,02.09.2024,Nikita Moskalenko <nim@wip.tu-berlin.de>
World,PSNG_Air_Conv,Oil,1,2030,1.1412,,PJ,FVV 2016: Renewables in Transport 2050,02.09.2024,Nikita Moskalenko <nim@wip.tu-berlin.de>
World,PSNG_Air_Conv,Oil,1,2035,1.1412,,PJ,FVV 2016: Renewables in Transport 2050,02.09.2024,Nikita Moskalenko <nim@wip.tu-berlin.de>
World,PSNG_Air_Conv,Oil,1,2040,1.1412,,PJ,FVV 2016: Renewables in Transport 2050,02.09.2024,Nikita Moskalenko <nim@wip.tu-berlin.de>
World,PSNG_Air_Conv,Oil,1,2045,1.1412,,PJ,FVV 2016: Renewables in Transport 2050,02.09.2024,Nikita Moskalenko <nim@wip.tu-berlin.de>
World,PSNG_Air_Conv,Oil,1,2050,1.1412,,PJ,FVV 2016: Renewables in Transport 2050,02.09.2024,Nikita Moskalenko <nim@wip.tu-berlin.de>
World,PSNG_Air_Conv,Oil,1,2055,1.1412,,PJ,same as 2050 for now,29.01.2025,Nikita Moskalenko <nim@wip.tu-berlin.de>
World,PSNG_Air_Conv,Oil,1,2060,1.1412,,PJ,same as 2050 for now,29.01.2025,Nikita Moskalenko <nim@wip.tu-berlin.de>
World,PSNG_Air_Conv,Powerfuel,2,2018,1.2494,,PJ,FVV 2016: Renewables in Transport 2050 (same as kerosene),02.09.2024,Nikita Moskalenko <nim@wip.tu-berlin.de>
World,PSNG_Air_Conv,Powerfuel,2,2020,1.2118,,PJ,FVV 2016: Renewables in Transport 2050 (same as kerosene),02.09.2024,Nikita Moskalenko <nim@wip.tu-berlin.de>
World,PSNG_Air_Conv,Powerfuel,2,2025,1.1765,,PJ,FVV 2016: Renewables in Transport 2050 (same as kerosene),02.09.2024,Nikita Moskalenko <nim@wip.tu-berlin.de>
World,PSNG_Air_Conv,Powerfuel,2,2030,1.1412,,PJ,FVV 2016: Renewables in Transport 2050 (same as kerosene),02.09.2024,Nikita Moskalenko <nim@wip.tu-berlin.de>
World,PSNG_Air_Conv,Powerfuel,2,2035,1.1412,,PJ,FVV 2016: Renewables in Transport 2050 (same as kerosene),02.09.2024,Nikita Moskalenko <nim@wip.tu-berlin.de>
World,PSNG_Air_Conv,Powerfuel,2,2040,1.1412,,PJ,FVV 2016: Renewables in Transport 2050 (same as kerosene),02.09.2024,Nikita Moskalenko <nim@wip.tu-berlin.de>
World,PSNG_Air_Conv,Powerfuel,2,2045,1.1412,,PJ,FVV 2016: Renewables in Transport 2050 (same as kerosene),02.09.2024,Nikita Moskalenko <nim@wip.tu-berlin.de>
World,PSNG_Air_Conv,Powerfuel,2,2050,1.1412,,PJ,FVV 2016: Renewables in Transport 2050 (same as kerosene),02.09.2024,Nikita Moskalenko <nim@wip.tu-berlin.de>
World,PSNG_Air_Conv,Powerfuel,2,2055,1.1412,,PJ,same as 2050 for now,29.01.2025,Nikita Moskalenko <nim@wip.tu-berlin.de>
World,PSNG_Air_Conv,Powerfuel,2,2060,1.1412,,PJ,same as 2050 for now,29.01.2025,Nikita Moskalenko <nim@wip.tu-berlin.de>
World,PSNG_Air_H2,H2,1,2018,1.1176,,PJ,FVV 2016: Renewables in Transport 2050,02.09.2024,Nikita Moskalenko <nim@wip.tu-berlin.de>
World,PSNG_Air_H2,H2,1,2020,1.0824,,PJ,FVV 2016: Renewables in Transport 2050,02.09.2024,Nikita Moskalenko <nim@wip.tu-berlin.de>
World,PSNG_Air_H2,H2,1,2025,1.0559,,PJ,FVV 2016: Renewables in Transport 2050,02.09.2024,Nikita Moskalenko <nim@wip.tu-berlin.de>
World,PSNG_Air_H2,H2,1,2030,1.0294,,PJ,FVV 2016: Renewables in Transport 2050,02.09.2024,Nikita Moskalenko <nim@wip.tu-berlin.de>
World,PSNG_Air_H2,H2,1,2035,1.0294,,PJ,FVV 2016: Renewables in Transport 2050,02.09.2024,Nikita Moskalenko <nim@wip.tu-berlin.de>
World,PSNG_Air_H2,H2,1,2040,1.0294,,PJ,FVV 2016: Renewables in Transport 2050,02.09.2024,Nikita Moskalenko <nim@wip.tu-berlin.de>
World,PSNG_Air_H2,H2,1,2045,1.0294,,PJ,FVV 2016: Renewables in Transport 2050,02.09.2024,Nikita Moskalenko <nim@wip.tu-berlin.de>
World,PSNG_Air_H2,H2,1,2050,1.0294,,PJ,FVV 2016: Renewables in Transport 2050,02.09.2024,Nikita Moskalenko <nim@wip.tu-berlin.de>
World,PSNG_Air_H2,H2,1,2055,1.0294,,PJ,same as 2050 for now,29.01.2025,Nikita Moskalenko <nim@wip.tu-berlin.de>
World,PSNG_Air_H2,H2,1,2060,1.0294,,PJ,same as 2050 for now,29.01.2025,Nikita Moskalenko <nim@wip.tu-berlin.de>
World,PSNG_Rail_Conv,Oil,1,2018,0.295,,PJ,FVV 2016: Renewables in Transport 2050,02.09.2024,Nikita Moskalenko <nim@wip.tu-berlin.de>
World,PSNG_Rail_Conv,Oil,1,2020,0.2917,,PJ,FVV 2016: Renewables in Transport 2050,02.09.2024,Nikita Moskalenko <nim@wip.tu-berlin.de>
World,PSNG_Rail_Conv,Oil,1,2025,0.2833,,PJ,FVV 2016: Renewables in Transport 2050,02.09.2024,Nikita Moskalenko <nim@wip.tu-berlin.de>
World,PSNG_Rail_Conv,Oil,1,2030,0.275,,PJ,FVV 2016: Renewables in Transport 2050,02.09.2024,Nikita Moskalenko <nim@wip.tu-berlin.de>
World,PSNG_Rail_Conv,Oil,1,2035,0.2708,,PJ,FVV 2016: Renewables in Transport 2050,02.09.2024,Nikita Moskalenko <nim@wip.tu-berlin.de>
World,PSNG_Rail_Conv,Oil,1,2040,0.2667,,PJ,FVV 2016: Renewables in Transport 2050,02.09.2024,Nikita Moskalenko <nim@wip.tu-berlin.de>
World,PSNG_Rail_Conv,Oil,1,2045,0.2583,,PJ,FVV 2016: Renewables in Transport 2050,02.09.2024,Nikita Moskalenko <nim@wip.tu-berlin.de>
World,PSNG_Rail_Conv,Oil,1,2050,0.25,,PJ,FVV 2016: Renewables in Transport 2050,02.09.2024,Nikita Moskalenko <nim@wip.tu-berlin.de>
World,PSNG_Rail_Conv,Oil,1,2055,0.25,,PJ,same as 2050 for now,29.01.2025,Nikita Moskalenko <nim@wip.tu-berlin.de>
World,PSNG_Rail_Conv,Oil,1,2060,0.25,,PJ,same as 2050 for now,29.01.2025,Nikita Moskalenko <nim@wip.tu-berlin.de>
World,PSNG_Rail_Conv,Biofuel,2,2018,0.3393,,PJ,FVV 2016: Renewables in Transport 2050 + higher consumption due to lower heating value (+15%),02.09.2024,Nikita Moskalenko <nim@wip.tu-berlin.de>
World,PSNG_Rail_Conv,Biofuel,2,2020,0.3354,,PJ,FVV 2016: Renewables in Transport 2050 + higher consumption due to lower heating value (+15%),02.09.2024,Nikita Moskalenko <nim@wip.tu-berlin.de>
World,PSNG_Rail_Conv,Biofuel,2,2025,0.3258,,PJ,FVV 2016: Renewables in Transport 2050 + higher consumption due to lower heating value (+15%),02.09.2024,Nikita Moskalenko <nim@wip.tu-berlin.de>
World,PSNG_Rail_Conv,Biofuel,2,2030,0.3163,,PJ,FVV 2016: Renewables in Transport 2050 + higher consumption due to lower heating value (+15%),02.09.2024,Nikita Moskalenko <nim@wip.tu-berlin.de>
World,PSNG_Rail_Conv,Biofuel,2,2035,0.3115,,PJ,FVV 2016: Renewables in Transport 2050 + higher consumption due to lower heating value (+15%),02.09.2024,Nikita Moskalenko <nim@wip.tu-berlin.de>
World,PSNG_Rail_Conv,Biofuel,2,2040,0.3067,,PJ,FVV 2016: Renewables in Transport 2050 + higher consumption due to lower heating value (+15%),02.09.2024,Nikita Moskalenko <nim@wip.tu-berlin.de>
World,PSNG_Rail_Conv,Biofuel,2,2045,0.2971,,PJ,FVV 2016: Renewables in Transport 2050 + higher consumption due to lower heating value (+15%),02.09.2024,Nikita Moskalenko <nim@wip.tu-berlin.de>
World,PSNG_Rail_Conv,Biofuel,2,2050,0.2875,,PJ,FVV 2016: Renewables in Transport 2050 + higher consumption due to lower heating value (+15%),02.09.2024,Nikita Moskalenko <nim@wip.tu-berlin.de>
World,PSNG_Rail_Conv,Biofuel,2,2055,0.2875,,PJ,same as 2050 for now,29.01.2025,Nikita Moskalenko <nim@wip.tu-berlin.de>
World,PSNG_Rail_Conv,Biofuel,2,2060,0.2875,,PJ,same as 2050 for now,29.01.2025,Nikita Moskalenko <nim@wip.tu-berlin.de>
World,PSNG_Rail_Conv,Powerfuel,3,2018,0.295,,PJ,FVV 2016: Renewables in Transport 2050 (same as diesel),02.09.2024,Nikita Moskalenko <nim@wip.tu-berlin.de>
World,PSNG_Rail_Conv,Powerfuel,3,2020,0.2917,,PJ,FVV 2016: Renewables in Transport 2050 (same as diesel),02.09.2024,Nikita Moskalenko <nim@wip.tu-berlin.de>
World,PSNG_Rail_Conv,Powerfuel,3,2025,0.2833,,PJ,FVV 2016: Renewables in Transport 2050 (same as diesel),02.09.2024,Nikita Moskalenko <nim@wip.tu-berlin.de>
World,PSNG_Rail_Conv,Powerfuel,3,2030,0.275,,PJ,FVV 2016: Renewables in Transport 2050 (same as diesel),02.09.2024,Nikita Moskalenko <nim@wip.tu-berlin.de>
World,PSNG_Rail_Conv,Powerfuel,3,2035,0.2708,,PJ,FVV 2016: Renewables in Transport 2050 (same as diesel),02.09.2024,Nikita Moskalenko <nim@wip.tu-berlin.de>
World,PSNG_Rail_Conv,Powerfuel,3,2040,0.2667,,PJ,FVV 2016: Renewables in Transport 2050 (same as diesel),02.09.2024,Nikita Moskalenko <nim@wip.tu-berlin.de>
World,PSNG_Rail_Conv,Powerfuel,3,2045,0.2583,,PJ,FVV 2016: Renewables in Transport 2050 (same as diesel),02.09.2024,Nikita Moskalenko <nim@wip.tu-berlin.de>
World,PSNG_Rail_Conv,Powerfuel,3,2050,0.25,,PJ,FVV 2016: Renewables in Transport 2050 (same as diesel),02.09.2024,Nikita Moskalenko <nim@wip.tu-berlin.de>
World,PSNG_Rail_Conv,Powerfuel,3,2055,0.25,,PJ,same as 2050 for now,29.01.2025,Nikita Moskalenko <nim@wip.tu-berlin.de>
World,PSNG_Rail_Conv,Powerfuel,3,2060,0.25,,PJ,same as 2050 for now,29.01.2025,Nikita Moskalenko <nim@wip.tu-berlin.de>
World,PSNG_Rail_Electric,Power,1,2018,0.1083,,PJ,FVV 2016: Renewables in Transport 2050,02.09.2024,Nikita Moskalenko <nim@wip.tu-berlin.de>
World,PSNG_Rail_Electric,Power,1,2020,0.1083,,PJ,FVV 2016: Renewables in Transport 2050,02.09.2024,Nikita Moskalenko <nim@wip.tu-berlin.de>
World,PSNG_Rail_Electric,Power,1,2025,0.1083,,PJ,FVV 2016: Renewables in Transport 2050,02.09.2024,Nikita Moskalenko <nim@wip.tu-berlin.de>
World,PSNG_Rail_Electric,Power,1,2030,0.1083,,PJ,FVV 2016: Renewables in Transport 2050,02.09.2024,Nikita Moskalenko <nim@wip.tu-berlin.de>
World,PSNG_Rail_Electric,Power,1,2035,0.1042,,PJ,FVV 2016: Renewables in Transport 2050,02.09.2024,Nikita Moskalenko <nim@wip.tu-berlin.de>
World,PSNG_Rail_Electric,Power,1,2040,0.1,,PJ,FVV 2016: Renewables in Transport 2050,02.09.2024,Nikita Moskalenko <nim@wip.tu-berlin.de>
World,PSNG_Rail_Electric,Power,1,2045,0.0958,,PJ,FVV 2016: Renewables in Transport 2050,02.09.2024,Nikita Moskalenko <nim@wip.tu-berlin.de>
World,PSNG_Rail_Electric,Power,1,2050,0.0917,,PJ,FVV 2016: Renewables in Transport 2050,02.09.2024,Nikita Moskalenko <nim@wip.tu-berlin.de>
World,PSNG_Rail_Electric,Power,1,2055,0.0917,,PJ,same as 2050 for now,29.01.2025,Nikita Moskalenko <nim@wip.tu-berlin.de>
World,PSNG_Rail_Electric,Power,1,2060,0.0917,,PJ,same as 2050 for now,29.01.2025,Nikita Moskalenko <nim@wip.tu-berlin.de>
World,PSNG_Road_BEV,Power,1,2018,0.4,,PJ,FVV 2016: Renewables in Transport 2050,03.09.2024,Nikita Moskalenko <nim@wip.tu-berlin.de>
World,PSNG_Road_BEV,Power,1,2020,0.4,,PJ,FVV 2016: Renewables in Transport 2050,03.09.2024,Nikita Moskalenko <nim@wip.tu-berlin.de>
World,PSNG_Road_BEV,Power,1,2025,0.3867,,PJ,FVV 2016: Renewables in Transport 2050,03.09.2024,Nikita Moskalenko <nim@wip.tu-berlin.de>
World,PSNG_Road_BEV,Power,1,2030,0.3733,,PJ,FVV 2016: Renewables in Transport 2050,03.09.2024,Nikita Moskalenko <nim@wip.tu-berlin.de>
World,PSNG_Road_BEV,Power,1,2035,0.3633,,PJ,FVV 2016: Renewables in Transport 2050,03.09.2024,Nikita Moskalenko <nim@wip.tu-berlin.de>
World,PSNG_Road_BEV,Power,1,2040,0.3533,,PJ,FVV 2016: Renewables in Transport 2050,03.09.2024,Nikita Moskalenko <nim@wip.tu-berlin.de>
World,PSNG_Road_BEV,Power,1,2045,0.3533,,PJ,FVV 2016: Renewables in Transport 2050,03.09.2024,Nikita Moskalenko <nim@wip.tu-berlin.de>
World,PSNG_Road_BEV,Power,1,2050,0.3533,,PJ,FVV 2016: Renewables in Transport 2050,03.09.2024,Nikita Moskalenko <nim@wip.tu-berlin.de>
World,PSNG_Road_BEV,Power,1,2055,0.3533,,PJ,same as 2050 for now,29.01.2025,Nikita Moskalenko <nim@wip.tu-berlin.de>
World,PSNG_Road_BEV,Power,1,2060,0.3533,,PJ,same as 2050 for now,29.01.2025,Nikita Moskalenko <nim@wip.tu-berlin.de>
World,PSNG_Road_H2,H2,1,2018,0.804,,PJ,FVV 2016: Renewables in Transport 2050,03.09.2024,Nikita Moskalenko <nim@wip.tu-berlin.de>
World,PSNG_Road_H2,H2,1,2020,0.7,,PJ,FVV 2016: Renewables in Transport 2050,03.09.2024,Nikita Moskalenko <nim@wip.tu-berlin.de>
World,PSNG_Road_H2,H2,1,2025,0.6333,,PJ,FVV 2016: Renewables in Transport 2050,03.09.2024,Nikita Moskalenko <nim@wip.tu-berlin.de>
World,PSNG_Road_H2,H2,1,2030,0.5667,,PJ,FVV 2016: Renewables in Transport 2050,03.09.2024,Nikita Moskalenko <nim@wip.tu-berlin.de>
World,PSNG_Road_H2,H2,1,2035,0.5333,,PJ,FVV 2016: Renewables in Transport 2050,03.09.2024,Nikita Moskalenko <nim@wip.tu-berlin.de>
World,PSNG_Road_H2,H2,1,2040,0.5,,PJ,FVV 2016: Renewables in Transport 2050,03.09.2024,Nikita Moskalenko <nim@wip.tu-berlin.de>
World,PSNG_Road_H2,H2,1,2045,0.5,,PJ,FVV 2016: Renewables in Transport 2050,03.09.2024,Nikita Moskalenko <nim@wip.tu-berlin.de>
World,PSNG_Road_H2,H2,1,2050,0.5,,PJ,FVV 2016: Renewables in Transport 2050,03.09.2024,Nikita Moskalenko <nim@wip.tu-berlin.de>
World,PSNG_Road_H2,H2,1,2055,0.5,,PJ,same as 2050 for now,29.01.2025,Nikita Moskalenko <nim@wip.tu-berlin.de>
World,PSNG_Road_H2,H2,1,2060,0.5,,PJ,same as 2050 for now,29.01.2025,Nikita Moskalenko <nim@wip.tu-berlin.de>
World,PSNG_Road_ICE,Oil,1,2018,1.5712,,PJ,FVV 2016: Renewables in Transport 2050 (ICE Gasoline),03.09.2024,Nikita Moskalenko <nim@wip.tu-berlin.de>
World,PSNG_Road_ICE,Oil,1,2020,1.552,,PJ,FVV 2016: Renewables in Transport 2050 (ICE Gasoline),03.09.2024,Nikita Moskalenko <nim@wip.tu-berlin.de>
World,PSNG_Road_ICE,Oil,1,2025,1.5044,,PJ,European Commission 2024: Publication of real-world CO2 emissions and fuel consumption of cars and vans collected in 2022 (interpolated from 2022 value),03.09.2024,Nikita Moskalenko <nim@wip.tu-berlin.de>
World,PSNG_Road_ICE,Oil,1,2030,1.4361,,PJ,European Commission 2024: Publication of real-world CO2 emissions and fuel consumption of cars and vans collected in 2022 (interpolated from 2022 value),03.09.2024,Nikita Moskalenko <nim@wip.tu-berlin.de>
World,PSNG_Road_ICE,Oil,1,2035,1.3678,,PJ,European Commission 2024: Publication of real-world CO2 emissions and fuel consumption of cars and vans collected in 2022 (interpolated from 2022 value),03.09.2024,Nikita Moskalenko <nim@wip.tu-berlin.de>
World,PSNG_Road_ICE,Oil,1,2040,1.2995,,PJ,European Commission 2024: Publication of real-world CO2 emissions and fuel consumption of cars and vans collected in 2022 (interpolated from 2022 value),03.09.2024,Nikita Moskalenko <nim@wip.tu-berlin.de>
World,PSNG_Road_ICE,Oil,1,2045,1.2312,,PJ,European Commission 2024: Publication of real-world CO2 emissions and fuel consumption of cars and vans collected in 2022 (interpolated from 2022 value),03.09.2024,Nikita Moskalenko <nim@wip.tu-berlin.de>
World,PSNG_Road_ICE,Oil,1,2050,1.1629,,PJ,European Commission 2024: Publication of real-world CO2 emissions and fuel consumption of cars and vans collected in 2022 (interpolated from 2022 value),03.09.2024,Nikita Moskalenko <nim@wip.tu-berlin.de>
World,PSNG_Road_ICE,Oil,1,2055,1.1629,,PJ,same as 2050 for now,29.01.2025,Nikita Moskalenko <nim@wip.tu-berlin.de>
World,PSNG_Road_ICE,Oil,1,2060,1.1629,,PJ,same as 2050 for now,29.01.2025,Nikita Moskalenko <nim@wip.tu-berlin.de>
World,PSNG_Road_ICE,Biofuel,2,2018,1.8069,,PJ,FVV 2016: Renewables in Transport 2050 (ICE Gasoline) + higher consumption due to lower heating value (+15%),03.09.2024,Nikita Moskalenko <nim@wip.tu-berlin.de>
World,PSNG_Road_ICE,Biofuel,2,2020,1.7848,,PJ,FVV 2016: Renewables in Transport 2050 (ICE Gasoline) + higher consumption due to lower heating value (+15%),03.09.2024,Nikita Moskalenko <nim@wip.tu-berlin.de>
World,PSNG_Road_ICE,Biofuel,2,2025,1.7301,,PJ,FVV 2016: Renewables in Transport 2050 (ICE Gasoline) + higher consumption due to lower heating value (+15%),03.09.2024,Nikita Moskalenko <nim@wip.tu-berlin.de>
World,PSNG_Road_ICE,Biofuel,2,2030,1.6515,,PJ,FVV 2016: Renewables in Transport 2050 (ICE Gasoline) + higher consumption due to lower heating value (+15%),03.09.2024,Nikita Moskalenko <nim@wip.tu-berlin.de>
World,PSNG_Road_ICE,Biofuel,2,2035,1.573,,PJ,FVV 2016: Renewables in Transport 2050 (ICE Gasoline) + higher consumption due to lower heating value (+15%),03.09.2024,Nikita Moskalenko <nim@wip.tu-berlin.de>
World,PSNG_Road_ICE,Biofuel,2,2040,1.4944,,PJ,FVV 2016: Renewables in Transport 2050 (ICE Gasoline) + higher consumption due to lower heating value (+15%),03.09.2024,Nikita Moskalenko <nim@wip.tu-berlin.de>
World,PSNG_Road_ICE,Biofuel,2,2045,1.4159,,PJ,FVV 2016: Renewables in Transport 2050 (ICE Gasoline) + higher consumption due to lower heating value (+15%),03.09.2024,Nikita Moskalenko <nim@wip.tu-berlin.de>
World,PSNG_Road_ICE,Biofuel,2,2050,1.3374,,PJ,FVV 2016: Renewables in Transport 2050 (ICE Gasoline) + higher consumption due to lower heating value (+15%),03.09.2024,Nikita Moskalenko <nim@wip.tu-berlin.de>
World,PSNG_Road_ICE,Biofuel,2,2055,1.3374,,PJ,same as 2050 for now,29.01.2025,Nikita Moskalenko <nim@wip.tu-berlin.de>
World,PSNG_Road_ICE,Biofuel,2,2060,1.3374,,PJ,same as 2050 for now,29.01.2025,Nikita Moskalenko <nim@wip.tu-berlin.de>
World,PSNG_Road_ICE,Powerfuel,3,2018,1.5712,,PJ,FVV 2016: Renewables in Transport 2050 (ICE Gasoline),03.09.2024,Nikita Moskalenko <nim@wip.tu-berlin.de>
World,PSNG_Road_ICE,Powerfuel,3,2020,1.552,,PJ,FVV 2016: Renewables in Transport 2050 (ICE Gasoline),03.09.2024,Nikita Moskalenko <nim@wip.tu-berlin.de>
World,PSNG_Road_ICE,Powerfuel,3,2025,1.5044,,PJ,European Commission 2024: Publication of real-world CO2 emissions and fuel consumption of cars and vans collected in 2022 (interpolated from 2022 value),03.09.2024,Nikita Moskalenko <nim@wip.tu-berlin.de>
World,PSNG_Road_ICE,Powerfuel,3,2030,1.4361,,PJ,European Commission 2024: Publication of real-world CO2 emissions and fuel consumption of cars and vans collected in 2022 (interpolated from 2022 value),03.09.2024,Nikita Moskalenko <nim@wip.tu-berlin.de>
World,PSNG_Road_ICE,Powerfuel,3,2035,1.3678,,PJ,European Commission 2024: Publication of real-world CO2 emissions and fuel consumption of cars and vans collected in 2022 (interpolated from 2022 value),03.09.2024,Nikita Moskalenko <nim@wip.tu-berlin.de>
World,PSNG_Road_ICE,Powerfuel,3,2040,1.2995,,PJ,European Commission 2024: Publication of real-world CO2 emissions and fuel consumption of cars and vans collected in 2022 (interpolated from 2022 value),03.09.2024,Nikita Moskalenko <nim@wip.tu-berlin.de>
World,PSNG_Road_ICE,Powerfuel,3,2045,1.2312,,PJ,European Commission 2024: Publication of real-world CO2 emissions and fuel consumption of cars and vans collected in 2022 (interpolated from 2022 value),03.09.2024,Nikita Moskalenko <nim@wip.tu-berlin.de>
World,PSNG_Road_ICE,Powerfuel,3,2050,1.1629,,PJ,European Commission 2024: Publication of real-world CO2 emissions and fuel consumption of cars and vans collected in 2022 (interpolated from 2022 value),03.09.2024,Nikita Moskalenko <nim@wip.tu-berlin.de>
World,PSNG_Road_ICE,Powerfuel,3,2055,1.1629,,PJ,same as 2050 for now,29.01.2025,Nikita Moskalenko <nim@wip.tu-berlin.de>
World,PSNG_Road_ICE,Powerfuel,3,2060,1.1629,,PJ,same as 2050 for now,29.01.2025,Nikita Moskalenko <nim@wip.tu-berlin.de>
World,PSNG_Road_LNG,LNG,1,2018,1.5712,,PJ,FVV 2016: Renewables in Transport 2050 (ICE Gasoline),03.09.2024,Nikita Moskalenko <nim@wip.tu-berlin.de>
World,PSNG_Road_LNG,LNG,1,2020,1.552,,PJ,FVV 2016: Renewables in Transport 2050 (ICE Gasoline),03.09.2024,Nikita Moskalenko <nim@wip.tu-berlin.de>
World,PSNG_Road_LNG,LNG,1,2025,1.5044,,PJ,European Commission 2024: Publication of real-world CO2 emissions and fuel consumption of cars and vans collected in 2022 (interpolated from 2022 value),03.09.2024,Nikita Moskalenko <nim@wip.tu-berlin.de>
World,PSNG_Road_LNG,LNG,1,2030,1.4361,,PJ,European Commission 2024: Publication of real-world CO2 emissions and fuel consumption of cars and vans collected in 2022 (interpolated from 2022 value),03.09.2024,Nikita Moskalenko <nim@wip.tu-berlin.de>
World,PSNG_Road_LNG,LNG,1,2035,1.3678,,PJ,European Commission 2024: Publication of real-world CO2 emissions and fuel consumption of cars and vans collected in 2022 (interpolated from 2022 value),03.09.2024,Nikita Moskalenko <nim@wip.tu-berlin.de>
World,PSNG_Road_LNG,LNG,1,2040,1.2995,,PJ,European Commission 2024: Publication of real-world CO2 emissions and fuel consumption of cars and vans collected in 2022 (interpolated from 2022 value),03.09.2024,Nikita Moskalenko <nim@wip.tu-berlin.de>
World,PSNG_Road_LNG,LNG,1,2045,1.2312,,PJ,European Commission 2024: Publication of real-world CO2 emissions and fuel consumption of cars and vans collected in 2022 (interpolated from 2022 value),03.09.2024,Nikita Moskalenko <nim@wip.tu-berlin.de>
World,PSNG_Road_LNG,LNG,1,2050,1.1629,,PJ,European Commission 2024: Publication of real-world CO2 emissions and fuel consumption of cars and vans collected in 2022 (interpolated from 2022 value),03.09.2024,Nikita Moskalenko <nim@wip.tu-berlin.de>
World,PSNG_Road_LNG,LNG,1,2055,1.1629,,PJ,same as 2050 for now,29.01.2025,Nikita Moskalenko <nim@wip.tu-berlin.de>
World,PSNG_Road_LNG,LNG,1,2060,1.1629,,PJ,same as 2050 for now,29.01.2025,Nikita Moskalenko <nim@wip.tu-berlin.de>
World,PSNG_Road_PHEV,Oil,1,2018,1.1344,,PJ,Fraunhofer 2015: Interaktion EE-Strom- WÃƒÂ¤rme Und Verkehr,03.09.2024,Nikita Moskalenko <nim@wip.tu-berlin.de>
World,PSNG_Road_PHEV,Oil,1,2020,1.1081,,PJ,Fraunhofer 2015: Interaktion EE-Strom- WÃƒÂ¤rme Und Verkehr,03.09.2024,Nikita Moskalenko <nim@wip.tu-berlin.de>
World,PSNG_Road_PHEV,Oil,1,2025,1.0332,,PJ,Fraunhofer 2015: Interaktion EE-Strom- WÃƒÂ¤rme Und Verkehr,03.09.2024,Nikita Moskalenko <nim@wip.tu-berlin.de>
World,PSNG_Road_PHEV,Oil,1,2030,0.9583,,PJ,Fraunhofer 2015: Interaktion EE-Strom- WÃƒÂ¤rme Und Verkehr,03.09.2024,Nikita Moskalenko <nim@wip.tu-berlin.de>
World,PSNG_Road_PHEV,Oil,1,2035,0.9134,,PJ,Fraunhofer 2015: Interaktion EE-Strom- WÃƒÂ¤rme Und Verkehr,03.09.2024,Nikita Moskalenko <nim@wip.tu-berlin.de>
World,PSNG_Road_PHEV,Oil,1,2040,0.8685,,PJ,Fraunhofer 2015: Interaktion EE-Strom- WÃƒÂ¤rme Und Verkehr,03.09.2024,Nikita Moskalenko <nim@wip.tu-berlin.de>
World,PSNG_Road_PHEV,Oil,1,2045,0.8509,,PJ,Fraunhofer 2015: Interaktion EE-Strom- WÃƒÂ¤rme Und Verkehr,03.09.2024,Nikita Moskalenko <nim@wip.tu-berlin.de>
World,PSNG_Road_PHEV,Oil,1,2050,0.8333,,PJ,Fraunhofer 2015: Interaktion EE-Strom- WÃƒÂ¤rme Und Verkehr,03.09.2024,Nikita Moskalenko <nim@wip.tu-berlin.de>
World,PSNG_Road_PHEV,Oil,1,2055,0.8333,,PJ,same as 2050 for now,29.01.2025,Nikita Moskalenko <nim@wip.tu-berlin.de>
World,PSNG_Road_PHEV,Oil,1,2060,0.8333,,PJ,same as 2050 for now,29.01.2025,Nikita Moskalenko <nim@wip.tu-berlin.de>
World,PSNG_Road_PHEV,Power,1,2018,0.5097,,PJ,Fraunhofer 2015: Interaktion EE-Strom- WÃƒÂ¤rme Und Verkehr,03.09.2024,Nikita Moskalenko <nim@wip.tu-berlin.de>
World,PSNG_Road_PHEV,Power,1,2020,0.4978,,PJ,Fraunhofer 2015: Interaktion EE-Strom- WÃƒÂ¤rme Und Verkehr,03.09.2024,Nikita Moskalenko <nim@wip.tu-berlin.de>
World,PSNG_Road_PHEV,Power,1,2025,0.4642,,PJ,Fraunhofer 2015: Interaktion EE-Strom- WÃƒÂ¤rme Und Verkehr,03.09.2024,Nikita Moskalenko <nim@wip.tu-berlin.de>
World,PSNG_Road_PHEV,Power,1,2030,0.4306,,PJ,Fraunhofer 2015: Interaktion EE-Strom- WÃƒÂ¤rme Und Verkehr,03.09.2024,Nikita Moskalenko <nim@wip.tu-berlin.de>
World,PSNG_Road_PHEV,Power,1,2035,0.4104,,PJ,Fraunhofer 2015: Interaktion EE-Strom- WÃƒÂ¤rme Und Verkehr,03.09.2024,Nikita Moskalenko <nim@wip.tu-berlin.de>
World,PSNG_Road_PHEV,Power,1,2040,0.3902,,PJ,Fraunhofer 2015: Interaktion EE-Strom- WÃƒÂ¤rme Und Verkehr,03.09.2024,Nikita Moskalenko <nim@wip.tu-berlin.de>
World,PSNG_Road_PHEV,Power,1,2045,0.3861,,PJ,Fraunhofer 2015: Interaktion EE-Strom- WÃƒÂ¤rme Und Verkehr,03.09.2024,Nikita Moskalenko <nim@wip.tu-berlin.de>
World,PSNG_Road_PHEV,Power,1,2050,0.3819,,PJ,Fraunhofer 2015: Interaktion EE-Strom- WÃƒÂ¤rme Und Verkehr,03.09.2024,Nikita Moskalenko <nim@wip.tu-berlin.de>
World,PSNG_Road_PHEV,Power,1,2055,0.3819,,PJ,same as 2050 for now,29.01.2025,Nikita Moskalenko <nim@wip.tu-berlin.de>
World,PSNG_Road_PHEV,Power,1,2060,0.3819,,PJ,same as 2050 for now,29.01.2025,Nikita Moskalenko <nim@wip.tu-berlin.de>
World,PSNG_Road_PHEV,Biofuel,2,2018,1.3046,,PJ,Fraunhofer 2015: Interaktion EE-Strom- WÃƒÂ¤rme Und Verkehr + higher consumption due to lower heating value (+15%),03.09.2024,Nikita Moskalenko <nim@wip.tu-berlin.de>
World,PSNG_Road_PHEV,Biofuel,2,2020,1.2743,,PJ,Fraunhofer 2015: Interaktion EE-Strom- WÃƒÂ¤rme Und Verkehr + higher consumption due to lower heating value (+15%),03.09.2024,Nikita Moskalenko <nim@wip.tu-berlin.de>
World,PSNG_Road_PHEV,Biofuel,2,2025,1.1882,,PJ,Fraunhofer 2015: Interaktion EE-Strom- WÃƒÂ¤rme Und Verkehr + higher consumption due to lower heating value (+15%),03.09.2024,Nikita Moskalenko <nim@wip.tu-berlin.de>
World,PSNG_Road_PHEV,Biofuel,2,2030,1.1021,,PJ,Fraunhofer 2015: Interaktion EE-Strom- WÃƒÂ¤rme Und Verkehr + higher consumption due to lower heating value (+15%),03.09.2024,Nikita Moskalenko <nim@wip.tu-berlin.de>
World,PSNG_Road_PHEV,Biofuel,2,2035,1.0504,,PJ,Fraunhofer 2015: Interaktion EE-Strom- WÃƒÂ¤rme Und Verkehr + higher consumption due to lower heating value (+15%),03.09.2024,Nikita Moskalenko <nim@wip.tu-berlin.de>
World,PSNG_Road_PHEV,Biofuel,2,2040,0.9988,,PJ,Fraunhofer 2015: Interaktion EE-Strom- WÃƒÂ¤rme Und Verkehr + higher consumption due to lower heating value (+15%),03.09.2024,Nikita Moskalenko <nim@wip.tu-berlin.de>
World,PSNG_Road_PHEV,Biofuel,2,2045,0.9785,,PJ,Fraunhofer 2015: Interaktion EE-Strom- WÃƒÂ¤rme Und Verkehr + higher consumption due to lower heating value (+15%),03.09.2024,Nikita Moskalenko <nim@wip.tu-berlin.de>
World,PSNG_Road_PHEV,Biofuel,2,2050,0.9583,,PJ,Fraunhofer 2015: Interaktion EE-Strom- WÃƒÂ¤rme Und Verkehr + higher consumption due to lower heating value (+15%),03.09.2024,Nikita Moskalenko <nim@wip.tu-berlin.de>
World,PSNG_Road_PHEV,Biofuel,2,2055,0.9583,,PJ,same as 2050 for now,29.01.2025,Nikita Moskalenko <nim@wip.tu-berlin.de>
World,PSNG_Road_PHEV,Biofuel,2,2060,0.9583,,PJ,same as 2050 for now,29.01.2025,Nikita Moskalenko <nim@wip.tu-berlin.de>
World,PSNG_Road_PHEV,Power,2,2018,0.5097,,PJ,Fraunhofer 2015: Interaktion EE-Strom- WÃƒÂ¤rme Und Verkehr,03.09.2024,Nikita Moskalenko <nim@wip.tu-berlin.de>
World,PSNG_Road_PHEV,Power,2,2020,0.4978,,PJ,Fraunhofer 2015: Interaktion EE-Strom- WÃƒÂ¤rme Und Verkehr,03.09.2024,Nikita Moskalenko <nim@wip.tu-berlin.de>
World,PSNG_Road_PHEV,Power,2,2025,0.4642,,PJ,Fraunhofer 2015: Interaktion EE-Strom- WÃƒÂ¤rme Und Verkehr,03.09.2024,Nikita Moskalenko <nim@wip.tu-berlin.de>
World,PSNG_Road_PHEV,Power,2,2030,0.4306,,PJ,Fraunhofer 2015: Interaktion EE-Strom- WÃƒÂ¤rme Und Verkehr,03.09.2024,Nikita Moskalenko <nim@wip.tu-berlin.de>
World,PSNG_Road_PHEV,Power,2,2035,0.4104,,PJ,Fraunhofer 2015: Interaktion EE-Strom- WÃƒÂ¤rme Und Verkehr,03.09.2024,Nikita Moskalenko <nim@wip.tu-berlin.de>
World,PSNG_Road_PHEV,Power,2,2040,0.3902,,PJ,Fraunhofer 2015: Interaktion EE-Strom- WÃƒÂ¤rme Und Verkehr,03.09.2024,Nikita Moskalenko <nim@wip.tu-berlin.de>
World,PSNG_Road_PHEV,Power,2,2045,0.3861,,PJ,Fraunhofer 2015: Interaktion EE-Strom- WÃƒÂ¤rme Und Verkehr,03.09.2024,Nikita Moskalenko <nim@wip.tu-berlin.de>
World,PSNG_Road_PHEV,Power,2,2050,0.3819,,PJ,Fraunhofer 2015: Interaktion EE-Strom- WÃƒÂ¤rme Und Verkehr,03.09.2024,Nikita Moskalenko <nim@wip.tu-berlin.de>
World,PSNG_Road_PHEV,Power,2,2055,0.3819,,PJ,same as 2050 for now,29.01.2025,Nikita Moskalenko <nim@wip.tu-berlin.de>
World,PSNG_Road_PHEV,Power,2,2060,0.3819,,PJ,same as 2050 for now,29.01.2025,Nikita Moskalenko <nim@wip.tu-berlin.de>
World,PSNG_Road_PHEV,Power,3,2018,0.5097,,PJ,Fraunhofer 2015: Interaktion EE-Strom- WÃƒÂ¤rme Und Verkehr,03.09.2024,Nikita Moskalenko <nim@wip.tu-berlin.de>
World,PSNG_Road_PHEV,Power,3,2020,0.4978,,PJ,Fraunhofer 2015: Interaktion EE-Strom- WÃƒÂ¤rme Und Verkehr,03.09.2024,Nikita Moskalenko <nim@wip.tu-berlin.de>
World,PSNG_Road_PHEV,Power,3,2025,0.4642,,PJ,Fraunhofer 2015: Interaktion EE-Strom- WÃƒÂ¤rme Und Verkehr,03.09.2024,Nikita Moskalenko <nim@wip.tu-berlin.de>
World,PSNG_Road_PHEV,Power,3,2030,0.4306,,PJ,Fraunhofer 2015: Interaktion EE-Strom- WÃƒÂ¤rme Und Verkehr,03.09.2024,Nikita Moskalenko <nim@wip.tu-berlin.de>
World,PSNG_Road_PHEV,Power,3,2035,0.4104,,PJ,Fraunhofer 2015: Interaktion EE-Strom- WÃƒÂ¤rme Und Verkehr,03.09.2024,Nikita Moskalenko <nim@wip.tu-berlin.de>
World,PSNG_Road_PHEV,Power,3,2040,0.3902,,PJ,Fraunhofer 2015: Interaktion EE-Strom- WÃƒÂ¤rme Und Verkehr,03.09.2024,Nikita Moskalenko <nim@wip.tu-berlin.de>
World,PSNG_Road_PHEV,Power,3,2045,0.3861,,PJ,Fraunhofer 2015: Interaktion EE-Strom- WÃƒÂ¤rme Und Verkehr,03.09.2024,Nikita Moskalenko <nim@wip.tu-berlin.de>
World,PSNG_Road_PHEV,Power,3,2050,0.3819,,PJ,Fraunhofer 2015: Interaktion EE-Strom- WÃƒÂ¤rme Und Verkehr,03.09.2024,Nikita Moskalenko <nim@wip.tu-berlin.de>
World,PSNG_Road_PHEV,Power,3,2055,0.3819,,PJ,same as 2050 for now,29.01.2025,Nikita Moskalenko <nim@wip.tu-berlin.de>
World,PSNG_Road_PHEV,Power,3,2060,0.3819,,PJ,same as 2050 for now,29.01.2025,Nikita Moskalenko <nim@wip.tu-berlin.de>
World,PSNG_Road_PHEV,Powerfuel,3,2018,1.1344,,PJ,Fraunhofer 2015: Interaktion EE-Strom- WÃƒÂ¤rme Und Verkehr,03.09.2024,Nikita Moskalenko <nim@wip.tu-berlin.de>
World,PSNG_Road_PHEV,Powerfuel,3,2020,1.1081,,PJ,Fraunhofer 2015: Interaktion EE-Strom- WÃƒÂ¤rme Und Verkehr,03.09.2024,Nikita Moskalenko <nim@wip.tu-berlin.de>
World,PSNG_Road_PHEV,Powerfuel,3,2025,1.0332,,PJ,Fraunhofer 2015: Interaktion EE-Strom- WÃƒÂ¤rme Und Verkehr,03.09.2024,Nikita Moskalenko <nim@wip.tu-berlin.de>
World,PSNG_Road_PHEV,Powerfuel,3,2030,0.9583,,PJ,Fraunhofer 2015: Interaktion EE-Strom- WÃƒÂ¤rme Und Verkehr,03.09.2024,Nikita Moskalenko <nim@wip.tu-berlin.de>
World,PSNG_Road_PHEV,Powerfuel,3,2035,0.9134,,PJ,Fraunhofer 2015: Interaktion EE-Strom- WÃƒÂ¤rme Und Verkehr,03.09.2024,Nikita Moskalenko <nim@wip.tu-berlin.de>
World,PSNG_Road_PHEV,Powerfuel,3,2040,0.8685,,PJ,Fraunhofer 2015: Interaktion EE-Strom- WÃƒÂ¤rme Und Verkehr,03.09.2024,Nikita Moskalenko <nim@wip.tu-berlin.de>
World,PSNG_Road_PHEV,Powerfuel,3,2045,0.8509,,PJ,Fraunhofer 2015: Interaktion EE-Strom- WÃƒÂ¤rme Und Verkehr,03.09.2024,Nikita Moskalenko <nim@wip.tu-berlin.de>
World,PSNG_Road_PHEV,Powerfuel,3,2050,0.8333,,PJ,Fraunhofer 2015: Interaktion EE-Strom- WÃƒÂ¤rme Und Verkehr,03.09.2024,Nikita Moskalenko <nim@wip.tu-berlin.de>
World,PSNG_Road_PHEV,Powerfuel,3,2055,0.8333,,PJ,same as 2050 for now,29.01.2025,Nikita Moskalenko <nim@wip.tu-berlin.de>
World,PSNG_Road_PHEV,Powerfuel,3,2060,0.8333,,PJ,same as 2050 for now,29.01.2025,Nikita Moskalenko <nim@wip.tu-berlin.de>
World,P_Biomass,Biomass,1,2018,3.3333,,PJ,IEA Energy Technology Essentials (2007): Biomass for power generation and chp + learning rate from CHP_Biomass,27.08.2024,Nikita Moskalenko <nim@wip.tu-berlin.de>
World,P_Biomass,Biomass,1,2020,3.3295,,PJ,IEA Energy Technology Essentials (2007): Biomass for power generation and chp + learning rate from CHP_Biomass,27.08.2024,Nikita Moskalenko <nim@wip.tu-berlin.de>
World,P_Biomass,Biomass,1,2025,3.3199,,PJ,IEA Energy Technology Essentials (2007): Biomass for power generation and chp + learning rate from CHP_Biomass,27.08.2024,Nikita Moskalenko <nim@wip.tu-berlin.de>
World,P_Biomass,Biomass,1,2030,3.3104,,PJ,IEA Energy Technology Essentials (2007): Biomass for power generation and chp + learning rate from CHP_Biomass,27.08.2024,Nikita Moskalenko <nim@wip.tu-berlin.de>
World,P_Biomass,Biomass,1,2035,3.3033,,PJ,IEA Energy Technology Essentials (2007): Biomass for power generation and chp + learning rate from CHP_Biomass,27.08.2024,Nikita Moskalenko <nim@wip.tu-berlin.de>
World,P_Biomass,Biomass,1,2040,3.2962,,PJ,IEA Energy Technology Essentials (2007): Biomass for power generation and chp + learning rate from CHP_Biomass,27.08.2024,Nikita Moskalenko <nim@wip.tu-berlin.de>
World,P_Biomass,Biomass,1,2045,3.2892,,PJ,IEA Energy Technology Essentials (2007): Biomass for power generation and chp + learning rate from CHP_Biomass,27.08.2024,Nikita Moskalenko <nim@wip.tu-berlin.de>
World,P_Biomass,Biomass,1,2050,3.2822,,PJ,IEA Energy Technology Essentials (2007): Biomass for power generation and chp + learning rate from CHP_Biomass,27.08.2024,Nikita Moskalenko <nim@wip.tu-berlin.de>
World,P_Biomass,Biomass,1,2055,3.2822,,PJ,same as 2050 for now,29.01.2025,Nikita Moskalenko <nim@wip.tu-berlin.de>
World,P_Biomass,Biomass,1,2060,3.2822,,PJ,same as 2050 for now,29.01.2025,Nikita Moskalenko <nim@wip.tu-berlin.de>
World,P_Biomass_CCS,Biomass,1,2018,3.7037,,PJ,Energy Agency Denmark (2024): Generation efficiency decrease 10%,05.09.2024,Nikita Moskalenko <nim@wip.tu-berlin.de>
World,P_Biomass_CCS,Biomass,1,2020,3.6994,,PJ,Energy Agency Denmark (2024): Generation efficiency decrease 10%,05.09.2024,Nikita Moskalenko <nim@wip.tu-berlin.de>
World,P_Biomass_CCS,Biomass,1,2025,3.6888,,PJ,Energy Agency Denmark (2024): Generation efficiency decrease 10%,05.09.2024,Nikita Moskalenko <nim@wip.tu-berlin.de>
World,P_Biomass_CCS,Biomass,1,2030,3.6782,,PJ,Energy Agency Denmark (2024): Generation efficiency decrease 10%,05.09.2024,Nikita Moskalenko <nim@wip.tu-berlin.de>
World,P_Biomass_CCS,Biomass,1,2035,3.6703,,PJ,Energy Agency Denmark (2024): Generation efficiency decrease 10%,05.09.2024,Nikita Moskalenko <nim@wip.tu-berlin.de>
World,P_Biomass_CCS,Biomass,1,2040,3.6625,,PJ,Energy Agency Denmark (2024): Generation efficiency decrease 10%,05.09.2024,Nikita Moskalenko <nim@wip.tu-berlin.de>
World,P_Biomass_CCS,Biomass,1,2045,3.6547,,PJ,Energy Agency Denmark (2024): Generation efficiency decrease 10%,05.09.2024,Nikita Moskalenko <nim@wip.tu-berlin.de>
World,P_Biomass_CCS,Biomass,1,2050,3.6469,,PJ,Energy Agency Denmark (2024): Generation efficiency decrease 10%,05.09.2024,Nikita Moskalenko <nim@wip.tu-berlin.de>
World,P_Biomass_CCS,Biomass,1,2055,3.6469,,PJ,same as 2050 for now,29.01.2025,Nikita Moskalenko <nim@wip.tu-berlin.de>
World,P_Biomass_CCS,Biomass,1,2060,3.6469,,PJ,same as 2050 for now,29.01.2025,Nikita Moskalenko <nim@wip.tu-berlin.de>
World,P_Coal_Hardcoal,Hardcoal,1,2018,2.5,,PJ,eurostat (2023): Production of lignite in the EU - statistics + learning rate from CHP_Coal,28.08.2024,Nikita Moskalenko <nim@wip.tu-berlin.de>
World,P_Coal_Hardcoal,Hardcoal,1,2020,2.4388,,PJ,eurostat (2023): Production of lignite in the EU - statistics + learning rate from CHP_Coal,28.08.2024,Nikita Moskalenko <nim@wip.tu-berlin.de>
World,P_Coal_Hardcoal,Hardcoal,1,2025,2.3663,,PJ,eurostat (2023): Production of lignite in the EU - statistics + learning rate from CHP_Coal,28.08.2024,Nikita Moskalenko <nim@wip.tu-berlin.de>
World,P_Coal_Hardcoal,Hardcoal,1,2030,2.2981,,PJ,eurostat (2023): Production of lignite in the EU - statistics + learning rate from CHP_Coal,28.08.2024,Nikita Moskalenko <nim@wip.tu-berlin.de>
World,P_Coal_Hardcoal,Hardcoal,1,2035,2.2762,,PJ,eurostat (2023): Production of lignite in the EU - statistics + learning rate from CHP_Coal,28.08.2024,Nikita Moskalenko <nim@wip.tu-berlin.de>
World,P_Coal_Hardcoal,Hardcoal,1,2040,2.2547,,PJ,eurostat (2023): Production of lignite in the EU - statistics + learning rate from CHP_Coal,28.08.2024,Nikita Moskalenko <nim@wip.tu-berlin.de>
World,P_Coal_Hardcoal,Hardcoal,1,2045,2.2336,,PJ,eurostat (2023): Production of lignite in the EU - statistics + learning rate from CHP_Coal,28.08.2024,Nikita Moskalenko <nim@wip.tu-berlin.de>
World,P_Coal_Hardcoal,Hardcoal,1,2050,2.213,,PJ,eurostat (2023): Production of lignite in the EU - statistics + learning rate from CHP_Coal,28.08.2024,Nikita Moskalenko <nim@wip.tu-berlin.de>
World,P_Coal_Hardcoal,Hardcoal,1,2055,2.213,,PJ,same as 2050 for now,29.01.2025,Nikita Moskalenko <nim@wip.tu-berlin.de>
World,P_Coal_Hardcoal,Hardcoal,1,2060,2.213,,PJ,same as 2050 for now,29.01.2025,Nikita Moskalenko <nim@wip.tu-berlin.de>
World,P_Coal_Hardcoal_CCS,Hardcoal,1,2018,2.7778,,PJ,Energy Agency Denmark (2024): Generation efficiency decrease 10%,05.09.2024,Nikita Moskalenko <nim@wip.tu-berlin.de>
World,P_Coal_Hardcoal_CCS,Hardcoal,1,2020,2.7098,,PJ,Energy Agency Denmark (2024): Generation efficiency decrease 10%,05.09.2024,Nikita Moskalenko <nim@wip.tu-berlin.de>
World,P_Coal_Hardcoal_CCS,Hardcoal,1,2025,2.6293,,PJ,Energy Agency Denmark (2024): Generation efficiency decrease 10%,05.09.2024,Nikita Moskalenko <nim@wip.tu-berlin.de>
World,P_Coal_Hardcoal_CCS,Hardcoal,1,2030,2.5534,,PJ,Energy Agency Denmark (2024): Generation efficiency decrease 10%,05.09.2024,Nikita Moskalenko <nim@wip.tu-berlin.de>
World,P_Coal_Hardcoal_CCS,Hardcoal,1,2035,2.5291,,PJ,Energy Agency Denmark (2024): Generation efficiency decrease 10%,05.09.2024,Nikita Moskalenko <nim@wip.tu-berlin.de>
World,P_Coal_Hardcoal_CCS,Hardcoal,1,2040,2.5052,,PJ,Energy Agency Denmark (2024): Generation efficiency decrease 10%,05.09.2024,Nikita Moskalenko <nim@wip.tu-berlin.de>
World,P_Coal_Hardcoal_CCS,Hardcoal,1,2045,2.4818,,PJ,Energy Agency Denmark (2024): Generation efficiency decrease 10%,05.09.2024,Nikita Moskalenko <nim@wip.tu-berlin.de>
World,P_Coal_Hardcoal_CCS,Hardcoal,1,2050,2.4588,,PJ,Energy Agency Denmark (2024): Generation efficiency decrease 10%,05.09.2024,Nikita Moskalenko <nim@wip.tu-berlin.de>
World,P_Coal_Hardcoal_CCS,Hardcoal,1,2055,2.4588,,PJ,same as 2050 for now,29.01.2025,Nikita Moskalenko <nim@wip.tu-berlin.de>
World,P_Coal_Hardcoal_CCS,Hardcoal,1,2060,2.4588,,PJ,same as 2050 for now,29.01.2025,Nikita Moskalenko <nim@wip.tu-berlin.de>
World,P_Coal_Lignite,Lignite,1,2018,2.6316,,PJ,eurostat (2023): Production of lignite in the EU - statistics + learning rate from CHP_Coal,28.08.2024,Nikita Moskalenko <nim@wip.tu-berlin.de>
World,P_Coal_Lignite,Lignite,1,2020,2.5671,,PJ,eurostat (2023): Production of lignite in the EU - statistics + learning rate from CHP_Coal,28.08.2024,Nikita Moskalenko <nim@wip.tu-berlin.de>
World,P_Coal_Lignite,Lignite,1,2025,2.4909,,PJ,eurostat (2023): Production of lignite in the EU - statistics + learning rate from CHP_Coal,28.08.2024,Nikita Moskalenko <nim@wip.tu-berlin.de>
World,P_Coal_Lignite,Lignite,1,2030,2.419,,PJ,eurostat (2023): Production of lignite in the EU - statistics + learning rate from CHP_Coal,28.08.2024,Nikita Moskalenko <nim@wip.tu-berlin.de>
World,P_Coal_Lignite,Lignite,1,2035,2.396,,PJ,eurostat (2023): Production of lignite in the EU - statistics + learning rate from CHP_Coal,28.08.2024,Nikita Moskalenko <nim@wip.tu-berlin.de>
World,P_Coal_Lignite,Lignite,1,2040,2.3734,,PJ,eurostat (2023): Production of lignite in the EU - statistics + learning rate from CHP_Coal,28.08.2024,Nikita Moskalenko <nim@wip.tu-berlin.de>
World,P_Coal_Lignite,Lignite,1,2045,2.3512,,PJ,eurostat (2023): Production of lignite in the EU - statistics + learning rate from CHP_Coal,28.08.2024,Nikita Moskalenko <nim@wip.tu-berlin.de>
World,P_Coal_Lignite,Lignite,1,2050,2.3294,,PJ,eurostat (2023): Production of lignite in the EU - statistics + learning rate from CHP_Coal,28.08.2024,Nikita Moskalenko <nim@wip.tu-berlin.de>
World,P_Coal_Lignite,Lignite,1,2055,2.3294,,PJ,same as 2050 for now,29.01.2025,Nikita Moskalenko <nim@wip.tu-berlin.de>
World,P_Coal_Lignite,Lignite,1,2060,2.3294,,PJ,same as 2050 for now,29.01.2025,Nikita Moskalenko <nim@wip.tu-berlin.de>
World,P_Coal_Lignite_CCS,Lignite,1,2018,2.924,,PJ,Energy Agency Denmark (2024): Generation efficiency decrease 10%,05.09.2024,Nikita Moskalenko <nim@wip.tu-berlin.de>
World,P_Coal_Lignite_CCS,Lignite,1,2020,2.8524,,PJ,Energy Agency Denmark (2024): Generation efficiency decrease 10%,05.09.2024,Nikita Moskalenko <nim@wip.tu-berlin.de>
World,P_Coal_Lignite_CCS,Lignite,1,2025,2.7676,,PJ,Energy Agency Denmark (2024): Generation efficiency decrease 10%,05.09.2024,Nikita Moskalenko <nim@wip.tu-berlin.de>
World,P_Coal_Lignite_CCS,Lignite,1,2030,2.6878,,PJ,Energy Agency Denmark (2024): Generation efficiency decrease 10%,05.09.2024,Nikita Moskalenko <nim@wip.tu-berlin.de>
World,P_Coal_Lignite_CCS,Lignite,1,2035,2.6622,,PJ,Energy Agency Denmark (2024): Generation efficiency decrease 10%,05.09.2024,Nikita Moskalenko <nim@wip.tu-berlin.de>
World,P_Coal_Lignite_CCS,Lignite,1,2040,2.6371,,PJ,Energy Agency Denmark (2024): Generation efficiency decrease 10%,05.09.2024,Nikita Moskalenko <nim@wip.tu-berlin.de>
World,P_Coal_Lignite_CCS,Lignite,1,2045,2.6125,,PJ,Energy Agency Denmark (2024): Generation efficiency decrease 10%,05.09.2024,Nikita Moskalenko <nim@wip.tu-berlin.de>
World,P_Coal_Lignite_CCS,Lignite,1,2050,2.5883,,PJ,Energy Agency Denmark (2024): Generation efficiency decrease 10%,05.09.2024,Nikita Moskalenko <nim@wip.tu-berlin.de>
World,P_Coal_Lignite_CCS,Lignite,1,2055,2.5883,,PJ,same as 2050 for now,29.01.2025,Nikita Moskalenko <nim@wip.tu-berlin.de>
World,P_Coal_Lignite_CCS,Lignite,1,2060,2.5883,,PJ,same as 2050 for now,29.01.2025,Nikita Moskalenko <nim@wip.tu-berlin.de>
World,P_Gas_CCGT,Gas_Natural,1,2018,1.8315,,PJ,Energy Agency Denmark (2024): Gas turb. Cc - average,26.08.2024,Nikita Moskalenko <nim@wip.tu-berlin.de>
World,P_Gas_CCGT,Gas_Natural,1,2020,1.8182,,PJ,Energy Agency Denmark (2024): Gas turb. Cc - average,26.08.2024,Nikita Moskalenko <nim@wip.tu-berlin.de>
World,P_Gas_CCGT,Gas_Natural,1,2025,1.7857,,PJ,Energy Agency Denmark (2024): Gas turb. Cc - average,26.08.2024,Nikita Moskalenko <nim@wip.tu-berlin.de>
World,P_Gas_CCGT,Gas_Natural,1,2030,1.7544,,PJ,Energy Agency Denmark (2024): Gas turb. Cc - average,26.08.2024,Nikita Moskalenko <nim@wip.tu-berlin.de>
World,P_Gas_CCGT,Gas_Natural,1,2035,1.7391,,PJ,Energy Agency Denmark (2024): Gas turb. Cc - average,26.08.2024,Nikita Moskalenko <nim@wip.tu-berlin.de>
World,P_Gas_CCGT,Gas_Natural,1,2040,1.7241,,PJ,Energy Agency Denmark (2024): Gas turb. Cc - average,26.08.2024,Nikita Moskalenko <nim@wip.tu-berlin.de>
World,P_Gas_CCGT,Gas_Natural,1,2045,1.7094,,PJ,Energy Agency Denmark (2024): Gas turb. Cc - average,26.08.2024,Nikita Moskalenko <nim@wip.tu-berlin.de>
World,P_Gas_CCGT,Gas_Natural,1,2050,1.6949,,PJ,Energy Agency Denmark (2024): Gas turb. Cc - average,26.08.2024,Nikita Moskalenko <nim@wip.tu-berlin.de>
World,P_Gas_CCGT,Gas_Natural,1,2055,1.6949,,PJ,same as 2050 for now,29.01.2025,Nikita Moskalenko <nim@wip.tu-berlin.de>
World,P_Gas_CCGT,Gas_Natural,1,2060,1.6949,,PJ,same as 2050 for now,29.01.2025,Nikita Moskalenko <nim@wip.tu-berlin.de>
World,P_Gas_CCGT,Gas_Bio,2,2018,1.8315,,PJ,Energy Agency Denmark (2024): Gas turb. Cc - average,26.08.2024,Nikita Moskalenko <nim@wip.tu-berlin.de>
World,P_Gas_CCGT,Gas_Bio,2,2020,1.8182,,PJ,Energy Agency Denmark (2024): Gas turb. Cc - average,26.08.2024,Nikita Moskalenko <nim@wip.tu-berlin.de>
World,P_Gas_CCGT,Gas_Bio,2,2025,1.7857,,PJ,Energy Agency Denmark (2024): Gas turb. Cc - average,26.08.2024,Nikita Moskalenko <nim@wip.tu-berlin.de>
World,P_Gas_CCGT,Gas_Bio,2,2030,1.7544,,PJ,Energy Agency Denmark (2024): Gas turb. Cc - average,26.08.2024,Nikita Moskalenko <nim@wip.tu-berlin.de>
World,P_Gas_CCGT,Gas_Bio,2,2035,1.7391,,PJ,Energy Agency Denmark (2024): Gas turb. Cc - average,26.08.2024,Nikita Moskalenko <nim@wip.tu-berlin.de>
World,P_Gas_CCGT,Gas_Bio,2,2040,1.7241,,PJ,Energy Agency Denmark (2024): Gas turb. Cc - average,26.08.2024,Nikita Moskalenko <nim@wip.tu-berlin.de>
World,P_Gas_CCGT,Gas_Bio,2,2045,1.7094,,PJ,Energy Agency Denmark (2024): Gas turb. Cc - average,26.08.2024,Nikita Moskalenko <nim@wip.tu-berlin.de>
World,P_Gas_CCGT,Gas_Bio,2,2050,1.6949,,PJ,Energy Agency Denmark (2024): Gas turb. Cc - average,26.08.2024,Nikita Moskalenko <nim@wip.tu-berlin.de>
World,P_Gas_CCGT,Gas_Bio,2,2055,1.6949,,PJ,same as 2050 for now,29.01.2025,Nikita Moskalenko <nim@wip.tu-berlin.de>
World,P_Gas_CCGT,Gas_Bio,2,2060,1.6949,,PJ,same as 2050 for now,29.01.2025,Nikita Moskalenko <nim@wip.tu-berlin.de>
World,P_Gas_CCGT,Gas_Synth,3,2018,1.8315,,PJ,Energy Agency Denmark (2024): Gas turb. Cc - average,26.08.2024,Nikita Moskalenko <nim@wip.tu-berlin.de>
World,P_Gas_CCGT,Gas_Synth,3,2020,1.8182,,PJ,Energy Agency Denmark (2024): Gas turb. Cc - average,26.08.2024,Nikita Moskalenko <nim@wip.tu-berlin.de>
World,P_Gas_CCGT,Gas_Synth,3,2025,1.7857,,PJ,Energy Agency Denmark (2024): Gas turb. Cc - average,26.08.2024,Nikita Moskalenko <nim@wip.tu-berlin.de>
World,P_Gas_CCGT,Gas_Synth,3,2030,1.7544,,PJ,Energy Agency Denmark (2024): Gas turb. Cc - average,26.08.2024,Nikita Moskalenko <nim@wip.tu-berlin.de>
World,P_Gas_CCGT,Gas_Synth,3,2035,1.7391,,PJ,Energy Agency Denmark (2024): Gas turb. Cc - average,26.08.2024,Nikita Moskalenko <nim@wip.tu-berlin.de>
World,P_Gas_CCGT,Gas_Synth,3,2040,1.7241,,PJ,Energy Agency Denmark (2024): Gas turb. Cc - average,26.08.2024,Nikita Moskalenko <nim@wip.tu-berlin.de>
World,P_Gas_CCGT,Gas_Synth,3,2045,1.7094,,PJ,Energy Agency Denmark (2024): Gas turb. Cc - average,26.08.2024,Nikita Moskalenko <nim@wip.tu-berlin.de>
World,P_Gas_CCGT,Gas_Synth,3,2050,1.6949,,PJ,Energy Agency Denmark (2024): Gas turb. Cc - average,26.08.2024,Nikita Moskalenko <nim@wip.tu-berlin.de>
World,P_Gas_CCGT,Gas_Synth,3,2055,1.6949,,PJ,same as 2050 for now,29.01.2025,Nikita Moskalenko <nim@wip.tu-berlin.de>
World,P_Gas_CCGT,Gas_Synth,3,2060,1.6949,,PJ,same as 2050 for now,29.01.2025,Nikita Moskalenko <nim@wip.tu-berlin.de>
World,P_Gas_CCS,Gas_Natural,1,2018,2.035,,PJ,Energy Agency Denmark (2024): Generation efficiency decrease 10%,05.09.2024,Nikita Moskalenko <nim@wip.tu-berlin.de>
World,P_Gas_CCS,Gas_Natural,1,2020,2.0202,,PJ,Energy Agency Denmark (2024): Generation efficiency decrease 10%,05.09.2024,Nikita Moskalenko <nim@wip.tu-berlin.de>
World,P_Gas_CCS,Gas_Natural,1,2025,1.9841,,PJ,Energy Agency Denmark (2024): Generation efficiency decrease 10%,05.09.2024,Nikita Moskalenko <nim@wip.tu-berlin.de>
World,P_Gas_CCS,Gas_Natural,1,2030,1.9493,,PJ,Energy Agency Denmark (2024): Generation efficiency decrease 10%,05.09.2024,Nikita Moskalenko <nim@wip.tu-berlin.de>
World,P_Gas_CCS,Gas_Natural,1,2035,1.9324,,PJ,Energy Agency Denmark (2024): Generation efficiency decrease 10%,05.09.2024,Nikita Moskalenko <nim@wip.tu-berlin.de>
World,P_Gas_CCS,Gas_Natural,1,2040,1.9157,,PJ,Energy Agency Denmark (2024): Generation efficiency decrease 10%,05.09.2024,Nikita Moskalenko <nim@wip.tu-berlin.de>
World,P_Gas_CCS,Gas_Natural,1,2045,1.8993,,PJ,Energy Agency Denmark (2024): Generation efficiency decrease 10%,05.09.2024,Nikita Moskalenko <nim@wip.tu-berlin.de>
World,P_Gas_CCS,Gas_Natural,1,2050,1.8832,,PJ,Energy Agency Denmark (2024): Generation efficiency decrease 10%,05.09.2024,Nikita Moskalenko <nim@wip.tu-berlin.de>
World,P_Gas_CCS,Gas_Natural,1,2055,1.8832,,PJ,same as 2050 for now,29.01.2025,Nikita Moskalenko <nim@wip.tu-berlin.de>
World,P_Gas_CCS,Gas_Natural,1,2060,1.8832,,PJ,same as 2050 for now,29.01.2025,Nikita Moskalenko <nim@wip.tu-berlin.de>
World,P_Gas_CCS,Gas_Bio,2,2018,2.035,,PJ,Energy Agency Denmark (2024): Generation efficiency decrease 10%,05.09.2024,Nikita Moskalenko <nim@wip.tu-berlin.de>
World,P_Gas_CCS,Gas_Bio,2,2020,2.0202,,PJ,Energy Agency Denmark (2024): Generation efficiency decrease 10%,05.09.2024,Nikita Moskalenko <nim@wip.tu-berlin.de>
World,P_Gas_CCS,Gas_Bio,2,2025,1.9841,,PJ,Energy Agency Denmark (2024): Generation efficiency decrease 10%,05.09.2024,Nikita Moskalenko <nim@wip.tu-berlin.de>
World,P_Gas_CCS,Gas_Bio,2,2030,1.9493,,PJ,Energy Agency Denmark (2024): Generation efficiency decrease 10%,05.09.2024,Nikita Moskalenko <nim@wip.tu-berlin.de>
World,P_Gas_CCS,Gas_Bio,2,2035,1.9324,,PJ,Energy Agency Denmark (2024): Generation efficiency decrease 10%,05.09.2024,Nikita Moskalenko <nim@wip.tu-berlin.de>
World,P_Gas_CCS,Gas_Bio,2,2040,1.9157,,PJ,Energy Agency Denmark (2024): Generation efficiency decrease 10%,05.09.2024,Nikita Moskalenko <nim@wip.tu-berlin.de>
World,P_Gas_CCS,Gas_Bio,2,2045,1.8993,,PJ,Energy Agency Denmark (2024): Generation efficiency decrease 10%,05.09.2024,Nikita Moskalenko <nim@wip.tu-berlin.de>
World,P_Gas_CCS,Gas_Bio,2,2050,1.8832,,PJ,Energy Agency Denmark (2024): Generation efficiency decrease 10%,05.09.2024,Nikita Moskalenko <nim@wip.tu-berlin.de>
World,P_Gas_CCS,Gas_Bio,2,2055,1.8832,,PJ,same as 2050 for now,29.01.2025,Nikita Moskalenko <nim@wip.tu-berlin.de>
World,P_Gas_CCS,Gas_Bio,2,2060,1.8832,,PJ,same as 2050 for now,29.01.2025,Nikita Moskalenko <nim@wip.tu-berlin.de>
World,P_Gas_CCS,Gas_Synth,3,2018,2.035,,PJ,Energy Agency Denmark (2024): Generation efficiency decrease 10%,05.09.2024,Nikita Moskalenko <nim@wip.tu-berlin.de>
World,P_Gas_CCS,Gas_Synth,3,2020,2.0202,,PJ,Energy Agency Denmark (2024): Generation efficiency decrease 10%,05.09.2024,Nikita Moskalenko <nim@wip.tu-berlin.de>
World,P_Gas_CCS,Gas_Synth,3,2025,1.9841,,PJ,Energy Agency Denmark (2024): Generation efficiency decrease 10%,05.09.2024,Nikita Moskalenko <nim@wip.tu-berlin.de>
World,P_Gas_CCS,Gas_Synth,3,2030,1.9493,,PJ,Energy Agency Denmark (2024): Generation efficiency decrease 10%,05.09.2024,Nikita Moskalenko <nim@wip.tu-berlin.de>
World,P_Gas_CCS,Gas_Synth,3,2035,1.9324,,PJ,Energy Agency Denmark (2024): Generation efficiency decrease 10%,05.09.2024,Nikita Moskalenko <nim@wip.tu-berlin.de>
World,P_Gas_CCS,Gas_Synth,3,2040,1.9157,,PJ,Energy Agency Denmark (2024): Generation efficiency decrease 10%,05.09.2024,Nikita Moskalenko <nim@wip.tu-berlin.de>
World,P_Gas_CCS,Gas_Synth,3,2045,1.8993,,PJ,Energy Agency Denmark (2024): Generation efficiency decrease 10%,05.09.2024,Nikita Moskalenko <nim@wip.tu-berlin.de>
World,P_Gas_CCS,Gas_Synth,3,2050,1.8832,,PJ,Energy Agency Denmark (2024): Generation efficiency decrease 10%,05.09.2024,Nikita Moskalenko <nim@wip.tu-berlin.de>
World,P_Gas_CCS,Gas_Synth,3,2055,1.8832,,PJ,same as 2050 for now,29.01.2025,Nikita Moskalenko <nim@wip.tu-berlin.de>
World,P_Gas_CCS,Gas_Synth,3,2060,1.8832,,PJ,same as 2050 for now,29.01.2025,Nikita Moskalenko <nim@wip.tu-berlin.de>
World,P_Gas_Engines,Gas_Natural,1,2018,2.0833,,PJ,Energy Agency Denmark (2024): Natural gas engine plant,07.08.2024,Nikita Moskalenko <nim@wip.tu-berlin.de>
World,P_Gas_Engines,Gas_Natural,1,2020,2.0833,,PJ,Energy Agency Denmark (2024): Natural gas engine plant,07.08.2024,Nikita Moskalenko <nim@wip.tu-berlin.de>
World,P_Gas_Engines,Gas_Natural,1,2025,2.0408,,PJ,Energy Agency Denmark (2024): Natural gas engine plant,07.08.2024,Nikita Moskalenko <nim@wip.tu-berlin.de>
World,P_Gas_Engines,Gas_Natural,1,2030,2,,PJ,Energy Agency Denmark (2024): Natural gas engine plant,07.08.2024,Nikita Moskalenko <nim@wip.tu-berlin.de>
World,P_Gas_Engines,Gas_Natural,1,2035,2,,PJ,Energy Agency Denmark (2024): Natural gas engine plant,07.08.2024,Nikita Moskalenko <nim@wip.tu-berlin.de>
World,P_Gas_Engines,Gas_Natural,1,2040,2,,PJ,Energy Agency Denmark (2024): Natural gas engine plant,07.08.2024,Nikita Moskalenko <nim@wip.tu-berlin.de>
World,P_Gas_Engines,Gas_Natural,1,2045,2,,PJ,Energy Agency Denmark (2024): Natural gas engine plant,07.08.2024,Nikita Moskalenko <nim@wip.tu-berlin.de>
World,P_Gas_Engines,Gas_Natural,1,2050,2,,PJ,Energy Agency Denmark (2024): Natural gas engine plant,07.08.2024,Nikita Moskalenko <nim@wip.tu-berlin.de>
World,P_Gas_Engines,Gas_Natural,1,2055,2,,PJ,same as 2050 for now,29.01.2025,Nikita Moskalenko <nim@wip.tu-berlin.de>
World,P_Gas_Engines,Gas_Natural,1,2060,2,,PJ,same as 2050 for now,29.01.2025,Nikita Moskalenko <nim@wip.tu-berlin.de>
World,P_Gas_Engines,Gas_Bio,2,2018,2.2222,,PJ,Energy Agency Denmark (2024): Natural gas engine plant - p. 373,07.08.2024,Nikita Moskalenko <nim@wip.tu-berlin.de>
World,P_Gas_Engines,Gas_Bio,2,2020,2.2222,,PJ,Energy Agency Denmark (2024): Natural gas engine plant - p. 373,07.08.2024,Nikita Moskalenko <nim@wip.tu-berlin.de>
World,P_Gas_Engines,Gas_Bio,2,2025,2.1739,,PJ,Energy Agency Denmark (2024): Natural gas engine plant - p. 373,07.08.2024,Nikita Moskalenko <nim@wip.tu-berlin.de>
World,P_Gas_Engines,Gas_Bio,2,2030,2.1277,,PJ,Energy Agency Denmark (2024): Natural gas engine plant - p. 373,07.08.2024,Nikita Moskalenko <nim@wip.tu-berlin.de>
World,P_Gas_Engines,Gas_Bio,2,2035,2.1277,,PJ,Energy Agency Denmark (2024): Natural gas engine plant - p. 373,07.08.2024,Nikita Moskalenko <nim@wip.tu-berlin.de>
World,P_Gas_Engines,Gas_Bio,2,2040,2.1277,,PJ,Energy Agency Denmark (2024): Natural gas engine plant - p. 373,07.08.2024,Nikita Moskalenko <nim@wip.tu-berlin.de>
World,P_Gas_Engines,Gas_Bio,2,2045,2.1277,,PJ,Energy Agency Denmark (2024): Natural gas engine plant - p. 373,07.08.2024,Nikita Moskalenko <nim@wip.tu-berlin.de>
World,P_Gas_Engines,Gas_Bio,2,2050,2.1277,,PJ,Energy Agency Denmark (2024): Natural gas engine plant - p. 373,07.08.2024,Nikita Moskalenko <nim@wip.tu-berlin.de>
World,P_Gas_Engines,Gas_Bio,2,2055,2.1277,,PJ,same as 2050 for now,29.01.2025,Nikita Moskalenko <nim@wip.tu-berlin.de>
World,P_Gas_Engines,Gas_Bio,2,2060,2.1277,,PJ,same as 2050 for now,29.01.2025,Nikita Moskalenko <nim@wip.tu-berlin.de>
World,P_Gas_Engines,Gas_Synth,3,2018,2.8571,,PJ,Abouemara et al. (2024): upper bound: https://doi.org/10.1016/j.fuel.2023.130511 - same learning curve as as natural gas / biogas,07.08.2024,Nikita Moskalenko <nim@wip.tu-berlin.de>
World,P_Gas_Engines,Gas_Synth,3,2020,2.8571,,PJ,Abouemara et al. (2024): upper bound: https://doi.org/10.1016/j.fuel.2023.130511 - same learning curve as as natural gas / biogas,07.08.2024,Nikita Moskalenko <nim@wip.tu-berlin.de>
World,P_Gas_Engines,Gas_Synth,3,2025,2.7778,,PJ,Abouemara et al. (2024): upper bound: https://doi.org/10.1016/j.fuel.2023.130511 - same learning curve as as natural gas / biogas,07.08.2024,Nikita Moskalenko <nim@wip.tu-berlin.de>
World,P_Gas_Engines,Gas_Synth,3,2030,2.7027,,PJ,Abouemara et al. (2024): upper bound: https://doi.org/10.1016/j.fuel.2023.130511 - same learning curve as as natural gas / biogas,07.08.2024,Nikita Moskalenko <nim@wip.tu-berlin.de>
World,P_Gas_Engines,Gas_Synth,3,2035,2.7027,,PJ,Abouemara et al. (2024): upper bound: https://doi.org/10.1016/j.fuel.2023.130511 - same learning curve as as natural gas / biogas,07.08.2024,Nikita Moskalenko <nim@wip.tu-berlin.de>
World,P_Gas_Engines,Gas_Synth,3,2040,2.7027,,PJ,Abouemara et al. (2024): upper bound: https://doi.org/10.1016/j.fuel.2023.130511 - same learning curve as as natural gas / biogas,07.08.2024,Nikita Moskalenko <nim@wip.tu-berlin.de>
World,P_Gas_Engines,Gas_Synth,3,2045,2.7027,,PJ,Abouemara et al. (2024): upper bound: https://doi.org/10.1016/j.fuel.2023.130511 - same learning curve as as natural gas / biogas,07.08.2024,Nikita Moskalenko <nim@wip.tu-berlin.de>
World,P_Gas_Engines,Gas_Synth,3,2050,2.7027,,PJ,Abouemara et al. (2024): upper bound: https://doi.org/10.1016/j.fuel.2023.130511 - same learning curve as as natural gas / biogas,07.08.2024,Nikita Moskalenko <nim@wip.tu-berlin.de>
World,P_Gas_Engines,Gas_Synth,3,2055,2.7027,,PJ,same as 2050 for now,29.01.2025,Nikita Moskalenko <nim@wip.tu-berlin.de>
World,P_Gas_Engines,Gas_Synth,3,2060,2.7027,,PJ,same as 2050 for now,29.01.2025,Nikita Moskalenko <nim@wip.tu-berlin.de>
World,P_Gas_OCGT,Gas_Natural,1,2018,2.4038,,PJ,Energy Agency Denmark (2024): OCGT - Natural gas,07.08.2024,Nikita Moskalenko <nim@wip.tu-berlin.de>
World,P_Gas_OCGT,Gas_Natural,1,2020,2.381,,PJ,Energy Agency Denmark (2024): OCGT - Natural gas,07.08.2024,Nikita Moskalenko <nim@wip.tu-berlin.de>
World,P_Gas_OCGT,Gas_Natural,1,2025,2.3529,,PJ,Energy Agency Denmark (2024): OCGT - Natural gas,07.08.2024,Nikita Moskalenko <nim@wip.tu-berlin.de>
World,P_Gas_OCGT,Gas_Natural,1,2030,2.3256,,PJ,Energy Agency Denmark (2024): OCGT - Natural gas,07.08.2024,Nikita Moskalenko <nim@wip.tu-berlin.de>
World,P_Gas_OCGT,Gas_Natural,1,2035,2.2989,,PJ,Energy Agency Denmark (2024): OCGT - Natural gas,07.08.2024,Nikita Moskalenko <nim@wip.tu-berlin.de>
World,P_Gas_OCGT,Gas_Natural,1,2040,2.2727,,PJ,Energy Agency Denmark (2024): OCGT - Natural gas,07.08.2024,Nikita Moskalenko <nim@wip.tu-berlin.de>
World,P_Gas_OCGT,Gas_Natural,1,2045,2.2472,,PJ,Energy Agency Denmark (2024): OCGT - Natural gas,07.08.2024,Nikita Moskalenko <nim@wip.tu-berlin.de>
World,P_Gas_OCGT,Gas_Natural,1,2050,2.2222,,PJ,Energy Agency Denmark (2024): OCGT - Natural gas,07.08.2024,Nikita Moskalenko <nim@wip.tu-berlin.de>
World,P_Gas_OCGT,Gas_Natural,1,2055,2.2222,,PJ,same as 2050 for now,29.01.2025,Nikita Moskalenko <nim@wip.tu-berlin.de>
World,P_Gas_OCGT,Gas_Natural,1,2060,2.2222,,PJ,same as 2050 for now,29.01.2025,Nikita Moskalenko <nim@wip.tu-berlin.de>
World,P_Gas_OCGT,Gas_Bio,2,2018,2.5907,,PJ,Energy Agency Denmark (2024): Open Cycle Gas Turbine - p. 382,07.08.2024,Nikita Moskalenko <nim@wip.tu-berlin.de>
World,P_Gas_OCGT,Gas_Bio,2,2020,2.5641,,PJ,Energy Agency Denmark (2024): Open Cycle Gas Turbine - p. 382,07.08.2024,Nikita Moskalenko <nim@wip.tu-berlin.de>
World,P_Gas_OCGT,Gas_Bio,2,2025,2.5316,,PJ,Energy Agency Denmark (2024): Open Cycle Gas Turbine - p. 382,07.08.2024,Nikita Moskalenko <nim@wip.tu-berlin.de>
World,P_Gas_OCGT,Gas_Bio,2,2030,2.5,,PJ,Energy Agency Denmark (2024): Open Cycle Gas Turbine - p. 382,07.08.2024,Nikita Moskalenko <nim@wip.tu-berlin.de>
World,P_Gas_OCGT,Gas_Bio,2,2035,2.4691,,PJ,Energy Agency Denmark (2024): Open Cycle Gas Turbine - p. 382,07.08.2024,Nikita Moskalenko <nim@wip.tu-berlin.de>
World,P_Gas_OCGT,Gas_Bio,2,2040,2.439,,PJ,Energy Agency Denmark (2024): Open Cycle Gas Turbine - p. 382,07.08.2024,Nikita Moskalenko <nim@wip.tu-berlin.de>
World,P_Gas_OCGT,Gas_Bio,2,2045,2.4096,,PJ,Energy Agency Denmark (2024): Open Cycle Gas Turbine - p. 382,07.08.2024,Nikita Moskalenko <nim@wip.tu-berlin.de>
World,P_Gas_OCGT,Gas_Bio,2,2050,2.381,,PJ,Energy Agency Denmark (2024): Open Cycle Gas Turbine - p. 382,07.08.2024,Nikita Moskalenko <nim@wip.tu-berlin.de>
World,P_Gas_OCGT,Gas_Bio,2,2055,2.381,,PJ,same as 2050 for now,29.01.2025,Nikita Moskalenko <nim@wip.tu-berlin.de>
World,P_Gas_OCGT,Gas_Bio,2,2060,2.381,,PJ,same as 2050 for now,29.01.2025,Nikita Moskalenko <nim@wip.tu-berlin.de>
World,P_Gas_OCGT,Gas_Synth,3,2018,2.8571,,PJ,Abouemara et al. (2024): upper bound: https://doi.org/10.1016/j.fuel.2023.130511 - same learning curve as as natural gas / biogas,07.08.2024,Nikita Moskalenko <nim@wip.tu-berlin.de>
World,P_Gas_OCGT,Gas_Synth,3,2020,2.7778,,PJ,Abouemara et al. (2024): upper bound: https://doi.org/10.1016/j.fuel.2023.130511 - same learning curve as as natural gas / biogas,07.08.2024,Nikita Moskalenko <nim@wip.tu-berlin.de>
World,P_Gas_OCGT,Gas_Synth,3,2025,2.7397,,PJ,Abouemara et al. (2024): upper bound: https://doi.org/10.1016/j.fuel.2023.130511 - same learning curve as as natural gas / biogas,07.08.2024,Nikita Moskalenko <nim@wip.tu-berlin.de>
World,P_Gas_OCGT,Gas_Synth,3,2030,2.7027,,PJ,Abouemara et al. (2024): upper bound: https://doi.org/10.1016/j.fuel.2023.130511 - same learning curve as as natural gas / biogas,07.08.2024,Nikita Moskalenko <nim@wip.tu-berlin.de>
World,P_Gas_OCGT,Gas_Synth,3,2035,2.6667,,PJ,Abouemara et al. (2024): upper bound: https://doi.org/10.1016/j.fuel.2023.130511 - same learning curve as as natural gas / biogas,07.08.2024,Nikita Moskalenko <nim@wip.tu-berlin.de>
World,P_Gas_OCGT,Gas_Synth,3,2040,2.6316,,PJ,Abouemara et al. (2024): upper bound: https://doi.org/10.1016/j.fuel.2023.130511 - same learning curve as as natural gas / biogas,07.08.2024,Nikita Moskalenko <nim@wip.tu-berlin.de>
World,P_Gas_OCGT,Gas_Synth,3,2045,2.5974,,PJ,Abouemara et al. (2024): upper bound: https://doi.org/10.1016/j.fuel.2023.130511 - same learning curve as as natural gas / biogas,07.08.2024,Nikita Moskalenko <nim@wip.tu-berlin.de>
World,P_Gas_OCGT,Gas_Synth,3,2050,2.5641,,PJ,Abouemara et al. (2024): upper bound: https://doi.org/10.1016/j.fuel.2023.130511 - same learning curve as as natural gas / biogas,07.08.2024,Nikita Moskalenko <nim@wip.tu-berlin.de>
World,P_Gas_OCGT,Gas_Synth,3,2055,2.5641,,PJ,same as 2050 for now,29.01.2025,Nikita Moskalenko <nim@wip.tu-berlin.de>
World,P_Gas_OCGT,Gas_Synth,3,2060,2.5641,,PJ,same as 2050 for now,29.01.2025,Nikita Moskalenko <nim@wip.tu-berlin.de>
World,P_H2_OCGT,H2,1,2018,2.4038,,PJ,Assumption: Same as Gas_OCGT,26.08.2024,Nikita Moskalenko <nim@wip.tu-berlin.de>
World,P_H2_OCGT,H2,1,2020,2.381,,PJ,Assumption: Same as Gas_OCGT,26.08.2024,Nikita Moskalenko <nim@wip.tu-berlin.de>
World,P_H2_OCGT,H2,1,2025,2.3529,,PJ,Assumption: Same as Gas_OCGT,26.08.2024,Nikita Moskalenko <nim@wip.tu-berlin.de>
World,P_H2_OCGT,H2,1,2030,2.3256,,PJ,Assumption: Same as Gas_OCGT,26.08.2024,Nikita Moskalenko <nim@wip.tu-berlin.de>
World,P_H2_OCGT,H2,1,2035,2.2989,,PJ,Assumption: Same as Gas_OCGT,26.08.2024,Nikita Moskalenko <nim@wip.tu-berlin.de>
World,P_H2_OCGT,H2,1,2040,2.2727,,PJ,Assumption: Same as Gas_OCGT,26.08.2024,Nikita Moskalenko <nim@wip.tu-berlin.de>
World,P_H2_OCGT,H2,1,2045,2.2472,,PJ,Assumption: Same as Gas_OCGT,26.08.2024,Nikita Moskalenko <nim@wip.tu-berlin.de>
World,P_H2_OCGT,H2,1,2050,2.2222,,PJ,Assumption: Same as Gas_OCGT,26.08.2024,Nikita Moskalenko <nim@wip.tu-berlin.de>
World,P_H2_OCGT,H2,1,2055,2.2222,,PJ,same as 2050 for now,29.01.2025,Nikita Moskalenko <nim@wip.tu-berlin.de>
World,P_H2_OCGT,H2,1,2060,2.2222,,PJ,same as 2050 for now,29.01.2025,Nikita Moskalenko <nim@wip.tu-berlin.de>
World,P_Nuclear,Nuclear,1,2018,3.0303,,PJ,GÃƒÂ¶ke et al. (2023): http://dx.doi.org/10.48550/arXiv.2302.14515 (LWR),04.09.2024,Nikita Moskalenko <nim@wip.tu-berlin.de>
World,P_Nuclear,Nuclear,1,2020,3.0303,,PJ,GÃƒÂ¶ke et al. (2023): http://dx.doi.org/10.48550/arXiv.2302.14515 (LWR),04.09.2024,Nikita Moskalenko <nim@wip.tu-berlin.de>
World,P_Nuclear,Nuclear,1,2025,3.0303,,PJ,GÃƒÂ¶ke et al. (2023): http://dx.doi.org/10.48550/arXiv.2302.14515 (LWR),04.09.2024,Nikita Moskalenko <nim@wip.tu-berlin.de>
World,P_Nuclear,Nuclear,1,2030,3.0303,,PJ,GÃƒÂ¶ke et al. (2023): http://dx.doi.org/10.48550/arXiv.2302.14515 (LWR),04.09.2024,Nikita Moskalenko <nim@wip.tu-berlin.de>
World,P_Nuclear,Nuclear,1,2035,3.0303,,PJ,GÃƒÂ¶ke et al. (2023): http://dx.doi.org/10.48550/arXiv.2302.14515 (LWR),04.09.2024,Nikita Moskalenko <nim@wip.tu-berlin.de>
World,P_Nuclear,Nuclear,1,2040,3.0303,,PJ,GÃƒÂ¶ke et al. (2023): http://dx.doi.org/10.48550/arXiv.2302.14515 (LWR),04.09.2024,Nikita Moskalenko <nim@wip.tu-berlin.de>
World,P_Nuclear,Nuclear,1,2045,3.0303,,PJ,GÃƒÂ¶ke et al. (2023): http://dx.doi.org/10.48550/arXiv.2302.14515 (LWR),04.09.2024,Nikita Moskalenko <nim@wip.tu-berlin.de>
World,P_Nuclear,Nuclear,1,2050,3.0303,,PJ,GÃƒÂ¶ke et al. (2023): http://dx.doi.org/10.48550/arXiv.2302.14515 (LWR),04.09.2024,Nikita Moskalenko <nim@wip.tu-berlin.de>
World,P_Nuclear,Nuclear,1,2055,3.0303,,PJ,same as 2050 for now,29.01.2025,Nikita Moskalenko <nim@wip.tu-berlin.de>
World,P_Nuclear,Nuclear,1,2060,3.0303,,PJ,same as 2050 for now,29.01.2025,Nikita Moskalenko <nim@wip.tu-berlin.de>
World,P_Oil,Oil,1,2018,2.8571,,PJ,Energy Agency Denmark (2024): Diesel engine farm,26.08.2024,Nikita Moskalenko <nim@wip.tu-berlin.de>
World,P_Oil,Oil,1,2020,2.8571,,PJ,Energy Agency Denmark (2024): Diesel engine farm,26.08.2024,Nikita Moskalenko <nim@wip.tu-berlin.de>
World,P_Oil,Oil,1,2025,2.8571,,PJ,Energy Agency Denmark (2024): Diesel engine farm,26.08.2024,Nikita Moskalenko <nim@wip.tu-berlin.de>
World,P_Oil,Oil,1,2030,2.8571,,PJ,Energy Agency Denmark (2024): Diesel engine farm,26.08.2024,Nikita Moskalenko <nim@wip.tu-berlin.de>
World,P_Oil,Oil,1,2035,2.8571,,PJ,Energy Agency Denmark (2024): Diesel engine farm,26.08.2024,Nikita Moskalenko <nim@wip.tu-berlin.de>
World,P_Oil,Oil,1,2040,2.8571,,PJ,Energy Agency Denmark (2024): Diesel engine farm,26.08.2024,Nikita Moskalenko <nim@wip.tu-berlin.de>
World,P_Oil,Oil,1,2045,2.8571,,PJ,Energy Agency Denmark (2024): Diesel engine farm,26.08.2024,Nikita Moskalenko <nim@wip.tu-berlin.de>
World,P_Oil,Oil,1,2050,2.8571,,PJ,Energy Agency Denmark (2024): Diesel engine farm,26.08.2024,Nikita Moskalenko <nim@wip.tu-berlin.de>
World,P_Oil,Oil,1,2055,2.8571,,PJ,same as 2050 for now,29.01.2025,Nikita Moskalenko <nim@wip.tu-berlin.de>
World,P_Oil,Oil,1,2060,2.8571,,PJ,same as 2050 for now,29.01.2025,Nikita Moskalenko <nim@wip.tu-berlin.de>
World,P_PV_Rooftop_Commercial,Area_Rooftop_Commercial,1,2018,0.1658,,km2,,,
World,P_PV_Rooftop_Commercial,Area_Rooftop_Commercial,1,2020,0.1658,,km2,,,
World,P_PV_Rooftop_Commercial,Area_Rooftop_Commercial,1,2025,0.1658,,km2,,,
World,P_PV_Rooftop_Commercial,Area_Rooftop_Commercial,1,2030,0.1658,,km2,,,
World,P_PV_Rooftop_Commercial,Area_Rooftop_Commercial,1,2035,0.1658,,km2,,,
World,P_PV_Rooftop_Commercial,Area_Rooftop_Commercial,1,2040,0.1658,,km2,,,
World,P_PV_Rooftop_Commercial,Area_Rooftop_Commercial,1,2045,0.1658,,km2,,,
World,P_PV_Rooftop_Commercial,Area_Rooftop_Commercial,1,2050,0.1658,,km2,,,
World,P_PV_Rooftop_Commercial,Area_Rooftop_Commercial,1,2055,0.1658,,km2,same as 2050 for now,29.01.2025,Nikita Moskalenko <nim@wip.tu-berlin.de>
World,P_PV_Rooftop_Commercial,Area_Rooftop_Commercial,1,2060,0.1658,,km2,same as 2050 for now,29.01.2025,Nikita Moskalenko <nim@wip.tu-berlin.de>
World,P_PV_Rooftop_Residential,Area_Rooftop_Residential,1,2018,0.1658,,km2,,,
World,P_PV_Rooftop_Residential,Area_Rooftop_Residential,1,2020,0.1658,,km2,,,
World,P_PV_Rooftop_Residential,Area_Rooftop_Residential,1,2025,0.1658,,km2,,,
World,P_PV_Rooftop_Residential,Area_Rooftop_Residential,1,2030,0.1658,,km2,,,
World,P_PV_Rooftop_Residential,Area_Rooftop_Residential,1,2035,0.1658,,km2,,,
World,P_PV_Rooftop_Residential,Area_Rooftop_Residential,1,2040,0.1658,,km2,,,
World,P_PV_Rooftop_Residential,Area_Rooftop_Residential,1,2045,0.1658,,km2,,,
World,P_PV_Rooftop_Residential,Area_Rooftop_Residential,1,2050,0.1658,,km2,,,
World,P_PV_Rooftop_Residential,Area_Rooftop_Residential,1,2055,0.1658,,km2,same as 2050 for now,29.01.2025,Nikita Moskalenko <nim@wip.tu-berlin.de>
World,P_PV_Rooftop_Residential,Area_Rooftop_Residential,1,2060,0.1658,,km2,same as 2050 for now,29.01.2025,Nikita Moskalenko <nim@wip.tu-berlin.de>
World,X_ATR_CCS,Gas_Natural,1,All,1.36,,PJ,Hydrogen4EU (2021) 10 Annex E: Data documentation Table 22 ATR + CO2 capture large size centralized,09.10.2024,Stian Backe <stian.backe@sintef.no>
World,X_ATR_CCS,Power,1,All,0.04,,PJ,Hydrogen4EU (2021) 10 Annex E: Data documentation Table 22 ATR + CO2 capture large size centralized,09.10.2024,Stian Backe <stian.backe@sintef.no>
World,X_Alkaline_Electrolysis,Power,1,2018,1.7507,,PJ,Energy Agency Denmark (2024): AEC,03.09.2024,Nikita Moskalenko <nim@wip.tu-berlin.de>
World,X_Alkaline_Electrolysis,Power,1,2020,1.7323,,PJ,Energy Agency Denmark (2024): AEC,03.09.2024,Nikita Moskalenko <nim@wip.tu-berlin.de>
World,X_Alkaline_Electrolysis,Power,1,2025,1.7024,,PJ,Energy Agency Denmark (2024): AEC,03.09.2024,Nikita Moskalenko <nim@wip.tu-berlin.de>
World,X_Alkaline_Electrolysis,Power,1,2030,1.6086,,PJ,Energy Agency Denmark (2024): AEC,03.09.2024,Nikita Moskalenko <nim@wip.tu-berlin.de>
World,X_Alkaline_Electrolysis,Power,1,2035,1.5688,,PJ,Energy Agency Denmark (2024): AEC,03.09.2024,Nikita Moskalenko <nim@wip.tu-berlin.de>
World,X_Alkaline_Electrolysis,Power,1,2040,1.5309,,PJ,Energy Agency Denmark (2024): AEC,03.09.2024,Nikita Moskalenko <nim@wip.tu-berlin.de>
World,X_Alkaline_Electrolysis,Power,1,2045,1.4786,,PJ,Energy Agency Denmark (2024): AEC,03.09.2024,Nikita Moskalenko <nim@wip.tu-berlin.de>
World,X_Alkaline_Electrolysis,Power,1,2050,1.4297,,PJ,Energy Agency Denmark (2024): AEC,03.09.2024,Nikita Moskalenko <nim@wip.tu-berlin.de>
World,X_Alkaline_Electrolysis,Power,1,2055,1.4297,,PJ,same as 2050 for now,29.01.2025,Nikita Moskalenko <nim@wip.tu-berlin.de>
World,X_Alkaline_Electrolysis,Power,1,2060,1.4297,,PJ,same as 2050 for now,29.01.2025,Nikita Moskalenko <nim@wip.tu-berlin.de>
World,X_Biofuel,Biomass,1,2018,1.7123,,PJ,Energy Agency Denmark (2024): Gasifier CFB Bio-SNG,04.09.2024,Nikita Moskalenko <nim@wip.tu-berlin.de>
World,X_Biofuel,Biomass,1,2020,1.6667,,PJ,Energy Agency Denmark (2024): Gasifier CFB Bio-SNG,04.09.2024,Nikita Moskalenko <nim@wip.tu-berlin.de>
World,X_Biofuel,Biomass,1,2025,1.626,,PJ,Energy Agency Denmark (2024): Gasifier CFB Bio-SNG,04.09.2024,Nikita Moskalenko <nim@wip.tu-berlin.de>
World,X_Biofuel,Biomass,1,2030,1.5873,,PJ,Energy Agency Denmark (2024): Gasifier CFB Bio-SNG,04.09.2024,Nikita Moskalenko <nim@wip.tu-berlin.de>
World,X_Biofuel,Biomass,1,2035,1.5444,,PJ,Energy Agency Denmark (2024): Gasifier CFB Bio-SNG,04.09.2024,Nikita Moskalenko <nim@wip.tu-berlin.de>
World,X_Biofuel,Biomass,1,2040,1.5038,,PJ,Energy Agency Denmark (2024): Gasifier CFB Bio-SNG,04.09.2024,Nikita Moskalenko <nim@wip.tu-berlin.de>
World,X_Biofuel,Biomass,1,2045,1.4652,,PJ,Energy Agency Denmark (2024): Gasifier CFB Bio-SNG,04.09.2024,Nikita Moskalenko <nim@wip.tu-berlin.de>
World,X_Biofuel,Biomass,1,2050,1.4286,,PJ,Energy Agency Denmark (2024): Gasifier CFB Bio-SNG,04.09.2024,Nikita Moskalenko <nim@wip.tu-berlin.de>
World,X_Biofuel,Biomass,1,2055,1.4286,,PJ,same as 2050 for now,29.01.2025,Nikita Moskalenko <nim@wip.tu-berlin.de>
World,X_Biofuel,Biomass,1,2060,1.4286,,PJ,same as 2050 for now,29.01.2025,Nikita Moskalenko <nim@wip.tu-berlin.de>
World,X_DAC_HT,Air,1,All,1,,Unit,irrelevant,04.09.2024,Nikita Moskalenko <nim@wip.tu-berlin.de>
World,X_DAC_HT,Power,1,2018,5.724,,PJ,Energy Agency Denmark (2024): Liquid DAC,04.09.2024,Nikita Moskalenko <nim@wip.tu-berlin.de>
World,X_DAC_HT,Power,1,2020,5.724,,PJ,Energy Agency Denmark (2024): Liquid DAC,04.09.2024,Nikita Moskalenko <nim@wip.tu-berlin.de>
World,X_DAC_HT,Power,1,2025,5.2488,,PJ,Energy Agency Denmark (2024): Liquid DAC,04.09.2024,Nikita Moskalenko <nim@wip.tu-berlin.de>
World,X_DAC_HT,Power,1,2030,4.986,,PJ,Energy Agency Denmark (2024): Liquid DAC,04.09.2024,Nikita Moskalenko <nim@wip.tu-berlin.de>
World,X_DAC_HT,Power,1,2035,4.986,,PJ,Energy Agency Denmark (2024): Liquid DAC,04.09.2024,Nikita Moskalenko <nim@wip.tu-berlin.de>
World,X_DAC_HT,Power,1,2040,4.986,,PJ,Energy Agency Denmark (2024): Liquid DAC,04.09.2024,Nikita Moskalenko <nim@wip.tu-berlin.de>
World,X_DAC_HT,Power,1,2045,4.8618,,PJ,Energy Agency Denmark (2024): Liquid DAC,04.09.2024,Nikita Moskalenko <nim@wip.tu-berlin.de>
World,X_DAC_HT,Power,1,2050,4.7376,,PJ,Energy Agency Denmark (2024): Liquid DAC,04.09.2024,Nikita Moskalenko <nim@wip.tu-berlin.de>
World,X_DAC_HT,Power,1,2055,4.7376,,PJ,same as 2050 for now,29.01.2025,Nikita Moskalenko <nim@wip.tu-berlin.de>
World,X_DAC_HT,Power,1,2060,4.7376,,PJ,same as 2050 for now,29.01.2025,Nikita Moskalenko <nim@wip.tu-berlin.de>
World,X_DAC_LT,Air,1,All,1,,Unit,irrelevant,04.09.2024,Nikita Moskalenko <nim@wip.tu-berlin.de>
World,X_DAC_LT,Heat_Low_Industrial,1,2018,6.66,,PJ,Energy Agency Denmark (2024): Solid DAC,04.09.2024,Nikita Moskalenko <nim@wip.tu-berlin.de>
World,X_DAC_LT,Heat_Low_Industrial,1,2020,6.3,,PJ,Energy Agency Denmark (2024): Solid DAC,04.09.2024,Nikita Moskalenko <nim@wip.tu-berlin.de>
World,X_DAC_LT,Heat_Low_Industrial,1,2025,5.4,,PJ,Energy Agency Denmark (2024): Solid DAC,04.09.2024,Nikita Moskalenko <nim@wip.tu-berlin.de>
World,X_DAC_LT,Heat_Low_Industrial,1,2030,5.4,,PJ,Energy Agency Denmark (2024): Solid DAC,04.09.2024,Nikita Moskalenko <nim@wip.tu-berlin.de>
World,X_DAC_LT,Heat_Low_Industrial,1,2035,5.0148,,PJ,Energy Agency Denmark (2024): Solid DAC,04.09.2024,Nikita Moskalenko <nim@wip.tu-berlin.de>
World,X_DAC_LT,Heat_Low_Industrial,1,2040,4.6296,,PJ,Energy Agency Denmark (2024): Solid DAC,04.09.2024,Nikita Moskalenko <nim@wip.tu-berlin.de>
World,X_DAC_LT,Heat_Low_Industrial,1,2045,4.2984,,PJ,Energy Agency Denmark (2024): Solid DAC,04.09.2024,Nikita Moskalenko <nim@wip.tu-berlin.de>
World,X_DAC_LT,Heat_Low_Industrial,1,2050,3.9672,,PJ,Energy Agency Denmark (2024): Solid DAC,04.09.2024,Nikita Moskalenko <nim@wip.tu-berlin.de>
World,X_DAC_LT,Heat_Low_Industrial,1,2055,3.9672,,PJ,same as 2050 for now,29.01.2025,Nikita Moskalenko <nim@wip.tu-berlin.de>
World,X_DAC_LT,Heat_Low_Industrial,1,2060,3.9672,,PJ,same as 2050 for now,29.01.2025,Nikita Moskalenko <nim@wip.tu-berlin.de>
World,X_DAC_LT,Power,1,2018,0.9,,PJ,Energy Agency Denmark (2024): Solid DAC,04.09.2024,Nikita Moskalenko <nim@wip.tu-berlin.de>
World,X_DAC_LT,Power,1,2020,0.9,,PJ,Energy Agency Denmark (2024): Solid DAC,04.09.2024,Nikita Moskalenko <nim@wip.tu-berlin.de>
World,X_DAC_LT,Power,1,2025,0.9,,PJ,Energy Agency Denmark (2024): Solid DAC,04.09.2024,Nikita Moskalenko <nim@wip.tu-berlin.de>
World,X_DAC_LT,Power,1,2030,0.81,,PJ,Energy Agency Denmark (2024): Solid DAC,04.09.2024,Nikita Moskalenko <nim@wip.tu-berlin.de>
World,X_DAC_LT,Power,1,2035,0.7704,,PJ,Energy Agency Denmark (2024): Solid DAC,04.09.2024,Nikita Moskalenko <nim@wip.tu-berlin.de>
World,X_DAC_LT,Power,1,2040,0.7308,,PJ,Energy Agency Denmark (2024): Solid DAC,04.09.2024,Nikita Moskalenko <nim@wip.tu-berlin.de>
World,X_DAC_LT,Power,1,2045,0.693,,PJ,Energy Agency Denmark (2024): Solid DAC,04.09.2024,Nikita Moskalenko <nim@wip.tu-berlin.de>
World,X_DAC_LT,Power,1,2050,0.6552,,PJ,Energy Agency Denmark (2024): Solid DAC,04.09.2024,Nikita Moskalenko <nim@wip.tu-berlin.de>
World,X_DAC_LT,Power,1,2055,0.6552,,PJ,same as 2050 for now,29.01.2025,Nikita Moskalenko <nim@wip.tu-berlin.de>
World,X_DAC_LT,Power,1,2060,0.6552,,PJ,same as 2050 for now,29.01.2025,Nikita Moskalenko <nim@wip.tu-berlin.de>
World,X_Electrolysis,Power,1,2018,1.7507,,PJ,Energy Agency Denmark (2024): AEC,03.09.2024,Nikita Moskalenko <nim@wip.tu-berlin.de>
World,X_Electrolysis,Power,1,2020,1.7323,,PJ,Energy Agency Denmark (2024): AEC,03.09.2024,Nikita Moskalenko <nim@wip.tu-berlin.de>
World,X_Electrolysis,Power,1,2025,1.7024,,PJ,Energy Agency Denmark (2024): AEC,03.09.2024,Nikita Moskalenko <nim@wip.tu-berlin.de>
World,X_Electrolysis,Power,1,2030,1.6086,,PJ,Energy Agency Denmark (2024): AEC,03.09.2024,Nikita Moskalenko <nim@wip.tu-berlin.de>
World,X_Electrolysis,Power,1,2035,1.5688,,PJ,Energy Agency Denmark (2024): AEC,03.09.2024,Nikita Moskalenko <nim@wip.tu-berlin.de>
World,X_Electrolysis,Power,1,2040,1.5309,,PJ,Energy Agency Denmark (2024): AEC,03.09.2024,Nikita Moskalenko <nim@wip.tu-berlin.de>
World,X_Electrolysis,Power,1,2045,1.4786,,PJ,Energy Agency Denmark (2024): AEC,03.09.2024,Nikita Moskalenko <nim@wip.tu-berlin.de>
World,X_Electrolysis,Power,1,2050,1.4297,,PJ,Energy Agency Denmark (2024): AEC,03.09.2024,Nikita Moskalenko <nim@wip.tu-berlin.de>
World,X_Electrolysis,Power,1,2055,1.4297,,PJ,same as 2050 for now,29.01.2025,Nikita Moskalenko <nim@wip.tu-berlin.de>
World,X_Electrolysis,Power,1,2060,1.4297,,PJ,same as 2050 for now,29.01.2025,Nikita Moskalenko <nim@wip.tu-berlin.de>
World,X_Gasifier,LNG,1,All,1.0101,,PJ,PospÃƒÂ­Ã…Â¡il et al. (2019): https://doi.org/10.1016/j.rser.2018.09.027,04.09.2024,Nikita Moskalenko <nim@wip.tu-berlin.de>
World,X_Gasifier,LBG,2,All,1.0101,,PJ,PospÃƒÂ­Ã…Â¡il et al. (2019): https://doi.org/10.1016/j.rser.2018.09.035,04.09.2024,Nikita Moskalenko <nim@wip.tu-berlin.de>
World,X_Gasifier,LSG,3,All,1.0101,,PJ,PospÃƒÂ­Ã…Â¡il et al. (2019): https://doi.org/10.1016/j.rser.2018.09.043,04.09.2024,Nikita Moskalenko <nim@wip.tu-berlin.de>
World,X_Gasifier,LH2,4,All,1.0101,,PJ,PospÃƒÂ­Ã…Â¡il et al. (2019): https://doi.org/10.1016/j.rser.2018.09.051,04.09.2024,Nikita Moskalenko <nim@wip.tu-berlin.de>
World,X_Liquifier,Gas_Natural,1,All,1.0132,,PJ,FVV (2016): Renewables in Transport 2050,04.09.2024,Nikita Moskalenko <nim@wip.tu-berlin.de>
World,X_Liquifier,Gas_Bio,2,All,1.0132,,PJ,FVV (2016): Renewables in Transport 2050,04.09.2024,Nikita Moskalenko <nim@wip.tu-berlin.de>
World,X_Liquifier,Gas_Synth,3,All,1.0132,,PJ,FVV (2016): Renewables in Transport 2050,04.09.2024,Nikita Moskalenko <nim@wip.tu-berlin.de>
World,X_Liquifier,H2,4,All,1.05,,PJ,Concawe and Aramco (2024): E-Fuels: A techno-economic assessment [...]: ISBN: 978-2-87567-184-4,04.09.2024,Nikita Moskalenko <nim@wip.tu-berlin.de>
World,X_Methanation,H2,1,All,1.278,,PJ,EU reference scenario 2020 - Methanation  (per 1 kW or 1 MWh CH4 HHV),09.10.2024,Stian Backe <stian.backe@sintef.no>
World,X_Methanation,Biomass,2,All,1.5385,,PJ,"https://www.sciencedirect.com/science/article/pii/S0016236124017071 (upper CH4 value, 65%)",22.01.2025,Konstantin Loffler <kl@wip.tu-berlin.de>
World,X_PEM_Electrolysis,Power,1,2018,1.9557,,PJ,Energy Agency Denmark (2024): PEMEC,03.09.2024,Nikita Moskalenko <nim@wip.tu-berlin.de>
World,X_PEM_Electrolysis,Power,1,2020,1.9017,,PJ,Energy Agency Denmark (2024): PEMEC,03.09.2024,Nikita Moskalenko <nim@wip.tu-berlin.de>
World,X_PEM_Electrolysis,Power,1,2025,1.8181,,PJ,Energy Agency Denmark (2024): PEMEC,03.09.2024,Nikita Moskalenko <nim@wip.tu-berlin.de>
World,X_PEM_Electrolysis,Power,1,2030,1.7095,,PJ,Energy Agency Denmark (2024): PEMEC,03.09.2024,Nikita Moskalenko <nim@wip.tu-berlin.de>
World,X_PEM_Electrolysis,Power,1,2035,1.6653,,PJ,Energy Agency Denmark (2024): PEMEC,03.09.2024,Nikita Moskalenko <nim@wip.tu-berlin.de>
World,X_PEM_Electrolysis,Power,1,2040,1.6235,,PJ,Energy Agency Denmark (2024): PEMEC,03.09.2024,Nikita Moskalenko <nim@wip.tu-berlin.de>
World,X_PEM_Electrolysis,Power,1,2045,1.5627,,PJ,Energy Agency Denmark (2024): Hydrogen to jet,03.09.2024,Nikita Moskalenko <nim@wip.tu-berlin.de>
World,X_PEM_Electrolysis,Power,1,2050,1.5063,,PJ,Energy Agency Denmark (2024): Hydrogen to jet,03.09.2024,Nikita Moskalenko <nim@wip.tu-berlin.de>
World,X_PEM_Electrolysis,Power,1,2055,1.5063,,PJ,same as 2050 for now,29.01.2025,Nikita Moskalenko <nim@wip.tu-berlin.de>
World,X_PEM_Electrolysis,Power,1,2060,1.5063,,PJ,same as 2050 for now,29.01.2025,Nikita Moskalenko <nim@wip.tu-berlin.de>
World,X_Powerfuel,H2,1,2018,1.592,,PJ,Energy Agency Denmark (2024): Hydrogen to jet,03.09.2024,Nikita Moskalenko <nim@wip.tu-berlin.de>
World,X_Powerfuel,H2,1,2020,1.5308,,PJ,Energy Agency Denmark (2024): Hydrogen to jet,03.09.2024,Nikita Moskalenko <nim@wip.tu-berlin.de>
World,X_Powerfuel,H2,1,2025,1.4214,,PJ,Energy Agency Denmark (2024): Hydrogen to jet,03.09.2024,Nikita Moskalenko <nim@wip.tu-berlin.de>
World,X_Powerfuel,H2,1,2030,1.363,,PJ,Energy Agency Denmark (2024): Hydrogen to jet,03.09.2024,Nikita Moskalenko <nim@wip.tu-berlin.de>
World,X_Powerfuel,H2,1,2035,1.3446,,PJ,Energy Agency Denmark (2024): Hydrogen to jet,03.09.2024,Nikita Moskalenko <nim@wip.tu-berlin.de>
World,X_Powerfuel,H2,1,2040,1.3267,,PJ,Energy Agency Denmark (2024): Hydrogen to jet,03.09.2024,Nikita Moskalenko <nim@wip.tu-berlin.de>
World,X_Powerfuel,H2,1,2045,1.3267,,PJ,Energy Agency Denmark (2024): Hydrogen to jet,03.09.2024,Nikita Moskalenko <nim@wip.tu-berlin.de>
World,X_Powerfuel,H2,1,2050,1.3267,,PJ,Energy Agency Denmark (2024): Hydrogen to jet,03.09.2024,Nikita Moskalenko <nim@wip.tu-berlin.de>
World,X_Powerfuel,H2,1,2055,1.3267,,PJ,same as 2050 for now,29.01.2025,Nikita Moskalenko <nim@wip.tu-berlin.de>
World,X_Powerfuel,H2,1,2060,1.3267,,PJ,same as 2050 for now,29.01.2025,Nikita Moskalenko <nim@wip.tu-berlin.de>
World,X_Powerfuel,Power,1,2018,0.008,,PJ,Energy Agency Denmark (2024): Hydrogen to jet,03.09.2024,Nikita Moskalenko <nim@wip.tu-berlin.de>
World,X_Powerfuel,Power,1,2020,0.0077,,PJ,Energy Agency Denmark (2024): Hydrogen to jet,03.09.2024,Nikita Moskalenko <nim@wip.tu-berlin.de>
World,X_Powerfuel,Power,1,2025,0.0071,,PJ,Energy Agency Denmark (2024): Hydrogen to jet,03.09.2024,Nikita Moskalenko <nim@wip.tu-berlin.de>
World,X_Powerfuel,Power,1,2030,0.0068,,PJ,Energy Agency Denmark (2024): Hydrogen to jet,03.09.2024,Nikita Moskalenko <nim@wip.tu-berlin.de>
World,X_Powerfuel,Power,1,2035,0.0068,,PJ,Energy Agency Denmark (2024): Hydrogen to jet,03.09.2024,Nikita Moskalenko <nim@wip.tu-berlin.de>
World,X_Powerfuel,Power,1,2040,0.0067,,PJ,Energy Agency Denmark (2024): Hydrogen to jet,03.09.2024,Nikita Moskalenko <nim@wip.tu-berlin.de>
World,X_Powerfuel,Power,1,2045,0.0067,,PJ,Energy Agency Denmark (2024): Hydrogen to jet,03.09.2024,Nikita Moskalenko <nim@wip.tu-berlin.de>
World,X_Powerfuel,Power,1,2050,0.0067,,PJ,Energy Agency Denmark (2024): Hydrogen to jet,03.09.2024,Nikita Moskalenko <nim@wip.tu-berlin.de>
World,X_Powerfuel,Power,1,2055,0.0067,,PJ,same as 2050 for now,29.01.2025,Nikita Moskalenko <nim@wip.tu-berlin.de>
World,X_Powerfuel,Power,1,2060,0.0067,,PJ,same as 2050 for now,29.01.2025,Nikita Moskalenko <nim@wip.tu-berlin.de>
World,X_SMR,Gas_Natural,1,All,1.5,,PJ,Oni et al. 20222: https://doi.org/10.1016/j.enconman.2022.115245,10.04.2026,Nikita Moskalenko <nim@wip.tu-berlin.de>
World,X_SMR,Power,1,All,0.0288,,PJ,Oni et al. 20222: https://doi.org/10.1016/j.enconman.2022.115245,10.04.2026,Nikita Moskalenko <nim@wip.tu-berlin.de>
World,X_SOEC_Electrolysis,Heat_Medium_Industrial,1,2018,0.3148,,PJ,Energy Agency Denmark (2024): SOEC,03.09.2024,Nikita Moskalenko <nim@wip.tu-berlin.de>
World,X_SOEC_Electrolysis,Heat_Medium_Industrial,1,2020,0.3108,,PJ,Energy Agency Denmark (2024): SOEC,03.09.2024,Nikita Moskalenko <nim@wip.tu-berlin.de>
World,X_SOEC_Electrolysis,Heat_Medium_Industrial,1,2025,0.3042,,PJ,Energy Agency Denmark (2024): SOEC,03.09.2024,Nikita Moskalenko <nim@wip.tu-berlin.de>
World,X_SOEC_Electrolysis,Heat_Medium_Industrial,1,2030,0.2802,,PJ,Energy Agency Denmark (2024): SOEC,03.09.2024,Nikita Moskalenko <nim@wip.tu-berlin.de>
World,X_SOEC_Electrolysis,Heat_Medium_Industrial,1,2035,0.2719,,PJ,Energy Agency Denmark (2024): SOEC,03.09.2024,Nikita Moskalenko <nim@wip.tu-berlin.de>
World,X_SOEC_Electrolysis,Heat_Medium_Industrial,1,2040,0.2637,,PJ,Energy Agency Denmark (2024): SOEC,03.09.2024,Nikita Moskalenko <nim@wip.tu-berlin.de>
World,X_SOEC_Electrolysis,Heat_Medium_Industrial,1,2045,0.2601,,PJ,Energy Agency Denmark (2024): SOEC,03.09.2024,Nikita Moskalenko <nim@wip.tu-berlin.de>
World,X_SOEC_Electrolysis,Heat_Medium_Industrial,1,2050,0.2567,,PJ,Energy Agency Denmark (2024): SOEC,03.09.2024,Nikita Moskalenko <nim@wip.tu-berlin.de>
World,X_SOEC_Electrolysis,Heat_Medium_Industrial,1,2055,0.2567,,PJ,same as 2050 for now,29.01.2025,Nikita Moskalenko <nim@wip.tu-berlin.de>
World,X_SOEC_Electrolysis,Heat_Medium_Industrial,1,2060,0.2567,,PJ,same as 2050 for now,29.01.2025,Nikita Moskalenko <nim@wip.tu-berlin.de>
World,X_SOEC_Electrolysis,Power,1,2018,1.2209,,PJ,Energy Agency Denmark (2024): SOEC,03.09.2024,Nikita Moskalenko <nim@wip.tu-berlin.de>
World,X_SOEC_Electrolysis,Power,1,2020,1.2051,,PJ,Energy Agency Denmark (2024): SOEC,03.09.2024,Nikita Moskalenko <nim@wip.tu-berlin.de>
World,X_SOEC_Electrolysis,Power,1,2025,1.1797,,PJ,Energy Agency Denmark (2024): SOEC,03.09.2024,Nikita Moskalenko <nim@wip.tu-berlin.de>
World,X_SOEC_Electrolysis,Power,1,2030,1.1568,,PJ,Energy Agency Denmark (2024): SOEC,03.09.2024,Nikita Moskalenko <nim@wip.tu-berlin.de>
World,X_SOEC_Electrolysis,Power,1,2035,1.1554,,PJ,Energy Agency Denmark (2024): SOEC,03.09.2024,Nikita Moskalenko <nim@wip.tu-berlin.de>
World,X_SOEC_Electrolysis,Power,1,2040,1.1539,,PJ,Energy Agency Denmark (2024): SOEC,03.09.2024,Nikita Moskalenko <nim@wip.tu-berlin.de>
World,X_SOEC_Electrolysis,Power,1,2045,1.1384,,PJ,Energy Agency Denmark (2024): SOEC,03.09.2024,Nikita Moskalenko <nim@wip.tu-berlin.de>
World,X_SOEC_Electrolysis,Power,1,2050,1.1233,,PJ,Energy Agency Denmark (2024): SOEC,03.09.2024,Nikita Moskalenko <nim@wip.tu-berlin.de>
World,X_SOEC_Electrolysis,Power,1,2055,1.1233,,PJ,same as 2050 for now,29.01.2025,Nikita Moskalenko <nim@wip.tu-berlin.de>
World,X_SOEC_Electrolysis,Power,1,2060,1.1233,,PJ,same as 2050 for now,29.01.2025,Nikita Moskalenko <nim@wip.tu-berlin.de>
World,Z_ETS_Buy,ETS,1,All,1,,Unit,irrelevant,04.09.2024,Nikita Moskalenko <nim@wip.tu-berlin.de>
World,Z_ETS_Sell,ETS_Source,1,All,1,,Unit,irrelevant,04.09.2024,Nikita Moskalenko <nim@wip.tu-berlin.de>
AT,X_Convert_HD,Heat_District,1,All,1.1538,,PJ,European Commission 2021: Overview of District Heating and Cooling Markets and Regulatory Frameworks under the Revised Renewable Energy Directive,26.02.2026,Nikita Moskalenko <nim@wip.tu-berlin.de>
BG,X_Convert_HD,Heat_District,1,All,1.3201,,PJ,European Commission 2021: Overview of District Heating and Cooling Markets and Regulatory Frameworks under the Revised Renewable Energy Directive,26.02.2026,Nikita Moskalenko <nim@wip.tu-berlin.de>
HR,X_Convert_HD,Heat_District,1,All,1.2327,,PJ,European Commission 2021: Overview of District Heating and Cooling Markets and Regulatory Frameworks under the Revised Renewable Energy Directive,26.02.2026,Nikita Moskalenko <nim@wip.tu-berlin.de>
CZ,X_Convert_HD,Heat_District,1,All,1.4646,,PJ,European Commission 2021: Overview of District Heating and Cooling Markets and Regulatory Frameworks under the Revised Renewable Energy Directive,26.02.2026,Nikita Moskalenko <nim@wip.tu-berlin.de>
DK,X_Convert_HD,Heat_District,1,All,1.2267,,PJ,European Commission 2021: Overview of District Heating and Cooling Markets and Regulatory Frameworks under the Revised Renewable Energy Directive,26.02.2026,Nikita Moskalenko <nim@wip.tu-berlin.de>
EE,X_Convert_HD,Heat_District,1,All,1.1839,,PJ,European Commission 2021: Overview of District Heating and Cooling Markets and Regulatory Frameworks under the Revised Renewable Energy Directive,26.02.2026,Nikita Moskalenko <nim@wip.tu-berlin.de>
FI,X_Convert_HD,Heat_District,1,All,1.1074,,PJ,European Commission 2021: Overview of District Heating and Cooling Markets and Regulatory Frameworks under the Revised Renewable Energy Directive,26.02.2026,Nikita Moskalenko <nim@wip.tu-berlin.de>
FR,X_Convert_HD,Heat_District,1,All,1.3173,,PJ,European Commission 2021: Overview of District Heating and Cooling Markets and Regulatory Frameworks under the Revised Renewable Energy Directive,26.02.2026,Nikita Moskalenko <nim@wip.tu-berlin.de>
DE,X_Convert_HD,Heat_District,1,All,1.3387,,PJ,European Commission 2021: Overview of District Heating and Cooling Markets and Regulatory Frameworks under the Revised Renewable Energy Directive,26.02.2026,Nikita Moskalenko <nim@wip.tu-berlin.de>
HU,X_Convert_HD,Heat_District,1,All,1.3092,,PJ,European Commission 2021: Overview of District Heating and Cooling Markets and Regulatory Frameworks under the Revised Renewable Energy Directive,26.02.2026,Nikita Moskalenko <nim@wip.tu-berlin.de>
IT,X_Convert_HD,Heat_District,1,All,1.209,,PJ,European Commission 2021: Overview of District Heating and Cooling Markets and Regulatory Frameworks under the Revised Renewable Energy Directive,26.02.2026,Nikita Moskalenko <nim@wip.tu-berlin.de>
LV,X_Convert_HD,Heat_District,1,All,1.2204,,PJ,European Commission 2021: Overview of District Heating and Cooling Markets and Regulatory Frameworks under the Revised Renewable Energy Directive,26.02.2026,Nikita Moskalenko <nim@wip.tu-berlin.de>
LT,X_Convert_HD,Heat_District,1,All,1.1773,,PJ,European Commission 2021: Overview of District Heating and Cooling Markets and Regulatory Frameworks under the Revised Renewable Energy Directive,26.02.2026,Nikita Moskalenko <nim@wip.tu-berlin.de>
NL,X_Convert_HD,Heat_District,1,All,1.2108,,PJ,European Commission 2021: Overview of District Heating and Cooling Markets and Regulatory Frameworks under the Revised Renewable Energy Directive,26.02.2026,Nikita Moskalenko <nim@wip.tu-berlin.de>
PL,X_Convert_HD,Heat_District,1,All,1.1447,,PJ,European Commission 2021: Overview of District Heating and Cooling Markets and Regulatory Frameworks under the Revised Renewable Energy Directive,26.02.2026,Nikita Moskalenko <nim@wip.tu-berlin.de>
RO,X_Convert_HD,Heat_District,1,All,1.4243,,PJ,European Commission 2021: Overview of District Heating and Cooling Markets and Regulatory Frameworks under the Revised Renewable Energy Directive,26.02.2026,Nikita Moskalenko <nim@wip.tu-berlin.de>
SK,X_Convert_HD,Heat_District,1,All,1.0654,,PJ,European Commission 2021: Overview of District Heating and Cooling Markets and Regulatory Frameworks under the Revised Renewable Energy Directive,26.02.2026,Nikita Moskalenko <nim@wip.tu-berlin.de>
SI,X_Convert_HD,Heat_District,1,All,1.2607,,PJ,European Commission 2021: Overview of District Heating and Cooling Markets and Regulatory Frameworks under the Revised Renewable Energy Directive,26.02.2026,Nikita Moskalenko <nim@wip.tu-berlin.de>
SE,X_Convert_HD,Heat_District,1,All,1.0534,,PJ,European Commission 2021: Overview of District Heating and Cooling Markets and Regulatory Frameworks under the Revised Renewable Energy Directive,26.02.2026,Nikita Moskalenko <nim@wip.tu-berlin.de>
UK,X_Convert_HD,Heat_District,1,All,1.1,,PJ,European Commission 2021: Overview of District Heating and Cooling Markets and Regulatory Frameworks under the Revised Renewable Energy Directive,26.02.2026,Nikita Moskalenko <nim@wip.tu-berlin.de>
NO,X_Convert_HD,Heat_District,1,All,1.1473,,PJ,European Commission 2021: Overview of District Heating and Cooling Markets and Regulatory Frameworks under the Revised Renewable Energy Directive,26.02.2026,Nikita Moskalenko <nim@wip.tu-berlin.de>
AT,X_Convert_HD,Heat_District,2,All,1.1538,,PJ,European Commission 2021: Overview of District Heating and Cooling Markets and Regulatory Frameworks under the Revised Renewable Energy Directive,26.02.2026,Nikita Moskalenko <nim@wip.tu-berlin.de>
BG,X_Convert_HD,Heat_District,2,All,1.3201,,PJ,European Commission 2021: Overview of District Heating and Cooling Markets and Regulatory Frameworks under the Revised Renewable Energy Directive,26.02.2026,Nikita Moskalenko <nim@wip.tu-berlin.de>
HR,X_Convert_HD,Heat_District,2,All,1.2327,,PJ,European Commission 2021: Overview of District Heating and Cooling Markets and Regulatory Frameworks under the Revised Renewable Energy Directive,26.02.2026,Nikita Moskalenko <nim@wip.tu-berlin.de>
CZ,X_Convert_HD,Heat_District,2,All,1.4646,,PJ,European Commission 2021: Overview of District Heating and Cooling Markets and Regulatory Frameworks under the Revised Renewable Energy Directive,26.02.2026,Nikita Moskalenko <nim@wip.tu-berlin.de>
DK,X_Convert_HD,Heat_District,2,All,1.2267,,PJ,European Commission 2021: Overview of District Heating and Cooling Markets and Regulatory Frameworks under the Revised Renewable Energy Directive,26.02.2026,Nikita Moskalenko <nim@wip.tu-berlin.de>
EE,X_Convert_HD,Heat_District,2,All,1.1839,,PJ,European Commission 2021: Overview of District Heating and Cooling Markets and Regulatory Frameworks under the Revised Renewable Energy Directive,26.02.2026,Nikita Moskalenko <nim@wip.tu-berlin.de>
FI,X_Convert_HD,Heat_District,2,All,1.1074,,PJ,European Commission 2021: Overview of District Heating and Cooling Markets and Regulatory Frameworks under the Revised Renewable Energy Directive,26.02.2026,Nikita Moskalenko <nim@wip.tu-berlin.de>
FR,X_Convert_HD,Heat_District,2,All,1.3173,,PJ,European Commission 2021: Overview of District Heating and Cooling Markets and Regulatory Frameworks under the Revised Renewable Energy Directive,26.02.2026,Nikita Moskalenko <nim@wip.tu-berlin.de>
DE,X_Convert_HD,Heat_District,2,All,1.3387,,PJ,European Commission 2021: Overview of District Heating and Cooling Markets and Regulatory Frameworks under the Revised Renewable Energy Directive,26.02.2026,Nikita Moskalenko <nim@wip.tu-berlin.de>
HU,X_Convert_HD,Heat_District,2,All,1.3092,,PJ,European Commission 2021: Overview of District Heating and Cooling Markets and Regulatory Frameworks under the Revised Renewable Energy Directive,26.02.2026,Nikita Moskalenko <nim@wip.tu-berlin.de>
IT,X_Convert_HD,Heat_District,2,All,1.209,,PJ,European Commission 2021: Overview of District Heating and Cooling Markets and Regulatory Frameworks under the Revised Renewable Energy Directive,26.02.2026,Nikita Moskalenko <nim@wip.tu-berlin.de>
LV,X_Convert_HD,Heat_District,2,All,1.2204,,PJ,European Commission 2021: Overview of District Heating and Cooling Markets and Regulatory Frameworks under the Revised Renewable Energy Directive,26.02.2026,Nikita Moskalenko <nim@wip.tu-berlin.de>
LT,X_Convert_HD,Heat_District,2,All,1.1773,,PJ,European Commission 2021: Overview of District Heating and Cooling Markets and Regulatory Frameworks under the Revised Renewable Energy Directive,26.02.2026,Nikita Moskalenko <nim@wip.tu-berlin.de>
NL,X_Convert_HD,Heat_District,2,All,1.2108,,PJ,European Commission 2021: Overview of District Heating and Cooling Markets and Regulatory Frameworks under the Revised Renewable Energy Directive,26.02.2026,Nikita Moskalenko <nim@wip.tu-berlin.de>
PL,X_Convert_HD,Heat_District,2,All,1.1447,,PJ,European Commission 2021: Overview of District Heating and Cooling Markets and Regulatory Frameworks under the Revised Renewable Energy Directive,26.02.2026,Nikita Moskalenko <nim@wip.tu-berlin.de>
RO,X_Convert_HD,Heat_District,2,All,1.4243,,PJ,European Commission 2021: Overview of District Heating and Cooling Markets and Regulatory Frameworks under the Revised Renewable Energy Directive,26.02.2026,Nikita Moskalenko <nim@wip.tu-berlin.de>
SK,X_Convert_HD,Heat_District,2,All,1.0654,,PJ,European Commission 2021: Overview of District Heating and Cooling Markets and Regulatory Frameworks under the Revised Renewable Energy Directive,26.02.2026,Nikita Moskalenko <nim@wip.tu-berlin.de>
SI,X_Convert_HD,Heat_District,2,All,1.2607,,PJ,European Commission 2021: Overview of District Heating and Cooling Markets and Regulatory Frameworks under the Revised Renewable Energy Directive,26.02.2026,Nikita Moskalenko <nim@wip.tu-berlin.de>
SE,X_Convert_HD,Heat_District,2,All,1.0534,,PJ,European Commission 2021: Overview of District Heating and Cooling Markets and Regulatory Frameworks under the Revised Renewable Energy Directive,26.02.2026,Nikita Moskalenko <nim@wip.tu-berlin.de>
UK,X_Convert_HD,Heat_District,2,All,1.1,,PJ,European Commission 2021: Overview of District Heating and Cooling Markets and Regulatory Frameworks under the Revised Renewable Energy Directive,26.02.2026,Nikita Moskalenko <nim@wip.tu-berlin.de>
NO,X_Convert_HD,Heat_District,2,All,1.1473,,PJ,European Commission 2021: Overview of District Heating and Cooling Markets and Regulatory Frameworks under the Revised Renewable Energy Directive,26.02.2026,Nikita Moskalenko <nim@wip.tu-berlin.de>
California,X_Convert_HD,Heat_District,1,All,1.3387,,PJ,dummy data - empty entry,26.02.2026,Nikita Moskalenko <nim@wip.tu-berlin.de>
California,X_Convert_HD,Heat_District,2,All,1.3387,,PJ,dummy data - empty entry,26.02.2026,Nikita Moskalenko <nim@wip.tu-berlin.de>
WECC,X_Convert_HD,Heat_District,1,All,1.3173,,PJ,dummy data - empty entry,26.02.2026,Nikita Moskalenko <nim@wip.tu-berlin.de>
WECC,X_Convert_HD,Heat_District,2,All,1.3173,,PJ,dummy data - empty entry,26.02.2026,Nikita Moskalenko <nim@wip.tu-berlin.de>
SPP,X_Convert_HD,Heat_District,1,All,1.2108,,PJ,dummy data - empty entry,26.02.2026,Nikita Moskalenko <nim@wip.tu-berlin.de>
SPP,X_Convert_HD,Heat_District,2,All,1.2108,,PJ,dummy data - empty entry,26.02.2026,Nikita Moskalenko <nim@wip.tu-berlin.de>
ERCOT,X_Convert_HD,Heat_District,1,All,1.1538,,PJ,dummy data - empty entry,26.02.2026,Nikita Moskalenko <nim@wip.tu-berlin.de>
ERCOT,X_Convert_HD,Heat_District,2,All,1.1538,,PJ,dummy data - empty entry,26.02.2026,Nikita Moskalenko <nim@wip.tu-berlin.de>
SERC,X_Convert_HD,Heat_District,1,All,1.4646,,PJ,dummy data - empty entry,26.02.2026,Nikita Moskalenko <nim@wip.tu-berlin.de>
SERC,X_Convert_HD,Heat_District,2,All,1.4646,,PJ,dummy data - empty entry,26.02.2026,Nikita Moskalenko <nim@wip.tu-berlin.de>
NewYork,X_Convert_HD,Heat_District,1,All,1.1447,,PJ,dummy data - empty entry,26.02.2026,Nikita Moskalenko <nim@wip.tu-berlin.de>
NewYork,X_Convert_HD,Heat_District,2,All,1.1447,,PJ,dummy data - empty entry,26.02.2026,Nikita Moskalenko <nim@wip.tu-berlin.de>
NewEngland,X_Convert_HD,Heat_District,1,All,1.209,,PJ,dummy data - empty entry,26.02.2026,Nikita Moskalenko <nim@wip.tu-berlin.de>
NewEngland,X_Convert_HD,Heat_District,2,All,1.209,,PJ,dummy data - empty entry,26.02.2026,Nikita Moskalenko <nim@wip.tu-berlin.de>
World,CHP_Biomass_Solid,Biomass,1,2026,2.48848,,PJ,interpolated,07.08.2024,Nikita Moskalenko <nim@wip.tu-berlin.de>
World,CHP_Biomass_Solid,Biomass,1,2027,2.48706,,PJ,interpolated,07.08.2024,Nikita Moskalenko <nim@wip.tu-berlin.de>
World,CHP_Biomass_Solid,Biomass,1,2028,2.48564,,PJ,interpolated,07.08.2024,Nikita Moskalenko <nim@wip.tu-berlin.de>
World,CHP_Biomass_Solid,Biomass,1,2029,2.48422,,PJ,interpolated,07.08.2024,Nikita Moskalenko <nim@wip.tu-berlin.de>
World,CHP_Biomass_Solid,Biomass,1,2031,2.48174,,PJ,interpolated,07.08.2024,Nikita Moskalenko <nim@wip.tu-berlin.de>
World,CHP_Biomass_Solid,Biomass,1,2032,2.48068,,PJ,interpolated,07.08.2024,Nikita Moskalenko <nim@wip.tu-berlin.de>
World,CHP_Biomass_Solid,Biomass,1,2033,2.47962,,PJ,interpolated,07.08.2024,Nikita Moskalenko <nim@wip.tu-berlin.de>
World,CHP_Biomass_Solid,Biomass,1,2034,2.47856,,PJ,interpolated,07.08.2024,Nikita Moskalenko <nim@wip.tu-berlin.de>
World,CHP_Biomass_Solid,Biomass,1,2036,2.47644,,PJ,interpolated,07.08.2024,Nikita Moskalenko <nim@wip.tu-berlin.de>
World,CHP_Biomass_Solid,Biomass,1,2037,2.47538,,PJ,interpolated,07.08.2024,Nikita Moskalenko <nim@wip.tu-berlin.de>
World,CHP_Biomass_Solid,Biomass,1,2038,2.47432,,PJ,interpolated,07.08.2024,Nikita Moskalenko <nim@wip.tu-berlin.de>
World,CHP_Biomass_Solid,Biomass,1,2039,2.47326,,PJ,interpolated,07.08.2024,Nikita Moskalenko <nim@wip.tu-berlin.de>
World,CHP_Biomass_Solid,Biomass,2,2026,3.44632,,PJ,interpolated,07.08.2024,Nikita Moskalenko <nim@wip.tu-berlin.de>
World,CHP_Biomass_Solid,Biomass,2,2027,3.44434,,PJ,interpolated,07.08.2024,Nikita Moskalenko <nim@wip.tu-berlin.de>
World,CHP_Biomass_Solid,Biomass,2,2028,3.44236,,PJ,interpolated,07.08.2024,Nikita Moskalenko <nim@wip.tu-berlin.de>
World,CHP_Biomass_Solid,Biomass,2,2029,3.44038,,PJ,interpolated,07.08.2024,Nikita Moskalenko <nim@wip.tu-berlin.de>
World,CHP_Biomass_Solid,Biomass,2,2031,3.43692,,PJ,interpolated,07.08.2024,Nikita Moskalenko <nim@wip.tu-berlin.de>
World,CHP_Biomass_Solid,Biomass,2,2032,3.43544,,PJ,interpolated,07.08.2024,Nikita Moskalenko <nim@wip.tu-berlin.de>
World,CHP_Biomass_Solid,Biomass,2,2033,3.43396,,PJ,interpolated,07.08.2024,Nikita Moskalenko <nim@wip.tu-berlin.de>
World,CHP_Biomass_Solid,Biomass,2,2034,3.43248,,PJ,interpolated,07.08.2024,Nikita Moskalenko <nim@wip.tu-berlin.de>
World,CHP_Biomass_Solid,Biomass,2,2036,3.42954,,PJ,interpolated,07.08.2024,Nikita Moskalenko <nim@wip.tu-berlin.de>
World,CHP_Biomass_Solid,Biomass,2,2037,3.42808,,PJ,interpolated,07.08.2024,Nikita Moskalenko <nim@wip.tu-berlin.de>
World,CHP_Biomass_Solid,Biomass,2,2038,3.42662,,PJ,interpolated,07.08.2024,Nikita Moskalenko <nim@wip.tu-berlin.de>
World,CHP_Biomass_Solid,Biomass,2,2039,3.42516,,PJ,interpolated,07.08.2024,Nikita Moskalenko <nim@wip.tu-berlin.de>
World,CHP_Biomass_Solid,Biomass,3,2026,1.8182,,PJ,interpolated,07.08.2024,Nikita Moskalenko <nim@wip.tu-berlin.de>
World,CHP_Biomass_Solid,Biomass,3,2027,1.8182,,PJ,interpolated,07.08.2024,Nikita Moskalenko <nim@wip.tu-berlin.de>
World,CHP_Biomass_Solid,Biomass,3,2028,1.8182,,PJ,interpolated,07.08.2024,Nikita Moskalenko <nim@wip.tu-berlin.de>
World,CHP_Biomass_Solid,Biomass,3,2029,1.8182,,PJ,interpolated,07.08.2024,Nikita Moskalenko <nim@wip.tu-berlin.de>
World,CHP_Biomass_Solid,Biomass,3,2031,1.8182,,PJ,interpolated,07.08.2024,Nikita Moskalenko <nim@wip.tu-berlin.de>
World,CHP_Biomass_Solid,Biomass,3,2032,1.8182,,PJ,interpolated,07.08.2024,Nikita Moskalenko <nim@wip.tu-berlin.de>
World,CHP_Biomass_Solid,Biomass,3,2033,1.8182,,PJ,interpolated,07.08.2024,Nikita Moskalenko <nim@wip.tu-berlin.de>
World,CHP_Biomass_Solid,Biomass,3,2034,1.8182,,PJ,interpolated,07.08.2024,Nikita Moskalenko <nim@wip.tu-berlin.de>
World,CHP_Biomass_Solid,Biomass,3,2036,1.8182,,PJ,interpolated,07.08.2024,Nikita Moskalenko <nim@wip.tu-berlin.de>
World,CHP_Biomass_Solid,Biomass,3,2037,1.8182,,PJ,interpolated,07.08.2024,Nikita Moskalenko <nim@wip.tu-berlin.de>
World,CHP_Biomass_Solid,Biomass,3,2038,1.8182,,PJ,interpolated,07.08.2024,Nikita Moskalenko <nim@wip.tu-berlin.de>
World,CHP_Biomass_Solid,Biomass,3,2039,1.8182,,PJ,interpolated,07.08.2024,Nikita Moskalenko <nim@wip.tu-berlin.de>
World,CHP_Biomass_Solid_CCS,Biomass,1,2026,2.76502,,PJ,interpolated,05.09.2024,Nikita Moskalenko <nim@wip.tu-berlin.de>
World,CHP_Biomass_Solid_CCS,Biomass,1,2027,2.76344,,PJ,interpolated,05.09.2024,Nikita Moskalenko <nim@wip.tu-berlin.de>
World,CHP_Biomass_Solid_CCS,Biomass,1,2028,2.76186,,PJ,interpolated,05.09.2024,Nikita Moskalenko <nim@wip.tu-berlin.de>
World,CHP_Biomass_Solid_CCS,Biomass,1,2029,2.76028,,PJ,interpolated,05.09.2024,Nikita Moskalenko <nim@wip.tu-berlin.de>
World,CHP_Biomass_Solid_CCS,Biomass,1,2031,2.75752,,PJ,interpolated,05.09.2024,Nikita Moskalenko <nim@wip.tu-berlin.de>
World,CHP_Biomass_Solid_CCS,Biomass,1,2032,2.75634,,PJ,interpolated,05.09.2024,Nikita Moskalenko <nim@wip.tu-berlin.de>
World,CHP_Biomass_Solid_CCS,Biomass,1,2033,2.75516,,PJ,interpolated,05.09.2024,Nikita Moskalenko <nim@wip.tu-berlin.de>
World,CHP_Biomass_Solid_CCS,Biomass,1,2034,2.75398,,PJ,interpolated,05.09.2024,Nikita Moskalenko <nim@wip.tu-berlin.de>
World,CHP_Biomass_Solid_CCS,Biomass,1,2036,2.75162,,PJ,interpolated,05.09.2024,Nikita Moskalenko <nim@wip.tu-berlin.de>
World,CHP_Biomass_Solid_CCS,Biomass,1,2037,2.75044,,PJ,interpolated,05.09.2024,Nikita Moskalenko <nim@wip.tu-berlin.de>
World,CHP_Biomass_Solid_CCS,Biomass,1,2038,2.74926,,PJ,interpolated,05.09.2024,Nikita Moskalenko <nim@wip.tu-berlin.de>
World,CHP_Biomass_Solid_CCS,Biomass,1,2039,2.74808,,PJ,interpolated,05.09.2024,Nikita Moskalenko <nim@wip.tu-berlin.de>
World,CHP_Biomass_Solid_CCS,Biomass,2,2026,3.8292,,PJ,interpolated,05.09.2024,Nikita Moskalenko <nim@wip.tu-berlin.de>
World,CHP_Biomass_Solid_CCS,Biomass,2,2027,3.827,,PJ,interpolated,05.09.2024,Nikita Moskalenko <nim@wip.tu-berlin.de>
World,CHP_Biomass_Solid_CCS,Biomass,2,2028,3.8248,,PJ,interpolated,05.09.2024,Nikita Moskalenko <nim@wip.tu-berlin.de>
World,CHP_Biomass_Solid_CCS,Biomass,2,2029,3.8226,,PJ,interpolated,05.09.2024,Nikita Moskalenko <nim@wip.tu-berlin.de>
World,CHP_Biomass_Solid_CCS,Biomass,2,2031,3.81876,,PJ,interpolated,05.09.2024,Nikita Moskalenko <nim@wip.tu-berlin.de>
World,CHP_Biomass_Solid_CCS,Biomass,2,2032,3.81712,,PJ,interpolated,05.09.2024,Nikita Moskalenko <nim@wip.tu-berlin.de>
World,CHP_Biomass_Solid_CCS,Biomass,2,2033,3.81548,,PJ,interpolated,05.09.2024,Nikita Moskalenko <nim@wip.tu-berlin.de>
World,CHP_Biomass_Solid_CCS,Biomass,2,2034,3.81384,,PJ,interpolated,05.09.2024,Nikita Moskalenko <nim@wip.tu-berlin.de>
World,CHP_Biomass_Solid_CCS,Biomass,2,2036,3.81058,,PJ,interpolated,05.09.2024,Nikita Moskalenko <nim@wip.tu-berlin.de>
World,CHP_Biomass_Solid_CCS,Biomass,2,2037,3.80896,,PJ,interpolated,05.09.2024,Nikita Moskalenko <nim@wip.tu-berlin.de>
World,CHP_Biomass_Solid_CCS,Biomass,2,2038,3.80734,,PJ,interpolated,05.09.2024,Nikita Moskalenko <nim@wip.tu-berlin.de>
World,CHP_Biomass_Solid_CCS,Biomass,2,2039,3.80572,,PJ,interpolated,05.09.2024,Nikita Moskalenko <nim@wip.tu-berlin.de>
World,CHP_Biomass_Solid_CCS,Biomass,3,2026,1.8182,,PJ,interpolated,05.09.2024,Nikita Moskalenko <nim@wip.tu-berlin.de>
World,CHP_Biomass_Solid_CCS,Biomass,3,2027,1.8182,,PJ,interpolated,05.09.2024,Nikita Moskalenko <nim@wip.tu-berlin.de>
World,CHP_Biomass_Solid_CCS,Biomass,3,2028,1.8182,,PJ,interpolated,05.09.2024,Nikita Moskalenko <nim@wip.tu-berlin.de>
World,CHP_Biomass_Solid_CCS,Biomass,3,2029,1.8182,,PJ,interpolated,05.09.2024,Nikita Moskalenko <nim@wip.tu-berlin.de>
World,CHP_Biomass_Solid_CCS,Biomass,3,2031,1.8182,,PJ,interpolated,05.09.2024,Nikita Moskalenko <nim@wip.tu-berlin.de>
World,CHP_Biomass_Solid_CCS,Biomass,3,2032,1.8182,,PJ,interpolated,05.09.2024,Nikita Moskalenko <nim@wip.tu-berlin.de>
World,CHP_Biomass_Solid_CCS,Biomass,3,2033,1.8182,,PJ,interpolated,05.09.2024,Nikita Moskalenko <nim@wip.tu-berlin.de>
World,CHP_Biomass_Solid_CCS,Biomass,3,2034,1.8182,,PJ,interpolated,05.09.2024,Nikita Moskalenko <nim@wip.tu-berlin.de>
World,CHP_Biomass_Solid_CCS,Biomass,3,2036,1.8182,,PJ,interpolated,05.09.2024,Nikita Moskalenko <nim@wip.tu-berlin.de>
World,CHP_Biomass_Solid_CCS,Biomass,3,2037,1.8182,,PJ,interpolated,05.09.2024,Nikita Moskalenko <nim@wip.tu-berlin.de>
World,CHP_Biomass_Solid_CCS,Biomass,3,2038,1.8182,,PJ,interpolated,05.09.2024,Nikita Moskalenko <nim@wip.tu-berlin.de>
World,CHP_Biomass_Solid_CCS,Biomass,3,2039,1.8182,,PJ,interpolated,05.09.2024,Nikita Moskalenko <nim@wip.tu-berlin.de>
World,CHP_Coal_Hardcoal,Hardcoal,1,2026,1.96878,,PJ,interpolated,27.08.2024,Nikita Moskalenko <nim@wip.tu-berlin.de>
World,CHP_Coal_Hardcoal,Hardcoal,1,2027,1.95736,,PJ,interpolated,27.08.2024,Nikita Moskalenko <nim@wip.tu-berlin.de>
World,CHP_Coal_Hardcoal,Hardcoal,1,2028,1.94594,,PJ,interpolated,27.08.2024,Nikita Moskalenko <nim@wip.tu-berlin.de>
World,CHP_Coal_Hardcoal,Hardcoal,1,2029,1.93452,,PJ,interpolated,27.08.2024,Nikita Moskalenko <nim@wip.tu-berlin.de>
World,CHP_Coal_Hardcoal,Hardcoal,1,2031,1.91944,,PJ,interpolated,27.08.2024,Nikita Moskalenko <nim@wip.tu-berlin.de>
World,CHP_Coal_Hardcoal,Hardcoal,1,2032,1.91578,,PJ,interpolated,27.08.2024,Nikita Moskalenko <nim@wip.tu-berlin.de>
World,CHP_Coal_Hardcoal,Hardcoal,1,2033,1.91212,,PJ,interpolated,27.08.2024,Nikita Moskalenko <nim@wip.tu-berlin.de>
World,CHP_Coal_Hardcoal,Hardcoal,1,2034,1.90846,,PJ,interpolated,27.08.2024,Nikita Moskalenko <nim@wip.tu-berlin.de>
World,CHP_Coal_Hardcoal,Hardcoal,1,2036,1.9012,,PJ,interpolated,27.08.2024,Nikita Moskalenko <nim@wip.tu-berlin.de>
World,CHP_Coal_Hardcoal,Hardcoal,1,2037,1.8976,,PJ,interpolated,27.08.2024,Nikita Moskalenko <nim@wip.tu-berlin.de>
World,CHP_Coal_Hardcoal,Hardcoal,1,2038,1.894,,PJ,interpolated,27.08.2024,Nikita Moskalenko <nim@wip.tu-berlin.de>
World,CHP_Coal_Hardcoal,Hardcoal,1,2039,1.8904,,PJ,interpolated,27.08.2024,Nikita Moskalenko <nim@wip.tu-berlin.de>
World,CHP_Coal_Hardcoal,Hardcoal,2,2026,2.28278,,PJ,interpolated,27.08.2024,Nikita Moskalenko <nim@wip.tu-berlin.de>
World,CHP_Coal_Hardcoal,Hardcoal,2,2027,2.26426,,PJ,interpolated,27.08.2024,Nikita Moskalenko <nim@wip.tu-berlin.de>
World,CHP_Coal_Hardcoal,Hardcoal,2,2028,2.24574,,PJ,interpolated,27.08.2024,Nikita Moskalenko <nim@wip.tu-berlin.de>
World,CHP_Coal_Hardcoal,Hardcoal,2,2029,2.22722,,PJ,interpolated,27.08.2024,Nikita Moskalenko <nim@wip.tu-berlin.de>
World,CHP_Coal_Hardcoal,Hardcoal,2,2031,2.20448,,PJ,interpolated,27.08.2024,Nikita Moskalenko <nim@wip.tu-berlin.de>
World,CHP_Coal_Hardcoal,Hardcoal,2,2032,2.20026,,PJ,interpolated,27.08.2024,Nikita Moskalenko <nim@wip.tu-berlin.de>
World,CHP_Coal_Hardcoal,Hardcoal,2,2033,2.19604,,PJ,interpolated,27.08.2024,Nikita Moskalenko <nim@wip.tu-berlin.de>
World,CHP_Coal_Hardcoal,Hardcoal,2,2034,2.19182,,PJ,interpolated,27.08.2024,Nikita Moskalenko <nim@wip.tu-berlin.de>
World,CHP_Coal_Hardcoal,Hardcoal,2,2036,2.18348,,PJ,interpolated,27.08.2024,Nikita Moskalenko <nim@wip.tu-berlin.de>
World,CHP_Coal_Hardcoal,Hardcoal,2,2037,2.17936,,PJ,interpolated,27.08.2024,Nikita Moskalenko <nim@wip.tu-berlin.de>
World,CHP_Coal_Hardcoal,Hardcoal,2,2038,2.17524,,PJ,interpolated,27.08.2024,Nikita Moskalenko <nim@wip.tu-berlin.de>
World,CHP_Coal_Hardcoal,Hardcoal,2,2039,2.17112,,PJ,interpolated,27.08.2024,Nikita Moskalenko <nim@wip.tu-berlin.de>
World,CHP_Coal_Hardcoal,Hardcoal,3,2026,1.8182,,PJ,interpolated,27.08.2024,Nikita Moskalenko <nim@wip.tu-berlin.de>
World,CHP_Coal_Hardcoal,Hardcoal,3,2027,1.8182,,PJ,interpolated,27.08.2024,Nikita Moskalenko <nim@wip.tu-berlin.de>
World,CHP_Coal_Hardcoal,Hardcoal,3,2028,1.8182,,PJ,interpolated,27.08.2024,Nikita Moskalenko <nim@wip.tu-berlin.de>
World,CHP_Coal_Hardcoal,Hardcoal,3,2029,1.8182,,PJ,interpolated,27.08.2024,Nikita Moskalenko <nim@wip.tu-berlin.de>
World,CHP_Coal_Hardcoal,Hardcoal,3,2031,1.8182,,PJ,interpolated,27.08.2024,Nikita Moskalenko <nim@wip.tu-berlin.de>
World,CHP_Coal_Hardcoal,Hardcoal,3,2032,1.8182,,PJ,interpolated,27.08.2024,Nikita Moskalenko <nim@wip.tu-berlin.de>
World,CHP_Coal_Hardcoal,Hardcoal,3,2033,1.8182,,PJ,interpolated,27.08.2024,Nikita Moskalenko <nim@wip.tu-berlin.de>
World,CHP_Coal_Hardcoal,Hardcoal,3,2034,1.8182,,PJ,interpolated,27.08.2024,Nikita Moskalenko <nim@wip.tu-berlin.de>
World,CHP_Coal_Hardcoal,Hardcoal,3,2036,1.8182,,PJ,interpolated,27.08.2024,Nikita Moskalenko <nim@wip.tu-berlin.de>
World,CHP_Coal_Hardcoal,Hardcoal,3,2037,1.8182,,PJ,interpolated,27.08.2024,Nikita Moskalenko <nim@wip.tu-berlin.de>
World,CHP_Coal_Hardcoal,Hardcoal,3,2038,1.8182,,PJ,interpolated,27.08.2024,Nikita Moskalenko <nim@wip.tu-berlin.de>
World,CHP_Coal_Hardcoal,Hardcoal,3,2039,1.8182,,PJ,interpolated,27.08.2024,Nikita Moskalenko <nim@wip.tu-berlin.de>
World,CHP_Coal_Hardcoal_CCS,Hardcoal,1,2026,2.18752,,PJ,interpolated,05.09.2024,Nikita Moskalenko <nim@wip.tu-berlin.de>
World,CHP_Coal_Hardcoal_CCS,Hardcoal,1,2027,2.17484,,PJ,interpolated,05.09.2024,Nikita Moskalenko <nim@wip.tu-berlin.de>
World,CHP_Coal_Hardcoal_CCS,Hardcoal,1,2028,2.16216,,PJ,interpolated,05.09.2024,Nikita Moskalenko <nim@wip.tu-berlin.de>
World,CHP_Coal_Hardcoal_CCS,Hardcoal,1,2029,2.14948,,PJ,interpolated,05.09.2024,Nikita Moskalenko <nim@wip.tu-berlin.de>
World,CHP_Coal_Hardcoal_CCS,Hardcoal,1,2031,2.13272,,PJ,interpolated,05.09.2024,Nikita Moskalenko <nim@wip.tu-berlin.de>
World,CHP_Coal_Hardcoal_CCS,Hardcoal,1,2032,2.12864,,PJ,interpolated,05.09.2024,Nikita Moskalenko <nim@wip.tu-berlin.de>
World,CHP_Coal_Hardcoal_CCS,Hardcoal,1,2033,2.12456,,PJ,interpolated,05.09.2024,Nikita Moskalenko <nim@wip.tu-berlin.de>
World,CHP_Coal_Hardcoal_CCS,Hardcoal,1,2034,2.12048,,PJ,interpolated,05.09.2024,Nikita Moskalenko <nim@wip.tu-berlin.de>
World,CHP_Coal_Hardcoal_CCS,Hardcoal,1,2036,2.1124,,PJ,interpolated,05.09.2024,Nikita Moskalenko <nim@wip.tu-berlin.de>
World,CHP_Coal_Hardcoal_CCS,Hardcoal,1,2037,2.1084,,PJ,interpolated,05.09.2024,Nikita Moskalenko <nim@wip.tu-berlin.de>
World,CHP_Coal_Hardcoal_CCS,Hardcoal,1,2038,2.1044,,PJ,interpolated,05.09.2024,Nikita Moskalenko <nim@wip.tu-berlin.de>
World,CHP_Coal_Hardcoal_CCS,Hardcoal,1,2039,2.1004,,PJ,interpolated,05.09.2024,Nikita Moskalenko <nim@wip.tu-berlin.de>
World,CHP_Coal_Hardcoal_CCS,Hardcoal,2,2026,2.53642,,PJ,interpolated,05.09.2024,Nikita Moskalenko <nim@wip.tu-berlin.de>
World,CHP_Coal_Hardcoal_CCS,Hardcoal,2,2027,2.51584,,PJ,interpolated,05.09.2024,Nikita Moskalenko <nim@wip.tu-berlin.de>
World,CHP_Coal_Hardcoal_CCS,Hardcoal,2,2028,2.49526,,PJ,interpolated,05.09.2024,Nikita Moskalenko <nim@wip.tu-berlin.de>
World,CHP_Coal_Hardcoal_CCS,Hardcoal,2,2029,2.47468,,PJ,interpolated,05.09.2024,Nikita Moskalenko <nim@wip.tu-berlin.de>
World,CHP_Coal_Hardcoal_CCS,Hardcoal,2,2031,2.44942,,PJ,interpolated,05.09.2024,Nikita Moskalenko <nim@wip.tu-berlin.de>
World,CHP_Coal_Hardcoal_CCS,Hardcoal,2,2032,2.44474,,PJ,interpolated,05.09.2024,Nikita Moskalenko <nim@wip.tu-berlin.de>
World,CHP_Coal_Hardcoal_CCS,Hardcoal,2,2033,2.44006,,PJ,interpolated,05.09.2024,Nikita Moskalenko <nim@wip.tu-berlin.de>
World,CHP_Coal_Hardcoal_CCS,Hardcoal,2,2034,2.43538,,PJ,interpolated,05.09.2024,Nikita Moskalenko <nim@wip.tu-berlin.de>
World,CHP_Coal_Hardcoal_CCS,Hardcoal,2,2036,2.42612,,PJ,interpolated,05.09.2024,Nikita Moskalenko <nim@wip.tu-berlin.de>
World,CHP_Coal_Hardcoal_CCS,Hardcoal,2,2037,2.42154,,PJ,interpolated,05.09.2024,Nikita Moskalenko <nim@wip.tu-berlin.de>
World,CHP_Coal_Hardcoal_CCS,Hardcoal,2,2038,2.41696,,PJ,interpolated,05.09.2024,Nikita Moskalenko <nim@wip.tu-berlin.de>
World,CHP_Coal_Hardcoal_CCS,Hardcoal,2,2039,2.41238,,PJ,interpolated,05.09.2024,Nikita Moskalenko <nim@wip.tu-berlin.de>
World,CHP_Coal_Hardcoal_CCS,Hardcoal,3,2026,1.8182,,PJ,interpolated,05.09.2024,Nikita Moskalenko <nim@wip.tu-berlin.de>
World,CHP_Coal_Hardcoal_CCS,Hardcoal,3,2027,1.8182,,PJ,interpolated,05.09.2024,Nikita Moskalenko <nim@wip.tu-berlin.de>
World,CHP_Coal_Hardcoal_CCS,Hardcoal,3,2028,1.8182,,PJ,interpolated,05.09.2024,Nikita Moskalenko <nim@wip.tu-berlin.de>
World,CHP_Coal_Hardcoal_CCS,Hardcoal,3,2029,1.8182,,PJ,interpolated,05.09.2024,Nikita Moskalenko <nim@wip.tu-berlin.de>
World,CHP_Coal_Hardcoal_CCS,Hardcoal,3,2031,1.8182,,PJ,interpolated,05.09.2024,Nikita Moskalenko <nim@wip.tu-berlin.de>
World,CHP_Coal_Hardcoal_CCS,Hardcoal,3,2032,1.8182,,PJ,interpolated,05.09.2024,Nikita Moskalenko <nim@wip.tu-berlin.de>
World,CHP_Coal_Hardcoal_CCS,Hardcoal,3,2033,1.8182,,PJ,interpolated,05.09.2024,Nikita Moskalenko <nim@wip.tu-berlin.de>
World,CHP_Coal_Hardcoal_CCS,Hardcoal,3,2034,1.8182,,PJ,interpolated,05.09.2024,Nikita Moskalenko <nim@wip.tu-berlin.de>
World,CHP_Coal_Hardcoal_CCS,Hardcoal,3,2036,1.8182,,PJ,interpolated,05.09.2024,Nikita Moskalenko <nim@wip.tu-berlin.de>
World,CHP_Coal_Hardcoal_CCS,Hardcoal,3,2037,1.8182,,PJ,interpolated,05.09.2024,Nikita Moskalenko <nim@wip.tu-berlin.de>
World,CHP_Coal_Hardcoal_CCS,Hardcoal,3,2038,1.8182,,PJ,interpolated,05.09.2024,Nikita Moskalenko <nim@wip.tu-berlin.de>
World,CHP_Coal_Hardcoal_CCS,Hardcoal,3,2039,1.8182,,PJ,interpolated,05.09.2024,Nikita Moskalenko <nim@wip.tu-berlin.de>
World,CHP_Coal_Lignite,Lignite,1,2026,1.96878,,PJ,interpolated,27.08.2024,Nikita Moskalenko <nim@wip.tu-berlin.de>
World,CHP_Coal_Lignite,Lignite,1,2027,1.95736,,PJ,interpolated,27.08.2024,Nikita Moskalenko <nim@wip.tu-berlin.de>
World,CHP_Coal_Lignite,Lignite,1,2028,1.94594,,PJ,interpolated,27.08.2024,Nikita Moskalenko <nim@wip.tu-berlin.de>
World,CHP_Coal_Lignite,Lignite,1,2029,1.93452,,PJ,interpolated,27.08.2024,Nikita Moskalenko <nim@wip.tu-berlin.de>
World,CHP_Coal_Lignite,Lignite,1,2031,1.91944,,PJ,interpolated,27.08.2024,Nikita Moskalenko <nim@wip.tu-berlin.de>
World,CHP_Coal_Lignite,Lignite,1,2032,1.91578,,PJ,interpolated,27.08.2024,Nikita Moskalenko <nim@wip.tu-berlin.de>
World,CHP_Coal_Lignite,Lignite,1,2033,1.91212,,PJ,interpolated,27.08.2024,Nikita Moskalenko <nim@wip.tu-berlin.de>
World,CHP_Coal_Lignite,Lignite,1,2034,1.90846,,PJ,interpolated,27.08.2024,Nikita Moskalenko <nim@wip.tu-berlin.de>
World,CHP_Coal_Lignite,Lignite,1,2036,1.9012,,PJ,interpolated,27.08.2024,Nikita Moskalenko <nim@wip.tu-berlin.de>
World,CHP_Coal_Lignite,Lignite,1,2037,1.8976,,PJ,interpolated,27.08.2024,Nikita Moskalenko <nim@wip.tu-berlin.de>
World,CHP_Coal_Lignite,Lignite,1,2038,1.894,,PJ,interpolated,27.08.2024,Nikita Moskalenko <nim@wip.tu-berlin.de>
World,CHP_Coal_Lignite,Lignite,1,2039,1.8904,,PJ,interpolated,27.08.2024,Nikita Moskalenko <nim@wip.tu-berlin.de>
World,CHP_Coal_Lignite,Lignite,2,2026,2.28278,,PJ,interpolated,27.08.2024,Nikita Moskalenko <nim@wip.tu-berlin.de>
World,CHP_Coal_Lignite,Lignite,2,2027,2.26426,,PJ,interpolated,27.08.2024,Nikita Moskalenko <nim@wip.tu-berlin.de>
World,CHP_Coal_Lignite,Lignite,2,2028,2.24574,,PJ,interpolated,27.08.2024,Nikita Moskalenko <nim@wip.tu-berlin.de>
World,CHP_Coal_Lignite,Lignite,2,2029,2.22722,,PJ,interpolated,27.08.2024,Nikita Moskalenko <nim@wip.tu-berlin.de>
World,CHP_Coal_Lignite,Lignite,2,2031,2.20448,,PJ,interpolated,27.08.2024,Nikita Moskalenko <nim@wip.tu-berlin.de>
World,CHP_Coal_Lignite,Lignite,2,2032,2.20026,,PJ,interpolated,27.08.2024,Nikita Moskalenko <nim@wip.tu-berlin.de>
World,CHP_Coal_Lignite,Lignite,2,2033,2.19604,,PJ,interpolated,27.08.2024,Nikita Moskalenko <nim@wip.tu-berlin.de>
World,CHP_Coal_Lignite,Lignite,2,2034,2.19182,,PJ,interpolated,27.08.2024,Nikita Moskalenko <nim@wip.tu-berlin.de>
World,CHP_Coal_Lignite,Lignite,2,2036,2.18348,,PJ,interpolated,27.08.2024,Nikita Moskalenko <nim@wip.tu-berlin.de>
World,CHP_Coal_Lignite,Lignite,2,2037,2.17936,,PJ,interpolated,27.08.2024,Nikita Moskalenko <nim@wip.tu-berlin.de>
World,CHP_Coal_Lignite,Lignite,2,2038,2.17524,,PJ,interpolated,27.08.2024,Nikita Moskalenko <nim@wip.tu-berlin.de>
World,CHP_Coal_Lignite,Lignite,2,2039,2.17112,,PJ,interpolated,27.08.2024,Nikita Moskalenko <nim@wip.tu-berlin.de>
World,CHP_Coal_Lignite,Lignite,3,2026,1.8182,,PJ,interpolated,27.08.2024,Nikita Moskalenko <nim@wip.tu-berlin.de>
World,CHP_Coal_Lignite,Lignite,3,2027,1.8182,,PJ,interpolated,27.08.2024,Nikita Moskalenko <nim@wip.tu-berlin.de>
World,CHP_Coal_Lignite,Lignite,3,2028,1.8182,,PJ,interpolated,27.08.2024,Nikita Moskalenko <nim@wip.tu-berlin.de>
World,CHP_Coal_Lignite,Lignite,3,2029,1.8182,,PJ,interpolated,27.08.2024,Nikita Moskalenko <nim@wip.tu-berlin.de>
World,CHP_Coal_Lignite,Lignite,3,2031,1.8182,,PJ,interpolated,27.08.2024,Nikita Moskalenko <nim@wip.tu-berlin.de>
World,CHP_Coal_Lignite,Lignite,3,2032,1.8182,,PJ,interpolated,27.08.2024,Nikita Moskalenko <nim@wip.tu-berlin.de>
World,CHP_Coal_Lignite,Lignite,3,2033,1.8182,,PJ,interpolated,27.08.2024,Nikita Moskalenko <nim@wip.tu-berlin.de>
World,CHP_Coal_Lignite,Lignite,3,2034,1.8182,,PJ,interpolated,27.08.2024,Nikita Moskalenko <nim@wip.tu-berlin.de>
World,CHP_Coal_Lignite,Lignite,3,2036,1.8182,,PJ,interpolated,27.08.2024,Nikita Moskalenko <nim@wip.tu-berlin.de>
World,CHP_Coal_Lignite,Lignite,3,2037,1.8182,,PJ,interpolated,27.08.2024,Nikita Moskalenko <nim@wip.tu-berlin.de>
World,CHP_Coal_Lignite,Lignite,3,2038,1.8182,,PJ,interpolated,27.08.2024,Nikita Moskalenko <nim@wip.tu-berlin.de>
World,CHP_Coal_Lignite,Lignite,3,2039,1.8182,,PJ,interpolated,27.08.2024,Nikita Moskalenko <nim@wip.tu-berlin.de>
World,CHP_Coal_Lignite_CCS,Lignite,1,2026,2.18752,,PJ,interpolated,05.09.2024,Nikita Moskalenko <nim@wip.tu-berlin.de>
World,CHP_Coal_Lignite_CCS,Lignite,1,2027,2.17484,,PJ,interpolated,05.09.2024,Nikita Moskalenko <nim@wip.tu-berlin.de>
World,CHP_Coal_Lignite_CCS,Lignite,1,2028,2.16216,,PJ,interpolated,05.09.2024,Nikita Moskalenko <nim@wip.tu-berlin.de>
World,CHP_Coal_Lignite_CCS,Lignite,1,2029,2.14948,,PJ,interpolated,05.09.2024,Nikita Moskalenko <nim@wip.tu-berlin.de>
World,CHP_Coal_Lignite_CCS,Lignite,1,2031,2.13272,,PJ,interpolated,05.09.2024,Nikita Moskalenko <nim@wip.tu-berlin.de>
World,CHP_Coal_Lignite_CCS,Lignite,1,2032,2.12864,,PJ,interpolated,05.09.2024,Nikita Moskalenko <nim@wip.tu-berlin.de>
World,CHP_Coal_Lignite_CCS,Lignite,1,2033,2.12456,,PJ,interpolated,05.09.2024,Nikita Moskalenko <nim@wip.tu-berlin.de>
World,CHP_Coal_Lignite_CCS,Lignite,1,2034,2.12048,,PJ,interpolated,05.09.2024,Nikita Moskalenko <nim@wip.tu-berlin.de>
World,CHP_Coal_Lignite_CCS,Lignite,1,2036,2.1124,,PJ,interpolated,05.09.2024,Nikita Moskalenko <nim@wip.tu-berlin.de>
World,CHP_Coal_Lignite_CCS,Lignite,1,2037,2.1084,,PJ,interpolated,05.09.2024,Nikita Moskalenko <nim@wip.tu-berlin.de>
World,CHP_Coal_Lignite_CCS,Lignite,1,2038,2.1044,,PJ,interpolated,05.09.2024,Nikita Moskalenko <nim@wip.tu-berlin.de>
World,CHP_Coal_Lignite_CCS,Lignite,1,2039,2.1004,,PJ,interpolated,05.09.2024,Nikita Moskalenko <nim@wip.tu-berlin.de>
World,CHP_Coal_Lignite_CCS,Lignite,2,2026,2.53642,,PJ,interpolated,05.09.2024,Nikita Moskalenko <nim@wip.tu-berlin.de>
World,CHP_Coal_Lignite_CCS,Lignite,2,2027,2.51584,,PJ,interpolated,05.09.2024,Nikita Moskalenko <nim@wip.tu-berlin.de>
World,CHP_Coal_Lignite_CCS,Lignite,2,2028,2.49526,,PJ,interpolated,05.09.2024,Nikita Moskalenko <nim@wip.tu-berlin.de>
World,CHP_Coal_Lignite_CCS,Lignite,2,2029,2.47468,,PJ,interpolated,05.09.2024,Nikita Moskalenko <nim@wip.tu-berlin.de>
World,CHP_Coal_Lignite_CCS,Lignite,2,2031,2.44942,,PJ,interpolated,05.09.2024,Nikita Moskalenko <nim@wip.tu-berlin.de>
World,CHP_Coal_Lignite_CCS,Lignite,2,2032,2.44474,,PJ,interpolated,05.09.2024,Nikita Moskalenko <nim@wip.tu-berlin.de>
World,CHP_Coal_Lignite_CCS,Lignite,2,2033,2.44006,,PJ,interpolated,05.09.2024,Nikita Moskalenko <nim@wip.tu-berlin.de>
World,CHP_Coal_Lignite_CCS,Lignite,2,2034,2.43538,,PJ,interpolated,05.09.2024,Nikita Moskalenko <nim@wip.tu-berlin.de>
World,CHP_Coal_Lignite_CCS,Lignite,2,2036,2.42612,,PJ,interpolated,05.09.2024,Nikita Moskalenko <nim@wip.tu-berlin.de>
World,CHP_Coal_Lignite_CCS,Lignite,2,2037,2.42154,,PJ,interpolated,05.09.2024,Nikita Moskalenko <nim@wip.tu-berlin.de>
World,CHP_Coal_Lignite_CCS,Lignite,2,2038,2.41696,,PJ,interpolated,05.09.2024,Nikita Moskalenko <nim@wip.tu-berlin.de>
World,CHP_Coal_Lignite_CCS,Lignite,2,2039,2.41238,,PJ,interpolated,05.09.2024,Nikita Moskalenko <nim@wip.tu-berlin.de>
World,CHP_Coal_Lignite_CCS,Lignite,3,2026,1.8182,,PJ,interpolated,05.09.2024,Nikita Moskalenko <nim@wip.tu-berlin.de>
World,CHP_Coal_Lignite_CCS,Lignite,3,2027,1.8182,,PJ,interpolated,05.09.2024,Nikita Moskalenko <nim@wip.tu-berlin.de>
World,CHP_Coal_Lignite_CCS,Lignite,3,2028,1.8182,,PJ,interpolated,05.09.2024,Nikita Moskalenko <nim@wip.tu-berlin.de>
World,CHP_Coal_Lignite_CCS,Lignite,3,2029,1.8182,,PJ,interpolated,05.09.2024,Nikita Moskalenko <nim@wip.tu-berlin.de>
World,CHP_Coal_Lignite_CCS,Lignite,3,2031,1.8182,,PJ,interpolated,05.09.2024,Nikita Moskalenko <nim@wip.tu-berlin.de>
World,CHP_Coal_Lignite_CCS,Lignite,3,2032,1.8182,,PJ,interpolated,05.09.2024,Nikita Moskalenko <nim@wip.tu-berlin.de>
World,CHP_Coal_Lignite_CCS,Lignite,3,2033,1.8182,,PJ,interpolated,05.09.2024,Nikita Moskalenko <nim@wip.tu-berlin.de>
World,CHP_Coal_Lignite_CCS,Lignite,3,2034,1.8182,,PJ,interpolated,05.09.2024,Nikita Moskalenko <nim@wip.tu-berlin.de>
World,CHP_Coal_Lignite_CCS,Lignite,3,2036,1.8182,,PJ,interpolated,05.09.2024,Nikita Moskalenko <nim@wip.tu-berlin.de>
World,CHP_Coal_Lignite_CCS,Lignite,3,2037,1.8182,,PJ,interpolated,05.09.2024,Nikita Moskalenko <nim@wip.tu-berlin.de>
World,CHP_Coal_Lignite_CCS,Lignite,3,2038,1.8182,,PJ,interpolated,05.09.2024,Nikita Moskalenko <nim@wip.tu-berlin.de>
World,CHP_Coal_Lignite_CCS,Lignite,3,2039,1.8182,,PJ,interpolated,05.09.2024,Nikita Moskalenko <nim@wip.tu-berlin.de>
World,CHP_Gas_CCGT_Biogas,Gas_Bio,1,2026,2.098,,PJ,interpolated,22.01.2025,Nikita Moskalenko <nim@wip.tu-berlin.de>
World,CHP_Gas_CCGT_Biogas,Gas_Bio,1,2027,2.0911,,PJ,interpolated,22.01.2025,Nikita Moskalenko <nim@wip.tu-berlin.de>
World,CHP_Gas_CCGT_Biogas,Gas_Bio,1,2028,2.0842,,PJ,interpolated,22.01.2025,Nikita Moskalenko <nim@wip.tu-berlin.de>
World,CHP_Gas_CCGT_Biogas,Gas_Bio,1,2029,2.0773,,PJ,interpolated,22.01.2025,Nikita Moskalenko <nim@wip.tu-berlin.de>
World,CHP_Gas_CCGT_Biogas,Gas_Bio,1,2031,2.06702,,PJ,interpolated,22.01.2025,Nikita Moskalenko <nim@wip.tu-berlin.de>
World,CHP_Gas_CCGT_Biogas,Gas_Bio,1,2032,2.06364,,PJ,interpolated,22.01.2025,Nikita Moskalenko <nim@wip.tu-berlin.de>
World,CHP_Gas_CCGT_Biogas,Gas_Bio,1,2033,2.06026,,PJ,interpolated,22.01.2025,Nikita Moskalenko <nim@wip.tu-berlin.de>
World,CHP_Gas_CCGT_Biogas,Gas_Bio,1,2034,2.05688,,PJ,interpolated,22.01.2025,Nikita Moskalenko <nim@wip.tu-berlin.de>
World,CHP_Gas_CCGT_Biogas,Gas_Bio,1,2036,2.0502,,PJ,interpolated,22.01.2025,Nikita Moskalenko <nim@wip.tu-berlin.de>
World,CHP_Gas_CCGT_Biogas,Gas_Bio,1,2037,2.0469,,PJ,interpolated,22.01.2025,Nikita Moskalenko <nim@wip.tu-berlin.de>
World,CHP_Gas_CCGT_Biogas,Gas_Bio,1,2038,2.0436,,PJ,interpolated,22.01.2025,Nikita Moskalenko <nim@wip.tu-berlin.de>
World,CHP_Gas_CCGT_Biogas,Gas_Bio,1,2039,2.0403,,PJ,interpolated,22.01.2025,Nikita Moskalenko <nim@wip.tu-berlin.de>
World,CHP_Gas_CCGT_Biogas,Gas_Bio,2,2026,2.26378,,PJ,interpolated,22.01.2025,Nikita Moskalenko <nim@wip.tu-berlin.de>
World,CHP_Gas_CCGT_Biogas,Gas_Bio,2,2027,2.25426,,PJ,interpolated,22.01.2025,Nikita Moskalenko <nim@wip.tu-berlin.de>
World,CHP_Gas_CCGT_Biogas,Gas_Bio,2,2028,2.24474,,PJ,interpolated,22.01.2025,Nikita Moskalenko <nim@wip.tu-berlin.de>
World,CHP_Gas_CCGT_Biogas,Gas_Bio,2,2029,2.23522,,PJ,interpolated,22.01.2025,Nikita Moskalenko <nim@wip.tu-berlin.de>
World,CHP_Gas_CCGT_Biogas,Gas_Bio,2,2031,2.22132,,PJ,interpolated,22.01.2025,Nikita Moskalenko <nim@wip.tu-berlin.de>
World,CHP_Gas_CCGT_Biogas,Gas_Bio,2,2032,2.21694,,PJ,interpolated,22.01.2025,Nikita Moskalenko <nim@wip.tu-berlin.de>
World,CHP_Gas_CCGT_Biogas,Gas_Bio,2,2033,2.21256,,PJ,interpolated,22.01.2025,Nikita Moskalenko <nim@wip.tu-berlin.de>
World,CHP_Gas_CCGT_Biogas,Gas_Bio,2,2034,2.20818,,PJ,interpolated,22.01.2025,Nikita Moskalenko <nim@wip.tu-berlin.de>
World,CHP_Gas_CCGT_Biogas,Gas_Bio,2,2036,2.19954,,PJ,interpolated,22.01.2025,Nikita Moskalenko <nim@wip.tu-berlin.de>
World,CHP_Gas_CCGT_Biogas,Gas_Bio,2,2037,2.19528,,PJ,interpolated,22.01.2025,Nikita Moskalenko <nim@wip.tu-berlin.de>
World,CHP_Gas_CCGT_Biogas,Gas_Bio,2,2038,2.19102,,PJ,interpolated,22.01.2025,Nikita Moskalenko <nim@wip.tu-berlin.de>
World,CHP_Gas_CCGT_Biogas,Gas_Bio,2,2039,2.18676,,PJ,interpolated,22.01.2025,Nikita Moskalenko <nim@wip.tu-berlin.de>
World,CHP_Gas_CCGT_Biogas,Gas_Bio,3,2026,2.098,,PJ,interpolated,22.01.2025,Nikita Moskalenko <nim@wip.tu-berlin.de>
World,CHP_Gas_CCGT_Biogas,Gas_Bio,3,2027,2.0911,,PJ,interpolated,22.01.2025,Nikita Moskalenko <nim@wip.tu-berlin.de>
World,CHP_Gas_CCGT_Biogas,Gas_Bio,3,2028,2.0842,,PJ,interpolated,22.01.2025,Nikita Moskalenko <nim@wip.tu-berlin.de>
World,CHP_Gas_CCGT_Biogas,Gas_Bio,3,2029,2.0773,,PJ,interpolated,22.01.2025,Nikita Moskalenko <nim@wip.tu-berlin.de>
World,CHP_Gas_CCGT_Biogas,Gas_Bio,3,2031,2.06702,,PJ,interpolated,22.01.2025,Nikita Moskalenko <nim@wip.tu-berlin.de>
World,CHP_Gas_CCGT_Biogas,Gas_Bio,3,2032,2.06364,,PJ,interpolated,22.01.2025,Nikita Moskalenko <nim@wip.tu-berlin.de>
World,CHP_Gas_CCGT_Biogas,Gas_Bio,3,2033,2.06026,,PJ,interpolated,22.01.2025,Nikita Moskalenko <nim@wip.tu-berlin.de>
World,CHP_Gas_CCGT_Biogas,Gas_Bio,3,2034,2.05688,,PJ,interpolated,22.01.2025,Nikita Moskalenko <nim@wip.tu-berlin.de>
World,CHP_Gas_CCGT_Biogas,Gas_Bio,3,2036,2.0502,,PJ,interpolated,22.01.2025,Nikita Moskalenko <nim@wip.tu-berlin.de>
World,CHP_Gas_CCGT_Biogas,Gas_Bio,3,2037,2.0469,,PJ,interpolated,22.01.2025,Nikita Moskalenko <nim@wip.tu-berlin.de>
World,CHP_Gas_CCGT_Biogas,Gas_Bio,3,2038,2.0436,,PJ,interpolated,22.01.2025,Nikita Moskalenko <nim@wip.tu-berlin.de>
World,CHP_Gas_CCGT_Biogas,Gas_Bio,3,2039,2.0403,,PJ,interpolated,22.01.2025,Nikita Moskalenko <nim@wip.tu-berlin.de>
World,CHP_Gas_CCGT_Biogas_CCS,Gas_Bio,1,2026,2.65506,,PJ,interpolated,22.01.2025,Nikita Moskalenko <nim@wip.tu-berlin.de>
World,CHP_Gas_CCGT_Biogas_CCS,Gas_Bio,1,2027,2.64402,,PJ,interpolated,22.01.2025,Nikita Moskalenko <nim@wip.tu-berlin.de>
World,CHP_Gas_CCGT_Biogas_CCS,Gas_Bio,1,2028,2.63298,,PJ,interpolated,22.01.2025,Nikita Moskalenko <nim@wip.tu-berlin.de>
World,CHP_Gas_CCGT_Biogas_CCS,Gas_Bio,1,2029,2.62194,,PJ,interpolated,22.01.2025,Nikita Moskalenko <nim@wip.tu-berlin.de>
World,CHP_Gas_CCGT_Biogas_CCS,Gas_Bio,1,2031,2.60556,,PJ,interpolated,22.01.2025,Nikita Moskalenko <nim@wip.tu-berlin.de>
World,CHP_Gas_CCGT_Biogas_CCS,Gas_Bio,1,2032,2.60022,,PJ,interpolated,22.01.2025,Nikita Moskalenko <nim@wip.tu-berlin.de>
World,CHP_Gas_CCGT_Biogas_CCS,Gas_Bio,1,2033,2.59488,,PJ,interpolated,22.01.2025,Nikita Moskalenko <nim@wip.tu-berlin.de>
World,CHP_Gas_CCGT_Biogas_CCS,Gas_Bio,1,2034,2.58954,,PJ,interpolated,22.01.2025,Nikita Moskalenko <nim@wip.tu-berlin.de>
World,CHP_Gas_CCGT_Biogas_CCS,Gas_Bio,1,2036,2.57898,,PJ,interpolated,22.01.2025,Nikita Moskalenko <nim@wip.tu-berlin.de>
World,CHP_Gas_CCGT_Biogas_CCS,Gas_Bio,1,2037,2.57376,,PJ,interpolated,22.01.2025,Nikita Moskalenko <nim@wip.tu-berlin.de>
World,CHP_Gas_CCGT_Biogas_CCS,Gas_Bio,1,2038,2.56854,,PJ,interpolated,22.01.2025,Nikita Moskalenko <nim@wip.tu-berlin.de>
World,CHP_Gas_CCGT_Biogas_CCS,Gas_Bio,1,2039,2.56332,,PJ,interpolated,22.01.2025,Nikita Moskalenko <nim@wip.tu-berlin.de>
World,CHP_Gas_CCGT_Biogas_CCS,Gas_Bio,2,2026,2.92624,,PJ,interpolated,22.01.2025,Nikita Moskalenko <nim@wip.tu-berlin.de>
World,CHP_Gas_CCGT_Biogas_CCS,Gas_Bio,2,2027,2.91038,,PJ,interpolated,22.01.2025,Nikita Moskalenko <nim@wip.tu-berlin.de>
World,CHP_Gas_CCGT_Biogas_CCS,Gas_Bio,2,2028,2.89452,,PJ,interpolated,22.01.2025,Nikita Moskalenko <nim@wip.tu-berlin.de>
World,CHP_Gas_CCGT_Biogas_CCS,Gas_Bio,2,2029,2.87866,,PJ,interpolated,22.01.2025,Nikita Moskalenko <nim@wip.tu-berlin.de>
World,CHP_Gas_CCGT_Biogas_CCS,Gas_Bio,2,2031,2.8556,,PJ,interpolated,22.01.2025,Nikita Moskalenko <nim@wip.tu-berlin.de>
World,CHP_Gas_CCGT_Biogas_CCS,Gas_Bio,2,2032,2.8484,,PJ,interpolated,22.01.2025,Nikita Moskalenko <nim@wip.tu-berlin.de>
World,CHP_Gas_CCGT_Biogas_CCS,Gas_Bio,2,2033,2.8412,,PJ,interpolated,22.01.2025,Nikita Moskalenko <nim@wip.tu-berlin.de>
World,CHP_Gas_CCGT_Biogas_CCS,Gas_Bio,2,2034,2.834,,PJ,interpolated,22.01.2025,Nikita Moskalenko <nim@wip.tu-berlin.de>
World,CHP_Gas_CCGT_Biogas_CCS,Gas_Bio,2,2036,2.8198,,PJ,interpolated,22.01.2025,Nikita Moskalenko <nim@wip.tu-berlin.de>
World,CHP_Gas_CCGT_Biogas_CCS,Gas_Bio,2,2037,2.8128,,PJ,interpolated,22.01.2025,Nikita Moskalenko <nim@wip.tu-berlin.de>
World,CHP_Gas_CCGT_Biogas_CCS,Gas_Bio,2,2038,2.8058,,PJ,interpolated,22.01.2025,Nikita Moskalenko <nim@wip.tu-berlin.de>
World,CHP_Gas_CCGT_Biogas_CCS,Gas_Bio,2,2039,2.7988,,PJ,interpolated,22.01.2025,Nikita Moskalenko <nim@wip.tu-berlin.de>
World,CHP_Gas_CCGT_Biogas_CCS,Gas_Bio,3,2026,2.65506,,PJ,interpolated,22.01.2025,Nikita Moskalenko <nim@wip.tu-berlin.de>
World,CHP_Gas_CCGT_Biogas_CCS,Gas_Bio,3,2027,2.64402,,PJ,interpolated,22.01.2025,Nikita Moskalenko <nim@wip.tu-berlin.de>
World,CHP_Gas_CCGT_Biogas_CCS,Gas_Bio,3,2028,2.63298,,PJ,interpolated,22.01.2025,Nikita Moskalenko <nim@wip.tu-berlin.de>
World,CHP_Gas_CCGT_Biogas_CCS,Gas_Bio,3,2029,2.62194,,PJ,interpolated,22.01.2025,Nikita Moskalenko <nim@wip.tu-berlin.de>
World,CHP_Gas_CCGT_Biogas_CCS,Gas_Bio,3,2031,2.60556,,PJ,interpolated,22.01.2025,Nikita Moskalenko <nim@wip.tu-berlin.de>
World,CHP_Gas_CCGT_Biogas_CCS,Gas_Bio,3,2032,2.60022,,PJ,interpolated,22.01.2025,Nikita Moskalenko <nim@wip.tu-berlin.de>
World,CHP_Gas_CCGT_Biogas_CCS,Gas_Bio,3,2033,2.59488,,PJ,interpolated,22.01.2025,Nikita Moskalenko <nim@wip.tu-berlin.de>
World,CHP_Gas_CCGT_Biogas_CCS,Gas_Bio,3,2034,2.58954,,PJ,interpolated,22.01.2025,Nikita Moskalenko <nim@wip.tu-berlin.de>
World,CHP_Gas_CCGT_Biogas_CCS,Gas_Bio,3,2036,2.57898,,PJ,interpolated,22.01.2025,Nikita Moskalenko <nim@wip.tu-berlin.de>
World,CHP_Gas_CCGT_Biogas_CCS,Gas_Bio,3,2037,2.57376,,PJ,interpolated,22.01.2025,Nikita Moskalenko <nim@wip.tu-berlin.de>
World,CHP_Gas_CCGT_Biogas_CCS,Gas_Bio,3,2038,2.56854,,PJ,interpolated,22.01.2025,Nikita Moskalenko <nim@wip.tu-berlin.de>
World,CHP_Gas_CCGT_Biogas_CCS,Gas_Bio,3,2039,2.56332,,PJ,interpolated,22.01.2025,Nikita Moskalenko <nim@wip.tu-berlin.de>
World,CHP_Gas_CCGT_Natural,Gas_Natural,1,2026,1.66122,,PJ,interpolated,27.08.2024,Nikita Moskalenko <nim@wip.tu-berlin.de>
World,CHP_Gas_CCGT_Natural,Gas_Natural,1,2027,1.65574,,PJ,interpolated,27.08.2024,Nikita Moskalenko <nim@wip.tu-berlin.de>
World,CHP_Gas_CCGT_Natural,Gas_Natural,1,2028,1.65026,,PJ,interpolated,27.08.2024,Nikita Moskalenko <nim@wip.tu-berlin.de>
World,CHP_Gas_CCGT_Natural,Gas_Natural,1,2029,1.64478,,PJ,interpolated,27.08.2024,Nikita Moskalenko <nim@wip.tu-berlin.de>
World,CHP_Gas_CCGT_Natural,Gas_Natural,1,2031,1.63664,,PJ,interpolated,27.08.2024,Nikita Moskalenko <nim@wip.tu-berlin.de>
World,CHP_Gas_CCGT_Natural,Gas_Natural,1,2032,1.63398,,PJ,interpolated,27.08.2024,Nikita Moskalenko <nim@wip.tu-berlin.de>
World,CHP_Gas_CCGT_Natural,Gas_Natural,1,2033,1.63132,,PJ,interpolated,27.08.2024,Nikita Moskalenko <nim@wip.tu-berlin.de>
World,CHP_Gas_CCGT_Natural,Gas_Natural,1,2034,1.62866,,PJ,interpolated,27.08.2024,Nikita Moskalenko <nim@wip.tu-berlin.de>
World,CHP_Gas_CCGT_Natural,Gas_Natural,1,2036,1.62338,,PJ,interpolated,27.08.2024,Nikita Moskalenko <nim@wip.tu-berlin.de>
World,CHP_Gas_CCGT_Natural,Gas_Natural,1,2037,1.62076,,PJ,interpolated,27.08.2024,Nikita Moskalenko <nim@wip.tu-berlin.de>
World,CHP_Gas_CCGT_Natural,Gas_Natural,1,2038,1.61814,,PJ,interpolated,27.08.2024,Nikita Moskalenko <nim@wip.tu-berlin.de>
World,CHP_Gas_CCGT_Natural,Gas_Natural,1,2039,1.61552,,PJ,interpolated,27.08.2024,Nikita Moskalenko <nim@wip.tu-berlin.de>
World,CHP_Gas_CCGT_Natural,Gas_Natural,2,2026,1.885,,PJ,interpolated,27.08.2024,Nikita Moskalenko <nim@wip.tu-berlin.de>
World,CHP_Gas_CCGT_Natural,Gas_Natural,2,2027,1.8771,,PJ,interpolated,27.08.2024,Nikita Moskalenko <nim@wip.tu-berlin.de>
World,CHP_Gas_CCGT_Natural,Gas_Natural,2,2028,1.8692,,PJ,interpolated,27.08.2024,Nikita Moskalenko <nim@wip.tu-berlin.de>
World,CHP_Gas_CCGT_Natural,Gas_Natural,2,2029,1.8613,,PJ,interpolated,27.08.2024,Nikita Moskalenko <nim@wip.tu-berlin.de>
World,CHP_Gas_CCGT_Natural,Gas_Natural,2,2031,1.84962,,PJ,interpolated,27.08.2024,Nikita Moskalenko <nim@wip.tu-berlin.de>
World,CHP_Gas_CCGT_Natural,Gas_Natural,2,2032,1.84584,,PJ,interpolated,27.08.2024,Nikita Moskalenko <nim@wip.tu-berlin.de>
World,CHP_Gas_CCGT_Natural,Gas_Natural,2,2033,1.84206,,PJ,interpolated,27.08.2024,Nikita Moskalenko <nim@wip.tu-berlin.de>
World,CHP_Gas_CCGT_Natural,Gas_Natural,2,2034,1.83828,,PJ,interpolated,27.08.2024,Nikita Moskalenko <nim@wip.tu-berlin.de>
World,CHP_Gas_CCGT_Natural,Gas_Natural,2,2036,1.8308,,PJ,interpolated,27.08.2024,Nikita Moskalenko <nim@wip.tu-berlin.de>
World,CHP_Gas_CCGT_Natural,Gas_Natural,2,2037,1.8271,,PJ,interpolated,27.08.2024,Nikita Moskalenko <nim@wip.tu-berlin.de>
World,CHP_Gas_CCGT_Natural,Gas_Natural,2,2038,1.8234,,PJ,interpolated,27.08.2024,Nikita Moskalenko <nim@wip.tu-berlin.de>
World,CHP_Gas_CCGT_Natural,Gas_Natural,2,2039,1.8197,,PJ,interpolated,27.08.2024,Nikita Moskalenko <nim@wip.tu-berlin.de>
World,CHP_Gas_CCGT_Natural,Gas_Natural,3,2026,1.8182,,PJ,interpolated,27.08.2024,Nikita Moskalenko <nim@wip.tu-berlin.de>
World,CHP_Gas_CCGT_Natural,Gas_Natural,3,2027,1.8182,,PJ,interpolated,27.08.2024,Nikita Moskalenko <nim@wip.tu-berlin.de>
World,CHP_Gas_CCGT_Natural,Gas_Natural,3,2028,1.8182,,PJ,interpolated,27.08.2024,Nikita Moskalenko <nim@wip.tu-berlin.de>
World,CHP_Gas_CCGT_Natural,Gas_Natural,3,2029,1.8182,,PJ,interpolated,27.08.2024,Nikita Moskalenko <nim@wip.tu-berlin.de>
World,CHP_Gas_CCGT_Natural,Gas_Natural,3,2031,1.8182,,PJ,interpolated,27.08.2024,Nikita Moskalenko <nim@wip.tu-berlin.de>
World,CHP_Gas_CCGT_Natural,Gas_Natural,3,2032,1.8182,,PJ,interpolated,27.08.2024,Nikita Moskalenko <nim@wip.tu-berlin.de>
World,CHP_Gas_CCGT_Natural,Gas_Natural,3,2033,1.8182,,PJ,interpolated,27.08.2024,Nikita Moskalenko <nim@wip.tu-berlin.de>
World,CHP_Gas_CCGT_Natural,Gas_Natural,3,2034,1.8182,,PJ,interpolated,27.08.2024,Nikita Moskalenko <nim@wip.tu-berlin.de>
World,CHP_Gas_CCGT_Natural,Gas_Natural,3,2036,1.8182,,PJ,interpolated,27.08.2024,Nikita Moskalenko <nim@wip.tu-berlin.de>
World,CHP_Gas_CCGT_Natural,Gas_Natural,3,2037,1.8182,,PJ,interpolated,27.08.2024,Nikita Moskalenko <nim@wip.tu-berlin.de>
World,CHP_Gas_CCGT_Natural,Gas_Natural,3,2038,1.8182,,PJ,interpolated,27.08.2024,Nikita Moskalenko <nim@wip.tu-berlin.de>
World,CHP_Gas_CCGT_Natural,Gas_Natural,3,2039,1.8182,,PJ,interpolated,27.08.2024,Nikita Moskalenko <nim@wip.tu-berlin.de>
World,CHP_Gas_CCGT_Natural_CCS,Gas_Natural,1,2026,1.84582,,PJ,interpolated,05.09.2024,Nikita Moskalenko <nim@wip.tu-berlin.de>
World,CHP_Gas_CCGT_Natural_CCS,Gas_Natural,1,2027,1.83974,,PJ,interpolated,05.09.2024,Nikita Moskalenko <nim@wip.tu-berlin.de>
World,CHP_Gas_CCGT_Natural_CCS,Gas_Natural,1,2028,1.83366,,PJ,interpolated,05.09.2024,Nikita Moskalenko <nim@wip.tu-berlin.de>
World,CHP_Gas_CCGT_Natural_CCS,Gas_Natural,1,2029,1.82758,,PJ,interpolated,05.09.2024,Nikita Moskalenko <nim@wip.tu-berlin.de>
World,CHP_Gas_CCGT_Natural_CCS,Gas_Natural,1,2031,1.81854,,PJ,interpolated,05.09.2024,Nikita Moskalenko <nim@wip.tu-berlin.de>
World,CHP_Gas_CCGT_Natural_CCS,Gas_Natural,1,2032,1.81558,,PJ,interpolated,05.09.2024,Nikita Moskalenko <nim@wip.tu-berlin.de>
World,CHP_Gas_CCGT_Natural_CCS,Gas_Natural,1,2033,1.81262,,PJ,interpolated,05.09.2024,Nikita Moskalenko <nim@wip.tu-berlin.de>
World,CHP_Gas_CCGT_Natural_CCS,Gas_Natural,1,2034,1.80966,,PJ,interpolated,05.09.2024,Nikita Moskalenko <nim@wip.tu-berlin.de>
World,CHP_Gas_CCGT_Natural_CCS,Gas_Natural,1,2036,1.80378,,PJ,interpolated,05.09.2024,Nikita Moskalenko <nim@wip.tu-berlin.de>
World,CHP_Gas_CCGT_Natural_CCS,Gas_Natural,1,2037,1.80086,,PJ,interpolated,05.09.2024,Nikita Moskalenko <nim@wip.tu-berlin.de>
World,CHP_Gas_CCGT_Natural_CCS,Gas_Natural,1,2038,1.79794,,PJ,interpolated,05.09.2024,Nikita Moskalenko <nim@wip.tu-berlin.de>
World,CHP_Gas_CCGT_Natural_CCS,Gas_Natural,1,2039,1.79502,,PJ,interpolated,05.09.2024,Nikita Moskalenko <nim@wip.tu-berlin.de>
World,CHP_Gas_CCGT_Natural_CCS,Gas_Natural,2,2026,2.09444,,PJ,interpolated,05.09.2024,Nikita Moskalenko <nim@wip.tu-berlin.de>
World,CHP_Gas_CCGT_Natural_CCS,Gas_Natural,2,2027,2.08568,,PJ,interpolated,05.09.2024,Nikita Moskalenko <nim@wip.tu-berlin.de>
World,CHP_Gas_CCGT_Natural_CCS,Gas_Natural,2,2028,2.07692,,PJ,interpolated,05.09.2024,Nikita Moskalenko <nim@wip.tu-berlin.de>
World,CHP_Gas_CCGT_Natural_CCS,Gas_Natural,2,2029,2.06816,,PJ,interpolated,05.09.2024,Nikita Moskalenko <nim@wip.tu-berlin.de>
World,CHP_Gas_CCGT_Natural_CCS,Gas_Natural,2,2031,2.05518,,PJ,interpolated,05.09.2024,Nikita Moskalenko <nim@wip.tu-berlin.de>
World,CHP_Gas_CCGT_Natural_CCS,Gas_Natural,2,2032,2.05096,,PJ,interpolated,05.09.2024,Nikita Moskalenko <nim@wip.tu-berlin.de>
World,CHP_Gas_CCGT_Natural_CCS,Gas_Natural,2,2033,2.04674,,PJ,interpolated,05.09.2024,Nikita Moskalenko <nim@wip.tu-berlin.de>
World,CHP_Gas_CCGT_Natural_CCS,Gas_Natural,2,2034,2.04252,,PJ,interpolated,05.09.2024,Nikita Moskalenko <nim@wip.tu-berlin.de>
World,CHP_Gas_CCGT_Natural_CCS,Gas_Natural,2,2036,2.0342,,PJ,interpolated,05.09.2024,Nikita Moskalenko <nim@wip.tu-berlin.de>
World,CHP_Gas_CCGT_Natural_CCS,Gas_Natural,2,2037,2.0301,,PJ,interpolated,05.09.2024,Nikita Moskalenko <nim@wip.tu-berlin.de>
World,CHP_Gas_CCGT_Natural_CCS,Gas_Natural,2,2038,2.026,,PJ,interpolated,05.09.2024,Nikita Moskalenko <nim@wip.tu-berlin.de>
World,CHP_Gas_CCGT_Natural_CCS,Gas_Natural,2,2039,2.0219,,PJ,interpolated,05.09.2024,Nikita Moskalenko <nim@wip.tu-berlin.de>
World,CHP_Gas_CCGT_Natural_CCS,Gas_Natural,3,2026,1.8182,,PJ,interpolated,05.09.2024,Nikita Moskalenko <nim@wip.tu-berlin.de>
World,CHP_Gas_CCGT_Natural_CCS,Gas_Natural,3,2027,1.8182,,PJ,interpolated,05.09.2024,Nikita Moskalenko <nim@wip.tu-berlin.de>
World,CHP_Gas_CCGT_Natural_CCS,Gas_Natural,3,2028,1.8182,,PJ,interpolated,05.09.2024,Nikita Moskalenko <nim@wip.tu-berlin.de>
World,CHP_Gas_CCGT_Natural_CCS,Gas_Natural,3,2029,1.8182,,PJ,interpolated,05.09.2024,Nikita Moskalenko <nim@wip.tu-berlin.de>
World,CHP_Gas_CCGT_Natural_CCS,Gas_Natural,3,2031,1.8182,,PJ,interpolated,05.09.2024,Nikita Moskalenko <nim@wip.tu-berlin.de>
World,CHP_Gas_CCGT_Natural_CCS,Gas_Natural,3,2032,1.8182,,PJ,interpolated,05.09.2024,Nikita Moskalenko <nim@wip.tu-berlin.de>
World,CHP_Gas_CCGT_Natural_CCS,Gas_Natural,3,2033,1.8182,,PJ,interpolated,05.09.2024,Nikita Moskalenko <nim@wip.tu-berlin.de>
World,CHP_Gas_CCGT_Natural_CCS,Gas_Natural,3,2034,1.8182,,PJ,interpolated,05.09.2024,Nikita Moskalenko <nim@wip.tu-berlin.de>
World,CHP_Gas_CCGT_Natural_CCS,Gas_Natural,3,2036,1.8182,,PJ,interpolated,05.09.2024,Nikita Moskalenko <nim@wip.tu-berlin.de>
World,CHP_Gas_CCGT_Natural_CCS,Gas_Natural,3,2037,1.8182,,PJ,interpolated,05.09.2024,Nikita Moskalenko <nim@wip.tu-berlin.de>
World,CHP_Gas_CCGT_Natural_CCS,Gas_Natural,3,2038,1.8182,,PJ,interpolated,05.09.2024,Nikita Moskalenko <nim@wip.tu-berlin.de>
World,CHP_Gas_CCGT_Natural_CCS,Gas_Natural,3,2039,1.8182,,PJ,interpolated,05.09.2024,Nikita Moskalenko <nim@wip.tu-berlin.de>
World,CHP_Gas_CCGT_SynGas,Gas_Synth,1,2026,1.66122,,PJ,interpolated,27.08.2024,Nikita Moskalenko <nim@wip.tu-berlin.de>
World,CHP_Gas_CCGT_SynGas,Gas_Synth,1,2027,1.65574,,PJ,interpolated,27.08.2024,Nikita Moskalenko <nim@wip.tu-berlin.de>
World,CHP_Gas_CCGT_SynGas,Gas_Synth,1,2028,1.65026,,PJ,interpolated,27.08.2024,Nikita Moskalenko <nim@wip.tu-berlin.de>
World,CHP_Gas_CCGT_SynGas,Gas_Synth,1,2029,1.64478,,PJ,interpolated,27.08.2024,Nikita Moskalenko <nim@wip.tu-berlin.de>
World,CHP_Gas_CCGT_SynGas,Gas_Synth,1,2031,1.63664,,PJ,interpolated,27.08.2024,Nikita Moskalenko <nim@wip.tu-berlin.de>
World,CHP_Gas_CCGT_SynGas,Gas_Synth,1,2032,1.63398,,PJ,interpolated,27.08.2024,Nikita Moskalenko <nim@wip.tu-berlin.de>
World,CHP_Gas_CCGT_SynGas,Gas_Synth,1,2033,1.63132,,PJ,interpolated,27.08.2024,Nikita Moskalenko <nim@wip.tu-berlin.de>
World,CHP_Gas_CCGT_SynGas,Gas_Synth,1,2034,1.62866,,PJ,interpolated,27.08.2024,Nikita Moskalenko <nim@wip.tu-berlin.de>
World,CHP_Gas_CCGT_SynGas,Gas_Synth,1,2036,1.62338,,PJ,interpolated,27.08.2024,Nikita Moskalenko <nim@wip.tu-berlin.de>
World,CHP_Gas_CCGT_SynGas,Gas_Synth,1,2037,1.62076,,PJ,interpolated,27.08.2024,Nikita Moskalenko <nim@wip.tu-berlin.de>
World,CHP_Gas_CCGT_SynGas,Gas_Synth,1,2038,1.61814,,PJ,interpolated,27.08.2024,Nikita Moskalenko <nim@wip.tu-berlin.de>
World,CHP_Gas_CCGT_SynGas,Gas_Synth,1,2039,1.61552,,PJ,interpolated,27.08.2024,Nikita Moskalenko <nim@wip.tu-berlin.de>
World,CHP_Gas_CCGT_SynGas,Gas_Synth,2,2026,1.79102,,PJ,interpolated,27.08.2024,Nikita Moskalenko <nim@wip.tu-berlin.de>
World,CHP_Gas_CCGT_SynGas,Gas_Synth,2,2027,1.78384,,PJ,interpolated,27.08.2024,Nikita Moskalenko <nim@wip.tu-berlin.de>
World,CHP_Gas_CCGT_SynGas,Gas_Synth,2,2028,1.77666,,PJ,interpolated,27.08.2024,Nikita Moskalenko <nim@wip.tu-berlin.de>
World,CHP_Gas_CCGT_SynGas,Gas_Synth,2,2029,1.76948,,PJ,interpolated,27.08.2024,Nikita Moskalenko <nim@wip.tu-berlin.de>
World,CHP_Gas_CCGT_SynGas,Gas_Synth,2,2031,1.78334,,PJ,interpolated,27.08.2024,Nikita Moskalenko <nim@wip.tu-berlin.de>
World,CHP_Gas_CCGT_SynGas,Gas_Synth,2,2032,1.80438,,PJ,interpolated,27.08.2024,Nikita Moskalenko <nim@wip.tu-berlin.de>
World,CHP_Gas_CCGT_SynGas,Gas_Synth,2,2033,1.82542,,PJ,interpolated,27.08.2024,Nikita Moskalenko <nim@wip.tu-berlin.de>
World,CHP_Gas_CCGT_SynGas,Gas_Synth,2,2034,1.84646,,PJ,interpolated,27.08.2024,Nikita Moskalenko <nim@wip.tu-berlin.de>
World,CHP_Gas_CCGT_SynGas,Gas_Synth,2,2036,1.86448,,PJ,interpolated,27.08.2024,Nikita Moskalenko <nim@wip.tu-berlin.de>
World,CHP_Gas_CCGT_SynGas,Gas_Synth,2,2037,1.86146,,PJ,interpolated,27.08.2024,Nikita Moskalenko <nim@wip.tu-berlin.de>
World,CHP_Gas_CCGT_SynGas,Gas_Synth,2,2038,1.85844,,PJ,interpolated,27.08.2024,Nikita Moskalenko <nim@wip.tu-berlin.de>
World,CHP_Gas_CCGT_SynGas,Gas_Synth,2,2039,1.85542,,PJ,interpolated,27.08.2024,Nikita Moskalenko <nim@wip.tu-berlin.de>
World,CHP_Gas_CCGT_SynGas,Gas_Synth,3,2026,1.8182,,PJ,interpolated,27.08.2024,Nikita Moskalenko <nim@wip.tu-berlin.de>
World,CHP_Gas_CCGT_SynGas,Gas_Synth,3,2027,1.8182,,PJ,interpolated,27.08.2024,Nikita Moskalenko <nim@wip.tu-berlin.de>
World,CHP_Gas_CCGT_SynGas,Gas_Synth,3,2028,1.8182,,PJ,interpolated,27.08.2024,Nikita Moskalenko <nim@wip.tu-berlin.de>
World,CHP_Gas_CCGT_SynGas,Gas_Synth,3,2029,1.8182,,PJ,interpolated,27.08.2024,Nikita Moskalenko <nim@wip.tu-berlin.de>
World,CHP_Gas_CCGT_SynGas,Gas_Synth,3,2031,1.8182,,PJ,interpolated,27.08.2024,Nikita Moskalenko <nim@wip.tu-berlin.de>
World,CHP_Gas_CCGT_SynGas,Gas_Synth,3,2032,1.8182,,PJ,interpolated,27.08.2024,Nikita Moskalenko <nim@wip.tu-berlin.de>
World,CHP_Gas_CCGT_SynGas,Gas_Synth,3,2033,1.8182,,PJ,interpolated,27.08.2024,Nikita Moskalenko <nim@wip.tu-berlin.de>
World,CHP_Gas_CCGT_SynGas,Gas_Synth,3,2034,1.8182,,PJ,interpolated,27.08.2024,Nikita Moskalenko <nim@wip.tu-berlin.de>
World,CHP_Gas_CCGT_SynGas,Gas_Synth,3,2036,1.8182,,PJ,interpolated,27.08.2024,Nikita Moskalenko <nim@wip.tu-berlin.de>
World,CHP_Gas_CCGT_SynGas,Gas_Synth,3,2037,1.8182,,PJ,interpolated,27.08.2024,Nikita Moskalenko <nim@wip.tu-berlin.de>
World,CHP_Gas_CCGT_SynGas,Gas_Synth,3,2038,1.8182,,PJ,interpolated,27.08.2024,Nikita Moskalenko <nim@wip.tu-berlin.de>
World,CHP_Gas_CCGT_SynGas,Gas_Synth,3,2039,1.8182,,PJ,interpolated,27.08.2024,Nikita Moskalenko <nim@wip.tu-berlin.de>
World,CHP_Hydrogen_FuelCell,H2,1,2026,2,,PJ,interpolated,27.08.2024,Nikita Moskalenko <nim@wip.tu-berlin.de>
World,CHP_Hydrogen_FuelCell,H2,1,2027,2,,PJ,interpolated,27.08.2024,Nikita Moskalenko <nim@wip.tu-berlin.de>
World,CHP_Hydrogen_FuelCell,H2,1,2028,2,,PJ,interpolated,27.08.2024,Nikita Moskalenko <nim@wip.tu-berlin.de>
World,CHP_Hydrogen_FuelCell,H2,1,2029,2,,PJ,interpolated,27.08.2024,Nikita Moskalenko <nim@wip.tu-berlin.de>
World,CHP_Hydrogen_FuelCell,H2,1,2031,1.99408,,PJ,interpolated,27.08.2024,Nikita Moskalenko <nim@wip.tu-berlin.de>
World,CHP_Hydrogen_FuelCell,H2,1,2032,1.98816,,PJ,interpolated,27.08.2024,Nikita Moskalenko <nim@wip.tu-berlin.de>
World,CHP_Hydrogen_FuelCell,H2,1,2033,1.98224,,PJ,interpolated,27.08.2024,Nikita Moskalenko <nim@wip.tu-berlin.de>
World,CHP_Hydrogen_FuelCell,H2,1,2034,1.97632,,PJ,interpolated,27.08.2024,Nikita Moskalenko <nim@wip.tu-berlin.de>
World,CHP_Hydrogen_FuelCell,H2,1,2036,1.96466,,PJ,interpolated,27.08.2024,Nikita Moskalenko <nim@wip.tu-berlin.de>
World,CHP_Hydrogen_FuelCell,H2,1,2037,1.95892,,PJ,interpolated,27.08.2024,Nikita Moskalenko <nim@wip.tu-berlin.de>
World,CHP_Hydrogen_FuelCell,H2,1,2038,1.95318,,PJ,interpolated,27.08.2024,Nikita Moskalenko <nim@wip.tu-berlin.de>
World,CHP_Hydrogen_FuelCell,H2,1,2039,1.94744,,PJ,interpolated,27.08.2024,Nikita Moskalenko <nim@wip.tu-berlin.de>
World,CHP_Oil,Oil,1,2026,2.8571,,PJ,interpolated,26.08.2024,Nikita Moskalenko <nim@wip.tu-berlin.de>
World,CHP_Oil,Oil,1,2027,2.8571,,PJ,interpolated,26.08.2024,Nikita Moskalenko <nim@wip.tu-berlin.de>
World,CHP_Oil,Oil,1,2028,2.8571,,PJ,interpolated,26.08.2024,Nikita Moskalenko <nim@wip.tu-berlin.de>
World,CHP_Oil,Oil,1,2029,2.8571,,PJ,interpolated,26.08.2024,Nikita Moskalenko <nim@wip.tu-berlin.de>
World,CHP_Oil,Oil,1,2031,2.8571,,PJ,interpolated,26.08.2024,Nikita Moskalenko <nim@wip.tu-berlin.de>
World,CHP_Oil,Oil,1,2032,2.8571,,PJ,interpolated,26.08.2024,Nikita Moskalenko <nim@wip.tu-berlin.de>
World,CHP_Oil,Oil,1,2033,2.8571,,PJ,interpolated,26.08.2024,Nikita Moskalenko <nim@wip.tu-berlin.de>
World,CHP_Oil,Oil,1,2034,2.8571,,PJ,interpolated,26.08.2024,Nikita Moskalenko <nim@wip.tu-berlin.de>
World,CHP_Oil,Oil,1,2036,2.8571,,PJ,interpolated,26.08.2024,Nikita Moskalenko <nim@wip.tu-berlin.de>
World,CHP_Oil,Oil,1,2037,2.8571,,PJ,interpolated,26.08.2024,Nikita Moskalenko <nim@wip.tu-berlin.de>
World,CHP_Oil,Oil,1,2038,2.8571,,PJ,interpolated,26.08.2024,Nikita Moskalenko <nim@wip.tu-berlin.de>
World,CHP_Oil,Oil,1,2039,2.8571,,PJ,interpolated,26.08.2024,Nikita Moskalenko <nim@wip.tu-berlin.de>
World,CHP_Oil,Oil,2,2026,3.1737,,PJ,interpolated,28.08.2024,Nikita Moskalenko <nim@wip.tu-berlin.de>
World,CHP_Oil,Oil,2,2027,3.1737,,PJ,interpolated,28.08.2024,Nikita Moskalenko <nim@wip.tu-berlin.de>
World,CHP_Oil,Oil,2,2028,3.1737,,PJ,interpolated,28.08.2024,Nikita Moskalenko <nim@wip.tu-berlin.de>
World,CHP_Oil,Oil,2,2029,3.1737,,PJ,interpolated,28.08.2024,Nikita Moskalenko <nim@wip.tu-berlin.de>
World,CHP_Oil,Oil,2,2031,3.1737,,PJ,interpolated,28.08.2024,Nikita Moskalenko <nim@wip.tu-berlin.de>
World,CHP_Oil,Oil,2,2032,3.1737,,PJ,interpolated,28.08.2024,Nikita Moskalenko <nim@wip.tu-berlin.de>
World,CHP_Oil,Oil,2,2033,3.1737,,PJ,interpolated,28.08.2024,Nikita Moskalenko <nim@wip.tu-berlin.de>
World,CHP_Oil,Oil,2,2034,3.1737,,PJ,interpolated,28.08.2024,Nikita Moskalenko <nim@wip.tu-berlin.de>
World,CHP_Oil,Oil,2,2036,3.1737,,PJ,interpolated,28.08.2024,Nikita Moskalenko <nim@wip.tu-berlin.de>
World,CHP_Oil,Oil,2,2037,3.1737,,PJ,interpolated,28.08.2024,Nikita Moskalenko <nim@wip.tu-berlin.de>
World,CHP_Oil,Oil,2,2038,3.1737,,PJ,interpolated,28.08.2024,Nikita Moskalenko <nim@wip.tu-berlin.de>
World,CHP_Oil,Oil,2,2039,3.1737,,PJ,interpolated,28.08.2024,Nikita Moskalenko <nim@wip.tu-berlin.de>
World,CHP_Oil,Oil,3,2026,1.8182,,PJ,interpolated,28.08.2024,Nikita Moskalenko <nim@wip.tu-berlin.de>
World,CHP_Oil,Oil,3,2027,1.8182,,PJ,interpolated,28.08.2024,Nikita Moskalenko <nim@wip.tu-berlin.de>
World,CHP_Oil,Oil,3,2028,1.8182,,PJ,interpolated,28.08.2024,Nikita Moskalenko <nim@wip.tu-berlin.de>
World,CHP_Oil,Oil,3,2029,1.8182,,PJ,interpolated,28.08.2024,Nikita Moskalenko <nim@wip.tu-berlin.de>
World,CHP_Oil,Oil,3,2031,1.8182,,PJ,interpolated,28.08.2024,Nikita Moskalenko <nim@wip.tu-berlin.de>
World,CHP_Oil,Oil,3,2032,1.8182,,PJ,interpolated,28.08.2024,Nikita Moskalenko <nim@wip.tu-berlin.de>
World,CHP_Oil,Oil,3,2033,1.8182,,PJ,interpolated,28.08.2024,Nikita Moskalenko <nim@wip.tu-berlin.de>
World,CHP_Oil,Oil,3,2034,1.8182,,PJ,interpolated,28.08.2024,Nikita Moskalenko <nim@wip.tu-berlin.de>
World,CHP_Oil,Oil,3,2036,1.8182,,PJ,interpolated,28.08.2024,Nikita Moskalenko <nim@wip.tu-berlin.de>
World,CHP_Oil,Oil,3,2037,1.8182,,PJ,interpolated,28.08.2024,Nikita Moskalenko <nim@wip.tu-berlin.de>
World,CHP_Oil,Oil,3,2038,1.8182,,PJ,interpolated,28.08.2024,Nikita Moskalenko <nim@wip.tu-berlin.de>
World,CHP_Oil,Oil,3,2039,1.8182,,PJ,interpolated,28.08.2024,Nikita Moskalenko <nim@wip.tu-berlin.de>
World,FRT_Rail_Conv,Oil,1,2026,0.29516,,PJ,interpolated,02.09.2024,Nikita Moskalenko <nim@wip.tu-berlin.de>
World,FRT_Rail_Conv,Oil,1,2027,0.29422,,PJ,interpolated,02.09.2024,Nikita Moskalenko <nim@wip.tu-berlin.de>
World,FRT_Rail_Conv,Oil,1,2028,0.29328,,PJ,interpolated,02.09.2024,Nikita Moskalenko <nim@wip.tu-berlin.de>
World,FRT_Rail_Conv,Oil,1,2029,0.29234,,PJ,interpolated,02.09.2024,Nikita Moskalenko <nim@wip.tu-berlin.de>
World,FRT_Rail_Conv,Oil,1,2031,0.2914,,PJ,interpolated,02.09.2024,Nikita Moskalenko <nim@wip.tu-berlin.de>
World,FRT_Rail_Conv,Oil,1,2032,0.2914,,PJ,interpolated,02.09.2024,Nikita Moskalenko <nim@wip.tu-berlin.de>
World,FRT_Rail_Conv,Oil,1,2033,0.2914,,PJ,interpolated,02.09.2024,Nikita Moskalenko <nim@wip.tu-berlin.de>
World,FRT_Rail_Conv,Oil,1,2034,0.2914,,PJ,interpolated,02.09.2024,Nikita Moskalenko <nim@wip.tu-berlin.de>
World,FRT_Rail_Conv,Oil,1,2036,0.2914,,PJ,interpolated,02.09.2024,Nikita Moskalenko <nim@wip.tu-berlin.de>
World,FRT_Rail_Conv,Oil,1,2037,0.2914,,PJ,interpolated,02.09.2024,Nikita Moskalenko <nim@wip.tu-berlin.de>
World,FRT_Rail_Conv,Oil,1,2038,0.2914,,PJ,interpolated,02.09.2024,Nikita Moskalenko <nim@wip.tu-berlin.de>
World,FRT_Rail_Conv,Oil,1,2039,0.2914,,PJ,interpolated,02.09.2024,Nikita Moskalenko <nim@wip.tu-berlin.de>
World,FRT_Rail_Conv,Biofuel,2,2026,0.33942,,PJ,interpolated,02.09.2024,Nikita Moskalenko <nim@wip.tu-berlin.de>
World,FRT_Rail_Conv,Biofuel,2,2027,0.33834,,PJ,interpolated,02.09.2024,Nikita Moskalenko <nim@wip.tu-berlin.de>
World,FRT_Rail_Conv,Biofuel,2,2028,0.33726,,PJ,interpolated,02.09.2024,Nikita Moskalenko <nim@wip.tu-berlin.de>
World,FRT_Rail_Conv,Biofuel,2,2029,0.33618,,PJ,interpolated,02.09.2024,Nikita Moskalenko <nim@wip.tu-berlin.de>
World,FRT_Rail_Conv,Biofuel,2,2031,0.3351,,PJ,interpolated,02.09.2024,Nikita Moskalenko <nim@wip.tu-berlin.de>
World,FRT_Rail_Conv,Biofuel,2,2032,0.3351,,PJ,interpolated,02.09.2024,Nikita Moskalenko <nim@wip.tu-berlin.de>
World,FRT_Rail_Conv,Biofuel,2,2033,0.3351,,PJ,interpolated,02.09.2024,Nikita Moskalenko <nim@wip.tu-berlin.de>
World,FRT_Rail_Conv,Biofuel,2,2034,0.3351,,PJ,interpolated,02.09.2024,Nikita Moskalenko <nim@wip.tu-berlin.de>
World,FRT_Rail_Conv,Biofuel,2,2036,0.3351,,PJ,interpolated,02.09.2024,Nikita Moskalenko <nim@wip.tu-berlin.de>
World,FRT_Rail_Conv,Biofuel,2,2037,0.3351,,PJ,interpolated,02.09.2024,Nikita Moskalenko <nim@wip.tu-berlin.de>
World,FRT_Rail_Conv,Biofuel,2,2038,0.3351,,PJ,interpolated,02.09.2024,Nikita Moskalenko <nim@wip.tu-berlin.de>
World,FRT_Rail_Conv,Biofuel,2,2039,0.3351,,PJ,interpolated,02.09.2024,Nikita Moskalenko <nim@wip.tu-berlin.de>
World,FRT_Rail_Conv,Powerfuel,3,2026,0.29516,,PJ,interpolated,02.09.2024,Nikita Moskalenko <nim@wip.tu-berlin.de>
World,FRT_Rail_Conv,Powerfuel,3,2027,0.29422,,PJ,interpolated,02.09.2024,Nikita Moskalenko <nim@wip.tu-berlin.de>
World,FRT_Rail_Conv,Powerfuel,3,2028,0.29328,,PJ,interpolated,02.09.2024,Nikita Moskalenko <nim@wip.tu-berlin.de>
World,FRT_Rail_Conv,Powerfuel,3,2029,0.29234,,PJ,interpolated,02.09.2024,Nikita Moskalenko <nim@wip.tu-berlin.de>
World,FRT_Rail_Conv,Powerfuel,3,2031,0.2914,,PJ,interpolated,02.09.2024,Nikita Moskalenko <nim@wip.tu-berlin.de>
World,FRT_Rail_Conv,Powerfuel,3,2032,0.2914,,PJ,interpolated,02.09.2024,Nikita Moskalenko <nim@wip.tu-berlin.de>
World,FRT_Rail_Conv,Powerfuel,3,2033,0.2914,,PJ,interpolated,02.09.2024,Nikita Moskalenko <nim@wip.tu-berlin.de>
World,FRT_Rail_Conv,Powerfuel,3,2034,0.2914,,PJ,interpolated,02.09.2024,Nikita Moskalenko <nim@wip.tu-berlin.de>
World,FRT_Rail_Conv,Powerfuel,3,2036,0.2914,,PJ,interpolated,02.09.2024,Nikita Moskalenko <nim@wip.tu-berlin.de>
World,FRT_Rail_Conv,Powerfuel,3,2037,0.2914,,PJ,interpolated,02.09.2024,Nikita Moskalenko <nim@wip.tu-berlin.de>
World,FRT_Rail_Conv,Powerfuel,3,2038,0.2914,,PJ,interpolated,02.09.2024,Nikita Moskalenko <nim@wip.tu-berlin.de>
World,FRT_Rail_Conv,Powerfuel,3,2039,0.2914,,PJ,interpolated,02.09.2024,Nikita Moskalenko <nim@wip.tu-berlin.de>
World,FRT_Rail_Electric,Power,1,2026,0.156,,PJ,interpolated,02.09.2024,Nikita Moskalenko <nim@wip.tu-berlin.de>
World,FRT_Rail_Electric,Power,1,2027,0.156,,PJ,interpolated,02.09.2024,Nikita Moskalenko <nim@wip.tu-berlin.de>
World,FRT_Rail_Electric,Power,1,2028,0.156,,PJ,interpolated,02.09.2024,Nikita Moskalenko <nim@wip.tu-berlin.de>
World,FRT_Rail_Electric,Power,1,2029,0.156,,PJ,interpolated,02.09.2024,Nikita Moskalenko <nim@wip.tu-berlin.de>
World,FRT_Rail_Electric,Power,1,2031,0.156,,PJ,interpolated,02.09.2024,Nikita Moskalenko <nim@wip.tu-berlin.de>
World,FRT_Rail_Electric,Power,1,2032,0.156,,PJ,interpolated,02.09.2024,Nikita Moskalenko <nim@wip.tu-berlin.de>
World,FRT_Rail_Electric,Power,1,2033,0.156,,PJ,interpolated,02.09.2024,Nikita Moskalenko <nim@wip.tu-berlin.de>
World,FRT_Rail_Electric,Power,1,2034,0.156,,PJ,interpolated,02.09.2024,Nikita Moskalenko <nim@wip.tu-berlin.de>
World,FRT_Rail_Electric,Power,1,2036,0.156,,PJ,interpolated,02.09.2024,Nikita Moskalenko <nim@wip.tu-berlin.de>
World,FRT_Rail_Electric,Power,1,2037,0.156,,PJ,interpolated,02.09.2024,Nikita Moskalenko <nim@wip.tu-berlin.de>
World,FRT_Rail_Electric,Power,1,2038,0.156,,PJ,interpolated,02.09.2024,Nikita Moskalenko <nim@wip.tu-berlin.de>
World,FRT_Rail_Electric,Power,1,2039,0.156,,PJ,interpolated,02.09.2024,Nikita Moskalenko <nim@wip.tu-berlin.de>
World,FRT_Road_BEV,Power,1,2026,0.69246,,PJ,interpolated,30.03.2026,Nikita Moskalenko <nim@wip.tu-berlin.de>
World,FRT_Road_BEV,Power,1,2027,0.68242,,PJ,interpolated,30.03.2026,Nikita Moskalenko <nim@wip.tu-berlin.de>
World,FRT_Road_BEV,Power,1,2028,0.67238,,PJ,interpolated,30.03.2026,Nikita Moskalenko <nim@wip.tu-berlin.de>
World,FRT_Road_BEV,Power,1,2029,0.66234,,PJ,interpolated,30.03.2026,Nikita Moskalenko <nim@wip.tu-berlin.de>
World,FRT_Road_BEV,Power,1,2031,0.6523,,PJ,interpolated,30.03.2026,Nikita Moskalenko <nim@wip.tu-berlin.de>
World,FRT_Road_BEV,Power,1,2032,0.6523,,PJ,interpolated,30.03.2026,Nikita Moskalenko <nim@wip.tu-berlin.de>
World,FRT_Road_BEV,Power,1,2033,0.6523,,PJ,interpolated,30.03.2026,Nikita Moskalenko <nim@wip.tu-berlin.de>
World,FRT_Road_BEV,Power,1,2034,0.6523,,PJ,interpolated,30.03.2026,Nikita Moskalenko <nim@wip.tu-berlin.de>
World,FRT_Road_BEV,Power,1,2036,0.63316,,PJ,interpolated,30.03.2026,Nikita Moskalenko <nim@wip.tu-berlin.de>
World,FRT_Road_BEV,Power,1,2037,0.61402,,PJ,interpolated,30.03.2026,Nikita Moskalenko <nim@wip.tu-berlin.de>
World,FRT_Road_BEV,Power,1,2038,0.59488,,PJ,interpolated,30.03.2026,Nikita Moskalenko <nim@wip.tu-berlin.de>
World,FRT_Road_BEV,Power,1,2039,0.57574,,PJ,interpolated,30.03.2026,Nikita Moskalenko <nim@wip.tu-berlin.de>
World,FRT_Road_H2,H2,1,2026,0.87282,,PJ,interpolated,30.03.2026,Nikita Moskalenko <nim@wip.tu-berlin.de>
World,FRT_Road_H2,H2,1,2027,0.86004,,PJ,interpolated,30.03.2026,Nikita Moskalenko <nim@wip.tu-berlin.de>
World,FRT_Road_H2,H2,1,2028,0.84726,,PJ,interpolated,30.03.2026,Nikita Moskalenko <nim@wip.tu-berlin.de>
World,FRT_Road_H2,H2,1,2029,0.83448,,PJ,interpolated,30.03.2026,Nikita Moskalenko <nim@wip.tu-berlin.de>
World,FRT_Road_H2,H2,1,2031,0.80968,,PJ,interpolated,30.03.2026,Nikita Moskalenko <nim@wip.tu-berlin.de>
World,FRT_Road_H2,H2,1,2032,0.79766,,PJ,interpolated,30.03.2026,Nikita Moskalenko <nim@wip.tu-berlin.de>
World,FRT_Road_H2,H2,1,2033,0.78564,,PJ,interpolated,30.03.2026,Nikita Moskalenko <nim@wip.tu-berlin.de>
World,FRT_Road_H2,H2,1,2034,0.77362,,PJ,interpolated,30.03.2026,Nikita Moskalenko <nim@wip.tu-berlin.de>
World,FRT_Road_H2,H2,1,2036,0.75022,,PJ,interpolated,30.03.2026,Nikita Moskalenko <nim@wip.tu-berlin.de>
World,FRT_Road_H2,H2,1,2037,0.73884,,PJ,interpolated,30.03.2026,Nikita Moskalenko <nim@wip.tu-berlin.de>
World,FRT_Road_H2,H2,1,2038,0.72746,,PJ,interpolated,30.03.2026,Nikita Moskalenko <nim@wip.tu-berlin.de>
World,FRT_Road_H2,H2,1,2039,0.71608,,PJ,interpolated,30.03.2026,Nikita Moskalenko <nim@wip.tu-berlin.de>
World,FRT_Road_ICE,Oil,1,2026,2.10928,,PJ,interpolated,30.03.2026,Nikita Moskalenko <nim@wip.tu-berlin.de>
World,FRT_Road_ICE,Oil,1,2027,2.07166,,PJ,interpolated,30.03.2026,Nikita Moskalenko <nim@wip.tu-berlin.de>
World,FRT_Road_ICE,Oil,1,2028,2.03404,,PJ,interpolated,30.03.2026,Nikita Moskalenko <nim@wip.tu-berlin.de>
World,FRT_Road_ICE,Oil,1,2029,1.99642,,PJ,interpolated,30.03.2026,Nikita Moskalenko <nim@wip.tu-berlin.de>
World,FRT_Road_ICE,Oil,1,2031,1.9588,,PJ,interpolated,30.03.2026,Nikita Moskalenko <nim@wip.tu-berlin.de>
World,FRT_Road_ICE,Oil,1,2032,1.9588,,PJ,interpolated,30.03.2026,Nikita Moskalenko <nim@wip.tu-berlin.de>
World,FRT_Road_ICE,Oil,1,2033,1.9588,,PJ,interpolated,30.03.2026,Nikita Moskalenko <nim@wip.tu-berlin.de>
World,FRT_Road_ICE,Oil,1,2034,1.9588,,PJ,interpolated,30.03.2026,Nikita Moskalenko <nim@wip.tu-berlin.de>
World,FRT_Road_ICE,Oil,1,2036,1.88776,,PJ,interpolated,30.03.2026,Nikita Moskalenko <nim@wip.tu-berlin.de>
World,FRT_Road_ICE,Oil,1,2037,1.81672,,PJ,interpolated,30.03.2026,Nikita Moskalenko <nim@wip.tu-berlin.de>
World,FRT_Road_ICE,Oil,1,2038,1.74568,,PJ,interpolated,30.03.2026,Nikita Moskalenko <nim@wip.tu-berlin.de>
World,FRT_Road_ICE,Oil,1,2039,1.67464,,PJ,interpolated,30.03.2026,Nikita Moskalenko <nim@wip.tu-berlin.de>
World,FRT_Road_ICE,Biofuel,2,2026,2.10928,,PJ,interpolated,30.03.2026,Nikita Moskalenko <nim@wip.tu-berlin.de>
World,FRT_Road_ICE,Biofuel,2,2027,2.07166,,PJ,interpolated,30.03.2026,Nikita Moskalenko <nim@wip.tu-berlin.de>
World,FRT_Road_ICE,Biofuel,2,2028,2.03404,,PJ,interpolated,30.03.2026,Nikita Moskalenko <nim@wip.tu-berlin.de>
World,FRT_Road_ICE,Biofuel,2,2029,1.99642,,PJ,interpolated,30.03.2026,Nikita Moskalenko <nim@wip.tu-berlin.de>
World,FRT_Road_ICE,Biofuel,2,2031,1.9588,,PJ,interpolated,30.03.2026,Nikita Moskalenko <nim@wip.tu-berlin.de>
World,FRT_Road_ICE,Biofuel,2,2032,1.9588,,PJ,interpolated,30.03.2026,Nikita Moskalenko <nim@wip.tu-berlin.de>
World,FRT_Road_ICE,Biofuel,2,2033,1.9588,,PJ,interpolated,30.03.2026,Nikita Moskalenko <nim@wip.tu-berlin.de>
World,FRT_Road_ICE,Biofuel,2,2034,1.9588,,PJ,interpolated,30.03.2026,Nikita Moskalenko <nim@wip.tu-berlin.de>
World,FRT_Road_ICE,Biofuel,2,2036,1.88776,,PJ,interpolated,30.03.2026,Nikita Moskalenko <nim@wip.tu-berlin.de>
World,FRT_Road_ICE,Biofuel,2,2037,1.81672,,PJ,interpolated,30.03.2026,Nikita Moskalenko <nim@wip.tu-berlin.de>
World,FRT_Road_ICE,Biofuel,2,2038,1.74568,,PJ,interpolated,30.03.2026,Nikita Moskalenko <nim@wip.tu-berlin.de>
World,FRT_Road_ICE,Biofuel,2,2039,1.67464,,PJ,interpolated,30.03.2026,Nikita Moskalenko <nim@wip.tu-berlin.de>
World,FRT_Road_ICE,Powerfuel,3,2026,2.10928,,PJ,interpolated,30.03.2026,Nikita Moskalenko <nim@wip.tu-berlin.de>
World,FRT_Road_ICE,Powerfuel,3,2027,2.07166,,PJ,interpolated,30.03.2026,Nikita Moskalenko <nim@wip.tu-berlin.de>
World,FRT_Road_ICE,Powerfuel,3,2028,2.03404,,PJ,interpolated,30.03.2026,Nikita Moskalenko <nim@wip.tu-berlin.de>
World,FRT_Road_ICE,Powerfuel,3,2029,1.99642,,PJ,interpolated,30.03.2026,Nikita Moskalenko <nim@wip.tu-berlin.de>
World,FRT_Road_ICE,Powerfuel,3,2031,1.9588,,PJ,interpolated,30.03.2026,Nikita Moskalenko <nim@wip.tu-berlin.de>
World,FRT_Road_ICE,Powerfuel,3,2032,1.9588,,PJ,interpolated,30.03.2026,Nikita Moskalenko <nim@wip.tu-berlin.de>
World,FRT_Road_ICE,Powerfuel,3,2033,1.9588,,PJ,interpolated,30.03.2026,Nikita Moskalenko <nim@wip.tu-berlin.de>
World,FRT_Road_ICE,Powerfuel,3,2034,1.9588,,PJ,interpolated,30.03.2026,Nikita Moskalenko <nim@wip.tu-berlin.de>
World,FRT_Road_ICE,Powerfuel,3,2036,1.88776,,PJ,interpolated,30.03.2026,Nikita Moskalenko <nim@wip.tu-berlin.de>
World,FRT_Road_ICE,Powerfuel,3,2037,1.81672,,PJ,interpolated,30.03.2026,Nikita Moskalenko <nim@wip.tu-berlin.de>
World,FRT_Road_ICE,Powerfuel,3,2038,1.74568,,PJ,interpolated,30.03.2026,Nikita Moskalenko <nim@wip.tu-berlin.de>
World,FRT_Road_ICE,Powerfuel,3,2039,1.67464,,PJ,interpolated,30.03.2026,Nikita Moskalenko <nim@wip.tu-berlin.de>
World,FRT_Road_LNG,LNG,1,2026,0.96046,,PJ,interpolated,30.03.2026,Nikita Moskalenko <nim@wip.tu-berlin.de>
World,FRT_Road_LNG,LNG,1,2027,0.94242,,PJ,interpolated,30.03.2026,Nikita Moskalenko <nim@wip.tu-berlin.de>
World,FRT_Road_LNG,LNG,1,2028,0.92438,,PJ,interpolated,30.03.2026,Nikita Moskalenko <nim@wip.tu-berlin.de>
World,FRT_Road_LNG,LNG,1,2029,0.90634,,PJ,interpolated,30.03.2026,Nikita Moskalenko <nim@wip.tu-berlin.de>
World,FRT_Road_LNG,LNG,1,2031,0.8721,,PJ,interpolated,30.03.2026,Nikita Moskalenko <nim@wip.tu-berlin.de>
World,FRT_Road_LNG,LNG,1,2032,0.8559,,PJ,interpolated,30.03.2026,Nikita Moskalenko <nim@wip.tu-berlin.de>
World,FRT_Road_LNG,LNG,1,2033,0.8397,,PJ,interpolated,30.03.2026,Nikita Moskalenko <nim@wip.tu-berlin.de>
World,FRT_Road_LNG,LNG,1,2034,0.8235,,PJ,interpolated,30.03.2026,Nikita Moskalenko <nim@wip.tu-berlin.de>
World,FRT_Road_LNG,LNG,1,2036,0.79262,,PJ,interpolated,30.03.2026,Nikita Moskalenko <nim@wip.tu-berlin.de>
World,FRT_Road_LNG,LNG,1,2037,0.77794,,PJ,interpolated,30.03.2026,Nikita Moskalenko <nim@wip.tu-berlin.de>
World,FRT_Road_LNG,LNG,1,2038,0.76326,,PJ,interpolated,30.03.2026,Nikita Moskalenko <nim@wip.tu-berlin.de>
World,FRT_Road_LNG,LNG,1,2039,0.74858,,PJ,interpolated,30.03.2026,Nikita Moskalenko <nim@wip.tu-berlin.de>
World,FRT_Road_OH,Power,1,2026,0.68154,,PJ,interpolated,30.03.2026,Nikita Moskalenko <nim@wip.tu-berlin.de>
World,FRT_Road_OH,Power,1,2027,0.67238,,PJ,interpolated,30.03.2026,Nikita Moskalenko <nim@wip.tu-berlin.de>
World,FRT_Road_OH,Power,1,2028,0.66322,,PJ,interpolated,30.03.2026,Nikita Moskalenko <nim@wip.tu-berlin.de>
World,FRT_Road_OH,Power,1,2029,0.65406,,PJ,interpolated,30.03.2026,Nikita Moskalenko <nim@wip.tu-berlin.de>
World,FRT_Road_OH,Power,1,2031,0.63608,,PJ,interpolated,30.03.2026,Nikita Moskalenko <nim@wip.tu-berlin.de>
World,FRT_Road_OH,Power,1,2032,0.62726,,PJ,interpolated,30.03.2026,Nikita Moskalenko <nim@wip.tu-berlin.de>
World,FRT_Road_OH,Power,1,2033,0.61844,,PJ,interpolated,30.03.2026,Nikita Moskalenko <nim@wip.tu-berlin.de>
World,FRT_Road_OH,Power,1,2034,0.60962,,PJ,interpolated,30.03.2026,Nikita Moskalenko <nim@wip.tu-berlin.de>
World,FRT_Road_OH,Power,1,2036,0.59224,,PJ,interpolated,30.03.2026,Nikita Moskalenko <nim@wip.tu-berlin.de>
World,FRT_Road_OH,Power,1,2037,0.58368,,PJ,interpolated,30.03.2026,Nikita Moskalenko <nim@wip.tu-berlin.de>
World,FRT_Road_OH,Power,1,2038,0.57512,,PJ,interpolated,30.03.2026,Nikita Moskalenko <nim@wip.tu-berlin.de>
World,FRT_Road_OH,Power,1,2039,0.56656,,PJ,interpolated,30.03.2026,Nikita Moskalenko <nim@wip.tu-berlin.de>
World,FRT_Road_PHEV,Oil,1,2026,2.41348,,PJ,interpolated,30.03.2026,Nikita Moskalenko <nim@wip.tu-berlin.de>
World,FRT_Road_PHEV,Oil,1,2027,2.37046,,PJ,interpolated,30.03.2026,Nikita Moskalenko <nim@wip.tu-berlin.de>
World,FRT_Road_PHEV,Oil,1,2028,2.32744,,PJ,interpolated,30.03.2026,Nikita Moskalenko <nim@wip.tu-berlin.de>
World,FRT_Road_PHEV,Oil,1,2029,2.28442,,PJ,interpolated,30.03.2026,Nikita Moskalenko <nim@wip.tu-berlin.de>
World,FRT_Road_PHEV,Oil,1,2031,2.1997,,PJ,interpolated,30.03.2026,Nikita Moskalenko <nim@wip.tu-berlin.de>
World,FRT_Road_PHEV,Oil,1,2032,2.158,,PJ,interpolated,30.03.2026,Nikita Moskalenko <nim@wip.tu-berlin.de>
World,FRT_Road_PHEV,Oil,1,2033,2.1163,,PJ,interpolated,30.03.2026,Nikita Moskalenko <nim@wip.tu-berlin.de>
World,FRT_Road_PHEV,Oil,1,2034,2.0746,,PJ,interpolated,30.03.2026,Nikita Moskalenko <nim@wip.tu-berlin.de>
World,FRT_Road_PHEV,Oil,1,2036,1.99252,,PJ,interpolated,30.03.2026,Nikita Moskalenko <nim@wip.tu-berlin.de>
World,FRT_Road_PHEV,Oil,1,2037,1.95214,,PJ,interpolated,30.03.2026,Nikita Moskalenko <nim@wip.tu-berlin.de>
World,FRT_Road_PHEV,Oil,1,2038,1.91176,,PJ,interpolated,30.03.2026,Nikita Moskalenko <nim@wip.tu-berlin.de>
World,FRT_Road_PHEV,Oil,1,2039,1.87138,,PJ,interpolated,30.03.2026,Nikita Moskalenko <nim@wip.tu-berlin.de>
World,FRT_Road_PHEV,Power,1,2026,1.2103,,PJ,interpolated,30.03.2026,Nikita Moskalenko <nim@wip.tu-berlin.de>
World,FRT_Road_PHEV,Power,1,2027,1.1941,,PJ,interpolated,30.03.2026,Nikita Moskalenko <nim@wip.tu-berlin.de>
World,FRT_Road_PHEV,Power,1,2028,1.1779,,PJ,interpolated,30.03.2026,Nikita Moskalenko <nim@wip.tu-berlin.de>
World,FRT_Road_PHEV,Power,1,2029,1.1617,,PJ,interpolated,30.03.2026,Nikita Moskalenko <nim@wip.tu-berlin.de>
World,FRT_Road_PHEV,Power,1,2031,1.1298,,PJ,interpolated,30.03.2026,Nikita Moskalenko <nim@wip.tu-berlin.de>
World,FRT_Road_PHEV,Power,1,2032,1.1141,,PJ,interpolated,30.03.2026,Nikita Moskalenko <nim@wip.tu-berlin.de>
World,FRT_Road_PHEV,Power,1,2033,1.0984,,PJ,interpolated,30.03.2026,Nikita Moskalenko <nim@wip.tu-berlin.de>
World,FRT_Road_PHEV,Power,1,2034,1.0827,,PJ,interpolated,30.03.2026,Nikita Moskalenko <nim@wip.tu-berlin.de>
World,FRT_Road_PHEV,Power,1,2036,1.05178,,PJ,interpolated,30.03.2026,Nikita Moskalenko <nim@wip.tu-berlin.de>
World,FRT_Road_PHEV,Power,1,2037,1.03656,,PJ,interpolated,30.03.2026,Nikita Moskalenko <nim@wip.tu-berlin.de>
World,FRT_Road_PHEV,Power,1,2038,1.02134,,PJ,interpolated,30.03.2026,Nikita Moskalenko <nim@wip.tu-berlin.de>
World,FRT_Road_PHEV,Power,1,2039,1.00612,,PJ,interpolated,30.03.2026,Nikita Moskalenko <nim@wip.tu-berlin.de>
World,FRT_Road_PHEV,Biofuel,2,2026,2.41348,,PJ,interpolated,30.03.2026,Nikita Moskalenko <nim@wip.tu-berlin.de>
World,FRT_Road_PHEV,Biofuel,2,2027,2.37046,,PJ,interpolated,30.03.2026,Nikita Moskalenko <nim@wip.tu-berlin.de>
World,FRT_Road_PHEV,Biofuel,2,2028,2.32744,,PJ,interpolated,30.03.2026,Nikita Moskalenko <nim@wip.tu-berlin.de>
World,FRT_Road_PHEV,Biofuel,2,2029,2.28442,,PJ,interpolated,30.03.2026,Nikita Moskalenko <nim@wip.tu-berlin.de>
World,FRT_Road_PHEV,Biofuel,2,2031,2.1997,,PJ,interpolated,30.03.2026,Nikita Moskalenko <nim@wip.tu-berlin.de>
World,FRT_Road_PHEV,Biofuel,2,2032,2.158,,PJ,interpolated,30.03.2026,Nikita Moskalenko <nim@wip.tu-berlin.de>
World,FRT_Road_PHEV,Biofuel,2,2033,2.1163,,PJ,interpolated,30.03.2026,Nikita Moskalenko <nim@wip.tu-berlin.de>
World,FRT_Road_PHEV,Biofuel,2,2034,2.0746,,PJ,interpolated,30.03.2026,Nikita Moskalenko <nim@wip.tu-berlin.de>
World,FRT_Road_PHEV,Biofuel,2,2036,1.99252,,PJ,interpolated,30.03.2026,Nikita Moskalenko <nim@wip.tu-berlin.de>
World,FRT_Road_PHEV,Biofuel,2,2037,1.95214,,PJ,interpolated,30.03.2026,Nikita Moskalenko <nim@wip.tu-berlin.de>
World,FRT_Road_PHEV,Biofuel,2,2038,1.91176,,PJ,interpolated,30.03.2026,Nikita Moskalenko <nim@wip.tu-berlin.de>
World,FRT_Road_PHEV,Biofuel,2,2039,1.87138,,PJ,interpolated,30.03.2026,Nikita Moskalenko <nim@wip.tu-berlin.de>
World,FRT_Road_PHEV,Power,2,2026,1.2103,,PJ,interpolated,30.03.2026,Nikita Moskalenko <nim@wip.tu-berlin.de>
World,FRT_Road_PHEV,Power,2,2027,1.1941,,PJ,interpolated,30.03.2026,Nikita Moskalenko <nim@wip.tu-berlin.de>
World,FRT_Road_PHEV,Power,2,2028,1.1779,,PJ,interpolated,30.03.2026,Nikita Moskalenko <nim@wip.tu-berlin.de>
World,FRT_Road_PHEV,Power,2,2029,1.1617,,PJ,interpolated,30.03.2026,Nikita Moskalenko <nim@wip.tu-berlin.de>
World,FRT_Road_PHEV,Power,2,2031,1.1298,,PJ,interpolated,30.03.2026,Nikita Moskalenko <nim@wip.tu-berlin.de>
World,FRT_Road_PHEV,Power,2,2032,1.1141,,PJ,interpolated,30.03.2026,Nikita Moskalenko <nim@wip.tu-berlin.de>
World,FRT_Road_PHEV,Power,2,2033,1.0984,,PJ,interpolated,30.03.2026,Nikita Moskalenko <nim@wip.tu-berlin.de>
World,FRT_Road_PHEV,Power,2,2034,1.0827,,PJ,interpolated,30.03.2026,Nikita Moskalenko <nim@wip.tu-berlin.de>
World,FRT_Road_PHEV,Power,2,2036,1.05178,,PJ,interpolated,30.03.2026,Nikita Moskalenko <nim@wip.tu-berlin.de>
World,FRT_Road_PHEV,Power,2,2037,1.03656,,PJ,interpolated,30.03.2026,Nikita Moskalenko <nim@wip.tu-berlin.de>
World,FRT_Road_PHEV,Power,2,2038,1.02134,,PJ,interpolated,30.03.2026,Nikita Moskalenko <nim@wip.tu-berlin.de>
World,FRT_Road_PHEV,Power,2,2039,1.00612,,PJ,interpolated,30.03.2026,Nikita Moskalenko <nim@wip.tu-berlin.de>
World,FRT_Road_PHEV,Power,3,2026,1.2103,,PJ,interpolated,30.03.2026,Nikita Moskalenko <nim@wip.tu-berlin.de>
World,FRT_Road_PHEV,Power,3,2027,1.1941,,PJ,interpolated,30.03.2026,Nikita Moskalenko <nim@wip.tu-berlin.de>
World,FRT_Road_PHEV,Power,3,2028,1.1779,,PJ,interpolated,30.03.2026,Nikita Moskalenko <nim@wip.tu-berlin.de>
World,FRT_Road_PHEV,Power,3,2029,1.1617,,PJ,interpolated,30.03.2026,Nikita Moskalenko <nim@wip.tu-berlin.de>
World,FRT_Road_PHEV,Power,3,2031,1.1298,,PJ,interpolated,30.03.2026,Nikita Moskalenko <nim@wip.tu-berlin.de>
World,FRT_Road_PHEV,Power,3,2032,1.1141,,PJ,interpolated,30.03.2026,Nikita Moskalenko <nim@wip.tu-berlin.de>
World,FRT_Road_PHEV,Power,3,2033,1.0984,,PJ,interpolated,30.03.2026,Nikita Moskalenko <nim@wip.tu-berlin.de>
World,FRT_Road_PHEV,Power,3,2034,1.0827,,PJ,interpolated,30.03.2026,Nikita Moskalenko <nim@wip.tu-berlin.de>
World,FRT_Road_PHEV,Power,3,2036,1.05178,,PJ,interpolated,30.03.2026,Nikita Moskalenko <nim@wip.tu-berlin.de>
World,FRT_Road_PHEV,Power,3,2037,1.03656,,PJ,interpolated,30.03.2026,Nikita Moskalenko <nim@wip.tu-berlin.de>
World,FRT_Road_PHEV,Power,3,2038,1.02134,,PJ,interpolated,30.03.2026,Nikita Moskalenko <nim@wip.tu-berlin.de>
World,FRT_Road_PHEV,Power,3,2039,1.00612,,PJ,interpolated,30.03.2026,Nikita Moskalenko <nim@wip.tu-berlin.de>
World,FRT_Road_PHEV,Powerfuel,3,2026,2.41348,,PJ,interpolated,30.03.2026,Nikita Moskalenko <nim@wip.tu-berlin.de>
World,FRT_Road_PHEV,Powerfuel,3,2027,2.37046,,PJ,interpolated,30.03.2026,Nikita Moskalenko <nim@wip.tu-berlin.de>
World,FRT_Road_PHEV,Powerfuel,3,2028,2.32744,,PJ,interpolated,30.03.2026,Nikita Moskalenko <nim@wip.tu-berlin.de>
World,FRT_Road_PHEV,Powerfuel,3,2029,2.28442,,PJ,interpolated,30.03.2026,Nikita Moskalenko <nim@wip.tu-berlin.de>
World,FRT_Road_PHEV,Powerfuel,3,2031,2.1997,,PJ,interpolated,30.03.2026,Nikita Moskalenko <nim@wip.tu-berlin.de>
World,FRT_Road_PHEV,Powerfuel,3,2032,2.158,,PJ,interpolated,30.03.2026,Nikita Moskalenko <nim@wip.tu-berlin.de>
World,FRT_Road_PHEV,Powerfuel,3,2033,2.1163,,PJ,interpolated,30.03.2026,Nikita Moskalenko <nim@wip.tu-berlin.de>
World,FRT_Road_PHEV,Powerfuel,3,2034,2.0746,,PJ,interpolated,30.03.2026,Nikita Moskalenko <nim@wip.tu-berlin.de>
World,FRT_Road_PHEV,Powerfuel,3,2036,1.99252,,PJ,interpolated,30.03.2026,Nikita Moskalenko <nim@wip.tu-berlin.de>
World,FRT_Road_PHEV,Powerfuel,3,2037,1.95214,,PJ,interpolated,30.03.2026,Nikita Moskalenko <nim@wip.tu-berlin.de>
World,FRT_Road_PHEV,Powerfuel,3,2038,1.91176,,PJ,interpolated,30.03.2026,Nikita Moskalenko <nim@wip.tu-berlin.de>
World,FRT_Road_PHEV,Powerfuel,3,2039,1.87138,,PJ,interpolated,30.03.2026,Nikita Moskalenko <nim@wip.tu-berlin.de>
World,FRT_Ship_Bio,Biofuel,1,2026,0.22496,,PJ,interpolated,29.08.2024,Nikita Moskalenko <nim@wip.tu-berlin.de>
World,FRT_Ship_Bio,Biofuel,1,2027,0.22362,,PJ,interpolated,29.08.2024,Nikita Moskalenko <nim@wip.tu-berlin.de>
World,FRT_Ship_Bio,Biofuel,1,2028,0.22228,,PJ,interpolated,29.08.2024,Nikita Moskalenko <nim@wip.tu-berlin.de>
World,FRT_Ship_Bio,Biofuel,1,2029,0.22094,,PJ,interpolated,29.08.2024,Nikita Moskalenko <nim@wip.tu-berlin.de>
World,FRT_Ship_Bio,Biofuel,1,2031,0.2196,,PJ,interpolated,29.08.2024,Nikita Moskalenko <nim@wip.tu-berlin.de>
World,FRT_Ship_Bio,Biofuel,1,2032,0.2196,,PJ,interpolated,29.08.2024,Nikita Moskalenko <nim@wip.tu-berlin.de>
World,FRT_Ship_Bio,Biofuel,1,2033,0.2196,,PJ,interpolated,29.08.2024,Nikita Moskalenko <nim@wip.tu-berlin.de>
World,FRT_Ship_Bio,Biofuel,1,2034,0.2196,,PJ,interpolated,29.08.2024,Nikita Moskalenko <nim@wip.tu-berlin.de>
World,FRT_Ship_Bio,Biofuel,1,2036,0.2196,,PJ,interpolated,29.08.2024,Nikita Moskalenko <nim@wip.tu-berlin.de>
World,FRT_Ship_Bio,Biofuel,1,2037,0.2196,,PJ,interpolated,29.08.2024,Nikita Moskalenko <nim@wip.tu-berlin.de>
World,FRT_Ship_Bio,Biofuel,1,2038,0.2196,,PJ,interpolated,29.08.2024,Nikita Moskalenko <nim@wip.tu-berlin.de>
World,FRT_Ship_Bio,Biofuel,1,2039,0.2196,,PJ,interpolated,29.08.2024,Nikita Moskalenko <nim@wip.tu-berlin.de>
World,FRT_Ship_Conv,Oil,1,2026,0.19454,,PJ,interpolated,29.08.2024,Nikita Moskalenko <nim@wip.tu-berlin.de>
World,FRT_Ship_Conv,Oil,1,2027,0.19338,,PJ,interpolated,29.08.2024,Nikita Moskalenko <nim@wip.tu-berlin.de>
World,FRT_Ship_Conv,Oil,1,2028,0.19222,,PJ,interpolated,29.08.2024,Nikita Moskalenko <nim@wip.tu-berlin.de>
World,FRT_Ship_Conv,Oil,1,2029,0.19106,,PJ,interpolated,29.08.2024,Nikita Moskalenko <nim@wip.tu-berlin.de>
World,FRT_Ship_Conv,Oil,1,2031,0.1899,,PJ,interpolated,29.08.2024,Nikita Moskalenko <nim@wip.tu-berlin.de>
World,FRT_Ship_Conv,Oil,1,2032,0.1899,,PJ,interpolated,29.08.2024,Nikita Moskalenko <nim@wip.tu-berlin.de>
World,FRT_Ship_Conv,Oil,1,2033,0.1899,,PJ,interpolated,29.08.2024,Nikita Moskalenko <nim@wip.tu-berlin.de>
World,FRT_Ship_Conv,Oil,1,2034,0.1899,,PJ,interpolated,29.08.2024,Nikita Moskalenko <nim@wip.tu-berlin.de>
World,FRT_Ship_Conv,Oil,1,2036,0.1899,,PJ,interpolated,29.08.2024,Nikita Moskalenko <nim@wip.tu-berlin.de>
World,FRT_Ship_Conv,Oil,1,2037,0.1899,,PJ,interpolated,29.08.2024,Nikita Moskalenko <nim@wip.tu-berlin.de>
World,FRT_Ship_Conv,Oil,1,2038,0.1899,,PJ,interpolated,29.08.2024,Nikita Moskalenko <nim@wip.tu-berlin.de>
World,FRT_Ship_Conv,Oil,1,2039,0.1899,,PJ,interpolated,29.08.2024,Nikita Moskalenko <nim@wip.tu-berlin.de>
World,FRT_Ship_Conv,Powerfuel,2,2026,0.19454,,PJ,interpolated,29.08.2024,Nikita Moskalenko <nim@wip.tu-berlin.de>
World,FRT_Ship_Conv,Powerfuel,2,2027,0.19338,,PJ,interpolated,29.08.2024,Nikita Moskalenko <nim@wip.tu-berlin.de>
World,FRT_Ship_Conv,Powerfuel,2,2028,0.19222,,PJ,interpolated,29.08.2024,Nikita Moskalenko <nim@wip.tu-berlin.de>
World,FRT_Ship_Conv,Powerfuel,2,2029,0.19106,,PJ,interpolated,29.08.2024,Nikita Moskalenko <nim@wip.tu-berlin.de>
World,FRT_Ship_Conv,Powerfuel,2,2031,0.1899,,PJ,interpolated,29.08.2024,Nikita Moskalenko <nim@wip.tu-berlin.de>
World,FRT_Ship_Conv,Powerfuel,2,2032,0.1899,,PJ,interpolated,29.08.2024,Nikita Moskalenko <nim@wip.tu-berlin.de>
World,FRT_Ship_Conv,Powerfuel,2,2033,0.1899,,PJ,interpolated,29.08.2024,Nikita Moskalenko <nim@wip.tu-berlin.de>
World,FRT_Ship_Conv,Powerfuel,2,2034,0.1899,,PJ,interpolated,29.08.2024,Nikita Moskalenko <nim@wip.tu-berlin.de>
World,FRT_Ship_Conv,Powerfuel,2,2036,0.1899,,PJ,interpolated,29.08.2024,Nikita Moskalenko <nim@wip.tu-berlin.de>
World,FRT_Ship_Conv,Powerfuel,2,2037,0.1899,,PJ,interpolated,29.08.2024,Nikita Moskalenko <nim@wip.tu-berlin.de>
World,FRT_Ship_Conv,Powerfuel,2,2038,0.1899,,PJ,interpolated,29.08.2024,Nikita Moskalenko <nim@wip.tu-berlin.de>
World,FRT_Ship_Conv,Powerfuel,2,2039,0.1899,,PJ,interpolated,29.08.2024,Nikita Moskalenko <nim@wip.tu-berlin.de>
World,FRT_Ship_LNG,LNG,1,2026,0.20428,,PJ,interpolated,29.08.2024,Nikita Moskalenko <nim@wip.tu-berlin.de>
World,FRT_Ship_LNG,LNG,1,2027,0.20306,,PJ,interpolated,29.08.2024,Nikita Moskalenko <nim@wip.tu-berlin.de>
World,FRT_Ship_LNG,LNG,1,2028,0.20184,,PJ,interpolated,29.08.2024,Nikita Moskalenko <nim@wip.tu-berlin.de>
World,FRT_Ship_LNG,LNG,1,2029,0.20062,,PJ,interpolated,29.08.2024,Nikita Moskalenko <nim@wip.tu-berlin.de>
World,FRT_Ship_LNG,LNG,1,2031,0.1994,,PJ,interpolated,29.08.2024,Nikita Moskalenko <nim@wip.tu-berlin.de>
World,FRT_Ship_LNG,LNG,1,2032,0.1994,,PJ,interpolated,29.08.2024,Nikita Moskalenko <nim@wip.tu-berlin.de>
World,FRT_Ship_LNG,LNG,1,2033,0.1994,,PJ,interpolated,29.08.2024,Nikita Moskalenko <nim@wip.tu-berlin.de>
World,FRT_Ship_LNG,LNG,1,2034,0.1994,,PJ,interpolated,29.08.2024,Nikita Moskalenko <nim@wip.tu-berlin.de>
World,FRT_Ship_LNG,LNG,1,2036,0.1994,,PJ,interpolated,29.08.2024,Nikita Moskalenko <nim@wip.tu-berlin.de>
World,FRT_Ship_LNG,LNG,1,2037,0.1994,,PJ,interpolated,29.08.2024,Nikita Moskalenko <nim@wip.tu-berlin.de>
World,FRT_Ship_LNG,LNG,1,2038,0.1994,,PJ,interpolated,29.08.2024,Nikita Moskalenko <nim@wip.tu-berlin.de>
World,FRT_Ship_LNG,LNG,1,2039,0.1994,,PJ,interpolated,29.08.2024,Nikita Moskalenko <nim@wip.tu-berlin.de>
World,HB_Biomass,Biomass,1,2026,1.11268,,PJ,interpolated,20.08.2024,Nikita Moskalenko <nim@wip.tu-berlin.de>
World,HB_Biomass,Biomass,1,2027,1.10986,,PJ,interpolated,20.08.2024,Nikita Moskalenko <nim@wip.tu-berlin.de>
World,HB_Biomass,Biomass,1,2028,1.10704,,PJ,interpolated,20.08.2024,Nikita Moskalenko <nim@wip.tu-berlin.de>
World,HB_Biomass,Biomass,1,2029,1.10422,,PJ,interpolated,20.08.2024,Nikita Moskalenko <nim@wip.tu-berlin.de>
World,HB_Biomass,Biomass,1,2031,1.09866,,PJ,interpolated,20.08.2024,Nikita Moskalenko <nim@wip.tu-berlin.de>
World,HB_Biomass,Biomass,1,2032,1.09592,,PJ,interpolated,20.08.2024,Nikita Moskalenko <nim@wip.tu-berlin.de>
World,HB_Biomass,Biomass,1,2033,1.09318,,PJ,interpolated,20.08.2024,Nikita Moskalenko <nim@wip.tu-berlin.de>
World,HB_Biomass,Biomass,1,2034,1.09044,,PJ,interpolated,20.08.2024,Nikita Moskalenko <nim@wip.tu-berlin.de>
World,HB_Biomass,Biomass,1,2036,1.08502,,PJ,interpolated,20.08.2024,Nikita Moskalenko <nim@wip.tu-berlin.de>
World,HB_Biomass,Biomass,1,2037,1.08234,,PJ,interpolated,20.08.2024,Nikita Moskalenko <nim@wip.tu-berlin.de>
World,HB_Biomass,Biomass,1,2038,1.07966,,PJ,interpolated,20.08.2024,Nikita Moskalenko <nim@wip.tu-berlin.de>
World,HB_Biomass,Biomass,1,2039,1.07698,,PJ,interpolated,20.08.2024,Nikita Moskalenko <nim@wip.tu-berlin.de>
World,HB_Gas_Boiler,Gas_Natural,1,2026,1.0288,,PJ,interpolated,20.08.2024,Nikita Moskalenko <nim@wip.tu-berlin.de>
World,HB_Gas_Boiler,Gas_Natural,1,2027,1.0267,,PJ,interpolated,20.08.2024,Nikita Moskalenko <nim@wip.tu-berlin.de>
World,HB_Gas_Boiler,Gas_Natural,1,2028,1.0246,,PJ,interpolated,20.08.2024,Nikita Moskalenko <nim@wip.tu-berlin.de>
World,HB_Gas_Boiler,Gas_Natural,1,2029,1.0225,,PJ,interpolated,20.08.2024,Nikita Moskalenko <nim@wip.tu-berlin.de>
World,HB_Gas_Boiler,Gas_Natural,1,2031,1.01936,,PJ,interpolated,20.08.2024,Nikita Moskalenko <nim@wip.tu-berlin.de>
World,HB_Gas_Boiler,Gas_Natural,1,2032,1.01832,,PJ,interpolated,20.08.2024,Nikita Moskalenko <nim@wip.tu-berlin.de>
World,HB_Gas_Boiler,Gas_Natural,1,2033,1.01728,,PJ,interpolated,20.08.2024,Nikita Moskalenko <nim@wip.tu-berlin.de>
World,HB_Gas_Boiler,Gas_Natural,1,2034,1.01624,,PJ,interpolated,20.08.2024,Nikita Moskalenko <nim@wip.tu-berlin.de>
World,HB_Gas_Boiler,Gas_Natural,1,2036,1.01418,,PJ,interpolated,20.08.2024,Nikita Moskalenko <nim@wip.tu-berlin.de>
World,HB_Gas_Boiler,Gas_Natural,1,2037,1.01316,,PJ,interpolated,20.08.2024,Nikita Moskalenko <nim@wip.tu-berlin.de>
World,HB_Gas_Boiler,Gas_Natural,1,2038,1.01214,,PJ,interpolated,20.08.2024,Nikita Moskalenko <nim@wip.tu-berlin.de>
World,HB_Gas_Boiler,Gas_Natural,1,2039,1.01112,,PJ,interpolated,20.08.2024,Nikita Moskalenko <nim@wip.tu-berlin.de>
World,HB_Gas_Boiler,Gas_Bio,2,2026,1.0288,,PJ,interpolated,20.08.2024,Nikita Moskalenko <nim@wip.tu-berlin.de>
World,HB_Gas_Boiler,Gas_Bio,2,2027,1.0267,,PJ,interpolated,20.08.2024,Nikita Moskalenko <nim@wip.tu-berlin.de>
World,HB_Gas_Boiler,Gas_Bio,2,2028,1.0246,,PJ,interpolated,20.08.2024,Nikita Moskalenko <nim@wip.tu-berlin.de>
World,HB_Gas_Boiler,Gas_Bio,2,2029,1.0225,,PJ,interpolated,20.08.2024,Nikita Moskalenko <nim@wip.tu-berlin.de>
World,HB_Gas_Boiler,Gas_Bio,2,2031,1.01936,,PJ,interpolated,20.08.2024,Nikita Moskalenko <nim@wip.tu-berlin.de>
World,HB_Gas_Boiler,Gas_Bio,2,2032,1.01832,,PJ,interpolated,20.08.2024,Nikita Moskalenko <nim@wip.tu-berlin.de>
World,HB_Gas_Boiler,Gas_Bio,2,2033,1.01728,,PJ,interpolated,20.08.2024,Nikita Moskalenko <nim@wip.tu-berlin.de>
World,HB_Gas_Boiler,Gas_Bio,2,2034,1.01624,,PJ,interpolated,20.08.2024,Nikita Moskalenko <nim@wip.tu-berlin.de>
World,HB_Gas_Boiler,Gas_Bio,2,2036,1.01418,,PJ,interpolated,20.08.2024,Nikita Moskalenko <nim@wip.tu-berlin.de>
World,HB_Gas_Boiler,Gas_Bio,2,2037,1.01316,,PJ,interpolated,20.08.2024,Nikita Moskalenko <nim@wip.tu-berlin.de>
World,HB_Gas_Boiler,Gas_Bio,2,2038,1.01214,,PJ,interpolated,20.08.2024,Nikita Moskalenko <nim@wip.tu-berlin.de>
World,HB_Gas_Boiler,Gas_Bio,2,2039,1.01112,,PJ,interpolated,20.08.2024,Nikita Moskalenko <nim@wip.tu-berlin.de>
World,HB_Gas_Boiler,Gas_Synth,3,2026,1.0288,,PJ,interpolated,20.08.2024,Nikita Moskalenko <nim@wip.tu-berlin.de>
World,HB_Gas_Boiler,Gas_Synth,3,2027,1.0267,,PJ,interpolated,20.08.2024,Nikita Moskalenko <nim@wip.tu-berlin.de>
World,HB_Gas_Boiler,Gas_Synth,3,2028,1.0246,,PJ,interpolated,20.08.2024,Nikita Moskalenko <nim@wip.tu-berlin.de>
World,HB_Gas_Boiler,Gas_Synth,3,2029,1.0225,,PJ,interpolated,20.08.2024,Nikita Moskalenko <nim@wip.tu-berlin.de>
World,HB_Gas_Boiler,Gas_Synth,3,2031,1.01936,,PJ,interpolated,20.08.2024,Nikita Moskalenko <nim@wip.tu-berlin.de>
World,HB_Gas_Boiler,Gas_Synth,3,2032,1.01832,,PJ,interpolated,20.08.2024,Nikita Moskalenko <nim@wip.tu-berlin.de>
World,HB_Gas_Boiler,Gas_Synth,3,2033,1.01728,,PJ,interpolated,20.08.2024,Nikita Moskalenko <nim@wip.tu-berlin.de>
World,HB_Gas_Boiler,Gas_Synth,3,2034,1.01624,,PJ,interpolated,20.08.2024,Nikita Moskalenko <nim@wip.tu-berlin.de>
World,HB_Gas_Boiler,Gas_Synth,3,2036,1.01418,,PJ,interpolated,20.08.2024,Nikita Moskalenko <nim@wip.tu-berlin.de>
World,HB_Gas_Boiler,Gas_Synth,3,2037,1.01316,,PJ,interpolated,20.08.2024,Nikita Moskalenko <nim@wip.tu-berlin.de>
World,HB_Gas_Boiler,Gas_Synth,3,2038,1.01214,,PJ,interpolated,20.08.2024,Nikita Moskalenko <nim@wip.tu-berlin.de>
World,HB_Gas_Boiler,Gas_Synth,3,2039,1.01112,,PJ,interpolated,20.08.2024,Nikita Moskalenko <nim@wip.tu-berlin.de>
World,HB_H2_Boiler,H2,1,2026,1.1013,,PJ,interpolated,20.08.2024,Nikita Moskalenko <nim@wip.tu-berlin.de>
World,HB_H2_Boiler,H2,1,2027,1.0997,,PJ,interpolated,20.08.2024,Nikita Moskalenko <nim@wip.tu-berlin.de>
World,HB_H2_Boiler,H2,1,2028,1.0981,,PJ,interpolated,20.08.2024,Nikita Moskalenko <nim@wip.tu-berlin.de>
World,HB_H2_Boiler,H2,1,2029,1.0965,,PJ,interpolated,20.08.2024,Nikita Moskalenko <nim@wip.tu-berlin.de>
World,HB_H2_Boiler,H2,1,2031,1.09332,,PJ,interpolated,20.08.2024,Nikita Moskalenko <nim@wip.tu-berlin.de>
World,HB_H2_Boiler,H2,1,2032,1.09174,,PJ,interpolated,20.08.2024,Nikita Moskalenko <nim@wip.tu-berlin.de>
World,HB_H2_Boiler,H2,1,2033,1.09016,,PJ,interpolated,20.08.2024,Nikita Moskalenko <nim@wip.tu-berlin.de>
World,HB_H2_Boiler,H2,1,2034,1.08858,,PJ,interpolated,20.08.2024,Nikita Moskalenko <nim@wip.tu-berlin.de>
World,HB_H2_Boiler,H2,1,2036,1.08542,,PJ,interpolated,20.08.2024,Nikita Moskalenko <nim@wip.tu-berlin.de>
World,HB_H2_Boiler,H2,1,2037,1.08384,,PJ,interpolated,20.08.2024,Nikita Moskalenko <nim@wip.tu-berlin.de>
World,HB_H2_Boiler,H2,1,2038,1.08226,,PJ,interpolated,20.08.2024,Nikita Moskalenko <nim@wip.tu-berlin.de>
World,HB_H2_Boiler,H2,1,2039,1.08068,,PJ,interpolated,20.08.2024,Nikita Moskalenko <nim@wip.tu-berlin.de>
World,HB_Hardcoal,Hardcoal,1,2026,1.12362,,PJ,interpolated,20.08.2024,Nikita Moskalenko <nim@wip.tu-berlin.de>
World,HB_Hardcoal,Hardcoal,1,2027,1.12204,,PJ,interpolated,20.08.2024,Nikita Moskalenko <nim@wip.tu-berlin.de>
World,HB_Hardcoal,Hardcoal,1,2028,1.12046,,PJ,interpolated,20.08.2024,Nikita Moskalenko <nim@wip.tu-berlin.de>
World,HB_Hardcoal,Hardcoal,1,2029,1.11888,,PJ,interpolated,20.08.2024,Nikita Moskalenko <nim@wip.tu-berlin.de>
World,HB_Hardcoal,Hardcoal,1,2031,1.11576,,PJ,interpolated,20.08.2024,Nikita Moskalenko <nim@wip.tu-berlin.de>
World,HB_Hardcoal,Hardcoal,1,2032,1.11422,,PJ,interpolated,20.08.2024,Nikita Moskalenko <nim@wip.tu-berlin.de>
World,HB_Hardcoal,Hardcoal,1,2033,1.11268,,PJ,interpolated,20.08.2024,Nikita Moskalenko <nim@wip.tu-berlin.de>
World,HB_Hardcoal,Hardcoal,1,2034,1.11114,,PJ,interpolated,20.08.2024,Nikita Moskalenko <nim@wip.tu-berlin.de>
World,HB_Hardcoal,Hardcoal,1,2036,1.10806,,PJ,interpolated,20.08.2024,Nikita Moskalenko <nim@wip.tu-berlin.de>
World,HB_Hardcoal,Hardcoal,1,2037,1.10652,,PJ,interpolated,20.08.2024,Nikita Moskalenko <nim@wip.tu-berlin.de>
World,HB_Hardcoal,Hardcoal,1,2038,1.10498,,PJ,interpolated,20.08.2024,Nikita Moskalenko <nim@wip.tu-berlin.de>
World,HB_Hardcoal,Hardcoal,1,2039,1.10344,,PJ,interpolated,20.08.2024,Nikita Moskalenko <nim@wip.tu-berlin.de>
World,HB_Heatpump_Aerial,Power,1,2026,0.32114,,PJ,interpolated,20.08.2024,Nikita Moskalenko <nim@wip.tu-berlin.de>
World,HB_Heatpump_Aerial,Power,1,2027,0.31838,,PJ,interpolated,20.08.2024,Nikita Moskalenko <nim@wip.tu-berlin.de>
World,HB_Heatpump_Aerial,Power,1,2028,0.31562,,PJ,interpolated,20.08.2024,Nikita Moskalenko <nim@wip.tu-berlin.de>
World,HB_Heatpump_Aerial,Power,1,2029,0.31286,,PJ,interpolated,20.08.2024,Nikita Moskalenko <nim@wip.tu-berlin.de>
World,HB_Heatpump_Aerial,Power,1,2031,0.30868,,PJ,interpolated,20.08.2024,Nikita Moskalenko <nim@wip.tu-berlin.de>
World,HB_Heatpump_Aerial,Power,1,2032,0.30726,,PJ,interpolated,20.08.2024,Nikita Moskalenko <nim@wip.tu-berlin.de>
World,HB_Heatpump_Aerial,Power,1,2033,0.30584,,PJ,interpolated,20.08.2024,Nikita Moskalenko <nim@wip.tu-berlin.de>
World,HB_Heatpump_Aerial,Power,1,2034,0.30442,,PJ,interpolated,20.08.2024,Nikita Moskalenko <nim@wip.tu-berlin.de>
World,HB_Heatpump_Aerial,Power,1,2036,0.30166,,PJ,interpolated,20.08.2024,Nikita Moskalenko <nim@wip.tu-berlin.de>
World,HB_Heatpump_Aerial,Power,1,2037,0.30032,,PJ,interpolated,20.08.2024,Nikita Moskalenko <nim@wip.tu-berlin.de>
World,HB_Heatpump_Aerial,Power,1,2038,0.29898,,PJ,interpolated,20.08.2024,Nikita Moskalenko <nim@wip.tu-berlin.de>
World,HB_Heatpump_Aerial,Power,1,2039,0.29764,,PJ,interpolated,20.08.2024,Nikita Moskalenko <nim@wip.tu-berlin.de>
World,HB_Heatpump_Ground,Power,1,2026,0.30122,,PJ,interpolated,20.08.2024,Nikita Moskalenko <nim@wip.tu-berlin.de>
World,HB_Heatpump_Ground,Power,1,2027,0.29944,,PJ,interpolated,20.08.2024,Nikita Moskalenko <nim@wip.tu-berlin.de>
World,HB_Heatpump_Ground,Power,1,2028,0.29766,,PJ,interpolated,20.08.2024,Nikita Moskalenko <nim@wip.tu-berlin.de>
World,HB_Heatpump_Ground,Power,1,2029,0.29588,,PJ,interpolated,20.08.2024,Nikita Moskalenko <nim@wip.tu-berlin.de>
World,HB_Heatpump_Ground,Power,1,2031,0.29284,,PJ,interpolated,20.08.2024,Nikita Moskalenko <nim@wip.tu-berlin.de>
World,HB_Heatpump_Ground,Power,1,2032,0.29158,,PJ,interpolated,20.08.2024,Nikita Moskalenko <nim@wip.tu-berlin.de>
World,HB_Heatpump_Ground,Power,1,2033,0.29032,,PJ,interpolated,20.08.2024,Nikita Moskalenko <nim@wip.tu-berlin.de>
World,HB_Heatpump_Ground,Power,1,2034,0.28906,,PJ,interpolated,20.08.2024,Nikita Moskalenko <nim@wip.tu-berlin.de>
World,HB_Heatpump_Ground,Power,1,2036,0.28658,,PJ,interpolated,20.08.2024,Nikita Moskalenko <nim@wip.tu-berlin.de>
World,HB_Heatpump_Ground,Power,1,2037,0.28536,,PJ,interpolated,20.08.2024,Nikita Moskalenko <nim@wip.tu-berlin.de>
World,HB_Heatpump_Ground,Power,1,2038,0.28414,,PJ,interpolated,20.08.2024,Nikita Moskalenko <nim@wip.tu-berlin.de>
World,HB_Heatpump_Ground,Power,1,2039,0.28292,,PJ,interpolated,20.08.2024,Nikita Moskalenko <nim@wip.tu-berlin.de>
World,HB_Lignite,Lignite,1,2026,1.12362,,PJ,interpolated,20.08.2024,Nikita Moskalenko <nim@wip.tu-berlin.de>
World,HB_Lignite,Lignite,1,2027,1.12204,,PJ,interpolated,20.08.2024,Nikita Moskalenko <nim@wip.tu-berlin.de>
World,HB_Lignite,Lignite,1,2028,1.12046,,PJ,interpolated,20.08.2024,Nikita Moskalenko <nim@wip.tu-berlin.de>
World,HB_Lignite,Lignite,1,2029,1.11888,,PJ,interpolated,20.08.2024,Nikita Moskalenko <nim@wip.tu-berlin.de>
World,HB_Lignite,Lignite,1,2031,1.11576,,PJ,interpolated,20.08.2024,Nikita Moskalenko <nim@wip.tu-berlin.de>
World,HB_Lignite,Lignite,1,2032,1.11422,,PJ,interpolated,20.08.2024,Nikita Moskalenko <nim@wip.tu-berlin.de>
World,HB_Lignite,Lignite,1,2033,1.11268,,PJ,interpolated,20.08.2024,Nikita Moskalenko <nim@wip.tu-berlin.de>
World,HB_Lignite,Lignite,1,2034,1.11114,,PJ,interpolated,20.08.2024,Nikita Moskalenko <nim@wip.tu-berlin.de>
World,HB_Lignite,Lignite,1,2036,1.10806,,PJ,interpolated,20.08.2024,Nikita Moskalenko <nim@wip.tu-berlin.de>
World,HB_Lignite,Lignite,1,2037,1.10652,,PJ,interpolated,20.08.2024,Nikita Moskalenko <nim@wip.tu-berlin.de>
World,HB_Lignite,Lignite,1,2038,1.10498,,PJ,interpolated,20.08.2024,Nikita Moskalenko <nim@wip.tu-berlin.de>
World,HB_Lignite,Lignite,1,2039,1.10344,,PJ,interpolated,20.08.2024,Nikita Moskalenko <nim@wip.tu-berlin.de>
World,HB_Oil_Boiler,Oil,1,2026,1.08466,,PJ,interpolated,20.08.2024,Nikita Moskalenko <nim@wip.tu-berlin.de>
World,HB_Oil_Boiler,Oil,1,2027,1.08232,,PJ,interpolated,20.08.2024,Nikita Moskalenko <nim@wip.tu-berlin.de>
World,HB_Oil_Boiler,Oil,1,2028,1.07998,,PJ,interpolated,20.08.2024,Nikita Moskalenko <nim@wip.tu-berlin.de>
World,HB_Oil_Boiler,Oil,1,2029,1.07764,,PJ,interpolated,20.08.2024,Nikita Moskalenko <nim@wip.tu-berlin.de>
World,HB_Oil_Boiler,Oil,1,2031,1.07414,,PJ,interpolated,20.08.2024,Nikita Moskalenko <nim@wip.tu-berlin.de>
World,HB_Oil_Boiler,Oil,1,2032,1.07298,,PJ,interpolated,20.08.2024,Nikita Moskalenko <nim@wip.tu-berlin.de>
World,HB_Oil_Boiler,Oil,1,2033,1.07182,,PJ,interpolated,20.08.2024,Nikita Moskalenko <nim@wip.tu-berlin.de>
World,HB_Oil_Boiler,Oil,1,2034,1.07066,,PJ,interpolated,20.08.2024,Nikita Moskalenko <nim@wip.tu-berlin.de>
World,HB_Oil_Boiler,Oil,1,2036,1.06836,,PJ,interpolated,20.08.2024,Nikita Moskalenko <nim@wip.tu-berlin.de>
World,HB_Oil_Boiler,Oil,1,2037,1.06722,,PJ,interpolated,20.08.2024,Nikita Moskalenko <nim@wip.tu-berlin.de>
World,HB_Oil_Boiler,Oil,1,2038,1.06608,,PJ,interpolated,20.08.2024,Nikita Moskalenko <nim@wip.tu-berlin.de>
World,HB_Oil_Boiler,Oil,1,2039,1.06494,,PJ,interpolated,20.08.2024,Nikita Moskalenko <nim@wip.tu-berlin.de>
World,HB_Solar_Thermal,Area_Rooftop_Residential,1,2026,0.1658,,km2,interpolated,,
World,HB_Solar_Thermal,Area_Rooftop_Residential,1,2027,0.1658,,km2,interpolated,,
World,HB_Solar_Thermal,Area_Rooftop_Residential,1,2028,0.1658,,km2,interpolated,,
World,HB_Solar_Thermal,Area_Rooftop_Residential,1,2029,0.1658,,km2,interpolated,,
World,HB_Solar_Thermal,Area_Rooftop_Residential,1,2031,0.1658,,km2,interpolated,,
World,HB_Solar_Thermal,Area_Rooftop_Residential,1,2032,0.1658,,km2,interpolated,,
World,HB_Solar_Thermal,Area_Rooftop_Residential,1,2033,0.1658,,km2,interpolated,,
World,HB_Solar_Thermal,Area_Rooftop_Residential,1,2034,0.1658,,km2,interpolated,,
World,HB_Solar_Thermal,Area_Rooftop_Residential,1,2036,0.1658,,km2,interpolated,,
World,HB_Solar_Thermal,Area_Rooftop_Residential,1,2037,0.1658,,km2,interpolated,,
World,HB_Solar_Thermal,Area_Rooftop_Residential,1,2038,0.1658,,km2,interpolated,,
World,HB_Solar_Thermal,Area_Rooftop_Residential,1,2039,0.1658,,km2,interpolated,,
World,HD_Heatpump_Air,Power,1,2026,0.288,,PJ,interpolated,11.10.2024,Stian Backe <stian.backe@sintef.no>
World,HD_Heatpump_Air,Power,1,2027,0.286,,PJ,interpolated,11.10.2024,Stian Backe <stian.backe@sintef.no>
World,HD_Heatpump_Air,Power,1,2028,0.284,,PJ,interpolated,11.10.2024,Stian Backe <stian.backe@sintef.no>
World,HD_Heatpump_Air,Power,1,2029,0.282,,PJ,interpolated,11.10.2024,Stian Backe <stian.backe@sintef.no>
World,HD_Heatpump_Air,Power,1,2031,0.28,,PJ,interpolated,11.10.2024,Stian Backe <stian.backe@sintef.no>
World,HD_Heatpump_Air,Power,1,2032,0.28,,PJ,interpolated,11.10.2024,Stian Backe <stian.backe@sintef.no>
World,HD_Heatpump_Air,Power,1,2033,0.28,,PJ,interpolated,11.10.2024,Stian Backe <stian.backe@sintef.no>
World,HD_Heatpump_Air,Power,1,2034,0.28,,PJ,interpolated,11.10.2024,Stian Backe <stian.backe@sintef.no>
World,HD_Heatpump_Air,Power,1,2036,0.28,,PJ,interpolated,11.10.2024,Stian Backe <stian.backe@sintef.no>
World,HD_Heatpump_Air,Power,1,2037,0.28,,PJ,interpolated,11.10.2024,Stian Backe <stian.backe@sintef.no>
World,HD_Heatpump_Air,Power,1,2038,0.28,,PJ,interpolated,11.10.2024,Stian Backe <stian.backe@sintef.no>
World,HD_Heatpump_Air,Power,1,2039,0.28,,PJ,interpolated,11.10.2024,Stian Backe <stian.backe@sintef.no>
World,HD_Heatpump_ExcessHeat,Power,1,2026,0.198,,PJ,interpolated,11.10.2024,Stian Backe <stian.backe@sintef.no>
World,HD_Heatpump_ExcessHeat,Power,1,2027,0.196,,PJ,interpolated,11.10.2024,Stian Backe <stian.backe@sintef.no>
World,HD_Heatpump_ExcessHeat,Power,1,2028,0.194,,PJ,interpolated,11.10.2024,Stian Backe <stian.backe@sintef.no>
World,HD_Heatpump_ExcessHeat,Power,1,2029,0.192,,PJ,interpolated,11.10.2024,Stian Backe <stian.backe@sintef.no>
World,HD_Heatpump_ExcessHeat,Power,1,2031,0.19,,PJ,interpolated,11.10.2024,Stian Backe <stian.backe@sintef.no>
World,HD_Heatpump_ExcessHeat,Power,1,2032,0.19,,PJ,interpolated,11.10.2024,Stian Backe <stian.backe@sintef.no>
World,HD_Heatpump_ExcessHeat,Power,1,2033,0.19,,PJ,interpolated,11.10.2024,Stian Backe <stian.backe@sintef.no>
World,HD_Heatpump_ExcessHeat,Power,1,2034,0.19,,PJ,interpolated,11.10.2024,Stian Backe <stian.backe@sintef.no>
World,HD_Heatpump_ExcessHeat,Power,1,2036,0.19,,PJ,interpolated,11.10.2024,Stian Backe <stian.backe@sintef.no>
World,HD_Heatpump_ExcessHeat,Power,1,2037,0.19,,PJ,interpolated,11.10.2024,Stian Backe <stian.backe@sintef.no>
World,HD_Heatpump_ExcessHeat,Power,1,2038,0.19,,PJ,interpolated,11.10.2024,Stian Backe <stian.backe@sintef.no>
World,HD_Heatpump_ExcessHeat,Power,1,2039,0.19,,PJ,interpolated,11.10.2024,Stian Backe <stian.backe@sintef.no>
World,HHI_BF_BOF,Hardcoal,1,2026,1.5873,,PJ,interpolated,04.09.2024,Nikita Moskalenko <nim@wip.tu-berlin.de>
World,HHI_BF_BOF,Hardcoal,1,2027,1.5873,,PJ,interpolated,04.09.2024,Nikita Moskalenko <nim@wip.tu-berlin.de>
World,HHI_BF_BOF,Hardcoal,1,2028,1.5873,,PJ,interpolated,04.09.2024,Nikita Moskalenko <nim@wip.tu-berlin.de>
World,HHI_BF_BOF,Hardcoal,1,2029,1.5873,,PJ,interpolated,04.09.2024,Nikita Moskalenko <nim@wip.tu-berlin.de>
World,HHI_BF_BOF,Hardcoal,1,2031,1.5873,,PJ,interpolated,04.09.2024,Nikita Moskalenko <nim@wip.tu-berlin.de>
World,HHI_BF_BOF,Hardcoal,1,2032,1.5873,,PJ,interpolated,04.09.2024,Nikita Moskalenko <nim@wip.tu-berlin.de>
World,HHI_BF_BOF,Hardcoal,1,2033,1.5873,,PJ,interpolated,04.09.2024,Nikita Moskalenko <nim@wip.tu-berlin.de>
World,HHI_BF_BOF,Hardcoal,1,2034,1.5873,,PJ,interpolated,04.09.2024,Nikita Moskalenko <nim@wip.tu-berlin.de>
World,HHI_BF_BOF,Hardcoal,1,2036,1.5873,,PJ,interpolated,04.09.2024,Nikita Moskalenko <nim@wip.tu-berlin.de>
World,HHI_BF_BOF,Hardcoal,1,2037,1.5873,,PJ,interpolated,04.09.2024,Nikita Moskalenko <nim@wip.tu-berlin.de>
World,HHI_BF_BOF,Hardcoal,1,2038,1.5873,,PJ,interpolated,04.09.2024,Nikita Moskalenko <nim@wip.tu-berlin.de>
World,HHI_BF_BOF,Hardcoal,1,2039,1.5873,,PJ,interpolated,04.09.2024,Nikita Moskalenko <nim@wip.tu-berlin.de>
World,HHI_BF_BOF,Gas_Natural,2,2026,0.38896,,PJ,interpolated,,
World,HHI_BF_BOF,Gas_Natural,2,2027,0.38792,,PJ,interpolated,,
World,HHI_BF_BOF,Gas_Natural,2,2028,0.38688,,PJ,interpolated,,
World,HHI_BF_BOF,Gas_Natural,2,2029,0.38584,,PJ,interpolated,,
World,HHI_BF_BOF,Gas_Natural,2,2031,0.38376,,PJ,interpolated,,
World,HHI_BF_BOF,Gas_Natural,2,2032,0.38272,,PJ,interpolated,,
World,HHI_BF_BOF,Gas_Natural,2,2033,0.38168,,PJ,interpolated,,
World,HHI_BF_BOF,Gas_Natural,2,2034,0.38064,,PJ,interpolated,,
World,HHI_BF_BOF,Gas_Natural,2,2036,0.37856,,PJ,interpolated,,
World,HHI_BF_BOF,Gas_Natural,2,2037,0.37752,,PJ,interpolated,,
World,HHI_BF_BOF,Gas_Natural,2,2038,0.37648,,PJ,interpolated,,
World,HHI_BF_BOF,Gas_Natural,2,2039,0.37544,,PJ,interpolated,,
World,HHI_BF_BOF,Hardcoal,2,2026,1.55594,,PJ,interpolated,,
World,HHI_BF_BOF,Hardcoal,2,2027,1.55178,,PJ,interpolated,,
World,HHI_BF_BOF,Hardcoal,2,2028,1.54762,,PJ,interpolated,,
World,HHI_BF_BOF,Hardcoal,2,2029,1.54346,,PJ,interpolated,,
World,HHI_BF_BOF,Hardcoal,2,2031,1.53514,,PJ,interpolated,,
World,HHI_BF_BOF,Hardcoal,2,2032,1.53098,,PJ,interpolated,,
World,HHI_BF_BOF,Hardcoal,2,2033,1.52682,,PJ,interpolated,,
World,HHI_BF_BOF,Hardcoal,2,2034,1.52266,,PJ,interpolated,,
World,HHI_BF_BOF,Hardcoal,2,2036,1.51434,,PJ,interpolated,,
World,HHI_BF_BOF,Hardcoal,2,2037,1.51018,,PJ,interpolated,,
World,HHI_BF_BOF,Hardcoal,2,2038,1.50602,,PJ,interpolated,,
World,HHI_BF_BOF,Hardcoal,2,2039,1.50186,,PJ,interpolated,,
World,HHI_BF_BOF,Gas_Synth,3,2026,0.38896,,PJ,interpolated,,
World,HHI_BF_BOF,Gas_Synth,3,2027,0.38792,,PJ,interpolated,,
World,HHI_BF_BOF,Gas_Synth,3,2028,0.38688,,PJ,interpolated,,
World,HHI_BF_BOF,Gas_Synth,3,2029,0.38584,,PJ,interpolated,,
World,HHI_BF_BOF,Gas_Synth,3,2031,0.38376,,PJ,interpolated,,
World,HHI_BF_BOF,Gas_Synth,3,2032,0.38272,,PJ,interpolated,,
World,HHI_BF_BOF,Gas_Synth,3,2033,0.38168,,PJ,interpolated,,
World,HHI_BF_BOF,Gas_Synth,3,2034,0.38064,,PJ,interpolated,,
World,HHI_BF_BOF,Gas_Synth,3,2036,0.37856,,PJ,interpolated,,
World,HHI_BF_BOF,Gas_Synth,3,2037,0.37752,,PJ,interpolated,,
World,HHI_BF_BOF,Gas_Synth,3,2038,0.37648,,PJ,interpolated,,
World,HHI_BF_BOF,Gas_Synth,3,2039,0.37544,,PJ,interpolated,,
World,HHI_BF_BOF,Hardcoal,3,2026,1.55594,,PJ,interpolated,,
World,HHI_BF_BOF,Hardcoal,3,2027,1.55178,,PJ,interpolated,,
World,HHI_BF_BOF,Hardcoal,3,2028,1.54762,,PJ,interpolated,,
World,HHI_BF_BOF,Hardcoal,3,2029,1.54346,,PJ,interpolated,,
World,HHI_BF_BOF,Hardcoal,3,2031,1.53514,,PJ,interpolated,,
World,HHI_BF_BOF,Hardcoal,3,2032,1.53098,,PJ,interpolated,,
World,HHI_BF_BOF,Hardcoal,3,2033,1.52682,,PJ,interpolated,,
World,HHI_BF_BOF,Hardcoal,3,2034,1.52266,,PJ,interpolated,,
World,HHI_BF_BOF,Hardcoal,3,2036,1.51434,,PJ,interpolated,,
World,HHI_BF_BOF,Hardcoal,3,2037,1.51018,,PJ,interpolated,,
World,HHI_BF_BOF,Hardcoal,3,2038,1.50602,,PJ,interpolated,,
World,HHI_BF_BOF,Hardcoal,3,2039,1.50186,,PJ,interpolated,,
World,HHI_BF_BOF,Gas_Bio,4,2026,0.38896,,PJ,interpolated,,
World,HHI_BF_BOF,Gas_Bio,4,2027,0.38792,,PJ,interpolated,,
World,HHI_BF_BOF,Gas_Bio,4,2028,0.38688,,PJ,interpolated,,
World,HHI_BF_BOF,Gas_Bio,4,2029,0.38584,,PJ,interpolated,,
World,HHI_BF_BOF,Gas_Bio,4,2031,0.38376,,PJ,interpolated,,
World,HHI_BF_BOF,Gas_Bio,4,2032,0.38272,,PJ,interpolated,,
World,HHI_BF_BOF,Gas_Bio,4,2033,0.38168,,PJ,interpolated,,
World,HHI_BF_BOF,Gas_Bio,4,2034,0.38064,,PJ,interpolated,,
World,HHI_BF_BOF,Gas_Bio,4,2036,0.37856,,PJ,interpolated,,
World,HHI_BF_BOF,Gas_Bio,4,2037,0.37752,,PJ,interpolated,,
World,HHI_BF_BOF,Gas_Bio,4,2038,0.37648,,PJ,interpolated,,
World,HHI_BF_BOF,Gas_Bio,4,2039,0.37544,,PJ,interpolated,,
World,HHI_BF_BOF,Hardcoal,4,2026,1.55594,,PJ,interpolated,,
World,HHI_BF_BOF,Hardcoal,4,2027,1.55178,,PJ,interpolated,,
World,HHI_BF_BOF,Hardcoal,4,2028,1.54762,,PJ,interpolated,,
World,HHI_BF_BOF,Hardcoal,4,2029,1.54346,,PJ,interpolated,,
World,HHI_BF_BOF,Hardcoal,4,2031,1.53514,,PJ,interpolated,,
World,HHI_BF_BOF,Hardcoal,4,2032,1.53098,,PJ,interpolated,,
World,HHI_BF_BOF,Hardcoal,4,2033,1.52682,,PJ,interpolated,,
World,HHI_BF_BOF,Hardcoal,4,2034,1.52266,,PJ,interpolated,,
World,HHI_BF_BOF,Hardcoal,4,2036,1.51434,,PJ,interpolated,,
World,HHI_BF_BOF,Hardcoal,4,2037,1.51018,,PJ,interpolated,,
World,HHI_BF_BOF,Hardcoal,4,2038,1.50602,,PJ,interpolated,,
World,HHI_BF_BOF,Hardcoal,4,2039,1.50186,,PJ,interpolated,,
World,HHI_BF_BOF_CCS,Hardcoal,1,2026,2.19782,,PJ,interpolated,,
World,HHI_BF_BOF_CCS,Hardcoal,1,2027,2.19194,,PJ,interpolated,,
World,HHI_BF_BOF_CCS,Hardcoal,1,2028,2.18606,,PJ,interpolated,,
World,HHI_BF_BOF_CCS,Hardcoal,1,2029,2.18018,,PJ,interpolated,,
World,HHI_BF_BOF_CCS,Hardcoal,1,2031,2.16842,,PJ,interpolated,,
World,HHI_BF_BOF_CCS,Hardcoal,1,2032,2.16254,,PJ,interpolated,,
World,HHI_BF_BOF_CCS,Hardcoal,1,2033,2.15666,,PJ,interpolated,,
World,HHI_BF_BOF_CCS,Hardcoal,1,2034,2.15078,,PJ,interpolated,,
World,HHI_BF_BOF_CCS,Hardcoal,1,2036,2.13902,,PJ,interpolated,,
World,HHI_BF_BOF_CCS,Hardcoal,1,2037,2.13314,,PJ,interpolated,,
World,HHI_BF_BOF_CCS,Hardcoal,1,2038,2.12726,,PJ,interpolated,,
World,HHI_BF_BOF_CCS,Hardcoal,1,2039,2.12138,,PJ,interpolated,,
World,HHI_BF_BOF_CCS,Gas_Natural,2,2026,0.38896,,PJ,interpolated,,
World,HHI_BF_BOF_CCS,Gas_Natural,2,2027,0.38792,,PJ,interpolated,,
World,HHI_BF_BOF_CCS,Gas_Natural,2,2028,0.38688,,PJ,interpolated,,
World,HHI_BF_BOF_CCS,Gas_Natural,2,2029,0.38584,,PJ,interpolated,,
World,HHI_BF_BOF_CCS,Gas_Natural,2,2031,0.38376,,PJ,interpolated,,
World,HHI_BF_BOF_CCS,Gas_Natural,2,2032,0.38272,,PJ,interpolated,,
World,HHI_BF_BOF_CCS,Gas_Natural,2,2033,0.38168,,PJ,interpolated,,
World,HHI_BF_BOF_CCS,Gas_Natural,2,2034,0.38064,,PJ,interpolated,,
World,HHI_BF_BOF_CCS,Gas_Natural,2,2036,0.37856,,PJ,interpolated,,
World,HHI_BF_BOF_CCS,Gas_Natural,2,2037,0.37752,,PJ,interpolated,,
World,HHI_BF_BOF_CCS,Gas_Natural,2,2038,0.37648,,PJ,interpolated,,
World,HHI_BF_BOF_CCS,Gas_Natural,2,2039,0.37544,,PJ,interpolated,,
World,HHI_BF_BOF_CCS,Hardcoal,2,2026,1.55594,,PJ,interpolated,,
World,HHI_BF_BOF_CCS,Hardcoal,2,2027,1.55178,,PJ,interpolated,,
World,HHI_BF_BOF_CCS,Hardcoal,2,2028,1.54762,,PJ,interpolated,,
World,HHI_BF_BOF_CCS,Hardcoal,2,2029,1.54346,,PJ,interpolated,,
World,HHI_BF_BOF_CCS,Hardcoal,2,2031,1.53514,,PJ,interpolated,,
World,HHI_BF_BOF_CCS,Hardcoal,2,2032,1.53098,,PJ,interpolated,,
World,HHI_BF_BOF_CCS,Hardcoal,2,2033,1.52682,,PJ,interpolated,,
World,HHI_BF_BOF_CCS,Hardcoal,2,2034,1.52266,,PJ,interpolated,,
World,HHI_BF_BOF_CCS,Hardcoal,2,2036,1.51434,,PJ,interpolated,,
World,HHI_BF_BOF_CCS,Hardcoal,2,2037,1.51018,,PJ,interpolated,,
World,HHI_BF_BOF_CCS,Hardcoal,2,2038,1.50602,,PJ,interpolated,,
World,HHI_BF_BOF_CCS,Hardcoal,2,2039,1.50186,,PJ,interpolated,,
World,HHI_BF_BOF_CCS,Gas_Synth,3,2026,0.38896,,PJ,interpolated,,
World,HHI_BF_BOF_CCS,Gas_Synth,3,2027,0.38792,,PJ,interpolated,,
World,HHI_BF_BOF_CCS,Gas_Synth,3,2028,0.38688,,PJ,interpolated,,
World,HHI_BF_BOF_CCS,Gas_Synth,3,2029,0.38584,,PJ,interpolated,,
World,HHI_BF_BOF_CCS,Gas_Synth,3,2031,0.38376,,PJ,interpolated,,
World,HHI_BF_BOF_CCS,Gas_Synth,3,2032,0.38272,,PJ,interpolated,,
World,HHI_BF_BOF_CCS,Gas_Synth,3,2033,0.38168,,PJ,interpolated,,
World,HHI_BF_BOF_CCS,Gas_Synth,3,2034,0.38064,,PJ,interpolated,,
World,HHI_BF_BOF_CCS,Gas_Synth,3,2036,0.37856,,PJ,interpolated,,
World,HHI_BF_BOF_CCS,Gas_Synth,3,2037,0.37752,,PJ,interpolated,,
World,HHI_BF_BOF_CCS,Gas_Synth,3,2038,0.37648,,PJ,interpolated,,
World,HHI_BF_BOF_CCS,Gas_Synth,3,2039,0.37544,,PJ,interpolated,,
World,HHI_BF_BOF_CCS,Hardcoal,3,2026,1.55594,,PJ,interpolated,,
World,HHI_BF_BOF_CCS,Hardcoal,3,2027,1.55178,,PJ,interpolated,,
World,HHI_BF_BOF_CCS,Hardcoal,3,2028,1.54762,,PJ,interpolated,,
World,HHI_BF_BOF_CCS,Hardcoal,3,2029,1.54346,,PJ,interpolated,,
World,HHI_BF_BOF_CCS,Hardcoal,3,2031,1.53514,,PJ,interpolated,,
World,HHI_BF_BOF_CCS,Hardcoal,3,2032,1.53098,,PJ,interpolated,,
World,HHI_BF_BOF_CCS,Hardcoal,3,2033,1.52682,,PJ,interpolated,,
World,HHI_BF_BOF_CCS,Hardcoal,3,2034,1.52266,,PJ,interpolated,,
World,HHI_BF_BOF_CCS,Hardcoal,3,2036,1.51434,,PJ,interpolated,,
World,HHI_BF_BOF_CCS,Hardcoal,3,2037,1.51018,,PJ,interpolated,,
World,HHI_BF_BOF_CCS,Hardcoal,3,2038,1.50602,,PJ,interpolated,,
World,HHI_BF_BOF_CCS,Hardcoal,3,2039,1.50186,,PJ,interpolated,,
World,HHI_BF_BOF_CCS,Gas_Bio,4,2026,0.38896,,PJ,interpolated,,
World,HHI_BF_BOF_CCS,Gas_Bio,4,2027,0.38792,,PJ,interpolated,,
World,HHI_BF_BOF_CCS,Gas_Bio,4,2028,0.38688,,PJ,interpolated,,
World,HHI_BF_BOF_CCS,Gas_Bio,4,2029,0.38584,,PJ,interpolated,,
World,HHI_BF_BOF_CCS,Gas_Bio,4,2031,0.38376,,PJ,interpolated,,
World,HHI_BF_BOF_CCS,Gas_Bio,4,2032,0.38272,,PJ,interpolated,,
World,HHI_BF_BOF_CCS,Gas_Bio,4,2033,0.38168,,PJ,interpolated,,
World,HHI_BF_BOF_CCS,Gas_Bio,4,2034,0.38064,,PJ,interpolated,,
World,HHI_BF_BOF_CCS,Gas_Bio,4,2036,0.37856,,PJ,interpolated,,
World,HHI_BF_BOF_CCS,Gas_Bio,4,2037,0.37752,,PJ,interpolated,,
World,HHI_BF_BOF_CCS,Gas_Bio,4,2038,0.37648,,PJ,interpolated,,
World,HHI_BF_BOF_CCS,Gas_Bio,4,2039,0.37544,,PJ,interpolated,,
World,HHI_BF_BOF_CCS,Hardcoal,4,2026,1.55594,,PJ,interpolated,,
World,HHI_BF_BOF_CCS,Hardcoal,4,2027,1.55178,,PJ,interpolated,,
World,HHI_BF_BOF_CCS,Hardcoal,4,2028,1.54762,,PJ,interpolated,,
World,HHI_BF_BOF_CCS,Hardcoal,4,2029,1.54346,,PJ,interpolated,,
World,HHI_BF_BOF_CCS,Hardcoal,4,2031,1.53514,,PJ,interpolated,,
World,HHI_BF_BOF_CCS,Hardcoal,4,2032,1.53098,,PJ,interpolated,,
World,HHI_BF_BOF_CCS,Hardcoal,4,2033,1.52682,,PJ,interpolated,,
World,HHI_BF_BOF_CCS,Hardcoal,4,2034,1.52266,,PJ,interpolated,,
World,HHI_BF_BOF_CCS,Hardcoal,4,2036,1.51434,,PJ,interpolated,,
World,HHI_BF_BOF_CCS,Hardcoal,4,2037,1.51018,,PJ,interpolated,,
World,HHI_BF_BOF_CCS,Hardcoal,4,2038,1.50602,,PJ,interpolated,,
World,HHI_BF_BOF_CCS,Hardcoal,4,2039,1.50186,,PJ,interpolated,,
World,HHI_Bio_BF_BOF,Biomass,1,2026,1.9868,,PJ,interpolated,,
World,HHI_Bio_BF_BOF,Biomass,1,2027,1.9815,,PJ,interpolated,,
World,HHI_Bio_BF_BOF,Biomass,1,2028,1.9762,,PJ,interpolated,,
World,HHI_Bio_BF_BOF,Biomass,1,2029,1.9709,,PJ,interpolated,,
World,HHI_Bio_BF_BOF,Biomass,1,2031,1.96028,,PJ,interpolated,,
World,HHI_Bio_BF_BOF,Biomass,1,2032,1.95496,,PJ,interpolated,,
World,HHI_Bio_BF_BOF,Biomass,1,2033,1.94964,,PJ,interpolated,,
World,HHI_Bio_BF_BOF,Biomass,1,2034,1.94432,,PJ,interpolated,,
World,HHI_Bio_BF_BOF,Biomass,1,2036,1.93368,,PJ,interpolated,,
World,HHI_Bio_BF_BOF,Biomass,1,2037,1.92836,,PJ,interpolated,,
World,HHI_Bio_BF_BOF,Biomass,1,2038,1.92304,,PJ,interpolated,,
World,HHI_Bio_BF_BOF,Biomass,1,2039,1.91772,,PJ,interpolated,,
World,HHI_Bio_BF_BOF,Gas_Natural,1,2026,0.49668,,PJ,interpolated,,
World,HHI_Bio_BF_BOF,Gas_Natural,1,2027,0.49536,,PJ,interpolated,,
World,HHI_Bio_BF_BOF,Gas_Natural,1,2028,0.49404,,PJ,interpolated,,
World,HHI_Bio_BF_BOF,Gas_Natural,1,2029,0.49272,,PJ,interpolated,,
World,HHI_Bio_BF_BOF,Gas_Natural,1,2031,0.49008,,PJ,interpolated,,
World,HHI_Bio_BF_BOF,Gas_Natural,1,2032,0.48876,,PJ,interpolated,,
World,HHI_Bio_BF_BOF,Gas_Natural,1,2033,0.48744,,PJ,interpolated,,
World,HHI_Bio_BF_BOF,Gas_Natural,1,2034,0.48612,,PJ,interpolated,,
World,HHI_Bio_BF_BOF,Gas_Natural,1,2036,0.48346,,PJ,interpolated,,
World,HHI_Bio_BF_BOF,Gas_Natural,1,2037,0.48212,,PJ,interpolated,,
World,HHI_Bio_BF_BOF,Gas_Natural,1,2038,0.48078,,PJ,interpolated,,
World,HHI_Bio_BF_BOF,Gas_Natural,1,2039,0.47944,,PJ,interpolated,,
World,HHI_Bio_BF_BOF,Biomass,2,2026,1.9868,,PJ,interpolated,,
World,HHI_Bio_BF_BOF,Biomass,2,2027,1.9815,,PJ,interpolated,,
World,HHI_Bio_BF_BOF,Biomass,2,2028,1.9762,,PJ,interpolated,,
World,HHI_Bio_BF_BOF,Biomass,2,2029,1.9709,,PJ,interpolated,,
World,HHI_Bio_BF_BOF,Biomass,2,2031,1.96028,,PJ,interpolated,,
World,HHI_Bio_BF_BOF,Biomass,2,2032,1.95496,,PJ,interpolated,,
World,HHI_Bio_BF_BOF,Biomass,2,2033,1.94964,,PJ,interpolated,,
World,HHI_Bio_BF_BOF,Biomass,2,2034,1.94432,,PJ,interpolated,,
World,HHI_Bio_BF_BOF,Biomass,2,2036,1.93368,,PJ,interpolated,,
World,HHI_Bio_BF_BOF,Biomass,2,2037,1.92836,,PJ,interpolated,,
World,HHI_Bio_BF_BOF,Biomass,2,2038,1.92304,,PJ,interpolated,,
World,HHI_Bio_BF_BOF,Biomass,2,2039,1.91772,,PJ,interpolated,,
World,HHI_Bio_BF_BOF,Gas_Synth,2,2026,0.49668,,PJ,interpolated,,
World,HHI_Bio_BF_BOF,Gas_Synth,2,2027,0.49536,,PJ,interpolated,,
World,HHI_Bio_BF_BOF,Gas_Synth,2,2028,0.49404,,PJ,interpolated,,
World,HHI_Bio_BF_BOF,Gas_Synth,2,2029,0.49272,,PJ,interpolated,,
World,HHI_Bio_BF_BOF,Gas_Synth,2,2031,0.49008,,PJ,interpolated,,
World,HHI_Bio_BF_BOF,Gas_Synth,2,2032,0.48876,,PJ,interpolated,,
World,HHI_Bio_BF_BOF,Gas_Synth,2,2033,0.48744,,PJ,interpolated,,
World,HHI_Bio_BF_BOF,Gas_Synth,2,2034,0.48612,,PJ,interpolated,,
World,HHI_Bio_BF_BOF,Gas_Synth,2,2036,0.48346,,PJ,interpolated,,
World,HHI_Bio_BF_BOF,Gas_Synth,2,2037,0.48212,,PJ,interpolated,,
World,HHI_Bio_BF_BOF,Gas_Synth,2,2038,0.48078,,PJ,interpolated,,
World,HHI_Bio_BF_BOF,Gas_Synth,2,2039,0.47944,,PJ,interpolated,,
World,HHI_Bio_BF_BOF,Biomass,3,2026,1.9868,,PJ,interpolated,,
World,HHI_Bio_BF_BOF,Biomass,3,2027,1.9815,,PJ,interpolated,,
World,HHI_Bio_BF_BOF,Biomass,3,2028,1.9762,,PJ,interpolated,,
World,HHI_Bio_BF_BOF,Biomass,3,2029,1.9709,,PJ,interpolated,,
World,HHI_Bio_BF_BOF,Biomass,3,2031,1.96028,,PJ,interpolated,,
World,HHI_Bio_BF_BOF,Biomass,3,2032,1.95496,,PJ,interpolated,,
World,HHI_Bio_BF_BOF,Biomass,3,2033,1.94964,,PJ,interpolated,,
World,HHI_Bio_BF_BOF,Biomass,3,2034,1.94432,,PJ,interpolated,,
World,HHI_Bio_BF_BOF,Biomass,3,2036,1.93368,,PJ,interpolated,,
World,HHI_Bio_BF_BOF,Biomass,3,2037,1.92836,,PJ,interpolated,,
World,HHI_Bio_BF_BOF,Biomass,3,2038,1.92304,,PJ,interpolated,,
World,HHI_Bio_BF_BOF,Biomass,3,2039,1.91772,,PJ,interpolated,,
World,HHI_Bio_BF_BOF,Gas_Bio,3,2026,0.49668,,PJ,interpolated,,
World,HHI_Bio_BF_BOF,Gas_Bio,3,2027,0.49536,,PJ,interpolated,,
World,HHI_Bio_BF_BOF,Gas_Bio,3,2028,0.49404,,PJ,interpolated,,
World,HHI_Bio_BF_BOF,Gas_Bio,3,2029,0.49272,,PJ,interpolated,,
World,HHI_Bio_BF_BOF,Gas_Bio,3,2031,0.49008,,PJ,interpolated,,
World,HHI_Bio_BF_BOF,Gas_Bio,3,2032,0.48876,,PJ,interpolated,,
World,HHI_Bio_BF_BOF,Gas_Bio,3,2033,0.48744,,PJ,interpolated,,
World,HHI_Bio_BF_BOF,Gas_Bio,3,2034,0.48612,,PJ,interpolated,,
World,HHI_Bio_BF_BOF,Gas_Bio,3,2036,0.48346,,PJ,interpolated,,
World,HHI_Bio_BF_BOF,Gas_Bio,3,2037,0.48212,,PJ,interpolated,,
World,HHI_Bio_BF_BOF,Gas_Bio,3,2038,0.48078,,PJ,interpolated,,
World,HHI_Bio_BF_BOF,Gas_Bio,3,2039,0.47944,,PJ,interpolated,,
World,HHI_DRI_EAF,Gas_Natural,1,2026,2.33984,,PJ,interpolated,,
World,HHI_DRI_EAF,Gas_Natural,1,2027,2.32808,,PJ,interpolated,,
World,HHI_DRI_EAF,Gas_Natural,1,2028,2.31632,,PJ,interpolated,,
World,HHI_DRI_EAF,Gas_Natural,1,2029,2.30456,,PJ,interpolated,,
World,HHI_DRI_EAF,Gas_Natural,1,2031,2.28104,,PJ,interpolated,,
World,HHI_DRI_EAF,Gas_Natural,1,2032,2.26928,,PJ,interpolated,,
World,HHI_DRI_EAF,Gas_Natural,1,2033,2.25752,,PJ,interpolated,,
World,HHI_DRI_EAF,Gas_Natural,1,2034,2.24576,,PJ,interpolated,,
World,HHI_DRI_EAF,Gas_Natural,1,2036,2.22224,,PJ,interpolated,,
World,HHI_DRI_EAF,Gas_Natural,1,2037,2.21048,,PJ,interpolated,,
World,HHI_DRI_EAF,Gas_Natural,1,2038,2.19872,,PJ,interpolated,,
World,HHI_DRI_EAF,Gas_Natural,1,2039,2.18696,,PJ,interpolated,,
World,HHI_DRI_EAF,Power,1,2026,0.44566,,PJ,interpolated,,
World,HHI_DRI_EAF,Power,1,2027,0.44342,,PJ,interpolated,,
World,HHI_DRI_EAF,Power,1,2028,0.44118,,PJ,interpolated,,
World,HHI_DRI_EAF,Power,1,2029,0.43894,,PJ,interpolated,,
World,HHI_DRI_EAF,Power,1,2031,0.43446,,PJ,interpolated,,
World,HHI_DRI_EAF,Power,1,2032,0.43222,,PJ,interpolated,,
World,HHI_DRI_EAF,Power,1,2033,0.42998,,PJ,interpolated,,
World,HHI_DRI_EAF,Power,1,2034,0.42774,,PJ,interpolated,,
World,HHI_DRI_EAF,Power,1,2036,0.42326,,PJ,interpolated,,
World,HHI_DRI_EAF,Power,1,2037,0.42102,,PJ,interpolated,,
World,HHI_DRI_EAF,Power,1,2038,0.41878,,PJ,interpolated,,
World,HHI_DRI_EAF,Power,1,2039,0.41654,,PJ,interpolated,,
World,HHI_DRI_EAF,Gas_Synth,2,2026,2.33984,,PJ,interpolated,,
World,HHI_DRI_EAF,Gas_Synth,2,2027,2.32808,,PJ,interpolated,,
World,HHI_DRI_EAF,Gas_Synth,2,2028,2.31632,,PJ,interpolated,,
World,HHI_DRI_EAF,Gas_Synth,2,2029,2.30456,,PJ,interpolated,,
World,HHI_DRI_EAF,Gas_Synth,2,2031,2.28104,,PJ,interpolated,,
World,HHI_DRI_EAF,Gas_Synth,2,2032,2.26928,,PJ,interpolated,,
World,HHI_DRI_EAF,Gas_Synth,2,2033,2.25752,,PJ,interpolated,,
World,HHI_DRI_EAF,Gas_Synth,2,2034,2.24576,,PJ,interpolated,,
World,HHI_DRI_EAF,Gas_Synth,2,2036,2.22224,,PJ,interpolated,,
World,HHI_DRI_EAF,Gas_Synth,2,2037,2.21048,,PJ,interpolated,,
World,HHI_DRI_EAF,Gas_Synth,2,2038,2.19872,,PJ,interpolated,,
World,HHI_DRI_EAF,Gas_Synth,2,2039,2.18696,,PJ,interpolated,,
World,HHI_DRI_EAF,Power,2,2026,0.44566,,PJ,interpolated,,
World,HHI_DRI_EAF,Power,2,2027,0.44342,,PJ,interpolated,,
World,HHI_DRI_EAF,Power,2,2028,0.44118,,PJ,interpolated,,
World,HHI_DRI_EAF,Power,2,2029,0.43894,,PJ,interpolated,,
World,HHI_DRI_EAF,Power,2,2031,0.43446,,PJ,interpolated,,
World,HHI_DRI_EAF,Power,2,2032,0.43222,,PJ,interpolated,,
World,HHI_DRI_EAF,Power,2,2033,0.42998,,PJ,interpolated,,
World,HHI_DRI_EAF,Power,2,2034,0.42774,,PJ,interpolated,,
World,HHI_DRI_EAF,Power,2,2036,0.42326,,PJ,interpolated,,
World,HHI_DRI_EAF,Power,2,2037,0.42102,,PJ,interpolated,,
World,HHI_DRI_EAF,Power,2,2038,0.41878,,PJ,interpolated,,
World,HHI_DRI_EAF,Power,2,2039,0.41654,,PJ,interpolated,,
World,HHI_DRI_EAF,Gas_Bio,3,2026,2.33984,,PJ,interpolated,,
World,HHI_DRI_EAF,Gas_Bio,3,2027,2.32808,,PJ,interpolated,,
World,HHI_DRI_EAF,Gas_Bio,3,2028,2.31632,,PJ,interpolated,,
World,HHI_DRI_EAF,Gas_Bio,3,2029,2.30456,,PJ,interpolated,,
World,HHI_DRI_EAF,Gas_Bio,3,2031,2.28104,,PJ,interpolated,,
World,HHI_DRI_EAF,Gas_Bio,3,2032,2.26928,,PJ,interpolated,,
World,HHI_DRI_EAF,Gas_Bio,3,2033,2.25752,,PJ,interpolated,,
World,HHI_DRI_EAF,Gas_Bio,3,2034,2.24576,,PJ,interpolated,,
World,HHI_DRI_EAF,Gas_Bio,3,2036,2.22224,,PJ,interpolated,,
World,HHI_DRI_EAF,Gas_Bio,3,2037,2.21048,,PJ,interpolated,,
World,HHI_DRI_EAF,Gas_Bio,3,2038,2.19872,,PJ,interpolated,,
World,HHI_DRI_EAF,Gas_Bio,3,2039,2.18696,,PJ,interpolated,,
World,HHI_DRI_EAF,Power,3,2026,0.44566,,PJ,interpolated,,
World,HHI_DRI_EAF,Power,3,2027,0.44342,,PJ,interpolated,,
World,HHI_DRI_EAF,Power,3,2028,0.44118,,PJ,interpolated,,
World,HHI_DRI_EAF,Power,3,2029,0.43894,,PJ,interpolated,,
World,HHI_DRI_EAF,Power,3,2031,0.43446,,PJ,interpolated,,
World,HHI_DRI_EAF,Power,3,2032,0.43222,,PJ,interpolated,,
World,HHI_DRI_EAF,Power,3,2033,0.42998,,PJ,interpolated,,
World,HHI_DRI_EAF,Power,3,2034,0.42774,,PJ,interpolated,,
World,HHI_DRI_EAF,Power,3,2036,0.42326,,PJ,interpolated,,
World,HHI_DRI_EAF,Power,3,2037,0.42102,,PJ,interpolated,,
World,HHI_DRI_EAF,Power,3,2038,0.41878,,PJ,interpolated,,
World,HHI_DRI_EAF,Power,3,2039,0.41654,,PJ,interpolated,,
World,HHI_DRI_EAF_CCS,Gas_Natural,1,2026,2.33984,,PJ,interpolated,,
World,HHI_DRI_EAF_CCS,Gas_Natural,1,2027,2.32808,,PJ,interpolated,,
World,HHI_DRI_EAF_CCS,Gas_Natural,1,2028,2.31632,,PJ,interpolated,,
World,HHI_DRI_EAF_CCS,Gas_Natural,1,2029,2.30456,,PJ,interpolated,,
World,HHI_DRI_EAF_CCS,Gas_Natural,1,2031,2.28104,,PJ,interpolated,,
World,HHI_DRI_EAF_CCS,Gas_Natural,1,2032,2.26928,,PJ,interpolated,,
World,HHI_DRI_EAF_CCS,Gas_Natural,1,2033,2.25752,,PJ,interpolated,,
World,HHI_DRI_EAF_CCS,Gas_Natural,1,2034,2.24576,,PJ,interpolated,,
World,HHI_DRI_EAF_CCS,Gas_Natural,1,2036,2.22224,,PJ,interpolated,,
World,HHI_DRI_EAF_CCS,Gas_Natural,1,2037,2.21048,,PJ,interpolated,,
World,HHI_DRI_EAF_CCS,Gas_Natural,1,2038,2.19872,,PJ,interpolated,,
World,HHI_DRI_EAF_CCS,Gas_Natural,1,2039,2.18696,,PJ,interpolated,,
World,HHI_DRI_EAF_CCS,Power,1,2026,0.44566,,PJ,interpolated,,
World,HHI_DRI_EAF_CCS,Power,1,2027,0.44342,,PJ,interpolated,,
World,HHI_DRI_EAF_CCS,Power,1,2028,0.44118,,PJ,interpolated,,
World,HHI_DRI_EAF_CCS,Power,1,2029,0.43894,,PJ,interpolated,,
World,HHI_DRI_EAF_CCS,Power,1,2031,0.43446,,PJ,interpolated,,
World,HHI_DRI_EAF_CCS,Power,1,2032,0.43222,,PJ,interpolated,,
World,HHI_DRI_EAF_CCS,Power,1,2033,0.42998,,PJ,interpolated,,
World,HHI_DRI_EAF_CCS,Power,1,2034,0.42774,,PJ,interpolated,,
World,HHI_DRI_EAF_CCS,Power,1,2036,0.42326,,PJ,interpolated,,
World,HHI_DRI_EAF_CCS,Power,1,2037,0.42102,,PJ,interpolated,,
World,HHI_DRI_EAF_CCS,Power,1,2038,0.41878,,PJ,interpolated,,
World,HHI_DRI_EAF_CCS,Power,1,2039,0.41654,,PJ,interpolated,,
World,HHI_H2DRI_EAF,H2,1,2026,1.9694,,PJ,interpolated,,
World,HHI_H2DRI_EAF,H2,1,2027,1.9694,,PJ,interpolated,,
World,HHI_H2DRI_EAF,H2,1,2028,1.9694,,PJ,interpolated,,
World,HHI_H2DRI_EAF,H2,1,2029,1.9694,,PJ,interpolated,,
World,HHI_H2DRI_EAF,H2,1,2031,1.9694,,PJ,interpolated,,
World,HHI_H2DRI_EAF,H2,1,2032,1.9694,,PJ,interpolated,,
World,HHI_H2DRI_EAF,H2,1,2033,1.9694,,PJ,interpolated,,
World,HHI_H2DRI_EAF,H2,1,2034,1.9694,,PJ,interpolated,,
World,HHI_H2DRI_EAF,H2,1,2036,1.9694,,PJ,interpolated,,
World,HHI_H2DRI_EAF,H2,1,2037,1.9694,,PJ,interpolated,,
World,HHI_H2DRI_EAF,H2,1,2038,1.9694,,PJ,interpolated,,
World,HHI_H2DRI_EAF,H2,1,2039,1.9694,,PJ,interpolated,,
World,HHI_H2DRI_EAF,Power,1,2026,0.97,,PJ,interpolated,,
World,HHI_H2DRI_EAF,Power,1,2027,0.97,,PJ,interpolated,,
World,HHI_H2DRI_EAF,Power,1,2028,0.97,,PJ,interpolated,,
World,HHI_H2DRI_EAF,Power,1,2029,0.97,,PJ,interpolated,,
World,HHI_H2DRI_EAF,Power,1,2031,0.97,,PJ,interpolated,,
World,HHI_H2DRI_EAF,Power,1,2032,0.97,,PJ,interpolated,,
World,HHI_H2DRI_EAF,Power,1,2033,0.97,,PJ,interpolated,,
World,HHI_H2DRI_EAF,Power,1,2034,0.97,,PJ,interpolated,,
World,HHI_H2DRI_EAF,Power,1,2036,0.97,,PJ,interpolated,,
World,HHI_H2DRI_EAF,Power,1,2037,0.97,,PJ,interpolated,,
World,HHI_H2DRI_EAF,Power,1,2038,0.97,,PJ,interpolated,,
World,HHI_H2DRI_EAF,Power,1,2039,0.97,,PJ,interpolated,,
World,HHI_Scrap_EAF,Power,1,2026,1.56248,,PJ,interpolated,04.09.2024,Nikita Moskalenko <nim@wip.tu-berlin.de>
World,HHI_Scrap_EAF,Power,1,2027,1.54946,,PJ,interpolated,04.09.2024,Nikita Moskalenko <nim@wip.tu-berlin.de>
World,HHI_Scrap_EAF,Power,1,2028,1.53644,,PJ,interpolated,04.09.2024,Nikita Moskalenko <nim@wip.tu-berlin.de>
World,HHI_Scrap_EAF,Power,1,2029,1.52342,,PJ,interpolated,04.09.2024,Nikita Moskalenko <nim@wip.tu-berlin.de>
World,HHI_Scrap_EAF,Power,1,2031,1.49738,,PJ,interpolated,04.09.2024,Nikita Moskalenko <nim@wip.tu-berlin.de>
World,HHI_Scrap_EAF,Power,1,2032,1.48436,,PJ,interpolated,04.09.2024,Nikita Moskalenko <nim@wip.tu-berlin.de>
World,HHI_Scrap_EAF,Power,1,2033,1.47134,,PJ,interpolated,04.09.2024,Nikita Moskalenko <nim@wip.tu-berlin.de>
World,HHI_Scrap_EAF,Power,1,2034,1.45832,,PJ,interpolated,04.09.2024,Nikita Moskalenko <nim@wip.tu-berlin.de>
World,HHI_Scrap_EAF,Power,1,2036,1.43228,,PJ,interpolated,04.09.2024,Nikita Moskalenko <nim@wip.tu-berlin.de>
World,HHI_Scrap_EAF,Power,1,2037,1.41926,,PJ,interpolated,04.09.2024,Nikita Moskalenko <nim@wip.tu-berlin.de>
World,HHI_Scrap_EAF,Power,1,2038,1.40624,,PJ,interpolated,04.09.2024,Nikita Moskalenko <nim@wip.tu-berlin.de>
World,HHI_Scrap_EAF,Power,1,2039,1.39322,,PJ,interpolated,04.09.2024,Nikita Moskalenko <nim@wip.tu-berlin.de>
World,HLI_Biomass,Biomass,1,2026,1.08466,,PJ,interpolated,21.08.2024,Nikita Moskalenko <nim@wip.tu-berlin.de>
World,HLI_Biomass,Biomass,1,2027,1.08232,,PJ,interpolated,21.08.2024,Nikita Moskalenko <nim@wip.tu-berlin.de>
World,HLI_Biomass,Biomass,1,2028,1.07998,,PJ,interpolated,21.08.2024,Nikita Moskalenko <nim@wip.tu-berlin.de>
World,HLI_Biomass,Biomass,1,2029,1.07764,,PJ,interpolated,21.08.2024,Nikita Moskalenko <nim@wip.tu-berlin.de>
World,HLI_Biomass,Biomass,1,2031,1.07472,,PJ,interpolated,21.08.2024,Nikita Moskalenko <nim@wip.tu-berlin.de>
World,HLI_Biomass,Biomass,1,2032,1.07414,,PJ,interpolated,21.08.2024,Nikita Moskalenko <nim@wip.tu-berlin.de>
World,HLI_Biomass,Biomass,1,2033,1.07356,,PJ,interpolated,21.08.2024,Nikita Moskalenko <nim@wip.tu-berlin.de>
World,HLI_Biomass,Biomass,1,2034,1.07298,,PJ,interpolated,21.08.2024,Nikita Moskalenko <nim@wip.tu-berlin.de>
World,HLI_Biomass,Biomass,1,2036,1.07182,,PJ,interpolated,21.08.2024,Nikita Moskalenko <nim@wip.tu-berlin.de>
World,HLI_Biomass,Biomass,1,2037,1.07124,,PJ,interpolated,21.08.2024,Nikita Moskalenko <nim@wip.tu-berlin.de>
World,HLI_Biomass,Biomass,1,2038,1.07066,,PJ,interpolated,21.08.2024,Nikita Moskalenko <nim@wip.tu-berlin.de>
World,HLI_Biomass,Biomass,1,2039,1.07008,,PJ,interpolated,21.08.2024,Nikita Moskalenko <nim@wip.tu-berlin.de>
World,HLI_Direct_Electric,Power,1,2026,1.004,,PJ,interpolated,21.08.2024,Nikita Moskalenko <nim@wip.tu-berlin.de>
World,HLI_Direct_Electric,Power,1,2027,1.003,,PJ,interpolated,21.08.2024,Nikita Moskalenko <nim@wip.tu-berlin.de>
World,HLI_Direct_Electric,Power,1,2028,1.002,,PJ,interpolated,21.08.2024,Nikita Moskalenko <nim@wip.tu-berlin.de>
World,HLI_Direct_Electric,Power,1,2029,1.001,,PJ,interpolated,21.08.2024,Nikita Moskalenko <nim@wip.tu-berlin.de>
World,HLI_Direct_Electric,Power,1,2031,1,,PJ,interpolated,21.08.2024,Nikita Moskalenko <nim@wip.tu-berlin.de>
World,HLI_Direct_Electric,Power,1,2032,1,,PJ,interpolated,21.08.2024,Nikita Moskalenko <nim@wip.tu-berlin.de>
World,HLI_Direct_Electric,Power,1,2033,1,,PJ,interpolated,21.08.2024,Nikita Moskalenko <nim@wip.tu-berlin.de>
World,HLI_Direct_Electric,Power,1,2034,1,,PJ,interpolated,21.08.2024,Nikita Moskalenko <nim@wip.tu-berlin.de>
World,HLI_Direct_Electric,Power,1,2036,1,,PJ,interpolated,21.08.2024,Nikita Moskalenko <nim@wip.tu-berlin.de>
World,HLI_Direct_Electric,Power,1,2037,1,,PJ,interpolated,21.08.2024,Nikita Moskalenko <nim@wip.tu-berlin.de>
World,HLI_Direct_Electric,Power,1,2038,1,,PJ,interpolated,21.08.2024,Nikita Moskalenko <nim@wip.tu-berlin.de>
World,HLI_Direct_Electric,Power,1,2039,1,,PJ,interpolated,21.08.2024,Nikita Moskalenko <nim@wip.tu-berlin.de>
World,HLI_Gas_Boiler,Gas_Natural,1,2026,1.05042,,PJ,interpolated,21.08.2024,Nikita Moskalenko <nim@wip.tu-berlin.de>
World,HLI_Gas_Boiler,Gas_Natural,1,2027,1.04824,,PJ,interpolated,21.08.2024,Nikita Moskalenko <nim@wip.tu-berlin.de>
World,HLI_Gas_Boiler,Gas_Natural,1,2028,1.04606,,PJ,interpolated,21.08.2024,Nikita Moskalenko <nim@wip.tu-berlin.de>
World,HLI_Gas_Boiler,Gas_Natural,1,2029,1.04388,,PJ,interpolated,21.08.2024,Nikita Moskalenko <nim@wip.tu-berlin.de>
World,HLI_Gas_Boiler,Gas_Natural,1,2031,1.04062,,PJ,interpolated,21.08.2024,Nikita Moskalenko <nim@wip.tu-berlin.de>
World,HLI_Gas_Boiler,Gas_Natural,1,2032,1.03954,,PJ,interpolated,21.08.2024,Nikita Moskalenko <nim@wip.tu-berlin.de>
World,HLI_Gas_Boiler,Gas_Natural,1,2033,1.03846,,PJ,interpolated,21.08.2024,Nikita Moskalenko <nim@wip.tu-berlin.de>
World,HLI_Gas_Boiler,Gas_Natural,1,2034,1.03738,,PJ,interpolated,21.08.2024,Nikita Moskalenko <nim@wip.tu-berlin.de>
World,HLI_Gas_Boiler,Gas_Natural,1,2036,1.03522,,PJ,interpolated,21.08.2024,Nikita Moskalenko <nim@wip.tu-berlin.de>
World,HLI_Gas_Boiler,Gas_Natural,1,2037,1.03414,,PJ,interpolated,21.08.2024,Nikita Moskalenko <nim@wip.tu-berlin.de>
World,HLI_Gas_Boiler,Gas_Natural,1,2038,1.03306,,PJ,interpolated,21.08.2024,Nikita Moskalenko <nim@wip.tu-berlin.de>
World,HLI_Gas_Boiler,Gas_Natural,1,2039,1.03198,,PJ,interpolated,21.08.2024,Nikita Moskalenko <nim@wip.tu-berlin.de>
World,HLI_Gas_Boiler,Gas_Bio,2,2026,1.05042,,PJ,interpolated,21.08.2024,Nikita Moskalenko <nim@wip.tu-berlin.de>
World,HLI_Gas_Boiler,Gas_Bio,2,2027,1.04824,,PJ,interpolated,21.08.2024,Nikita Moskalenko <nim@wip.tu-berlin.de>
World,HLI_Gas_Boiler,Gas_Bio,2,2028,1.04606,,PJ,interpolated,21.08.2024,Nikita Moskalenko <nim@wip.tu-berlin.de>
World,HLI_Gas_Boiler,Gas_Bio,2,2029,1.04388,,PJ,interpolated,21.08.2024,Nikita Moskalenko <nim@wip.tu-berlin.de>
World,HLI_Gas_Boiler,Gas_Bio,2,2031,1.04062,,PJ,interpolated,21.08.2024,Nikita Moskalenko <nim@wip.tu-berlin.de>
World,HLI_Gas_Boiler,Gas_Bio,2,2032,1.03954,,PJ,interpolated,21.08.2024,Nikita Moskalenko <nim@wip.tu-berlin.de>
World,HLI_Gas_Boiler,Gas_Bio,2,2033,1.03846,,PJ,interpolated,21.08.2024,Nikita Moskalenko <nim@wip.tu-berlin.de>
World,HLI_Gas_Boiler,Gas_Bio,2,2034,1.03738,,PJ,interpolated,21.08.2024,Nikita Moskalenko <nim@wip.tu-berlin.de>
World,HLI_Gas_Boiler,Gas_Bio,2,2036,1.03522,,PJ,interpolated,21.08.2024,Nikita Moskalenko <nim@wip.tu-berlin.de>
World,HLI_Gas_Boiler,Gas_Bio,2,2037,1.03414,,PJ,interpolated,21.08.2024,Nikita Moskalenko <nim@wip.tu-berlin.de>
World,HLI_Gas_Boiler,Gas_Bio,2,2038,1.03306,,PJ,interpolated,21.08.2024,Nikita Moskalenko <nim@wip.tu-berlin.de>
World,HLI_Gas_Boiler,Gas_Bio,2,2039,1.03198,,PJ,interpolated,21.08.2024,Nikita Moskalenko <nim@wip.tu-berlin.de>
World,HLI_Gas_Boiler,Gas_Synth,3,2026,1.05042,,PJ,interpolated,21.08.2024,Nikita Moskalenko <nim@wip.tu-berlin.de>
World,HLI_Gas_Boiler,Gas_Synth,3,2027,1.04824,,PJ,interpolated,21.08.2024,Nikita Moskalenko <nim@wip.tu-berlin.de>
World,HLI_Gas_Boiler,Gas_Synth,3,2028,1.04606,,PJ,interpolated,21.08.2024,Nikita Moskalenko <nim@wip.tu-berlin.de>
World,HLI_Gas_Boiler,Gas_Synth,3,2029,1.04388,,PJ,interpolated,21.08.2024,Nikita Moskalenko <nim@wip.tu-berlin.de>
World,HLI_Gas_Boiler,Gas_Synth,3,2031,1.04062,,PJ,interpolated,21.08.2024,Nikita Moskalenko <nim@wip.tu-berlin.de>
World,HLI_Gas_Boiler,Gas_Synth,3,2032,1.03954,,PJ,interpolated,21.08.2024,Nikita Moskalenko <nim@wip.tu-berlin.de>
World,HLI_Gas_Boiler,Gas_Synth,3,2033,1.03846,,PJ,interpolated,21.08.2024,Nikita Moskalenko <nim@wip.tu-berlin.de>
World,HLI_Gas_Boiler,Gas_Synth,3,2034,1.03738,,PJ,interpolated,21.08.2024,Nikita Moskalenko <nim@wip.tu-berlin.de>
World,HLI_Gas_Boiler,Gas_Synth,3,2036,1.03522,,PJ,interpolated,21.08.2024,Nikita Moskalenko <nim@wip.tu-berlin.de>
World,HLI_Gas_Boiler,Gas_Synth,3,2037,1.03414,,PJ,interpolated,21.08.2024,Nikita Moskalenko <nim@wip.tu-berlin.de>
World,HLI_Gas_Boiler,Gas_Synth,3,2038,1.03306,,PJ,interpolated,21.08.2024,Nikita Moskalenko <nim@wip.tu-berlin.de>
World,HLI_Gas_Boiler,Gas_Synth,3,2039,1.03198,,PJ,interpolated,21.08.2024,Nikita Moskalenko <nim@wip.tu-berlin.de>
World,HLI_H2_Boiler,H2,1,2026,1.1765,,PJ,interpolated,21.08.2024,Nikita Moskalenko <nim@wip.tu-berlin.de>
World,HLI_H2_Boiler,H2,1,2027,1.1765,,PJ,interpolated,21.08.2024,Nikita Moskalenko <nim@wip.tu-berlin.de>
World,HLI_H2_Boiler,H2,1,2028,1.1765,,PJ,interpolated,21.08.2024,Nikita Moskalenko <nim@wip.tu-berlin.de>
World,HLI_H2_Boiler,H2,1,2029,1.1765,,PJ,interpolated,21.08.2024,Nikita Moskalenko <nim@wip.tu-berlin.de>
World,HLI_H2_Boiler,H2,1,2031,1.17308,,PJ,interpolated,21.08.2024,Nikita Moskalenko <nim@wip.tu-berlin.de>
World,HLI_H2_Boiler,H2,1,2032,1.16966,,PJ,interpolated,21.08.2024,Nikita Moskalenko <nim@wip.tu-berlin.de>
World,HLI_H2_Boiler,H2,1,2033,1.16624,,PJ,interpolated,21.08.2024,Nikita Moskalenko <nim@wip.tu-berlin.de>
World,HLI_H2_Boiler,H2,1,2034,1.16282,,PJ,interpolated,21.08.2024,Nikita Moskalenko <nim@wip.tu-berlin.de>
World,HLI_H2_Boiler,H2,1,2036,1.1561,,PJ,interpolated,21.08.2024,Nikita Moskalenko <nim@wip.tu-berlin.de>
World,HLI_H2_Boiler,H2,1,2037,1.1528,,PJ,interpolated,21.08.2024,Nikita Moskalenko <nim@wip.tu-berlin.de>
World,HLI_H2_Boiler,H2,1,2038,1.1495,,PJ,interpolated,21.08.2024,Nikita Moskalenko <nim@wip.tu-berlin.de>
World,HLI_H2_Boiler,H2,1,2039,1.1462,,PJ,interpolated,21.08.2024,Nikita Moskalenko <nim@wip.tu-berlin.de>
World,HLI_Hardcoal,Hardcoal,1,2026,1.09652,,PJ,interpolated,21.08.2024,Nikita Moskalenko <nim@wip.tu-berlin.de>
World,HLI_Hardcoal,Hardcoal,1,2027,1.09414,,PJ,interpolated,21.08.2024,Nikita Moskalenko <nim@wip.tu-berlin.de>
World,HLI_Hardcoal,Hardcoal,1,2028,1.09176,,PJ,interpolated,21.08.2024,Nikita Moskalenko <nim@wip.tu-berlin.de>
World,HLI_Hardcoal,Hardcoal,1,2029,1.08938,,PJ,interpolated,21.08.2024,Nikita Moskalenko <nim@wip.tu-berlin.de>
World,HLI_Hardcoal,Hardcoal,1,2031,1.0864,,PJ,interpolated,21.08.2024,Nikita Moskalenko <nim@wip.tu-berlin.de>
World,HLI_Hardcoal,Hardcoal,1,2032,1.0858,,PJ,interpolated,21.08.2024,Nikita Moskalenko <nim@wip.tu-berlin.de>
World,HLI_Hardcoal,Hardcoal,1,2033,1.0852,,PJ,interpolated,21.08.2024,Nikita Moskalenko <nim@wip.tu-berlin.de>
World,HLI_Hardcoal,Hardcoal,1,2034,1.0846,,PJ,interpolated,21.08.2024,Nikita Moskalenko <nim@wip.tu-berlin.de>
World,HLI_Hardcoal,Hardcoal,1,2036,1.08342,,PJ,interpolated,21.08.2024,Nikita Moskalenko <nim@wip.tu-berlin.de>
World,HLI_Hardcoal,Hardcoal,1,2037,1.08284,,PJ,interpolated,21.08.2024,Nikita Moskalenko <nim@wip.tu-berlin.de>
World,HLI_Hardcoal,Hardcoal,1,2038,1.08226,,PJ,interpolated,21.08.2024,Nikita Moskalenko <nim@wip.tu-berlin.de>
World,HLI_Hardcoal,Hardcoal,1,2039,1.08168,,PJ,interpolated,21.08.2024,Nikita Moskalenko <nim@wip.tu-berlin.de>
World,HLI_Heatpump,Power,1,2026,0.25496,,PJ,interpolated,13.12.2023,Frida Sather <frida.sather@sintef.no>
World,HLI_Heatpump,Power,1,2027,0.25452,,PJ,interpolated,13.12.2023,Frida Sather <frida.sather@sintef.no>
World,HLI_Heatpump,Power,1,2028,0.25408,,PJ,interpolated,13.12.2023,Frida Sather <frida.sather@sintef.no>
World,HLI_Heatpump,Power,1,2029,0.25364,,PJ,interpolated,13.12.2023,Frida Sather <frida.sather@sintef.no>
World,HLI_Heatpump,Power,1,2031,0.2527,,PJ,interpolated,13.12.2023,Frida Sather <frida.sather@sintef.no>
World,HLI_Heatpump,Power,1,2032,0.2522,,PJ,interpolated,13.12.2023,Frida Sather <frida.sather@sintef.no>
World,HLI_Heatpump,Power,1,2033,0.2517,,PJ,interpolated,13.12.2023,Frida Sather <frida.sather@sintef.no>
World,HLI_Heatpump,Power,1,2034,0.2512,,PJ,interpolated,13.12.2023,Frida Sather <frida.sather@sintef.no>
World,HLI_Heatpump,Power,1,2036,0.25018,,PJ,interpolated,13.12.2023,Frida Sather <frida.sather@sintef.no>
World,HLI_Heatpump,Power,1,2037,0.24966,,PJ,interpolated,13.12.2023,Frida Sather <frida.sather@sintef.no>
World,HLI_Heatpump,Power,1,2038,0.24914,,PJ,interpolated,13.12.2023,Frida Sather <frida.sather@sintef.no>
World,HLI_Heatpump,Power,1,2039,0.24862,,PJ,interpolated,13.12.2023,Frida Sather <frida.sather@sintef.no>
World,HLI_Lignite,Lignite,1,2026,1.09652,,PJ,interpolated,21.08.2024,Nikita Moskalenko <nim@wip.tu-berlin.de>
World,HLI_Lignite,Lignite,1,2027,1.09414,,PJ,interpolated,21.08.2024,Nikita Moskalenko <nim@wip.tu-berlin.de>
World,HLI_Lignite,Lignite,1,2028,1.09176,,PJ,interpolated,21.08.2024,Nikita Moskalenko <nim@wip.tu-berlin.de>
World,HLI_Lignite,Lignite,1,2029,1.08938,,PJ,interpolated,21.08.2024,Nikita Moskalenko <nim@wip.tu-berlin.de>
World,HLI_Lignite,Lignite,1,2031,1.0864,,PJ,interpolated,21.08.2024,Nikita Moskalenko <nim@wip.tu-berlin.de>
World,HLI_Lignite,Lignite,1,2032,1.0858,,PJ,interpolated,21.08.2024,Nikita Moskalenko <nim@wip.tu-berlin.de>
World,HLI_Lignite,Lignite,1,2033,1.0852,,PJ,interpolated,21.08.2024,Nikita Moskalenko <nim@wip.tu-berlin.de>
World,HLI_Lignite,Lignite,1,2034,1.0846,,PJ,interpolated,21.08.2024,Nikita Moskalenko <nim@wip.tu-berlin.de>
World,HLI_Lignite,Lignite,1,2036,1.08342,,PJ,interpolated,21.08.2024,Nikita Moskalenko <nim@wip.tu-berlin.de>
World,HLI_Lignite,Lignite,1,2037,1.08284,,PJ,interpolated,21.08.2024,Nikita Moskalenko <nim@wip.tu-berlin.de>
World,HLI_Lignite,Lignite,1,2038,1.08226,,PJ,interpolated,21.08.2024,Nikita Moskalenko <nim@wip.tu-berlin.de>
World,HLI_Lignite,Lignite,1,2039,1.08168,,PJ,interpolated,21.08.2024,Nikita Moskalenko <nim@wip.tu-berlin.de>
World,HLI_Oil_Boiler,Oil,1,2026,1.0288,,PJ,interpolated,21.08.2024,Nikita Moskalenko <nim@wip.tu-berlin.de>
World,HLI_Oil_Boiler,Oil,1,2027,1.0267,,PJ,interpolated,21.08.2024,Nikita Moskalenko <nim@wip.tu-berlin.de>
World,HLI_Oil_Boiler,Oil,1,2028,1.0246,,PJ,interpolated,21.08.2024,Nikita Moskalenko <nim@wip.tu-berlin.de>
World,HLI_Oil_Boiler,Oil,1,2029,1.0225,,PJ,interpolated,21.08.2024,Nikita Moskalenko <nim@wip.tu-berlin.de>
World,HLI_Oil_Boiler,Oil,1,2031,1.0204,,PJ,interpolated,21.08.2024,Nikita Moskalenko <nim@wip.tu-berlin.de>
World,HLI_Oil_Boiler,Oil,1,2032,1.0204,,PJ,interpolated,21.08.2024,Nikita Moskalenko <nim@wip.tu-berlin.de>
World,HLI_Oil_Boiler,Oil,1,2033,1.0204,,PJ,interpolated,21.08.2024,Nikita Moskalenko <nim@wip.tu-berlin.de>
World,HLI_Oil_Boiler,Oil,1,2034,1.0204,,PJ,interpolated,21.08.2024,Nikita Moskalenko <nim@wip.tu-berlin.de>
World,HLI_Oil_Boiler,Oil,1,2036,1.0204,,PJ,interpolated,21.08.2024,Nikita Moskalenko <nim@wip.tu-berlin.de>
World,HLI_Oil_Boiler,Oil,1,2037,1.0204,,PJ,interpolated,21.08.2024,Nikita Moskalenko <nim@wip.tu-berlin.de>
World,HLI_Oil_Boiler,Oil,1,2038,1.0204,,PJ,interpolated,21.08.2024,Nikita Moskalenko <nim@wip.tu-berlin.de>
World,HLI_Oil_Boiler,Oil,1,2039,1.0204,,PJ,interpolated,21.08.2024,Nikita Moskalenko <nim@wip.tu-berlin.de>
World,HLI_Solar_Thermal,Area_Rooftop_Commercial,1,2026,0.1658,,km2,interpolated,,
World,HLI_Solar_Thermal,Area_Rooftop_Commercial,1,2027,0.1658,,km2,interpolated,,
World,HLI_Solar_Thermal,Area_Rooftop_Commercial,1,2028,0.1658,,km2,interpolated,,
World,HLI_Solar_Thermal,Area_Rooftop_Commercial,1,2029,0.1658,,km2,interpolated,,
World,HLI_Solar_Thermal,Area_Rooftop_Commercial,1,2031,0.1658,,km2,interpolated,,
World,HLI_Solar_Thermal,Area_Rooftop_Commercial,1,2032,0.1658,,km2,interpolated,,
World,HLI_Solar_Thermal,Area_Rooftop_Commercial,1,2033,0.1658,,km2,interpolated,,
World,HLI_Solar_Thermal,Area_Rooftop_Commercial,1,2034,0.1658,,km2,interpolated,,
World,HLI_Solar_Thermal,Area_Rooftop_Commercial,1,2036,0.1658,,km2,interpolated,,
World,HLI_Solar_Thermal,Area_Rooftop_Commercial,1,2037,0.1658,,km2,interpolated,,
World,HLI_Solar_Thermal,Area_Rooftop_Commercial,1,2038,0.1658,,km2,interpolated,,
World,HLI_Solar_Thermal,Area_Rooftop_Commercial,1,2039,0.1658,,km2,interpolated,,
World,HMHI_Biomass,Biomass,1,2026,1.09652,,PJ,interpolated,22.08.2024,Nikita Moskalenko <nim@wip.tu-berlin.de>
World,HMHI_Biomass,Biomass,1,2027,1.09414,,PJ,interpolated,22.08.2024,Nikita Moskalenko <nim@wip.tu-berlin.de>
World,HMHI_Biomass,Biomass,1,2028,1.09176,,PJ,interpolated,22.08.2024,Nikita Moskalenko <nim@wip.tu-berlin.de>
World,HMHI_Biomass,Biomass,1,2029,1.08938,,PJ,interpolated,22.08.2024,Nikita Moskalenko <nim@wip.tu-berlin.de>
World,HMHI_Biomass,Biomass,1,2031,1.0864,,PJ,interpolated,22.08.2024,Nikita Moskalenko <nim@wip.tu-berlin.de>
World,HMHI_Biomass,Biomass,1,2032,1.0858,,PJ,interpolated,22.08.2024,Nikita Moskalenko <nim@wip.tu-berlin.de>
World,HMHI_Biomass,Biomass,1,2033,1.0852,,PJ,interpolated,22.08.2024,Nikita Moskalenko <nim@wip.tu-berlin.de>
World,HMHI_Biomass,Biomass,1,2034,1.0846,,PJ,interpolated,22.08.2024,Nikita Moskalenko <nim@wip.tu-berlin.de>
World,HMHI_Biomass,Biomass,1,2036,1.08342,,PJ,interpolated,22.08.2024,Nikita Moskalenko <nim@wip.tu-berlin.de>
World,HMHI_Biomass,Biomass,1,2037,1.08284,,PJ,interpolated,22.08.2024,Nikita Moskalenko <nim@wip.tu-berlin.de>
World,HMHI_Biomass,Biomass,1,2038,1.08226,,PJ,interpolated,22.08.2024,Nikita Moskalenko <nim@wip.tu-berlin.de>
World,HMHI_Biomass,Biomass,1,2039,1.08168,,PJ,interpolated,22.08.2024,Nikita Moskalenko <nim@wip.tu-berlin.de>
World,HMHI_Biomass,Biomass,2,2026,1.09652,,PJ,interpolated,22.08.2024,Nikita Moskalenko <nim@wip.tu-berlin.de>
World,HMHI_Biomass,Biomass,2,2027,1.09414,,PJ,interpolated,22.08.2024,Nikita Moskalenko <nim@wip.tu-berlin.de>
World,HMHI_Biomass,Biomass,2,2028,1.09176,,PJ,interpolated,22.08.2024,Nikita Moskalenko <nim@wip.tu-berlin.de>
World,HMHI_Biomass,Biomass,2,2029,1.08938,,PJ,interpolated,22.08.2024,Nikita Moskalenko <nim@wip.tu-berlin.de>
World,HMHI_Biomass,Biomass,2,2031,1.0864,,PJ,interpolated,22.08.2024,Nikita Moskalenko <nim@wip.tu-berlin.de>
World,HMHI_Biomass,Biomass,2,2032,1.0858,,PJ,interpolated,22.08.2024,Nikita Moskalenko <nim@wip.tu-berlin.de>
World,HMHI_Biomass,Biomass,2,2033,1.0852,,PJ,interpolated,22.08.2024,Nikita Moskalenko <nim@wip.tu-berlin.de>
World,HMHI_Biomass,Biomass,2,2034,1.0846,,PJ,interpolated,22.08.2024,Nikita Moskalenko <nim@wip.tu-berlin.de>
World,HMHI_Biomass,Biomass,2,2036,1.08342,,PJ,interpolated,22.08.2024,Nikita Moskalenko <nim@wip.tu-berlin.de>
World,HMHI_Biomass,Biomass,2,2037,1.08284,,PJ,interpolated,22.08.2024,Nikita Moskalenko <nim@wip.tu-berlin.de>
World,HMHI_Biomass,Biomass,2,2038,1.08226,,PJ,interpolated,22.08.2024,Nikita Moskalenko <nim@wip.tu-berlin.de>
World,HMHI_Biomass,Biomass,2,2039,1.08168,,PJ,interpolated,22.08.2024,Nikita Moskalenko <nim@wip.tu-berlin.de>
World,HMHI_Gas,Gas_Natural,1,2026,1.0549,,PJ,interpolated,22.08.2024,Nikita Moskalenko <nim@wip.tu-berlin.de>
World,HMHI_Gas,Gas_Natural,1,2027,1.0516,,PJ,interpolated,22.08.2024,Nikita Moskalenko <nim@wip.tu-berlin.de>
World,HMHI_Gas,Gas_Natural,1,2028,1.0483,,PJ,interpolated,22.08.2024,Nikita Moskalenko <nim@wip.tu-berlin.de>
World,HMHI_Gas,Gas_Natural,1,2029,1.045,,PJ,interpolated,22.08.2024,Nikita Moskalenko <nim@wip.tu-berlin.de>
World,HMHI_Gas,Gas_Natural,1,2031,1.04116,,PJ,interpolated,22.08.2024,Nikita Moskalenko <nim@wip.tu-berlin.de>
World,HMHI_Gas,Gas_Natural,1,2032,1.04062,,PJ,interpolated,22.08.2024,Nikita Moskalenko <nim@wip.tu-berlin.de>
World,HMHI_Gas,Gas_Natural,1,2033,1.04008,,PJ,interpolated,22.08.2024,Nikita Moskalenko <nim@wip.tu-berlin.de>
World,HMHI_Gas,Gas_Natural,1,2034,1.03954,,PJ,interpolated,22.08.2024,Nikita Moskalenko <nim@wip.tu-berlin.de>
World,HMHI_Gas,Gas_Natural,1,2036,1.03846,,PJ,interpolated,22.08.2024,Nikita Moskalenko <nim@wip.tu-berlin.de>
World,HMHI_Gas,Gas_Natural,1,2037,1.03792,,PJ,interpolated,22.08.2024,Nikita Moskalenko <nim@wip.tu-berlin.de>
World,HMHI_Gas,Gas_Natural,1,2038,1.03738,,PJ,interpolated,22.08.2024,Nikita Moskalenko <nim@wip.tu-berlin.de>
World,HMHI_Gas,Gas_Natural,1,2039,1.03684,,PJ,interpolated,22.08.2024,Nikita Moskalenko <nim@wip.tu-berlin.de>
World,HMHI_Gas,Gas_Bio,2,2026,1.0549,,PJ,interpolated,22.08.2024,Nikita Moskalenko <nim@wip.tu-berlin.de>
World,HMHI_Gas,Gas_Bio,2,2027,1.0516,,PJ,interpolated,22.08.2024,Nikita Moskalenko <nim@wip.tu-berlin.de>
World,HMHI_Gas,Gas_Bio,2,2028,1.0483,,PJ,interpolated,22.08.2024,Nikita Moskalenko <nim@wip.tu-berlin.de>
World,HMHI_Gas,Gas_Bio,2,2029,1.045,,PJ,interpolated,22.08.2024,Nikita Moskalenko <nim@wip.tu-berlin.de>
World,HMHI_Gas,Gas_Bio,2,2031,1.04116,,PJ,interpolated,22.08.2024,Nikita Moskalenko <nim@wip.tu-berlin.de>
World,HMHI_Gas,Gas_Bio,2,2032,1.04062,,PJ,interpolated,22.08.2024,Nikita Moskalenko <nim@wip.tu-berlin.de>
World,HMHI_Gas,Gas_Bio,2,2033,1.04008,,PJ,interpolated,22.08.2024,Nikita Moskalenko <nim@wip.tu-berlin.de>
World,HMHI_Gas,Gas_Bio,2,2034,1.03954,,PJ,interpolated,22.08.2024,Nikita Moskalenko <nim@wip.tu-berlin.de>
World,HMHI_Gas,Gas_Bio,2,2036,1.03846,,PJ,interpolated,22.08.2024,Nikita Moskalenko <nim@wip.tu-berlin.de>
World,HMHI_Gas,Gas_Bio,2,2037,1.03792,,PJ,interpolated,22.08.2024,Nikita Moskalenko <nim@wip.tu-berlin.de>
World,HMHI_Gas,Gas_Bio,2,2038,1.03738,,PJ,interpolated,22.08.2024,Nikita Moskalenko <nim@wip.tu-berlin.de>
World,HMHI_Gas,Gas_Bio,2,2039,1.03684,,PJ,interpolated,22.08.2024,Nikita Moskalenko <nim@wip.tu-berlin.de>
World,HMHI_Gas,Gas_Synth,3,2026,1.0549,,PJ,interpolated,22.08.2024,Nikita Moskalenko <nim@wip.tu-berlin.de>
World,HMHI_Gas,Gas_Synth,3,2027,1.0516,,PJ,interpolated,22.08.2024,Nikita Moskalenko <nim@wip.tu-berlin.de>
World,HMHI_Gas,Gas_Synth,3,2028,1.0483,,PJ,interpolated,22.08.2024,Nikita Moskalenko <nim@wip.tu-berlin.de>
World,HMHI_Gas,Gas_Synth,3,2029,1.045,,PJ,interpolated,22.08.2024,Nikita Moskalenko <nim@wip.tu-berlin.de>
World,HMHI_Gas,Gas_Synth,3,2031,1.04116,,PJ,interpolated,22.08.2024,Nikita Moskalenko <nim@wip.tu-berlin.de>
World,HMHI_Gas,Gas_Synth,3,2032,1.04062,,PJ,interpolated,22.08.2024,Nikita Moskalenko <nim@wip.tu-berlin.de>
World,HMHI_Gas,Gas_Synth,3,2033,1.04008,,PJ,interpolated,22.08.2024,Nikita Moskalenko <nim@wip.tu-berlin.de>
World,HMHI_Gas,Gas_Synth,3,2034,1.03954,,PJ,interpolated,22.08.2024,Nikita Moskalenko <nim@wip.tu-berlin.de>
World,HMHI_Gas,Gas_Synth,3,2036,1.03846,,PJ,interpolated,22.08.2024,Nikita Moskalenko <nim@wip.tu-berlin.de>
World,HMHI_Gas,Gas_Synth,3,2037,1.03792,,PJ,interpolated,22.08.2024,Nikita Moskalenko <nim@wip.tu-berlin.de>
World,HMHI_Gas,Gas_Synth,3,2038,1.03738,,PJ,interpolated,22.08.2024,Nikita Moskalenko <nim@wip.tu-berlin.de>
World,HMHI_Gas,Gas_Synth,3,2039,1.03684,,PJ,interpolated,22.08.2024,Nikita Moskalenko <nim@wip.tu-berlin.de>
World,HMHI_Gas,Gas_Natural,4,2026,1.0549,,PJ,interpolated,22.08.2024,Nikita Moskalenko <nim@wip.tu-berlin.de>
World,HMHI_Gas,Gas_Natural,4,2027,1.0516,,PJ,interpolated,22.08.2024,Nikita Moskalenko <nim@wip.tu-berlin.de>
World,HMHI_Gas,Gas_Natural,4,2028,1.0483,,PJ,interpolated,22.08.2024,Nikita Moskalenko <nim@wip.tu-berlin.de>
World,HMHI_Gas,Gas_Natural,4,2029,1.045,,PJ,interpolated,22.08.2024,Nikita Moskalenko <nim@wip.tu-berlin.de>
World,HMHI_Gas,Gas_Natural,4,2031,1.04116,,PJ,interpolated,22.08.2024,Nikita Moskalenko <nim@wip.tu-berlin.de>
World,HMHI_Gas,Gas_Natural,4,2032,1.04062,,PJ,interpolated,22.08.2024,Nikita Moskalenko <nim@wip.tu-berlin.de>
World,HMHI_Gas,Gas_Natural,4,2033,1.04008,,PJ,interpolated,22.08.2024,Nikita Moskalenko <nim@wip.tu-berlin.de>
World,HMHI_Gas,Gas_Natural,4,2034,1.03954,,PJ,interpolated,22.08.2024,Nikita Moskalenko <nim@wip.tu-berlin.de>
World,HMHI_Gas,Gas_Natural,4,2036,1.03846,,PJ,interpolated,22.08.2024,Nikita Moskalenko <nim@wip.tu-berlin.de>
World,HMHI_Gas,Gas_Natural,4,2037,1.03792,,PJ,interpolated,22.08.2024,Nikita Moskalenko <nim@wip.tu-berlin.de>
World,HMHI_Gas,Gas_Natural,4,2038,1.03738,,PJ,interpolated,22.08.2024,Nikita Moskalenko <nim@wip.tu-berlin.de>
World,HMHI_Gas,Gas_Natural,4,2039,1.03684,,PJ,interpolated,22.08.2024,Nikita Moskalenko <nim@wip.tu-berlin.de>
World,HMHI_Gas,Gas_Bio,5,2026,1.0549,,PJ,interpolated,22.08.2024,Nikita Moskalenko <nim@wip.tu-berlin.de>
World,HMHI_Gas,Gas_Bio,5,2027,1.0516,,PJ,interpolated,22.08.2024,Nikita Moskalenko <nim@wip.tu-berlin.de>
World,HMHI_Gas,Gas_Bio,5,2028,1.0483,,PJ,interpolated,22.08.2024,Nikita Moskalenko <nim@wip.tu-berlin.de>
World,HMHI_Gas,Gas_Bio,5,2029,1.045,,PJ,interpolated,22.08.2024,Nikita Moskalenko <nim@wip.tu-berlin.de>
World,HMHI_Gas,Gas_Bio,5,2031,1.04116,,PJ,interpolated,22.08.2024,Nikita Moskalenko <nim@wip.tu-berlin.de>
World,HMHI_Gas,Gas_Bio,5,2032,1.04062,,PJ,interpolated,22.08.2024,Nikita Moskalenko <nim@wip.tu-berlin.de>
World,HMHI_Gas,Gas_Bio,5,2033,1.04008,,PJ,interpolated,22.08.2024,Nikita Moskalenko <nim@wip.tu-berlin.de>
World,HMHI_Gas,Gas_Bio,5,2034,1.03954,,PJ,interpolated,22.08.2024,Nikita Moskalenko <nim@wip.tu-berlin.de>
World,HMHI_Gas,Gas_Bio,5,2036,1.03846,,PJ,interpolated,22.08.2024,Nikita Moskalenko <nim@wip.tu-berlin.de>
World,HMHI_Gas,Gas_Bio,5,2037,1.03792,,PJ,interpolated,22.08.2024,Nikita Moskalenko <nim@wip.tu-berlin.de>
World,HMHI_Gas,Gas_Bio,5,2038,1.03738,,PJ,interpolated,22.08.2024,Nikita Moskalenko <nim@wip.tu-berlin.de>
World,HMHI_Gas,Gas_Bio,5,2039,1.03684,,PJ,interpolated,22.08.2024,Nikita Moskalenko <nim@wip.tu-berlin.de>
World,HMHI_Gas,Gas_Synth,6,2026,1.0549,,PJ,interpolated,22.08.2024,Nikita Moskalenko <nim@wip.tu-berlin.de>
World,HMHI_Gas,Gas_Synth,6,2027,1.0516,,PJ,interpolated,22.08.2024,Nikita Moskalenko <nim@wip.tu-berlin.de>
World,HMHI_Gas,Gas_Synth,6,2028,1.0483,,PJ,interpolated,22.08.2024,Nikita Moskalenko <nim@wip.tu-berlin.de>
World,HMHI_Gas,Gas_Synth,6,2029,1.045,,PJ,interpolated,22.08.2024,Nikita Moskalenko <nim@wip.tu-berlin.de>
World,HMHI_Gas,Gas_Synth,6,2031,1.04116,,PJ,interpolated,22.08.2024,Nikita Moskalenko <nim@wip.tu-berlin.de>
World,HMHI_Gas,Gas_Synth,6,2032,1.04062,,PJ,interpolated,22.08.2024,Nikita Moskalenko <nim@wip.tu-berlin.de>
World,HMHI_Gas,Gas_Synth,6,2033,1.04008,,PJ,interpolated,22.08.2024,Nikita Moskalenko <nim@wip.tu-berlin.de>
World,HMHI_Gas,Gas_Synth,6,2034,1.03954,,PJ,interpolated,22.08.2024,Nikita Moskalenko <nim@wip.tu-berlin.de>
World,HMHI_Gas,Gas_Synth,6,2036,1.03846,,PJ,interpolated,22.08.2024,Nikita Moskalenko <nim@wip.tu-berlin.de>
World,HMHI_Gas,Gas_Synth,6,2037,1.03792,,PJ,interpolated,22.08.2024,Nikita Moskalenko <nim@wip.tu-berlin.de>
World,HMHI_Gas,Gas_Synth,6,2038,1.03738,,PJ,interpolated,22.08.2024,Nikita Moskalenko <nim@wip.tu-berlin.de>
World,HMHI_Gas,Gas_Synth,6,2039,1.03684,,PJ,interpolated,22.08.2024,Nikita Moskalenko <nim@wip.tu-berlin.de>
World,HMHI_Gas_CCS,Gas_Natural,1,2026,1.17212,,PJ,interpolated,05.09.2024,Nikita Moskalenko <nim@wip.tu-berlin.de>
World,HMHI_Gas_CCS,Gas_Natural,1,2027,1.16844,,PJ,interpolated,05.09.2024,Nikita Moskalenko <nim@wip.tu-berlin.de>
World,HMHI_Gas_CCS,Gas_Natural,1,2028,1.16476,,PJ,interpolated,05.09.2024,Nikita Moskalenko <nim@wip.tu-berlin.de>
World,HMHI_Gas_CCS,Gas_Natural,1,2029,1.16108,,PJ,interpolated,05.09.2024,Nikita Moskalenko <nim@wip.tu-berlin.de>
World,HMHI_Gas_CCS,Gas_Natural,1,2031,1.1568,,PJ,interpolated,05.09.2024,Nikita Moskalenko <nim@wip.tu-berlin.de>
World,HMHI_Gas_CCS,Gas_Natural,1,2032,1.1562,,PJ,interpolated,05.09.2024,Nikita Moskalenko <nim@wip.tu-berlin.de>
World,HMHI_Gas_CCS,Gas_Natural,1,2033,1.1556,,PJ,interpolated,05.09.2024,Nikita Moskalenko <nim@wip.tu-berlin.de>
World,HMHI_Gas_CCS,Gas_Natural,1,2034,1.155,,PJ,interpolated,05.09.2024,Nikita Moskalenko <nim@wip.tu-berlin.de>
World,HMHI_Gas_CCS,Gas_Natural,1,2036,1.1538,,PJ,interpolated,05.09.2024,Nikita Moskalenko <nim@wip.tu-berlin.de>
World,HMHI_Gas_CCS,Gas_Natural,1,2037,1.1532,,PJ,interpolated,05.09.2024,Nikita Moskalenko <nim@wip.tu-berlin.de>
World,HMHI_Gas_CCS,Gas_Natural,1,2038,1.1526,,PJ,interpolated,05.09.2024,Nikita Moskalenko <nim@wip.tu-berlin.de>
World,HMHI_Gas_CCS,Gas_Natural,1,2039,1.152,,PJ,interpolated,05.09.2024,Nikita Moskalenko <nim@wip.tu-berlin.de>
World,HMHI_Gas_CCS,Gas_Natural,2,2026,1.17212,,PJ,interpolated,05.09.2024,Nikita Moskalenko <nim@wip.tu-berlin.de>
World,HMHI_Gas_CCS,Gas_Natural,2,2027,1.16844,,PJ,interpolated,05.09.2024,Nikita Moskalenko <nim@wip.tu-berlin.de>
World,HMHI_Gas_CCS,Gas_Natural,2,2028,1.16476,,PJ,interpolated,05.09.2024,Nikita Moskalenko <nim@wip.tu-berlin.de>
World,HMHI_Gas_CCS,Gas_Natural,2,2029,1.16108,,PJ,interpolated,05.09.2024,Nikita Moskalenko <nim@wip.tu-berlin.de>
World,HMHI_Gas_CCS,Gas_Natural,2,2031,1.1568,,PJ,interpolated,05.09.2024,Nikita Moskalenko <nim@wip.tu-berlin.de>
World,HMHI_Gas_CCS,Gas_Natural,2,2032,1.1562,,PJ,interpolated,05.09.2024,Nikita Moskalenko <nim@wip.tu-berlin.de>
World,HMHI_Gas_CCS,Gas_Natural,2,2033,1.1556,,PJ,interpolated,05.09.2024,Nikita Moskalenko <nim@wip.tu-berlin.de>
World,HMHI_Gas_CCS,Gas_Natural,2,2034,1.155,,PJ,interpolated,05.09.2024,Nikita Moskalenko <nim@wip.tu-berlin.de>
World,HMHI_Gas_CCS,Gas_Natural,2,2036,1.1538,,PJ,interpolated,05.09.2024,Nikita Moskalenko <nim@wip.tu-berlin.de>
World,HMHI_Gas_CCS,Gas_Natural,2,2037,1.1532,,PJ,interpolated,05.09.2024,Nikita Moskalenko <nim@wip.tu-berlin.de>
World,HMHI_Gas_CCS,Gas_Natural,2,2038,1.1526,,PJ,interpolated,05.09.2024,Nikita Moskalenko <nim@wip.tu-berlin.de>
World,HMHI_Gas_CCS,Gas_Natural,2,2039,1.152,,PJ,interpolated,05.09.2024,Nikita Moskalenko <nim@wip.tu-berlin.de>
World,HMHI_H2,H2,1,2026,1.1765,,PJ,interpolated,21.08.2024,Nikita Moskalenko <nim@wip.tu-berlin.de>
World,HMHI_H2,H2,1,2027,1.1765,,PJ,interpolated,21.08.2024,Nikita Moskalenko <nim@wip.tu-berlin.de>
World,HMHI_H2,H2,1,2028,1.1765,,PJ,interpolated,21.08.2024,Nikita Moskalenko <nim@wip.tu-berlin.de>
World,HMHI_H2,H2,1,2029,1.1765,,PJ,interpolated,21.08.2024,Nikita Moskalenko <nim@wip.tu-berlin.de>
World,HMHI_H2,H2,1,2031,1.17308,,PJ,interpolated,21.08.2024,Nikita Moskalenko <nim@wip.tu-berlin.de>
World,HMHI_H2,H2,1,2032,1.16966,,PJ,interpolated,21.08.2024,Nikita Moskalenko <nim@wip.tu-berlin.de>
World,HMHI_H2,H2,1,2033,1.16624,,PJ,interpolated,21.08.2024,Nikita Moskalenko <nim@wip.tu-berlin.de>
World,HMHI_H2,H2,1,2034,1.16282,,PJ,interpolated,21.08.2024,Nikita Moskalenko <nim@wip.tu-berlin.de>
World,HMHI_H2,H2,1,2036,1.1561,,PJ,interpolated,21.08.2024,Nikita Moskalenko <nim@wip.tu-berlin.de>
World,HMHI_H2,H2,1,2037,1.1528,,PJ,interpolated,21.08.2024,Nikita Moskalenko <nim@wip.tu-berlin.de>
World,HMHI_H2,H2,1,2038,1.1495,,PJ,interpolated,21.08.2024,Nikita Moskalenko <nim@wip.tu-berlin.de>
World,HMHI_H2,H2,1,2039,1.1462,,PJ,interpolated,21.08.2024,Nikita Moskalenko <nim@wip.tu-berlin.de>
World,HMHI_H2,H2,2,2026,1.1765,,PJ,interpolated,21.08.2024,Nikita Moskalenko <nim@wip.tu-berlin.de>
World,HMHI_H2,H2,2,2027,1.1765,,PJ,interpolated,21.08.2024,Nikita Moskalenko <nim@wip.tu-berlin.de>
World,HMHI_H2,H2,2,2028,1.1765,,PJ,interpolated,21.08.2024,Nikita Moskalenko <nim@wip.tu-berlin.de>
World,HMHI_H2,H2,2,2029,1.1765,,PJ,interpolated,21.08.2024,Nikita Moskalenko <nim@wip.tu-berlin.de>
World,HMHI_H2,H2,2,2031,1.17308,,PJ,interpolated,21.08.2024,Nikita Moskalenko <nim@wip.tu-berlin.de>
World,HMHI_H2,H2,2,2032,1.16966,,PJ,interpolated,21.08.2024,Nikita Moskalenko <nim@wip.tu-berlin.de>
World,HMHI_H2,H2,2,2033,1.16624,,PJ,interpolated,21.08.2024,Nikita Moskalenko <nim@wip.tu-berlin.de>
World,HMHI_H2,H2,2,2034,1.16282,,PJ,interpolated,21.08.2024,Nikita Moskalenko <nim@wip.tu-berlin.de>
World,HMHI_H2,H2,2,2036,1.1561,,PJ,interpolated,21.08.2024,Nikita Moskalenko <nim@wip.tu-berlin.de>
World,HMHI_H2,H2,2,2037,1.1528,,PJ,interpolated,21.08.2024,Nikita Moskalenko <nim@wip.tu-berlin.de>
World,HMHI_H2,H2,2,2038,1.1495,,PJ,interpolated,21.08.2024,Nikita Moskalenko <nim@wip.tu-berlin.de>
World,HMHI_H2,H2,2,2039,1.1462,,PJ,interpolated,21.08.2024,Nikita Moskalenko <nim@wip.tu-berlin.de>
World,HMHI_HardCoal,Hardcoal,1,2026,1.09652,,PJ,interpolated,22.08.2024,Nikita Moskalenko <nim@wip.tu-berlin.de>
World,HMHI_HardCoal,Hardcoal,1,2027,1.09414,,PJ,interpolated,22.08.2024,Nikita Moskalenko <nim@wip.tu-berlin.de>
World,HMHI_HardCoal,Hardcoal,1,2028,1.09176,,PJ,interpolated,22.08.2024,Nikita Moskalenko <nim@wip.tu-berlin.de>
World,HMHI_HardCoal,Hardcoal,1,2029,1.08938,,PJ,interpolated,22.08.2024,Nikita Moskalenko <nim@wip.tu-berlin.de>
World,HMHI_HardCoal,Hardcoal,1,2031,1.08582,,PJ,interpolated,22.08.2024,Nikita Moskalenko <nim@wip.tu-berlin.de>
World,HMHI_HardCoal,Hardcoal,1,2032,1.08464,,PJ,interpolated,22.08.2024,Nikita Moskalenko <nim@wip.tu-berlin.de>
World,HMHI_HardCoal,Hardcoal,1,2033,1.08346,,PJ,interpolated,22.08.2024,Nikita Moskalenko <nim@wip.tu-berlin.de>
World,HMHI_HardCoal,Hardcoal,1,2034,1.08228,,PJ,interpolated,22.08.2024,Nikita Moskalenko <nim@wip.tu-berlin.de>
World,HMHI_HardCoal,Hardcoal,1,2036,1.07994,,PJ,interpolated,22.08.2024,Nikita Moskalenko <nim@wip.tu-berlin.de>
World,HMHI_HardCoal,Hardcoal,1,2037,1.07878,,PJ,interpolated,22.08.2024,Nikita Moskalenko <nim@wip.tu-berlin.de>
World,HMHI_HardCoal,Hardcoal,1,2038,1.07762,,PJ,interpolated,22.08.2024,Nikita Moskalenko <nim@wip.tu-berlin.de>
World,HMHI_HardCoal,Hardcoal,1,2039,1.07646,,PJ,interpolated,22.08.2024,Nikita Moskalenko <nim@wip.tu-berlin.de>
World,HMHI_HardCoal,Hardcoal,2,2026,1.09652,,PJ,interpolated,22.08.2024,Nikita Moskalenko <nim@wip.tu-berlin.de>
World,HMHI_HardCoal,Hardcoal,2,2027,1.09414,,PJ,interpolated,22.08.2024,Nikita Moskalenko <nim@wip.tu-berlin.de>
World,HMHI_HardCoal,Hardcoal,2,2028,1.09176,,PJ,interpolated,22.08.2024,Nikita Moskalenko <nim@wip.tu-berlin.de>
World,HMHI_HardCoal,Hardcoal,2,2029,1.08938,,PJ,interpolated,22.08.2024,Nikita Moskalenko <nim@wip.tu-berlin.de>
World,HMHI_HardCoal,Hardcoal,2,2031,1.08582,,PJ,interpolated,22.08.2024,Nikita Moskalenko <nim@wip.tu-berlin.de>
World,HMHI_HardCoal,Hardcoal,2,2032,1.08464,,PJ,interpolated,22.08.2024,Nikita Moskalenko <nim@wip.tu-berlin.de>
World,HMHI_HardCoal,Hardcoal,2,2033,1.08346,,PJ,interpolated,22.08.2024,Nikita Moskalenko <nim@wip.tu-berlin.de>
World,HMHI_HardCoal,Hardcoal,2,2034,1.08228,,PJ,interpolated,22.08.2024,Nikita Moskalenko <nim@wip.tu-berlin.de>
World,HMHI_HardCoal,Hardcoal,2,2036,1.07994,,PJ,interpolated,22.08.2024,Nikita Moskalenko <nim@wip.tu-berlin.de>
World,HMHI_HardCoal,Hardcoal,2,2037,1.07878,,PJ,interpolated,22.08.2024,Nikita Moskalenko <nim@wip.tu-berlin.de>
World,HMHI_HardCoal,Hardcoal,2,2038,1.07762,,PJ,interpolated,22.08.2024,Nikita Moskalenko <nim@wip.tu-berlin.de>
World,HMHI_HardCoal,Hardcoal,2,2039,1.07646,,PJ,interpolated,22.08.2024,Nikita Moskalenko <nim@wip.tu-berlin.de>
World,HMHI_HardCoal_CCS,Hardcoal,1,2026,1.21834,,PJ,interpolated,05.09.2024,Nikita Moskalenko <nim@wip.tu-berlin.de>
World,HMHI_HardCoal_CCS,Hardcoal,1,2027,1.21568,,PJ,interpolated,05.09.2024,Nikita Moskalenko <nim@wip.tu-berlin.de>
World,HMHI_HardCoal_CCS,Hardcoal,1,2028,1.21302,,PJ,interpolated,05.09.2024,Nikita Moskalenko <nim@wip.tu-berlin.de>
World,HMHI_HardCoal_CCS,Hardcoal,1,2029,1.21036,,PJ,interpolated,05.09.2024,Nikita Moskalenko <nim@wip.tu-berlin.de>
World,HMHI_HardCoal_CCS,Hardcoal,1,2031,1.2064,,PJ,interpolated,05.09.2024,Nikita Moskalenko <nim@wip.tu-berlin.de>
World,HMHI_HardCoal_CCS,Hardcoal,1,2032,1.2051,,PJ,interpolated,05.09.2024,Nikita Moskalenko <nim@wip.tu-berlin.de>
World,HMHI_HardCoal_CCS,Hardcoal,1,2033,1.2038,,PJ,interpolated,05.09.2024,Nikita Moskalenko <nim@wip.tu-berlin.de>
World,HMHI_HardCoal_CCS,Hardcoal,1,2034,1.2025,,PJ,interpolated,05.09.2024,Nikita Moskalenko <nim@wip.tu-berlin.de>
World,HMHI_HardCoal_CCS,Hardcoal,1,2036,1.1999,,PJ,interpolated,05.09.2024,Nikita Moskalenko <nim@wip.tu-berlin.de>
World,HMHI_HardCoal_CCS,Hardcoal,1,2037,1.1986,,PJ,interpolated,05.09.2024,Nikita Moskalenko <nim@wip.tu-berlin.de>
World,HMHI_HardCoal_CCS,Hardcoal,1,2038,1.1973,,PJ,interpolated,05.09.2024,Nikita Moskalenko <nim@wip.tu-berlin.de>
World,HMHI_HardCoal_CCS,Hardcoal,1,2039,1.196,,PJ,interpolated,05.09.2024,Nikita Moskalenko <nim@wip.tu-berlin.de>
World,HMHI_HardCoal_CCS,Hardcoal,2,2026,1.21834,,PJ,interpolated,05.09.2024,Nikita Moskalenko <nim@wip.tu-berlin.de>
World,HMHI_HardCoal_CCS,Hardcoal,2,2027,1.21568,,PJ,interpolated,05.09.2024,Nikita Moskalenko <nim@wip.tu-berlin.de>
World,HMHI_HardCoal_CCS,Hardcoal,2,2028,1.21302,,PJ,interpolated,05.09.2024,Nikita Moskalenko <nim@wip.tu-berlin.de>
World,HMHI_HardCoal_CCS,Hardcoal,2,2029,1.21036,,PJ,interpolated,05.09.2024,Nikita Moskalenko <nim@wip.tu-berlin.de>
World,HMHI_HardCoal_CCS,Hardcoal,2,2031,1.2064,,PJ,interpolated,05.09.2024,Nikita Moskalenko <nim@wip.tu-berlin.de>
World,HMHI_HardCoal_CCS,Hardcoal,2,2032,1.2051,,PJ,interpolated,05.09.2024,Nikita Moskalenko <nim@wip.tu-berlin.de>
World,HMHI_HardCoal_CCS,Hardcoal,2,2033,1.2038,,PJ,interpolated,05.09.2024,Nikita Moskalenko <nim@wip.tu-berlin.de>
World,HMHI_HardCoal_CCS,Hardcoal,2,2034,1.2025,,PJ,interpolated,05.09.2024,Nikita Moskalenko <nim@wip.tu-berlin.de>
World,HMHI_HardCoal_CCS,Hardcoal,2,2036,1.1999,,PJ,interpolated,05.09.2024,Nikita Moskalenko <nim@wip.tu-berlin.de>
World,HMHI_HardCoal_CCS,Hardcoal,2,2037,1.1986,,PJ,interpolated,05.09.2024,Nikita Moskalenko <nim@wip.tu-berlin.de>
World,HMHI_HardCoal_CCS,Hardcoal,2,2038,1.1973,,PJ,interpolated,05.09.2024,Nikita Moskalenko <nim@wip.tu-berlin.de>
World,HMHI_HardCoal_CCS,Hardcoal,2,2039,1.196,,PJ,interpolated,05.09.2024,Nikita Moskalenko <nim@wip.tu-berlin.de>
World,HMHI_Oil,Oil,1,2026,1.03312,,PJ,interpolated,22.08.2024,Nikita Moskalenko <nim@wip.tu-berlin.de>
World,HMHI_Oil,Oil,1,2027,1.02994,,PJ,interpolated,22.08.2024,Nikita Moskalenko <nim@wip.tu-berlin.de>
World,HMHI_Oil,Oil,1,2028,1.02676,,PJ,interpolated,22.08.2024,Nikita Moskalenko <nim@wip.tu-berlin.de>
World,HMHI_Oil,Oil,1,2029,1.02358,,PJ,interpolated,22.08.2024,Nikita Moskalenko <nim@wip.tu-berlin.de>
World,HMHI_Oil,Oil,1,2031,1.0204,,PJ,interpolated,22.08.2024,Nikita Moskalenko <nim@wip.tu-berlin.de>
World,HMHI_Oil,Oil,1,2032,1.0204,,PJ,interpolated,22.08.2024,Nikita Moskalenko <nim@wip.tu-berlin.de>
World,HMHI_Oil,Oil,1,2033,1.0204,,PJ,interpolated,22.08.2024,Nikita Moskalenko <nim@wip.tu-berlin.de>
World,HMHI_Oil,Oil,1,2034,1.0204,,PJ,interpolated,22.08.2024,Nikita Moskalenko <nim@wip.tu-berlin.de>
World,HMHI_Oil,Oil,1,2036,1.0204,,PJ,interpolated,22.08.2024,Nikita Moskalenko <nim@wip.tu-berlin.de>
World,HMHI_Oil,Oil,1,2037,1.0204,,PJ,interpolated,22.08.2024,Nikita Moskalenko <nim@wip.tu-berlin.de>
World,HMHI_Oil,Oil,1,2038,1.0204,,PJ,interpolated,22.08.2024,Nikita Moskalenko <nim@wip.tu-berlin.de>
World,HMHI_Oil,Oil,1,2039,1.0204,,PJ,interpolated,22.08.2024,Nikita Moskalenko <nim@wip.tu-berlin.de>
World,HMHI_Oil,Oil,2,2026,1.03312,,PJ,interpolated,22.08.2024,Nikita Moskalenko <nim@wip.tu-berlin.de>
World,HMHI_Oil,Oil,2,2027,1.02994,,PJ,interpolated,22.08.2024,Nikita Moskalenko <nim@wip.tu-berlin.de>
World,HMHI_Oil,Oil,2,2028,1.02676,,PJ,interpolated,22.08.2024,Nikita Moskalenko <nim@wip.tu-berlin.de>
World,HMHI_Oil,Oil,2,2029,1.02358,,PJ,interpolated,22.08.2024,Nikita Moskalenko <nim@wip.tu-berlin.de>
World,HMHI_Oil,Oil,2,2031,1.0204,,PJ,interpolated,22.08.2024,Nikita Moskalenko <nim@wip.tu-berlin.de>
World,HMHI_Oil,Oil,2,2032,1.0204,,PJ,interpolated,22.08.2024,Nikita Moskalenko <nim@wip.tu-berlin.de>
World,HMHI_Oil,Oil,2,2033,1.0204,,PJ,interpolated,22.08.2024,Nikita Moskalenko <nim@wip.tu-berlin.de>
World,HMHI_Oil,Oil,2,2034,1.0204,,PJ,interpolated,22.08.2024,Nikita Moskalenko <nim@wip.tu-berlin.de>
World,HMHI_Oil,Oil,2,2036,1.0204,,PJ,interpolated,22.08.2024,Nikita Moskalenko <nim@wip.tu-berlin.de>
World,HMHI_Oil,Oil,2,2037,1.0204,,PJ,interpolated,22.08.2024,Nikita Moskalenko <nim@wip.tu-berlin.de>
World,HMHI_Oil,Oil,2,2038,1.0204,,PJ,interpolated,22.08.2024,Nikita Moskalenko <nim@wip.tu-berlin.de>
World,HMHI_Oil,Oil,2,2039,1.0204,,PJ,interpolated,22.08.2024,Nikita Moskalenko <nim@wip.tu-berlin.de>
World,HMHI_Steam_Electric,Power,1,2026,1.00808,,PJ,interpolated,21.08.2024,Nikita Moskalenko <nim@wip.tu-berlin.de>
World,HMHI_Steam_Electric,Power,1,2027,1.00606,,PJ,interpolated,21.08.2024,Nikita Moskalenko <nim@wip.tu-berlin.de>
World,HMHI_Steam_Electric,Power,1,2028,1.00404,,PJ,interpolated,21.08.2024,Nikita Moskalenko <nim@wip.tu-berlin.de>
World,HMHI_Steam_Electric,Power,1,2029,1.00202,,PJ,interpolated,21.08.2024,Nikita Moskalenko <nim@wip.tu-berlin.de>
World,HMHI_Steam_Electric,Power,1,2031,1,,PJ,interpolated,21.08.2024,Nikita Moskalenko <nim@wip.tu-berlin.de>
World,HMHI_Steam_Electric,Power,1,2032,1,,PJ,interpolated,21.08.2024,Nikita Moskalenko <nim@wip.tu-berlin.de>
World,HMHI_Steam_Electric,Power,1,2033,1,,PJ,interpolated,21.08.2024,Nikita Moskalenko <nim@wip.tu-berlin.de>
World,HMHI_Steam_Electric,Power,1,2034,1,,PJ,interpolated,21.08.2024,Nikita Moskalenko <nim@wip.tu-berlin.de>
World,HMHI_Steam_Electric,Power,1,2036,1,,PJ,interpolated,21.08.2024,Nikita Moskalenko <nim@wip.tu-berlin.de>
World,HMHI_Steam_Electric,Power,1,2037,1,,PJ,interpolated,21.08.2024,Nikita Moskalenko <nim@wip.tu-berlin.de>
World,HMHI_Steam_Electric,Power,1,2038,1,,PJ,interpolated,21.08.2024,Nikita Moskalenko <nim@wip.tu-berlin.de>
World,HMHI_Steam_Electric,Power,1,2039,1,,PJ,interpolated,21.08.2024,Nikita Moskalenko <nim@wip.tu-berlin.de>
World,HMHI_Steam_Electric,Power,2,2026,1.00808,,PJ,interpolated,21.08.2024,Nikita Moskalenko <nim@wip.tu-berlin.de>
World,HMHI_Steam_Electric,Power,2,2027,1.00606,,PJ,interpolated,21.08.2024,Nikita Moskalenko <nim@wip.tu-berlin.de>
World,HMHI_Steam_Electric,Power,2,2028,1.00404,,PJ,interpolated,21.08.2024,Nikita Moskalenko <nim@wip.tu-berlin.de>
World,HMHI_Steam_Electric,Power,2,2029,1.00202,,PJ,interpolated,21.08.2024,Nikita Moskalenko <nim@wip.tu-berlin.de>
World,HMHI_Steam_Electric,Power,2,2031,1,,PJ,interpolated,21.08.2024,Nikita Moskalenko <nim@wip.tu-berlin.de>
World,HMHI_Steam_Electric,Power,2,2032,1,,PJ,interpolated,21.08.2024,Nikita Moskalenko <nim@wip.tu-berlin.de>
World,HMHI_Steam_Electric,Power,2,2033,1,,PJ,interpolated,21.08.2024,Nikita Moskalenko <nim@wip.tu-berlin.de>
World,HMHI_Steam_Electric,Power,2,2034,1,,PJ,interpolated,21.08.2024,Nikita Moskalenko <nim@wip.tu-berlin.de>
World,HMHI_Steam_Electric,Power,2,2036,1,,PJ,interpolated,21.08.2024,Nikita Moskalenko <nim@wip.tu-berlin.de>
World,HMHI_Steam_Electric,Power,2,2037,1,,PJ,interpolated,21.08.2024,Nikita Moskalenko <nim@wip.tu-berlin.de>
World,HMHI_Steam_Electric,Power,2,2038,1,,PJ,interpolated,21.08.2024,Nikita Moskalenko <nim@wip.tu-berlin.de>
World,HMHI_Steam_Electric,Power,2,2039,1,,PJ,interpolated,21.08.2024,Nikita Moskalenko <nim@wip.tu-berlin.de>
World,HMLI_Heatpump,Power,1,2026,0.37912,,PJ,interpolated,13.12.2023,Frida Sather <frida.sather@sintef.no>
World,HMLI_Heatpump,Power,1,2027,0.37694,,PJ,interpolated,13.12.2023,Frida Sather <frida.sather@sintef.no>
World,HMLI_Heatpump,Power,1,2028,0.37476,,PJ,interpolated,13.12.2023,Frida Sather <frida.sather@sintef.no>
World,HMLI_Heatpump,Power,1,2029,0.37258,,PJ,interpolated,13.12.2023,Frida Sather <frida.sather@sintef.no>
World,HMLI_Heatpump,Power,1,2031,0.36908,,PJ,interpolated,13.12.2023,Frida Sather <frida.sather@sintef.no>
World,HMLI_Heatpump,Power,1,2032,0.36776,,PJ,interpolated,13.12.2023,Frida Sather <frida.sather@sintef.no>
World,HMLI_Heatpump,Power,1,2033,0.36644,,PJ,interpolated,13.12.2023,Frida Sather <frida.sather@sintef.no>
World,HMLI_Heatpump,Power,1,2034,0.36512,,PJ,interpolated,13.12.2023,Frida Sather <frida.sather@sintef.no>
World,HMLI_Heatpump,Power,1,2036,0.36246,,PJ,interpolated,13.12.2023,Frida Sather <frida.sather@sintef.no>
World,HMLI_Heatpump,Power,1,2037,0.36112,,PJ,interpolated,13.12.2023,Frida Sather <frida.sather@sintef.no>
World,HMLI_Heatpump,Power,1,2038,0.35978,,PJ,interpolated,13.12.2023,Frida Sather <frida.sather@sintef.no>
World,HMLI_Heatpump,Power,1,2039,0.35844,,PJ,interpolated,13.12.2023,Frida Sather <frida.sather@sintef.no>
World,PSNG_Air_Bio,Biofuel,1,2026,1.3448,,PJ,interpolated,02.09.2024,Nikita Moskalenko <nim@wip.tu-berlin.de>
World,PSNG_Air_Bio,Biofuel,1,2027,1.3367,,PJ,interpolated,02.09.2024,Nikita Moskalenko <nim@wip.tu-berlin.de>
World,PSNG_Air_Bio,Biofuel,1,2028,1.3286,,PJ,interpolated,02.09.2024,Nikita Moskalenko <nim@wip.tu-berlin.de>
World,PSNG_Air_Bio,Biofuel,1,2029,1.3205,,PJ,interpolated,02.09.2024,Nikita Moskalenko <nim@wip.tu-berlin.de>
World,PSNG_Air_Bio,Biofuel,1,2031,1.3124,,PJ,interpolated,02.09.2024,Nikita Moskalenko <nim@wip.tu-berlin.de>
World,PSNG_Air_Bio,Biofuel,1,2032,1.3124,,PJ,interpolated,02.09.2024,Nikita Moskalenko <nim@wip.tu-berlin.de>
World,PSNG_Air_Bio,Biofuel,1,2033,1.3124,,PJ,interpolated,02.09.2024,Nikita Moskalenko <nim@wip.tu-berlin.de>
World,PSNG_Air_Bio,Biofuel,1,2034,1.3124,,PJ,interpolated,02.09.2024,Nikita Moskalenko <nim@wip.tu-berlin.de>
World,PSNG_Air_Bio,Biofuel,1,2036,1.3124,,PJ,interpolated,02.09.2024,Nikita Moskalenko <nim@wip.tu-berlin.de>
World,PSNG_Air_Bio,Biofuel,1,2037,1.3124,,PJ,interpolated,02.09.2024,Nikita Moskalenko <nim@wip.tu-berlin.de>
World,PSNG_Air_Bio,Biofuel,1,2038,1.3124,,PJ,interpolated,02.09.2024,Nikita Moskalenko <nim@wip.tu-berlin.de>
World,PSNG_Air_Bio,Biofuel,1,2039,1.3124,,PJ,interpolated,02.09.2024,Nikita Moskalenko <nim@wip.tu-berlin.de>
World,PSNG_Air_Conv,Oil,1,2026,1.16944,,PJ,interpolated,02.09.2024,Nikita Moskalenko <nim@wip.tu-berlin.de>
World,PSNG_Air_Conv,Oil,1,2027,1.16238,,PJ,interpolated,02.09.2024,Nikita Moskalenko <nim@wip.tu-berlin.de>
World,PSNG_Air_Conv,Oil,1,2028,1.15532,,PJ,interpolated,02.09.2024,Nikita Moskalenko <nim@wip.tu-berlin.de>
World,PSNG_Air_Conv,Oil,1,2029,1.14826,,PJ,interpolated,02.09.2024,Nikita Moskalenko <nim@wip.tu-berlin.de>
World,PSNG_Air_Conv,Oil,1,2031,1.1412,,PJ,interpolated,02.09.2024,Nikita Moskalenko <nim@wip.tu-berlin.de>
World,PSNG_Air_Conv,Oil,1,2032,1.1412,,PJ,interpolated,02.09.2024,Nikita Moskalenko <nim@wip.tu-berlin.de>
World,PSNG_Air_Conv,Oil,1,2033,1.1412,,PJ,interpolated,02.09.2024,Nikita Moskalenko <nim@wip.tu-berlin.de>
World,PSNG_Air_Conv,Oil,1,2034,1.1412,,PJ,interpolated,02.09.2024,Nikita Moskalenko <nim@wip.tu-berlin.de>
World,PSNG_Air_Conv,Oil,1,2036,1.1412,,PJ,interpolated,02.09.2024,Nikita Moskalenko <nim@wip.tu-berlin.de>
World,PSNG_Air_Conv,Oil,1,2037,1.1412,,PJ,interpolated,02.09.2024,Nikita Moskalenko <nim@wip.tu-berlin.de>
World,PSNG_Air_Conv,Oil,1,2038,1.1412,,PJ,interpolated,02.09.2024,Nikita Moskalenko <nim@wip.tu-berlin.de>
World,PSNG_Air_Conv,Oil,1,2039,1.1412,,PJ,interpolated,02.09.2024,Nikita Moskalenko <nim@wip.tu-berlin.de>
World,PSNG_Air_Conv,Powerfuel,2,2026,1.16944,,PJ,interpolated,02.09.2024,Nikita Moskalenko <nim@wip.tu-berlin.de>
World,PSNG_Air_Conv,Powerfuel,2,2027,1.16238,,PJ,interpolated,02.09.2024,Nikita Moskalenko <nim@wip.tu-berlin.de>
World,PSNG_Air_Conv,Powerfuel,2,2028,1.15532,,PJ,interpolated,02.09.2024,Nikita Moskalenko <nim@wip.tu-berlin.de>
World,PSNG_Air_Conv,Powerfuel,2,2029,1.14826,,PJ,interpolated,02.09.2024,Nikita Moskalenko <nim@wip.tu-berlin.de>
World,PSNG_Air_Conv,Powerfuel,2,2031,1.1412,,PJ,interpolated,02.09.2024,Nikita Moskalenko <nim@wip.tu-berlin.de>
World,PSNG_Air_Conv,Powerfuel,2,2032,1.1412,,PJ,interpolated,02.09.2024,Nikita Moskalenko <nim@wip.tu-berlin.de>
World,PSNG_Air_Conv,Powerfuel,2,2033,1.1412,,PJ,interpolated,02.09.2024,Nikita Moskalenko <nim@wip.tu-berlin.de>
World,PSNG_Air_Conv,Powerfuel,2,2034,1.1412,,PJ,interpolated,02.09.2024,Nikita Moskalenko <nim@wip.tu-berlin.de>
World,PSNG_Air_Conv,Powerfuel,2,2036,1.1412,,PJ,interpolated,02.09.2024,Nikita Moskalenko <nim@wip.tu-berlin.de>
World,PSNG_Air_Conv,Powerfuel,2,2037,1.1412,,PJ,interpolated,02.09.2024,Nikita Moskalenko <nim@wip.tu-berlin.de>
World,PSNG_Air_Conv,Powerfuel,2,2038,1.1412,,PJ,interpolated,02.09.2024,Nikita Moskalenko <nim@wip.tu-berlin.de>
World,PSNG_Air_Conv,Powerfuel,2,2039,1.1412,,PJ,interpolated,02.09.2024,Nikita Moskalenko <nim@wip.tu-berlin.de>
World,PSNG_Air_H2,H2,1,2026,1.0506,,PJ,interpolated,02.09.2024,Nikita Moskalenko <nim@wip.tu-berlin.de>
World,PSNG_Air_H2,H2,1,2027,1.0453,,PJ,interpolated,02.09.2024,Nikita Moskalenko <nim@wip.tu-berlin.de>
World,PSNG_Air_H2,H2,1,2028,1.04,,PJ,interpolated,02.09.2024,Nikita Moskalenko <nim@wip.tu-berlin.de>
World,PSNG_Air_H2,H2,1,2029,1.0347,,PJ,interpolated,02.09.2024,Nikita Moskalenko <nim@wip.tu-berlin.de>
World,PSNG_Air_H2,H2,1,2031,1.0294,,PJ,interpolated,02.09.2024,Nikita Moskalenko <nim@wip.tu-berlin.de>
World,PSNG_Air_H2,H2,1,2032,1.0294,,PJ,interpolated,02.09.2024,Nikita Moskalenko <nim@wip.tu-berlin.de>
World,PSNG_Air_H2,H2,1,2033,1.0294,,PJ,interpolated,02.09.2024,Nikita Moskalenko <nim@wip.tu-berlin.de>
World,PSNG_Air_H2,H2,1,2034,1.0294,,PJ,interpolated,02.09.2024,Nikita Moskalenko <nim@wip.tu-berlin.de>
World,PSNG_Air_H2,H2,1,2036,1.0294,,PJ,interpolated,02.09.2024,Nikita Moskalenko <nim@wip.tu-berlin.de>
World,PSNG_Air_H2,H2,1,2037,1.0294,,PJ,interpolated,02.09.2024,Nikita Moskalenko <nim@wip.tu-berlin.de>
World,PSNG_Air_H2,H2,1,2038,1.0294,,PJ,interpolated,02.09.2024,Nikita Moskalenko <nim@wip.tu-berlin.de>
World,PSNG_Air_H2,H2,1,2039,1.0294,,PJ,interpolated,02.09.2024,Nikita Moskalenko <nim@wip.tu-berlin.de>
World,PSNG_Rail_Conv,Oil,1,2026,0.28164,,PJ,interpolated,02.09.2024,Nikita Moskalenko <nim@wip.tu-berlin.de>
World,PSNG_Rail_Conv,Oil,1,2027,0.27998,,PJ,interpolated,02.09.2024,Nikita Moskalenko <nim@wip.tu-berlin.de>
World,PSNG_Rail_Conv,Oil,1,2028,0.27832,,PJ,interpolated,02.09.2024,Nikita Moskalenko <nim@wip.tu-berlin.de>
World,PSNG_Rail_Conv,Oil,1,2029,0.27666,,PJ,interpolated,02.09.2024,Nikita Moskalenko <nim@wip.tu-berlin.de>
World,PSNG_Rail_Conv,Oil,1,2031,0.27416,,PJ,interpolated,02.09.2024,Nikita Moskalenko <nim@wip.tu-berlin.de>
World,PSNG_Rail_Conv,Oil,1,2032,0.27332,,PJ,interpolated,02.09.2024,Nikita Moskalenko <nim@wip.tu-berlin.de>
World,PSNG_Rail_Conv,Oil,1,2033,0.27248,,PJ,interpolated,02.09.2024,Nikita Moskalenko <nim@wip.tu-berlin.de>
World,PSNG_Rail_Conv,Oil,1,2034,0.27164,,PJ,interpolated,02.09.2024,Nikita Moskalenko <nim@wip.tu-berlin.de>
World,PSNG_Rail_Conv,Oil,1,2036,0.26998,,PJ,interpolated,02.09.2024,Nikita Moskalenko <nim@wip.tu-berlin.de>
World,PSNG_Rail_Conv,Oil,1,2037,0.26916,,PJ,interpolated,02.09.2024,Nikita Moskalenko <nim@wip.tu-berlin.de>
World,PSNG_Rail_Conv,Oil,1,2038,0.26834,,PJ,interpolated,02.09.2024,Nikita Moskalenko <nim@wip.tu-berlin.de>
World,PSNG_Rail_Conv,Oil,1,2039,0.26752,,PJ,interpolated,02.09.2024,Nikita Moskalenko <nim@wip.tu-berlin.de>
World,PSNG_Rail_Conv,Biofuel,2,2026,0.3239,,PJ,interpolated,02.09.2024,Nikita Moskalenko <nim@wip.tu-berlin.de>
World,PSNG_Rail_Conv,Biofuel,2,2027,0.322,,PJ,interpolated,02.09.2024,Nikita Moskalenko <nim@wip.tu-berlin.de>
World,PSNG_Rail_Conv,Biofuel,2,2028,0.3201,,PJ,interpolated,02.09.2024,Nikita Moskalenko <nim@wip.tu-berlin.de>
World,PSNG_Rail_Conv,Biofuel,2,2029,0.3182,,PJ,interpolated,02.09.2024,Nikita Moskalenko <nim@wip.tu-berlin.de>
World,PSNG_Rail_Conv,Biofuel,2,2031,0.31534,,PJ,interpolated,02.09.2024,Nikita Moskalenko <nim@wip.tu-berlin.de>
World,PSNG_Rail_Conv,Biofuel,2,2032,0.31438,,PJ,interpolated,02.09.2024,Nikita Moskalenko <nim@wip.tu-berlin.de>
World,PSNG_Rail_Conv,Biofuel,2,2033,0.31342,,PJ,interpolated,02.09.2024,Nikita Moskalenko <nim@wip.tu-berlin.de>
World,PSNG_Rail_Conv,Biofuel,2,2034,0.31246,,PJ,interpolated,02.09.2024,Nikita Moskalenko <nim@wip.tu-berlin.de>
World,PSNG_Rail_Conv,Biofuel,2,2036,0.31054,,PJ,interpolated,02.09.2024,Nikita Moskalenko <nim@wip.tu-berlin.de>
World,PSNG_Rail_Conv,Biofuel,2,2037,0.30958,,PJ,interpolated,02.09.2024,Nikita Moskalenko <nim@wip.tu-berlin.de>
World,PSNG_Rail_Conv,Biofuel,2,2038,0.30862,,PJ,interpolated,02.09.2024,Nikita Moskalenko <nim@wip.tu-berlin.de>
World,PSNG_Rail_Conv,Biofuel,2,2039,0.30766,,PJ,interpolated,02.09.2024,Nikita Moskalenko <nim@wip.tu-berlin.de>
World,PSNG_Rail_Conv,Powerfuel,3,2026,0.28164,,PJ,interpolated,02.09.2024,Nikita Moskalenko <nim@wip.tu-berlin.de>
World,PSNG_Rail_Conv,Powerfuel,3,2027,0.27998,,PJ,interpolated,02.09.2024,Nikita Moskalenko <nim@wip.tu-berlin.de>
World,PSNG_Rail_Conv,Powerfuel,3,2028,0.27832,,PJ,interpolated,02.09.2024,Nikita Moskalenko <nim@wip.tu-berlin.de>
World,PSNG_Rail_Conv,Powerfuel,3,2029,0.27666,,PJ,interpolated,02.09.2024,Nikita Moskalenko <nim@wip.tu-berlin.de>
World,PSNG_Rail_Conv,Powerfuel,3,2031,0.27416,,PJ,interpolated,02.09.2024,Nikita Moskalenko <nim@wip.tu-berlin.de>
World,PSNG_Rail_Conv,Powerfuel,3,2032,0.27332,,PJ,interpolated,02.09.2024,Nikita Moskalenko <nim@wip.tu-berlin.de>
World,PSNG_Rail_Conv,Powerfuel,3,2033,0.27248,,PJ,interpolated,02.09.2024,Nikita Moskalenko <nim@wip.tu-berlin.de>
World,PSNG_Rail_Conv,Powerfuel,3,2034,0.27164,,PJ,interpolated,02.09.2024,Nikita Moskalenko <nim@wip.tu-berlin.de>
World,PSNG_Rail_Conv,Powerfuel,3,2036,0.26998,,PJ,interpolated,02.09.2024,Nikita Moskalenko <nim@wip.tu-berlin.de>
World,PSNG_Rail_Conv,Powerfuel,3,2037,0.26916,,PJ,interpolated,02.09.2024,Nikita Moskalenko <nim@wip.tu-berlin.de>
World,PSNG_Rail_Conv,Powerfuel,3,2038,0.26834,,PJ,interpolated,02.09.2024,Nikita Moskalenko <nim@wip.tu-berlin.de>
World,PSNG_Rail_Conv,Powerfuel,3,2039,0.26752,,PJ,interpolated,02.09.2024,Nikita Moskalenko <nim@wip.tu-berlin.de>
World,PSNG_Rail_Electric,Power,1,2026,0.1083,,PJ,interpolated,02.09.2024,Nikita Moskalenko <nim@wip.tu-berlin.de>
World,PSNG_Rail_Electric,Power,1,2027,0.1083,,PJ,interpolated,02.09.2024,Nikita Moskalenko <nim@wip.tu-berlin.de>
World,PSNG_Rail_Electric,Power,1,2028,0.1083,,PJ,interpolated,02.09.2024,Nikita Moskalenko <nim@wip.tu-berlin.de>
World,PSNG_Rail_Electric,Power,1,2029,0.1083,,PJ,interpolated,02.09.2024,Nikita Moskalenko <nim@wip.tu-berlin.de>
World,PSNG_Rail_Electric,Power,1,2031,0.10748,,PJ,interpolated,02.09.2024,Nikita Moskalenko <nim@wip.tu-berlin.de>
World,PSNG_Rail_Electric,Power,1,2032,0.10666,,PJ,interpolated,02.09.2024,Nikita Moskalenko <nim@wip.tu-berlin.de>
World,PSNG_Rail_Electric,Power,1,2033,0.10584,,PJ,interpolated,02.09.2024,Nikita Moskalenko <nim@wip.tu-berlin.de>
World,PSNG_Rail_Electric,Power,1,2034,0.10502,,PJ,interpolated,02.09.2024,Nikita Moskalenko <nim@wip.tu-berlin.de>
World,PSNG_Rail_Electric,Power,1,2036,0.10336,,PJ,interpolated,02.09.2024,Nikita Moskalenko <nim@wip.tu-berlin.de>
World,PSNG_Rail_Electric,Power,1,2037,0.10252,,PJ,interpolated,02.09.2024,Nikita Moskalenko <nim@wip.tu-berlin.de>
World,PSNG_Rail_Electric,Power,1,2038,0.10168,,PJ,interpolated,02.09.2024,Nikita Moskalenko <nim@wip.tu-berlin.de>
World,PSNG_Rail_Electric,Power,1,2039,0.10084,,PJ,interpolated,02.09.2024,Nikita Moskalenko <nim@wip.tu-berlin.de>
World,PSNG_Road_BEV,Power,1,2026,0.38402,,PJ,interpolated,03.09.2024,Nikita Moskalenko <nim@wip.tu-berlin.de>
World,PSNG_Road_BEV,Power,1,2027,0.38134,,PJ,interpolated,03.09.2024,Nikita Moskalenko <nim@wip.tu-berlin.de>
World,PSNG_Road_BEV,Power,1,2028,0.37866,,PJ,interpolated,03.09.2024,Nikita Moskalenko <nim@wip.tu-berlin.de>
World,PSNG_Road_BEV,Power,1,2029,0.37598,,PJ,interpolated,03.09.2024,Nikita Moskalenko <nim@wip.tu-berlin.de>
World,PSNG_Road_BEV,Power,1,2031,0.3713,,PJ,interpolated,03.09.2024,Nikita Moskalenko <nim@wip.tu-berlin.de>
World,PSNG_Road_BEV,Power,1,2032,0.3693,,PJ,interpolated,03.09.2024,Nikita Moskalenko <nim@wip.tu-berlin.de>
World,PSNG_Road_BEV,Power,1,2033,0.3673,,PJ,interpolated,03.09.2024,Nikita Moskalenko <nim@wip.tu-berlin.de>
World,PSNG_Road_BEV,Power,1,2034,0.3653,,PJ,interpolated,03.09.2024,Nikita Moskalenko <nim@wip.tu-berlin.de>
World,PSNG_Road_BEV,Power,1,2036,0.3613,,PJ,interpolated,03.09.2024,Nikita Moskalenko <nim@wip.tu-berlin.de>
World,PSNG_Road_BEV,Power,1,2037,0.3593,,PJ,interpolated,03.09.2024,Nikita Moskalenko <nim@wip.tu-berlin.de>
World,PSNG_Road_BEV,Power,1,2038,0.3573,,PJ,interpolated,03.09.2024,Nikita Moskalenko <nim@wip.tu-berlin.de>
World,PSNG_Road_BEV,Power,1,2039,0.3553,,PJ,interpolated,03.09.2024,Nikita Moskalenko <nim@wip.tu-berlin.de>
World,PSNG_Road_H2,H2,1,2026,0.61998,,PJ,interpolated,03.09.2024,Nikita Moskalenko <nim@wip.tu-berlin.de>
World,PSNG_Road_H2,H2,1,2027,0.60666,,PJ,interpolated,03.09.2024,Nikita Moskalenko <nim@wip.tu-berlin.de>
World,PSNG_Road_H2,H2,1,2028,0.59334,,PJ,interpolated,03.09.2024,Nikita Moskalenko <nim@wip.tu-berlin.de>
World,PSNG_Road_H2,H2,1,2029,0.58002,,PJ,interpolated,03.09.2024,Nikita Moskalenko <nim@wip.tu-berlin.de>
World,PSNG_Road_H2,H2,1,2031,0.56002,,PJ,interpolated,03.09.2024,Nikita Moskalenko <nim@wip.tu-berlin.de>
World,PSNG_Road_H2,H2,1,2032,0.55334,,PJ,interpolated,03.09.2024,Nikita Moskalenko <nim@wip.tu-berlin.de>
World,PSNG_Road_H2,H2,1,2033,0.54666,,PJ,interpolated,03.09.2024,Nikita Moskalenko <nim@wip.tu-berlin.de>
World,PSNG_Road_H2,H2,1,2034,0.53998,,PJ,interpolated,03.09.2024,Nikita Moskalenko <nim@wip.tu-berlin.de>
World,PSNG_Road_H2,H2,1,2036,0.52664,,PJ,interpolated,03.09.2024,Nikita Moskalenko <nim@wip.tu-berlin.de>
World,PSNG_Road_H2,H2,1,2037,0.51998,,PJ,interpolated,03.09.2024,Nikita Moskalenko <nim@wip.tu-berlin.de>
World,PSNG_Road_H2,H2,1,2038,0.51332,,PJ,interpolated,03.09.2024,Nikita Moskalenko <nim@wip.tu-berlin.de>
World,PSNG_Road_H2,H2,1,2039,0.50666,,PJ,interpolated,03.09.2024,Nikita Moskalenko <nim@wip.tu-berlin.de>
World,PSNG_Road_ICE,Oil,1,2026,1.49074,,PJ,interpolated,03.09.2024,Nikita Moskalenko <nim@wip.tu-berlin.de>
World,PSNG_Road_ICE,Oil,1,2027,1.47708,,PJ,interpolated,03.09.2024,Nikita Moskalenko <nim@wip.tu-berlin.de>
World,PSNG_Road_ICE,Oil,1,2028,1.46342,,PJ,interpolated,03.09.2024,Nikita Moskalenko <nim@wip.tu-berlin.de>
World,PSNG_Road_ICE,Oil,1,2029,1.44976,,PJ,interpolated,03.09.2024,Nikita Moskalenko <nim@wip.tu-berlin.de>
World,PSNG_Road_ICE,Oil,1,2031,1.42244,,PJ,interpolated,03.09.2024,Nikita Moskalenko <nim@wip.tu-berlin.de>
World,PSNG_Road_ICE,Oil,1,2032,1.40878,,PJ,interpolated,03.09.2024,Nikita Moskalenko <nim@wip.tu-berlin.de>
World,PSNG_Road_ICE,Oil,1,2033,1.39512,,PJ,interpolated,03.09.2024,Nikita Moskalenko <nim@wip.tu-berlin.de>
World,PSNG_Road_ICE,Oil,1,2034,1.38146,,PJ,interpolated,03.09.2024,Nikita Moskalenko <nim@wip.tu-berlin.de>
World,PSNG_Road_ICE,Oil,1,2036,1.35414,,PJ,interpolated,03.09.2024,Nikita Moskalenko <nim@wip.tu-berlin.de>
World,PSNG_Road_ICE,Oil,1,2037,1.34048,,PJ,interpolated,03.09.2024,Nikita Moskalenko <nim@wip.tu-berlin.de>
World,PSNG_Road_ICE,Oil,1,2038,1.32682,,PJ,interpolated,03.09.2024,Nikita Moskalenko <nim@wip.tu-berlin.de>
World,PSNG_Road_ICE,Oil,1,2039,1.31316,,PJ,interpolated,03.09.2024,Nikita Moskalenko <nim@wip.tu-berlin.de>
World,PSNG_Road_ICE,Biofuel,2,2026,1.71438,,PJ,interpolated,03.09.2024,Nikita Moskalenko <nim@wip.tu-berlin.de>
World,PSNG_Road_ICE,Biofuel,2,2027,1.69866,,PJ,interpolated,03.09.2024,Nikita Moskalenko <nim@wip.tu-berlin.de>
World,PSNG_Road_ICE,Biofuel,2,2028,1.68294,,PJ,interpolated,03.09.2024,Nikita Moskalenko <nim@wip.tu-berlin.de>
World,PSNG_Road_ICE,Biofuel,2,2029,1.66722,,PJ,interpolated,03.09.2024,Nikita Moskalenko <nim@wip.tu-berlin.de>
World,PSNG_Road_ICE,Biofuel,2,2031,1.6358,,PJ,interpolated,03.09.2024,Nikita Moskalenko <nim@wip.tu-berlin.de>
World,PSNG_Road_ICE,Biofuel,2,2032,1.6201,,PJ,interpolated,03.09.2024,Nikita Moskalenko <nim@wip.tu-berlin.de>
World,PSNG_Road_ICE,Biofuel,2,2033,1.6044,,PJ,interpolated,03.09.2024,Nikita Moskalenko <nim@wip.tu-berlin.de>
World,PSNG_Road_ICE,Biofuel,2,2034,1.5887,,PJ,interpolated,03.09.2024,Nikita Moskalenko <nim@wip.tu-berlin.de>
World,PSNG_Road_ICE,Biofuel,2,2036,1.55728,,PJ,interpolated,03.09.2024,Nikita Moskalenko <nim@wip.tu-berlin.de>
World,PSNG_Road_ICE,Biofuel,2,2037,1.54156,,PJ,interpolated,03.09.2024,Nikita Moskalenko <nim@wip.tu-berlin.de>
World,PSNG_Road_ICE,Biofuel,2,2038,1.52584,,PJ,interpolated,03.09.2024,Nikita Moskalenko <nim@wip.tu-berlin.de>
World,PSNG_Road_ICE,Biofuel,2,2039,1.51012,,PJ,interpolated,03.09.2024,Nikita Moskalenko <nim@wip.tu-berlin.de>
World,PSNG_Road_ICE,Powerfuel,3,2026,1.49074,,PJ,interpolated,03.09.2024,Nikita Moskalenko <nim@wip.tu-berlin.de>
World,PSNG_Road_ICE,Powerfuel,3,2027,1.47708,,PJ,interpolated,03.09.2024,Nikita Moskalenko <nim@wip.tu-berlin.de>
World,PSNG_Road_ICE,Powerfuel,3,2028,1.46342,,PJ,interpolated,03.09.2024,Nikita Moskalenko <nim@wip.tu-berlin.de>
World,PSNG_Road_ICE,Powerfuel,3,2029,1.44976,,PJ,interpolated,03.09.2024,Nikita Moskalenko <nim@wip.tu-berlin.de>
World,PSNG_Road_ICE,Powerfuel,3,2031,1.42244,,PJ,interpolated,03.09.2024,Nikita Moskalenko <nim@wip.tu-berlin.de>
World,PSNG_Road_ICE,Powerfuel,3,2032,1.40878,,PJ,interpolated,03.09.2024,Nikita Moskalenko <nim@wip.tu-berlin.de>
World,PSNG_Road_ICE,Powerfuel,3,2033,1.39512,,PJ,interpolated,03.09.2024,Nikita Moskalenko <nim@wip.tu-berlin.de>
World,PSNG_Road_ICE,Powerfuel,3,2034,1.38146,,PJ,interpolated,03.09.2024,Nikita Moskalenko <nim@wip.tu-berlin.de>
World,PSNG_Road_ICE,Powerfuel,3,2036,1.35414,,PJ,interpolated,03.09.2024,Nikita Moskalenko <nim@wip.tu-berlin.de>
World,PSNG_Road_ICE,Powerfuel,3,2037,1.34048,,PJ,interpolated,03.09.2024,Nikita Moskalenko <nim@wip.tu-berlin.de>
World,PSNG_Road_ICE,Powerfuel,3,2038,1.32682,,PJ,interpolated,03.09.2024,Nikita Moskalenko <nim@wip.tu-berlin.de>
World,PSNG_Road_ICE,Powerfuel,3,2039,1.31316,,PJ,interpolated,03.09.2024,Nikita Moskalenko <nim@wip.tu-berlin.de>
World,PSNG_Road_LNG,LNG,1,2026,1.49074,,PJ,interpolated,03.09.2024,Nikita Moskalenko <nim@wip.tu-berlin.de>
World,PSNG_Road_LNG,LNG,1,2027,1.47708,,PJ,interpolated,03.09.2024,Nikita Moskalenko <nim@wip.tu-berlin.de>
World,PSNG_Road_LNG,LNG,1,2028,1.46342,,PJ,interpolated,03.09.2024,Nikita Moskalenko <nim@wip.tu-berlin.de>
World,PSNG_Road_LNG,LNG,1,2029,1.44976,,PJ,interpolated,03.09.2024,Nikita Moskalenko <nim@wip.tu-berlin.de>
World,PSNG_Road_LNG,LNG,1,2031,1.42244,,PJ,interpolated,03.09.2024,Nikita Moskalenko <nim@wip.tu-berlin.de>
World,PSNG_Road_LNG,LNG,1,2032,1.40878,,PJ,interpolated,03.09.2024,Nikita Moskalenko <nim@wip.tu-berlin.de>
World,PSNG_Road_LNG,LNG,1,2033,1.39512,,PJ,interpolated,03.09.2024,Nikita Moskalenko <nim@wip.tu-berlin.de>
World,PSNG_Road_LNG,LNG,1,2034,1.38146,,PJ,interpolated,03.09.2024,Nikita Moskalenko <nim@wip.tu-berlin.de>
World,PSNG_Road_LNG,LNG,1,2036,1.35414,,PJ,interpolated,03.09.2024,Nikita Moskalenko <nim@wip.tu-berlin.de>
World,PSNG_Road_LNG,LNG,1,2037,1.34048,,PJ,interpolated,03.09.2024,Nikita Moskalenko <nim@wip.tu-berlin.de>
World,PSNG_Road_LNG,LNG,1,2038,1.32682,,PJ,interpolated,03.09.2024,Nikita Moskalenko <nim@wip.tu-berlin.de>
World,PSNG_Road_LNG,LNG,1,2039,1.31316,,PJ,interpolated,03.09.2024,Nikita Moskalenko <nim@wip.tu-berlin.de>
World,PSNG_Road_PHEV,Oil,1,2026,1.01822,,PJ,interpolated,03.09.2024,Nikita Moskalenko <nim@wip.tu-berlin.de>
World,PSNG_Road_PHEV,Oil,1,2027,1.00324,,PJ,interpolated,03.09.2024,Nikita Moskalenko <nim@wip.tu-berlin.de>
World,PSNG_Road_PHEV,Oil,1,2028,0.98826,,PJ,interpolated,03.09.2024,Nikita Moskalenko <nim@wip.tu-berlin.de>
World,PSNG_Road_PHEV,Oil,1,2029,0.97328,,PJ,interpolated,03.09.2024,Nikita Moskalenko <nim@wip.tu-berlin.de>
World,PSNG_Road_PHEV,Oil,1,2031,0.94932,,PJ,interpolated,03.09.2024,Nikita Moskalenko <nim@wip.tu-berlin.de>
World,PSNG_Road_PHEV,Oil,1,2032,0.94034,,PJ,interpolated,03.09.2024,Nikita Moskalenko <nim@wip.tu-berlin.de>
World,PSNG_Road_PHEV,Oil,1,2033,0.93136,,PJ,interpolated,03.09.2024,Nikita Moskalenko <nim@wip.tu-berlin.de>
World,PSNG_Road_PHEV,Oil,1,2034,0.92238,,PJ,interpolated,03.09.2024,Nikita Moskalenko <nim@wip.tu-berlin.de>
World,PSNG_Road_PHEV,Oil,1,2036,0.90442,,PJ,interpolated,03.09.2024,Nikita Moskalenko <nim@wip.tu-berlin.de>
World,PSNG_Road_PHEV,Oil,1,2037,0.89544,,PJ,interpolated,03.09.2024,Nikita Moskalenko <nim@wip.tu-berlin.de>
World,PSNG_Road_PHEV,Oil,1,2038,0.88646,,PJ,interpolated,03.09.2024,Nikita Moskalenko <nim@wip.tu-berlin.de>
World,PSNG_Road_PHEV,Oil,1,2039,0.87748,,PJ,interpolated,03.09.2024,Nikita Moskalenko <nim@wip.tu-berlin.de>
World,PSNG_Road_PHEV,Power,1,2026,0.45748,,PJ,interpolated,03.09.2024,Nikita Moskalenko <nim@wip.tu-berlin.de>
World,PSNG_Road_PHEV,Power,1,2027,0.45076,,PJ,interpolated,03.09.2024,Nikita Moskalenko <nim@wip.tu-berlin.de>
World,PSNG_Road_PHEV,Power,1,2028,0.44404,,PJ,interpolated,03.09.2024,Nikita Moskalenko <nim@wip.tu-berlin.de>
World,PSNG_Road_PHEV,Power,1,2029,0.43732,,PJ,interpolated,03.09.2024,Nikita Moskalenko <nim@wip.tu-berlin.de>
World,PSNG_Road_PHEV,Power,1,2031,0.42656,,PJ,interpolated,03.09.2024,Nikita Moskalenko <nim@wip.tu-berlin.de>
World,PSNG_Road_PHEV,Power,1,2032,0.42252,,PJ,interpolated,03.09.2024,Nikita Moskalenko <nim@wip.tu-berlin.de>
World,PSNG_Road_PHEV,Power,1,2033,0.41848,,PJ,interpolated,03.09.2024,Nikita Moskalenko <nim@wip.tu-berlin.de>
World,PSNG_Road_PHEV,Power,1,2034,0.41444,,PJ,interpolated,03.09.2024,Nikita Moskalenko <nim@wip.tu-berlin.de>
World,PSNG_Road_PHEV,Power,1,2036,0.40636,,PJ,interpolated,03.09.2024,Nikita Moskalenko <nim@wip.tu-berlin.de>
World,PSNG_Road_PHEV,Power,1,2037,0.40232,,PJ,interpolated,03.09.2024,Nikita Moskalenko <nim@wip.tu-berlin.de>
World,PSNG_Road_PHEV,Power,1,2038,0.39828,,PJ,interpolated,03.09.2024,Nikita Moskalenko <nim@wip.tu-berlin.de>
World,PSNG_Road_PHEV,Power,1,2039,0.39424,,PJ,interpolated,03.09.2024,Nikita Moskalenko <nim@wip.tu-berlin.de>
World,PSNG_Road_PHEV,Biofuel,2,2026,1.17098,,PJ,interpolated,03.09.2024,Nikita Moskalenko <nim@wip.tu-berlin.de>
World,PSNG_Road_PHEV,Biofuel,2,2027,1.15376,,PJ,interpolated,03.09.2024,Nikita Moskalenko <nim@wip.tu-berlin.de>
World,PSNG_Road_PHEV,Biofuel,2,2028,1.13654,,PJ,interpolated,03.09.2024,Nikita Moskalenko <nim@wip.tu-berlin.de>
World,PSNG_Road_PHEV,Biofuel,2,2029,1.11932,,PJ,interpolated,03.09.2024,Nikita Moskalenko <nim@wip.tu-berlin.de>
World,PSNG_Road_PHEV,Biofuel,2,2031,1.09176,,PJ,interpolated,03.09.2024,Nikita Moskalenko <nim@wip.tu-berlin.de>
World,PSNG_Road_PHEV,Biofuel,2,2032,1.08142,,PJ,interpolated,03.09.2024,Nikita Moskalenko <nim@wip.tu-berlin.de>
World,PSNG_Road_PHEV,Biofuel,2,2033,1.07108,,PJ,interpolated,03.09.2024,Nikita Moskalenko <nim@wip.tu-berlin.de>
World,PSNG_Road_PHEV,Biofuel,2,2034,1.06074,,PJ,interpolated,03.09.2024,Nikita Moskalenko <nim@wip.tu-berlin.de>
World,PSNG_Road_PHEV,Biofuel,2,2036,1.04008,,PJ,interpolated,03.09.2024,Nikita Moskalenko <nim@wip.tu-berlin.de>
World,PSNG_Road_PHEV,Biofuel,2,2037,1.02976,,PJ,interpolated,03.09.2024,Nikita Moskalenko <nim@wip.tu-berlin.de>
World,PSNG_Road_PHEV,Biofuel,2,2038,1.01944,,PJ,interpolated,03.09.2024,Nikita Moskalenko <nim@wip.tu-berlin.de>
World,PSNG_Road_PHEV,Biofuel,2,2039,1.00912,,PJ,interpolated,03.09.2024,Nikita Moskalenko <nim@wip.tu-berlin.de>
World,PSNG_Road_PHEV,Power,2,2026,0.45748,,PJ,interpolated,03.09.2024,Nikita Moskalenko <nim@wip.tu-berlin.de>
World,PSNG_Road_PHEV,Power,2,2027,0.45076,,PJ,interpolated,03.09.2024,Nikita Moskalenko <nim@wip.tu-berlin.de>
World,PSNG_Road_PHEV,Power,2,2028,0.44404,,PJ,interpolated,03.09.2024,Nikita Moskalenko <nim@wip.tu-berlin.de>
World,PSNG_Road_PHEV,Power,2,2029,0.43732,,PJ,interpolated,03.09.2024,Nikita Moskalenko <nim@wip.tu-berlin.de>
World,PSNG_Road_PHEV,Power,2,2031,0.42656,,PJ,interpolated,03.09.2024,Nikita Moskalenko <nim@wip.tu-berlin.de>
World,PSNG_Road_PHEV,Power,2,2032,0.42252,,PJ,interpolated,03.09.2024,Nikita Moskalenko <nim@wip.tu-berlin.de>
World,PSNG_Road_PHEV,Power,2,2033,0.41848,,PJ,interpolated,03.09.2024,Nikita Moskalenko <nim@wip.tu-berlin.de>
World,PSNG_Road_PHEV,Power,2,2034,0.41444,,PJ,interpolated,03.09.2024,Nikita Moskalenko <nim@wip.tu-berlin.de>
World,PSNG_Road_PHEV,Power,2,2036,0.40636,,PJ,interpolated,03.09.2024,Nikita Moskalenko <nim@wip.tu-berlin.de>
World,PSNG_Road_PHEV,Power,2,2037,0.40232,,PJ,interpolated,03.09.2024,Nikita Moskalenko <nim@wip.tu-berlin.de>
World,PSNG_Road_PHEV,Power,2,2038,0.39828,,PJ,interpolated,03.09.2024,Nikita Moskalenko <nim@wip.tu-berlin.de>
World,PSNG_Road_PHEV,Power,2,2039,0.39424,,PJ,interpolated,03.09.2024,Nikita Moskalenko <nim@wip.tu-berlin.de>
World,PSNG_Road_PHEV,Power,3,2026,0.45748,,PJ,interpolated,03.09.2024,Nikita Moskalenko <nim@wip.tu-berlin.de>
World,PSNG_Road_PHEV,Power,3,2027,0.45076,,PJ,interpolated,03.09.2024,Nikita Moskalenko <nim@wip.tu-berlin.de>
World,PSNG_Road_PHEV,Power,3,2028,0.44404,,PJ,interpolated,03.09.2024,Nikita Moskalenko <nim@wip.tu-berlin.de>
World,PSNG_Road_PHEV,Power,3,2029,0.43732,,PJ,interpolated,03.09.2024,Nikita Moskalenko <nim@wip.tu-berlin.de>
World,PSNG_Road_PHEV,Power,3,2031,0.42656,,PJ,interpolated,03.09.2024,Nikita Moskalenko <nim@wip.tu-berlin.de>
World,PSNG_Road_PHEV,Power,3,2032,0.42252,,PJ,interpolated,03.09.2024,Nikita Moskalenko <nim@wip.tu-berlin.de>
World,PSNG_Road_PHEV,Power,3,2033,0.41848,,PJ,interpolated,03.09.2024,Nikita Moskalenko <nim@wip.tu-berlin.de>
World,PSNG_Road_PHEV,Power,3,2034,0.41444,,PJ,interpolated,03.09.2024,Nikita Moskalenko <nim@wip.tu-berlin.de>
World,PSNG_Road_PHEV,Power,3,2036,0.40636,,PJ,interpolated,03.09.2024,Nikita Moskalenko <nim@wip.tu-berlin.de>
World,PSNG_Road_PHEV,Power,3,2037,0.40232,,PJ,interpolated,03.09.2024,Nikita Moskalenko <nim@wip.tu-berlin.de>
World,PSNG_Road_PHEV,Power,3,2038,0.39828,,PJ,interpolated,03.09.2024,Nikita Moskalenko <nim@wip.tu-berlin.de>
World,PSNG_Road_PHEV,Power,3,2039,0.39424,,PJ,interpolated,03.09.2024,Nikita Moskalenko <nim@wip.tu-berlin.de>
World,PSNG_Road_PHEV,Powerfuel,3,2026,1.01822,,PJ,interpolated,03.09.2024,Nikita Moskalenko <nim@wip.tu-berlin.de>
World,PSNG_Road_PHEV,Powerfuel,3,2027,1.00324,,PJ,interpolated,03.09.2024,Nikita Moskalenko <nim@wip.tu-berlin.de>
World,PSNG_Road_PHEV,Powerfuel,3,2028,0.98826,,PJ,interpolated,03.09.2024,Nikita Moskalenko <nim@wip.tu-berlin.de>
World,PSNG_Road_PHEV,Powerfuel,3,2029,0.97328,,PJ,interpolated,03.09.2024,Nikita Moskalenko <nim@wip.tu-berlin.de>
World,PSNG_Road_PHEV,Powerfuel,3,2031,0.94932,,PJ,interpolated,03.09.2024,Nikita Moskalenko <nim@wip.tu-berlin.de>
World,PSNG_Road_PHEV,Powerfuel,3,2032,0.94034,,PJ,interpolated,03.09.2024,Nikita Moskalenko <nim@wip.tu-berlin.de>
World,PSNG_Road_PHEV,Powerfuel,3,2033,0.93136,,PJ,interpolated,03.09.2024,Nikita Moskalenko <nim@wip.tu-berlin.de>
World,PSNG_Road_PHEV,Powerfuel,3,2034,0.92238,,PJ,interpolated,03.09.2024,Nikita Moskalenko <nim@wip.tu-berlin.de>
World,PSNG_Road_PHEV,Powerfuel,3,2036,0.90442,,PJ,interpolated,03.09.2024,Nikita Moskalenko <nim@wip.tu-berlin.de>
World,PSNG_Road_PHEV,Powerfuel,3,2037,0.89544,,PJ,interpolated,03.09.2024,Nikita Moskalenko <nim@wip.tu-berlin.de>
World,PSNG_Road_PHEV,Powerfuel,3,2038,0.88646,,PJ,interpolated,03.09.2024,Nikita Moskalenko <nim@wip.tu-berlin.de>
World,PSNG_Road_PHEV,Powerfuel,3,2039,0.87748,,PJ,interpolated,03.09.2024,Nikita Moskalenko <nim@wip.tu-berlin.de>
World,P_Biomass,Biomass,1,2026,3.318,,PJ,interpolated,27.08.2024,Nikita Moskalenko <nim@wip.tu-berlin.de>
World,P_Biomass,Biomass,1,2027,3.3161,,PJ,interpolated,27.08.2024,Nikita Moskalenko <nim@wip.tu-berlin.de>
World,P_Biomass,Biomass,1,2028,3.3142,,PJ,interpolated,27.08.2024,Nikita Moskalenko <nim@wip.tu-berlin.de>
World,P_Biomass,Biomass,1,2029,3.3123,,PJ,interpolated,27.08.2024,Nikita Moskalenko <nim@wip.tu-berlin.de>
World,P_Biomass,Biomass,1,2031,3.30898,,PJ,interpolated,27.08.2024,Nikita Moskalenko <nim@wip.tu-berlin.de>
World,P_Biomass,Biomass,1,2032,3.30756,,PJ,interpolated,27.08.2024,Nikita Moskalenko <nim@wip.tu-berlin.de>
World,P_Biomass,Biomass,1,2033,3.30614,,PJ,interpolated,27.08.2024,Nikita Moskalenko <nim@wip.tu-berlin.de>
World,P_Biomass,Biomass,1,2034,3.30472,,PJ,interpolated,27.08.2024,Nikita Moskalenko <nim@wip.tu-berlin.de>
World,P_Biomass,Biomass,1,2036,3.30188,,PJ,interpolated,27.08.2024,Nikita Moskalenko <nim@wip.tu-berlin.de>
World,P_Biomass,Biomass,1,2037,3.30046,,PJ,interpolated,27.08.2024,Nikita Moskalenko <nim@wip.tu-berlin.de>
World,P_Biomass,Biomass,1,2038,3.29904,,PJ,interpolated,27.08.2024,Nikita Moskalenko <nim@wip.tu-berlin.de>
World,P_Biomass,Biomass,1,2039,3.29762,,PJ,interpolated,27.08.2024,Nikita Moskalenko <nim@wip.tu-berlin.de>
World,P_Biomass_CCS,Biomass,1,2026,3.68668,,PJ,interpolated,05.09.2024,Nikita Moskalenko <nim@wip.tu-berlin.de>
World,P_Biomass_CCS,Biomass,1,2027,3.68456,,PJ,interpolated,05.09.2024,Nikita Moskalenko <nim@wip.tu-berlin.de>
World,P_Biomass_CCS,Biomass,1,2028,3.68244,,PJ,interpolated,05.09.2024,Nikita Moskalenko <nim@wip.tu-berlin.de>
World,P_Biomass_CCS,Biomass,1,2029,3.68032,,PJ,interpolated,05.09.2024,Nikita Moskalenko <nim@wip.tu-berlin.de>
World,P_Biomass_CCS,Biomass,1,2031,3.67662,,PJ,interpolated,05.09.2024,Nikita Moskalenko <nim@wip.tu-berlin.de>
World,P_Biomass_CCS,Biomass,1,2032,3.67504,,PJ,interpolated,05.09.2024,Nikita Moskalenko <nim@wip.tu-berlin.de>
World,P_Biomass_CCS,Biomass,1,2033,3.67346,,PJ,interpolated,05.09.2024,Nikita Moskalenko <nim@wip.tu-berlin.de>
World,P_Biomass_CCS,Biomass,1,2034,3.67188,,PJ,interpolated,05.09.2024,Nikita Moskalenko <nim@wip.tu-berlin.de>
World,P_Biomass_CCS,Biomass,1,2036,3.66874,,PJ,interpolated,05.09.2024,Nikita Moskalenko <nim@wip.tu-berlin.de>
World,P_Biomass_CCS,Biomass,1,2037,3.66718,,PJ,interpolated,05.09.2024,Nikita Moskalenko <nim@wip.tu-berlin.de>
World,P_Biomass_CCS,Biomass,1,2038,3.66562,,PJ,interpolated,05.09.2024,Nikita Moskalenko <nim@wip.tu-berlin.de>
World,P_Biomass_CCS,Biomass,1,2039,3.66406,,PJ,interpolated,05.09.2024,Nikita Moskalenko <nim@wip.tu-berlin.de>
World,P_Coal_Hardcoal,Hardcoal,1,2026,2.35266,,PJ,interpolated,28.08.2024,Nikita Moskalenko <nim@wip.tu-berlin.de>
World,P_Coal_Hardcoal,Hardcoal,1,2027,2.33902,,PJ,interpolated,28.08.2024,Nikita Moskalenko <nim@wip.tu-berlin.de>
World,P_Coal_Hardcoal,Hardcoal,1,2028,2.32538,,PJ,interpolated,28.08.2024,Nikita Moskalenko <nim@wip.tu-berlin.de>
World,P_Coal_Hardcoal,Hardcoal,1,2029,2.31174,,PJ,interpolated,28.08.2024,Nikita Moskalenko <nim@wip.tu-berlin.de>
World,P_Coal_Hardcoal,Hardcoal,1,2031,2.29372,,PJ,interpolated,28.08.2024,Nikita Moskalenko <nim@wip.tu-berlin.de>
World,P_Coal_Hardcoal,Hardcoal,1,2032,2.28934,,PJ,interpolated,28.08.2024,Nikita Moskalenko <nim@wip.tu-berlin.de>
World,P_Coal_Hardcoal,Hardcoal,1,2033,2.28496,,PJ,interpolated,28.08.2024,Nikita Moskalenko <nim@wip.tu-berlin.de>
World,P_Coal_Hardcoal,Hardcoal,1,2034,2.28058,,PJ,interpolated,28.08.2024,Nikita Moskalenko <nim@wip.tu-berlin.de>
World,P_Coal_Hardcoal,Hardcoal,1,2036,2.2719,,PJ,interpolated,28.08.2024,Nikita Moskalenko <nim@wip.tu-berlin.de>
World,P_Coal_Hardcoal,Hardcoal,1,2037,2.2676,,PJ,interpolated,28.08.2024,Nikita Moskalenko <nim@wip.tu-berlin.de>
World,P_Coal_Hardcoal,Hardcoal,1,2038,2.2633,,PJ,interpolated,28.08.2024,Nikita Moskalenko <nim@wip.tu-berlin.de>
World,P_Coal_Hardcoal,Hardcoal,1,2039,2.259,,PJ,interpolated,28.08.2024,Nikita Moskalenko <nim@wip.tu-berlin.de>
World,P_Coal_Hardcoal_CCS,Hardcoal,1,2026,2.61412,,PJ,interpolated,05.09.2024,Nikita Moskalenko <nim@wip.tu-berlin.de>
World,P_Coal_Hardcoal_CCS,Hardcoal,1,2027,2.59894,,PJ,interpolated,05.09.2024,Nikita Moskalenko <nim@wip.tu-berlin.de>
World,P_Coal_Hardcoal_CCS,Hardcoal,1,2028,2.58376,,PJ,interpolated,05.09.2024,Nikita Moskalenko <nim@wip.tu-berlin.de>
World,P_Coal_Hardcoal_CCS,Hardcoal,1,2029,2.56858,,PJ,interpolated,05.09.2024,Nikita Moskalenko <nim@wip.tu-berlin.de>
World,P_Coal_Hardcoal_CCS,Hardcoal,1,2031,2.54854,,PJ,interpolated,05.09.2024,Nikita Moskalenko <nim@wip.tu-berlin.de>
World,P_Coal_Hardcoal_CCS,Hardcoal,1,2032,2.54368,,PJ,interpolated,05.09.2024,Nikita Moskalenko <nim@wip.tu-berlin.de>
World,P_Coal_Hardcoal_CCS,Hardcoal,1,2033,2.53882,,PJ,interpolated,05.09.2024,Nikita Moskalenko <nim@wip.tu-berlin.de>
World,P_Coal_Hardcoal_CCS,Hardcoal,1,2034,2.53396,,PJ,interpolated,05.09.2024,Nikita Moskalenko <nim@wip.tu-berlin.de>
World,P_Coal_Hardcoal_CCS,Hardcoal,1,2036,2.52432,,PJ,interpolated,05.09.2024,Nikita Moskalenko <nim@wip.tu-berlin.de>
World,P_Coal_Hardcoal_CCS,Hardcoal,1,2037,2.51954,,PJ,interpolated,05.09.2024,Nikita Moskalenko <nim@wip.tu-berlin.de>
World,P_Coal_Hardcoal_CCS,Hardcoal,1,2038,2.51476,,PJ,interpolated,05.09.2024,Nikita Moskalenko <nim@wip.tu-berlin.de>
World,P_Coal_Hardcoal_CCS,Hardcoal,1,2039,2.50998,,PJ,interpolated,05.09.2024,Nikita Moskalenko <nim@wip.tu-berlin.de>
World,P_Coal_Lignite,Lignite,1,2026,2.47652,,PJ,interpolated,28.08.2024,Nikita Moskalenko <nim@wip.tu-berlin.de>
World,P_Coal_Lignite,Lignite,1,2027,2.46214,,PJ,interpolated,28.08.2024,Nikita Moskalenko <nim@wip.tu-berlin.de>
World,P_Coal_Lignite,Lignite,1,2028,2.44776,,PJ,interpolated,28.08.2024,Nikita Moskalenko <nim@wip.tu-berlin.de>
World,P_Coal_Lignite,Lignite,1,2029,2.43338,,PJ,interpolated,28.08.2024,Nikita Moskalenko <nim@wip.tu-berlin.de>
World,P_Coal_Lignite,Lignite,1,2031,2.4144,,PJ,interpolated,28.08.2024,Nikita Moskalenko <nim@wip.tu-berlin.de>
World,P_Coal_Lignite,Lignite,1,2032,2.4098,,PJ,interpolated,28.08.2024,Nikita Moskalenko <nim@wip.tu-berlin.de>
World,P_Coal_Lignite,Lignite,1,2033,2.4052,,PJ,interpolated,28.08.2024,Nikita Moskalenko <nim@wip.tu-berlin.de>
World,P_Coal_Lignite,Lignite,1,2034,2.4006,,PJ,interpolated,28.08.2024,Nikita Moskalenko <nim@wip.tu-berlin.de>
World,P_Coal_Lignite,Lignite,1,2036,2.39148,,PJ,interpolated,28.08.2024,Nikita Moskalenko <nim@wip.tu-berlin.de>
World,P_Coal_Lignite,Lignite,1,2037,2.38696,,PJ,interpolated,28.08.2024,Nikita Moskalenko <nim@wip.tu-berlin.de>
World,P_Coal_Lignite,Lignite,1,2038,2.38244,,PJ,interpolated,28.08.2024,Nikita Moskalenko <nim@wip.tu-berlin.de>
World,P_Coal_Lignite,Lignite,1,2039,2.37792,,PJ,interpolated,28.08.2024,Nikita Moskalenko <nim@wip.tu-berlin.de>
World,P_Coal_Lignite_CCS,Lignite,1,2026,2.75164,,PJ,interpolated,05.09.2024,Nikita Moskalenko <nim@wip.tu-berlin.de>
World,P_Coal_Lignite_CCS,Lignite,1,2027,2.73568,,PJ,interpolated,05.09.2024,Nikita Moskalenko <nim@wip.tu-berlin.de>
World,P_Coal_Lignite_CCS,Lignite,1,2028,2.71972,,PJ,interpolated,05.09.2024,Nikita Moskalenko <nim@wip.tu-berlin.de>
World,P_Coal_Lignite_CCS,Lignite,1,2029,2.70376,,PJ,interpolated,05.09.2024,Nikita Moskalenko <nim@wip.tu-berlin.de>
World,P_Coal_Lignite_CCS,Lignite,1,2031,2.68268,,PJ,interpolated,05.09.2024,Nikita Moskalenko <nim@wip.tu-berlin.de>
World,P_Coal_Lignite_CCS,Lignite,1,2032,2.67756,,PJ,interpolated,05.09.2024,Nikita Moskalenko <nim@wip.tu-berlin.de>
World,P_Coal_Lignite_CCS,Lignite,1,2033,2.67244,,PJ,interpolated,05.09.2024,Nikita Moskalenko <nim@wip.tu-berlin.de>
World,P_Coal_Lignite_CCS,Lignite,1,2034,2.66732,,PJ,interpolated,05.09.2024,Nikita Moskalenko <nim@wip.tu-berlin.de>
World,P_Coal_Lignite_CCS,Lignite,1,2036,2.65718,,PJ,interpolated,05.09.2024,Nikita Moskalenko <nim@wip.tu-berlin.de>
World,P_Coal_Lignite_CCS,Lignite,1,2037,2.65216,,PJ,interpolated,05.09.2024,Nikita Moskalenko <nim@wip.tu-berlin.de>
World,P_Coal_Lignite_CCS,Lignite,1,2038,2.64714,,PJ,interpolated,05.09.2024,Nikita Moskalenko <nim@wip.tu-berlin.de>
World,P_Coal_Lignite_CCS,Lignite,1,2039,2.64212,,PJ,interpolated,05.09.2024,Nikita Moskalenko <nim@wip.tu-berlin.de>
World,P_Gas_CCGT,Gas_Natural,1,2026,1.77944,,PJ,interpolated,26.08.2024,Nikita Moskalenko <nim@wip.tu-berlin.de>
World,P_Gas_CCGT,Gas_Natural,1,2027,1.77318,,PJ,interpolated,26.08.2024,Nikita Moskalenko <nim@wip.tu-berlin.de>
World,P_Gas_CCGT,Gas_Natural,1,2028,1.76692,,PJ,interpolated,26.08.2024,Nikita Moskalenko <nim@wip.tu-berlin.de>
World,P_Gas_CCGT,Gas_Natural,1,2029,1.76066,,PJ,interpolated,26.08.2024,Nikita Moskalenko <nim@wip.tu-berlin.de>
World,P_Gas_CCGT,Gas_Natural,1,2031,1.75134,,PJ,interpolated,26.08.2024,Nikita Moskalenko <nim@wip.tu-berlin.de>
World,P_Gas_CCGT,Gas_Natural,1,2032,1.74828,,PJ,interpolated,26.08.2024,Nikita Moskalenko <nim@wip.tu-berlin.de>
World,P_Gas_CCGT,Gas_Natural,1,2033,1.74522,,PJ,interpolated,26.08.2024,Nikita Moskalenko <nim@wip.tu-berlin.de>
World,P_Gas_CCGT,Gas_Natural,1,2034,1.74216,,PJ,interpolated,26.08.2024,Nikita Moskalenko <nim@wip.tu-berlin.de>
World,P_Gas_CCGT,Gas_Natural,1,2036,1.7361,,PJ,interpolated,26.08.2024,Nikita Moskalenko <nim@wip.tu-berlin.de>
World,P_Gas_CCGT,Gas_Natural,1,2037,1.7331,,PJ,interpolated,26.08.2024,Nikita Moskalenko <nim@wip.tu-berlin.de>
World,P_Gas_CCGT,Gas_Natural,1,2038,1.7301,,PJ,interpolated,26.08.2024,Nikita Moskalenko <nim@wip.tu-berlin.de>
World,P_Gas_CCGT,Gas_Natural,1,2039,1.7271,,PJ,interpolated,26.08.2024,Nikita Moskalenko <nim@wip.tu-berlin.de>
World,P_Gas_CCGT,Gas_Bio,2,2026,1.77944,,PJ,interpolated,26.08.2024,Nikita Moskalenko <nim@wip.tu-berlin.de>
World,P_Gas_CCGT,Gas_Bio,2,2027,1.77318,,PJ,interpolated,26.08.2024,Nikita Moskalenko <nim@wip.tu-berlin.de>
World,P_Gas_CCGT,Gas_Bio,2,2028,1.76692,,PJ,interpolated,26.08.2024,Nikita Moskalenko <nim@wip.tu-berlin.de>
World,P_Gas_CCGT,Gas_Bio,2,2029,1.76066,,PJ,interpolated,26.08.2024,Nikita Moskalenko <nim@wip.tu-berlin.de>
World,P_Gas_CCGT,Gas_Bio,2,2031,1.75134,,PJ,interpolated,26.08.2024,Nikita Moskalenko <nim@wip.tu-berlin.de>
World,P_Gas_CCGT,Gas_Bio,2,2032,1.74828,,PJ,interpolated,26.08.2024,Nikita Moskalenko <nim@wip.tu-berlin.de>
World,P_Gas_CCGT,Gas_Bio,2,2033,1.74522,,PJ,interpolated,26.08.2024,Nikita Moskalenko <nim@wip.tu-berlin.de>
World,P_Gas_CCGT,Gas_Bio,2,2034,1.74216,,PJ,interpolated,26.08.2024,Nikita Moskalenko <nim@wip.tu-berlin.de>
World,P_Gas_CCGT,Gas_Bio,2,2036,1.7361,,PJ,interpolated,26.08.2024,Nikita Moskalenko <nim@wip.tu-berlin.de>
World,P_Gas_CCGT,Gas_Bio,2,2037,1.7331,,PJ,interpolated,26.08.2024,Nikita Moskalenko <nim@wip.tu-berlin.de>
World,P_Gas_CCGT,Gas_Bio,2,2038,1.7301,,PJ,interpolated,26.08.2024,Nikita Moskalenko <nim@wip.tu-berlin.de>
World,P_Gas_CCGT,Gas_Bio,2,2039,1.7271,,PJ,interpolated,26.08.2024,Nikita Moskalenko <nim@wip.tu-berlin.de>
World,P_Gas_CCGT,Gas_Synth,3,2026,1.77944,,PJ,interpolated,26.08.2024,Nikita Moskalenko <nim@wip.tu-berlin.de>
World,P_Gas_CCGT,Gas_Synth,3,2027,1.77318,,PJ,interpolated,26.08.2024,Nikita Moskalenko <nim@wip.tu-berlin.de>
World,P_Gas_CCGT,Gas_Synth,3,2028,1.76692,,PJ,interpolated,26.08.2024,Nikita Moskalenko <nim@wip.tu-berlin.de>
World,P_Gas_CCGT,Gas_Synth,3,2029,1.76066,,PJ,interpolated,26.08.2024,Nikita Moskalenko <nim@wip.tu-berlin.de>
World,P_Gas_CCGT,Gas_Synth,3,2031,1.75134,,PJ,interpolated,26.08.2024,Nikita Moskalenko <nim@wip.tu-berlin.de>
World,P_Gas_CCGT,Gas_Synth,3,2032,1.74828,,PJ,interpolated,26.08.2024,Nikita Moskalenko <nim@wip.tu-berlin.de>
World,P_Gas_CCGT,Gas_Synth,3,2033,1.74522,,PJ,interpolated,26.08.2024,Nikita Moskalenko <nim@wip.tu-berlin.de>
World,P_Gas_CCGT,Gas_Synth,3,2034,1.74216,,PJ,interpolated,26.08.2024,Nikita Moskalenko <nim@wip.tu-berlin.de>
World,P_Gas_CCGT,Gas_Synth,3,2036,1.7361,,PJ,interpolated,26.08.2024,Nikita Moskalenko <nim@wip.tu-berlin.de>
World,P_Gas_CCGT,Gas_Synth,3,2037,1.7331,,PJ,interpolated,26.08.2024,Nikita Moskalenko <nim@wip.tu-berlin.de>
World,P_Gas_CCGT,Gas_Synth,3,2038,1.7301,,PJ,interpolated,26.08.2024,Nikita Moskalenko <nim@wip.tu-berlin.de>
World,P_Gas_CCGT,Gas_Synth,3,2039,1.7271,,PJ,interpolated,26.08.2024,Nikita Moskalenko <nim@wip.tu-berlin.de>
World,P_Gas_CCS,Gas_Natural,1,2026,1.97714,,PJ,interpolated,05.09.2024,Nikita Moskalenko <nim@wip.tu-berlin.de>
World,P_Gas_CCS,Gas_Natural,1,2027,1.97018,,PJ,interpolated,05.09.2024,Nikita Moskalenko <nim@wip.tu-berlin.de>
World,P_Gas_CCS,Gas_Natural,1,2028,1.96322,,PJ,interpolated,05.09.2024,Nikita Moskalenko <nim@wip.tu-berlin.de>
World,P_Gas_CCS,Gas_Natural,1,2029,1.95626,,PJ,interpolated,05.09.2024,Nikita Moskalenko <nim@wip.tu-berlin.de>
World,P_Gas_CCS,Gas_Natural,1,2031,1.94592,,PJ,interpolated,05.09.2024,Nikita Moskalenko <nim@wip.tu-berlin.de>
World,P_Gas_CCS,Gas_Natural,1,2032,1.94254,,PJ,interpolated,05.09.2024,Nikita Moskalenko <nim@wip.tu-berlin.de>
World,P_Gas_CCS,Gas_Natural,1,2033,1.93916,,PJ,interpolated,05.09.2024,Nikita Moskalenko <nim@wip.tu-berlin.de>
World,P_Gas_CCS,Gas_Natural,1,2034,1.93578,,PJ,interpolated,05.09.2024,Nikita Moskalenko <nim@wip.tu-berlin.de>
World,P_Gas_CCS,Gas_Natural,1,2036,1.92906,,PJ,interpolated,05.09.2024,Nikita Moskalenko <nim@wip.tu-berlin.de>
World,P_Gas_CCS,Gas_Natural,1,2037,1.92572,,PJ,interpolated,05.09.2024,Nikita Moskalenko <nim@wip.tu-berlin.de>
World,P_Gas_CCS,Gas_Natural,1,2038,1.92238,,PJ,interpolated,05.09.2024,Nikita Moskalenko <nim@wip.tu-berlin.de>
World,P_Gas_CCS,Gas_Natural,1,2039,1.91904,,PJ,interpolated,05.09.2024,Nikita Moskalenko <nim@wip.tu-berlin.de>
World,P_Gas_CCS,Gas_Bio,2,2026,1.97714,,PJ,interpolated,05.09.2024,Nikita Moskalenko <nim@wip.tu-berlin.de>
World,P_Gas_CCS,Gas_Bio,2,2027,1.97018,,PJ,interpolated,05.09.2024,Nikita Moskalenko <nim@wip.tu-berlin.de>
World,P_Gas_CCS,Gas_Bio,2,2028,1.96322,,PJ,interpolated,05.09.2024,Nikita Moskalenko <nim@wip.tu-berlin.de>
World,P_Gas_CCS,Gas_Bio,2,2029,1.95626,,PJ,interpolated,05.09.2024,Nikita Moskalenko <nim@wip.tu-berlin.de>
World,P_Gas_CCS,Gas_Bio,2,2031,1.94592,,PJ,interpolated,05.09.2024,Nikita Moskalenko <nim@wip.tu-berlin.de>
World,P_Gas_CCS,Gas_Bio,2,2032,1.94254,,PJ,interpolated,05.09.2024,Nikita Moskalenko <nim@wip.tu-berlin.de>
World,P_Gas_CCS,Gas_Bio,2,2033,1.93916,,PJ,interpolated,05.09.2024,Nikita Moskalenko <nim@wip.tu-berlin.de>
World,P_Gas_CCS,Gas_Bio,2,2034,1.93578,,PJ,interpolated,05.09.2024,Nikita Moskalenko <nim@wip.tu-berlin.de>
World,P_Gas_CCS,Gas_Bio,2,2036,1.92906,,PJ,interpolated,05.09.2024,Nikita Moskalenko <nim@wip.tu-berlin.de>
World,P_Gas_CCS,Gas_Bio,2,2037,1.92572,,PJ,interpolated,05.09.2024,Nikita Moskalenko <nim@wip.tu-berlin.de>
World,P_Gas_CCS,Gas_Bio,2,2038,1.92238,,PJ,interpolated,05.09.2024,Nikita Moskalenko <nim@wip.tu-berlin.de>
World,P_Gas_CCS,Gas_Bio,2,2039,1.91904,,PJ,interpolated,05.09.2024,Nikita Moskalenko <nim@wip.tu-berlin.de>
World,P_Gas_CCS,Gas_Synth,3,2026,1.97714,,PJ,interpolated,05.09.2024,Nikita Moskalenko <nim@wip.tu-berlin.de>
World,P_Gas_CCS,Gas_Synth,3,2027,1.97018,,PJ,interpolated,05.09.2024,Nikita Moskalenko <nim@wip.tu-berlin.de>
World,P_Gas_CCS,Gas_Synth,3,2028,1.96322,,PJ,interpolated,05.09.2024,Nikita Moskalenko <nim@wip.tu-berlin.de>
World,P_Gas_CCS,Gas_Synth,3,2029,1.95626,,PJ,interpolated,05.09.2024,Nikita Moskalenko <nim@wip.tu-berlin.de>
World,P_Gas_CCS,Gas_Synth,3,2031,1.94592,,PJ,interpolated,05.09.2024,Nikita Moskalenko <nim@wip.tu-berlin.de>
World,P_Gas_CCS,Gas_Synth,3,2032,1.94254,,PJ,interpolated,05.09.2024,Nikita Moskalenko <nim@wip.tu-berlin.de>
World,P_Gas_CCS,Gas_Synth,3,2033,1.93916,,PJ,interpolated,05.09.2024,Nikita Moskalenko <nim@wip.tu-berlin.de>
World,P_Gas_CCS,Gas_Synth,3,2034,1.93578,,PJ,interpolated,05.09.2024,Nikita Moskalenko <nim@wip.tu-berlin.de>
World,P_Gas_CCS,Gas_Synth,3,2036,1.92906,,PJ,interpolated,05.09.2024,Nikita Moskalenko <nim@wip.tu-berlin.de>
World,P_Gas_CCS,Gas_Synth,3,2037,1.92572,,PJ,interpolated,05.09.2024,Nikita Moskalenko <nim@wip.tu-berlin.de>
World,P_Gas_CCS,Gas_Synth,3,2038,1.92238,,PJ,interpolated,05.09.2024,Nikita Moskalenko <nim@wip.tu-berlin.de>
World,P_Gas_CCS,Gas_Synth,3,2039,1.91904,,PJ,interpolated,05.09.2024,Nikita Moskalenko <nim@wip.tu-berlin.de>
World,P_Gas_Engines,Gas_Natural,1,2026,2.03264,,PJ,interpolated,07.08.2024,Nikita Moskalenko <nim@wip.tu-berlin.de>
World,P_Gas_Engines,Gas_Natural,1,2027,2.02448,,PJ,interpolated,07.08.2024,Nikita Moskalenko <nim@wip.tu-berlin.de>
World,P_Gas_Engines,Gas_Natural,1,2028,2.01632,,PJ,interpolated,07.08.2024,Nikita Moskalenko <nim@wip.tu-berlin.de>
World,P_Gas_Engines,Gas_Natural,1,2029,2.00816,,PJ,interpolated,07.08.2024,Nikita Moskalenko <nim@wip.tu-berlin.de>
World,P_Gas_Engines,Gas_Natural,1,2031,2,,PJ,interpolated,07.08.2024,Nikita Moskalenko <nim@wip.tu-berlin.de>
World,P_Gas_Engines,Gas_Natural,1,2032,2,,PJ,interpolated,07.08.2024,Nikita Moskalenko <nim@wip.tu-berlin.de>
World,P_Gas_Engines,Gas_Natural,1,2033,2,,PJ,interpolated,07.08.2024,Nikita Moskalenko <nim@wip.tu-berlin.de>
World,P_Gas_Engines,Gas_Natural,1,2034,2,,PJ,interpolated,07.08.2024,Nikita Moskalenko <nim@wip.tu-berlin.de>
World,P_Gas_Engines,Gas_Natural,1,2036,2,,PJ,interpolated,07.08.2024,Nikita Moskalenko <nim@wip.tu-berlin.de>
World,P_Gas_Engines,Gas_Natural,1,2037,2,,PJ,interpolated,07.08.2024,Nikita Moskalenko <nim@wip.tu-berlin.de>
World,P_Gas_Engines,Gas_Natural,1,2038,2,,PJ,interpolated,07.08.2024,Nikita Moskalenko <nim@wip.tu-berlin.de>
World,P_Gas_Engines,Gas_Natural,1,2039,2,,PJ,interpolated,07.08.2024,Nikita Moskalenko <nim@wip.tu-berlin.de>
World,P_Gas_Engines,Gas_Bio,2,2026,2.16466,,PJ,interpolated,07.08.2024,Nikita Moskalenko <nim@wip.tu-berlin.de>
World,P_Gas_Engines,Gas_Bio,2,2027,2.15542,,PJ,interpolated,07.08.2024,Nikita Moskalenko <nim@wip.tu-berlin.de>
World,P_Gas_Engines,Gas_Bio,2,2028,2.14618,,PJ,interpolated,07.08.2024,Nikita Moskalenko <nim@wip.tu-berlin.de>
World,P_Gas_Engines,Gas_Bio,2,2029,2.13694,,PJ,interpolated,07.08.2024,Nikita Moskalenko <nim@wip.tu-berlin.de>
World,P_Gas_Engines,Gas_Bio,2,2031,2.1277,,PJ,interpolated,07.08.2024,Nikita Moskalenko <nim@wip.tu-berlin.de>
World,P_Gas_Engines,Gas_Bio,2,2032,2.1277,,PJ,interpolated,07.08.2024,Nikita Moskalenko <nim@wip.tu-berlin.de>
World,P_Gas_Engines,Gas_Bio,2,2033,2.1277,,PJ,interpolated,07.08.2024,Nikita Moskalenko <nim@wip.tu-berlin.de>
World,P_Gas_Engines,Gas_Bio,2,2034,2.1277,,PJ,interpolated,07.08.2024,Nikita Moskalenko <nim@wip.tu-berlin.de>
World,P_Gas_Engines,Gas_Bio,2,2036,2.1277,,PJ,interpolated,07.08.2024,Nikita Moskalenko <nim@wip.tu-berlin.de>
World,P_Gas_Engines,Gas_Bio,2,2037,2.1277,,PJ,interpolated,07.08.2024,Nikita Moskalenko <nim@wip.tu-berlin.de>
World,P_Gas_Engines,Gas_Bio,2,2038,2.1277,,PJ,interpolated,07.08.2024,Nikita Moskalenko <nim@wip.tu-berlin.de>
World,P_Gas_Engines,Gas_Bio,2,2039,2.1277,,PJ,interpolated,07.08.2024,Nikita Moskalenko <nim@wip.tu-berlin.de>
World,P_Gas_Engines,Gas_Synth,3,2026,2.76278,,PJ,interpolated,07.08.2024,Nikita Moskalenko <nim@wip.tu-berlin.de>
World,P_Gas_Engines,Gas_Synth,3,2027,2.74776,,PJ,interpolated,07.08.2024,Nikita Moskalenko <nim@wip.tu-berlin.de>
World,P_Gas_Engines,Gas_Synth,3,2028,2.73274,,PJ,interpolated,07.08.2024,Nikita Moskalenko <nim@wip.tu-berlin.de>
World,P_Gas_Engines,Gas_Synth,3,2029,2.71772,,PJ,interpolated,07.08.2024,Nikita Moskalenko <nim@wip.tu-berlin.de>
World,P_Gas_Engines,Gas_Synth,3,2031,2.7027,,PJ,interpolated,07.08.2024,Nikita Moskalenko <nim@wip.tu-berlin.de>
World,P_Gas_Engines,Gas_Synth,3,2032,2.7027,,PJ,interpolated,07.08.2024,Nikita Moskalenko <nim@wip.tu-berlin.de>
World,P_Gas_Engines,Gas_Synth,3,2033,2.7027,,PJ,interpolated,07.08.2024,Nikita Moskalenko <nim@wip.tu-berlin.de>
World,P_Gas_Engines,Gas_Synth,3,2034,2.7027,,PJ,interpolated,07.08.2024,Nikita Moskalenko <nim@wip.tu-berlin.de>
World,P_Gas_Engines,Gas_Synth,3,2036,2.7027,,PJ,interpolated,07.08.2024,Nikita Moskalenko <nim@wip.tu-berlin.de>
World,P_Gas_Engines,Gas_Synth,3,2037,2.7027,,PJ,interpolated,07.08.2024,Nikita Moskalenko <nim@wip.tu-berlin.de>
World,P_Gas_Engines,Gas_Synth,3,2038,2.7027,,PJ,interpolated,07.08.2024,Nikita Moskalenko <nim@wip.tu-berlin.de>
World,P_Gas_Engines,Gas_Synth,3,2039,2.7027,,PJ,interpolated,07.08.2024,Nikita Moskalenko <nim@wip.tu-berlin.de>
World,P_Gas_OCGT,Gas_Natural,1,2026,2.34744,,PJ,interpolated,07.08.2024,Nikita Moskalenko <nim@wip.tu-berlin.de>
World,P_Gas_OCGT,Gas_Natural,1,2027,2.34198,,PJ,interpolated,07.08.2024,Nikita Moskalenko <nim@wip.tu-berlin.de>
World,P_Gas_OCGT,Gas_Natural,1,2028,2.33652,,PJ,interpolated,07.08.2024,Nikita Moskalenko <nim@wip.tu-berlin.de>
World,P_Gas_OCGT,Gas_Natural,1,2029,2.33106,,PJ,interpolated,07.08.2024,Nikita Moskalenko <nim@wip.tu-berlin.de>
World,P_Gas_OCGT,Gas_Natural,1,2031,2.32026,,PJ,interpolated,07.08.2024,Nikita Moskalenko <nim@wip.tu-berlin.de>
World,P_Gas_OCGT,Gas_Natural,1,2032,2.31492,,PJ,interpolated,07.08.2024,Nikita Moskalenko <nim@wip.tu-berlin.de>
World,P_Gas_OCGT,Gas_Natural,1,2033,2.30958,,PJ,interpolated,07.08.2024,Nikita Moskalenko <nim@wip.tu-berlin.de>
World,P_Gas_OCGT,Gas_Natural,1,2034,2.30424,,PJ,interpolated,07.08.2024,Nikita Moskalenko <nim@wip.tu-berlin.de>
World,P_Gas_OCGT,Gas_Natural,1,2036,2.29366,,PJ,interpolated,07.08.2024,Nikita Moskalenko <nim@wip.tu-berlin.de>
World,P_Gas_OCGT,Gas_Natural,1,2037,2.28842,,PJ,interpolated,07.08.2024,Nikita Moskalenko <nim@wip.tu-berlin.de>
World,P_Gas_OCGT,Gas_Natural,1,2038,2.28318,,PJ,interpolated,07.08.2024,Nikita Moskalenko <nim@wip.tu-berlin.de>
World,P_Gas_OCGT,Gas_Natural,1,2039,2.27794,,PJ,interpolated,07.08.2024,Nikita Moskalenko <nim@wip.tu-berlin.de>
World,P_Gas_OCGT,Gas_Bio,2,2026,2.52528,,PJ,interpolated,07.08.2024,Nikita Moskalenko <nim@wip.tu-berlin.de>
World,P_Gas_OCGT,Gas_Bio,2,2027,2.51896,,PJ,interpolated,07.08.2024,Nikita Moskalenko <nim@wip.tu-berlin.de>
World,P_Gas_OCGT,Gas_Bio,2,2028,2.51264,,PJ,interpolated,07.08.2024,Nikita Moskalenko <nim@wip.tu-berlin.de>
World,P_Gas_OCGT,Gas_Bio,2,2029,2.50632,,PJ,interpolated,07.08.2024,Nikita Moskalenko <nim@wip.tu-berlin.de>
World,P_Gas_OCGT,Gas_Bio,2,2031,2.49382,,PJ,interpolated,07.08.2024,Nikita Moskalenko <nim@wip.tu-berlin.de>
World,P_Gas_OCGT,Gas_Bio,2,2032,2.48764,,PJ,interpolated,07.08.2024,Nikita Moskalenko <nim@wip.tu-berlin.de>
World,P_Gas_OCGT,Gas_Bio,2,2033,2.48146,,PJ,interpolated,07.08.2024,Nikita Moskalenko <nim@wip.tu-berlin.de>
World,P_Gas_OCGT,Gas_Bio,2,2034,2.47528,,PJ,interpolated,07.08.2024,Nikita Moskalenko <nim@wip.tu-berlin.de>
World,P_Gas_OCGT,Gas_Bio,2,2036,2.46308,,PJ,interpolated,07.08.2024,Nikita Moskalenko <nim@wip.tu-berlin.de>
World,P_Gas_OCGT,Gas_Bio,2,2037,2.45706,,PJ,interpolated,07.08.2024,Nikita Moskalenko <nim@wip.tu-berlin.de>
World,P_Gas_OCGT,Gas_Bio,2,2038,2.45104,,PJ,interpolated,07.08.2024,Nikita Moskalenko <nim@wip.tu-berlin.de>
World,P_Gas_OCGT,Gas_Bio,2,2039,2.44502,,PJ,interpolated,07.08.2024,Nikita Moskalenko <nim@wip.tu-berlin.de>
World,P_Gas_OCGT,Gas_Synth,3,2026,2.7323,,PJ,interpolated,07.08.2024,Nikita Moskalenko <nim@wip.tu-berlin.de>
World,P_Gas_OCGT,Gas_Synth,3,2027,2.7249,,PJ,interpolated,07.08.2024,Nikita Moskalenko <nim@wip.tu-berlin.de>
World,P_Gas_OCGT,Gas_Synth,3,2028,2.7175,,PJ,interpolated,07.08.2024,Nikita Moskalenko <nim@wip.tu-berlin.de>
World,P_Gas_OCGT,Gas_Synth,3,2029,2.7101,,PJ,interpolated,07.08.2024,Nikita Moskalenko <nim@wip.tu-berlin.de>
World,P_Gas_OCGT,Gas_Synth,3,2031,2.6955,,PJ,interpolated,07.08.2024,Nikita Moskalenko <nim@wip.tu-berlin.de>
World,P_Gas_OCGT,Gas_Synth,3,2032,2.6883,,PJ,interpolated,07.08.2024,Nikita Moskalenko <nim@wip.tu-berlin.de>
World,P_Gas_OCGT,Gas_Synth,3,2033,2.6811,,PJ,interpolated,07.08.2024,Nikita Moskalenko <nim@wip.tu-berlin.de>
World,P_Gas_OCGT,Gas_Synth,3,2034,2.6739,,PJ,interpolated,07.08.2024,Nikita Moskalenko <nim@wip.tu-berlin.de>
World,P_Gas_OCGT,Gas_Synth,3,2036,2.65968,,PJ,interpolated,07.08.2024,Nikita Moskalenko <nim@wip.tu-berlin.de>
World,P_Gas_OCGT,Gas_Synth,3,2037,2.65266,,PJ,interpolated,07.08.2024,Nikita Moskalenko <nim@wip.tu-berlin.de>
World,P_Gas_OCGT,Gas_Synth,3,2038,2.64564,,PJ,interpolated,07.08.2024,Nikita Moskalenko <nim@wip.tu-berlin.de>
World,P_Gas_OCGT,Gas_Synth,3,2039,2.63862,,PJ,interpolated,07.08.2024,Nikita Moskalenko <nim@wip.tu-berlin.de>
World,P_H2_OCGT,H2,1,2026,2.34744,,PJ,interpolated,26.08.2024,Nikita Moskalenko <nim@wip.tu-berlin.de>
World,P_H2_OCGT,H2,1,2027,2.34198,,PJ,interpolated,26.08.2024,Nikita Moskalenko <nim@wip.tu-berlin.de>
World,P_H2_OCGT,H2,1,2028,2.33652,,PJ,interpolated,26.08.2024,Nikita Moskalenko <nim@wip.tu-berlin.de>
World,P_H2_OCGT,H2,1,2029,2.33106,,PJ,interpolated,26.08.2024,Nikita Moskalenko <nim@wip.tu-berlin.de>
World,P_H2_OCGT,H2,1,2031,2.32026,,PJ,interpolated,26.08.2024,Nikita Moskalenko <nim@wip.tu-berlin.de>
World,P_H2_OCGT,H2,1,2032,2.31492,,PJ,interpolated,26.08.2024,Nikita Moskalenko <nim@wip.tu-berlin.de>
World,P_H2_OCGT,H2,1,2033,2.30958,,PJ,interpolated,26.08.2024,Nikita Moskalenko <nim@wip.tu-berlin.de>
World,P_H2_OCGT,H2,1,2034,2.30424,,PJ,interpolated,26.08.2024,Nikita Moskalenko <nim@wip.tu-berlin.de>
World,P_H2_OCGT,H2,1,2036,2.29366,,PJ,interpolated,26.08.2024,Nikita Moskalenko <nim@wip.tu-berlin.de>
World,P_H2_OCGT,H2,1,2037,2.28842,,PJ,interpolated,26.08.2024,Nikita Moskalenko <nim@wip.tu-berlin.de>
World,P_H2_OCGT,H2,1,2038,2.28318,,PJ,interpolated,26.08.2024,Nikita Moskalenko <nim@wip.tu-berlin.de>
World,P_H2_OCGT,H2,1,2039,2.27794,,PJ,interpolated,26.08.2024,Nikita Moskalenko <nim@wip.tu-berlin.de>
World,P_Nuclear,Nuclear,1,2026,3.0303,,PJ,interpolated,04.09.2024,Nikita Moskalenko <nim@wip.tu-berlin.de>
World,P_Nuclear,Nuclear,1,2027,3.0303,,PJ,interpolated,04.09.2024,Nikita Moskalenko <nim@wip.tu-berlin.de>
World,P_Nuclear,Nuclear,1,2028,3.0303,,PJ,interpolated,04.09.2024,Nikita Moskalenko <nim@wip.tu-berlin.de>
World,P_Nuclear,Nuclear,1,2029,3.0303,,PJ,interpolated,04.09.2024,Nikita Moskalenko <nim@wip.tu-berlin.de>
World,P_Nuclear,Nuclear,1,2031,3.0303,,PJ,interpolated,04.09.2024,Nikita Moskalenko <nim@wip.tu-berlin.de>
World,P_Nuclear,Nuclear,1,2032,3.0303,,PJ,interpolated,04.09.2024,Nikita Moskalenko <nim@wip.tu-berlin.de>
World,P_Nuclear,Nuclear,1,2033,3.0303,,PJ,interpolated,04.09.2024,Nikita Moskalenko <nim@wip.tu-berlin.de>
World,P_Nuclear,Nuclear,1,2034,3.0303,,PJ,interpolated,04.09.2024,Nikita Moskalenko <nim@wip.tu-berlin.de>
World,P_Nuclear,Nuclear,1,2036,3.0303,,PJ,interpolated,04.09.2024,Nikita Moskalenko <nim@wip.tu-berlin.de>
World,P_Nuclear,Nuclear,1,2037,3.0303,,PJ,interpolated,04.09.2024,Nikita Moskalenko <nim@wip.tu-berlin.de>
World,P_Nuclear,Nuclear,1,2038,3.0303,,PJ,interpolated,04.09.2024,Nikita Moskalenko <nim@wip.tu-berlin.de>
World,P_Nuclear,Nuclear,1,2039,3.0303,,PJ,interpolated,04.09.2024,Nikita Moskalenko <nim@wip.tu-berlin.de>
World,P_Oil,Oil,1,2026,2.8571,,PJ,interpolated,26.08.2024,Nikita Moskalenko <nim@wip.tu-berlin.de>
World,P_Oil,Oil,1,2027,2.8571,,PJ,interpolated,26.08.2024,Nikita Moskalenko <nim@wip.tu-berlin.de>
World,P_Oil,Oil,1,2028,2.8571,,PJ,interpolated,26.08.2024,Nikita Moskalenko <nim@wip.tu-berlin.de>
World,P_Oil,Oil,1,2029,2.8571,,PJ,interpolated,26.08.2024,Nikita Moskalenko <nim@wip.tu-berlin.de>
World,P_Oil,Oil,1,2031,2.8571,,PJ,interpolated,26.08.2024,Nikita Moskalenko <nim@wip.tu-berlin.de>
World,P_Oil,Oil,1,2032,2.8571,,PJ,interpolated,26.08.2024,Nikita Moskalenko <nim@wip.tu-berlin.de>
World,P_Oil,Oil,1,2033,2.8571,,PJ,interpolated,26.08.2024,Nikita Moskalenko <nim@wip.tu-berlin.de>
World,P_Oil,Oil,1,2034,2.8571,,PJ,interpolated,26.08.2024,Nikita Moskalenko <nim@wip.tu-berlin.de>
World,P_Oil,Oil,1,2036,2.8571,,PJ,interpolated,26.08.2024,Nikita Moskalenko <nim@wip.tu-berlin.de>
World,P_Oil,Oil,1,2037,2.8571,,PJ,interpolated,26.08.2024,Nikita Moskalenko <nim@wip.tu-berlin.de>
World,P_Oil,Oil,1,2038,2.8571,,PJ,interpolated,26.08.2024,Nikita Moskalenko <nim@wip.tu-berlin.de>
World,P_Oil,Oil,1,2039,2.8571,,PJ,interpolated,26.08.2024,Nikita Moskalenko <nim@wip.tu-berlin.de>
World,P_PV_Rooftop_Commercial,Area_Rooftop_Commercial,1,2026,0.1658,,km2,interpolated,,
World,P_PV_Rooftop_Commercial,Area_Rooftop_Commercial,1,2027,0.1658,,km2,interpolated,,
World,P_PV_Rooftop_Commercial,Area_Rooftop_Commercial,1,2028,0.1658,,km2,interpolated,,
World,P_PV_Rooftop_Commercial,Area_Rooftop_Commercial,1,2029,0.1658,,km2,interpolated,,
World,P_PV_Rooftop_Commercial,Area_Rooftop_Commercial,1,2031,0.1658,,km2,interpolated,,
World,P_PV_Rooftop_Commercial,Area_Rooftop_Commercial,1,2032,0.1658,,km2,interpolated,,
World,P_PV_Rooftop_Commercial,Area_Rooftop_Commercial,1,2033,0.1658,,km2,interpolated,,
World,P_PV_Rooftop_Commercial,Area_Rooftop_Commercial,1,2034,0.1658,,km2,interpolated,,
World,P_PV_Rooftop_Commercial,Area_Rooftop_Commercial,1,2036,0.1658,,km2,interpolated,,
World,P_PV_Rooftop_Commercial,Area_Rooftop_Commercial,1,2037,0.1658,,km2,interpolated,,
World,P_PV_Rooftop_Commercial,Area_Rooftop_Commercial,1,2038,0.1658,,km2,interpolated,,
World,P_PV_Rooftop_Commercial,Area_Rooftop_Commercial,1,2039,0.1658,,km2,interpolated,,
World,P_PV_Rooftop_Residential,Area_Rooftop_Residential,1,2026,0.1658,,km2,interpolated,,
World,P_PV_Rooftop_Residential,Area_Rooftop_Residential,1,2027,0.1658,,km2,interpolated,,
World,P_PV_Rooftop_Residential,Area_Rooftop_Residential,1,2028,0.1658,,km2,interpolated,,
World,P_PV_Rooftop_Residential,Area_Rooftop_Residential,1,2029,0.1658,,km2,interpolated,,
World,P_PV_Rooftop_Residential,Area_Rooftop_Residential,1,2031,0.1658,,km2,interpolated,,
World,P_PV_Rooftop_Residential,Area_Rooftop_Residential,1,2032,0.1658,,km2,interpolated,,
World,P_PV_Rooftop_Residential,Area_Rooftop_Residential,1,2033,0.1658,,km2,interpolated,,
World,P_PV_Rooftop_Residential,Area_Rooftop_Residential,1,2034,0.1658,,km2,interpolated,,
World,P_PV_Rooftop_Residential,Area_Rooftop_Residential,1,2036,0.1658,,km2,interpolated,,
World,P_PV_Rooftop_Residential,Area_Rooftop_Residential,1,2037,0.1658,,km2,interpolated,,
World,P_PV_Rooftop_Residential,Area_Rooftop_Residential,1,2038,0.1658,,km2,interpolated,,
World,P_PV_Rooftop_Residential,Area_Rooftop_Residential,1,2039,0.1658,,km2,interpolated,,
World,X_Alkaline_Electrolysis,Power,1,2026,1.68364,,PJ,interpolated,03.09.2024,Nikita Moskalenko <nim@wip.tu-berlin.de>
World,X_Alkaline_Electrolysis,Power,1,2027,1.66488,,PJ,interpolated,03.09.2024,Nikita Moskalenko <nim@wip.tu-berlin.de>
World,X_Alkaline_Electrolysis,Power,1,2028,1.64612,,PJ,interpolated,03.09.2024,Nikita Moskalenko <nim@wip.tu-berlin.de>
World,X_Alkaline_Electrolysis,Power,1,2029,1.62736,,PJ,interpolated,03.09.2024,Nikita Moskalenko <nim@wip.tu-berlin.de>
World,X_Alkaline_Electrolysis,Power,1,2031,1.60064,,PJ,interpolated,03.09.2024,Nikita Moskalenko <nim@wip.tu-berlin.de>
World,X_Alkaline_Electrolysis,Power,1,2032,1.59268,,PJ,interpolated,03.09.2024,Nikita Moskalenko <nim@wip.tu-berlin.de>
World,X_Alkaline_Electrolysis,Power,1,2033,1.58472,,PJ,interpolated,03.09.2024,Nikita Moskalenko <nim@wip.tu-berlin.de>
World,X_Alkaline_Electrolysis,Power,1,2034,1.57676,,PJ,interpolated,03.09.2024,Nikita Moskalenko <nim@wip.tu-berlin.de>
World,X_Alkaline_Electrolysis,Power,1,2036,1.56122,,PJ,interpolated,03.09.2024,Nikita Moskalenko <nim@wip.tu-berlin.de>
World,X_Alkaline_Electrolysis,Power,1,2037,1.55364,,PJ,interpolated,03.09.2024,Nikita Moskalenko <nim@wip.tu-berlin.de>
World,X_Alkaline_Electrolysis,Power,1,2038,1.54606,,PJ,interpolated,03.09.2024,Nikita Moskalenko <nim@wip.tu-berlin.de>
World,X_Alkaline_Electrolysis,Power,1,2039,1.53848,,PJ,interpolated,03.09.2024,Nikita Moskalenko <nim@wip.tu-berlin.de>
World,X_Biofuel,Biomass,1,2026,1.61826,,PJ,interpolated,04.09.2024,Nikita Moskalenko <nim@wip.tu-berlin.de>
World,X_Biofuel,Biomass,1,2027,1.61052,,PJ,interpolated,04.09.2024,Nikita Moskalenko <nim@wip.tu-berlin.de>
World,X_Biofuel,Biomass,1,2028,1.60278,,PJ,interpolated,04.09.2024,Nikita Moskalenko <nim@wip.tu-berlin.de>
World,X_Biofuel,Biomass,1,2029,1.59504,,PJ,interpolated,04.09.2024,Nikita Moskalenko <nim@wip.tu-berlin.de>
World,X_Biofuel,Biomass,1,2031,1.57872,,PJ,interpolated,04.09.2024,Nikita Moskalenko <nim@wip.tu-berlin.de>
World,X_Biofuel,Biomass,1,2032,1.57014,,PJ,interpolated,04.09.2024,Nikita Moskalenko <nim@wip.tu-berlin.de>
World,X_Biofuel,Biomass,1,2033,1.56156,,PJ,interpolated,04.09.2024,Nikita Moskalenko <nim@wip.tu-berlin.de>
World,X_Biofuel,Biomass,1,2034,1.55298,,PJ,interpolated,04.09.2024,Nikita Moskalenko <nim@wip.tu-berlin.de>
World,X_Biofuel,Biomass,1,2036,1.53628,,PJ,interpolated,04.09.2024,Nikita Moskalenko <nim@wip.tu-berlin.de>
World,X_Biofuel,Biomass,1,2037,1.52816,,PJ,interpolated,04.09.2024,Nikita Moskalenko <nim@wip.tu-berlin.de>
World,X_Biofuel,Biomass,1,2038,1.52004,,PJ,interpolated,04.09.2024,Nikita Moskalenko <nim@wip.tu-berlin.de>
World,X_Biofuel,Biomass,1,2039,1.51192,,PJ,interpolated,04.09.2024,Nikita Moskalenko <nim@wip.tu-berlin.de>
World,X_DAC_HT,Power,1,2026,5.19624,,PJ,interpolated,04.09.2024,Nikita Moskalenko <nim@wip.tu-berlin.de>
World,X_DAC_HT,Power,1,2027,5.14368,,PJ,interpolated,04.09.2024,Nikita Moskalenko <nim@wip.tu-berlin.de>
World,X_DAC_HT,Power,1,2028,5.09112,,PJ,interpolated,04.09.2024,Nikita Moskalenko <nim@wip.tu-berlin.de>
World,X_DAC_HT,Power,1,2029,5.03856,,PJ,interpolated,04.09.2024,Nikita Moskalenko <nim@wip.tu-berlin.de>
World,X_DAC_HT,Power,1,2031,4.986,,PJ,interpolated,04.09.2024,Nikita Moskalenko <nim@wip.tu-berlin.de>
World,X_DAC_HT,Power,1,2032,4.986,,PJ,interpolated,04.09.2024,Nikita Moskalenko <nim@wip.tu-berlin.de>
World,X_DAC_HT,Power,1,2033,4.986,,PJ,interpolated,04.09.2024,Nikita Moskalenko <nim@wip.tu-berlin.de>
World,X_DAC_HT,Power,1,2034,4.986,,PJ,interpolated,04.09.2024,Nikita Moskalenko <nim@wip.tu-berlin.de>
World,X_DAC_HT,Power,1,2036,4.986,,PJ,interpolated,04.09.2024,Nikita Moskalenko <nim@wip.tu-berlin.de>
World,X_DAC_HT,Power,1,2037,4.986,,PJ,interpolated,04.09.2024,Nikita Moskalenko <nim@wip.tu-berlin.de>
World,X_DAC_HT,Power,1,2038,4.986,,PJ,interpolated,04.09.2024,Nikita Moskalenko <nim@wip.tu-berlin.de>
World,X_DAC_HT,Power,1,2039,4.986,,PJ,interpolated,04.09.2024,Nikita Moskalenko <nim@wip.tu-berlin.de>
World,X_DAC_LT,Heat_Low_Industrial,1,2026,5.4,,PJ,interpolated,04.09.2024,Nikita Moskalenko <nim@wip.tu-berlin.de>
World,X_DAC_LT,Heat_Low_Industrial,1,2027,5.4,,PJ,interpolated,04.09.2024,Nikita Moskalenko <nim@wip.tu-berlin.de>
World,X_DAC_LT,Heat_Low_Industrial,1,2028,5.4,,PJ,interpolated,04.09.2024,Nikita Moskalenko <nim@wip.tu-berlin.de>
World,X_DAC_LT,Heat_Low_Industrial,1,2029,5.4,,PJ,interpolated,04.09.2024,Nikita Moskalenko <nim@wip.tu-berlin.de>
World,X_DAC_LT,Heat_Low_Industrial,1,2031,5.32296,,PJ,interpolated,04.09.2024,Nikita Moskalenko <nim@wip.tu-berlin.de>
World,X_DAC_LT,Heat_Low_Industrial,1,2032,5.24592,,PJ,interpolated,04.09.2024,Nikita Moskalenko <nim@wip.tu-berlin.de>
World,X_DAC_LT,Heat_Low_Industrial,1,2033,5.16888,,PJ,interpolated,04.09.2024,Nikita Moskalenko <nim@wip.tu-berlin.de>
World,X_DAC_LT,Heat_Low_Industrial,1,2034,5.09184,,PJ,interpolated,04.09.2024,Nikita Moskalenko <nim@wip.tu-berlin.de>
World,X_DAC_LT,Heat_Low_Industrial,1,2036,4.93776,,PJ,interpolated,04.09.2024,Nikita Moskalenko <nim@wip.tu-berlin.de>
World,X_DAC_LT,Heat_Low_Industrial,1,2037,4.86072,,PJ,interpolated,04.09.2024,Nikita Moskalenko <nim@wip.tu-berlin.de>
World,X_DAC_LT,Heat_Low_Industrial,1,2038,4.78368,,PJ,interpolated,04.09.2024,Nikita Moskalenko <nim@wip.tu-berlin.de>
World,X_DAC_LT,Heat_Low_Industrial,1,2039,4.70664,,PJ,interpolated,04.09.2024,Nikita Moskalenko <nim@wip.tu-berlin.de>
World,X_DAC_LT,Power,1,2026,0.882,,PJ,interpolated,04.09.2024,Nikita Moskalenko <nim@wip.tu-berlin.de>
World,X_DAC_LT,Power,1,2027,0.864,,PJ,interpolated,04.09.2024,Nikita Moskalenko <nim@wip.tu-berlin.de>
World,X_DAC_LT,Power,1,2028,0.846,,PJ,interpolated,04.09.2024,Nikita Moskalenko <nim@wip.tu-berlin.de>
World,X_DAC_LT,Power,1,2029,0.828,,PJ,interpolated,04.09.2024,Nikita Moskalenko <nim@wip.tu-berlin.de>
World,X_DAC_LT,Power,1,2031,0.80208,,PJ,interpolated,04.09.2024,Nikita Moskalenko <nim@wip.tu-berlin.de>
World,X_DAC_LT,Power,1,2032,0.79416,,PJ,interpolated,04.09.2024,Nikita Moskalenko <nim@wip.tu-berlin.de>
World,X_DAC_LT,Power,1,2033,0.78624,,PJ,interpolated,04.09.2024,Nikita Moskalenko <nim@wip.tu-berlin.de>
World,X_DAC_LT,Power,1,2034,0.77832,,PJ,interpolated,04.09.2024,Nikita Moskalenko <nim@wip.tu-berlin.de>
World,X_DAC_LT,Power,1,2036,0.76248,,PJ,interpolated,04.09.2024,Nikita Moskalenko <nim@wip.tu-berlin.de>
World,X_DAC_LT,Power,1,2037,0.75456,,PJ,interpolated,04.09.2024,Nikita Moskalenko <nim@wip.tu-berlin.de>
World,X_DAC_LT,Power,1,2038,0.74664,,PJ,interpolated,04.09.2024,Nikita Moskalenko <nim@wip.tu-berlin.de>
World,X_DAC_LT,Power,1,2039,0.73872,,PJ,interpolated,04.09.2024,Nikita Moskalenko <nim@wip.tu-berlin.de>
World,X_Electrolysis,Power,1,2026,1.68364,,PJ,interpolated,03.09.2024,Nikita Moskalenko <nim@wip.tu-berlin.de>
World,X_Electrolysis,Power,1,2027,1.66488,,PJ,interpolated,03.09.2024,Nikita Moskalenko <nim@wip.tu-berlin.de>
World,X_Electrolysis,Power,1,2028,1.64612,,PJ,interpolated,03.09.2024,Nikita Moskalenko <nim@wip.tu-berlin.de>
World,X_Electrolysis,Power,1,2029,1.62736,,PJ,interpolated,03.09.2024,Nikita Moskalenko <nim@wip.tu-berlin.de>
World,X_Electrolysis,Power,1,2031,1.60064,,PJ,interpolated,03.09.2024,Nikita Moskalenko <nim@wip.tu-berlin.de>
World,X_Electrolysis,Power,1,2032,1.59268,,PJ,interpolated,03.09.2024,Nikita Moskalenko <nim@wip.tu-berlin.de>
World,X_Electrolysis,Power,1,2033,1.58472,,PJ,interpolated,03.09.2024,Nikita Moskalenko <nim@wip.tu-berlin.de>
World,X_Electrolysis,Power,1,2034,1.57676,,PJ,interpolated,03.09.2024,Nikita Moskalenko <nim@wip.tu-berlin.de>
World,X_Electrolysis,Power,1,2036,1.56122,,PJ,interpolated,03.09.2024,Nikita Moskalenko <nim@wip.tu-berlin.de>
World,X_Electrolysis,Power,1,2037,1.55364,,PJ,interpolated,03.09.2024,Nikita Moskalenko <nim@wip.tu-berlin.de>
World,X_Electrolysis,Power,1,2038,1.54606,,PJ,interpolated,03.09.2024,Nikita Moskalenko <nim@wip.tu-berlin.de>
World,X_Electrolysis,Power,1,2039,1.53848,,PJ,interpolated,03.09.2024,Nikita Moskalenko <nim@wip.tu-berlin.de>
World,X_PEM_Electrolysis,Power,1,2026,1.79638,,PJ,interpolated,03.09.2024,Nikita Moskalenko <nim@wip.tu-berlin.de>
World,X_PEM_Electrolysis,Power,1,2027,1.77466,,PJ,interpolated,03.09.2024,Nikita Moskalenko <nim@wip.tu-berlin.de>
World,X_PEM_Electrolysis,Power,1,2028,1.75294,,PJ,interpolated,03.09.2024,Nikita Moskalenko <nim@wip.tu-berlin.de>
World,X_PEM_Electrolysis,Power,1,2029,1.73122,,PJ,interpolated,03.09.2024,Nikita Moskalenko <nim@wip.tu-berlin.de>
World,X_PEM_Electrolysis,Power,1,2031,1.70066,,PJ,interpolated,03.09.2024,Nikita Moskalenko <nim@wip.tu-berlin.de>
World,X_PEM_Electrolysis,Power,1,2032,1.69182,,PJ,interpolated,03.09.2024,Nikita Moskalenko <nim@wip.tu-berlin.de>
World,X_PEM_Electrolysis,Power,1,2033,1.68298,,PJ,interpolated,03.09.2024,Nikita Moskalenko <nim@wip.tu-berlin.de>
World,X_PEM_Electrolysis,Power,1,2034,1.67414,,PJ,interpolated,03.09.2024,Nikita Moskalenko <nim@wip.tu-berlin.de>
World,X_PEM_Electrolysis,Power,1,2036,1.65694,,PJ,interpolated,03.09.2024,Nikita Moskalenko <nim@wip.tu-berlin.de>
World,X_PEM_Electrolysis,Power,1,2037,1.64858,,PJ,interpolated,03.09.2024,Nikita Moskalenko <nim@wip.tu-berlin.de>
World,X_PEM_Electrolysis,Power,1,2038,1.64022,,PJ,interpolated,03.09.2024,Nikita Moskalenko <nim@wip.tu-berlin.de>
World,X_PEM_Electrolysis,Power,1,2039,1.63186,,PJ,interpolated,03.09.2024,Nikita Moskalenko <nim@wip.tu-berlin.de>
World,X_Powerfuel,H2,1,2026,1.40972,,PJ,interpolated,03.09.2024,Nikita Moskalenko <nim@wip.tu-berlin.de>
World,X_Powerfuel,H2,1,2027,1.39804,,PJ,interpolated,03.09.2024,Nikita Moskalenko <nim@wip.tu-berlin.de>
World,X_Powerfuel,H2,1,2028,1.38636,,PJ,interpolated,03.09.2024,Nikita Moskalenko <nim@wip.tu-berlin.de>
World,X_Powerfuel,H2,1,2029,1.37468,,PJ,interpolated,03.09.2024,Nikita Moskalenko <nim@wip.tu-berlin.de>
World,X_Powerfuel,H2,1,2031,1.35932,,PJ,interpolated,03.09.2024,Nikita Moskalenko <nim@wip.tu-berlin.de>
World,X_Powerfuel,H2,1,2032,1.35564,,PJ,interpolated,03.09.2024,Nikita Moskalenko <nim@wip.tu-berlin.de>
World,X_Powerfuel,H2,1,2033,1.35196,,PJ,interpolated,03.09.2024,Nikita Moskalenko <nim@wip.tu-berlin.de>
World,X_Powerfuel,H2,1,2034,1.34828,,PJ,interpolated,03.09.2024,Nikita Moskalenko <nim@wip.tu-berlin.de>
World,X_Powerfuel,H2,1,2036,1.34102,,PJ,interpolated,03.09.2024,Nikita Moskalenko <nim@wip.tu-berlin.de>
World,X_Powerfuel,H2,1,2037,1.33744,,PJ,interpolated,03.09.2024,Nikita Moskalenko <nim@wip.tu-berlin.de>
World,X_Powerfuel,H2,1,2038,1.33386,,PJ,interpolated,03.09.2024,Nikita Moskalenko <nim@wip.tu-berlin.de>
World,X_Powerfuel,H2,1,2039,1.33028,,PJ,interpolated,03.09.2024,Nikita Moskalenko <nim@wip.tu-berlin.de>
World,X_Powerfuel,Power,1,2026,0.00704,,PJ,interpolated,03.09.2024,Nikita Moskalenko <nim@wip.tu-berlin.de>
World,X_Powerfuel,Power,1,2027,0.00698,,PJ,interpolated,03.09.2024,Nikita Moskalenko <nim@wip.tu-berlin.de>
World,X_Powerfuel,Power,1,2028,0.00692,,PJ,interpolated,03.09.2024,Nikita Moskalenko <nim@wip.tu-berlin.de>
World,X_Powerfuel,Power,1,2029,0.00686,,PJ,interpolated,03.09.2024,Nikita Moskalenko <nim@wip.tu-berlin.de>
World,X_Powerfuel,Power,1,2031,0.0068,,PJ,interpolated,03.09.2024,Nikita Moskalenko <nim@wip.tu-berlin.de>
World,X_Powerfuel,Power,1,2032,0.0068,,PJ,interpolated,03.09.2024,Nikita Moskalenko <nim@wip.tu-berlin.de>
World,X_Powerfuel,Power,1,2033,0.0068,,PJ,interpolated,03.09.2024,Nikita Moskalenko <nim@wip.tu-berlin.de>
World,X_Powerfuel,Power,1,2034,0.0068,,PJ,interpolated,03.09.2024,Nikita Moskalenko <nim@wip.tu-berlin.de>
World,X_Powerfuel,Power,1,2036,0.00678,,PJ,interpolated,03.09.2024,Nikita Moskalenko <nim@wip.tu-berlin.de>
World,X_Powerfuel,Power,1,2037,0.00676,,PJ,interpolated,03.09.2024,Nikita Moskalenko <nim@wip.tu-berlin.de>
World,X_Powerfuel,Power,1,2038,0.00674,,PJ,interpolated,03.09.2024,Nikita Moskalenko <nim@wip.tu-berlin.de>
World,X_Powerfuel,Power,1,2039,0.00672,,PJ,interpolated,03.09.2024,Nikita Moskalenko <nim@wip.tu-berlin.de>
World,X_SOEC_Electrolysis,Heat_Medium_Industrial,1,2026,0.2994,,PJ,interpolated,03.09.2024,Nikita Moskalenko <nim@wip.tu-berlin.de>
World,X_SOEC_Electrolysis,Heat_Medium_Industrial,1,2027,0.2946,,PJ,interpolated,03.09.2024,Nikita Moskalenko <nim@wip.tu-berlin.de>
World,X_SOEC_Electrolysis,Heat_Medium_Industrial,1,2028,0.2898,,PJ,interpolated,03.09.2024,Nikita Moskalenko <nim@wip.tu-berlin.de>
World,X_SOEC_Electrolysis,Heat_Medium_Industrial,1,2029,0.285,,PJ,interpolated,03.09.2024,Nikita Moskalenko <nim@wip.tu-berlin.de>
World,X_SOEC_Electrolysis,Heat_Medium_Industrial,1,2031,0.27854,,PJ,interpolated,03.09.2024,Nikita Moskalenko <nim@wip.tu-berlin.de>
World,X_SOEC_Electrolysis,Heat_Medium_Industrial,1,2032,0.27688,,PJ,interpolated,03.09.2024,Nikita Moskalenko <nim@wip.tu-berlin.de>
World,X_SOEC_Electrolysis,Heat_Medium_Industrial,1,2033,0.27522,,PJ,interpolated,03.09.2024,Nikita Moskalenko <nim@wip.tu-berlin.de>
World,X_SOEC_Electrolysis,Heat_Medium_Industrial,1,2034,0.27356,,PJ,interpolated,03.09.2024,Nikita Moskalenko <nim@wip.tu-berlin.de>
World,X_SOEC_Electrolysis,Heat_Medium_Industrial,1,2036,0.27026,,PJ,interpolated,03.09.2024,Nikita Moskalenko <nim@wip.tu-berlin.de>
World,X_SOEC_Electrolysis,Heat_Medium_Industrial,1,2037,0.26862,,PJ,interpolated,03.09.2024,Nikita Moskalenko <nim@wip.tu-berlin.de>
World,X_SOEC_Electrolysis,Heat_Medium_Industrial,1,2038,0.26698,,PJ,interpolated,03.09.2024,Nikita Moskalenko <nim@wip.tu-berlin.de>
World,X_SOEC_Electrolysis,Heat_Medium_Industrial,1,2039,0.26534,,PJ,interpolated,03.09.2024,Nikita Moskalenko <nim@wip.tu-berlin.de>
World,X_SOEC_Electrolysis,Power,1,2026,1.17512,,PJ,interpolated,03.09.2024,Nikita Moskalenko <nim@wip.tu-berlin.de>
World,X_SOEC_Electrolysis,Power,1,2027,1.17054,,PJ,interpolated,03.09.2024,Nikita Moskalenko <nim@wip.tu-berlin.de>
World,X_SOEC_Electrolysis,Power,1,2028,1.16596,,PJ,interpolated,03.09.2024,Nikita Moskalenko <nim@wip.tu-berlin.de>
World,X_SOEC_Electrolysis,Power,1,2029,1.16138,,PJ,interpolated,03.09.2024,Nikita Moskalenko <nim@wip.tu-berlin.de>
World,X_SOEC_Electrolysis,Power,1,2031,1.15652,,PJ,interpolated,03.09.2024,Nikita Moskalenko <nim@wip.tu-berlin.de>
World,X_SOEC_Electrolysis,Power,1,2032,1.15624,,PJ,interpolated,03.09.2024,Nikita Moskalenko <nim@wip.tu-berlin.de>
World,X_SOEC_Electrolysis,Power,1,2033,1.15596,,PJ,interpolated,03.09.2024,Nikita Moskalenko <nim@wip.tu-berlin.de>
World,X_SOEC_Electrolysis,Power,1,2034,1.15568,,PJ,interpolated,03.09.2024,Nikita Moskalenko <nim@wip.tu-berlin.de>
World,X_SOEC_Electrolysis,Power,1,2036,1.1551,,PJ,interpolated,03.09.2024,Nikita Moskalenko <nim@wip.tu-berlin.de>
World,X_SOEC_Electrolysis,Power,1,2037,1.1548,,PJ,interpolated,03.09.2024,Nikita Moskalenko <nim@wip.tu-berlin.de>
World,X_SOEC_Electrolysis,Power,1,2038,1.1545,,PJ,interpolated,03.09.2024,Nikita Moskalenko <nim@wip.tu-berlin.de>
World,X_SOEC_Electrolysis,Power,1,2039,1.1542,,PJ,interpolated,03.09.2024,Nikita Moskalenko <nim@wip.tu-berlin.de>
World,X_Convert_Power,Power,1,All,1,,PJ,power demand splitter (eff=1),2026-05-28,Konstantin Loffler <kl@wip.tu-berlin.de>
World,X_Convert_Power,Power,2,All,1,,PJ,power demand splitter (eff=1),2026-05-28,Konstantin Loffler <kl@wip.tu-berlin.de>
World,X_Convert_Power,Power,3,All,1,,PJ,power demand splitter (eff=1),2026-05-28,Konstantin Loffler <kl@wip.tu-berlin.de>
World,X_Convert_Power,Power,4,All,1,,PJ,power demand splitter (eff=1),2026-05-28,Konstantin Loffler <kl@wip.tu-berlin.de>
World,X_Convert_Power,Power,5,All,1,,PJ,power demand splitter (eff=1),2026-05-28,Konstantin Loffler <kl@wip.tu-berlin.de>
World,X_Convert_Power,Power,6,All,1,,PJ,power demand splitter (eff=1),2026-05-28,Konstantin Loffler <kl@wip.tu-berlin.de>
World,P_Gas_Steam,Gas_Natural,1,All,3.0,,PJ,EIA AEO existing gas steam fleet (heat rate >10000 Btu/kWh; no new builds); legacy-fleet assumption,2026-06-12,Konstantin Loffler <kl@wip.tu-berlin.de>
