Region,Region.1,Fuel,Year,Value,,Unit,Source,Updated at,Updated by
California,WECC,Power,2025,7.583,,GW,"IC transfer capability, Low floor (MW/1000), capped at existing",2026-06-25,Konstantin Loffler <kl@wip.tu-berlin.de>
California,WECC,Power,2026,7.583,,GW,"IC transfer capability, Low floor (MW/1000), capped at existing",2026-06-25,Konstantin Loffler <kl@wip.tu-berlin.de>
California,WECC,Power,2027,7.583,,GW,"IC transfer capability, Low floor (MW/1000), capped at existing",2026-06-25,Konstantin Loffler <kl@wip.tu-berlin.de>
California,WECC,Power,2028,7.583,,GW,"IC transfer capability, Low floor (MW/1000), capped at existing",2026-06-25,Konstantin Loffler <kl@wip.tu-berlin.de>
California,WECC,Power,2029,7.583,,GW,"IC transfer capability, Low floor (MW/1000), capped at existing",2026-06-25,Konstantin Loffler <kl@wip.tu-berlin.de>
California,WECC,Power,2030,7.583,,GW,"IC transfer capability, Low floor (MW/1000), capped at existing",2026-06-25,Konstantin Loffler <kl@wip.tu-berlin.de>
California,WECC,Power,2031,7.583,,GW,"IC transfer capability, Low floor (MW/1000), capped at existing",2026-06-25,Konstantin Loffler <kl@wip.tu-berlin.de>
California,WECC,Power,2032,7.583,,GW,"IC transfer capability, Low floor (MW/1000), capped at existing",2026-06-25,Konstantin Loffler <kl@wip.tu-berlin.de>
California,WECC,Power,2033,7.583,,GW,"IC transfer capability, Low floor (MW/1000), capped at existing",2026-06-25,Konstantin Loffler <kl@wip.tu-berlin.de>
California,WECC,Power,2034,7.583,,GW,"IC transfer capability, Low floor (MW/1000), capped at existing",2026-06-25,Konstantin Loffler <kl@wip.tu-berlin.de>
California,WECC,Power,2035,7.583,,GW,"IC transfer capability, Low floor (MW/1000), capped at existing",2026-06-25,Konstantin Loffler <kl@wip.tu-berlin.de>
California,WECC,Power,2036,7.583,,GW,"IC transfer capability, Low floor (MW/1000), capped at existing",2026-06-25,Konstantin Loffler <kl@wip.tu-berlin.de>
California,WECC,Power,2037,7.583,,GW,"IC transfer capability, Low floor (MW/1000), capped at existing",2026-06-25,Konstantin Loffler <kl@wip.tu-berlin.de>
California,WECC,Power,2038,7.583,,GW,"IC transfer capability, Low floor (MW/1000), capped at existing",2026-06-25,Konstantin Loffler <kl@wip.tu-berlin.de>
California,WECC,Power,2039,7.583,,GW,"IC transfer capability, Low floor (MW/1000), capped at existing",2026-06-25,Konstantin Loffler <kl@wip.tu-berlin.de>
California,WECC,Power,2040,7.583,,GW,"IC transfer capability, Low floor (MW/1000), capped at existing",2026-06-25,Konstantin Loffler <kl@wip.tu-berlin.de>
Canada,NewEngland,Power,2025,2.395,,GW,"IC transfer capability, Low floor (MW/1000), capped at existing",2026-06-25,Konstantin Loffler <kl@wip.tu-berlin.de>
Canada,NewEngland,Power,2026,2.395,,GW,"IC transfer capability, Low floor (MW/1000), capped at existing",2026-06-25,Konstantin Loffler <kl@wip.tu-berlin.de>
Canada,NewEngland,Power,2027,2.395,,GW,"IC transfer capability, Low floor (MW/1000), capped at existing",2026-06-25,Konstantin Loffler <kl@wip.tu-berlin.de>
Canada,NewEngland,Power,2028,2.395,,GW,"IC transfer capability, Low floor (MW/1000), capped at existing",2026-06-25,Konstantin Loffler <kl@wip.tu-berlin.de>
Canada,NewEngland,Power,2029,2.395,,GW,"IC transfer capability, Low floor (MW/1000), capped at existing",2026-06-25,Konstantin Loffler <kl@wip.tu-berlin.de>
Canada,NewEngland,Power,2030,2.395,,GW,"IC transfer capability, Low floor (MW/1000), capped at existing",2026-06-25,Konstantin Loffler <kl@wip.tu-berlin.de>
Canada,NewEngland,Power,2031,2.395,,GW,"IC transfer capability, Low floor (MW/1000), capped at existing",2026-06-25,Konstantin Loffler <kl@wip.tu-berlin.de>
Canada,NewEngland,Power,2032,2.395,,GW,"IC transfer capability, Low floor (MW/1000), capped at existing",2026-06-25,Konstantin Loffler <kl@wip.tu-berlin.de>
Canada,NewEngland,Power,2033,2.395,,GW,"IC transfer capability, Low floor (MW/1000), capped at existing",2026-06-25,Konstantin Loffler <kl@wip.tu-berlin.de>
Canada,NewEngland,Power,2034,2.395,,GW,"IC transfer capability, Low floor (MW/1000), capped at existing",2026-06-25,Konstantin Loffler <kl@wip.tu-berlin.de>
Canada,NewEngland,Power,2035,2.395,,GW,"IC transfer capability, Low floor (MW/1000), capped at existing",2026-06-25,Konstantin Loffler <kl@wip.tu-berlin.de>
Canada,NewEngland,Power,2036,2.395,,GW,"IC transfer capability, Low floor (MW/1000), capped at existing",2026-06-25,Konstantin Loffler <kl@wip.tu-berlin.de>
Canada,NewEngland,Power,2037,2.395,,GW,"IC transfer capability, Low floor (MW/1000), capped at existing",2026-06-25,Konstantin Loffler <kl@wip.tu-berlin.de>
Canada,NewEngland,Power,2038,2.395,,GW,"IC transfer capability, Low floor (MW/1000), capped at existing",2026-06-25,Konstantin Loffler <kl@wip.tu-berlin.de>
Canada,NewEngland,Power,2039,2.395,,GW,"IC transfer capability, Low floor (MW/1000), capped at existing",2026-06-25,Konstantin Loffler <kl@wip.tu-berlin.de>
Canada,NewEngland,Power,2040,2.395,,GW,"IC transfer capability, Low floor (MW/1000), capped at existing",2026-06-25,Konstantin Loffler <kl@wip.tu-berlin.de>
Canada,MISO,Power,2025,5.477,,GW,"IC transfer capability, Low floor (MW/1000), capped at existing",2026-06-25,Konstantin Loffler <kl@wip.tu-berlin.de>
Canada,MISO,Power,2026,5.477,,GW,"IC transfer capability, Low floor (MW/1000), capped at existing",2026-06-25,Konstantin Loffler <kl@wip.tu-berlin.de>
Canada,MISO,Power,2027,5.477,,GW,"IC transfer capability, Low floor (MW/1000), capped at existing",2026-06-25,Konstantin Loffler <kl@wip.tu-berlin.de>
Canada,MISO,Power,2028,5.477,,GW,"IC transfer capability, Low floor (MW/1000), capped at existing",2026-06-25,Konstantin Loffler <kl@wip.tu-berlin.de>
Canada,MISO,Power,2029,5.477,,GW,"IC transfer capability, Low floor (MW/1000), capped at existing",2026-06-25,Konstantin Loffler <kl@wip.tu-berlin.de>
Canada,MISO,Power,2030,5.477,,GW,"IC transfer capability, Low floor (MW/1000), capped at existing",2026-06-25,Konstantin Loffler <kl@wip.tu-berlin.de>
Canada,MISO,Power,2031,5.477,,GW,"IC transfer capability, Low floor (MW/1000), capped at existing",2026-06-25,Konstantin Loffler <kl@wip.tu-berlin.de>
Canada,MISO,Power,2032,5.477,,GW,"IC transfer capability, Low floor (MW/1000), capped at existing",2026-06-25,Konstantin Loffler <kl@wip.tu-berlin.de>
Canada,MISO,Power,2033,5.477,,GW,"IC transfer capability, Low floor (MW/1000), capped at existing",2026-06-25,Konstantin Loffler <kl@wip.tu-berlin.de>
Canada,MISO,Power,2034,5.477,,GW,"IC transfer capability, Low floor (MW/1000), capped at existing",2026-06-25,Konstantin Loffler <kl@wip.tu-berlin.de>
Canada,MISO,Power,2035,5.477,,GW,"IC transfer capability, Low floor (MW/1000), capped at existing",2026-06-25,Konstantin Loffler <kl@wip.tu-berlin.de>
Canada,MISO,Power,2036,5.477,,GW,"IC transfer capability, Low floor (MW/1000), capped at existing",2026-06-25,Konstantin Loffler <kl@wip.tu-berlin.de>
Canada,MISO,Power,2037,5.477,,GW,"IC transfer capability, Low floor (MW/1000), capped at existing",2026-06-25,Konstantin Loffler <kl@wip.tu-berlin.de>
Canada,MISO,Power,2038,5.477,,GW,"IC transfer capability, Low floor (MW/1000), capped at existing",2026-06-25,Konstantin Loffler <kl@wip.tu-berlin.de>
Canada,MISO,Power,2039,5.477,,GW,"IC transfer capability, Low floor (MW/1000), capped at existing",2026-06-25,Konstantin Loffler <kl@wip.tu-berlin.de>
Canada,MISO,Power,2040,5.477,,GW,"IC transfer capability, Low floor (MW/1000), capped at existing",2026-06-25,Konstantin Loffler <kl@wip.tu-berlin.de>
Canada,NewYork,Power,2025,3.719,,GW,"IC transfer capability, Low floor (MW/1000), capped at existing",2026-06-25,Konstantin Loffler <kl@wip.tu-berlin.de>
Canada,NewYork,Power,2026,3.969,,GW,"IC transfer capability, Low floor (MW/1000), capped at existing",2026-06-25,Konstantin Loffler <kl@wip.tu-berlin.de>
Canada,NewYork,Power,2027,4.219,,GW,"IC transfer capability, Low floor (MW/1000), capped at existing",2026-06-25,Konstantin Loffler <kl@wip.tu-berlin.de>
Canada,NewYork,Power,2028,4.469,,GW,"IC transfer capability, Low floor (MW/1000), capped at existing",2026-06-25,Konstantin Loffler <kl@wip.tu-berlin.de>
Canada,NewYork,Power,2029,4.626,,GW,"IC transfer capability, Low floor (MW/1000), capped at existing",2026-06-25,Konstantin Loffler <kl@wip.tu-berlin.de>
Canada,NewYork,Power,2030,4.626,,GW,"IC transfer capability, Low floor (MW/1000), capped at existing",2026-06-25,Konstantin Loffler <kl@wip.tu-berlin.de>
Canada,NewYork,Power,2031,4.626,,GW,"IC transfer capability, Low floor (MW/1000), capped at existing",2026-06-25,Konstantin Loffler <kl@wip.tu-berlin.de>
Canada,NewYork,Power,2032,4.626,,GW,"IC transfer capability, Low floor (MW/1000), capped at existing",2026-06-25,Konstantin Loffler <kl@wip.tu-berlin.de>
Canada,NewYork,Power,2033,4.626,,GW,"IC transfer capability, Low floor (MW/1000), capped at existing",2026-06-25,Konstantin Loffler <kl@wip.tu-berlin.de>
Canada,NewYork,Power,2034,4.626,,GW,"IC transfer capability, Low floor (MW/1000), capped at existing",2026-06-25,Konstantin Loffler <kl@wip.tu-berlin.de>
Canada,NewYork,Power,2035,4.626,,GW,"IC transfer capability, Low floor (MW/1000), capped at existing",2026-06-25,Konstantin Loffler <kl@wip.tu-berlin.de>
Canada,NewYork,Power,2036,4.626,,GW,"IC transfer capability, Low floor (MW/1000), capped at existing",2026-06-25,Konstantin Loffler <kl@wip.tu-berlin.de>
Canada,NewYork,Power,2037,4.626,,GW,"IC transfer capability, Low floor (MW/1000), capped at existing",2026-06-25,Konstantin Loffler <kl@wip.tu-berlin.de>
Canada,NewYork,Power,2038,4.626,,GW,"IC transfer capability, Low floor (MW/1000), capped at existing",2026-06-25,Konstantin Loffler <kl@wip.tu-berlin.de>
Canada,NewYork,Power,2039,4.626,,GW,"IC transfer capability, Low floor (MW/1000), capped at existing",2026-06-25,Konstantin Loffler <kl@wip.tu-berlin.de>
Canada,NewYork,Power,2040,4.626,,GW,"IC transfer capability, Low floor (MW/1000), capped at existing",2026-06-25,Konstantin Loffler <kl@wip.tu-berlin.de>
Canada,PJM,Power,2025,0.0,,GW,"IC transfer capability, Low floor (MW/1000), capped at existing",2026-06-25,Konstantin Loffler <kl@wip.tu-berlin.de>
Canada,PJM,Power,2026,0.0,,GW,"IC transfer capability, Low floor (MW/1000), capped at existing",2026-06-25,Konstantin Loffler <kl@wip.tu-berlin.de>
Canada,PJM,Power,2027,0.0,,GW,"IC transfer capability, Low floor (MW/1000), capped at existing",2026-06-25,Konstantin Loffler <kl@wip.tu-berlin.de>
Canada,PJM,Power,2028,0.0,,GW,"IC transfer capability, Low floor (MW/1000), capped at existing",2026-06-25,Konstantin Loffler <kl@wip.tu-berlin.de>
Canada,PJM,Power,2029,0.0,,GW,"IC transfer capability, Low floor (MW/1000), capped at existing",2026-06-25,Konstantin Loffler <kl@wip.tu-berlin.de>
Canada,PJM,Power,2030,0.0,,GW,"IC transfer capability, Low floor (MW/1000), capped at existing",2026-06-25,Konstantin Loffler <kl@wip.tu-berlin.de>
Canada,PJM,Power,2031,0.0,,GW,"IC transfer capability, Low floor (MW/1000), capped at existing",2026-06-25,Konstantin Loffler <kl@wip.tu-berlin.de>
Canada,PJM,Power,2032,0.0,,GW,"IC transfer capability, Low floor (MW/1000), capped at existing",2026-06-25,Konstantin Loffler <kl@wip.tu-berlin.de>
Canada,PJM,Power,2033,0.0,,GW,"IC transfer capability, Low floor (MW/1000), capped at existing",2026-06-25,Konstantin Loffler <kl@wip.tu-berlin.de>
Canada,PJM,Power,2034,0.0,,GW,"IC transfer capability, Low floor (MW/1000), capped at existing",2026-06-25,Konstantin Loffler <kl@wip.tu-berlin.de>
Canada,PJM,Power,2035,0.0,,GW,"IC transfer capability, Low floor (MW/1000), capped at existing",2026-06-25,Konstantin Loffler <kl@wip.tu-berlin.de>
Canada,PJM,Power,2036,0.0,,GW,"IC transfer capability, Low floor (MW/1000), capped at existing",2026-06-25,Konstantin Loffler <kl@wip.tu-berlin.de>
Canada,PJM,Power,2037,0.0,,GW,"IC transfer capability, Low floor (MW/1000), capped at existing",2026-06-25,Konstantin Loffler <kl@wip.tu-berlin.de>
Canada,PJM,Power,2038,0.0,,GW,"IC transfer capability, Low floor (MW/1000), capped at existing",2026-06-25,Konstantin Loffler <kl@wip.tu-berlin.de>
Canada,PJM,Power,2039,0.0,,GW,"IC transfer capability, Low floor (MW/1000), capped at existing",2026-06-25,Konstantin Loffler <kl@wip.tu-berlin.de>
Canada,PJM,Power,2040,0.0,,GW,"IC transfer capability, Low floor (MW/1000), capped at existing",2026-06-25,Konstantin Loffler <kl@wip.tu-berlin.de>
Canada,SPP,Power,2025,0.2,,GW,"IC transfer capability, Low floor (MW/1000), capped at existing",2026-06-25,Konstantin Loffler <kl@wip.tu-berlin.de>
Canada,SPP,Power,2026,0.2,,GW,"IC transfer capability, Low floor (MW/1000), capped at existing",2026-06-25,Konstantin Loffler <kl@wip.tu-berlin.de>
Canada,SPP,Power,2027,0.2,,GW,"IC transfer capability, Low floor (MW/1000), capped at existing",2026-06-25,Konstantin Loffler <kl@wip.tu-berlin.de>
Canada,SPP,Power,2028,0.2,,GW,"IC transfer capability, Low floor (MW/1000), capped at existing",2026-06-25,Konstantin Loffler <kl@wip.tu-berlin.de>
Canada,SPP,Power,2029,0.2,,GW,"IC transfer capability, Low floor (MW/1000), capped at existing",2026-06-25,Konstantin Loffler <kl@wip.tu-berlin.de>
Canada,SPP,Power,2030,0.2,,GW,"IC transfer capability, Low floor (MW/1000), capped at existing",2026-06-25,Konstantin Loffler <kl@wip.tu-berlin.de>
Canada,SPP,Power,2031,0.2,,GW,"IC transfer capability, Low floor (MW/1000), capped at existing",2026-06-25,Konstantin Loffler <kl@wip.tu-berlin.de>
Canada,SPP,Power,2032,0.2,,GW,"IC transfer capability, Low floor (MW/1000), capped at existing",2026-06-25,Konstantin Loffler <kl@wip.tu-berlin.de>
Canada,SPP,Power,2033,0.2,,GW,"IC transfer capability, Low floor (MW/1000), capped at existing",2026-06-25,Konstantin Loffler <kl@wip.tu-berlin.de>
Canada,SPP,Power,2034,0.2,,GW,"IC transfer capability, Low floor (MW/1000), capped at existing",2026-06-25,Konstantin Loffler <kl@wip.tu-berlin.de>
Canada,SPP,Power,2035,0.2,,GW,"IC transfer capability, Low floor (MW/1000), capped at existing",2026-06-25,Konstantin Loffler <kl@wip.tu-berlin.de>
Canada,SPP,Power,2036,0.2,,GW,"IC transfer capability, Low floor (MW/1000), capped at existing",2026-06-25,Konstantin Loffler <kl@wip.tu-berlin.de>
Canada,SPP,Power,2037,0.2,,GW,"IC transfer capability, Low floor (MW/1000), capped at existing",2026-06-25,Konstantin Loffler <kl@wip.tu-berlin.de>
Canada,SPP,Power,2038,0.2,,GW,"IC transfer capability, Low floor (MW/1000), capped at existing",2026-06-25,Konstantin Loffler <kl@wip.tu-berlin.de>
Canada,SPP,Power,2039,0.2,,GW,"IC transfer capability, Low floor (MW/1000), capped at existing",2026-06-25,Konstantin Loffler <kl@wip.tu-berlin.de>
Canada,SPP,Power,2040,0.2,,GW,"IC transfer capability, Low floor (MW/1000), capped at existing",2026-06-25,Konstantin Loffler <kl@wip.tu-berlin.de>
Canada,WECC,Power,2025,3.15,,GW,"IC transfer capability, Low floor (MW/1000), capped at existing",2026-06-25,Konstantin Loffler <kl@wip.tu-berlin.de>
Canada,WECC,Power,2026,3.15,,GW,"IC transfer capability, Low floor (MW/1000), capped at existing",2026-06-25,Konstantin Loffler <kl@wip.tu-berlin.de>
Canada,WECC,Power,2027,3.15,,GW,"IC transfer capability, Low floor (MW/1000), capped at existing",2026-06-25,Konstantin Loffler <kl@wip.tu-berlin.de>
Canada,WECC,Power,2028,3.15,,GW,"IC transfer capability, Low floor (MW/1000), capped at existing",2026-06-25,Konstantin Loffler <kl@wip.tu-berlin.de>
Canada,WECC,Power,2029,3.15,,GW,"IC transfer capability, Low floor (MW/1000), capped at existing",2026-06-25,Konstantin Loffler <kl@wip.tu-berlin.de>
Canada,WECC,Power,2030,3.15,,GW,"IC transfer capability, Low floor (MW/1000), capped at existing",2026-06-25,Konstantin Loffler <kl@wip.tu-berlin.de>
Canada,WECC,Power,2031,3.15,,GW,"IC transfer capability, Low floor (MW/1000), capped at existing",2026-06-25,Konstantin Loffler <kl@wip.tu-berlin.de>
Canada,WECC,Power,2032,3.15,,GW,"IC transfer capability, Low floor (MW/1000), capped at existing",2026-06-25,Konstantin Loffler <kl@wip.tu-berlin.de>
Canada,WECC,Power,2033,3.15,,GW,"IC transfer capability, Low floor (MW/1000), capped at existing",2026-06-25,Konstantin Loffler <kl@wip.tu-berlin.de>
Canada,WECC,Power,2034,3.15,,GW,"IC transfer capability, Low floor (MW/1000), capped at existing",2026-06-25,Konstantin Loffler <kl@wip.tu-berlin.de>
Canada,WECC,Power,2035,3.15,,GW,"IC transfer capability, Low floor (MW/1000), capped at existing",2026-06-25,Konstantin Loffler <kl@wip.tu-berlin.de>
Canada,WECC,Power,2036,3.15,,GW,"IC transfer capability, Low floor (MW/1000), capped at existing",2026-06-25,Konstantin Loffler <kl@wip.tu-berlin.de>
Canada,WECC,Power,2037,3.15,,GW,"IC transfer capability, Low floor (MW/1000), capped at existing",2026-06-25,Konstantin Loffler <kl@wip.tu-berlin.de>
Canada,WECC,Power,2038,3.15,,GW,"IC transfer capability, Low floor (MW/1000), capped at existing",2026-06-25,Konstantin Loffler <kl@wip.tu-berlin.de>
Canada,WECC,Power,2039,3.15,,GW,"IC transfer capability, Low floor (MW/1000), capped at existing",2026-06-25,Konstantin Loffler <kl@wip.tu-berlin.de>
Canada,WECC,Power,2040,3.15,,GW,"IC transfer capability, Low floor (MW/1000), capped at existing",2026-06-25,Konstantin Loffler <kl@wip.tu-berlin.de>
ERCOT,MISO,Power,2025,0.0,,GW,"IC transfer capability, Low floor (MW/1000), capped at existing",2026-06-25,Konstantin Loffler <kl@wip.tu-berlin.de>
ERCOT,MISO,Power,2026,0.0,,GW,"IC transfer capability, Low floor (MW/1000), capped at existing",2026-06-25,Konstantin Loffler <kl@wip.tu-berlin.de>
ERCOT,MISO,Power,2027,0.0,,GW,"IC transfer capability, Low floor (MW/1000), capped at existing",2026-06-25,Konstantin Loffler <kl@wip.tu-berlin.de>
ERCOT,MISO,Power,2028,0.0,,GW,"IC transfer capability, Low floor (MW/1000), capped at existing",2026-06-25,Konstantin Loffler <kl@wip.tu-berlin.de>
ERCOT,MISO,Power,2029,0.0,,GW,"IC transfer capability, Low floor (MW/1000), capped at existing",2026-06-25,Konstantin Loffler <kl@wip.tu-berlin.de>
ERCOT,MISO,Power,2030,0.0,,GW,"IC transfer capability, Low floor (MW/1000), capped at existing",2026-06-25,Konstantin Loffler <kl@wip.tu-berlin.de>
ERCOT,MISO,Power,2031,0.0,,GW,"IC transfer capability, Low floor (MW/1000), capped at existing",2026-06-25,Konstantin Loffler <kl@wip.tu-berlin.de>
ERCOT,MISO,Power,2032,0.0,,GW,"IC transfer capability, Low floor (MW/1000), capped at existing",2026-06-25,Konstantin Loffler <kl@wip.tu-berlin.de>
ERCOT,MISO,Power,2033,0.0,,GW,"IC transfer capability, Low floor (MW/1000), capped at existing",2026-06-25,Konstantin Loffler <kl@wip.tu-berlin.de>
ERCOT,MISO,Power,2034,0.0,,GW,"IC transfer capability, Low floor (MW/1000), capped at existing",2026-06-25,Konstantin Loffler <kl@wip.tu-berlin.de>
ERCOT,MISO,Power,2035,0.0,,GW,"IC transfer capability, Low floor (MW/1000), capped at existing",2026-06-25,Konstantin Loffler <kl@wip.tu-berlin.de>
ERCOT,MISO,Power,2036,0.0,,GW,"IC transfer capability, Low floor (MW/1000), capped at existing",2026-06-25,Konstantin Loffler <kl@wip.tu-berlin.de>
ERCOT,MISO,Power,2037,0.0,,GW,"IC transfer capability, Low floor (MW/1000), capped at existing",2026-06-25,Konstantin Loffler <kl@wip.tu-berlin.de>
ERCOT,MISO,Power,2038,0.0,,GW,"IC transfer capability, Low floor (MW/1000), capped at existing",2026-06-25,Konstantin Loffler <kl@wip.tu-berlin.de>
ERCOT,MISO,Power,2039,0.0,,GW,"IC transfer capability, Low floor (MW/1000), capped at existing",2026-06-25,Konstantin Loffler <kl@wip.tu-berlin.de>
ERCOT,MISO,Power,2040,0.0,,GW,"IC transfer capability, Low floor (MW/1000), capped at existing",2026-06-25,Konstantin Loffler <kl@wip.tu-berlin.de>
ERCOT,SERC,Power,2025,0.0,,GW,"IC transfer capability, Low floor (MW/1000), capped at existing",2026-06-25,Konstantin Loffler <kl@wip.tu-berlin.de>
ERCOT,SERC,Power,2026,0.0,,GW,"IC transfer capability, Low floor (MW/1000), capped at existing",2026-06-25,Konstantin Loffler <kl@wip.tu-berlin.de>
ERCOT,SERC,Power,2027,0.0,,GW,"IC transfer capability, Low floor (MW/1000), capped at existing",2026-06-25,Konstantin Loffler <kl@wip.tu-berlin.de>
ERCOT,SERC,Power,2028,0.0,,GW,"IC transfer capability, Low floor (MW/1000), capped at existing",2026-06-25,Konstantin Loffler <kl@wip.tu-berlin.de>
ERCOT,SERC,Power,2029,0.0,,GW,"IC transfer capability, Low floor (MW/1000), capped at existing",2026-06-25,Konstantin Loffler <kl@wip.tu-berlin.de>
ERCOT,SERC,Power,2030,0.0,,GW,"IC transfer capability, Low floor (MW/1000), capped at existing",2026-06-25,Konstantin Loffler <kl@wip.tu-berlin.de>
ERCOT,SERC,Power,2031,0.0,,GW,"IC transfer capability, Low floor (MW/1000), capped at existing",2026-06-25,Konstantin Loffler <kl@wip.tu-berlin.de>
ERCOT,SERC,Power,2032,0.0,,GW,"IC transfer capability, Low floor (MW/1000), capped at existing",2026-06-25,Konstantin Loffler <kl@wip.tu-berlin.de>
ERCOT,SERC,Power,2033,0.0,,GW,"IC transfer capability, Low floor (MW/1000), capped at existing",2026-06-25,Konstantin Loffler <kl@wip.tu-berlin.de>
ERCOT,SERC,Power,2034,0.0,,GW,"IC transfer capability, Low floor (MW/1000), capped at existing",2026-06-25,Konstantin Loffler <kl@wip.tu-berlin.de>
ERCOT,SERC,Power,2035,0.0,,GW,"IC transfer capability, Low floor (MW/1000), capped at existing",2026-06-25,Konstantin Loffler <kl@wip.tu-berlin.de>
ERCOT,SERC,Power,2036,0.0,,GW,"IC transfer capability, Low floor (MW/1000), capped at existing",2026-06-25,Konstantin Loffler <kl@wip.tu-berlin.de>
ERCOT,SERC,Power,2037,0.0,,GW,"IC transfer capability, Low floor (MW/1000), capped at existing",2026-06-25,Konstantin Loffler <kl@wip.tu-berlin.de>
ERCOT,SERC,Power,2038,0.0,,GW,"IC transfer capability, Low floor (MW/1000), capped at existing",2026-06-25,Konstantin Loffler <kl@wip.tu-berlin.de>
ERCOT,SERC,Power,2039,0.0,,GW,"IC transfer capability, Low floor (MW/1000), capped at existing",2026-06-25,Konstantin Loffler <kl@wip.tu-berlin.de>
ERCOT,SERC,Power,2040,0.0,,GW,"IC transfer capability, Low floor (MW/1000), capped at existing",2026-06-25,Konstantin Loffler <kl@wip.tu-berlin.de>
ERCOT,SPP,Power,2025,0.82,,GW,"IC transfer capability, Low floor (MW/1000), capped at existing",2026-06-25,Konstantin Loffler <kl@wip.tu-berlin.de>
ERCOT,SPP,Power,2026,0.82,,GW,"IC transfer capability, Low floor (MW/1000), capped at existing",2026-06-25,Konstantin Loffler <kl@wip.tu-berlin.de>
ERCOT,SPP,Power,2027,0.82,,GW,"IC transfer capability, Low floor (MW/1000), capped at existing",2026-06-25,Konstantin Loffler <kl@wip.tu-berlin.de>
ERCOT,SPP,Power,2028,0.82,,GW,"IC transfer capability, Low floor (MW/1000), capped at existing",2026-06-25,Konstantin Loffler <kl@wip.tu-berlin.de>
ERCOT,SPP,Power,2029,0.82,,GW,"IC transfer capability, Low floor (MW/1000), capped at existing",2026-06-25,Konstantin Loffler <kl@wip.tu-berlin.de>
ERCOT,SPP,Power,2030,0.82,,GW,"IC transfer capability, Low floor (MW/1000), capped at existing",2026-06-25,Konstantin Loffler <kl@wip.tu-berlin.de>
ERCOT,SPP,Power,2031,0.82,,GW,"IC transfer capability, Low floor (MW/1000), capped at existing",2026-06-25,Konstantin Loffler <kl@wip.tu-berlin.de>
ERCOT,SPP,Power,2032,0.82,,GW,"IC transfer capability, Low floor (MW/1000), capped at existing",2026-06-25,Konstantin Loffler <kl@wip.tu-berlin.de>
ERCOT,SPP,Power,2033,0.82,,GW,"IC transfer capability, Low floor (MW/1000), capped at existing",2026-06-25,Konstantin Loffler <kl@wip.tu-berlin.de>
ERCOT,SPP,Power,2034,0.82,,GW,"IC transfer capability, Low floor (MW/1000), capped at existing",2026-06-25,Konstantin Loffler <kl@wip.tu-berlin.de>
ERCOT,SPP,Power,2035,0.82,,GW,"IC transfer capability, Low floor (MW/1000), capped at existing",2026-06-25,Konstantin Loffler <kl@wip.tu-berlin.de>
ERCOT,SPP,Power,2036,0.82,,GW,"IC transfer capability, Low floor (MW/1000), capped at existing",2026-06-25,Konstantin Loffler <kl@wip.tu-berlin.de>
ERCOT,SPP,Power,2037,0.82,,GW,"IC transfer capability, Low floor (MW/1000), capped at existing",2026-06-25,Konstantin Loffler <kl@wip.tu-berlin.de>
ERCOT,SPP,Power,2038,0.82,,GW,"IC transfer capability, Low floor (MW/1000), capped at existing",2026-06-25,Konstantin Loffler <kl@wip.tu-berlin.de>
ERCOT,SPP,Power,2039,0.82,,GW,"IC transfer capability, Low floor (MW/1000), capped at existing",2026-06-25,Konstantin Loffler <kl@wip.tu-berlin.de>
ERCOT,SPP,Power,2040,0.82,,GW,"IC transfer capability, Low floor (MW/1000), capped at existing",2026-06-25,Konstantin Loffler <kl@wip.tu-berlin.de>
ERCOT,WECC,Power,2025,0.0,,GW,"IC transfer capability, Low floor (MW/1000), capped at existing",2026-06-25,Konstantin Loffler <kl@wip.tu-berlin.de>
ERCOT,WECC,Power,2026,0.0,,GW,"IC transfer capability, Low floor (MW/1000), capped at existing",2026-06-25,Konstantin Loffler <kl@wip.tu-berlin.de>
ERCOT,WECC,Power,2027,0.0,,GW,"IC transfer capability, Low floor (MW/1000), capped at existing",2026-06-25,Konstantin Loffler <kl@wip.tu-berlin.de>
ERCOT,WECC,Power,2028,0.0,,GW,"IC transfer capability, Low floor (MW/1000), capped at existing",2026-06-25,Konstantin Loffler <kl@wip.tu-berlin.de>
ERCOT,WECC,Power,2029,0.0,,GW,"IC transfer capability, Low floor (MW/1000), capped at existing",2026-06-25,Konstantin Loffler <kl@wip.tu-berlin.de>
ERCOT,WECC,Power,2030,0.0,,GW,"IC transfer capability, Low floor (MW/1000), capped at existing",2026-06-25,Konstantin Loffler <kl@wip.tu-berlin.de>
ERCOT,WECC,Power,2031,0.0,,GW,"IC transfer capability, Low floor (MW/1000), capped at existing",2026-06-25,Konstantin Loffler <kl@wip.tu-berlin.de>
ERCOT,WECC,Power,2032,0.0,,GW,"IC transfer capability, Low floor (MW/1000), capped at existing",2026-06-25,Konstantin Loffler <kl@wip.tu-berlin.de>
ERCOT,WECC,Power,2033,0.0,,GW,"IC transfer capability, Low floor (MW/1000), capped at existing",2026-06-25,Konstantin Loffler <kl@wip.tu-berlin.de>
ERCOT,WECC,Power,2034,0.0,,GW,"IC transfer capability, Low floor (MW/1000), capped at existing",2026-06-25,Konstantin Loffler <kl@wip.tu-berlin.de>
ERCOT,WECC,Power,2035,0.0,,GW,"IC transfer capability, Low floor (MW/1000), capped at existing",2026-06-25,Konstantin Loffler <kl@wip.tu-berlin.de>
ERCOT,WECC,Power,2036,0.0,,GW,"IC transfer capability, Low floor (MW/1000), capped at existing",2026-06-25,Konstantin Loffler <kl@wip.tu-berlin.de>
ERCOT,WECC,Power,2037,0.0,,GW,"IC transfer capability, Low floor (MW/1000), capped at existing",2026-06-25,Konstantin Loffler <kl@wip.tu-berlin.de>
ERCOT,WECC,Power,2038,0.0,,GW,"IC transfer capability, Low floor (MW/1000), capped at existing",2026-06-25,Konstantin Loffler <kl@wip.tu-berlin.de>
ERCOT,WECC,Power,2039,0.0,,GW,"IC transfer capability, Low floor (MW/1000), capped at existing",2026-06-25,Konstantin Loffler <kl@wip.tu-berlin.de>
ERCOT,WECC,Power,2040,0.0,,GW,"IC transfer capability, Low floor (MW/1000), capped at existing",2026-06-25,Konstantin Loffler <kl@wip.tu-berlin.de>
NewEngland,Canada,Power,2025,2.268,,GW,"IC transfer capability, Low floor (MW/1000), capped at existing",2026-06-25,Konstantin Loffler <kl@wip.tu-berlin.de>
NewEngland,Canada,Power,2026,2.268,,GW,"IC transfer capability, Low floor (MW/1000), capped at existing",2026-06-25,Konstantin Loffler <kl@wip.tu-berlin.de>
NewEngland,Canada,Power,2027,2.268,,GW,"IC transfer capability, Low floor (MW/1000), capped at existing",2026-06-25,Konstantin Loffler <kl@wip.tu-berlin.de>
NewEngland,Canada,Power,2028,2.268,,GW,"IC transfer capability, Low floor (MW/1000), capped at existing",2026-06-25,Konstantin Loffler <kl@wip.tu-berlin.de>
NewEngland,Canada,Power,2029,2.268,,GW,"IC transfer capability, Low floor (MW/1000), capped at existing",2026-06-25,Konstantin Loffler <kl@wip.tu-berlin.de>
NewEngland,Canada,Power,2030,2.268,,GW,"IC transfer capability, Low floor (MW/1000), capped at existing",2026-06-25,Konstantin Loffler <kl@wip.tu-berlin.de>
NewEngland,Canada,Power,2031,2.268,,GW,"IC transfer capability, Low floor (MW/1000), capped at existing",2026-06-25,Konstantin Loffler <kl@wip.tu-berlin.de>
NewEngland,Canada,Power,2032,2.268,,GW,"IC transfer capability, Low floor (MW/1000), capped at existing",2026-06-25,Konstantin Loffler <kl@wip.tu-berlin.de>
NewEngland,Canada,Power,2033,2.268,,GW,"IC transfer capability, Low floor (MW/1000), capped at existing",2026-06-25,Konstantin Loffler <kl@wip.tu-berlin.de>
NewEngland,Canada,Power,2034,2.268,,GW,"IC transfer capability, Low floor (MW/1000), capped at existing",2026-06-25,Konstantin Loffler <kl@wip.tu-berlin.de>
NewEngland,Canada,Power,2035,2.268,,GW,"IC transfer capability, Low floor (MW/1000), capped at existing",2026-06-25,Konstantin Loffler <kl@wip.tu-berlin.de>
NewEngland,Canada,Power,2036,2.268,,GW,"IC transfer capability, Low floor (MW/1000), capped at existing",2026-06-25,Konstantin Loffler <kl@wip.tu-berlin.de>
NewEngland,Canada,Power,2037,2.268,,GW,"IC transfer capability, Low floor (MW/1000), capped at existing",2026-06-25,Konstantin Loffler <kl@wip.tu-berlin.de>
NewEngland,Canada,Power,2038,2.268,,GW,"IC transfer capability, Low floor (MW/1000), capped at existing",2026-06-25,Konstantin Loffler <kl@wip.tu-berlin.de>
NewEngland,Canada,Power,2039,2.268,,GW,"IC transfer capability, Low floor (MW/1000), capped at existing",2026-06-25,Konstantin Loffler <kl@wip.tu-berlin.de>
NewEngland,Canada,Power,2040,2.268,,GW,"IC transfer capability, Low floor (MW/1000), capped at existing",2026-06-25,Konstantin Loffler <kl@wip.tu-berlin.de>
NewEngland,NewYork,Power,2025,1.66,,GW,"IC transfer capability, Low floor (MW/1000), capped at existing",2026-06-25,Konstantin Loffler <kl@wip.tu-berlin.de>
NewEngland,NewYork,Power,2026,1.66,,GW,"IC transfer capability, Low floor (MW/1000), capped at existing",2026-06-25,Konstantin Loffler <kl@wip.tu-berlin.de>
NewEngland,NewYork,Power,2027,1.66,,GW,"IC transfer capability, Low floor (MW/1000), capped at existing",2026-06-25,Konstantin Loffler <kl@wip.tu-berlin.de>
NewEngland,NewYork,Power,2028,1.66,,GW,"IC transfer capability, Low floor (MW/1000), capped at existing",2026-06-25,Konstantin Loffler <kl@wip.tu-berlin.de>
NewEngland,NewYork,Power,2029,1.66,,GW,"IC transfer capability, Low floor (MW/1000), capped at existing",2026-06-25,Konstantin Loffler <kl@wip.tu-berlin.de>
NewEngland,NewYork,Power,2030,1.66,,GW,"IC transfer capability, Low floor (MW/1000), capped at existing",2026-06-25,Konstantin Loffler <kl@wip.tu-berlin.de>
NewEngland,NewYork,Power,2031,1.66,,GW,"IC transfer capability, Low floor (MW/1000), capped at existing",2026-06-25,Konstantin Loffler <kl@wip.tu-berlin.de>
NewEngland,NewYork,Power,2032,1.66,,GW,"IC transfer capability, Low floor (MW/1000), capped at existing",2026-06-25,Konstantin Loffler <kl@wip.tu-berlin.de>
NewEngland,NewYork,Power,2033,1.66,,GW,"IC transfer capability, Low floor (MW/1000), capped at existing",2026-06-25,Konstantin Loffler <kl@wip.tu-berlin.de>
NewEngland,NewYork,Power,2034,1.66,,GW,"IC transfer capability, Low floor (MW/1000), capped at existing",2026-06-25,Konstantin Loffler <kl@wip.tu-berlin.de>
NewEngland,NewYork,Power,2035,1.66,,GW,"IC transfer capability, Low floor (MW/1000), capped at existing",2026-06-25,Konstantin Loffler <kl@wip.tu-berlin.de>
NewEngland,NewYork,Power,2036,1.66,,GW,"IC transfer capability, Low floor (MW/1000), capped at existing",2026-06-25,Konstantin Loffler <kl@wip.tu-berlin.de>
NewEngland,NewYork,Power,2037,1.66,,GW,"IC transfer capability, Low floor (MW/1000), capped at existing",2026-06-25,Konstantin Loffler <kl@wip.tu-berlin.de>
NewEngland,NewYork,Power,2038,1.66,,GW,"IC transfer capability, Low floor (MW/1000), capped at existing",2026-06-25,Konstantin Loffler <kl@wip.tu-berlin.de>
NewEngland,NewYork,Power,2039,1.66,,GW,"IC transfer capability, Low floor (MW/1000), capped at existing",2026-06-25,Konstantin Loffler <kl@wip.tu-berlin.de>
NewEngland,NewYork,Power,2040,1.66,,GW,"IC transfer capability, Low floor (MW/1000), capped at existing",2026-06-25,Konstantin Loffler <kl@wip.tu-berlin.de>
MISO,Canada,Power,2025,4.821,,GW,"IC transfer capability, Low floor (MW/1000), capped at existing",2026-06-25,Konstantin Loffler <kl@wip.tu-berlin.de>
MISO,Canada,Power,2026,4.821,,GW,"IC transfer capability, Low floor (MW/1000), capped at existing",2026-06-25,Konstantin Loffler <kl@wip.tu-berlin.de>
MISO,Canada,Power,2027,4.821,,GW,"IC transfer capability, Low floor (MW/1000), capped at existing",2026-06-25,Konstantin Loffler <kl@wip.tu-berlin.de>
MISO,Canada,Power,2028,4.821,,GW,"IC transfer capability, Low floor (MW/1000), capped at existing",2026-06-25,Konstantin Loffler <kl@wip.tu-berlin.de>
MISO,Canada,Power,2029,4.821,,GW,"IC transfer capability, Low floor (MW/1000), capped at existing",2026-06-25,Konstantin Loffler <kl@wip.tu-berlin.de>
MISO,Canada,Power,2030,4.821,,GW,"IC transfer capability, Low floor (MW/1000), capped at existing",2026-06-25,Konstantin Loffler <kl@wip.tu-berlin.de>
MISO,Canada,Power,2031,4.821,,GW,"IC transfer capability, Low floor (MW/1000), capped at existing",2026-06-25,Konstantin Loffler <kl@wip.tu-berlin.de>
MISO,Canada,Power,2032,4.821,,GW,"IC transfer capability, Low floor (MW/1000), capped at existing",2026-06-25,Konstantin Loffler <kl@wip.tu-berlin.de>
MISO,Canada,Power,2033,4.821,,GW,"IC transfer capability, Low floor (MW/1000), capped at existing",2026-06-25,Konstantin Loffler <kl@wip.tu-berlin.de>
MISO,Canada,Power,2034,4.821,,GW,"IC transfer capability, Low floor (MW/1000), capped at existing",2026-06-25,Konstantin Loffler <kl@wip.tu-berlin.de>
MISO,Canada,Power,2035,4.821,,GW,"IC transfer capability, Low floor (MW/1000), capped at existing",2026-06-25,Konstantin Loffler <kl@wip.tu-berlin.de>
MISO,Canada,Power,2036,4.821,,GW,"IC transfer capability, Low floor (MW/1000), capped at existing",2026-06-25,Konstantin Loffler <kl@wip.tu-berlin.de>
MISO,Canada,Power,2037,4.821,,GW,"IC transfer capability, Low floor (MW/1000), capped at existing",2026-06-25,Konstantin Loffler <kl@wip.tu-berlin.de>
MISO,Canada,Power,2038,4.821,,GW,"IC transfer capability, Low floor (MW/1000), capped at existing",2026-06-25,Konstantin Loffler <kl@wip.tu-berlin.de>
MISO,Canada,Power,2039,4.821,,GW,"IC transfer capability, Low floor (MW/1000), capped at existing",2026-06-25,Konstantin Loffler <kl@wip.tu-berlin.de>
MISO,Canada,Power,2040,4.821,,GW,"IC transfer capability, Low floor (MW/1000), capped at existing",2026-06-25,Konstantin Loffler <kl@wip.tu-berlin.de>
MISO,ERCOT,Power,2025,0.0,,GW,"IC transfer capability, Low floor (MW/1000), capped at existing",2026-06-25,Konstantin Loffler <kl@wip.tu-berlin.de>
MISO,ERCOT,Power,2026,0.0,,GW,"IC transfer capability, Low floor (MW/1000), capped at existing",2026-06-25,Konstantin Loffler <kl@wip.tu-berlin.de>
MISO,ERCOT,Power,2027,0.0,,GW,"IC transfer capability, Low floor (MW/1000), capped at existing",2026-06-25,Konstantin Loffler <kl@wip.tu-berlin.de>
MISO,ERCOT,Power,2028,0.0,,GW,"IC transfer capability, Low floor (MW/1000), capped at existing",2026-06-25,Konstantin Loffler <kl@wip.tu-berlin.de>
MISO,ERCOT,Power,2029,0.0,,GW,"IC transfer capability, Low floor (MW/1000), capped at existing",2026-06-25,Konstantin Loffler <kl@wip.tu-berlin.de>
MISO,ERCOT,Power,2030,0.0,,GW,"IC transfer capability, Low floor (MW/1000), capped at existing",2026-06-25,Konstantin Loffler <kl@wip.tu-berlin.de>
MISO,ERCOT,Power,2031,0.0,,GW,"IC transfer capability, Low floor (MW/1000), capped at existing",2026-06-25,Konstantin Loffler <kl@wip.tu-berlin.de>
MISO,ERCOT,Power,2032,0.0,,GW,"IC transfer capability, Low floor (MW/1000), capped at existing",2026-06-25,Konstantin Loffler <kl@wip.tu-berlin.de>
MISO,ERCOT,Power,2033,0.0,,GW,"IC transfer capability, Low floor (MW/1000), capped at existing",2026-06-25,Konstantin Loffler <kl@wip.tu-berlin.de>
MISO,ERCOT,Power,2034,0.0,,GW,"IC transfer capability, Low floor (MW/1000), capped at existing",2026-06-25,Konstantin Loffler <kl@wip.tu-berlin.de>
MISO,ERCOT,Power,2035,0.0,,GW,"IC transfer capability, Low floor (MW/1000), capped at existing",2026-06-25,Konstantin Loffler <kl@wip.tu-berlin.de>
MISO,ERCOT,Power,2036,0.0,,GW,"IC transfer capability, Low floor (MW/1000), capped at existing",2026-06-25,Konstantin Loffler <kl@wip.tu-berlin.de>
MISO,ERCOT,Power,2037,0.0,,GW,"IC transfer capability, Low floor (MW/1000), capped at existing",2026-06-25,Konstantin Loffler <kl@wip.tu-berlin.de>
MISO,ERCOT,Power,2038,0.0,,GW,"IC transfer capability, Low floor (MW/1000), capped at existing",2026-06-25,Konstantin Loffler <kl@wip.tu-berlin.de>
MISO,ERCOT,Power,2039,0.0,,GW,"IC transfer capability, Low floor (MW/1000), capped at existing",2026-06-25,Konstantin Loffler <kl@wip.tu-berlin.de>
MISO,ERCOT,Power,2040,0.0,,GW,"IC transfer capability, Low floor (MW/1000), capped at existing",2026-06-25,Konstantin Loffler <kl@wip.tu-berlin.de>
MISO,PJM,Power,2025,0.0,,GW,"IC transfer capability, Low floor (MW/1000), capped at existing",2026-06-25,Konstantin Loffler <kl@wip.tu-berlin.de>
MISO,PJM,Power,2026,0.0,,GW,"IC transfer capability, Low floor (MW/1000), capped at existing",2026-06-25,Konstantin Loffler <kl@wip.tu-berlin.de>
MISO,PJM,Power,2027,0.0,,GW,"IC transfer capability, Low floor (MW/1000), capped at existing",2026-06-25,Konstantin Loffler <kl@wip.tu-berlin.de>
MISO,PJM,Power,2028,0.0,,GW,"IC transfer capability, Low floor (MW/1000), capped at existing",2026-06-25,Konstantin Loffler <kl@wip.tu-berlin.de>
MISO,PJM,Power,2029,0.0,,GW,"IC transfer capability, Low floor (MW/1000), capped at existing",2026-06-25,Konstantin Loffler <kl@wip.tu-berlin.de>
MISO,PJM,Power,2030,0.0,,GW,"IC transfer capability, Low floor (MW/1000), capped at existing",2026-06-25,Konstantin Loffler <kl@wip.tu-berlin.de>
MISO,PJM,Power,2031,0.0,,GW,"IC transfer capability, Low floor (MW/1000), capped at existing",2026-06-25,Konstantin Loffler <kl@wip.tu-berlin.de>
MISO,PJM,Power,2032,0.0,,GW,"IC transfer capability, Low floor (MW/1000), capped at existing",2026-06-25,Konstantin Loffler <kl@wip.tu-berlin.de>
MISO,PJM,Power,2033,0.0,,GW,"IC transfer capability, Low floor (MW/1000), capped at existing",2026-06-25,Konstantin Loffler <kl@wip.tu-berlin.de>
MISO,PJM,Power,2034,0.0,,GW,"IC transfer capability, Low floor (MW/1000), capped at existing",2026-06-25,Konstantin Loffler <kl@wip.tu-berlin.de>
MISO,PJM,Power,2035,0.0,,GW,"IC transfer capability, Low floor (MW/1000), capped at existing",2026-06-25,Konstantin Loffler <kl@wip.tu-berlin.de>
MISO,PJM,Power,2036,0.0,,GW,"IC transfer capability, Low floor (MW/1000), capped at existing",2026-06-25,Konstantin Loffler <kl@wip.tu-berlin.de>
MISO,PJM,Power,2037,0.0,,GW,"IC transfer capability, Low floor (MW/1000), capped at existing",2026-06-25,Konstantin Loffler <kl@wip.tu-berlin.de>
MISO,PJM,Power,2038,0.0,,GW,"IC transfer capability, Low floor (MW/1000), capped at existing",2026-06-25,Konstantin Loffler <kl@wip.tu-berlin.de>
MISO,PJM,Power,2039,0.0,,GW,"IC transfer capability, Low floor (MW/1000), capped at existing",2026-06-25,Konstantin Loffler <kl@wip.tu-berlin.de>
MISO,PJM,Power,2040,0.0,,GW,"IC transfer capability, Low floor (MW/1000), capped at existing",2026-06-25,Konstantin Loffler <kl@wip.tu-berlin.de>
MISO,SERC,Power,2025,3.111,,GW,"IC transfer capability, Low floor (MW/1000), capped at existing",2026-06-25,Konstantin Loffler <kl@wip.tu-berlin.de>
MISO,SERC,Power,2026,3.111,,GW,"IC transfer capability, Low floor (MW/1000), capped at existing",2026-06-25,Konstantin Loffler <kl@wip.tu-berlin.de>
MISO,SERC,Power,2027,3.111,,GW,"IC transfer capability, Low floor (MW/1000), capped at existing",2026-06-25,Konstantin Loffler <kl@wip.tu-berlin.de>
MISO,SERC,Power,2028,3.111,,GW,"IC transfer capability, Low floor (MW/1000), capped at existing",2026-06-25,Konstantin Loffler <kl@wip.tu-berlin.de>
MISO,SERC,Power,2029,3.111,,GW,"IC transfer capability, Low floor (MW/1000), capped at existing",2026-06-25,Konstantin Loffler <kl@wip.tu-berlin.de>
MISO,SERC,Power,2030,3.111,,GW,"IC transfer capability, Low floor (MW/1000), capped at existing",2026-06-25,Konstantin Loffler <kl@wip.tu-berlin.de>
MISO,SERC,Power,2031,3.111,,GW,"IC transfer capability, Low floor (MW/1000), capped at existing",2026-06-25,Konstantin Loffler <kl@wip.tu-berlin.de>
MISO,SERC,Power,2032,3.111,,GW,"IC transfer capability, Low floor (MW/1000), capped at existing",2026-06-25,Konstantin Loffler <kl@wip.tu-berlin.de>
MISO,SERC,Power,2033,3.111,,GW,"IC transfer capability, Low floor (MW/1000), capped at existing",2026-06-25,Konstantin Loffler <kl@wip.tu-berlin.de>
MISO,SERC,Power,2034,3.111,,GW,"IC transfer capability, Low floor (MW/1000), capped at existing",2026-06-25,Konstantin Loffler <kl@wip.tu-berlin.de>
MISO,SERC,Power,2035,3.111,,GW,"IC transfer capability, Low floor (MW/1000), capped at existing",2026-06-25,Konstantin Loffler <kl@wip.tu-berlin.de>
MISO,SERC,Power,2036,3.111,,GW,"IC transfer capability, Low floor (MW/1000), capped at existing",2026-06-25,Konstantin Loffler <kl@wip.tu-berlin.de>
MISO,SERC,Power,2037,3.111,,GW,"IC transfer capability, Low floor (MW/1000), capped at existing",2026-06-25,Konstantin Loffler <kl@wip.tu-berlin.de>
MISO,SERC,Power,2038,3.111,,GW,"IC transfer capability, Low floor (MW/1000), capped at existing",2026-06-25,Konstantin Loffler <kl@wip.tu-berlin.de>
MISO,SERC,Power,2039,3.111,,GW,"IC transfer capability, Low floor (MW/1000), capped at existing",2026-06-25,Konstantin Loffler <kl@wip.tu-berlin.de>
MISO,SERC,Power,2040,3.111,,GW,"IC transfer capability, Low floor (MW/1000), capped at existing",2026-06-25,Konstantin Loffler <kl@wip.tu-berlin.de>
MISO,SPP,Power,2025,4.382,,GW,"IC transfer capability, Low floor (MW/1000), capped at existing",2026-06-25,Konstantin Loffler <kl@wip.tu-berlin.de>
MISO,SPP,Power,2026,4.382,,GW,"IC transfer capability, Low floor (MW/1000), capped at existing",2026-06-25,Konstantin Loffler <kl@wip.tu-berlin.de>
MISO,SPP,Power,2027,4.382,,GW,"IC transfer capability, Low floor (MW/1000), capped at existing",2026-06-25,Konstantin Loffler <kl@wip.tu-berlin.de>
MISO,SPP,Power,2028,4.382,,GW,"IC transfer capability, Low floor (MW/1000), capped at existing",2026-06-25,Konstantin Loffler <kl@wip.tu-berlin.de>
MISO,SPP,Power,2029,4.382,,GW,"IC transfer capability, Low floor (MW/1000), capped at existing",2026-06-25,Konstantin Loffler <kl@wip.tu-berlin.de>
MISO,SPP,Power,2030,4.382,,GW,"IC transfer capability, Low floor (MW/1000), capped at existing",2026-06-25,Konstantin Loffler <kl@wip.tu-berlin.de>
MISO,SPP,Power,2031,4.382,,GW,"IC transfer capability, Low floor (MW/1000), capped at existing",2026-06-25,Konstantin Loffler <kl@wip.tu-berlin.de>
MISO,SPP,Power,2032,4.382,,GW,"IC transfer capability, Low floor (MW/1000), capped at existing",2026-06-25,Konstantin Loffler <kl@wip.tu-berlin.de>
MISO,SPP,Power,2033,4.382,,GW,"IC transfer capability, Low floor (MW/1000), capped at existing",2026-06-25,Konstantin Loffler <kl@wip.tu-berlin.de>
MISO,SPP,Power,2034,4.382,,GW,"IC transfer capability, Low floor (MW/1000), capped at existing",2026-06-25,Konstantin Loffler <kl@wip.tu-berlin.de>
MISO,SPP,Power,2035,4.382,,GW,"IC transfer capability, Low floor (MW/1000), capped at existing",2026-06-25,Konstantin Loffler <kl@wip.tu-berlin.de>
MISO,SPP,Power,2036,4.382,,GW,"IC transfer capability, Low floor (MW/1000), capped at existing",2026-06-25,Konstantin Loffler <kl@wip.tu-berlin.de>
MISO,SPP,Power,2037,4.382,,GW,"IC transfer capability, Low floor (MW/1000), capped at existing",2026-06-25,Konstantin Loffler <kl@wip.tu-berlin.de>
MISO,SPP,Power,2038,4.382,,GW,"IC transfer capability, Low floor (MW/1000), capped at existing",2026-06-25,Konstantin Loffler <kl@wip.tu-berlin.de>
MISO,SPP,Power,2039,4.382,,GW,"IC transfer capability, Low floor (MW/1000), capped at existing",2026-06-25,Konstantin Loffler <kl@wip.tu-berlin.de>
MISO,SPP,Power,2040,4.382,,GW,"IC transfer capability, Low floor (MW/1000), capped at existing",2026-06-25,Konstantin Loffler <kl@wip.tu-berlin.de>
MISO,WECC,Power,2025,0.0,,GW,"IC transfer capability, Low floor (MW/1000), capped at existing",2026-06-25,Konstantin Loffler <kl@wip.tu-berlin.de>
MISO,WECC,Power,2026,0.0,,GW,"IC transfer capability, Low floor (MW/1000), capped at existing",2026-06-25,Konstantin Loffler <kl@wip.tu-berlin.de>
MISO,WECC,Power,2027,0.0,,GW,"IC transfer capability, Low floor (MW/1000), capped at existing",2026-06-25,Konstantin Loffler <kl@wip.tu-berlin.de>
MISO,WECC,Power,2028,0.0,,GW,"IC transfer capability, Low floor (MW/1000), capped at existing",2026-06-25,Konstantin Loffler <kl@wip.tu-berlin.de>
MISO,WECC,Power,2029,0.0,,GW,"IC transfer capability, Low floor (MW/1000), capped at existing",2026-06-25,Konstantin Loffler <kl@wip.tu-berlin.de>
MISO,WECC,Power,2030,0.0,,GW,"IC transfer capability, Low floor (MW/1000), capped at existing",2026-06-25,Konstantin Loffler <kl@wip.tu-berlin.de>
MISO,WECC,Power,2031,0.0,,GW,"IC transfer capability, Low floor (MW/1000), capped at existing",2026-06-25,Konstantin Loffler <kl@wip.tu-berlin.de>
MISO,WECC,Power,2032,0.0,,GW,"IC transfer capability, Low floor (MW/1000), capped at existing",2026-06-25,Konstantin Loffler <kl@wip.tu-berlin.de>
MISO,WECC,Power,2033,0.0,,GW,"IC transfer capability, Low floor (MW/1000), capped at existing",2026-06-25,Konstantin Loffler <kl@wip.tu-berlin.de>
MISO,WECC,Power,2034,0.0,,GW,"IC transfer capability, Low floor (MW/1000), capped at existing",2026-06-25,Konstantin Loffler <kl@wip.tu-berlin.de>
MISO,WECC,Power,2035,0.0,,GW,"IC transfer capability, Low floor (MW/1000), capped at existing",2026-06-25,Konstantin Loffler <kl@wip.tu-berlin.de>
MISO,WECC,Power,2036,0.0,,GW,"IC transfer capability, Low floor (MW/1000), capped at existing",2026-06-25,Konstantin Loffler <kl@wip.tu-berlin.de>
MISO,WECC,Power,2037,0.0,,GW,"IC transfer capability, Low floor (MW/1000), capped at existing",2026-06-25,Konstantin Loffler <kl@wip.tu-berlin.de>
MISO,WECC,Power,2038,0.0,,GW,"IC transfer capability, Low floor (MW/1000), capped at existing",2026-06-25,Konstantin Loffler <kl@wip.tu-berlin.de>
MISO,WECC,Power,2039,0.0,,GW,"IC transfer capability, Low floor (MW/1000), capped at existing",2026-06-25,Konstantin Loffler <kl@wip.tu-berlin.de>
MISO,WECC,Power,2040,0.0,,GW,"IC transfer capability, Low floor (MW/1000), capped at existing",2026-06-25,Konstantin Loffler <kl@wip.tu-berlin.de>
NewYork,Canada,Power,2025,2.78,,GW,"IC transfer capability, Low floor (MW/1000), capped at existing",2026-06-25,Konstantin Loffler <kl@wip.tu-berlin.de>
NewYork,Canada,Power,2026,3.03,,GW,"IC transfer capability, Low floor (MW/1000), capped at existing",2026-06-25,Konstantin Loffler <kl@wip.tu-berlin.de>
NewYork,Canada,Power,2027,3.28,,GW,"IC transfer capability, Low floor (MW/1000), capped at existing",2026-06-25,Konstantin Loffler <kl@wip.tu-berlin.de>
NewYork,Canada,Power,2028,3.53,,GW,"IC transfer capability, Low floor (MW/1000), capped at existing",2026-06-25,Konstantin Loffler <kl@wip.tu-berlin.de>
NewYork,Canada,Power,2029,3.78,,GW,"IC transfer capability, Low floor (MW/1000), capped at existing",2026-06-25,Konstantin Loffler <kl@wip.tu-berlin.de>
NewYork,Canada,Power,2030,4.03,,GW,"IC transfer capability, Low floor (MW/1000), capped at existing",2026-06-25,Konstantin Loffler <kl@wip.tu-berlin.de>
NewYork,Canada,Power,2031,4.03,,GW,"IC transfer capability, Low floor (MW/1000), capped at existing",2026-06-25,Konstantin Loffler <kl@wip.tu-berlin.de>
NewYork,Canada,Power,2032,4.03,,GW,"IC transfer capability, Low floor (MW/1000), capped at existing",2026-06-25,Konstantin Loffler <kl@wip.tu-berlin.de>
NewYork,Canada,Power,2033,4.03,,GW,"IC transfer capability, Low floor (MW/1000), capped at existing",2026-06-25,Konstantin Loffler <kl@wip.tu-berlin.de>
NewYork,Canada,Power,2034,4.03,,GW,"IC transfer capability, Low floor (MW/1000), capped at existing",2026-06-25,Konstantin Loffler <kl@wip.tu-berlin.de>
NewYork,Canada,Power,2035,4.03,,GW,"IC transfer capability, Low floor (MW/1000), capped at existing",2026-06-25,Konstantin Loffler <kl@wip.tu-berlin.de>
NewYork,Canada,Power,2036,4.03,,GW,"IC transfer capability, Low floor (MW/1000), capped at existing",2026-06-25,Konstantin Loffler <kl@wip.tu-berlin.de>
NewYork,Canada,Power,2037,4.03,,GW,"IC transfer capability, Low floor (MW/1000), capped at existing",2026-06-25,Konstantin Loffler <kl@wip.tu-berlin.de>
NewYork,Canada,Power,2038,4.03,,GW,"IC transfer capability, Low floor (MW/1000), capped at existing",2026-06-25,Konstantin Loffler <kl@wip.tu-berlin.de>
NewYork,Canada,Power,2039,4.03,,GW,"IC transfer capability, Low floor (MW/1000), capped at existing",2026-06-25,Konstantin Loffler <kl@wip.tu-berlin.de>
NewYork,Canada,Power,2040,4.03,,GW,"IC transfer capability, Low floor (MW/1000), capped at existing",2026-06-25,Konstantin Loffler <kl@wip.tu-berlin.de>
NewYork,NewEngland,Power,2025,2.432,,GW,"IC transfer capability, Low floor (MW/1000), capped at existing",2026-06-25,Konstantin Loffler <kl@wip.tu-berlin.de>
NewYork,NewEngland,Power,2026,2.432,,GW,"IC transfer capability, Low floor (MW/1000), capped at existing",2026-06-25,Konstantin Loffler <kl@wip.tu-berlin.de>
NewYork,NewEngland,Power,2027,2.432,,GW,"IC transfer capability, Low floor (MW/1000), capped at existing",2026-06-25,Konstantin Loffler <kl@wip.tu-berlin.de>
NewYork,NewEngland,Power,2028,2.432,,GW,"IC transfer capability, Low floor (MW/1000), capped at existing",2026-06-25,Konstantin Loffler <kl@wip.tu-berlin.de>
NewYork,NewEngland,Power,2029,2.432,,GW,"IC transfer capability, Low floor (MW/1000), capped at existing",2026-06-25,Konstantin Loffler <kl@wip.tu-berlin.de>
NewYork,NewEngland,Power,2030,2.432,,GW,"IC transfer capability, Low floor (MW/1000), capped at existing",2026-06-25,Konstantin Loffler <kl@wip.tu-berlin.de>
NewYork,NewEngland,Power,2031,2.432,,GW,"IC transfer capability, Low floor (MW/1000), capped at existing",2026-06-25,Konstantin Loffler <kl@wip.tu-berlin.de>
NewYork,NewEngland,Power,2032,2.432,,GW,"IC transfer capability, Low floor (MW/1000), capped at existing",2026-06-25,Konstantin Loffler <kl@wip.tu-berlin.de>
NewYork,NewEngland,Power,2033,2.432,,GW,"IC transfer capability, Low floor (MW/1000), capped at existing",2026-06-25,Konstantin Loffler <kl@wip.tu-berlin.de>
NewYork,NewEngland,Power,2034,2.432,,GW,"IC transfer capability, Low floor (MW/1000), capped at existing",2026-06-25,Konstantin Loffler <kl@wip.tu-berlin.de>
NewYork,NewEngland,Power,2035,2.432,,GW,"IC transfer capability, Low floor (MW/1000), capped at existing",2026-06-25,Konstantin Loffler <kl@wip.tu-berlin.de>
NewYork,NewEngland,Power,2036,2.432,,GW,"IC transfer capability, Low floor (MW/1000), capped at existing",2026-06-25,Konstantin Loffler <kl@wip.tu-berlin.de>
NewYork,NewEngland,Power,2037,2.432,,GW,"IC transfer capability, Low floor (MW/1000), capped at existing",2026-06-25,Konstantin Loffler <kl@wip.tu-berlin.de>
NewYork,NewEngland,Power,2038,2.432,,GW,"IC transfer capability, Low floor (MW/1000), capped at existing",2026-06-25,Konstantin Loffler <kl@wip.tu-berlin.de>
NewYork,NewEngland,Power,2039,2.432,,GW,"IC transfer capability, Low floor (MW/1000), capped at existing",2026-06-25,Konstantin Loffler <kl@wip.tu-berlin.de>
NewYork,NewEngland,Power,2040,2.432,,GW,"IC transfer capability, Low floor (MW/1000), capped at existing",2026-06-25,Konstantin Loffler <kl@wip.tu-berlin.de>
NewYork,PJM,Power,2025,3.394,,GW,"IC transfer capability, Low floor (MW/1000), capped at existing",2026-06-25,Konstantin Loffler <kl@wip.tu-berlin.de>
NewYork,PJM,Power,2026,3.394,,GW,"IC transfer capability, Low floor (MW/1000), capped at existing",2026-06-25,Konstantin Loffler <kl@wip.tu-berlin.de>
NewYork,PJM,Power,2027,3.394,,GW,"IC transfer capability, Low floor (MW/1000), capped at existing",2026-06-25,Konstantin Loffler <kl@wip.tu-berlin.de>
NewYork,PJM,Power,2028,3.394,,GW,"IC transfer capability, Low floor (MW/1000), capped at existing",2026-06-25,Konstantin Loffler <kl@wip.tu-berlin.de>
NewYork,PJM,Power,2029,3.394,,GW,"IC transfer capability, Low floor (MW/1000), capped at existing",2026-06-25,Konstantin Loffler <kl@wip.tu-berlin.de>
NewYork,PJM,Power,2030,3.394,,GW,"IC transfer capability, Low floor (MW/1000), capped at existing",2026-06-25,Konstantin Loffler <kl@wip.tu-berlin.de>
NewYork,PJM,Power,2031,3.394,,GW,"IC transfer capability, Low floor (MW/1000), capped at existing",2026-06-25,Konstantin Loffler <kl@wip.tu-berlin.de>
NewYork,PJM,Power,2032,3.394,,GW,"IC transfer capability, Low floor (MW/1000), capped at existing",2026-06-25,Konstantin Loffler <kl@wip.tu-berlin.de>
NewYork,PJM,Power,2033,3.394,,GW,"IC transfer capability, Low floor (MW/1000), capped at existing",2026-06-25,Konstantin Loffler <kl@wip.tu-berlin.de>
NewYork,PJM,Power,2034,3.394,,GW,"IC transfer capability, Low floor (MW/1000), capped at existing",2026-06-25,Konstantin Loffler <kl@wip.tu-berlin.de>
NewYork,PJM,Power,2035,3.394,,GW,"IC transfer capability, Low floor (MW/1000), capped at existing",2026-06-25,Konstantin Loffler <kl@wip.tu-berlin.de>
NewYork,PJM,Power,2036,3.394,,GW,"IC transfer capability, Low floor (MW/1000), capped at existing",2026-06-25,Konstantin Loffler <kl@wip.tu-berlin.de>
NewYork,PJM,Power,2037,3.394,,GW,"IC transfer capability, Low floor (MW/1000), capped at existing",2026-06-25,Konstantin Loffler <kl@wip.tu-berlin.de>
NewYork,PJM,Power,2038,3.394,,GW,"IC transfer capability, Low floor (MW/1000), capped at existing",2026-06-25,Konstantin Loffler <kl@wip.tu-berlin.de>
NewYork,PJM,Power,2039,3.394,,GW,"IC transfer capability, Low floor (MW/1000), capped at existing",2026-06-25,Konstantin Loffler <kl@wip.tu-berlin.de>
NewYork,PJM,Power,2040,3.394,,GW,"IC transfer capability, Low floor (MW/1000), capped at existing",2026-06-25,Konstantin Loffler <kl@wip.tu-berlin.de>
PJM,Canada,Power,2025,0.0,,GW,"IC transfer capability, Low floor (MW/1000), capped at existing",2026-06-25,Konstantin Loffler <kl@wip.tu-berlin.de>
PJM,Canada,Power,2026,0.0,,GW,"IC transfer capability, Low floor (MW/1000), capped at existing",2026-06-25,Konstantin Loffler <kl@wip.tu-berlin.de>
PJM,Canada,Power,2027,0.0,,GW,"IC transfer capability, Low floor (MW/1000), capped at existing",2026-06-25,Konstantin Loffler <kl@wip.tu-berlin.de>
PJM,Canada,Power,2028,0.0,,GW,"IC transfer capability, Low floor (MW/1000), capped at existing",2026-06-25,Konstantin Loffler <kl@wip.tu-berlin.de>
PJM,Canada,Power,2029,0.0,,GW,"IC transfer capability, Low floor (MW/1000), capped at existing",2026-06-25,Konstantin Loffler <kl@wip.tu-berlin.de>
PJM,Canada,Power,2030,0.0,,GW,"IC transfer capability, Low floor (MW/1000), capped at existing",2026-06-25,Konstantin Loffler <kl@wip.tu-berlin.de>
PJM,Canada,Power,2031,0.0,,GW,"IC transfer capability, Low floor (MW/1000), capped at existing",2026-06-25,Konstantin Loffler <kl@wip.tu-berlin.de>
PJM,Canada,Power,2032,0.0,,GW,"IC transfer capability, Low floor (MW/1000), capped at existing",2026-06-25,Konstantin Loffler <kl@wip.tu-berlin.de>
PJM,Canada,Power,2033,0.0,,GW,"IC transfer capability, Low floor (MW/1000), capped at existing",2026-06-25,Konstantin Loffler <kl@wip.tu-berlin.de>
PJM,Canada,Power,2034,0.0,,GW,"IC transfer capability, Low floor (MW/1000), capped at existing",2026-06-25,Konstantin Loffler <kl@wip.tu-berlin.de>
PJM,Canada,Power,2035,0.0,,GW,"IC transfer capability, Low floor (MW/1000), capped at existing",2026-06-25,Konstantin Loffler <kl@wip.tu-berlin.de>
PJM,Canada,Power,2036,0.0,,GW,"IC transfer capability, Low floor (MW/1000), capped at existing",2026-06-25,Konstantin Loffler <kl@wip.tu-berlin.de>
PJM,Canada,Power,2037,0.0,,GW,"IC transfer capability, Low floor (MW/1000), capped at existing",2026-06-25,Konstantin Loffler <kl@wip.tu-berlin.de>
PJM,Canada,Power,2038,0.0,,GW,"IC transfer capability, Low floor (MW/1000), capped at existing",2026-06-25,Konstantin Loffler <kl@wip.tu-berlin.de>
PJM,Canada,Power,2039,0.0,,GW,"IC transfer capability, Low floor (MW/1000), capped at existing",2026-06-25,Konstantin Loffler <kl@wip.tu-berlin.de>
PJM,Canada,Power,2040,0.0,,GW,"IC transfer capability, Low floor (MW/1000), capped at existing",2026-06-25,Konstantin Loffler <kl@wip.tu-berlin.de>
PJM,MISO,Power,2025,10.771,,GW,"IC transfer capability, Low floor (MW/1000), capped at existing",2026-06-25,Konstantin Loffler <kl@wip.tu-berlin.de>
PJM,MISO,Power,2026,10.771,,GW,"IC transfer capability, Low floor (MW/1000), capped at existing",2026-06-25,Konstantin Loffler <kl@wip.tu-berlin.de>
PJM,MISO,Power,2027,10.771,,GW,"IC transfer capability, Low floor (MW/1000), capped at existing",2026-06-25,Konstantin Loffler <kl@wip.tu-berlin.de>
PJM,MISO,Power,2028,10.771,,GW,"IC transfer capability, Low floor (MW/1000), capped at existing",2026-06-25,Konstantin Loffler <kl@wip.tu-berlin.de>
PJM,MISO,Power,2029,10.771,,GW,"IC transfer capability, Low floor (MW/1000), capped at existing",2026-06-25,Konstantin Loffler <kl@wip.tu-berlin.de>
PJM,MISO,Power,2030,10.771,,GW,"IC transfer capability, Low floor (MW/1000), capped at existing",2026-06-25,Konstantin Loffler <kl@wip.tu-berlin.de>
PJM,MISO,Power,2031,10.771,,GW,"IC transfer capability, Low floor (MW/1000), capped at existing",2026-06-25,Konstantin Loffler <kl@wip.tu-berlin.de>
PJM,MISO,Power,2032,10.771,,GW,"IC transfer capability, Low floor (MW/1000), capped at existing",2026-06-25,Konstantin Loffler <kl@wip.tu-berlin.de>
PJM,MISO,Power,2033,10.771,,GW,"IC transfer capability, Low floor (MW/1000), capped at existing",2026-06-25,Konstantin Loffler <kl@wip.tu-berlin.de>
PJM,MISO,Power,2034,10.771,,GW,"IC transfer capability, Low floor (MW/1000), capped at existing",2026-06-25,Konstantin Loffler <kl@wip.tu-berlin.de>
PJM,MISO,Power,2035,10.771,,GW,"IC transfer capability, Low floor (MW/1000), capped at existing",2026-06-25,Konstantin Loffler <kl@wip.tu-berlin.de>
PJM,MISO,Power,2036,10.771,,GW,"IC transfer capability, Low floor (MW/1000), capped at existing",2026-06-25,Konstantin Loffler <kl@wip.tu-berlin.de>
PJM,MISO,Power,2037,10.771,,GW,"IC transfer capability, Low floor (MW/1000), capped at existing",2026-06-25,Konstantin Loffler <kl@wip.tu-berlin.de>
PJM,MISO,Power,2038,10.771,,GW,"IC transfer capability, Low floor (MW/1000), capped at existing",2026-06-25,Konstantin Loffler <kl@wip.tu-berlin.de>
PJM,MISO,Power,2039,10.771,,GW,"IC transfer capability, Low floor (MW/1000), capped at existing",2026-06-25,Konstantin Loffler <kl@wip.tu-berlin.de>
PJM,MISO,Power,2040,10.771,,GW,"IC transfer capability, Low floor (MW/1000), capped at existing",2026-06-25,Konstantin Loffler <kl@wip.tu-berlin.de>
PJM,NewYork,Power,2025,0.858,,GW,"IC transfer capability, Low floor (MW/1000), capped at existing",2026-06-25,Konstantin Loffler <kl@wip.tu-berlin.de>
PJM,NewYork,Power,2026,0.858,,GW,"IC transfer capability, Low floor (MW/1000), capped at existing",2026-06-25,Konstantin Loffler <kl@wip.tu-berlin.de>
PJM,NewYork,Power,2027,0.858,,GW,"IC transfer capability, Low floor (MW/1000), capped at existing",2026-06-25,Konstantin Loffler <kl@wip.tu-berlin.de>
PJM,NewYork,Power,2028,0.858,,GW,"IC transfer capability, Low floor (MW/1000), capped at existing",2026-06-25,Konstantin Loffler <kl@wip.tu-berlin.de>
PJM,NewYork,Power,2029,0.858,,GW,"IC transfer capability, Low floor (MW/1000), capped at existing",2026-06-25,Konstantin Loffler <kl@wip.tu-berlin.de>
PJM,NewYork,Power,2030,0.858,,GW,"IC transfer capability, Low floor (MW/1000), capped at existing",2026-06-25,Konstantin Loffler <kl@wip.tu-berlin.de>
PJM,NewYork,Power,2031,0.858,,GW,"IC transfer capability, Low floor (MW/1000), capped at existing",2026-06-25,Konstantin Loffler <kl@wip.tu-berlin.de>
PJM,NewYork,Power,2032,0.858,,GW,"IC transfer capability, Low floor (MW/1000), capped at existing",2026-06-25,Konstantin Loffler <kl@wip.tu-berlin.de>
PJM,NewYork,Power,2033,0.858,,GW,"IC transfer capability, Low floor (MW/1000), capped at existing",2026-06-25,Konstantin Loffler <kl@wip.tu-berlin.de>
PJM,NewYork,Power,2034,0.858,,GW,"IC transfer capability, Low floor (MW/1000), capped at existing",2026-06-25,Konstantin Loffler <kl@wip.tu-berlin.de>
PJM,NewYork,Power,2035,0.858,,GW,"IC transfer capability, Low floor (MW/1000), capped at existing",2026-06-25,Konstantin Loffler <kl@wip.tu-berlin.de>
PJM,NewYork,Power,2036,0.858,,GW,"IC transfer capability, Low floor (MW/1000), capped at existing",2026-06-25,Konstantin Loffler <kl@wip.tu-berlin.de>
PJM,NewYork,Power,2037,0.858,,GW,"IC transfer capability, Low floor (MW/1000), capped at existing",2026-06-25,Konstantin Loffler <kl@wip.tu-berlin.de>
PJM,NewYork,Power,2038,0.858,,GW,"IC transfer capability, Low floor (MW/1000), capped at existing",2026-06-25,Konstantin Loffler <kl@wip.tu-berlin.de>
PJM,NewYork,Power,2039,0.858,,GW,"IC transfer capability, Low floor (MW/1000), capped at existing",2026-06-25,Konstantin Loffler <kl@wip.tu-berlin.de>
PJM,NewYork,Power,2040,0.858,,GW,"IC transfer capability, Low floor (MW/1000), capped at existing",2026-06-25,Konstantin Loffler <kl@wip.tu-berlin.de>
PJM,SERC,Power,2025,7.905,,GW,"IC transfer capability, Low floor (MW/1000), capped at existing",2026-06-25,Konstantin Loffler <kl@wip.tu-berlin.de>
PJM,SERC,Power,2026,7.905,,GW,"IC transfer capability, Low floor (MW/1000), capped at existing",2026-06-25,Konstantin Loffler <kl@wip.tu-berlin.de>
PJM,SERC,Power,2027,7.905,,GW,"IC transfer capability, Low floor (MW/1000), capped at existing",2026-06-25,Konstantin Loffler <kl@wip.tu-berlin.de>
PJM,SERC,Power,2028,7.905,,GW,"IC transfer capability, Low floor (MW/1000), capped at existing",2026-06-25,Konstantin Loffler <kl@wip.tu-berlin.de>
PJM,SERC,Power,2029,7.905,,GW,"IC transfer capability, Low floor (MW/1000), capped at existing",2026-06-25,Konstantin Loffler <kl@wip.tu-berlin.de>
PJM,SERC,Power,2030,7.905,,GW,"IC transfer capability, Low floor (MW/1000), capped at existing",2026-06-25,Konstantin Loffler <kl@wip.tu-berlin.de>
PJM,SERC,Power,2031,7.905,,GW,"IC transfer capability, Low floor (MW/1000), capped at existing",2026-06-25,Konstantin Loffler <kl@wip.tu-berlin.de>
PJM,SERC,Power,2032,7.905,,GW,"IC transfer capability, Low floor (MW/1000), capped at existing",2026-06-25,Konstantin Loffler <kl@wip.tu-berlin.de>
PJM,SERC,Power,2033,7.905,,GW,"IC transfer capability, Low floor (MW/1000), capped at existing",2026-06-25,Konstantin Loffler <kl@wip.tu-berlin.de>
PJM,SERC,Power,2034,7.905,,GW,"IC transfer capability, Low floor (MW/1000), capped at existing",2026-06-25,Konstantin Loffler <kl@wip.tu-berlin.de>
PJM,SERC,Power,2035,7.905,,GW,"IC transfer capability, Low floor (MW/1000), capped at existing",2026-06-25,Konstantin Loffler <kl@wip.tu-berlin.de>
PJM,SERC,Power,2036,7.905,,GW,"IC transfer capability, Low floor (MW/1000), capped at existing",2026-06-25,Konstantin Loffler <kl@wip.tu-berlin.de>
PJM,SERC,Power,2037,7.905,,GW,"IC transfer capability, Low floor (MW/1000), capped at existing",2026-06-25,Konstantin Loffler <kl@wip.tu-berlin.de>
PJM,SERC,Power,2038,7.905,,GW,"IC transfer capability, Low floor (MW/1000), capped at existing",2026-06-25,Konstantin Loffler <kl@wip.tu-berlin.de>
PJM,SERC,Power,2039,7.905,,GW,"IC transfer capability, Low floor (MW/1000), capped at existing",2026-06-25,Konstantin Loffler <kl@wip.tu-berlin.de>
PJM,SERC,Power,2040,7.905,,GW,"IC transfer capability, Low floor (MW/1000), capped at existing",2026-06-25,Konstantin Loffler <kl@wip.tu-berlin.de>
PJM,SPP,Power,2025,0.0,,GW,"IC transfer capability, Low floor (MW/1000), capped at existing",2026-06-25,Konstantin Loffler <kl@wip.tu-berlin.de>
PJM,SPP,Power,2026,0.0,,GW,"IC transfer capability, Low floor (MW/1000), capped at existing",2026-06-25,Konstantin Loffler <kl@wip.tu-berlin.de>
PJM,SPP,Power,2027,0.0,,GW,"IC transfer capability, Low floor (MW/1000), capped at existing",2026-06-25,Konstantin Loffler <kl@wip.tu-berlin.de>
PJM,SPP,Power,2028,0.0,,GW,"IC transfer capability, Low floor (MW/1000), capped at existing",2026-06-25,Konstantin Loffler <kl@wip.tu-berlin.de>
PJM,SPP,Power,2029,0.0,,GW,"IC transfer capability, Low floor (MW/1000), capped at existing",2026-06-25,Konstantin Loffler <kl@wip.tu-berlin.de>
PJM,SPP,Power,2030,0.0,,GW,"IC transfer capability, Low floor (MW/1000), capped at existing",2026-06-25,Konstantin Loffler <kl@wip.tu-berlin.de>
PJM,SPP,Power,2031,0.0,,GW,"IC transfer capability, Low floor (MW/1000), capped at existing",2026-06-25,Konstantin Loffler <kl@wip.tu-berlin.de>
PJM,SPP,Power,2032,0.0,,GW,"IC transfer capability, Low floor (MW/1000), capped at existing",2026-06-25,Konstantin Loffler <kl@wip.tu-berlin.de>
PJM,SPP,Power,2033,0.0,,GW,"IC transfer capability, Low floor (MW/1000), capped at existing",2026-06-25,Konstantin Loffler <kl@wip.tu-berlin.de>
PJM,SPP,Power,2034,0.0,,GW,"IC transfer capability, Low floor (MW/1000), capped at existing",2026-06-25,Konstantin Loffler <kl@wip.tu-berlin.de>
PJM,SPP,Power,2035,0.0,,GW,"IC transfer capability, Low floor (MW/1000), capped at existing",2026-06-25,Konstantin Loffler <kl@wip.tu-berlin.de>
PJM,SPP,Power,2036,0.0,,GW,"IC transfer capability, Low floor (MW/1000), capped at existing",2026-06-25,Konstantin Loffler <kl@wip.tu-berlin.de>
PJM,SPP,Power,2037,0.0,,GW,"IC transfer capability, Low floor (MW/1000), capped at existing",2026-06-25,Konstantin Loffler <kl@wip.tu-berlin.de>
PJM,SPP,Power,2038,0.0,,GW,"IC transfer capability, Low floor (MW/1000), capped at existing",2026-06-25,Konstantin Loffler <kl@wip.tu-berlin.de>
PJM,SPP,Power,2039,0.0,,GW,"IC transfer capability, Low floor (MW/1000), capped at existing",2026-06-25,Konstantin Loffler <kl@wip.tu-berlin.de>
PJM,SPP,Power,2040,0.0,,GW,"IC transfer capability, Low floor (MW/1000), capped at existing",2026-06-25,Konstantin Loffler <kl@wip.tu-berlin.de>
SERC,ERCOT,Power,2025,0.0,,GW,"IC transfer capability, Low floor (MW/1000), capped at existing",2026-06-25,Konstantin Loffler <kl@wip.tu-berlin.de>
SERC,ERCOT,Power,2026,0.0,,GW,"IC transfer capability, Low floor (MW/1000), capped at existing",2026-06-25,Konstantin Loffler <kl@wip.tu-berlin.de>
SERC,ERCOT,Power,2027,0.0,,GW,"IC transfer capability, Low floor (MW/1000), capped at existing",2026-06-25,Konstantin Loffler <kl@wip.tu-berlin.de>
SERC,ERCOT,Power,2028,0.0,,GW,"IC transfer capability, Low floor (MW/1000), capped at existing",2026-06-25,Konstantin Loffler <kl@wip.tu-berlin.de>
SERC,ERCOT,Power,2029,0.0,,GW,"IC transfer capability, Low floor (MW/1000), capped at existing",2026-06-25,Konstantin Loffler <kl@wip.tu-berlin.de>
SERC,ERCOT,Power,2030,0.0,,GW,"IC transfer capability, Low floor (MW/1000), capped at existing",2026-06-25,Konstantin Loffler <kl@wip.tu-berlin.de>
SERC,ERCOT,Power,2031,0.0,,GW,"IC transfer capability, Low floor (MW/1000), capped at existing",2026-06-25,Konstantin Loffler <kl@wip.tu-berlin.de>
SERC,ERCOT,Power,2032,0.0,,GW,"IC transfer capability, Low floor (MW/1000), capped at existing",2026-06-25,Konstantin Loffler <kl@wip.tu-berlin.de>
SERC,ERCOT,Power,2033,0.0,,GW,"IC transfer capability, Low floor (MW/1000), capped at existing",2026-06-25,Konstantin Loffler <kl@wip.tu-berlin.de>
SERC,ERCOT,Power,2034,0.0,,GW,"IC transfer capability, Low floor (MW/1000), capped at existing",2026-06-25,Konstantin Loffler <kl@wip.tu-berlin.de>
SERC,ERCOT,Power,2035,0.0,,GW,"IC transfer capability, Low floor (MW/1000), capped at existing",2026-06-25,Konstantin Loffler <kl@wip.tu-berlin.de>
SERC,ERCOT,Power,2036,0.0,,GW,"IC transfer capability, Low floor (MW/1000), capped at existing",2026-06-25,Konstantin Loffler <kl@wip.tu-berlin.de>
SERC,ERCOT,Power,2037,0.0,,GW,"IC transfer capability, Low floor (MW/1000), capped at existing",2026-06-25,Konstantin Loffler <kl@wip.tu-berlin.de>
SERC,ERCOT,Power,2038,0.0,,GW,"IC transfer capability, Low floor (MW/1000), capped at existing",2026-06-25,Konstantin Loffler <kl@wip.tu-berlin.de>
SERC,ERCOT,Power,2039,0.0,,GW,"IC transfer capability, Low floor (MW/1000), capped at existing",2026-06-25,Konstantin Loffler <kl@wip.tu-berlin.de>
SERC,ERCOT,Power,2040,0.0,,GW,"IC transfer capability, Low floor (MW/1000), capped at existing",2026-06-25,Konstantin Loffler <kl@wip.tu-berlin.de>
SERC,MISO,Power,2025,9.801,,GW,"IC transfer capability, Low floor (MW/1000), capped at existing",2026-06-25,Konstantin Loffler <kl@wip.tu-berlin.de>
SERC,MISO,Power,2026,9.801,,GW,"IC transfer capability, Low floor (MW/1000), capped at existing",2026-06-25,Konstantin Loffler <kl@wip.tu-berlin.de>
SERC,MISO,Power,2027,9.801,,GW,"IC transfer capability, Low floor (MW/1000), capped at existing",2026-06-25,Konstantin Loffler <kl@wip.tu-berlin.de>
SERC,MISO,Power,2028,9.801,,GW,"IC transfer capability, Low floor (MW/1000), capped at existing",2026-06-25,Konstantin Loffler <kl@wip.tu-berlin.de>
SERC,MISO,Power,2029,9.801,,GW,"IC transfer capability, Low floor (MW/1000), capped at existing",2026-06-25,Konstantin Loffler <kl@wip.tu-berlin.de>
SERC,MISO,Power,2030,9.801,,GW,"IC transfer capability, Low floor (MW/1000), capped at existing",2026-06-25,Konstantin Loffler <kl@wip.tu-berlin.de>
SERC,MISO,Power,2031,9.801,,GW,"IC transfer capability, Low floor (MW/1000), capped at existing",2026-06-25,Konstantin Loffler <kl@wip.tu-berlin.de>
SERC,MISO,Power,2032,9.801,,GW,"IC transfer capability, Low floor (MW/1000), capped at existing",2026-06-25,Konstantin Loffler <kl@wip.tu-berlin.de>
SERC,MISO,Power,2033,9.801,,GW,"IC transfer capability, Low floor (MW/1000), capped at existing",2026-06-25,Konstantin Loffler <kl@wip.tu-berlin.de>
SERC,MISO,Power,2034,9.801,,GW,"IC transfer capability, Low floor (MW/1000), capped at existing",2026-06-25,Konstantin Loffler <kl@wip.tu-berlin.de>
SERC,MISO,Power,2035,9.801,,GW,"IC transfer capability, Low floor (MW/1000), capped at existing",2026-06-25,Konstantin Loffler <kl@wip.tu-berlin.de>
SERC,MISO,Power,2036,9.801,,GW,"IC transfer capability, Low floor (MW/1000), capped at existing",2026-06-25,Konstantin Loffler <kl@wip.tu-berlin.de>
SERC,MISO,Power,2037,9.801,,GW,"IC transfer capability, Low floor (MW/1000), capped at existing",2026-06-25,Konstantin Loffler <kl@wip.tu-berlin.de>
SERC,MISO,Power,2038,9.801,,GW,"IC transfer capability, Low floor (MW/1000), capped at existing",2026-06-25,Konstantin Loffler <kl@wip.tu-berlin.de>
SERC,MISO,Power,2039,9.801,,GW,"IC transfer capability, Low floor (MW/1000), capped at existing",2026-06-25,Konstantin Loffler <kl@wip.tu-berlin.de>
SERC,MISO,Power,2040,9.801,,GW,"IC transfer capability, Low floor (MW/1000), capped at existing",2026-06-25,Konstantin Loffler <kl@wip.tu-berlin.de>
SERC,PJM,Power,2025,9.782,,GW,"IC transfer capability, Low floor (MW/1000), capped at existing",2026-06-25,Konstantin Loffler <kl@wip.tu-berlin.de>
SERC,PJM,Power,2026,9.782,,GW,"IC transfer capability, Low floor (MW/1000), capped at existing",2026-06-25,Konstantin Loffler <kl@wip.tu-berlin.de>
SERC,PJM,Power,2027,9.782,,GW,"IC transfer capability, Low floor (MW/1000), capped at existing",2026-06-25,Konstantin Loffler <kl@wip.tu-berlin.de>
SERC,PJM,Power,2028,9.782,,GW,"IC transfer capability, Low floor (MW/1000), capped at existing",2026-06-25,Konstantin Loffler <kl@wip.tu-berlin.de>
SERC,PJM,Power,2029,9.782,,GW,"IC transfer capability, Low floor (MW/1000), capped at existing",2026-06-25,Konstantin Loffler <kl@wip.tu-berlin.de>
SERC,PJM,Power,2030,9.782,,GW,"IC transfer capability, Low floor (MW/1000), capped at existing",2026-06-25,Konstantin Loffler <kl@wip.tu-berlin.de>
SERC,PJM,Power,2031,9.782,,GW,"IC transfer capability, Low floor (MW/1000), capped at existing",2026-06-25,Konstantin Loffler <kl@wip.tu-berlin.de>
SERC,PJM,Power,2032,9.782,,GW,"IC transfer capability, Low floor (MW/1000), capped at existing",2026-06-25,Konstantin Loffler <kl@wip.tu-berlin.de>
SERC,PJM,Power,2033,9.782,,GW,"IC transfer capability, Low floor (MW/1000), capped at existing",2026-06-25,Konstantin Loffler <kl@wip.tu-berlin.de>
SERC,PJM,Power,2034,9.782,,GW,"IC transfer capability, Low floor (MW/1000), capped at existing",2026-06-25,Konstantin Loffler <kl@wip.tu-berlin.de>
SERC,PJM,Power,2035,9.782,,GW,"IC transfer capability, Low floor (MW/1000), capped at existing",2026-06-25,Konstantin Loffler <kl@wip.tu-berlin.de>
SERC,PJM,Power,2036,9.782,,GW,"IC transfer capability, Low floor (MW/1000), capped at existing",2026-06-25,Konstantin Loffler <kl@wip.tu-berlin.de>
SERC,PJM,Power,2037,9.782,,GW,"IC transfer capability, Low floor (MW/1000), capped at existing",2026-06-25,Konstantin Loffler <kl@wip.tu-berlin.de>
SERC,PJM,Power,2038,9.782,,GW,"IC transfer capability, Low floor (MW/1000), capped at existing",2026-06-25,Konstantin Loffler <kl@wip.tu-berlin.de>
SERC,PJM,Power,2039,9.782,,GW,"IC transfer capability, Low floor (MW/1000), capped at existing",2026-06-25,Konstantin Loffler <kl@wip.tu-berlin.de>
SERC,PJM,Power,2040,9.782,,GW,"IC transfer capability, Low floor (MW/1000), capped at existing",2026-06-25,Konstantin Loffler <kl@wip.tu-berlin.de>
SERC,SPP,Power,2025,0.707,,GW,"IC transfer capability, Low floor (MW/1000), capped at existing",2026-06-25,Konstantin Loffler <kl@wip.tu-berlin.de>
SERC,SPP,Power,2026,0.707,,GW,"IC transfer capability, Low floor (MW/1000), capped at existing",2026-06-25,Konstantin Loffler <kl@wip.tu-berlin.de>
SERC,SPP,Power,2027,0.707,,GW,"IC transfer capability, Low floor (MW/1000), capped at existing",2026-06-25,Konstantin Loffler <kl@wip.tu-berlin.de>
SERC,SPP,Power,2028,0.707,,GW,"IC transfer capability, Low floor (MW/1000), capped at existing",2026-06-25,Konstantin Loffler <kl@wip.tu-berlin.de>
SERC,SPP,Power,2029,0.707,,GW,"IC transfer capability, Low floor (MW/1000), capped at existing",2026-06-25,Konstantin Loffler <kl@wip.tu-berlin.de>
SERC,SPP,Power,2030,0.707,,GW,"IC transfer capability, Low floor (MW/1000), capped at existing",2026-06-25,Konstantin Loffler <kl@wip.tu-berlin.de>
SERC,SPP,Power,2031,0.707,,GW,"IC transfer capability, Low floor (MW/1000), capped at existing",2026-06-25,Konstantin Loffler <kl@wip.tu-berlin.de>
SERC,SPP,Power,2032,0.707,,GW,"IC transfer capability, Low floor (MW/1000), capped at existing",2026-06-25,Konstantin Loffler <kl@wip.tu-berlin.de>
SERC,SPP,Power,2033,0.707,,GW,"IC transfer capability, Low floor (MW/1000), capped at existing",2026-06-25,Konstantin Loffler <kl@wip.tu-berlin.de>
SERC,SPP,Power,2034,0.707,,GW,"IC transfer capability, Low floor (MW/1000), capped at existing",2026-06-25,Konstantin Loffler <kl@wip.tu-berlin.de>
SERC,SPP,Power,2035,0.707,,GW,"IC transfer capability, Low floor (MW/1000), capped at existing",2026-06-25,Konstantin Loffler <kl@wip.tu-berlin.de>
SERC,SPP,Power,2036,0.707,,GW,"IC transfer capability, Low floor (MW/1000), capped at existing",2026-06-25,Konstantin Loffler <kl@wip.tu-berlin.de>
SERC,SPP,Power,2037,0.707,,GW,"IC transfer capability, Low floor (MW/1000), capped at existing",2026-06-25,Konstantin Loffler <kl@wip.tu-berlin.de>
SERC,SPP,Power,2038,0.707,,GW,"IC transfer capability, Low floor (MW/1000), capped at existing",2026-06-25,Konstantin Loffler <kl@wip.tu-berlin.de>
SERC,SPP,Power,2039,0.707,,GW,"IC transfer capability, Low floor (MW/1000), capped at existing",2026-06-25,Konstantin Loffler <kl@wip.tu-berlin.de>
SERC,SPP,Power,2040,0.707,,GW,"IC transfer capability, Low floor (MW/1000), capped at existing",2026-06-25,Konstantin Loffler <kl@wip.tu-berlin.de>
SPP,Canada,Power,2025,0.3,,GW,"IC transfer capability, Low floor (MW/1000), capped at existing",2026-06-25,Konstantin Loffler <kl@wip.tu-berlin.de>
SPP,Canada,Power,2026,0.3,,GW,"IC transfer capability, Low floor (MW/1000), capped at existing",2026-06-25,Konstantin Loffler <kl@wip.tu-berlin.de>
SPP,Canada,Power,2027,0.3,,GW,"IC transfer capability, Low floor (MW/1000), capped at existing",2026-06-25,Konstantin Loffler <kl@wip.tu-berlin.de>
SPP,Canada,Power,2028,0.3,,GW,"IC transfer capability, Low floor (MW/1000), capped at existing",2026-06-25,Konstantin Loffler <kl@wip.tu-berlin.de>
SPP,Canada,Power,2029,0.3,,GW,"IC transfer capability, Low floor (MW/1000), capped at existing",2026-06-25,Konstantin Loffler <kl@wip.tu-berlin.de>
SPP,Canada,Power,2030,0.3,,GW,"IC transfer capability, Low floor (MW/1000), capped at existing",2026-06-25,Konstantin Loffler <kl@wip.tu-berlin.de>
SPP,Canada,Power,2031,0.3,,GW,"IC transfer capability, Low floor (MW/1000), capped at existing",2026-06-25,Konstantin Loffler <kl@wip.tu-berlin.de>
SPP,Canada,Power,2032,0.3,,GW,"IC transfer capability, Low floor (MW/1000), capped at existing",2026-06-25,Konstantin Loffler <kl@wip.tu-berlin.de>
SPP,Canada,Power,2033,0.3,,GW,"IC transfer capability, Low floor (MW/1000), capped at existing",2026-06-25,Konstantin Loffler <kl@wip.tu-berlin.de>
SPP,Canada,Power,2034,0.3,,GW,"IC transfer capability, Low floor (MW/1000), capped at existing",2026-06-25,Konstantin Loffler <kl@wip.tu-berlin.de>
SPP,Canada,Power,2035,0.3,,GW,"IC transfer capability, Low floor (MW/1000), capped at existing",2026-06-25,Konstantin Loffler <kl@wip.tu-berlin.de>
SPP,Canada,Power,2036,0.3,,GW,"IC transfer capability, Low floor (MW/1000), capped at existing",2026-06-25,Konstantin Loffler <kl@wip.tu-berlin.de>
SPP,Canada,Power,2037,0.3,,GW,"IC transfer capability, Low floor (MW/1000), capped at existing",2026-06-25,Konstantin Loffler <kl@wip.tu-berlin.de>
SPP,Canada,Power,2038,0.3,,GW,"IC transfer capability, Low floor (MW/1000), capped at existing",2026-06-25,Konstantin Loffler <kl@wip.tu-berlin.de>
SPP,Canada,Power,2039,0.3,,GW,"IC transfer capability, Low floor (MW/1000), capped at existing",2026-06-25,Konstantin Loffler <kl@wip.tu-berlin.de>
SPP,Canada,Power,2040,0.3,,GW,"IC transfer capability, Low floor (MW/1000), capped at existing",2026-06-25,Konstantin Loffler <kl@wip.tu-berlin.de>
SPP,ERCOT,Power,2025,0.82,,GW,"IC transfer capability, Low floor (MW/1000), capped at existing",2026-06-25,Konstantin Loffler <kl@wip.tu-berlin.de>
SPP,ERCOT,Power,2026,0.82,,GW,"IC transfer capability, Low floor (MW/1000), capped at existing",2026-06-25,Konstantin Loffler <kl@wip.tu-berlin.de>
SPP,ERCOT,Power,2027,0.82,,GW,"IC transfer capability, Low floor (MW/1000), capped at existing",2026-06-25,Konstantin Loffler <kl@wip.tu-berlin.de>
SPP,ERCOT,Power,2028,0.82,,GW,"IC transfer capability, Low floor (MW/1000), capped at existing",2026-06-25,Konstantin Loffler <kl@wip.tu-berlin.de>
SPP,ERCOT,Power,2029,0.82,,GW,"IC transfer capability, Low floor (MW/1000), capped at existing",2026-06-25,Konstantin Loffler <kl@wip.tu-berlin.de>
SPP,ERCOT,Power,2030,0.82,,GW,"IC transfer capability, Low floor (MW/1000), capped at existing",2026-06-25,Konstantin Loffler <kl@wip.tu-berlin.de>
SPP,ERCOT,Power,2031,0.82,,GW,"IC transfer capability, Low floor (MW/1000), capped at existing",2026-06-25,Konstantin Loffler <kl@wip.tu-berlin.de>
SPP,ERCOT,Power,2032,0.82,,GW,"IC transfer capability, Low floor (MW/1000), capped at existing",2026-06-25,Konstantin Loffler <kl@wip.tu-berlin.de>
SPP,ERCOT,Power,2033,0.82,,GW,"IC transfer capability, Low floor (MW/1000), capped at existing",2026-06-25,Konstantin Loffler <kl@wip.tu-berlin.de>
SPP,ERCOT,Power,2034,0.82,,GW,"IC transfer capability, Low floor (MW/1000), capped at existing",2026-06-25,Konstantin Loffler <kl@wip.tu-berlin.de>
SPP,ERCOT,Power,2035,0.82,,GW,"IC transfer capability, Low floor (MW/1000), capped at existing",2026-06-25,Konstantin Loffler <kl@wip.tu-berlin.de>
SPP,ERCOT,Power,2036,0.82,,GW,"IC transfer capability, Low floor (MW/1000), capped at existing",2026-06-25,Konstantin Loffler <kl@wip.tu-berlin.de>
SPP,ERCOT,Power,2037,0.82,,GW,"IC transfer capability, Low floor (MW/1000), capped at existing",2026-06-25,Konstantin Loffler <kl@wip.tu-berlin.de>
SPP,ERCOT,Power,2038,0.82,,GW,"IC transfer capability, Low floor (MW/1000), capped at existing",2026-06-25,Konstantin Loffler <kl@wip.tu-berlin.de>
SPP,ERCOT,Power,2039,0.82,,GW,"IC transfer capability, Low floor (MW/1000), capped at existing",2026-06-25,Konstantin Loffler <kl@wip.tu-berlin.de>
SPP,ERCOT,Power,2040,0.82,,GW,"IC transfer capability, Low floor (MW/1000), capped at existing",2026-06-25,Konstantin Loffler <kl@wip.tu-berlin.de>
SPP,MISO,Power,2025,3.152,,GW,"IC transfer capability, Low floor (MW/1000), capped at existing",2026-06-25,Konstantin Loffler <kl@wip.tu-berlin.de>
SPP,MISO,Power,2026,3.152,,GW,"IC transfer capability, Low floor (MW/1000), capped at existing",2026-06-25,Konstantin Loffler <kl@wip.tu-berlin.de>
SPP,MISO,Power,2027,3.152,,GW,"IC transfer capability, Low floor (MW/1000), capped at existing",2026-06-25,Konstantin Loffler <kl@wip.tu-berlin.de>
SPP,MISO,Power,2028,3.152,,GW,"IC transfer capability, Low floor (MW/1000), capped at existing",2026-06-25,Konstantin Loffler <kl@wip.tu-berlin.de>
SPP,MISO,Power,2029,3.152,,GW,"IC transfer capability, Low floor (MW/1000), capped at existing",2026-06-25,Konstantin Loffler <kl@wip.tu-berlin.de>
SPP,MISO,Power,2030,3.152,,GW,"IC transfer capability, Low floor (MW/1000), capped at existing",2026-06-25,Konstantin Loffler <kl@wip.tu-berlin.de>
SPP,MISO,Power,2031,3.152,,GW,"IC transfer capability, Low floor (MW/1000), capped at existing",2026-06-25,Konstantin Loffler <kl@wip.tu-berlin.de>
SPP,MISO,Power,2032,3.152,,GW,"IC transfer capability, Low floor (MW/1000), capped at existing",2026-06-25,Konstantin Loffler <kl@wip.tu-berlin.de>
SPP,MISO,Power,2033,3.152,,GW,"IC transfer capability, Low floor (MW/1000), capped at existing",2026-06-25,Konstantin Loffler <kl@wip.tu-berlin.de>
SPP,MISO,Power,2034,3.152,,GW,"IC transfer capability, Low floor (MW/1000), capped at existing",2026-06-25,Konstantin Loffler <kl@wip.tu-berlin.de>
SPP,MISO,Power,2035,3.152,,GW,"IC transfer capability, Low floor (MW/1000), capped at existing",2026-06-25,Konstantin Loffler <kl@wip.tu-berlin.de>
SPP,MISO,Power,2036,3.152,,GW,"IC transfer capability, Low floor (MW/1000), capped at existing",2026-06-25,Konstantin Loffler <kl@wip.tu-berlin.de>
SPP,MISO,Power,2037,3.152,,GW,"IC transfer capability, Low floor (MW/1000), capped at existing",2026-06-25,Konstantin Loffler <kl@wip.tu-berlin.de>
SPP,MISO,Power,2038,3.152,,GW,"IC transfer capability, Low floor (MW/1000), capped at existing",2026-06-25,Konstantin Loffler <kl@wip.tu-berlin.de>
SPP,MISO,Power,2039,3.152,,GW,"IC transfer capability, Low floor (MW/1000), capped at existing",2026-06-25,Konstantin Loffler <kl@wip.tu-berlin.de>
SPP,MISO,Power,2040,3.152,,GW,"IC transfer capability, Low floor (MW/1000), capped at existing",2026-06-25,Konstantin Loffler <kl@wip.tu-berlin.de>
SPP,PJM,Power,2025,0.0,,GW,"IC transfer capability, Low floor (MW/1000), capped at existing",2026-06-25,Konstantin Loffler <kl@wip.tu-berlin.de>
SPP,PJM,Power,2026,0.0,,GW,"IC transfer capability, Low floor (MW/1000), capped at existing",2026-06-25,Konstantin Loffler <kl@wip.tu-berlin.de>
SPP,PJM,Power,2027,0.0,,GW,"IC transfer capability, Low floor (MW/1000), capped at existing",2026-06-25,Konstantin Loffler <kl@wip.tu-berlin.de>
SPP,PJM,Power,2028,0.0,,GW,"IC transfer capability, Low floor (MW/1000), capped at existing",2026-06-25,Konstantin Loffler <kl@wip.tu-berlin.de>
SPP,PJM,Power,2029,0.0,,GW,"IC transfer capability, Low floor (MW/1000), capped at existing",2026-06-25,Konstantin Loffler <kl@wip.tu-berlin.de>
SPP,PJM,Power,2030,0.0,,GW,"IC transfer capability, Low floor (MW/1000), capped at existing",2026-06-25,Konstantin Loffler <kl@wip.tu-berlin.de>
SPP,PJM,Power,2031,0.0,,GW,"IC transfer capability, Low floor (MW/1000), capped at existing",2026-06-25,Konstantin Loffler <kl@wip.tu-berlin.de>
SPP,PJM,Power,2032,0.0,,GW,"IC transfer capability, Low floor (MW/1000), capped at existing",2026-06-25,Konstantin Loffler <kl@wip.tu-berlin.de>
SPP,PJM,Power,2033,0.0,,GW,"IC transfer capability, Low floor (MW/1000), capped at existing",2026-06-25,Konstantin Loffler <kl@wip.tu-berlin.de>
SPP,PJM,Power,2034,0.0,,GW,"IC transfer capability, Low floor (MW/1000), capped at existing",2026-06-25,Konstantin Loffler <kl@wip.tu-berlin.de>
SPP,PJM,Power,2035,0.0,,GW,"IC transfer capability, Low floor (MW/1000), capped at existing",2026-06-25,Konstantin Loffler <kl@wip.tu-berlin.de>
SPP,PJM,Power,2036,0.0,,GW,"IC transfer capability, Low floor (MW/1000), capped at existing",2026-06-25,Konstantin Loffler <kl@wip.tu-berlin.de>
SPP,PJM,Power,2037,0.0,,GW,"IC transfer capability, Low floor (MW/1000), capped at existing",2026-06-25,Konstantin Loffler <kl@wip.tu-berlin.de>
SPP,PJM,Power,2038,0.0,,GW,"IC transfer capability, Low floor (MW/1000), capped at existing",2026-06-25,Konstantin Loffler <kl@wip.tu-berlin.de>
SPP,PJM,Power,2039,0.0,,GW,"IC transfer capability, Low floor (MW/1000), capped at existing",2026-06-25,Konstantin Loffler <kl@wip.tu-berlin.de>
SPP,PJM,Power,2040,0.0,,GW,"IC transfer capability, Low floor (MW/1000), capped at existing",2026-06-25,Konstantin Loffler <kl@wip.tu-berlin.de>
SPP,SERC,Power,2025,0.707,,GW,"IC transfer capability, Low floor (MW/1000), capped at existing",2026-06-25,Konstantin Loffler <kl@wip.tu-berlin.de>
SPP,SERC,Power,2026,0.707,,GW,"IC transfer capability, Low floor (MW/1000), capped at existing",2026-06-25,Konstantin Loffler <kl@wip.tu-berlin.de>
SPP,SERC,Power,2027,0.707,,GW,"IC transfer capability, Low floor (MW/1000), capped at existing",2026-06-25,Konstantin Loffler <kl@wip.tu-berlin.de>
SPP,SERC,Power,2028,0.707,,GW,"IC transfer capability, Low floor (MW/1000), capped at existing",2026-06-25,Konstantin Loffler <kl@wip.tu-berlin.de>
SPP,SERC,Power,2029,0.707,,GW,"IC transfer capability, Low floor (MW/1000), capped at existing",2026-06-25,Konstantin Loffler <kl@wip.tu-berlin.de>
SPP,SERC,Power,2030,0.707,,GW,"IC transfer capability, Low floor (MW/1000), capped at existing",2026-06-25,Konstantin Loffler <kl@wip.tu-berlin.de>
SPP,SERC,Power,2031,0.707,,GW,"IC transfer capability, Low floor (MW/1000), capped at existing",2026-06-25,Konstantin Loffler <kl@wip.tu-berlin.de>
SPP,SERC,Power,2032,0.707,,GW,"IC transfer capability, Low floor (MW/1000), capped at existing",2026-06-25,Konstantin Loffler <kl@wip.tu-berlin.de>
SPP,SERC,Power,2033,0.707,,GW,"IC transfer capability, Low floor (MW/1000), capped at existing",2026-06-25,Konstantin Loffler <kl@wip.tu-berlin.de>
SPP,SERC,Power,2034,0.707,,GW,"IC transfer capability, Low floor (MW/1000), capped at existing",2026-06-25,Konstantin Loffler <kl@wip.tu-berlin.de>
SPP,SERC,Power,2035,0.707,,GW,"IC transfer capability, Low floor (MW/1000), capped at existing",2026-06-25,Konstantin Loffler <kl@wip.tu-berlin.de>
SPP,SERC,Power,2036,0.707,,GW,"IC transfer capability, Low floor (MW/1000), capped at existing",2026-06-25,Konstantin Loffler <kl@wip.tu-berlin.de>
SPP,SERC,Power,2037,0.707,,GW,"IC transfer capability, Low floor (MW/1000), capped at existing",2026-06-25,Konstantin Loffler <kl@wip.tu-berlin.de>
SPP,SERC,Power,2038,0.707,,GW,"IC transfer capability, Low floor (MW/1000), capped at existing",2026-06-25,Konstantin Loffler <kl@wip.tu-berlin.de>
SPP,SERC,Power,2039,0.707,,GW,"IC transfer capability, Low floor (MW/1000), capped at existing",2026-06-25,Konstantin Loffler <kl@wip.tu-berlin.de>
SPP,SERC,Power,2040,0.707,,GW,"IC transfer capability, Low floor (MW/1000), capped at existing",2026-06-25,Konstantin Loffler <kl@wip.tu-berlin.de>
SPP,WECC,Power,2025,0.61,,GW,"IC transfer capability, Low floor (MW/1000), capped at existing",2026-06-25,Konstantin Loffler <kl@wip.tu-berlin.de>
SPP,WECC,Power,2026,0.61,,GW,"IC transfer capability, Low floor (MW/1000), capped at existing",2026-06-25,Konstantin Loffler <kl@wip.tu-berlin.de>
SPP,WECC,Power,2027,0.61,,GW,"IC transfer capability, Low floor (MW/1000), capped at existing",2026-06-25,Konstantin Loffler <kl@wip.tu-berlin.de>
SPP,WECC,Power,2028,0.61,,GW,"IC transfer capability, Low floor (MW/1000), capped at existing",2026-06-25,Konstantin Loffler <kl@wip.tu-berlin.de>
SPP,WECC,Power,2029,0.61,,GW,"IC transfer capability, Low floor (MW/1000), capped at existing",2026-06-25,Konstantin Loffler <kl@wip.tu-berlin.de>
SPP,WECC,Power,2030,0.61,,GW,"IC transfer capability, Low floor (MW/1000), capped at existing",2026-06-25,Konstantin Loffler <kl@wip.tu-berlin.de>
SPP,WECC,Power,2031,0.61,,GW,"IC transfer capability, Low floor (MW/1000), capped at existing",2026-06-25,Konstantin Loffler <kl@wip.tu-berlin.de>
SPP,WECC,Power,2032,0.61,,GW,"IC transfer capability, Low floor (MW/1000), capped at existing",2026-06-25,Konstantin Loffler <kl@wip.tu-berlin.de>
SPP,WECC,Power,2033,0.61,,GW,"IC transfer capability, Low floor (MW/1000), capped at existing",2026-06-25,Konstantin Loffler <kl@wip.tu-berlin.de>
SPP,WECC,Power,2034,0.61,,GW,"IC transfer capability, Low floor (MW/1000), capped at existing",2026-06-25,Konstantin Loffler <kl@wip.tu-berlin.de>
SPP,WECC,Power,2035,0.61,,GW,"IC transfer capability, Low floor (MW/1000), capped at existing",2026-06-25,Konstantin Loffler <kl@wip.tu-berlin.de>
SPP,WECC,Power,2036,0.61,,GW,"IC transfer capability, Low floor (MW/1000), capped at existing",2026-06-25,Konstantin Loffler <kl@wip.tu-berlin.de>
SPP,WECC,Power,2037,0.61,,GW,"IC transfer capability, Low floor (MW/1000), capped at existing",2026-06-25,Konstantin Loffler <kl@wip.tu-berlin.de>
SPP,WECC,Power,2038,0.61,,GW,"IC transfer capability, Low floor (MW/1000), capped at existing",2026-06-25,Konstantin Loffler <kl@wip.tu-berlin.de>
SPP,WECC,Power,2039,0.61,,GW,"IC transfer capability, Low floor (MW/1000), capped at existing",2026-06-25,Konstantin Loffler <kl@wip.tu-berlin.de>
SPP,WECC,Power,2040,0.61,,GW,"IC transfer capability, Low floor (MW/1000), capped at existing",2026-06-25,Konstantin Loffler <kl@wip.tu-berlin.de>
WECC,California,Power,2025,12.617,,GW,"IC transfer capability, Low floor (MW/1000), capped at existing",2026-06-25,Konstantin Loffler <kl@wip.tu-berlin.de>
WECC,California,Power,2026,12.617,,GW,"IC transfer capability, Low floor (MW/1000), capped at existing",2026-06-25,Konstantin Loffler <kl@wip.tu-berlin.de>
WECC,California,Power,2027,12.617,,GW,"IC transfer capability, Low floor (MW/1000), capped at existing",2026-06-25,Konstantin Loffler <kl@wip.tu-berlin.de>
WECC,California,Power,2028,12.617,,GW,"IC transfer capability, Low floor (MW/1000), capped at existing",2026-06-25,Konstantin Loffler <kl@wip.tu-berlin.de>
WECC,California,Power,2029,12.617,,GW,"IC transfer capability, Low floor (MW/1000), capped at existing",2026-06-25,Konstantin Loffler <kl@wip.tu-berlin.de>
WECC,California,Power,2030,12.617,,GW,"IC transfer capability, Low floor (MW/1000), capped at existing",2026-06-25,Konstantin Loffler <kl@wip.tu-berlin.de>
WECC,California,Power,2031,12.617,,GW,"IC transfer capability, Low floor (MW/1000), capped at existing",2026-06-25,Konstantin Loffler <kl@wip.tu-berlin.de>
WECC,California,Power,2032,12.617,,GW,"IC transfer capability, Low floor (MW/1000), capped at existing",2026-06-25,Konstantin Loffler <kl@wip.tu-berlin.de>
WECC,California,Power,2033,12.617,,GW,"IC transfer capability, Low floor (MW/1000), capped at existing",2026-06-25,Konstantin Loffler <kl@wip.tu-berlin.de>
WECC,California,Power,2034,12.617,,GW,"IC transfer capability, Low floor (MW/1000), capped at existing",2026-06-25,Konstantin Loffler <kl@wip.tu-berlin.de>
WECC,California,Power,2035,12.617,,GW,"IC transfer capability, Low floor (MW/1000), capped at existing",2026-06-25,Konstantin Loffler <kl@wip.tu-berlin.de>
WECC,California,Power,2036,12.617,,GW,"IC transfer capability, Low floor (MW/1000), capped at existing",2026-06-25,Konstantin Loffler <kl@wip.tu-berlin.de>
WECC,California,Power,2037,12.617,,GW,"IC transfer capability, Low floor (MW/1000), capped at existing",2026-06-25,Konstantin Loffler <kl@wip.tu-berlin.de>
WECC,California,Power,2038,12.617,,GW,"IC transfer capability, Low floor (MW/1000), capped at existing",2026-06-25,Konstantin Loffler <kl@wip.tu-berlin.de>
WECC,California,Power,2039,12.617,,GW,"IC transfer capability, Low floor (MW/1000), capped at existing",2026-06-25,Konstantin Loffler <kl@wip.tu-berlin.de>
WECC,California,Power,2040,12.617,,GW,"IC transfer capability, Low floor (MW/1000), capped at existing",2026-06-25,Konstantin Loffler <kl@wip.tu-berlin.de>
WECC,Canada,Power,2025,3.25,,GW,"IC transfer capability, Low floor (MW/1000), capped at existing",2026-06-25,Konstantin Loffler <kl@wip.tu-berlin.de>
WECC,Canada,Power,2026,3.25,,GW,"IC transfer capability, Low floor (MW/1000), capped at existing",2026-06-25,Konstantin Loffler <kl@wip.tu-berlin.de>
WECC,Canada,Power,2027,3.25,,GW,"IC transfer capability, Low floor (MW/1000), capped at existing",2026-06-25,Konstantin Loffler <kl@wip.tu-berlin.de>
WECC,Canada,Power,2028,3.25,,GW,"IC transfer capability, Low floor (MW/1000), capped at existing",2026-06-25,Konstantin Loffler <kl@wip.tu-berlin.de>
WECC,Canada,Power,2029,3.25,,GW,"IC transfer capability, Low floor (MW/1000), capped at existing",2026-06-25,Konstantin Loffler <kl@wip.tu-berlin.de>
WECC,Canada,Power,2030,3.25,,GW,"IC transfer capability, Low floor (MW/1000), capped at existing",2026-06-25,Konstantin Loffler <kl@wip.tu-berlin.de>
WECC,Canada,Power,2031,3.25,,GW,"IC transfer capability, Low floor (MW/1000), capped at existing",2026-06-25,Konstantin Loffler <kl@wip.tu-berlin.de>
WECC,Canada,Power,2032,3.25,,GW,"IC transfer capability, Low floor (MW/1000), capped at existing",2026-06-25,Konstantin Loffler <kl@wip.tu-berlin.de>
WECC,Canada,Power,2033,3.25,,GW,"IC transfer capability, Low floor (MW/1000), capped at existing",2026-06-25,Konstantin Loffler <kl@wip.tu-berlin.de>
WECC,Canada,Power,2034,3.25,,GW,"IC transfer capability, Low floor (MW/1000), capped at existing",2026-06-25,Konstantin Loffler <kl@wip.tu-berlin.de>
WECC,Canada,Power,2035,3.25,,GW,"IC transfer capability, Low floor (MW/1000), capped at existing",2026-06-25,Konstantin Loffler <kl@wip.tu-berlin.de>
WECC,Canada,Power,2036,3.25,,GW,"IC transfer capability, Low floor (MW/1000), capped at existing",2026-06-25,Konstantin Loffler <kl@wip.tu-berlin.de>
WECC,Canada,Power,2037,3.25,,GW,"IC transfer capability, Low floor (MW/1000), capped at existing",2026-06-25,Konstantin Loffler <kl@wip.tu-berlin.de>
WECC,Canada,Power,2038,3.25,,GW,"IC transfer capability, Low floor (MW/1000), capped at existing",2026-06-25,Konstantin Loffler <kl@wip.tu-berlin.de>
WECC,Canada,Power,2039,3.25,,GW,"IC transfer capability, Low floor (MW/1000), capped at existing",2026-06-25,Konstantin Loffler <kl@wip.tu-berlin.de>
WECC,Canada,Power,2040,3.25,,GW,"IC transfer capability, Low floor (MW/1000), capped at existing",2026-06-25,Konstantin Loffler <kl@wip.tu-berlin.de>
WECC,ERCOT,Power,2025,0.0,,GW,"IC transfer capability, Low floor (MW/1000), capped at existing",2026-06-25,Konstantin Loffler <kl@wip.tu-berlin.de>
WECC,ERCOT,Power,2026,0.0,,GW,"IC transfer capability, Low floor (MW/1000), capped at existing",2026-06-25,Konstantin Loffler <kl@wip.tu-berlin.de>
WECC,ERCOT,Power,2027,0.0,,GW,"IC transfer capability, Low floor (MW/1000), capped at existing",2026-06-25,Konstantin Loffler <kl@wip.tu-berlin.de>
WECC,ERCOT,Power,2028,0.0,,GW,"IC transfer capability, Low floor (MW/1000), capped at existing",2026-06-25,Konstantin Loffler <kl@wip.tu-berlin.de>
WECC,ERCOT,Power,2029,0.0,,GW,"IC transfer capability, Low floor (MW/1000), capped at existing",2026-06-25,Konstantin Loffler <kl@wip.tu-berlin.de>
WECC,ERCOT,Power,2030,0.0,,GW,"IC transfer capability, Low floor (MW/1000), capped at existing",2026-06-25,Konstantin Loffler <kl@wip.tu-berlin.de>
WECC,ERCOT,Power,2031,0.0,,GW,"IC transfer capability, Low floor (MW/1000), capped at existing",2026-06-25,Konstantin Loffler <kl@wip.tu-berlin.de>
WECC,ERCOT,Power,2032,0.0,,GW,"IC transfer capability, Low floor (MW/1000), capped at existing",2026-06-25,Konstantin Loffler <kl@wip.tu-berlin.de>
WECC,ERCOT,Power,2033,0.0,,GW,"IC transfer capability, Low floor (MW/1000), capped at existing",2026-06-25,Konstantin Loffler <kl@wip.tu-berlin.de>
WECC,ERCOT,Power,2034,0.0,,GW,"IC transfer capability, Low floor (MW/1000), capped at existing",2026-06-25,Konstantin Loffler <kl@wip.tu-berlin.de>
WECC,ERCOT,Power,2035,0.0,,GW,"IC transfer capability, Low floor (MW/1000), capped at existing",2026-06-25,Konstantin Loffler <kl@wip.tu-berlin.de>
WECC,ERCOT,Power,2036,0.0,,GW,"IC transfer capability, Low floor (MW/1000), capped at existing",2026-06-25,Konstantin Loffler <kl@wip.tu-berlin.de>
WECC,ERCOT,Power,2037,0.0,,GW,"IC transfer capability, Low floor (MW/1000), capped at existing",2026-06-25,Konstantin Loffler <kl@wip.tu-berlin.de>
WECC,ERCOT,Power,2038,0.0,,GW,"IC transfer capability, Low floor (MW/1000), capped at existing",2026-06-25,Konstantin Loffler <kl@wip.tu-berlin.de>
WECC,ERCOT,Power,2039,0.0,,GW,"IC transfer capability, Low floor (MW/1000), capped at existing",2026-06-25,Konstantin Loffler <kl@wip.tu-berlin.de>
WECC,ERCOT,Power,2040,0.0,,GW,"IC transfer capability, Low floor (MW/1000), capped at existing",2026-06-25,Konstantin Loffler <kl@wip.tu-berlin.de>
WECC,MISO,Power,2025,0.0,,GW,"IC transfer capability, Low floor (MW/1000), capped at existing",2026-06-25,Konstantin Loffler <kl@wip.tu-berlin.de>
WECC,MISO,Power,2026,0.0,,GW,"IC transfer capability, Low floor (MW/1000), capped at existing",2026-06-25,Konstantin Loffler <kl@wip.tu-berlin.de>
WECC,MISO,Power,2027,0.0,,GW,"IC transfer capability, Low floor (MW/1000), capped at existing",2026-06-25,Konstantin Loffler <kl@wip.tu-berlin.de>
WECC,MISO,Power,2028,0.0,,GW,"IC transfer capability, Low floor (MW/1000), capped at existing",2026-06-25,Konstantin Loffler <kl@wip.tu-berlin.de>
WECC,MISO,Power,2029,0.0,,GW,"IC transfer capability, Low floor (MW/1000), capped at existing",2026-06-25,Konstantin Loffler <kl@wip.tu-berlin.de>
WECC,MISO,Power,2030,0.0,,GW,"IC transfer capability, Low floor (MW/1000), capped at existing",2026-06-25,Konstantin Loffler <kl@wip.tu-berlin.de>
WECC,MISO,Power,2031,0.0,,GW,"IC transfer capability, Low floor (MW/1000), capped at existing",2026-06-25,Konstantin Loffler <kl@wip.tu-berlin.de>
WECC,MISO,Power,2032,0.0,,GW,"IC transfer capability, Low floor (MW/1000), capped at existing",2026-06-25,Konstantin Loffler <kl@wip.tu-berlin.de>
WECC,MISO,Power,2033,0.0,,GW,"IC transfer capability, Low floor (MW/1000), capped at existing",2026-06-25,Konstantin Loffler <kl@wip.tu-berlin.de>
WECC,MISO,Power,2034,0.0,,GW,"IC transfer capability, Low floor (MW/1000), capped at existing",2026-06-25,Konstantin Loffler <kl@wip.tu-berlin.de>
WECC,MISO,Power,2035,0.0,,GW,"IC transfer capability, Low floor (MW/1000), capped at existing",2026-06-25,Konstantin Loffler <kl@wip.tu-berlin.de>
WECC,MISO,Power,2036,0.0,,GW,"IC transfer capability, Low floor (MW/1000), capped at existing",2026-06-25,Konstantin Loffler <kl@wip.tu-berlin.de>
WECC,MISO,Power,2037,0.0,,GW,"IC transfer capability, Low floor (MW/1000), capped at existing",2026-06-25,Konstantin Loffler <kl@wip.tu-berlin.de>
WECC,MISO,Power,2038,0.0,,GW,"IC transfer capability, Low floor (MW/1000), capped at existing",2026-06-25,Konstantin Loffler <kl@wip.tu-berlin.de>
WECC,MISO,Power,2039,0.0,,GW,"IC transfer capability, Low floor (MW/1000), capped at existing",2026-06-25,Konstantin Loffler <kl@wip.tu-berlin.de>
WECC,MISO,Power,2040,0.0,,GW,"IC transfer capability, Low floor (MW/1000), capped at existing",2026-06-25,Konstantin Loffler <kl@wip.tu-berlin.de>
WECC,SPP,Power,2025,0.61,,GW,"IC transfer capability, Low floor (MW/1000), capped at existing",2026-06-25,Konstantin Loffler <kl@wip.tu-berlin.de>
WECC,SPP,Power,2026,0.61,,GW,"IC transfer capability, Low floor (MW/1000), capped at existing",2026-06-25,Konstantin Loffler <kl@wip.tu-berlin.de>
WECC,SPP,Power,2027,0.61,,GW,"IC transfer capability, Low floor (MW/1000), capped at existing",2026-06-25,Konstantin Loffler <kl@wip.tu-berlin.de>
WECC,SPP,Power,2028,0.61,,GW,"IC transfer capability, Low floor (MW/1000), capped at existing",2026-06-25,Konstantin Loffler <kl@wip.tu-berlin.de>
WECC,SPP,Power,2029,0.61,,GW,"IC transfer capability, Low floor (MW/1000), capped at existing",2026-06-25,Konstantin Loffler <kl@wip.tu-berlin.de>
WECC,SPP,Power,2030,0.61,,GW,"IC transfer capability, Low floor (MW/1000), capped at existing",2026-06-25,Konstantin Loffler <kl@wip.tu-berlin.de>
WECC,SPP,Power,2031,0.61,,GW,"IC transfer capability, Low floor (MW/1000), capped at existing",2026-06-25,Konstantin Loffler <kl@wip.tu-berlin.de>
WECC,SPP,Power,2032,0.61,,GW,"IC transfer capability, Low floor (MW/1000), capped at existing",2026-06-25,Konstantin Loffler <kl@wip.tu-berlin.de>
WECC,SPP,Power,2033,0.61,,GW,"IC transfer capability, Low floor (MW/1000), capped at existing",2026-06-25,Konstantin Loffler <kl@wip.tu-berlin.de>
WECC,SPP,Power,2034,0.61,,GW,"IC transfer capability, Low floor (MW/1000), capped at existing",2026-06-25,Konstantin Loffler <kl@wip.tu-berlin.de>
WECC,SPP,Power,2035,0.61,,GW,"IC transfer capability, Low floor (MW/1000), capped at existing",2026-06-25,Konstantin Loffler <kl@wip.tu-berlin.de>
WECC,SPP,Power,2036,0.61,,GW,"IC transfer capability, Low floor (MW/1000), capped at existing",2026-06-25,Konstantin Loffler <kl@wip.tu-berlin.de>
WECC,SPP,Power,2037,0.61,,GW,"IC transfer capability, Low floor (MW/1000), capped at existing",2026-06-25,Konstantin Loffler <kl@wip.tu-berlin.de>
WECC,SPP,Power,2038,0.61,,GW,"IC transfer capability, Low floor (MW/1000), capped at existing",2026-06-25,Konstantin Loffler <kl@wip.tu-berlin.de>
WECC,SPP,Power,2039,0.61,,GW,"IC transfer capability, Low floor (MW/1000), capped at existing",2026-06-25,Konstantin Loffler <kl@wip.tu-berlin.de>
WECC,SPP,Power,2040,0.61,,GW,"IC transfer capability, Low floor (MW/1000), capped at existing",2026-06-25,Konstantin Loffler <kl@wip.tu-berlin.de>
