Region,Fuel,Year,Value,,Unit,Source,Updated at,Updated by
California,Power_BEVs,2025,29.814318769986112,,PJ,FEL 2026 Base (NA_inputs/base_fel_v260707_v2.xlsx),2026-05-28,Konstantin Loffler <kl@wip.tu-berlin.de>
California,Power_Buildings_Heat,2025,192.3015183186182,,PJ,FEL 2026 Base (NA_inputs/base_fel_v260707_v2.xlsx),2026-05-28,Konstantin Loffler <kl@wip.tu-berlin.de>
California,Power_DataCenter,2025,16.795143288000002,,PJ,FEL 2026 Base (NA_inputs/base_fel_v260707_v2.xlsx),2026-05-28,Konstantin Loffler <kl@wip.tu-berlin.de>
California,Power_General,2025,737.504131834485,,PJ,FEL 2026 Base (NA_inputs/base_fel_v260707_v2.xlsx),2026-05-28,Konstantin Loffler <kl@wip.tu-berlin.de>
California,Power_Hydrogen,2025,0.2957304168,,PJ,FEL 2026 Base (NA_inputs/base_fel_v260707_v2.xlsx),2026-05-28,Konstantin Loffler <kl@wip.tu-berlin.de>
California,Power_BEVs,2026,31.459423325924455,,PJ,FEL 2026 Base (NA_inputs/base_fel_v260707_v2.xlsx),2026-05-28,Konstantin Loffler <kl@wip.tu-berlin.de>
California,Power_Buildings_Heat,2026,185.16246368833126,,PJ,FEL 2026 Base (NA_inputs/base_fel_v260707_v2.xlsx),2026-05-28,Konstantin Loffler <kl@wip.tu-berlin.de>
California,Power_DataCenter,2026,18.448898479011206,,PJ,FEL 2026 Base (NA_inputs/base_fel_v260707_v2.xlsx),2026-05-28,Konstantin Loffler <kl@wip.tu-berlin.de>
California,Power_General,2026,726.6408972132194,,PJ,FEL 2026 Base (NA_inputs/base_fel_v260707_v2.xlsx),2026-05-28,Konstantin Loffler <kl@wip.tu-berlin.de>
California,Power_Hydrogen,2026,0.70073813664,,PJ,FEL 2026 Base (NA_inputs/base_fel_v260707_v2.xlsx),2026-05-28,Konstantin Loffler <kl@wip.tu-berlin.de>
California,Power_BEVs,2027,34.106970449030904,,PJ,FEL 2026 Base (NA_inputs/base_fel_v260707_v2.xlsx),2026-05-28,Konstantin Loffler <kl@wip.tu-berlin.de>
California,Power_Buildings_Heat,2027,180.24505093580842,,PJ,FEL 2026 Base (NA_inputs/base_fel_v260707_v2.xlsx),2026-05-28,Konstantin Loffler <kl@wip.tu-berlin.de>
California,Power_DataCenter,2027,20.7208748707836,,PJ,FEL 2026 Base (NA_inputs/base_fel_v260707_v2.xlsx),2026-05-28,Konstantin Loffler <kl@wip.tu-berlin.de>
California,Power_General,2027,726.8238409605168,,PJ,FEL 2026 Base (NA_inputs/base_fel_v260707_v2.xlsx),2026-05-28,Konstantin Loffler <kl@wip.tu-berlin.de>
California,Power_Hydrogen,2027,1.0409703595200002,,PJ,FEL 2026 Base (NA_inputs/base_fel_v260707_v2.xlsx),2026-05-28,Konstantin Loffler <kl@wip.tu-berlin.de>
California,Power_BEVs,2028,37.729070788300255,,PJ,FEL 2026 Base (NA_inputs/base_fel_v260707_v2.xlsx),2026-05-28,Konstantin Loffler <kl@wip.tu-berlin.de>
California,Power_Buildings_Heat,2028,177.3843964465641,,PJ,FEL 2026 Base (NA_inputs/base_fel_v260707_v2.xlsx),2026-05-28,Konstantin Loffler <kl@wip.tu-berlin.de>
California,Power_DataCenter,2028,27.98484302984791,,PJ,FEL 2026 Base (NA_inputs/base_fel_v260707_v2.xlsx),2026-05-28,Konstantin Loffler <kl@wip.tu-berlin.de>
California,Power_General,2028,737.4575606089495,,PJ,FEL 2026 Base (NA_inputs/base_fel_v260707_v2.xlsx),2026-05-28,Konstantin Loffler <kl@wip.tu-berlin.de>
California,Power_Hydrogen,2028,1.1322198576,,PJ,FEL 2026 Base (NA_inputs/base_fel_v260707_v2.xlsx),2026-05-28,Konstantin Loffler <kl@wip.tu-berlin.de>
California,Power_BEVs,2029,42.84014167676296,,PJ,FEL 2026 Base (NA_inputs/base_fel_v260707_v2.xlsx),2026-05-28,Konstantin Loffler <kl@wip.tu-berlin.de>
California,Power_Buildings_Heat,2029,175.5515251672574,,PJ,FEL 2026 Base (NA_inputs/base_fel_v260707_v2.xlsx),2026-05-28,Konstantin Loffler <kl@wip.tu-berlin.de>
California,Power_DataCenter,2029,32.5021518344844,,PJ,FEL 2026 Base (NA_inputs/base_fel_v260707_v2.xlsx),2026-05-28,Konstantin Loffler <kl@wip.tu-berlin.de>
California,Power_General,2029,754.949435353243,,PJ,FEL 2026 Base (NA_inputs/base_fel_v260707_v2.xlsx),2026-05-28,Konstantin Loffler <kl@wip.tu-berlin.de>
California,Power_Hydrogen,2029,1.11671352,,PJ,FEL 2026 Base (NA_inputs/base_fel_v260707_v2.xlsx),2026-05-28,Konstantin Loffler <kl@wip.tu-berlin.de>
California,Power_BEVs,2030,49.719625778025346,,PJ,FEL 2026 Base (NA_inputs/base_fel_v260707_v2.xlsx),2026-05-28,Konstantin Loffler <kl@wip.tu-berlin.de>
California,Power_Buildings_Heat,2030,173.40480155359188,,PJ,FEL 2026 Base (NA_inputs/base_fel_v260707_v2.xlsx),2026-05-28,Konstantin Loffler <kl@wip.tu-berlin.de>
California,Power_DataCenter,2030,33.297968189614004,,PJ,FEL 2026 Base (NA_inputs/base_fel_v260707_v2.xlsx),2026-05-28,Konstantin Loffler <kl@wip.tu-berlin.de>
California,Power_General,2030,771.557133262407,,PJ,FEL 2026 Base (NA_inputs/base_fel_v260707_v2.xlsx),2026-05-28,Konstantin Loffler <kl@wip.tu-berlin.de>
California,Power_Hydrogen,2030,0.8198611344,,PJ,FEL 2026 Base (NA_inputs/base_fel_v260707_v2.xlsx),2026-05-28,Konstantin Loffler <kl@wip.tu-berlin.de>
California,Power_BEVs,2031,59.04060273361515,,PJ,FEL 2026 Base (NA_inputs/base_fel_v260707_v2.xlsx),2026-05-28,Konstantin Loffler <kl@wip.tu-berlin.de>
California,Power_Buildings_Heat,2031,172.12672344259,,PJ,FEL 2026 Base (NA_inputs/base_fel_v260707_v2.xlsx),2026-05-28,Konstantin Loffler <kl@wip.tu-berlin.de>
California,Power_DataCenter,2031,42.51057988485046,,PJ,FEL 2026 Base (NA_inputs/base_fel_v260707_v2.xlsx),2026-05-28,Konstantin Loffler <kl@wip.tu-berlin.de>
California,Power_General,2031,789.5813595617078,,PJ,FEL 2026 Base (NA_inputs/base_fel_v260707_v2.xlsx),2026-05-28,Konstantin Loffler <kl@wip.tu-berlin.de>
California,Power_Hydrogen,2031,0.7978081608,,PJ,FEL 2026 Base (NA_inputs/base_fel_v260707_v2.xlsx),2026-05-28,Konstantin Loffler <kl@wip.tu-berlin.de>
California,Power_BEVs,2032,69.58012624612938,,PJ,FEL 2026 Base (NA_inputs/base_fel_v260707_v2.xlsx),2026-05-28,Konstantin Loffler <kl@wip.tu-berlin.de>
California,Power_Buildings_Heat,2032,171.65192942124912,,PJ,FEL 2026 Base (NA_inputs/base_fel_v260707_v2.xlsx),2026-05-28,Konstantin Loffler <kl@wip.tu-berlin.de>
California,Power_DataCenter,2032,49.53217644523566,,PJ,FEL 2026 Base (NA_inputs/base_fel_v260707_v2.xlsx),2026-05-28,Konstantin Loffler <kl@wip.tu-berlin.de>
California,Power_General,2032,812.5817387288712,,PJ,FEL 2026 Base (NA_inputs/base_fel_v260707_v2.xlsx),2026-05-28,Konstantin Loffler <kl@wip.tu-berlin.de>
California,Power_Hydrogen,2032,0.7935287148,,PJ,FEL 2026 Base (NA_inputs/base_fel_v260707_v2.xlsx),2026-05-28,Konstantin Loffler <kl@wip.tu-berlin.de>
California,Power_BEVs,2033,82.5591636814402,,PJ,FEL 2026 Base (NA_inputs/base_fel_v260707_v2.xlsx),2026-05-28,Konstantin Loffler <kl@wip.tu-berlin.de>
California,Power_Buildings_Heat,2033,172.30414193420563,,PJ,FEL 2026 Base (NA_inputs/base_fel_v260707_v2.xlsx),2026-05-28,Konstantin Loffler <kl@wip.tu-berlin.de>
California,Power_DataCenter,2033,56.32585654505825,,PJ,FEL 2026 Base (NA_inputs/base_fel_v260707_v2.xlsx),2026-05-28,Konstantin Loffler <kl@wip.tu-berlin.de>
California,Power_General,2033,839.7934331105013,,PJ,FEL 2026 Base (NA_inputs/base_fel_v260707_v2.xlsx),2026-05-28,Konstantin Loffler <kl@wip.tu-berlin.de>
California,Power_Hydrogen,2033,0.807003648,,PJ,FEL 2026 Base (NA_inputs/base_fel_v260707_v2.xlsx),2026-05-28,Konstantin Loffler <kl@wip.tu-berlin.de>
California,Power_BEVs,2034,96.32426116435363,,PJ,FEL 2026 Base (NA_inputs/base_fel_v260707_v2.xlsx),2026-05-28,Konstantin Loffler <kl@wip.tu-berlin.de>
California,Power_Buildings_Heat,2034,172.88793755728489,,PJ,FEL 2026 Base (NA_inputs/base_fel_v260707_v2.xlsx),2026-05-28,Konstantin Loffler <kl@wip.tu-berlin.de>
California,Power_DataCenter,2034,64.37908854112054,,PJ,FEL 2026 Base (NA_inputs/base_fel_v260707_v2.xlsx),2026-05-28,Konstantin Loffler <kl@wip.tu-berlin.de>
California,Power_General,2034,866.8652109662053,,PJ,FEL 2026 Base (NA_inputs/base_fel_v260707_v2.xlsx),2026-05-28,Konstantin Loffler <kl@wip.tu-berlin.de>
California,Power_Hydrogen,2034,0.82210405536,,PJ,FEL 2026 Base (NA_inputs/base_fel_v260707_v2.xlsx),2026-05-28,Konstantin Loffler <kl@wip.tu-berlin.de>
California,Power_BEVs,2035,111.74184815226356,,PJ,FEL 2026 Base (NA_inputs/base_fel_v260707_v2.xlsx),2026-05-28,Konstantin Loffler <kl@wip.tu-berlin.de>
California,Power_Buildings_Heat,2035,174.123809929745,,PJ,FEL 2026 Base (NA_inputs/base_fel_v260707_v2.xlsx),2026-05-28,Konstantin Loffler <kl@wip.tu-berlin.de>
California,Power_DataCenter,2035,71.34762381688127,,PJ,FEL 2026 Base (NA_inputs/base_fel_v260707_v2.xlsx),2026-05-28,Konstantin Loffler <kl@wip.tu-berlin.de>
California,Power_General,2035,895.7882299236591,,PJ,FEL 2026 Base (NA_inputs/base_fel_v260707_v2.xlsx),2026-05-28,Konstantin Loffler <kl@wip.tu-berlin.de>
California,Power_Hydrogen,2035,0.8358222816,,PJ,FEL 2026 Base (NA_inputs/base_fel_v260707_v2.xlsx),2026-05-28,Konstantin Loffler <kl@wip.tu-berlin.de>
California,Power_BEVs,2036,129.29000919643443,,PJ,FEL 2026 Base (NA_inputs/base_fel_v260707_v2.xlsx),2026-05-28,Konstantin Loffler <kl@wip.tu-berlin.de>
California,Power_Buildings_Heat,2036,173.19728370961653,,PJ,FEL 2026 Base (NA_inputs/base_fel_v260707_v2.xlsx),2026-05-28,Konstantin Loffler <kl@wip.tu-berlin.de>
California,Power_DataCenter,2036,77.49880824166524,,PJ,FEL 2026 Base (NA_inputs/base_fel_v260707_v2.xlsx),2026-05-28,Konstantin Loffler <kl@wip.tu-berlin.de>
California,Power_General,2036,913.7096491891924,,PJ,FEL 2026 Base (NA_inputs/base_fel_v260707_v2.xlsx),2026-05-28,Konstantin Loffler <kl@wip.tu-berlin.de>
California,Power_Hydrogen,2036,0.8407319241600001,,PJ,FEL 2026 Base (NA_inputs/base_fel_v260707_v2.xlsx),2026-05-28,Konstantin Loffler <kl@wip.tu-berlin.de>
California,Power_BEVs,2037,147.42116324579095,,PJ,FEL 2026 Base (NA_inputs/base_fel_v260707_v2.xlsx),2026-05-28,Konstantin Loffler <kl@wip.tu-berlin.de>
California,Power_Buildings_Heat,2037,172.60943606342317,,PJ,FEL 2026 Base (NA_inputs/base_fel_v260707_v2.xlsx),2026-05-28,Konstantin Loffler <kl@wip.tu-berlin.de>
California,Power_DataCenter,2037,83.25586256818896,,PJ,FEL 2026 Base (NA_inputs/base_fel_v260707_v2.xlsx),2026-05-28,Konstantin Loffler <kl@wip.tu-berlin.de>
California,Power_General,2037,932.1043669768495,,PJ,FEL 2026 Base (NA_inputs/base_fel_v260707_v2.xlsx),2026-05-28,Konstantin Loffler <kl@wip.tu-berlin.de>
California,Power_Hydrogen,2037,0.84717952704,,PJ,FEL 2026 Base (NA_inputs/base_fel_v260707_v2.xlsx),2026-05-28,Konstantin Loffler <kl@wip.tu-berlin.de>
California,Power_BEVs,2038,163.66967437501702,,PJ,FEL 2026 Base (NA_inputs/base_fel_v260707_v2.xlsx),2026-05-28,Konstantin Loffler <kl@wip.tu-berlin.de>
California,Power_Buildings_Heat,2038,172.113431379469,,PJ,FEL 2026 Base (NA_inputs/base_fel_v260707_v2.xlsx),2026-05-28,Konstantin Loffler <kl@wip.tu-berlin.de>
California,Power_DataCenter,2038,88.44746028404818,,PJ,FEL 2026 Base (NA_inputs/base_fel_v260707_v2.xlsx),2026-05-28,Konstantin Loffler <kl@wip.tu-berlin.de>
California,Power_General,2038,950.1992020366092,,PJ,FEL 2026 Base (NA_inputs/base_fel_v260707_v2.xlsx),2026-05-28,Konstantin Loffler <kl@wip.tu-berlin.de>
California,Power_Hydrogen,2038,0.85152722256,,PJ,FEL 2026 Base (NA_inputs/base_fel_v260707_v2.xlsx),2026-05-28,Konstantin Loffler <kl@wip.tu-berlin.de>
California,Power_BEVs,2039,179.01488479845742,,PJ,FEL 2026 Base (NA_inputs/base_fel_v260707_v2.xlsx),2026-05-28,Konstantin Loffler <kl@wip.tu-berlin.de>
California,Power_Buildings_Heat,2039,173.73766615462546,,PJ,FEL 2026 Base (NA_inputs/base_fel_v260707_v2.xlsx),2026-05-28,Konstantin Loffler <kl@wip.tu-berlin.de>
California,Power_DataCenter,2039,92.90773935265803,,PJ,FEL 2026 Base (NA_inputs/base_fel_v260707_v2.xlsx),2026-05-28,Konstantin Loffler <kl@wip.tu-berlin.de>
California,Power_General,2039,966.3268322958418,,PJ,FEL 2026 Base (NA_inputs/base_fel_v260707_v2.xlsx),2026-05-28,Konstantin Loffler <kl@wip.tu-berlin.de>
California,Power_Hydrogen,2039,0.85747203072,,PJ,FEL 2026 Base (NA_inputs/base_fel_v260707_v2.xlsx),2026-05-28,Konstantin Loffler <kl@wip.tu-berlin.de>
California,Power_BEVs,2040,194.15313613648138,,PJ,FEL 2026 Base (NA_inputs/base_fel_v260707_v2.xlsx),2026-05-28,Konstantin Loffler <kl@wip.tu-berlin.de>
California,Power_Buildings_Heat,2040,173.77829744123386,,PJ,FEL 2026 Base (NA_inputs/base_fel_v260707_v2.xlsx),2026-05-28,Konstantin Loffler <kl@wip.tu-berlin.de>
California,Power_DataCenter,2040,96.48468731773534,,PJ,FEL 2026 Base (NA_inputs/base_fel_v260707_v2.xlsx),2026-05-28,Konstantin Loffler <kl@wip.tu-berlin.de>
California,Power_General,2040,984.1822522343999,,PJ,FEL 2026 Base (NA_inputs/base_fel_v260707_v2.xlsx),2026-05-28,Konstantin Loffler <kl@wip.tu-berlin.de>
California,Power_Hydrogen,2040,0.8612577792,,PJ,FEL 2026 Base (NA_inputs/base_fel_v260707_v2.xlsx),2026-05-28,Konstantin Loffler <kl@wip.tu-berlin.de>
Canada,Power_BEVs,2025,11.457034838490767,,PJ,FEL 2026 Base (NA_inputs/base_fel_v260707_v2.xlsx),2026-05-28,Konstantin Loffler <kl@wip.tu-berlin.de>
Canada,Power_Buildings_Heat,2025,42.567174294193975,,PJ,FEL 2026 Base (NA_inputs/base_fel_v260707_v2.xlsx),2026-05-28,Konstantin Loffler <kl@wip.tu-berlin.de>
Canada,Power_DataCenter,2025,61.67669579762846,,PJ,FEL 2026 Base (NA_inputs/base_fel_v260707_v2.xlsx),2026-05-28,Konstantin Loffler <kl@wip.tu-berlin.de>
Canada,Power_General,2025,1847.120860536062,,PJ,FEL 2026 Base (NA_inputs/base_fel_v260707_v2.xlsx),2026-05-28,Konstantin Loffler <kl@wip.tu-berlin.de>
Canada,Power_Hydrogen,2025,0.0,,PJ,FEL 2026 Base (NA_inputs/base_fel_v260707_v2.xlsx),2026-05-28,Konstantin Loffler <kl@wip.tu-berlin.de>
Canada,Power_BEVs,2026,15.893710060451912,,PJ,FEL 2026 Base (NA_inputs/base_fel_v260707_v2.xlsx),2026-05-28,Konstantin Loffler <kl@wip.tu-berlin.de>
Canada,Power_Buildings_Heat,2026,46.13636994327757,,PJ,FEL 2026 Base (NA_inputs/base_fel_v260707_v2.xlsx),2026-05-28,Konstantin Loffler <kl@wip.tu-berlin.de>
Canada,Power_DataCenter,2026,92.99358610019515,,PJ,FEL 2026 Base (NA_inputs/base_fel_v260707_v2.xlsx),2026-05-28,Konstantin Loffler <kl@wip.tu-berlin.de>
Canada,Power_General,2026,1836.371119494837,,PJ,FEL 2026 Base (NA_inputs/base_fel_v260707_v2.xlsx),2026-05-28,Konstantin Loffler <kl@wip.tu-berlin.de>
Canada,Power_Hydrogen,2026,1.198368,,PJ,FEL 2026 Base (NA_inputs/base_fel_v260707_v2.xlsx),2026-05-28,Konstantin Loffler <kl@wip.tu-berlin.de>
Canada,Power_BEVs,2027,22.177086364649128,,PJ,FEL 2026 Base (NA_inputs/base_fel_v260707_v2.xlsx),2026-05-28,Konstantin Loffler <kl@wip.tu-berlin.de>
Canada,Power_Buildings_Heat,2027,49.86717848715274,,PJ,FEL 2026 Base (NA_inputs/base_fel_v260707_v2.xlsx),2026-05-28,Konstantin Loffler <kl@wip.tu-berlin.de>
Canada,Power_DataCenter,2027,125.02705760182204,,PJ,FEL 2026 Base (NA_inputs/base_fel_v260707_v2.xlsx),2026-05-28,Konstantin Loffler <kl@wip.tu-berlin.de>
Canada,Power_General,2027,1849.6936132005633,,PJ,FEL 2026 Base (NA_inputs/base_fel_v260707_v2.xlsx),2026-05-28,Konstantin Loffler <kl@wip.tu-berlin.de>
Canada,Power_Hydrogen,2027,2.459808,,PJ,FEL 2026 Base (NA_inputs/base_fel_v260707_v2.xlsx),2026-05-28,Konstantin Loffler <kl@wip.tu-berlin.de>
Canada,Power_BEVs,2028,30.22046167573245,,PJ,FEL 2026 Base (NA_inputs/base_fel_v260707_v2.xlsx),2026-05-28,Konstantin Loffler <kl@wip.tu-berlin.de>
Canada,Power_Buildings_Heat,2028,54.08436261421961,,PJ,FEL 2026 Base (NA_inputs/base_fel_v260707_v2.xlsx),2026-05-28,Konstantin Loffler <kl@wip.tu-berlin.de>
Canada,Power_DataCenter,2028,158.63336783076952,,PJ,FEL 2026 Base (NA_inputs/base_fel_v260707_v2.xlsx),2026-05-28,Konstantin Loffler <kl@wip.tu-berlin.de>
Canada,Power_General,2028,1859.1052816946708,,PJ,FEL 2026 Base (NA_inputs/base_fel_v260707_v2.xlsx),2026-05-28,Konstantin Loffler <kl@wip.tu-berlin.de>
Canada,Power_Hydrogen,2028,4.919616,,PJ,FEL 2026 Base (NA_inputs/base_fel_v260707_v2.xlsx),2026-05-28,Konstantin Loffler <kl@wip.tu-berlin.de>
Canada,Power_BEVs,2029,39.927311426135596,,PJ,FEL 2026 Base (NA_inputs/base_fel_v260707_v2.xlsx),2026-05-28,Konstantin Loffler <kl@wip.tu-berlin.de>
Canada,Power_Buildings_Heat,2029,58.625352602478195,,PJ,FEL 2026 Base (NA_inputs/base_fel_v260707_v2.xlsx),2026-05-28,Konstantin Loffler <kl@wip.tu-berlin.de>
Canada,Power_DataCenter,2029,205.03999645656933,,PJ,FEL 2026 Base (NA_inputs/base_fel_v260707_v2.xlsx),2026-05-28,Konstantin Loffler <kl@wip.tu-berlin.de>
Canada,Power_General,2029,1862.0518134195074,,PJ,FEL 2026 Base (NA_inputs/base_fel_v260707_v2.xlsx),2026-05-28,Konstantin Loffler <kl@wip.tu-berlin.de>
Canada,Power_Hydrogen,2029,8.609328,,PJ,FEL 2026 Base (NA_inputs/base_fel_v260707_v2.xlsx),2026-05-28,Konstantin Loffler <kl@wip.tu-berlin.de>
Canada,Power_BEVs,2030,51.910714922867925,,PJ,FEL 2026 Base (NA_inputs/base_fel_v260707_v2.xlsx),2026-05-28,Konstantin Loffler <kl@wip.tu-berlin.de>
Canada,Power_Buildings_Heat,2030,63.490025182669356,,PJ,FEL 2026 Base (NA_inputs/base_fel_v260707_v2.xlsx),2026-05-28,Konstantin Loffler <kl@wip.tu-berlin.de>
Canada,Power_DataCenter,2030,255.3280276388732,,PJ,FEL 2026 Base (NA_inputs/base_fel_v260707_v2.xlsx),2026-05-28,Konstantin Loffler <kl@wip.tu-berlin.de>
Canada,Power_General,2030,1865.3296689194892,,PJ,FEL 2026 Base (NA_inputs/base_fel_v260707_v2.xlsx),2026-05-28,Konstantin Loffler <kl@wip.tu-berlin.de>
Canada,Power_Hydrogen,2030,9.14544,,PJ,FEL 2026 Base (NA_inputs/base_fel_v260707_v2.xlsx),2026-05-28,Konstantin Loffler <kl@wip.tu-berlin.de>
Canada,Power_BEVs,2031,65.11000059175069,,PJ,FEL 2026 Base (NA_inputs/base_fel_v260707_v2.xlsx),2026-05-28,Konstantin Loffler <kl@wip.tu-berlin.de>
Canada,Power_Buildings_Heat,2031,68.67520692591732,,PJ,FEL 2026 Base (NA_inputs/base_fel_v260707_v2.xlsx),2026-05-28,Konstantin Loffler <kl@wip.tu-berlin.de>
Canada,Power_DataCenter,2031,333.003886380411,,PJ,FEL 2026 Base (NA_inputs/base_fel_v260707_v2.xlsx),2026-05-28,Konstantin Loffler <kl@wip.tu-berlin.de>
Canada,Power_General,2031,1868.1846671819656,,PJ,FEL 2026 Base (NA_inputs/base_fel_v260707_v2.xlsx),2026-05-28,Konstantin Loffler <kl@wip.tu-berlin.de>
Canada,Power_Hydrogen,2031,10.785312,,PJ,FEL 2026 Base (NA_inputs/base_fel_v260707_v2.xlsx),2026-05-28,Konstantin Loffler <kl@wip.tu-berlin.de>
Canada,Power_BEVs,2032,79.69563955642005,,PJ,FEL 2026 Base (NA_inputs/base_fel_v260707_v2.xlsx),2026-05-28,Konstantin Loffler <kl@wip.tu-berlin.de>
Canada,Power_Buildings_Heat,2032,74.02104511777765,,PJ,FEL 2026 Base (NA_inputs/base_fel_v260707_v2.xlsx),2026-05-28,Konstantin Loffler <kl@wip.tu-berlin.de>
Canada,Power_DataCenter,2032,418.8495830823112,,PJ,FEL 2026 Base (NA_inputs/base_fel_v260707_v2.xlsx),2026-05-28,Konstantin Loffler <kl@wip.tu-berlin.de>
Canada,Power_General,2032,1872.5107549193515,,PJ,FEL 2026 Base (NA_inputs/base_fel_v260707_v2.xlsx),2026-05-28,Konstantin Loffler <kl@wip.tu-berlin.de>
Canada,Power_Hydrogen,2032,12.582864,,PJ,FEL 2026 Base (NA_inputs/base_fel_v260707_v2.xlsx),2026-05-28,Konstantin Loffler <kl@wip.tu-berlin.de>
Canada,Power_BEVs,2033,96.44727591000648,,PJ,FEL 2026 Base (NA_inputs/base_fel_v260707_v2.xlsx),2026-05-28,Konstantin Loffler <kl@wip.tu-berlin.de>
Canada,Power_Buildings_Heat,2033,79.52745826973815,,PJ,FEL 2026 Base (NA_inputs/base_fel_v260707_v2.xlsx),2026-05-28,Konstantin Loffler <kl@wip.tu-berlin.de>
Canada,Power_DataCenter,2033,509.654934630845,,PJ,FEL 2026 Base (NA_inputs/base_fel_v260707_v2.xlsx),2026-05-28,Konstantin Loffler <kl@wip.tu-berlin.de>
Canada,Power_General,2033,1875.6815780614334,,PJ,FEL 2026 Base (NA_inputs/base_fel_v260707_v2.xlsx),2026-05-28,Konstantin Loffler <kl@wip.tu-berlin.de>
Canada,Power_Hydrogen,2033,14.632704,,PJ,FEL 2026 Base (NA_inputs/base_fel_v260707_v2.xlsx),2026-05-28,Konstantin Loffler <kl@wip.tu-berlin.de>
Canada,Power_BEVs,2034,113.5632297240405,,PJ,FEL 2026 Base (NA_inputs/base_fel_v260707_v2.xlsx),2026-05-28,Konstantin Loffler <kl@wip.tu-berlin.de>
Canada,Power_Buildings_Heat,2034,85.35663250630357,,PJ,FEL 2026 Base (NA_inputs/base_fel_v260707_v2.xlsx),2026-05-28,Konstantin Loffler <kl@wip.tu-berlin.de>
Canada,Power_DataCenter,2034,565.7533813641398,,PJ,FEL 2026 Base (NA_inputs/base_fel_v260707_v2.xlsx),2026-05-28,Konstantin Loffler <kl@wip.tu-berlin.de>
Canada,Power_General,2034,1877.8282318628774,,PJ,FEL 2026 Base (NA_inputs/base_fel_v260707_v2.xlsx),2026-05-28,Konstantin Loffler <kl@wip.tu-berlin.de>
Canada,Power_Hydrogen,2034,16.745616000000002,,PJ,FEL 2026 Base (NA_inputs/base_fel_v260707_v2.xlsx),2026-05-28,Konstantin Loffler <kl@wip.tu-berlin.de>
Canada,Power_BEVs,2035,133.2750522350434,,PJ,FEL 2026 Base (NA_inputs/base_fel_v260707_v2.xlsx),2026-05-28,Konstantin Loffler <kl@wip.tu-berlin.de>
Canada,Power_Buildings_Heat,2035,91.34616459207554,,PJ,FEL 2026 Base (NA_inputs/base_fel_v260707_v2.xlsx),2026-05-28,Konstantin Loffler <kl@wip.tu-berlin.de>
Canada,Power_DataCenter,2035,640.3942818694321,,PJ,FEL 2026 Base (NA_inputs/base_fel_v260707_v2.xlsx),2026-05-28,Konstantin Loffler <kl@wip.tu-berlin.de>
Canada,Power_General,2035,1879.4320796071902,,PJ,FEL 2026 Base (NA_inputs/base_fel_v260707_v2.xlsx),2026-05-28,Konstantin Loffler <kl@wip.tu-berlin.de>
Canada,Power_Hydrogen,2035,18.9216,,PJ,FEL 2026 Base (NA_inputs/base_fel_v260707_v2.xlsx),2026-05-28,Konstantin Loffler <kl@wip.tu-berlin.de>
Canada,Power_BEVs,2036,151.52541256749774,,PJ,FEL 2026 Base (NA_inputs/base_fel_v260707_v2.xlsx),2026-05-28,Konstantin Loffler <kl@wip.tu-berlin.de>
Canada,Power_Buildings_Heat,2036,97.49245058107071,,PJ,FEL 2026 Base (NA_inputs/base_fel_v260707_v2.xlsx),2026-05-28,Konstantin Loffler <kl@wip.tu-berlin.de>
Canada,Power_DataCenter,2036,705.987587866114,,PJ,FEL 2026 Base (NA_inputs/base_fel_v260707_v2.xlsx),2026-05-28,Konstantin Loffler <kl@wip.tu-berlin.de>
Canada,Power_General,2036,1880.9367335157879,,PJ,FEL 2026 Base (NA_inputs/base_fel_v260707_v2.xlsx),2026-05-28,Konstantin Loffler <kl@wip.tu-berlin.de>
Canada,Power_Hydrogen,2036,21.160656,,PJ,FEL 2026 Base (NA_inputs/base_fel_v260707_v2.xlsx),2026-05-28,Konstantin Loffler <kl@wip.tu-berlin.de>
Canada,Power_BEVs,2037,169.37719845408247,,PJ,FEL 2026 Base (NA_inputs/base_fel_v260707_v2.xlsx),2026-05-28,Konstantin Loffler <kl@wip.tu-berlin.de>
Canada,Power_Buildings_Heat,2037,103.79852151774382,,PJ,FEL 2026 Base (NA_inputs/base_fel_v260707_v2.xlsx),2026-05-28,Konstantin Loffler <kl@wip.tu-berlin.de>
Canada,Power_DataCenter,2037,780.7392148166435,,PJ,FEL 2026 Base (NA_inputs/base_fel_v260707_v2.xlsx),2026-05-28,Konstantin Loffler <kl@wip.tu-berlin.de>
Canada,Power_General,2037,1881.9211341545554,,PJ,FEL 2026 Base (NA_inputs/base_fel_v260707_v2.xlsx),2026-05-28,Konstantin Loffler <kl@wip.tu-berlin.de>
Canada,Power_Hydrogen,2037,23.462784,,PJ,FEL 2026 Base (NA_inputs/base_fel_v260707_v2.xlsx),2026-05-28,Konstantin Loffler <kl@wip.tu-berlin.de>
Canada,Power_BEVs,2038,186.92769080005988,,PJ,FEL 2026 Base (NA_inputs/base_fel_v260707_v2.xlsx),2026-05-28,Konstantin Loffler <kl@wip.tu-berlin.de>
Canada,Power_Buildings_Heat,2038,110.26428727538052,,PJ,FEL 2026 Base (NA_inputs/base_fel_v260707_v2.xlsx),2026-05-28,Konstantin Loffler <kl@wip.tu-berlin.de>
Canada,Power_DataCenter,2038,853.1217067568284,,PJ,FEL 2026 Base (NA_inputs/base_fel_v260707_v2.xlsx),2026-05-28,Konstantin Loffler <kl@wip.tu-berlin.de>
Canada,Power_General,2038,1883.5223531516215,,PJ,FEL 2026 Base (NA_inputs/base_fel_v260707_v2.xlsx),2026-05-28,Konstantin Loffler <kl@wip.tu-berlin.de>
Canada,Power_Hydrogen,2038,25.827984,,PJ,FEL 2026 Base (NA_inputs/base_fel_v260707_v2.xlsx),2026-05-28,Konstantin Loffler <kl@wip.tu-berlin.de>
Canada,Power_BEVs,2039,201.97791839821767,,PJ,FEL 2026 Base (NA_inputs/base_fel_v260707_v2.xlsx),2026-05-28,Konstantin Loffler <kl@wip.tu-berlin.de>
Canada,Power_Buildings_Heat,2039,116.88965815529569,,PJ,FEL 2026 Base (NA_inputs/base_fel_v260707_v2.xlsx),2026-05-28,Konstantin Loffler <kl@wip.tu-berlin.de>
Canada,Power_DataCenter,2039,908.5898520122141,,PJ,FEL 2026 Base (NA_inputs/base_fel_v260707_v2.xlsx),2026-05-28,Konstantin Loffler <kl@wip.tu-berlin.de>
Canada,Power_General,2039,1889.1724049833995,,PJ,FEL 2026 Base (NA_inputs/base_fel_v260707_v2.xlsx),2026-05-28,Konstantin Loffler <kl@wip.tu-berlin.de>
Canada,Power_Hydrogen,2039,28.256256,,PJ,FEL 2026 Base (NA_inputs/base_fel_v260707_v2.xlsx),2026-05-28,Konstantin Loffler <kl@wip.tu-berlin.de>
Canada,Power_BEVs,2040,223.3670332722986,,PJ,FEL 2026 Base (NA_inputs/base_fel_v260707_v2.xlsx),2026-05-28,Konstantin Loffler <kl@wip.tu-berlin.de>
Canada,Power_Buildings_Heat,2040,123.67454488936366,,PJ,FEL 2026 Base (NA_inputs/base_fel_v260707_v2.xlsx),2026-05-28,Konstantin Loffler <kl@wip.tu-berlin.de>
Canada,Power_DataCenter,2040,969.4218095698812,,PJ,FEL 2026 Base (NA_inputs/base_fel_v260707_v2.xlsx),2026-05-28,Konstantin Loffler <kl@wip.tu-berlin.de>
Canada,Power_General,2040,1890.706188340565,,PJ,FEL 2026 Base (NA_inputs/base_fel_v260707_v2.xlsx),2026-05-28,Konstantin Loffler <kl@wip.tu-berlin.de>
Canada,Power_Hydrogen,2040,30.747600000000002,,PJ,FEL 2026 Base (NA_inputs/base_fel_v260707_v2.xlsx),2026-05-28,Konstantin Loffler <kl@wip.tu-berlin.de>
ERCOT,Power_BEVs,2025,0.0,,PJ,FEL 2026 Base (NA_inputs/base_fel_v260707_v2.xlsx),2026-05-28,Konstantin Loffler <kl@wip.tu-berlin.de>
ERCOT,Power_Buildings_Heat,2025,295.9288448761302,,PJ,FEL 2026 Base (NA_inputs/base_fel_v260707_v2.xlsx),2026-05-28,Konstantin Loffler <kl@wip.tu-berlin.de>
ERCOT,Power_DataCenter,2025,56.0347053336,,PJ,FEL 2026 Base (NA_inputs/base_fel_v260707_v2.xlsx),2026-05-28,Konstantin Loffler <kl@wip.tu-berlin.de>
ERCOT,Power_General,2025,1457.289821297837,,PJ,FEL 2026 Base (NA_inputs/base_fel_v260707_v2.xlsx),2026-05-28,Konstantin Loffler <kl@wip.tu-berlin.de>
ERCOT,Power_Hydrogen,2025,1.0352648592,,PJ,FEL 2026 Base (NA_inputs/base_fel_v260707_v2.xlsx),2026-05-28,Konstantin Loffler <kl@wip.tu-berlin.de>
ERCOT,Power_BEVs,2026,8.396139518377677,,PJ,FEL 2026 Base (NA_inputs/base_fel_v260707_v2.xlsx),2026-05-28,Konstantin Loffler <kl@wip.tu-berlin.de>
ERCOT,Power_Buildings_Heat,2026,305.8032279653997,,PJ,FEL 2026 Base (NA_inputs/base_fel_v260707_v2.xlsx),2026-05-28,Konstantin Loffler <kl@wip.tu-berlin.de>
ERCOT,Power_DataCenter,2026,123.45910460443119,,PJ,FEL 2026 Base (NA_inputs/base_fel_v260707_v2.xlsx),2026-05-28,Konstantin Loffler <kl@wip.tu-berlin.de>
ERCOT,Power_General,2026,1460.717265462846,,PJ,FEL 2026 Base (NA_inputs/base_fel_v260707_v2.xlsx),2026-05-28,Konstantin Loffler <kl@wip.tu-berlin.de>
ERCOT,Power_Hydrogen,2026,2.63537260128,,PJ,FEL 2026 Base (NA_inputs/base_fel_v260707_v2.xlsx),2026-05-28,Konstantin Loffler <kl@wip.tu-berlin.de>
ERCOT,Power_BEVs,2027,7.472087363193353,,PJ,FEL 2026 Base (NA_inputs/base_fel_v260707_v2.xlsx),2026-05-28,Konstantin Loffler <kl@wip.tu-berlin.de>
ERCOT,Power_Buildings_Heat,2027,327.9548176450616,,PJ,FEL 2026 Base (NA_inputs/base_fel_v260707_v2.xlsx),2026-05-28,Konstantin Loffler <kl@wip.tu-berlin.de>
ERCOT,Power_DataCenter,2027,322.54246561557136,,PJ,FEL 2026 Base (NA_inputs/base_fel_v260707_v2.xlsx),2026-05-28,Konstantin Loffler <kl@wip.tu-berlin.de>
ERCOT,Power_General,2027,1526.1300066356332,,PJ,FEL 2026 Base (NA_inputs/base_fel_v260707_v2.xlsx),2026-05-28,Konstantin Loffler <kl@wip.tu-berlin.de>
ERCOT,Power_Hydrogen,2027,4.32316023984,,PJ,FEL 2026 Base (NA_inputs/base_fel_v260707_v2.xlsx),2026-05-28,Konstantin Loffler <kl@wip.tu-berlin.de>
ERCOT,Power_BEVs,2028,15.582833412526309,,PJ,FEL 2026 Base (NA_inputs/base_fel_v260707_v2.xlsx),2026-05-28,Konstantin Loffler <kl@wip.tu-berlin.de>
ERCOT,Power_Buildings_Heat,2028,342.26447064690285,,PJ,FEL 2026 Base (NA_inputs/base_fel_v260707_v2.xlsx),2026-05-28,Konstantin Loffler <kl@wip.tu-berlin.de>
ERCOT,Power_DataCenter,2028,527.5710271915924,,PJ,FEL 2026 Base (NA_inputs/base_fel_v260707_v2.xlsx),2026-05-28,Konstantin Loffler <kl@wip.tu-berlin.de>
ERCOT,Power_General,2028,1552.7358773243468,,PJ,FEL 2026 Base (NA_inputs/base_fel_v260707_v2.xlsx),2026-05-28,Konstantin Loffler <kl@wip.tu-berlin.de>
ERCOT,Power_Hydrogen,2028,4.993145726400001,,PJ,FEL 2026 Base (NA_inputs/base_fel_v260707_v2.xlsx),2026-05-28,Konstantin Loffler <kl@wip.tu-berlin.de>
ERCOT,Power_BEVs,2029,21.85256348410522,,PJ,FEL 2026 Base (NA_inputs/base_fel_v260707_v2.xlsx),2026-05-28,Konstantin Loffler <kl@wip.tu-berlin.de>
ERCOT,Power_Buildings_Heat,2029,347.7588407444748,,PJ,FEL 2026 Base (NA_inputs/base_fel_v260707_v2.xlsx),2026-05-28,Konstantin Loffler <kl@wip.tu-berlin.de>
ERCOT,Power_DataCenter,2029,750.6312669090476,,PJ,FEL 2026 Base (NA_inputs/base_fel_v260707_v2.xlsx),2026-05-28,Konstantin Loffler <kl@wip.tu-berlin.de>
ERCOT,Power_General,2029,1541.5353565402297,,PJ,FEL 2026 Base (NA_inputs/base_fel_v260707_v2.xlsx),2026-05-28,Konstantin Loffler <kl@wip.tu-berlin.de>
ERCOT,Power_Hydrogen,2029,5.05824696,,PJ,FEL 2026 Base (NA_inputs/base_fel_v260707_v2.xlsx),2026-05-28,Konstantin Loffler <kl@wip.tu-berlin.de>
ERCOT,Power_BEVs,2030,21.392951300359595,,PJ,FEL 2026 Base (NA_inputs/base_fel_v260707_v2.xlsx),2026-05-28,Konstantin Loffler <kl@wip.tu-berlin.de>
ERCOT,Power_Buildings_Heat,2030,350.30082391398764,,PJ,FEL 2026 Base (NA_inputs/base_fel_v260707_v2.xlsx),2026-05-28,Konstantin Loffler <kl@wip.tu-berlin.de>
ERCOT,Power_DataCenter,2030,967.0682711430007,,PJ,FEL 2026 Base (NA_inputs/base_fel_v260707_v2.xlsx),2026-05-28,Konstantin Loffler <kl@wip.tu-berlin.de>
ERCOT,Power_General,2030,1511.6307494057967,,PJ,FEL 2026 Base (NA_inputs/base_fel_v260707_v2.xlsx),2026-05-28,Konstantin Loffler <kl@wip.tu-berlin.de>
ERCOT,Power_Hydrogen,2030,3.7876253184000004,,PJ,FEL 2026 Base (NA_inputs/base_fel_v260707_v2.xlsx),2026-05-28,Konstantin Loffler <kl@wip.tu-berlin.de>
ERCOT,Power_BEVs,2031,30.70860893749482,,PJ,FEL 2026 Base (NA_inputs/base_fel_v260707_v2.xlsx),2026-05-28,Konstantin Loffler <kl@wip.tu-berlin.de>
ERCOT,Power_Buildings_Heat,2031,350.8882338620455,,PJ,FEL 2026 Base (NA_inputs/base_fel_v260707_v2.xlsx),2026-05-28,Konstantin Loffler <kl@wip.tu-berlin.de>
ERCOT,Power_DataCenter,2031,1121.6492746468336,,PJ,FEL 2026 Base (NA_inputs/base_fel_v260707_v2.xlsx),2026-05-28,Konstantin Loffler <kl@wip.tu-berlin.de>
ERCOT,Power_General,2031,1562.2638903419443,,PJ,FEL 2026 Base (NA_inputs/base_fel_v260707_v2.xlsx),2026-05-28,Konstantin Loffler <kl@wip.tu-berlin.de>
ERCOT,Power_Hydrogen,2031,3.7192504104,,PJ,FEL 2026 Base (NA_inputs/base_fel_v260707_v2.xlsx),2026-05-28,Konstantin Loffler <kl@wip.tu-berlin.de>
ERCOT,Power_BEVs,2032,38.869003847591685,,PJ,FEL 2026 Base (NA_inputs/base_fel_v260707_v2.xlsx),2026-05-28,Konstantin Loffler <kl@wip.tu-berlin.de>
ERCOT,Power_Buildings_Heat,2032,352.14420715655297,,PJ,FEL 2026 Base (NA_inputs/base_fel_v260707_v2.xlsx),2026-05-28,Konstantin Loffler <kl@wip.tu-berlin.de>
ERCOT,Power_DataCenter,2032,1258.6367502803544,,PJ,FEL 2026 Base (NA_inputs/base_fel_v260707_v2.xlsx),2026-05-28,Konstantin Loffler <kl@wip.tu-berlin.de>
ERCOT,Power_General,2032,1620.2313909927223,,PJ,FEL 2026 Base (NA_inputs/base_fel_v260707_v2.xlsx),2026-05-28,Konstantin Loffler <kl@wip.tu-berlin.de>
ERCOT,Power_Hydrogen,2032,3.7230782112,,PJ,FEL 2026 Base (NA_inputs/base_fel_v260707_v2.xlsx),2026-05-28,Konstantin Loffler <kl@wip.tu-berlin.de>
ERCOT,Power_BEVs,2033,49.63793795998915,,PJ,FEL 2026 Base (NA_inputs/base_fel_v260707_v2.xlsx),2026-05-28,Konstantin Loffler <kl@wip.tu-berlin.de>
ERCOT,Power_Buildings_Heat,2033,352.08947690318416,,PJ,FEL 2026 Base (NA_inputs/base_fel_v260707_v2.xlsx),2026-05-28,Konstantin Loffler <kl@wip.tu-berlin.de>
ERCOT,Power_DataCenter,2033,1358.7393913408566,,PJ,FEL 2026 Base (NA_inputs/base_fel_v260707_v2.xlsx),2026-05-28,Konstantin Loffler <kl@wip.tu-berlin.de>
ERCOT,Power_General,2033,1669.9902464006313,,PJ,FEL 2026 Base (NA_inputs/base_fel_v260707_v2.xlsx),2026-05-28,Konstantin Loffler <kl@wip.tu-berlin.de>
ERCOT,Power_Hydrogen,2033,3.7712687616000005,,PJ,FEL 2026 Base (NA_inputs/base_fel_v260707_v2.xlsx),2026-05-28,Konstantin Loffler <kl@wip.tu-berlin.de>
ERCOT,Power_BEVs,2034,74.71138341660205,,PJ,FEL 2026 Base (NA_inputs/base_fel_v260707_v2.xlsx),2026-05-28,Konstantin Loffler <kl@wip.tu-berlin.de>
ERCOT,Power_Buildings_Heat,2034,351.75705935825755,,PJ,FEL 2026 Base (NA_inputs/base_fel_v260707_v2.xlsx),2026-05-28,Konstantin Loffler <kl@wip.tu-berlin.de>
ERCOT,Power_DataCenter,2034,1520.914894041961,,PJ,FEL 2026 Base (NA_inputs/base_fel_v260707_v2.xlsx),2026-05-28,Konstantin Loffler <kl@wip.tu-berlin.de>
ERCOT,Power_General,2034,1718.1757646032,,PJ,FEL 2026 Base (NA_inputs/base_fel_v260707_v2.xlsx),2026-05-28,Konstantin Loffler <kl@wip.tu-berlin.de>
ERCOT,Power_Hydrogen,2034,3.82514864256,,PJ,FEL 2026 Base (NA_inputs/base_fel_v260707_v2.xlsx),2026-05-28,Konstantin Loffler <kl@wip.tu-berlin.de>
ERCOT,Power_BEVs,2035,93.44650635432536,,PJ,FEL 2026 Base (NA_inputs/base_fel_v260707_v2.xlsx),2026-05-28,Konstantin Loffler <kl@wip.tu-berlin.de>
ERCOT,Power_Buildings_Heat,2035,352.2323799939709,,PJ,FEL 2026 Base (NA_inputs/base_fel_v260707_v2.xlsx),2026-05-28,Konstantin Loffler <kl@wip.tu-berlin.de>
ERCOT,Power_DataCenter,2035,1678.4325213521029,,PJ,FEL 2026 Base (NA_inputs/base_fel_v260707_v2.xlsx),2026-05-28,Konstantin Loffler <kl@wip.tu-berlin.de>
ERCOT,Power_General,2035,1767.5427222364158,,PJ,FEL 2026 Base (NA_inputs/base_fel_v260707_v2.xlsx),2026-05-28,Konstantin Loffler <kl@wip.tu-berlin.de>
ERCOT,Power_Hydrogen,2035,3.8667208464,,PJ,FEL 2026 Base (NA_inputs/base_fel_v260707_v2.xlsx),2026-05-28,Konstantin Loffler <kl@wip.tu-berlin.de>
ERCOT,Power_BEVs,2036,111.86894187175585,,PJ,FEL 2026 Base (NA_inputs/base_fel_v260707_v2.xlsx),2026-05-28,Konstantin Loffler <kl@wip.tu-berlin.de>
ERCOT,Power_Buildings_Heat,2036,350.4391794636503,,PJ,FEL 2026 Base (NA_inputs/base_fel_v260707_v2.xlsx),2026-05-28,Konstantin Loffler <kl@wip.tu-berlin.de>
ERCOT,Power_DataCenter,2036,1823.1373823001024,,PJ,FEL 2026 Base (NA_inputs/base_fel_v260707_v2.xlsx),2026-05-28,Konstantin Loffler <kl@wip.tu-berlin.de>
ERCOT,Power_General,2036,1802.5645034702168,,PJ,FEL 2026 Base (NA_inputs/base_fel_v260707_v2.xlsx),2026-05-28,Konstantin Loffler <kl@wip.tu-berlin.de>
ERCOT,Power_Hydrogen,2036,3.8894340686400004,,PJ,FEL 2026 Base (NA_inputs/base_fel_v260707_v2.xlsx),2026-05-28,Konstantin Loffler <kl@wip.tu-berlin.de>
ERCOT,Power_BEVs,2037,130.55315901988328,,PJ,FEL 2026 Base (NA_inputs/base_fel_v260707_v2.xlsx),2026-05-28,Konstantin Loffler <kl@wip.tu-berlin.de>
ERCOT,Power_Buildings_Heat,2037,349.30593694782306,,PJ,FEL 2026 Base (NA_inputs/base_fel_v260707_v2.xlsx),2026-05-28,Konstantin Loffler <kl@wip.tu-berlin.de>
ERCOT,Power_DataCenter,2037,1958.5704449852528,,PJ,FEL 2026 Base (NA_inputs/base_fel_v260707_v2.xlsx),2026-05-28,Konstantin Loffler <kl@wip.tu-berlin.de>
ERCOT,Power_General,2037,1839.8721871024038,,PJ,FEL 2026 Base (NA_inputs/base_fel_v260707_v2.xlsx),2026-05-28,Konstantin Loffler <kl@wip.tu-berlin.de>
ERCOT,Power_Hydrogen,2037,3.91926227616,,PJ,FEL 2026 Base (NA_inputs/base_fel_v260707_v2.xlsx),2026-05-28,Konstantin Loffler <kl@wip.tu-berlin.de>
ERCOT,Power_BEVs,2038,151.27050899724046,,PJ,FEL 2026 Base (NA_inputs/base_fel_v260707_v2.xlsx),2026-05-28,Konstantin Loffler <kl@wip.tu-berlin.de>
ERCOT,Power_Buildings_Heat,2038,348.3515728198072,,PJ,FEL 2026 Base (NA_inputs/base_fel_v260707_v2.xlsx),2026-05-28,Konstantin Loffler <kl@wip.tu-berlin.de>
ERCOT,Power_DataCenter,2038,2080.7013020189756,,PJ,FEL 2026 Base (NA_inputs/base_fel_v260707_v2.xlsx),2026-05-28,Konstantin Loffler <kl@wip.tu-berlin.de>
ERCOT,Power_General,2038,1876.5487482877888,,PJ,FEL 2026 Base (NA_inputs/base_fel_v260707_v2.xlsx),2026-05-28,Konstantin Loffler <kl@wip.tu-berlin.de>
ERCOT,Power_Hydrogen,2038,3.93937579224,,PJ,FEL 2026 Base (NA_inputs/base_fel_v260707_v2.xlsx),2026-05-28,Konstantin Loffler <kl@wip.tu-berlin.de>
ERCOT,Power_BEVs,2039,174.0577403438699,,PJ,FEL 2026 Base (NA_inputs/base_fel_v260707_v2.xlsx),2026-05-28,Konstantin Loffler <kl@wip.tu-berlin.de>
ERCOT,Power_Buildings_Heat,2039,351.53022071441467,,PJ,FEL 2026 Base (NA_inputs/base_fel_v260707_v2.xlsx),2026-05-28,Konstantin Loffler <kl@wip.tu-berlin.de>
ERCOT,Power_DataCenter,2039,2185.628096249361,,PJ,FEL 2026 Base (NA_inputs/base_fel_v260707_v2.xlsx),2026-05-28,Konstantin Loffler <kl@wip.tu-berlin.de>
ERCOT,Power_General,2039,1909.7542397139184,,PJ,FEL 2026 Base (NA_inputs/base_fel_v260707_v2.xlsx),2026-05-28,Konstantin Loffler <kl@wip.tu-berlin.de>
ERCOT,Power_Hydrogen,2039,3.9668779468800004,,PJ,FEL 2026 Base (NA_inputs/base_fel_v260707_v2.xlsx),2026-05-28,Konstantin Loffler <kl@wip.tu-berlin.de>
ERCOT,Power_BEVs,2040,199.14797206315257,,PJ,FEL 2026 Base (NA_inputs/base_fel_v260707_v2.xlsx),2026-05-28,Konstantin Loffler <kl@wip.tu-berlin.de>
ERCOT,Power_Buildings_Heat,2040,351.6219352498567,,PJ,FEL 2026 Base (NA_inputs/base_fel_v260707_v2.xlsx),2026-05-28,Konstantin Loffler <kl@wip.tu-berlin.de>
ERCOT,Power_DataCenter,2040,2269.774777954962,,PJ,FEL 2026 Base (NA_inputs/base_fel_v260707_v2.xlsx),2026-05-28,Konstantin Loffler <kl@wip.tu-berlin.de>
ERCOT,Power_General,2040,1945.3234228029341,,PJ,FEL 2026 Base (NA_inputs/base_fel_v260707_v2.xlsx),2026-05-28,Konstantin Loffler <kl@wip.tu-berlin.de>
ERCOT,Power_Hydrogen,2040,3.9843917568,,PJ,FEL 2026 Base (NA_inputs/base_fel_v260707_v2.xlsx),2026-05-28,Konstantin Loffler <kl@wip.tu-berlin.de>
MISO,Power_BEVs,2025,8.721339259145054,,PJ,FEL 2026 Base (NA_inputs/base_fel_v260707_v2.xlsx),2026-05-28,Konstantin Loffler <kl@wip.tu-berlin.de>
MISO,Power_Buildings_Heat,2025,361.31821432312006,,PJ,FEL 2026 Base (NA_inputs/base_fel_v260707_v2.xlsx),2026-05-28,Konstantin Loffler <kl@wip.tu-berlin.de>
MISO,Power_DataCenter,2025,51.202284560280006,,PJ,FEL 2026 Base (NA_inputs/base_fel_v260707_v2.xlsx),2026-05-28,Konstantin Loffler <kl@wip.tu-berlin.de>
MISO,Power_General,2025,1891.4980600746167,,PJ,FEL 2026 Base (NA_inputs/base_fel_v260707_v2.xlsx),2026-05-28,Konstantin Loffler <kl@wip.tu-berlin.de>
MISO,Power_Hydrogen,2025,1.4822188056,,PJ,FEL 2026 Base (NA_inputs/base_fel_v260707_v2.xlsx),2026-05-28,Konstantin Loffler <kl@wip.tu-berlin.de>
MISO,Power_BEVs,2026,8.4151319534565,,PJ,FEL 2026 Base (NA_inputs/base_fel_v260707_v2.xlsx),2026-05-28,Konstantin Loffler <kl@wip.tu-berlin.de>
MISO,Power_Buildings_Heat,2026,381.9368329683728,,PJ,FEL 2026 Base (NA_inputs/base_fel_v260707_v2.xlsx),2026-05-28,Konstantin Loffler <kl@wip.tu-berlin.de>
MISO,Power_DataCenter,2026,61.01628433562322,,PJ,FEL 2026 Base (NA_inputs/base_fel_v260707_v2.xlsx),2026-05-28,Konstantin Loffler <kl@wip.tu-berlin.de>
MISO,Power_General,2026,1990.5749059372702,,PJ,FEL 2026 Base (NA_inputs/base_fel_v260707_v2.xlsx),2026-05-28,Konstantin Loffler <kl@wip.tu-berlin.de>
MISO,Power_Hydrogen,2026,3.85136284896,,PJ,FEL 2026 Base (NA_inputs/base_fel_v260707_v2.xlsx),2026-05-28,Konstantin Loffler <kl@wip.tu-berlin.de>
MISO,Power_BEVs,2027,14.974323365223794,,PJ,FEL 2026 Base (NA_inputs/base_fel_v260707_v2.xlsx),2026-05-28,Konstantin Loffler <kl@wip.tu-berlin.de>
MISO,Power_Buildings_Heat,2027,376.24346017051283,,PJ,FEL 2026 Base (NA_inputs/base_fel_v260707_v2.xlsx),2026-05-28,Konstantin Loffler <kl@wip.tu-berlin.de>
MISO,Power_DataCenter,2027,88.10637625447927,,PJ,FEL 2026 Base (NA_inputs/base_fel_v260707_v2.xlsx),2026-05-28,Konstantin Loffler <kl@wip.tu-berlin.de>
MISO,Power_General,2027,1965.8453535917834,,PJ,FEL 2026 Base (NA_inputs/base_fel_v260707_v2.xlsx),2026-05-28,Konstantin Loffler <kl@wip.tu-berlin.de>
MISO,Power_Hydrogen,2027,5.7898707984,,PJ,FEL 2026 Base (NA_inputs/base_fel_v260707_v2.xlsx),2026-05-28,Konstantin Loffler <kl@wip.tu-berlin.de>
MISO,Power_BEVs,2028,15.619327995843202,,PJ,FEL 2026 Base (NA_inputs/base_fel_v260707_v2.xlsx),2026-05-28,Konstantin Loffler <kl@wip.tu-berlin.de>
MISO,Power_Buildings_Heat,2028,369.17245284538257,,PJ,FEL 2026 Base (NA_inputs/base_fel_v260707_v2.xlsx),2026-05-28,Konstantin Loffler <kl@wip.tu-berlin.de>
MISO,Power_DataCenter,2028,111.01032357872494,,PJ,FEL 2026 Base (NA_inputs/base_fel_v260707_v2.xlsx),2026-05-28,Konstantin Loffler <kl@wip.tu-berlin.de>
MISO,Power_General,2028,1938.9762709720978,,PJ,FEL 2026 Base (NA_inputs/base_fel_v260707_v2.xlsx),2026-05-28,Konstantin Loffler <kl@wip.tu-berlin.de>
MISO,Power_Hydrogen,2028,6.2796199752,,PJ,FEL 2026 Base (NA_inputs/base_fel_v260707_v2.xlsx),2026-05-28,Konstantin Loffler <kl@wip.tu-berlin.de>
MISO,Power_BEVs,2029,29.197095857245962,,PJ,FEL 2026 Base (NA_inputs/base_fel_v260707_v2.xlsx),2026-05-28,Konstantin Loffler <kl@wip.tu-berlin.de>
MISO,Power_Buildings_Heat,2029,365.2612589225296,,PJ,FEL 2026 Base (NA_inputs/base_fel_v260707_v2.xlsx),2026-05-28,Konstantin Loffler <kl@wip.tu-berlin.de>
MISO,Power_DataCenter,2029,142.64347676340532,,PJ,FEL 2026 Base (NA_inputs/base_fel_v260707_v2.xlsx),2026-05-28,Konstantin Loffler <kl@wip.tu-berlin.de>
MISO,Power_General,2029,1937.721565717986,,PJ,FEL 2026 Base (NA_inputs/base_fel_v260707_v2.xlsx),2026-05-28,Konstantin Loffler <kl@wip.tu-berlin.de>
MISO,Power_Hydrogen,2029,6.19217352,,PJ,FEL 2026 Base (NA_inputs/base_fel_v260707_v2.xlsx),2026-05-28,Konstantin Loffler <kl@wip.tu-berlin.de>
MISO,Power_BEVs,2030,35.73163234704817,,PJ,FEL 2026 Base (NA_inputs/base_fel_v260707_v2.xlsx),2026-05-28,Konstantin Loffler <kl@wip.tu-berlin.de>
MISO,Power_Buildings_Heat,2030,360.0770751672516,,PJ,FEL 2026 Base (NA_inputs/base_fel_v260707_v2.xlsx),2026-05-28,Konstantin Loffler <kl@wip.tu-berlin.de>
MISO,Power_DataCenter,2030,193.5377936310623,,PJ,FEL 2026 Base (NA_inputs/base_fel_v260707_v2.xlsx),2026-05-28,Konstantin Loffler <kl@wip.tu-berlin.de>
MISO,Power_General,2030,1926.4036337894427,,PJ,FEL 2026 Base (NA_inputs/base_fel_v260707_v2.xlsx),2026-05-28,Konstantin Loffler <kl@wip.tu-berlin.de>
MISO,Power_Hydrogen,2030,4.5375144408,,PJ,FEL 2026 Base (NA_inputs/base_fel_v260707_v2.xlsx),2026-05-28,Konstantin Loffler <kl@wip.tu-berlin.de>
MISO,Power_BEVs,2031,46.160030531330555,,PJ,FEL 2026 Base (NA_inputs/base_fel_v260707_v2.xlsx),2026-05-28,Konstantin Loffler <kl@wip.tu-berlin.de>
MISO,Power_Buildings_Heat,2031,356.8756072256769,,PJ,FEL 2026 Base (NA_inputs/base_fel_v260707_v2.xlsx),2026-05-28,Konstantin Loffler <kl@wip.tu-berlin.de>
MISO,Power_DataCenter,2031,235.76938989505774,,PJ,FEL 2026 Base (NA_inputs/base_fel_v260707_v2.xlsx),2026-05-28,Konstantin Loffler <kl@wip.tu-berlin.de>
MISO,Power_General,2031,1985.262785113975,,PJ,FEL 2026 Base (NA_inputs/base_fel_v260707_v2.xlsx),2026-05-28,Konstantin Loffler <kl@wip.tu-berlin.de>
MISO,Power_Hydrogen,2031,4.408828704,,PJ,FEL 2026 Base (NA_inputs/base_fel_v260707_v2.xlsx),2026-05-28,Konstantin Loffler <kl@wip.tu-berlin.de>
MISO,Power_BEVs,2032,54.53255580520043,,PJ,FEL 2026 Base (NA_inputs/base_fel_v260707_v2.xlsx),2026-05-28,Konstantin Loffler <kl@wip.tu-berlin.de>
MISO,Power_Buildings_Heat,2032,354.28949686950574,,PJ,FEL 2026 Base (NA_inputs/base_fel_v260707_v2.xlsx),2026-05-28,Konstantin Loffler <kl@wip.tu-berlin.de>
MISO,Power_DataCenter,2032,276.1549131701252,,PJ,FEL 2026 Base (NA_inputs/base_fel_v260707_v2.xlsx),2026-05-28,Konstantin Loffler <kl@wip.tu-berlin.de>
MISO,Power_General,2032,2052.519288357883,,PJ,FEL 2026 Base (NA_inputs/base_fel_v260707_v2.xlsx),2026-05-28,Konstantin Loffler <kl@wip.tu-berlin.de>
MISO,Power_Hydrogen,2032,4.3656121476,,PJ,FEL 2026 Base (NA_inputs/base_fel_v260707_v2.xlsx),2026-05-28,Konstantin Loffler <kl@wip.tu-berlin.de>
MISO,Power_BEVs,2033,74.60847524282325,,PJ,FEL 2026 Base (NA_inputs/base_fel_v260707_v2.xlsx),2026-05-28,Konstantin Loffler <kl@wip.tu-berlin.de>
MISO,Power_Buildings_Heat,2033,354.2872781525221,,PJ,FEL 2026 Base (NA_inputs/base_fel_v260707_v2.xlsx),2026-05-28,Konstantin Loffler <kl@wip.tu-berlin.de>
MISO,Power_DataCenter,2033,315.3821023942267,,PJ,FEL 2026 Base (NA_inputs/base_fel_v260707_v2.xlsx),2026-05-28,Konstantin Loffler <kl@wip.tu-berlin.de>
MISO,Power_General,2033,2131.581723940134,,PJ,FEL 2026 Base (NA_inputs/base_fel_v260707_v2.xlsx),2026-05-28,Konstantin Loffler <kl@wip.tu-berlin.de>
MISO,Power_Hydrogen,2033,4.4226646272000005,,PJ,FEL 2026 Base (NA_inputs/base_fel_v260707_v2.xlsx),2026-05-28,Konstantin Loffler <kl@wip.tu-berlin.de>
MISO,Power_BEVs,2034,83.18632779673716,,PJ,FEL 2026 Base (NA_inputs/base_fel_v260707_v2.xlsx),2026-05-28,Konstantin Loffler <kl@wip.tu-berlin.de>
MISO,Power_Buildings_Heat,2034,354.44003616633825,,PJ,FEL 2026 Base (NA_inputs/base_fel_v260707_v2.xlsx),2026-05-28,Konstantin Loffler <kl@wip.tu-berlin.de>
MISO,Power_DataCenter,2034,352.8287707777794,,PJ,FEL 2026 Base (NA_inputs/base_fel_v260707_v2.xlsx),2026-05-28,Konstantin Loffler <kl@wip.tu-berlin.de>
MISO,Power_General,2034,2212.009759153203,,PJ,FEL 2026 Base (NA_inputs/base_fel_v260707_v2.xlsx),2026-05-28,Konstantin Loffler <kl@wip.tu-berlin.de>
MISO,Power_Hydrogen,2034,4.49193919104,,PJ,FEL 2026 Base (NA_inputs/base_fel_v260707_v2.xlsx),2026-05-28,Konstantin Loffler <kl@wip.tu-berlin.de>
MISO,Power_BEVs,2035,102.15330268403592,,PJ,FEL 2026 Base (NA_inputs/base_fel_v260707_v2.xlsx),2026-05-28,Konstantin Loffler <kl@wip.tu-berlin.de>
MISO,Power_Buildings_Heat,2035,357.12784498552406,,PJ,FEL 2026 Base (NA_inputs/base_fel_v260707_v2.xlsx),2026-05-28,Konstantin Loffler <kl@wip.tu-berlin.de>
MISO,Power_DataCenter,2035,389.073969848624,,PJ,FEL 2026 Base (NA_inputs/base_fel_v260707_v2.xlsx),2026-05-28,Konstantin Loffler <kl@wip.tu-berlin.de>
MISO,Power_General,2035,2306.1036234963053,,PJ,FEL 2026 Base (NA_inputs/base_fel_v260707_v2.xlsx),2026-05-28,Konstantin Loffler <kl@wip.tu-berlin.de>
MISO,Power_Hydrogen,2035,4.5680888304,,PJ,FEL 2026 Base (NA_inputs/base_fel_v260707_v2.xlsx),2026-05-28,Konstantin Loffler <kl@wip.tu-berlin.de>
MISO,Power_BEVs,2036,122.28394365255258,,PJ,FEL 2026 Base (NA_inputs/base_fel_v260707_v2.xlsx),2026-05-28,Konstantin Loffler <kl@wip.tu-berlin.de>
MISO,Power_Buildings_Heat,2036,355.23412689959144,,PJ,FEL 2026 Base (NA_inputs/base_fel_v260707_v2.xlsx),2026-05-28,Konstantin Loffler <kl@wip.tu-berlin.de>
MISO,Power_DataCenter,2036,422.6177042491446,,PJ,FEL 2026 Base (NA_inputs/base_fel_v260707_v2.xlsx),2026-05-28,Konstantin Loffler <kl@wip.tu-berlin.de>
MISO,Power_General,2036,2367.6557725545676,,PJ,FEL 2026 Base (NA_inputs/base_fel_v260707_v2.xlsx),2026-05-28,Konstantin Loffler <kl@wip.tu-berlin.de>
MISO,Power_Hydrogen,2036,4.594921907040001,,PJ,FEL 2026 Base (NA_inputs/base_fel_v260707_v2.xlsx),2026-05-28,Konstantin Loffler <kl@wip.tu-berlin.de>
MISO,Power_BEVs,2037,142.6995452675407,,PJ,FEL 2026 Base (NA_inputs/base_fel_v260707_v2.xlsx),2026-05-28,Konstantin Loffler <kl@wip.tu-berlin.de>
MISO,Power_Buildings_Heat,2037,354.04228709268654,,PJ,FEL 2026 Base (NA_inputs/base_fel_v260707_v2.xlsx),2026-05-28,Konstantin Loffler <kl@wip.tu-berlin.de>
MISO,Power_DataCenter,2037,454.0121622790812,,PJ,FEL 2026 Base (NA_inputs/base_fel_v260707_v2.xlsx),2026-05-28,Konstantin Loffler <kl@wip.tu-berlin.de>
MISO,Power_General,2037,2433.4141658638828,,PJ,FEL 2026 Base (NA_inputs/base_fel_v260707_v2.xlsx),2026-05-28,Konstantin Loffler <kl@wip.tu-berlin.de>
MISO,Power_Hydrogen,2037,4.63016052576,,PJ,FEL 2026 Base (NA_inputs/base_fel_v260707_v2.xlsx),2026-05-28,Konstantin Loffler <kl@wip.tu-berlin.de>
MISO,Power_BEVs,2038,165.33578300104836,,PJ,FEL 2026 Base (NA_inputs/base_fel_v260707_v2.xlsx),2026-05-28,Konstantin Loffler <kl@wip.tu-berlin.de>
MISO,Power_Buildings_Heat,2038,353.04058945816513,,PJ,FEL 2026 Base (NA_inputs/base_fel_v260707_v2.xlsx),2026-05-28,Konstantin Loffler <kl@wip.tu-berlin.de>
MISO,Power_DataCenter,2038,482.32306354119805,,PJ,FEL 2026 Base (NA_inputs/base_fel_v260707_v2.xlsx),2026-05-28,Konstantin Loffler <kl@wip.tu-berlin.de>
MISO,Power_General,2038,2498.5085680389143,,PJ,FEL 2026 Base (NA_inputs/base_fel_v260707_v2.xlsx),2026-05-28,Konstantin Loffler <kl@wip.tu-berlin.de>
MISO,Power_Hydrogen,2038,4.653922346640001,,PJ,FEL 2026 Base (NA_inputs/base_fel_v260707_v2.xlsx),2026-05-28,Konstantin Loffler <kl@wip.tu-berlin.de>
MISO,Power_BEVs,2039,190.23259792071255,,PJ,FEL 2026 Base (NA_inputs/base_fel_v260707_v2.xlsx),2026-05-28,Konstantin Loffler <kl@wip.tu-berlin.de>
MISO,Power_Buildings_Heat,2039,356.4358868843383,,PJ,FEL 2026 Base (NA_inputs/base_fel_v260707_v2.xlsx),2026-05-28,Konstantin Loffler <kl@wip.tu-berlin.de>
MISO,Power_DataCenter,2039,506.64592660263304,,PJ,FEL 2026 Base (NA_inputs/base_fel_v260707_v2.xlsx),2026-05-28,Konstantin Loffler <kl@wip.tu-berlin.de>
MISO,Power_General,2039,2560.5975410835495,,PJ,FEL 2026 Base (NA_inputs/base_fel_v260707_v2.xlsx),2026-05-28,Konstantin Loffler <kl@wip.tu-berlin.de>
MISO,Power_Hydrogen,2039,4.68641299968,,PJ,FEL 2026 Base (NA_inputs/base_fel_v260707_v2.xlsx),2026-05-28,Konstantin Loffler <kl@wip.tu-berlin.de>
MISO,Power_BEVs,2040,217.6451839862855,,PJ,FEL 2026 Base (NA_inputs/base_fel_v260707_v2.xlsx),2026-05-28,Konstantin Loffler <kl@wip.tu-berlin.de>
MISO,Power_Buildings_Heat,2040,356.5470887463347,,PJ,FEL 2026 Base (NA_inputs/base_fel_v260707_v2.xlsx),2026-05-28,Konstantin Loffler <kl@wip.tu-berlin.de>
MISO,Power_DataCenter,2040,526.1517947768343,,PJ,FEL 2026 Base (NA_inputs/base_fel_v260707_v2.xlsx),2026-05-28,Konstantin Loffler <kl@wip.tu-berlin.de>
MISO,Power_General,2040,2624.964810527706,,PJ,FEL 2026 Base (NA_inputs/base_fel_v260707_v2.xlsx),2026-05-28,Konstantin Loffler <kl@wip.tu-berlin.de>
MISO,Power_Hydrogen,2040,4.707103564800001,,PJ,FEL 2026 Base (NA_inputs/base_fel_v260707_v2.xlsx),2026-05-28,Konstantin Loffler <kl@wip.tu-berlin.de>
NewEngland,Power_BEVs,2025,0.0,,PJ,FEL 2026 Base (NA_inputs/base_fel_v260707_v2.xlsx),2026-05-28,Konstantin Loffler <kl@wip.tu-berlin.de>
NewEngland,Power_Buildings_Heat,2025,93.92869225717209,,PJ,FEL 2026 Base (NA_inputs/base_fel_v260707_v2.xlsx),2026-05-28,Konstantin Loffler <kl@wip.tu-berlin.de>
NewEngland,Power_DataCenter,2025,2.4185006334720005,,PJ,FEL 2026 Base (NA_inputs/base_fel_v260707_v2.xlsx),2026-05-28,Konstantin Loffler <kl@wip.tu-berlin.de>
NewEngland,Power_General,2025,332.5014596518359,,PJ,FEL 2026 Base (NA_inputs/base_fel_v260707_v2.xlsx),2026-05-28,Konstantin Loffler <kl@wip.tu-berlin.de>
NewEngland,Power_Hydrogen,2025,0.0936708552,,PJ,FEL 2026 Base (NA_inputs/base_fel_v260707_v2.xlsx),2026-05-28,Konstantin Loffler <kl@wip.tu-berlin.de>
NewEngland,Power_BEVs,2026,0.0,,PJ,FEL 2026 Base (NA_inputs/base_fel_v260707_v2.xlsx),2026-05-28,Konstantin Loffler <kl@wip.tu-berlin.de>
NewEngland,Power_Buildings_Heat,2026,91.28998756733539,,PJ,FEL 2026 Base (NA_inputs/base_fel_v260707_v2.xlsx),2026-05-28,Konstantin Loffler <kl@wip.tu-berlin.de>
NewEngland,Power_DataCenter,2026,2.4478235873859986,,PJ,FEL 2026 Base (NA_inputs/base_fel_v260707_v2.xlsx),2026-05-28,Konstantin Loffler <kl@wip.tu-berlin.de>
NewEngland,Power_General,2026,333.2873787548945,,PJ,FEL 2026 Base (NA_inputs/base_fel_v260707_v2.xlsx),2026-05-28,Konstantin Loffler <kl@wip.tu-berlin.de>
NewEngland,Power_Hydrogen,2026,0.22364846495999996,,PJ,FEL 2026 Base (NA_inputs/base_fel_v260707_v2.xlsx),2026-05-28,Konstantin Loffler <kl@wip.tu-berlin.de>
NewEngland,Power_BEVs,2027,0.0,,PJ,FEL 2026 Base (NA_inputs/base_fel_v260707_v2.xlsx),2026-05-28,Konstantin Loffler <kl@wip.tu-berlin.de>
NewEngland,Power_Buildings_Heat,2027,88.62161726919376,,PJ,FEL 2026 Base (NA_inputs/base_fel_v260707_v2.xlsx),2026-05-28,Konstantin Loffler <kl@wip.tu-berlin.de>
NewEngland,Power_DataCenter,2027,2.4983199636546662,,PJ,FEL 2026 Base (NA_inputs/base_fel_v260707_v2.xlsx),2026-05-28,Konstantin Loffler <kl@wip.tu-berlin.de>
NewEngland,Power_General,2027,334.6747229710559,,PJ,FEL 2026 Base (NA_inputs/base_fel_v260707_v2.xlsx),2026-05-28,Konstantin Loffler <kl@wip.tu-berlin.de>
NewEngland,Power_Hydrogen,2027,0.3307245552,,PJ,FEL 2026 Base (NA_inputs/base_fel_v260707_v2.xlsx),2026-05-28,Konstantin Loffler <kl@wip.tu-berlin.de>
NewEngland,Power_BEVs,2028,0.0,,PJ,FEL 2026 Base (NA_inputs/base_fel_v260707_v2.xlsx),2026-05-28,Konstantin Loffler <kl@wip.tu-berlin.de>
NewEngland,Power_Buildings_Heat,2028,85.73480314115909,,PJ,FEL 2026 Base (NA_inputs/base_fel_v260707_v2.xlsx),2026-05-28,Konstantin Loffler <kl@wip.tu-berlin.de>
NewEngland,Power_DataCenter,2028,2.5400419530130103,,PJ,FEL 2026 Base (NA_inputs/base_fel_v260707_v2.xlsx),2026-05-28,Konstantin Loffler <kl@wip.tu-berlin.de>
NewEngland,Power_General,2028,336.0872529653842,,PJ,FEL 2026 Base (NA_inputs/base_fel_v260707_v2.xlsx),2026-05-28,Konstantin Loffler <kl@wip.tu-berlin.de>
NewEngland,Power_Hydrogen,2028,0.3528934344,,PJ,FEL 2026 Base (NA_inputs/base_fel_v260707_v2.xlsx),2026-05-28,Konstantin Loffler <kl@wip.tu-berlin.de>
NewEngland,Power_BEVs,2029,7.316618049899588,,PJ,FEL 2026 Base (NA_inputs/base_fel_v260707_v2.xlsx),2026-05-28,Konstantin Loffler <kl@wip.tu-berlin.de>
NewEngland,Power_Buildings_Heat,2029,83.1251454015655,,PJ,FEL 2026 Base (NA_inputs/base_fel_v260707_v2.xlsx),2026-05-28,Konstantin Loffler <kl@wip.tu-berlin.de>
NewEngland,Power_DataCenter,2029,2.5624730984709774,,PJ,FEL 2026 Base (NA_inputs/base_fel_v260707_v2.xlsx),2026-05-28,Konstantin Loffler <kl@wip.tu-berlin.de>
NewEngland,Power_General,2029,339.07481541771426,,PJ,FEL 2026 Base (NA_inputs/base_fel_v260707_v2.xlsx),2026-05-28,Konstantin Loffler <kl@wip.tu-berlin.de>
NewEngland,Power_Hydrogen,2029,0.34032960000000007,,PJ,FEL 2026 Base (NA_inputs/base_fel_v260707_v2.xlsx),2026-05-28,Konstantin Loffler <kl@wip.tu-berlin.de>
NewEngland,Power_BEVs,2030,7.166475043876287,,PJ,FEL 2026 Base (NA_inputs/base_fel_v260707_v2.xlsx),2026-05-28,Konstantin Loffler <kl@wip.tu-berlin.de>
NewEngland,Power_Buildings_Heat,2030,80.73496630845253,,PJ,FEL 2026 Base (NA_inputs/base_fel_v260707_v2.xlsx),2026-05-28,Konstantin Loffler <kl@wip.tu-berlin.de>
NewEngland,Power_DataCenter,2030,2.5807644684464925,,PJ,FEL 2026 Base (NA_inputs/base_fel_v260707_v2.xlsx),2026-05-28,Konstantin Loffler <kl@wip.tu-berlin.de>
NewEngland,Power_General,2030,342.91410137434883,,PJ,FEL 2026 Base (NA_inputs/base_fel_v260707_v2.xlsx),2026-05-28,Konstantin Loffler <kl@wip.tu-berlin.de>
NewEngland,Power_Hydrogen,2030,0.24522244559999998,,PJ,FEL 2026 Base (NA_inputs/base_fel_v260707_v2.xlsx),2026-05-28,Konstantin Loffler <kl@wip.tu-berlin.de>
NewEngland,Power_BEVs,2031,7.71675702492842,,PJ,FEL 2026 Base (NA_inputs/base_fel_v260707_v2.xlsx),2026-05-28,Konstantin Loffler <kl@wip.tu-berlin.de>
NewEngland,Power_Buildings_Heat,2031,78.82974544042978,,PJ,FEL 2026 Base (NA_inputs/base_fel_v260707_v2.xlsx),2026-05-28,Konstantin Loffler <kl@wip.tu-berlin.de>
NewEngland,Power_DataCenter,2031,2.5934609767635863,,PJ,FEL 2026 Base (NA_inputs/base_fel_v260707_v2.xlsx),2026-05-28,Konstantin Loffler <kl@wip.tu-berlin.de>
NewEngland,Power_General,2031,343.7948410073511,,PJ,FEL 2026 Base (NA_inputs/base_fel_v260707_v2.xlsx),2026-05-28,Konstantin Loffler <kl@wip.tu-berlin.de>
NewEngland,Power_Hydrogen,2031,0.2343371688,,PJ,FEL 2026 Base (NA_inputs/base_fel_v260707_v2.xlsx),2026-05-28,Konstantin Loffler <kl@wip.tu-berlin.de>
NewEngland,Power_BEVs,2032,15.61565780216355,,PJ,FEL 2026 Base (NA_inputs/base_fel_v260707_v2.xlsx),2026-05-28,Konstantin Loffler <kl@wip.tu-berlin.de>
NewEngland,Power_Buildings_Heat,2032,77.17049192955511,,PJ,FEL 2026 Base (NA_inputs/base_fel_v260707_v2.xlsx),2026-05-28,Konstantin Loffler <kl@wip.tu-berlin.de>
NewEngland,Power_DataCenter,2032,2.602981015794909,,PJ,FEL 2026 Base (NA_inputs/base_fel_v260707_v2.xlsx),2026-05-28,Konstantin Loffler <kl@wip.tu-berlin.de>
NewEngland,Power_General,2032,345.88198404545585,,PJ,FEL 2026 Base (NA_inputs/base_fel_v260707_v2.xlsx),2026-05-28,Konstantin Loffler <kl@wip.tu-berlin.de>
NewEngland,Power_Hydrogen,2032,0.2284826076,,PJ,FEL 2026 Base (NA_inputs/base_fel_v260707_v2.xlsx),2026-05-28,Konstantin Loffler <kl@wip.tu-berlin.de>
NewEngland,Power_BEVs,2033,24.915728021680902,,PJ,FEL 2026 Base (NA_inputs/base_fel_v260707_v2.xlsx),2026-05-28,Konstantin Loffler <kl@wip.tu-berlin.de>
NewEngland,Power_Buildings_Heat,2033,76.34779177356332,,PJ,FEL 2026 Base (NA_inputs/base_fel_v260707_v2.xlsx),2026-05-28,Konstantin Loffler <kl@wip.tu-berlin.de>
NewEngland,Power_DataCenter,2033,2.608689139305478,,PJ,FEL 2026 Base (NA_inputs/base_fel_v260707_v2.xlsx),2026-05-28,Konstantin Loffler <kl@wip.tu-berlin.de>
NewEngland,Power_General,2033,350.9663344550442,,PJ,FEL 2026 Base (NA_inputs/base_fel_v260707_v2.xlsx),2026-05-28,Konstantin Loffler <kl@wip.tu-berlin.de>
NewEngland,Power_Hydrogen,2033,0.2288514816,,PJ,FEL 2026 Base (NA_inputs/base_fel_v260707_v2.xlsx),2026-05-28,Konstantin Loffler <kl@wip.tu-berlin.de>
NewEngland,Power_BEVs,2034,25.007417437685323,,PJ,FEL 2026 Base (NA_inputs/base_fel_v260707_v2.xlsx),2026-05-28,Konstantin Loffler <kl@wip.tu-berlin.de>
NewEngland,Power_Buildings_Heat,2034,75.8922713968955,,PJ,FEL 2026 Base (NA_inputs/base_fel_v260707_v2.xlsx),2026-05-28,Konstantin Loffler <kl@wip.tu-berlin.de>
NewEngland,Power_DataCenter,2034,2.885173000402222,,PJ,FEL 2026 Base (NA_inputs/base_fel_v260707_v2.xlsx),2026-05-28,Konstantin Loffler <kl@wip.tu-berlin.de>
NewEngland,Power_General,2034,357.52934677049103,,PJ,FEL 2026 Base (NA_inputs/base_fel_v260707_v2.xlsx),2026-05-28,Konstantin Loffler <kl@wip.tu-berlin.de>
NewEngland,Power_Hydrogen,2034,0.23085722016,,PJ,FEL 2026 Base (NA_inputs/base_fel_v260707_v2.xlsx),2026-05-28,Konstantin Loffler <kl@wip.tu-berlin.de>
NewEngland,Power_BEVs,2035,34.11322185210708,,PJ,FEL 2026 Base (NA_inputs/base_fel_v260707_v2.xlsx),2026-05-28,Konstantin Loffler <kl@wip.tu-berlin.de>
NewEngland,Power_Buildings_Heat,2035,75.1683468623624,,PJ,FEL 2026 Base (NA_inputs/base_fel_v260707_v2.xlsx),2026-05-28,Konstantin Loffler <kl@wip.tu-berlin.de>
NewEngland,Power_DataCenter,2035,3.168332122013125,,PJ,FEL 2026 Base (NA_inputs/base_fel_v260707_v2.xlsx),2026-05-28,Konstantin Loffler <kl@wip.tu-berlin.de>
NewEngland,Power_General,2035,362.1230463027659,,PJ,FEL 2026 Base (NA_inputs/base_fel_v260707_v2.xlsx),2026-05-28,Konstantin Loffler <kl@wip.tu-berlin.de>
NewEngland,Power_Hydrogen,2035,0.23065585920000004,,PJ,FEL 2026 Base (NA_inputs/base_fel_v260707_v2.xlsx),2026-05-28,Konstantin Loffler <kl@wip.tu-berlin.de>
NewEngland,Power_BEVs,2036,40.83150429779558,,PJ,FEL 2026 Base (NA_inputs/base_fel_v260707_v2.xlsx),2026-05-28,Konstantin Loffler <kl@wip.tu-berlin.de>
NewEngland,Power_Buildings_Heat,2036,74.79959402561622,,PJ,FEL 2026 Base (NA_inputs/base_fel_v260707_v2.xlsx),2026-05-28,Konstantin Loffler <kl@wip.tu-berlin.de>
NewEngland,Power_DataCenter,2036,3.4414876128181158,,PJ,FEL 2026 Base (NA_inputs/base_fel_v260707_v2.xlsx),2026-05-28,Konstantin Loffler <kl@wip.tu-berlin.de>
NewEngland,Power_General,2036,368.26309019174056,,PJ,FEL 2026 Base (NA_inputs/base_fel_v260707_v2.xlsx),2026-05-28,Konstantin Loffler <kl@wip.tu-berlin.de>
NewEngland,Power_Hydrogen,2036,0.23201073792000002,,PJ,FEL 2026 Base (NA_inputs/base_fel_v260707_v2.xlsx),2026-05-28,Konstantin Loffler <kl@wip.tu-berlin.de>
NewEngland,Power_BEVs,2037,47.64422133155702,,PJ,FEL 2026 Base (NA_inputs/base_fel_v260707_v2.xlsx),2026-05-28,Konstantin Loffler <kl@wip.tu-berlin.de>
NewEngland,Power_Buildings_Heat,2037,74.56715006931061,,PJ,FEL 2026 Base (NA_inputs/base_fel_v260707_v2.xlsx),2026-05-28,Konstantin Loffler <kl@wip.tu-berlin.de>
NewEngland,Power_DataCenter,2037,3.6971409783417446,,PJ,FEL 2026 Base (NA_inputs/base_fel_v260707_v2.xlsx),2026-05-28,Konstantin Loffler <kl@wip.tu-berlin.de>
NewEngland,Power_General,2037,374.39665167944213,,PJ,FEL 2026 Base (NA_inputs/base_fel_v260707_v2.xlsx),2026-05-28,Konstantin Loffler <kl@wip.tu-berlin.de>
NewEngland,Power_Hydrogen,2037,0.23379003648000002,,PJ,FEL 2026 Base (NA_inputs/base_fel_v260707_v2.xlsx),2026-05-28,Konstantin Loffler <kl@wip.tu-berlin.de>
NewEngland,Power_BEVs,2038,55.197283061301086,,PJ,FEL 2026 Base (NA_inputs/base_fel_v260707_v2.xlsx),2026-05-28,Konstantin Loffler <kl@wip.tu-berlin.de>
NewEngland,Power_Buildings_Heat,2038,74.37163318264997,,PJ,FEL 2026 Base (NA_inputs/base_fel_v260707_v2.xlsx),2026-05-28,Konstantin Loffler <kl@wip.tu-berlin.de>
NewEngland,Power_DataCenter,2038,3.9276841264911972,,PJ,FEL 2026 Base (NA_inputs/base_fel_v260707_v2.xlsx),2026-05-28,Konstantin Loffler <kl@wip.tu-berlin.de>
NewEngland,Power_General,2038,380.38928031811895,,PJ,FEL 2026 Base (NA_inputs/base_fel_v260707_v2.xlsx),2026-05-28,Konstantin Loffler <kl@wip.tu-berlin.de>
NewEngland,Power_Hydrogen,2038,0.23498983872000004,,PJ,FEL 2026 Base (NA_inputs/base_fel_v260707_v2.xlsx),2026-05-28,Konstantin Loffler <kl@wip.tu-berlin.de>
NewEngland,Power_BEVs,2039,63.503771104511856,,PJ,FEL 2026 Base (NA_inputs/base_fel_v260707_v2.xlsx),2026-05-28,Konstantin Loffler <kl@wip.tu-berlin.de>
NewEngland,Power_Buildings_Heat,2039,75.03005266303772,,PJ,FEL 2026 Base (NA_inputs/base_fel_v260707_v2.xlsx),2026-05-28,Konstantin Loffler <kl@wip.tu-berlin.de>
NewEngland,Power_DataCenter,2039,4.125751626012826,,PJ,FEL 2026 Base (NA_inputs/base_fel_v260707_v2.xlsx),2026-05-28,Konstantin Loffler <kl@wip.tu-berlin.de>
NewEngland,Power_General,2039,385.4986858902497,,PJ,FEL 2026 Base (NA_inputs/base_fel_v260707_v2.xlsx),2026-05-28,Konstantin Loffler <kl@wip.tu-berlin.de>
NewEngland,Power_Hydrogen,2039,0.23663038464,,PJ,FEL 2026 Base (NA_inputs/base_fel_v260707_v2.xlsx),2026-05-28,Konstantin Loffler <kl@wip.tu-berlin.de>
NewEngland,Power_BEVs,2040,72.64900341263092,,PJ,FEL 2026 Base (NA_inputs/base_fel_v260707_v2.xlsx),2026-05-28,Konstantin Loffler <kl@wip.tu-berlin.de>
NewEngland,Power_Buildings_Heat,2040,75.05066891722718,,PJ,FEL 2026 Base (NA_inputs/base_fel_v260707_v2.xlsx),2026-05-28,Konstantin Loffler <kl@wip.tu-berlin.de>
NewEngland,Power_DataCenter,2040,4.284593063614318,,PJ,FEL 2026 Base (NA_inputs/base_fel_v260707_v2.xlsx),2026-05-28,Konstantin Loffler <kl@wip.tu-berlin.de>
NewEngland,Power_General,2040,391.34147723342573,,PJ,FEL 2026 Base (NA_inputs/base_fel_v260707_v2.xlsx),2026-05-28,Konstantin Loffler <kl@wip.tu-berlin.de>
NewEngland,Power_Hydrogen,2040,0.2376751104,,PJ,FEL 2026 Base (NA_inputs/base_fel_v260707_v2.xlsx),2026-05-28,Konstantin Loffler <kl@wip.tu-berlin.de>
NewYork,Power_BEVs,2025,8.740424623222278,,PJ,FEL 2026 Base (NA_inputs/base_fel_v260707_v2.xlsx),2026-05-28,Konstantin Loffler <kl@wip.tu-berlin.de>
NewYork,Power_Buildings_Heat,2025,117.78204719781814,,PJ,FEL 2026 Base (NA_inputs/base_fel_v260707_v2.xlsx),2026-05-28,Konstantin Loffler <kl@wip.tu-berlin.de>
NewYork,Power_DataCenter,2025,0.0,,PJ,FEL 2026 Base (NA_inputs/base_fel_v260707_v2.xlsx),2026-05-28,Konstantin Loffler <kl@wip.tu-berlin.de>
NewYork,Power_General,2025,433.269900392501,,PJ,FEL 2026 Base (NA_inputs/base_fel_v260707_v2.xlsx),2026-05-28,Konstantin Loffler <kl@wip.tu-berlin.de>
NewYork,Power_Hydrogen,2025,0.1052114544,,PJ,FEL 2026 Base (NA_inputs/base_fel_v260707_v2.xlsx),2026-05-28,Konstantin Loffler <kl@wip.tu-berlin.de>
NewYork,Power_BEVs,2026,8.435044685836374,,PJ,FEL 2026 Base (NA_inputs/base_fel_v260707_v2.xlsx),2026-05-28,Konstantin Loffler <kl@wip.tu-berlin.de>
NewYork,Power_Buildings_Heat,2026,113.70311559929092,,PJ,FEL 2026 Base (NA_inputs/base_fel_v260707_v2.xlsx),2026-05-28,Konstantin Loffler <kl@wip.tu-berlin.de>
NewYork,Power_DataCenter,2026,4.020410499282778,,PJ,FEL 2026 Base (NA_inputs/base_fel_v260707_v2.xlsx),2026-05-28,Konstantin Loffler <kl@wip.tu-berlin.de>
NewYork,Power_General,2026,436.9954288928802,,PJ,FEL 2026 Base (NA_inputs/base_fel_v260707_v2.xlsx),2026-05-28,Konstantin Loffler <kl@wip.tu-berlin.de>
NewYork,Power_Hydrogen,2026,0.24945080544,,PJ,FEL 2026 Base (NA_inputs/base_fel_v260707_v2.xlsx),2026-05-28,Konstantin Loffler <kl@wip.tu-berlin.de>
NewYork,Power_BEVs,2027,7.510907128914238,,PJ,FEL 2026 Base (NA_inputs/base_fel_v260707_v2.xlsx),2026-05-28,Konstantin Loffler <kl@wip.tu-berlin.de>
NewYork,Power_Buildings_Heat,2027,109.83330040692496,,PJ,FEL 2026 Base (NA_inputs/base_fel_v260707_v2.xlsx),2026-05-28,Konstantin Loffler <kl@wip.tu-berlin.de>
NewYork,Power_DataCenter,2027,7.53403453400965,,PJ,FEL 2026 Base (NA_inputs/base_fel_v260707_v2.xlsx),2026-05-28,Konstantin Loffler <kl@wip.tu-berlin.de>
NewYork,Power_General,2027,442.44868074185985,,PJ,FEL 2026 Base (NA_inputs/base_fel_v260707_v2.xlsx),2026-05-28,Konstantin Loffler <kl@wip.tu-berlin.de>
NewYork,Power_Hydrogen,2027,0.36699341328,,PJ,FEL 2026 Base (NA_inputs/base_fel_v260707_v2.xlsx),2026-05-28,Konstantin Loffler <kl@wip.tu-berlin.de>
NewYork,Power_BEVs,2028,7.836073881084267,,PJ,FEL 2026 Base (NA_inputs/base_fel_v260707_v2.xlsx),2026-05-28,Konstantin Loffler <kl@wip.tu-berlin.de>
NewYork,Power_Buildings_Heat,2028,107.65441091820017,,PJ,FEL 2026 Base (NA_inputs/base_fel_v260707_v2.xlsx),2026-05-28,Konstantin Loffler <kl@wip.tu-berlin.de>
NewYork,Power_DataCenter,2028,10.595962996671705,,PJ,FEL 2026 Base (NA_inputs/base_fel_v260707_v2.xlsx),2026-05-28,Konstantin Loffler <kl@wip.tu-berlin.de>
NewYork,Power_General,2028,456.2956445292358,,PJ,FEL 2026 Base (NA_inputs/base_fel_v260707_v2.xlsx),2026-05-28,Konstantin Loffler <kl@wip.tu-berlin.de>
NewYork,Power_Hydrogen,2028,0.3970795608,,PJ,FEL 2026 Base (NA_inputs/base_fel_v260707_v2.xlsx),2026-05-28,Konstantin Loffler <kl@wip.tu-berlin.de>
NewYork,Power_BEVs,2029,7.330093993914748,,PJ,FEL 2026 Base (NA_inputs/base_fel_v260707_v2.xlsx),2026-05-28,Konstantin Loffler <kl@wip.tu-berlin.de>
NewYork,Power_Buildings_Heat,2029,104.69948389321009,,PJ,FEL 2026 Base (NA_inputs/base_fel_v260707_v2.xlsx),2026-05-28,Konstantin Loffler <kl@wip.tu-berlin.de>
NewYork,Power_DataCenter,2029,14.894142613547004,,PJ,FEL 2026 Base (NA_inputs/base_fel_v260707_v2.xlsx),2026-05-28,Konstantin Loffler <kl@wip.tu-berlin.de>
NewYork,Power_General,2029,468.49192293269647,,PJ,FEL 2026 Base (NA_inputs/base_fel_v260707_v2.xlsx),2026-05-28,Konstantin Loffler <kl@wip.tu-berlin.de>
NewYork,Power_Hydrogen,2029,0.38424672000000004,,PJ,FEL 2026 Base (NA_inputs/base_fel_v260707_v2.xlsx),2026-05-28,Konstantin Loffler <kl@wip.tu-berlin.de>
NewYork,Power_BEVs,2030,14.351739092794377,,PJ,FEL 2026 Base (NA_inputs/base_fel_v260707_v2.xlsx),2026-05-28,Konstantin Loffler <kl@wip.tu-berlin.de>
NewYork,Power_Buildings_Heat,2030,101.84127048054161,,PJ,FEL 2026 Base (NA_inputs/base_fel_v260707_v2.xlsx),2026-05-28,Konstantin Loffler <kl@wip.tu-berlin.de>
NewYork,Power_DataCenter,2030,19.54173395462423,,PJ,FEL 2026 Base (NA_inputs/base_fel_v260707_v2.xlsx),2026-05-28,Konstantin Loffler <kl@wip.tu-berlin.de>
NewYork,Power_General,2030,481.85588819865956,,PJ,FEL 2026 Base (NA_inputs/base_fel_v260707_v2.xlsx),2026-05-28,Konstantin Loffler <kl@wip.tu-berlin.de>
NewYork,Power_Hydrogen,2030,0.2773248192,,PJ,FEL 2026 Base (NA_inputs/base_fel_v260707_v2.xlsx),2026-05-28,Konstantin Loffler <kl@wip.tu-berlin.de>
NewYork,Power_BEVs,2031,15.453999391709068,,PJ,FEL 2026 Base (NA_inputs/base_fel_v260707_v2.xlsx),2026-05-28,Konstantin Loffler <kl@wip.tu-berlin.de>
NewYork,Power_Buildings_Heat,2031,100.67779993796152,,PJ,FEL 2026 Base (NA_inputs/base_fel_v260707_v2.xlsx),2026-05-28,Konstantin Loffler <kl@wip.tu-berlin.de>
NewYork,Power_DataCenter,2031,22.535887936939638,,PJ,FEL 2026 Base (NA_inputs/base_fel_v260707_v2.xlsx),2026-05-28,Konstantin Loffler <kl@wip.tu-berlin.de>
NewYork,Power_General,2031,494.69799378096246,,PJ,FEL 2026 Base (NA_inputs/base_fel_v260707_v2.xlsx),2026-05-28,Konstantin Loffler <kl@wip.tu-berlin.de>
NewYork,Power_Hydrogen,2031,0.26856370800000007,,PJ,FEL 2026 Base (NA_inputs/base_fel_v260707_v2.xlsx),2026-05-28,Konstantin Loffler <kl@wip.tu-berlin.de>
NewYork,Power_BEVs,2032,15.65267054416025,,PJ,FEL 2026 Base (NA_inputs/base_fel_v260707_v2.xlsx),2026-05-28,Konstantin Loffler <kl@wip.tu-berlin.de>
NewYork,Power_Buildings_Heat,2032,99.90208824053533,,PJ,FEL 2026 Base (NA_inputs/base_fel_v260707_v2.xlsx),2026-05-28,Konstantin Loffler <kl@wip.tu-berlin.de>
NewYork,Power_DataCenter,2032,25.162318243917014,,PJ,FEL 2026 Base (NA_inputs/base_fel_v260707_v2.xlsx),2026-05-28,Konstantin Loffler <kl@wip.tu-berlin.de>
NewYork,Power_General,2032,510.0705912142667,,PJ,FEL 2026 Base (NA_inputs/base_fel_v260707_v2.xlsx),2026-05-28,Konstantin Loffler <kl@wip.tu-berlin.de>
NewYork,Power_Hydrogen,2032,0.2656640268,,PJ,FEL 2026 Base (NA_inputs/base_fel_v260707_v2.xlsx),2026-05-28,Konstantin Loffler <kl@wip.tu-berlin.de>
NewYork,Power_BEVs,2033,24.982025659772674,,PJ,FEL 2026 Base (NA_inputs/base_fel_v260707_v2.xlsx),2026-05-28,Konstantin Loffler <kl@wip.tu-berlin.de>
NewYork,Power_Buildings_Heat,2033,100.00260994627094,,PJ,FEL 2026 Base (NA_inputs/base_fel_v260707_v2.xlsx),2026-05-28,Konstantin Loffler <kl@wip.tu-berlin.de>
NewYork,Power_DataCenter,2033,27.36708184507109,,PJ,FEL 2026 Base (NA_inputs/base_fel_v260707_v2.xlsx),2026-05-28,Konstantin Loffler <kl@wip.tu-berlin.de>
NewYork,Power_General,2033,528.9887991347853,,PJ,FEL 2026 Base (NA_inputs/base_fel_v260707_v2.xlsx),2026-05-28,Konstantin Loffler <kl@wip.tu-berlin.de>
NewYork,Power_Hydrogen,2033,0.2694221568,,PJ,FEL 2026 Base (NA_inputs/base_fel_v260707_v2.xlsx),2026-05-28,Konstantin Loffler <kl@wip.tu-berlin.de>
NewYork,Power_BEVs,2034,25.074200799562334,,PJ,FEL 2026 Base (NA_inputs/base_fel_v260707_v2.xlsx),2026-05-28,Konstantin Loffler <kl@wip.tu-berlin.de>
NewYork,Power_Buildings_Heat,2034,100.79590447084232,,PJ,FEL 2026 Base (NA_inputs/base_fel_v260707_v2.xlsx),2026-05-28,Konstantin Loffler <kl@wip.tu-berlin.de>
NewYork,Power_DataCenter,2034,30.820564644706117,,PJ,FEL 2026 Base (NA_inputs/base_fel_v260707_v2.xlsx),2026-05-28,Konstantin Loffler <kl@wip.tu-berlin.de>
NewYork,Power_General,2034,550.9050525174733,,PJ,FEL 2026 Base (NA_inputs/base_fel_v260707_v2.xlsx),2026-05-28,Konstantin Loffler <kl@wip.tu-berlin.de>
NewYork,Power_Hydrogen,2034,0.27582756768,,PJ,FEL 2026 Base (NA_inputs/base_fel_v260707_v2.xlsx),2026-05-28,Konstantin Loffler <kl@wip.tu-berlin.de>
NewYork,Power_BEVs,2035,42.750197478605116,,PJ,FEL 2026 Base (NA_inputs/base_fel_v260707_v2.xlsx),2026-05-28,Konstantin Loffler <kl@wip.tu-berlin.de>
NewYork,Power_Buildings_Heat,2035,101.93162029849371,,PJ,FEL 2026 Base (NA_inputs/base_fel_v260707_v2.xlsx),2026-05-28,Konstantin Loffler <kl@wip.tu-berlin.de>
NewYork,Power_DataCenter,2035,34.13399500709915,,PJ,FEL 2026 Base (NA_inputs/base_fel_v260707_v2.xlsx),2026-05-28,Konstantin Loffler <kl@wip.tu-berlin.de>
NewYork,Power_General,2035,574.0600439632955,,PJ,FEL 2026 Base (NA_inputs/base_fel_v260707_v2.xlsx),2026-05-28,Konstantin Loffler <kl@wip.tu-berlin.de>
NewYork,Power_Hydrogen,2035,0.2817476784,,PJ,FEL 2026 Base (NA_inputs/base_fel_v260707_v2.xlsx),2026-05-28,Konstantin Loffler <kl@wip.tu-berlin.de>
NewYork,Power_BEVs,2036,51.169451979036104,,PJ,FEL 2026 Base (NA_inputs/base_fel_v260707_v2.xlsx),2026-05-28,Konstantin Loffler <kl@wip.tu-berlin.de>
NewYork,Power_Buildings_Heat,2036,101.42699804924423,,PJ,FEL 2026 Base (NA_inputs/base_fel_v260707_v2.xlsx),2026-05-28,Konstantin Loffler <kl@wip.tu-berlin.de>
NewYork,Power_DataCenter,2036,37.07683300521123,,PJ,FEL 2026 Base (NA_inputs/base_fel_v260707_v2.xlsx),2026-05-28,Konstantin Loffler <kl@wip.tu-berlin.de>
NewYork,Power_General,2036,589.8404031390595,,PJ,FEL 2026 Base (NA_inputs/base_fel_v260707_v2.xlsx),2026-05-28,Konstantin Loffler <kl@wip.tu-berlin.de>
NewYork,Power_Hydrogen,2036,0.28340267184,,PJ,FEL 2026 Base (NA_inputs/base_fel_v260707_v2.xlsx),2026-05-28,Konstantin Loffler <kl@wip.tu-berlin.de>
NewYork,Power_BEVs,2037,59.70637958042001,,PJ,FEL 2026 Base (NA_inputs/base_fel_v260707_v2.xlsx),2026-05-28,Konstantin Loffler <kl@wip.tu-berlin.de>
NewYork,Power_Buildings_Heat,2037,101.10896056034083,,PJ,FEL 2026 Base (NA_inputs/base_fel_v260707_v2.xlsx),2026-05-28,Konstantin Loffler <kl@wip.tu-berlin.de>
NewYork,Power_DataCenter,2037,39.83111202845546,,PJ,FEL 2026 Base (NA_inputs/base_fel_v260707_v2.xlsx),2026-05-28,Konstantin Loffler <kl@wip.tu-berlin.de>
NewYork,Power_General,2037,605.0959910337505,,PJ,FEL 2026 Base (NA_inputs/base_fel_v260707_v2.xlsx),2026-05-28,Konstantin Loffler <kl@wip.tu-berlin.de>
NewYork,Power_Hydrogen,2037,0.28557609696,,PJ,FEL 2026 Base (NA_inputs/base_fel_v260707_v2.xlsx),2026-05-28,Konstantin Loffler <kl@wip.tu-berlin.de>
NewYork,Power_BEVs,2038,69.17051011004689,,PJ,FEL 2026 Base (NA_inputs/base_fel_v260707_v2.xlsx),2026-05-28,Konstantin Loffler <kl@wip.tu-berlin.de>
NewYork,Power_Buildings_Heat,2038,100.84146960504218,,PJ,FEL 2026 Base (NA_inputs/base_fel_v260707_v2.xlsx),2026-05-28,Konstantin Loffler <kl@wip.tu-berlin.de>
NewYork,Power_DataCenter,2038,42.31486637137271,,PJ,FEL 2026 Base (NA_inputs/base_fel_v260707_v2.xlsx),2026-05-28,Konstantin Loffler <kl@wip.tu-berlin.de>
NewYork,Power_General,2038,620.0675641010295,,PJ,FEL 2026 Base (NA_inputs/base_fel_v260707_v2.xlsx),2026-05-28,Konstantin Loffler <kl@wip.tu-berlin.de>
NewYork,Power_Hydrogen,2038,0.28704166344000004,,PJ,FEL 2026 Base (NA_inputs/base_fel_v260707_v2.xlsx),2026-05-28,Konstantin Loffler <kl@wip.tu-berlin.de>
NewYork,Power_BEVs,2039,79.57811769990452,,PJ,FEL 2026 Base (NA_inputs/base_fel_v260707_v2.xlsx),2026-05-28,Konstantin Loffler <kl@wip.tu-berlin.de>
NewYork,Power_Buildings_Heat,2039,101.74288438109,,PJ,FEL 2026 Base (NA_inputs/base_fel_v260707_v2.xlsx),2026-05-28,Konstantin Loffler <kl@wip.tu-berlin.de>
NewYork,Power_DataCenter,2039,44.448744632671946,,PJ,FEL 2026 Base (NA_inputs/base_fel_v260707_v2.xlsx),2026-05-28,Konstantin Loffler <kl@wip.tu-berlin.de>
NewYork,Power_General,2039,633.2740693512417,,PJ,FEL 2026 Base (NA_inputs/base_fel_v260707_v2.xlsx),2026-05-28,Konstantin Loffler <kl@wip.tu-berlin.de>
NewYork,Power_Hydrogen,2039,0.28904560128,,PJ,FEL 2026 Base (NA_inputs/base_fel_v260707_v2.xlsx),2026-05-28,Konstantin Loffler <kl@wip.tu-berlin.de>
NewYork,Power_BEVs,2040,91.03603881439247,,PJ,FEL 2026 Base (NA_inputs/base_fel_v260707_v2.xlsx),2026-05-28,Konstantin Loffler <kl@wip.tu-berlin.de>
NewYork,Power_Buildings_Heat,2040,101.77124450715016,,PJ,FEL 2026 Base (NA_inputs/base_fel_v260707_v2.xlsx),2026-05-28,Konstantin Loffler <kl@wip.tu-berlin.de>
NewYork,Power_DataCenter,2040,46.16002130102982,,PJ,FEL 2026 Base (NA_inputs/base_fel_v260707_v2.xlsx),2026-05-28,Konstantin Loffler <kl@wip.tu-berlin.de>
NewYork,Power_General,2040,647.4074806261149,,PJ,FEL 2026 Base (NA_inputs/base_fel_v260707_v2.xlsx),2026-05-28,Konstantin Loffler <kl@wip.tu-berlin.de>
NewYork,Power_Hydrogen,2040,0.29032174079999995,,PJ,FEL 2026 Base (NA_inputs/base_fel_v260707_v2.xlsx),2026-05-28,Konstantin Loffler <kl@wip.tu-berlin.de>
PJM,Power_BEVs,2025,17.472428112664243,,PJ,FEL 2026 Base (NA_inputs/base_fel_v260707_v2.xlsx),2026-05-28,Konstantin Loffler <kl@wip.tu-berlin.de>
PJM,Power_Buildings_Heat,2025,506.6868699604015,,PJ,FEL 2026 Base (NA_inputs/base_fel_v260707_v2.xlsx),2026-05-28,Konstantin Loffler <kl@wip.tu-berlin.de>
PJM,Power_DataCenter,2025,167.0353341552,,PJ,FEL 2026 Base (NA_inputs/base_fel_v260707_v2.xlsx),2026-05-28,Konstantin Loffler <kl@wip.tu-berlin.de>
PJM,Power_General,2025,2148.8584667523796,,PJ,FEL 2026 Base (NA_inputs/base_fel_v260707_v2.xlsx),2026-05-28,Konstantin Loffler <kl@wip.tu-berlin.de>
PJM,Power_Hydrogen,2025,1.188189756,,PJ,FEL 2026 Base (NA_inputs/base_fel_v260707_v2.xlsx),2026-05-28,Konstantin Loffler <kl@wip.tu-berlin.de>
PJM,Power_BEVs,2026,16.861609046643245,,PJ,FEL 2026 Base (NA_inputs/base_fel_v260707_v2.xlsx),2026-05-28,Konstantin Loffler <kl@wip.tu-berlin.de>
PJM,Power_Buildings_Heat,2026,490.1114365698151,,PJ,FEL 2026 Base (NA_inputs/base_fel_v260707_v2.xlsx),2026-05-28,Konstantin Loffler <kl@wip.tu-berlin.de>
PJM,Power_DataCenter,2026,227.47250062882276,,PJ,FEL 2026 Base (NA_inputs/base_fel_v260707_v2.xlsx),2026-05-28,Konstantin Loffler <kl@wip.tu-berlin.de>
PJM,Power_General,2026,2128.0882254852486,,PJ,FEL 2026 Base (NA_inputs/base_fel_v260707_v2.xlsx),2026-05-28,Konstantin Loffler <kl@wip.tu-berlin.de>
PJM,Power_Hydrogen,2026,2.8323225763199997,,PJ,FEL 2026 Base (NA_inputs/base_fel_v260707_v2.xlsx),2026-05-28,Konstantin Loffler <kl@wip.tu-berlin.de>
PJM,Power_BEVs,2027,22.51319660802835,,PJ,FEL 2026 Base (NA_inputs/base_fel_v260707_v2.xlsx),2026-05-28,Konstantin Loffler <kl@wip.tu-berlin.de>
PJM,Power_Buildings_Heat,2027,487.95875721634917,,PJ,FEL 2026 Base (NA_inputs/base_fel_v260707_v2.xlsx),2026-05-28,Konstantin Loffler <kl@wip.tu-berlin.de>
PJM,Power_DataCenter,2027,324.5553518485989,,PJ,FEL 2026 Base (NA_inputs/base_fel_v260707_v2.xlsx),2026-05-28,Konstantin Loffler <kl@wip.tu-berlin.de>
PJM,Power_General,2027,2180.2818424619873,,PJ,FEL 2026 Base (NA_inputs/base_fel_v260707_v2.xlsx),2026-05-28,Konstantin Loffler <kl@wip.tu-berlin.de>
PJM,Power_Hydrogen,2027,4.30320850128,,PJ,FEL 2026 Base (NA_inputs/base_fel_v260707_v2.xlsx),2026-05-28,Konstantin Loffler <kl@wip.tu-berlin.de>
PJM,Power_BEVs,2028,31.306939457185013,,PJ,FEL 2026 Base (NA_inputs/base_fel_v260707_v2.xlsx),2026-05-28,Konstantin Loffler <kl@wip.tu-berlin.de>
PJM,Power_Buildings_Heat,2028,481.83303604720254,,PJ,FEL 2026 Base (NA_inputs/base_fel_v260707_v2.xlsx),2026-05-28,Konstantin Loffler <kl@wip.tu-berlin.de>
PJM,Power_DataCenter,2028,411.1709609685672,,PJ,FEL 2026 Base (NA_inputs/base_fel_v260707_v2.xlsx),2026-05-28,Konstantin Loffler <kl@wip.tu-berlin.de>
PJM,Power_General,2028,2223.663619407192,,PJ,FEL 2026 Base (NA_inputs/base_fel_v260707_v2.xlsx),2026-05-28,Konstantin Loffler <kl@wip.tu-berlin.de>
PJM,Power_Hydrogen,2028,4.6984770144,,PJ,FEL 2026 Base (NA_inputs/base_fel_v260707_v2.xlsx),2026-05-28,Konstantin Loffler <kl@wip.tu-berlin.de>
PJM,Power_BEVs,2029,29.285749885696816,,PJ,FEL 2026 Base (NA_inputs/base_fel_v260707_v2.xlsx),2026-05-28,Konstantin Loffler <kl@wip.tu-berlin.de>
PJM,Power_Buildings_Heat,2029,475.5022976961816,,PJ,FEL 2026 Base (NA_inputs/base_fel_v260707_v2.xlsx),2026-05-28,Konstantin Loffler <kl@wip.tu-berlin.de>
PJM,Power_DataCenter,2029,542.5181525687303,,PJ,FEL 2026 Base (NA_inputs/base_fel_v260707_v2.xlsx),2026-05-28,Konstantin Loffler <kl@wip.tu-berlin.de>
PJM,Power_General,2029,2275.9766028258036,,PJ,FEL 2026 Base (NA_inputs/base_fel_v260707_v2.xlsx),2026-05-28,Konstantin Loffler <kl@wip.tu-berlin.de>
PJM,Power_Hydrogen,2029,4.623456239999999,,PJ,FEL 2026 Base (NA_inputs/base_fel_v260707_v2.xlsx),2026-05-28,Konstantin Loffler <kl@wip.tu-berlin.de>
PJM,Power_BEVs,2030,50.16414498155068,,PJ,FEL 2026 Base (NA_inputs/base_fel_v260707_v2.xlsx),2026-05-28,Konstantin Loffler <kl@wip.tu-berlin.de>
PJM,Power_Buildings_Heat,2030,472.2055941964429,,PJ,FEL 2026 Base (NA_inputs/base_fel_v260707_v2.xlsx),2026-05-28,Konstantin Loffler <kl@wip.tu-berlin.de>
PJM,Power_DataCenter,2030,741.2017206236743,,PJ,FEL 2026 Base (NA_inputs/base_fel_v260707_v2.xlsx),2026-05-28,Konstantin Loffler <kl@wip.tu-berlin.de>
PJM,Power_General,2030,2343.239521505601,,PJ,FEL 2026 Base (NA_inputs/base_fel_v260707_v2.xlsx),2026-05-28,Konstantin Loffler <kl@wip.tu-berlin.de>
PJM,Power_Hydrogen,2030,3.4133112287999996,,PJ,FEL 2026 Base (NA_inputs/base_fel_v260707_v2.xlsx),2026-05-28,Konstantin Loffler <kl@wip.tu-berlin.de>
PJM,Power_BEVs,2031,61.72271208910676,,PJ,FEL 2026 Base (NA_inputs/base_fel_v260707_v2.xlsx),2026-05-28,Konstantin Loffler <kl@wip.tu-berlin.de>
PJM,Power_Buildings_Heat,2031,479.5740417828853,,PJ,FEL 2026 Base (NA_inputs/base_fel_v260707_v2.xlsx),2026-05-28,Konstantin Loffler <kl@wip.tu-berlin.de>
PJM,Power_DataCenter,2031,896.5667336711605,,PJ,FEL 2026 Base (NA_inputs/base_fel_v260707_v2.xlsx),2026-05-28,Konstantin Loffler <kl@wip.tu-berlin.de>
PJM,Power_General,2031,2453.156758462934,,PJ,FEL 2026 Base (NA_inputs/base_fel_v260707_v2.xlsx),2026-05-28,Konstantin Loffler <kl@wip.tu-berlin.de>
PJM,Power_Hydrogen,2031,3.3950635488,,PJ,FEL 2026 Base (NA_inputs/base_fel_v260707_v2.xlsx),2026-05-28,Konstantin Loffler <kl@wip.tu-berlin.de>
PJM,Power_BEVs,2032,70.32008835375458,,PJ,FEL 2026 Base (NA_inputs/base_fel_v260707_v2.xlsx),2026-05-28,Konstantin Loffler <kl@wip.tu-berlin.de>
PJM,Power_Buildings_Heat,2032,483.6942058869867,,PJ,FEL 2026 Base (NA_inputs/base_fel_v260707_v2.xlsx),2026-05-28,Konstantin Loffler <kl@wip.tu-berlin.de>
PJM,Power_DataCenter,2032,1045.505348463446,,PJ,FEL 2026 Base (NA_inputs/base_fel_v260707_v2.xlsx),2026-05-28,Konstantin Loffler <kl@wip.tu-berlin.de>
PJM,Power_General,2032,2554.202424560465,,PJ,FEL 2026 Base (NA_inputs/base_fel_v260707_v2.xlsx),2026-05-28,Konstantin Loffler <kl@wip.tu-berlin.de>
PJM,Power_Hydrogen,2032,3.4133657472,,PJ,FEL 2026 Base (NA_inputs/base_fel_v260707_v2.xlsx),2026-05-28,Konstantin Loffler <kl@wip.tu-berlin.de>
PJM,Power_BEVs,2033,91.45930326257938,,PJ,FEL 2026 Base (NA_inputs/base_fel_v260707_v2.xlsx),2026-05-28,Konstantin Loffler <kl@wip.tu-berlin.de>
PJM,Power_Buildings_Heat,2033,483.29200078032386,,PJ,FEL 2026 Base (NA_inputs/base_fel_v260707_v2.xlsx),2026-05-28,Konstantin Loffler <kl@wip.tu-berlin.de>
PJM,Power_DataCenter,2033,1176.943084379013,,PJ,FEL 2026 Base (NA_inputs/base_fel_v260707_v2.xlsx),2026-05-28,Konstantin Loffler <kl@wip.tu-berlin.de>
PJM,Power_General,2033,2628.998102484124,,PJ,FEL 2026 Base (NA_inputs/base_fel_v260707_v2.xlsx),2026-05-28,Konstantin Loffler <kl@wip.tu-berlin.de>
PJM,Power_Hydrogen,2033,3.4551622656,,PJ,FEL 2026 Base (NA_inputs/base_fel_v260707_v2.xlsx),2026-05-28,Konstantin Loffler <kl@wip.tu-berlin.de>
PJM,Power_BEVs,2034,116.79356776813091,,PJ,FEL 2026 Base (NA_inputs/base_fel_v260707_v2.xlsx),2026-05-28,Konstantin Loffler <kl@wip.tu-berlin.de>
PJM,Power_Buildings_Heat,2034,482.1916935209953,,PJ,FEL 2026 Base (NA_inputs/base_fel_v260707_v2.xlsx),2026-05-28,Konstantin Loffler <kl@wip.tu-berlin.de>
PJM,Power_DataCenter,2034,1327.5179638840705,,PJ,FEL 2026 Base (NA_inputs/base_fel_v260707_v2.xlsx),2026-05-28,Konstantin Loffler <kl@wip.tu-berlin.de>
PJM,Power_General,2034,2699.619043140918,,PJ,FEL 2026 Base (NA_inputs/base_fel_v260707_v2.xlsx),2026-05-28,Konstantin Loffler <kl@wip.tu-berlin.de>
PJM,Power_Hydrogen,2034,3.50012464704,,PJ,FEL 2026 Base (NA_inputs/base_fel_v260707_v2.xlsx),2026-05-28,Konstantin Loffler <kl@wip.tu-berlin.de>
PJM,Power_BEVs,2035,136.60090180456328,,PJ,FEL 2026 Base (NA_inputs/base_fel_v260707_v2.xlsx),2026-05-28,Konstantin Loffler <kl@wip.tu-berlin.de>
PJM,Power_Buildings_Heat,2035,482.13391538938043,,PJ,FEL 2026 Base (NA_inputs/base_fel_v260707_v2.xlsx),2026-05-28,Konstantin Loffler <kl@wip.tu-berlin.de>
PJM,Power_DataCenter,2035,1471.8774276094675,,PJ,FEL 2026 Base (NA_inputs/base_fel_v260707_v2.xlsx),2026-05-28,Konstantin Loffler <kl@wip.tu-berlin.de>
PJM,Power_General,2035,2770.870013094361,,PJ,FEL 2026 Base (NA_inputs/base_fel_v260707_v2.xlsx),2026-05-28,Konstantin Loffler <kl@wip.tu-berlin.de>
PJM,Power_Hydrogen,2035,3.5326198224,,PJ,FEL 2026 Base (NA_inputs/base_fel_v260707_v2.xlsx),2026-05-28,Konstantin Loffler <kl@wip.tu-berlin.de>
PJM,Power_BEVs,2036,163.5060178503205,,PJ,FEL 2026 Base (NA_inputs/base_fel_v260707_v2.xlsx),2026-05-28,Konstantin Loffler <kl@wip.tu-berlin.de>
PJM,Power_Buildings_Heat,2036,479.4933164346623,,PJ,FEL 2026 Base (NA_inputs/base_fel_v260707_v2.xlsx),2026-05-28,Konstantin Loffler <kl@wip.tu-berlin.de>
PJM,Power_DataCenter,2036,1598.774288689799,,PJ,FEL 2026 Base (NA_inputs/base_fel_v260707_v2.xlsx),2026-05-28,Konstantin Loffler <kl@wip.tu-berlin.de>
PJM,Power_General,2036,2825.260275364082,,PJ,FEL 2026 Base (NA_inputs/base_fel_v260707_v2.xlsx),2026-05-28,Konstantin Loffler <kl@wip.tu-berlin.de>
PJM,Power_Hydrogen,2036,3.5533705262399997,,PJ,FEL 2026 Base (NA_inputs/base_fel_v260707_v2.xlsx),2026-05-28,Konstantin Loffler <kl@wip.tu-berlin.de>
PJM,Power_BEVs,2037,190.78914433809368,,PJ,FEL 2026 Base (NA_inputs/base_fel_v260707_v2.xlsx),2026-05-28,Konstantin Loffler <kl@wip.tu-berlin.de>
PJM,Power_Buildings_Heat,2037,477.8368976613082,,PJ,FEL 2026 Base (NA_inputs/base_fel_v260707_v2.xlsx),2026-05-28,Konstantin Loffler <kl@wip.tu-berlin.de>
PJM,Power_DataCenter,2037,1717.5403787067557,,PJ,FEL 2026 Base (NA_inputs/base_fel_v260707_v2.xlsx),2026-05-28,Konstantin Loffler <kl@wip.tu-berlin.de>
PJM,Power_General,2037,2881.708945973772,,PJ,FEL 2026 Base (NA_inputs/base_fel_v260707_v2.xlsx),2026-05-28,Konstantin Loffler <kl@wip.tu-berlin.de>
PJM,Power_Hydrogen,2037,3.58062145056,,PJ,FEL 2026 Base (NA_inputs/base_fel_v260707_v2.xlsx),2026-05-28,Konstantin Loffler <kl@wip.tu-berlin.de>
PJM,Power_BEVs,2038,221.03740476584133,,PJ,FEL 2026 Base (NA_inputs/base_fel_v260707_v2.xlsx),2026-05-28,Konstantin Loffler <kl@wip.tu-berlin.de>
PJM,Power_Buildings_Heat,2038,476.44700185011055,,PJ,FEL 2026 Base (NA_inputs/base_fel_v260707_v2.xlsx),2026-05-28,Konstantin Loffler <kl@wip.tu-berlin.de>
PJM,Power_DataCenter,2038,1824.6412894646842,,PJ,FEL 2026 Base (NA_inputs/base_fel_v260707_v2.xlsx),2026-05-28,Konstantin Loffler <kl@wip.tu-berlin.de>
PJM,Power_General,2038,2936.9133233667385,,PJ,FEL 2026 Base (NA_inputs/base_fel_v260707_v2.xlsx),2026-05-28,Konstantin Loffler <kl@wip.tu-berlin.de>
PJM,Power_Hydrogen,2038,3.59899707384,,PJ,FEL 2026 Base (NA_inputs/base_fel_v260707_v2.xlsx),2026-05-28,Konstantin Loffler <kl@wip.tu-berlin.de>
PJM,Power_BEVs,2039,254.3035081431978,,PJ,FEL 2026 Base (NA_inputs/base_fel_v260707_v2.xlsx),2026-05-28,Konstantin Loffler <kl@wip.tu-berlin.de>
PJM,Power_Buildings_Heat,2039,481.2243727604836,,PJ,FEL 2026 Base (NA_inputs/base_fel_v260707_v2.xlsx),2026-05-28,Konstantin Loffler <kl@wip.tu-berlin.de>
PJM,Power_DataCenter,2039,1916.6553430619742,,PJ,FEL 2026 Base (NA_inputs/base_fel_v260707_v2.xlsx),2026-05-28,Konstantin Loffler <kl@wip.tu-berlin.de>
PJM,Power_General,2039,2986.1888604147107,,PJ,FEL 2026 Base (NA_inputs/base_fel_v260707_v2.xlsx),2026-05-28,Konstantin Loffler <kl@wip.tu-berlin.de>
PJM,Power_Hydrogen,2039,3.6241229260799996,,PJ,FEL 2026 Base (NA_inputs/base_fel_v260707_v2.xlsx),2026-05-28,Konstantin Loffler <kl@wip.tu-berlin.de>
PJM,Power_BEVs,2040,290.92916038047355,,PJ,FEL 2026 Base (NA_inputs/base_fel_v260707_v2.xlsx),2026-05-28,Konstantin Loffler <kl@wip.tu-berlin.de>
PJM,Power_Buildings_Heat,2040,481.39543604053915,,PJ,FEL 2026 Base (NA_inputs/base_fel_v260707_v2.xlsx),2026-05-28,Konstantin Loffler <kl@wip.tu-berlin.de>
PJM,Power_DataCenter,2040,1990.4465737698602,,PJ,FEL 2026 Base (NA_inputs/base_fel_v260707_v2.xlsx),2026-05-28,Konstantin Loffler <kl@wip.tu-berlin.de>
PJM,Power_General,2040,3039.638571344057,,PJ,FEL 2026 Base (NA_inputs/base_fel_v260707_v2.xlsx),2026-05-28,Konstantin Loffler <kl@wip.tu-berlin.de>
PJM,Power_Hydrogen,2040,3.6401234688,,PJ,FEL 2026 Base (NA_inputs/base_fel_v260707_v2.xlsx),2026-05-28,Konstantin Loffler <kl@wip.tu-berlin.de>
SERC,Power_BEVs,2025,8.720397995796795,,PJ,FEL 2026 Base (NA_inputs/base_fel_v260707_v2.xlsx),2026-05-28,Konstantin Loffler <kl@wip.tu-berlin.de>
SERC,Power_Buildings_Heat,2025,693.1703977563984,,PJ,FEL 2026 Base (NA_inputs/base_fel_v260707_v2.xlsx),2026-05-28,Konstantin Loffler <kl@wip.tu-berlin.de>
SERC,Power_DataCenter,2025,47.724163068456,,PJ,FEL 2026 Base (NA_inputs/base_fel_v260707_v2.xlsx),2026-05-28,Konstantin Loffler <kl@wip.tu-berlin.de>
SERC,Power_General,2025,2752.8879827082433,,PJ,FEL 2026 Base (NA_inputs/base_fel_v260707_v2.xlsx),2026-05-28,Konstantin Loffler <kl@wip.tu-berlin.de>
SERC,Power_Hydrogen,2025,1.2453597936,,PJ,FEL 2026 Base (NA_inputs/base_fel_v260707_v2.xlsx),2026-05-28,Konstantin Loffler <kl@wip.tu-berlin.de>
SERC,Power_BEVs,2026,8.414037377910338,,PJ,FEL 2026 Base (NA_inputs/base_fel_v260707_v2.xlsx),2026-05-28,Konstantin Loffler <kl@wip.tu-berlin.de>
SERC,Power_Buildings_Heat,2026,685.4244486548954,,PJ,FEL 2026 Base (NA_inputs/base_fel_v260707_v2.xlsx),2026-05-28,Konstantin Loffler <kl@wip.tu-berlin.de>
SERC,Power_DataCenter,2026,63.0259933917425,,PJ,FEL 2026 Base (NA_inputs/base_fel_v260707_v2.xlsx),2026-05-28,Konstantin Loffler <kl@wip.tu-berlin.de>
SERC,Power_General,2026,2776.841945276644,,PJ,FEL 2026 Base (NA_inputs/base_fel_v260707_v2.xlsx),2026-05-28,Konstantin Loffler <kl@wip.tu-berlin.de>
SERC,Power_Hydrogen,2026,3.02812277472,,PJ,FEL 2026 Base (NA_inputs/base_fel_v260707_v2.xlsx),2026-05-28,Konstantin Loffler <kl@wip.tu-berlin.de>
SERC,Power_BEVs,2027,7.491325731565932,,PJ,FEL 2026 Base (NA_inputs/base_fel_v260707_v2.xlsx),2026-05-28,Konstantin Loffler <kl@wip.tu-berlin.de>
SERC,Power_Buildings_Heat,2027,678.3704646750007,,PJ,FEL 2026 Base (NA_inputs/base_fel_v260707_v2.xlsx),2026-05-28,Konstantin Loffler <kl@wip.tu-berlin.de>
SERC,Power_DataCenter,2027,86.34109072683187,,PJ,FEL 2026 Base (NA_inputs/base_fel_v260707_v2.xlsx),2026-05-28,Konstantin Loffler <kl@wip.tu-berlin.de>
SERC,Power_General,2027,2815.77632855639,,PJ,FEL 2026 Base (NA_inputs/base_fel_v260707_v2.xlsx),2026-05-28,Konstantin Loffler <kl@wip.tu-berlin.de>
SERC,Power_Hydrogen,2027,4.570391666880001,,PJ,FEL 2026 Base (NA_inputs/base_fel_v260707_v2.xlsx),2026-05-28,Konstantin Loffler <kl@wip.tu-berlin.de>
SERC,Power_BEVs,2028,7.814585391910848,,PJ,FEL 2026 Base (NA_inputs/base_fel_v260707_v2.xlsx),2026-05-28,Konstantin Loffler <kl@wip.tu-berlin.de>
SERC,Power_Buildings_Heat,2028,666.5230373143061,,PJ,FEL 2026 Base (NA_inputs/base_fel_v260707_v2.xlsx),2026-05-28,Konstantin Loffler <kl@wip.tu-berlin.de>
SERC,Power_DataCenter,2028,117.20420578615816,,PJ,FEL 2026 Base (NA_inputs/base_fel_v260707_v2.xlsx),2026-05-28,Konstantin Loffler <kl@wip.tu-berlin.de>
SERC,Power_General,2028,2843.062758108425,,PJ,FEL 2026 Base (NA_inputs/base_fel_v260707_v2.xlsx),2026-05-28,Konstantin Loffler <kl@wip.tu-berlin.de>
SERC,Power_Hydrogen,2028,4.9582335816,,PJ,FEL 2026 Base (NA_inputs/base_fel_v260707_v2.xlsx),2026-05-28,Konstantin Loffler <kl@wip.tu-berlin.de>
SERC,Power_BEVs,2029,14.60634419768747,,PJ,FEL 2026 Base (NA_inputs/base_fel_v260707_v2.xlsx),2026-05-28,Konstantin Loffler <kl@wip.tu-berlin.de>
SERC,Power_Buildings_Heat,2029,657.6486534120585,,PJ,FEL 2026 Base (NA_inputs/base_fel_v260707_v2.xlsx),2026-05-28,Konstantin Loffler <kl@wip.tu-berlin.de>
SERC,Power_DataCenter,2029,163.5225989567499,,PJ,FEL 2026 Base (NA_inputs/base_fel_v260707_v2.xlsx),2026-05-28,Konstantin Loffler <kl@wip.tu-berlin.de>
SERC,Power_General,2029,2892.6289750436563,,PJ,FEL 2026 Base (NA_inputs/base_fel_v260707_v2.xlsx),2026-05-28,Konstantin Loffler <kl@wip.tu-berlin.de>
SERC,Power_Hydrogen,2029,4.87185192,,PJ,FEL 2026 Base (NA_inputs/base_fel_v260707_v2.xlsx),2026-05-28,Konstantin Loffler <kl@wip.tu-berlin.de>
SERC,Power_BEVs,2030,14.304462854466575,,PJ,FEL 2026 Base (NA_inputs/base_fel_v260707_v2.xlsx),2026-05-28,Konstantin Loffler <kl@wip.tu-berlin.de>
SERC,Power_Buildings_Heat,2030,650.113219952552,,PJ,FEL 2026 Base (NA_inputs/base_fel_v260707_v2.xlsx),2026-05-28,Konstantin Loffler <kl@wip.tu-berlin.de>
SERC,Power_DataCenter,2030,228.1760659994308,,PJ,FEL 2026 Base (NA_inputs/base_fel_v260707_v2.xlsx),2026-05-28,Konstantin Loffler <kl@wip.tu-berlin.de>
SERC,Power_General,2030,2948.2507404169796,,PJ,FEL 2026 Base (NA_inputs/base_fel_v260707_v2.xlsx),2026-05-28,Konstantin Loffler <kl@wip.tu-berlin.de>
SERC,Power_Hydrogen,2030,3.57715116,,PJ,FEL 2026 Base (NA_inputs/base_fel_v260707_v2.xlsx),2026-05-28,Konstantin Loffler <kl@wip.tu-berlin.de>
SERC,Power_BEVs,2031,15.402267181998987,,PJ,FEL 2026 Base (NA_inputs/base_fel_v260707_v2.xlsx),2026-05-28,Konstantin Loffler <kl@wip.tu-berlin.de>
SERC,Power_Buildings_Heat,2031,640.3277123244102,,PJ,FEL 2026 Base (NA_inputs/base_fel_v260707_v2.xlsx),2026-05-28,Konstantin Loffler <kl@wip.tu-berlin.de>
SERC,Power_DataCenter,2031,283.92197567560453,,PJ,FEL 2026 Base (NA_inputs/base_fel_v260707_v2.xlsx),2026-05-28,Konstantin Loffler <kl@wip.tu-berlin.de>
SERC,Power_General,2031,2984.0852427151253,,PJ,FEL 2026 Base (NA_inputs/base_fel_v260707_v2.xlsx),2026-05-28,Konstantin Loffler <kl@wip.tu-berlin.de>
SERC,Power_Hydrogen,2031,3.4510687848000003,,PJ,FEL 2026 Base (NA_inputs/base_fel_v260707_v2.xlsx),2026-05-28,Konstantin Loffler <kl@wip.tu-berlin.de>
SERC,Power_BEVs,2032,31.173062891747705,,PJ,FEL 2026 Base (NA_inputs/base_fel_v260707_v2.xlsx),2026-05-28,Konstantin Loffler <kl@wip.tu-berlin.de>
SERC,Power_Buildings_Heat,2032,629.3601309468575,,PJ,FEL 2026 Base (NA_inputs/base_fel_v260707_v2.xlsx),2026-05-28,Konstantin Loffler <kl@wip.tu-berlin.de>
SERC,Power_DataCenter,2032,326.56612472521545,,PJ,FEL 2026 Base (NA_inputs/base_fel_v260707_v2.xlsx),2026-05-28,Konstantin Loffler <kl@wip.tu-berlin.de>
SERC,Power_General,2032,3017.3483408844577,,PJ,FEL 2026 Base (NA_inputs/base_fel_v260707_v2.xlsx),2026-05-28,Konstantin Loffler <kl@wip.tu-berlin.de>
SERC,Power_Hydrogen,2032,3.379966164,,PJ,FEL 2026 Base (NA_inputs/base_fel_v260707_v2.xlsx),2026-05-28,Konstantin Loffler <kl@wip.tu-berlin.de>
SERC,Power_BEVs,2033,33.17879905937931,,PJ,FEL 2026 Base (NA_inputs/base_fel_v260707_v2.xlsx),2026-05-28,Konstantin Loffler <kl@wip.tu-berlin.de>
SERC,Power_Buildings_Heat,2033,618.2376394427513,,PJ,FEL 2026 Base (NA_inputs/base_fel_v260707_v2.xlsx),2026-05-28,Konstantin Loffler <kl@wip.tu-berlin.de>
SERC,Power_DataCenter,2033,360.4422920154509,,PJ,FEL 2026 Base (NA_inputs/base_fel_v260707_v2.xlsx),2026-05-28,Konstantin Loffler <kl@wip.tu-berlin.de>
SERC,Power_General,2033,3042.719631631942,,PJ,FEL 2026 Base (NA_inputs/base_fel_v260707_v2.xlsx),2026-05-28,Konstantin Loffler <kl@wip.tu-berlin.de>
SERC,Power_Hydrogen,2033,3.3606510336,,PJ,FEL 2026 Base (NA_inputs/base_fel_v260707_v2.xlsx),2026-05-28,Konstantin Loffler <kl@wip.tu-berlin.de>
SERC,Power_BEVs,2034,41.612611131110654,,PJ,FEL 2026 Base (NA_inputs/base_fel_v260707_v2.xlsx),2026-05-28,Konstantin Loffler <kl@wip.tu-berlin.de>
SERC,Power_Buildings_Heat,2034,609.3716065954553,,PJ,FEL 2026 Base (NA_inputs/base_fel_v260707_v2.xlsx),2026-05-28,Konstantin Loffler <kl@wip.tu-berlin.de>
SERC,Power_DataCenter,2034,404.78681403919336,,PJ,FEL 2026 Base (NA_inputs/base_fel_v260707_v2.xlsx),2026-05-28,Konstantin Loffler <kl@wip.tu-berlin.de>
SERC,Power_General,2034,3076.8012742349665,,PJ,FEL 2026 Base (NA_inputs/base_fel_v260707_v2.xlsx),2026-05-28,Konstantin Loffler <kl@wip.tu-berlin.de>
SERC,Power_Hydrogen,2034,3.3604617916799997,,PJ,FEL 2026 Base (NA_inputs/base_fel_v260707_v2.xlsx),2026-05-28,Konstantin Loffler <kl@wip.tu-berlin.de>
SERC,Power_BEVs,2035,51.09922503839402,,PJ,FEL 2026 Base (NA_inputs/base_fel_v260707_v2.xlsx),2026-05-28,Konstantin Loffler <kl@wip.tu-berlin.de>
SERC,Power_Buildings_Heat,2035,601.06986004015,,PJ,FEL 2026 Base (NA_inputs/base_fel_v260707_v2.xlsx),2026-05-28,Konstantin Loffler <kl@wip.tu-berlin.de>
SERC,Power_DataCenter,2035,446.6127343117057,,PJ,FEL 2026 Base (NA_inputs/base_fel_v260707_v2.xlsx),2026-05-28,Konstantin Loffler <kl@wip.tu-berlin.de>
SERC,Power_General,2035,3105.8605003160797,,PJ,FEL 2026 Base (NA_inputs/base_fel_v260707_v2.xlsx),2026-05-28,Konstantin Loffler <kl@wip.tu-berlin.de>
SERC,Power_Hydrogen,2035,3.3435943344,,PJ,FEL 2026 Base (NA_inputs/base_fel_v260707_v2.xlsx),2026-05-28,Konstantin Loffler <kl@wip.tu-berlin.de>
SERC,Power_BEVs,2036,61.167023804992056,,PJ,FEL 2026 Base (NA_inputs/base_fel_v260707_v2.xlsx),2026-05-28,Konstantin Loffler <kl@wip.tu-berlin.de>
SERC,Power_Buildings_Heat,2036,598.0836353931562,,PJ,FEL 2026 Base (NA_inputs/base_fel_v260707_v2.xlsx),2026-05-28,Konstantin Loffler <kl@wip.tu-berlin.de>
SERC,Power_DataCenter,2036,485.1171321912936,,PJ,FEL 2026 Base (NA_inputs/base_fel_v260707_v2.xlsx),2026-05-28,Konstantin Loffler <kl@wip.tu-berlin.de>
SERC,Power_General,2036,3159.550555144214,,PJ,FEL 2026 Base (NA_inputs/base_fel_v260707_v2.xlsx),2026-05-28,Konstantin Loffler <kl@wip.tu-berlin.de>
SERC,Power_Hydrogen,2036,3.3632346974400003,,PJ,FEL 2026 Base (NA_inputs/base_fel_v260707_v2.xlsx),2026-05-28,Konstantin Loffler <kl@wip.tu-berlin.de>
SERC,Power_BEVs,2037,71.3771054104065,,PJ,FEL 2026 Base (NA_inputs/base_fel_v260707_v2.xlsx),2026-05-28,Konstantin Loffler <kl@wip.tu-berlin.de>
SERC,Power_Buildings_Heat,2037,596.2017858678167,,PJ,FEL 2026 Base (NA_inputs/base_fel_v260707_v2.xlsx),2026-05-28,Konstantin Loffler <kl@wip.tu-berlin.de>
SERC,Power_DataCenter,2037,521.154404868361,,PJ,FEL 2026 Base (NA_inputs/base_fel_v260707_v2.xlsx),2026-05-28,Konstantin Loffler <kl@wip.tu-berlin.de>
SERC,Power_General,2037,3215.651790577578,,PJ,FEL 2026 Base (NA_inputs/base_fel_v260707_v2.xlsx),2026-05-28,Konstantin Loffler <kl@wip.tu-berlin.de>
SERC,Power_Hydrogen,2037,3.38902746336,,PJ,FEL 2026 Base (NA_inputs/base_fel_v260707_v2.xlsx),2026-05-28,Konstantin Loffler <kl@wip.tu-berlin.de>
SERC,Power_BEVs,2038,82.69750306483708,,PJ,FEL 2026 Base (NA_inputs/base_fel_v260707_v2.xlsx),2026-05-28,Konstantin Loffler <kl@wip.tu-berlin.de>
SERC,Power_Buildings_Heat,2038,594.6191240469041,,PJ,FEL 2026 Base (NA_inputs/base_fel_v260707_v2.xlsx),2026-05-28,Konstantin Loffler <kl@wip.tu-berlin.de>
SERC,Power_DataCenter,2038,553.6521045433664,,PJ,FEL 2026 Base (NA_inputs/base_fel_v260707_v2.xlsx),2026-05-28,Konstantin Loffler <kl@wip.tu-berlin.de>
SERC,Power_General,2038,3270.75751505253,,PJ,FEL 2026 Base (NA_inputs/base_fel_v260707_v2.xlsx),2026-05-28,Konstantin Loffler <kl@wip.tu-berlin.de>
SERC,Power_Hydrogen,2038,3.40641983304,,PJ,FEL 2026 Base (NA_inputs/base_fel_v260707_v2.xlsx),2026-05-28,Konstantin Loffler <kl@wip.tu-berlin.de>
SERC,Power_BEVs,2039,95.14809510000129,,PJ,FEL 2026 Base (NA_inputs/base_fel_v260707_v2.xlsx),2026-05-28,Konstantin Loffler <kl@wip.tu-berlin.de>
SERC,Power_Buildings_Heat,2039,599.9550186692335,,PJ,FEL 2026 Base (NA_inputs/base_fel_v260707_v2.xlsx),2026-05-28,Konstantin Loffler <kl@wip.tu-berlin.de>
SERC,Power_DataCenter,2039,581.5719892439107,,PJ,FEL 2026 Base (NA_inputs/base_fel_v260707_v2.xlsx),2026-05-28,Konstantin Loffler <kl@wip.tu-berlin.de>
SERC,Power_General,2039,3319.951625831682,,PJ,FEL 2026 Base (NA_inputs/base_fel_v260707_v2.xlsx),2026-05-28,Konstantin Loffler <kl@wip.tu-berlin.de>
SERC,Power_Hydrogen,2039,3.43020123648,,PJ,FEL 2026 Base (NA_inputs/base_fel_v260707_v2.xlsx),2026-05-28,Konstantin Loffler <kl@wip.tu-berlin.de>
SERC,Power_BEVs,2040,108.8565895868525,,PJ,FEL 2026 Base (NA_inputs/base_fel_v260707_v2.xlsx),2026-05-28,Konstantin Loffler <kl@wip.tu-berlin.de>
SERC,Power_Buildings_Heat,2040,600.123471972325,,PJ,FEL 2026 Base (NA_inputs/base_fel_v260707_v2.xlsx),2026-05-28,Konstantin Loffler <kl@wip.tu-berlin.de>
SERC,Power_DataCenter,2040,603.9625108298012,,PJ,FEL 2026 Base (NA_inputs/base_fel_v260707_v2.xlsx),2026-05-28,Konstantin Loffler <kl@wip.tu-berlin.de>
SERC,Power_General,2040,3374.571163184277,,PJ,FEL 2026 Base (NA_inputs/base_fel_v260707_v2.xlsx),2026-05-28,Konstantin Loffler <kl@wip.tu-berlin.de>
SERC,Power_Hydrogen,2040,3.4453456128,,PJ,FEL 2026 Base (NA_inputs/base_fel_v260707_v2.xlsx),2026-05-28,Konstantin Loffler <kl@wip.tu-berlin.de>
SPP,Power_BEVs,2025,0.0,,PJ,FEL 2026 Base (NA_inputs/base_fel_v260707_v2.xlsx),2026-05-28,Konstantin Loffler <kl@wip.tu-berlin.de>
SPP,Power_Buildings_Heat,2025,193.49896131484553,,PJ,FEL 2026 Base (NA_inputs/base_fel_v260707_v2.xlsx),2026-05-28,Konstantin Loffler <kl@wip.tu-berlin.de>
SPP,Power_DataCenter,2025,32.994822404880004,,PJ,FEL 2026 Base (NA_inputs/base_fel_v260707_v2.xlsx),2026-05-28,Konstantin Loffler <kl@wip.tu-berlin.de>
SPP,Power_General,2025,895.772059936826,,PJ,FEL 2026 Base (NA_inputs/base_fel_v260707_v2.xlsx),2026-05-28,Konstantin Loffler <kl@wip.tu-berlin.de>
SPP,Power_Hydrogen,2025,0.5926360752000001,,PJ,FEL 2026 Base (NA_inputs/base_fel_v260707_v2.xlsx),2026-05-28,Konstantin Loffler <kl@wip.tu-berlin.de>
SPP,Power_BEVs,2026,0.0,,PJ,FEL 2026 Base (NA_inputs/base_fel_v260707_v2.xlsx),2026-05-28,Konstantin Loffler <kl@wip.tu-berlin.de>
SPP,Power_Buildings_Heat,2026,197.62316655636897,,PJ,FEL 2026 Base (NA_inputs/base_fel_v260707_v2.xlsx),2026-05-28,Konstantin Loffler <kl@wip.tu-berlin.de>
SPP,Power_DataCenter,2026,39.481895811629414,,PJ,FEL 2026 Base (NA_inputs/base_fel_v260707_v2.xlsx),2026-05-28,Konstantin Loffler <kl@wip.tu-berlin.de>
SPP,Power_General,2026,910.8018861993112,,PJ,FEL 2026 Base (NA_inputs/base_fel_v260707_v2.xlsx),2026-05-28,Konstantin Loffler <kl@wip.tu-berlin.de>
SPP,Power_Hydrogen,2026,1.4885718537600001,,PJ,FEL 2026 Base (NA_inputs/base_fel_v260707_v2.xlsx),2026-05-28,Konstantin Loffler <kl@wip.tu-berlin.de>
SPP,Power_BEVs,2027,7.480330872166857,,PJ,FEL 2026 Base (NA_inputs/base_fel_v260707_v2.xlsx),2026-05-28,Konstantin Loffler <kl@wip.tu-berlin.de>
SPP,Power_Buildings_Heat,2027,192.80751659173973,,PJ,FEL 2026 Base (NA_inputs/base_fel_v260707_v2.xlsx),2026-05-28,Konstantin Loffler <kl@wip.tu-berlin.de>
SPP,Power_DataCenter,2027,50.70448145649305,,PJ,FEL 2026 Base (NA_inputs/base_fel_v260707_v2.xlsx),2026-05-28,Konstantin Loffler <kl@wip.tu-berlin.de>
SPP,Power_General,2027,889.8089742653319,,PJ,FEL 2026 Base (NA_inputs/base_fel_v260707_v2.xlsx),2026-05-28,Konstantin Loffler <kl@wip.tu-berlin.de>
SPP,Power_Hydrogen,2027,2.2167309528,,PJ,FEL 2026 Base (NA_inputs/base_fel_v260707_v2.xlsx),2026-05-28,Konstantin Loffler <kl@wip.tu-berlin.de>
SPP,Power_BEVs,2028,7.801296518146703,,PJ,FEL 2026 Base (NA_inputs/base_fel_v260707_v2.xlsx),2026-05-28,Konstantin Loffler <kl@wip.tu-berlin.de>
SPP,Power_Buildings_Heat,2028,192.91308374842654,,PJ,FEL 2026 Base (NA_inputs/base_fel_v260707_v2.xlsx),2026-05-28,Konstantin Loffler <kl@wip.tu-berlin.de>
SPP,Power_DataCenter,2028,93.85654638422604,,PJ,FEL 2026 Base (NA_inputs/base_fel_v260707_v2.xlsx),2026-05-28,Konstantin Loffler <kl@wip.tu-berlin.de>
SPP,Power_General,2028,893.8758483408244,,PJ,FEL 2026 Base (NA_inputs/base_fel_v260707_v2.xlsx),2026-05-28,Konstantin Loffler <kl@wip.tu-berlin.de>
SPP,Power_Hydrogen,2028,2.4508836144,,PJ,FEL 2026 Base (NA_inputs/base_fel_v260707_v2.xlsx),2026-05-28,Konstantin Loffler <kl@wip.tu-berlin.de>
SPP,Power_BEVs,2029,7.294672218275296,,PJ,FEL 2026 Base (NA_inputs/base_fel_v260707_v2.xlsx),2026-05-28,Konstantin Loffler <kl@wip.tu-berlin.de>
SPP,Power_Buildings_Heat,2029,194.91006811753576,,PJ,FEL 2026 Base (NA_inputs/base_fel_v260707_v2.xlsx),2026-05-28,Konstantin Loffler <kl@wip.tu-berlin.de>
SPP,Power_DataCenter,2029,166.1648503979656,,PJ,FEL 2026 Base (NA_inputs/base_fel_v260707_v2.xlsx),2026-05-28,Konstantin Loffler <kl@wip.tu-berlin.de>
SPP,Power_General,2029,910.544124386875,,PJ,FEL 2026 Base (NA_inputs/base_fel_v260707_v2.xlsx),2026-05-28,Konstantin Loffler <kl@wip.tu-berlin.de>
SPP,Power_Hydrogen,2029,2.4671087999999997,,PJ,FEL 2026 Base (NA_inputs/base_fel_v260707_v2.xlsx),2026-05-28,Konstantin Loffler <kl@wip.tu-berlin.de>
SPP,Power_BEVs,2030,7.142250496151211,,PJ,FEL 2026 Base (NA_inputs/base_fel_v260707_v2.xlsx),2026-05-28,Konstantin Loffler <kl@wip.tu-berlin.de>
SPP,Power_Buildings_Heat,2030,193.4521049682705,,PJ,FEL 2026 Base (NA_inputs/base_fel_v260707_v2.xlsx),2026-05-28,Konstantin Loffler <kl@wip.tu-berlin.de>
SPP,Power_DataCenter,2030,262.2614354745758,,PJ,FEL 2026 Base (NA_inputs/base_fel_v260707_v2.xlsx),2026-05-28,Konstantin Loffler <kl@wip.tu-berlin.de>
SPP,Power_General,2030,910.0717558036388,,PJ,FEL 2026 Base (NA_inputs/base_fel_v260707_v2.xlsx),2026-05-28,Konstantin Loffler <kl@wip.tu-berlin.de>
SPP,Power_Hydrogen,2030,1.8199544615999999,,PJ,FEL 2026 Base (NA_inputs/base_fel_v260707_v2.xlsx),2026-05-28,Konstantin Loffler <kl@wip.tu-berlin.de>
SPP,Power_BEVs,2031,15.37633457961624,,PJ,FEL 2026 Base (NA_inputs/base_fel_v260707_v2.xlsx),2026-05-28,Konstantin Loffler <kl@wip.tu-berlin.de>
SPP,Power_Buildings_Heat,2031,187.66784441768309,,PJ,FEL 2026 Base (NA_inputs/base_fel_v260707_v2.xlsx),2026-05-28,Konstantin Loffler <kl@wip.tu-berlin.de>
SPP,Power_DataCenter,2031,303.81414180613507,,PJ,FEL 2026 Base (NA_inputs/base_fel_v260707_v2.xlsx),2026-05-28,Konstantin Loffler <kl@wip.tu-berlin.de>
SPP,Power_General,2031,922.2741821487563,,PJ,FEL 2026 Base (NA_inputs/base_fel_v260707_v2.xlsx),2026-05-28,Konstantin Loffler <kl@wip.tu-berlin.de>
SPP,Power_Hydrogen,2031,1.7315169984,,PJ,FEL 2026 Base (NA_inputs/base_fel_v260707_v2.xlsx),2026-05-28,Konstantin Loffler <kl@wip.tu-berlin.de>
SPP,Power_BEVs,2032,15.571122324189307,,PJ,FEL 2026 Base (NA_inputs/base_fel_v260707_v2.xlsx),2026-05-28,Konstantin Loffler <kl@wip.tu-berlin.de>
SPP,Power_Buildings_Heat,2032,182.69974264656364,,PJ,FEL 2026 Base (NA_inputs/base_fel_v260707_v2.xlsx),2026-05-28,Konstantin Loffler <kl@wip.tu-berlin.de>
SPP,Power_DataCenter,2032,339.69178889454946,,PJ,FEL 2026 Base (NA_inputs/base_fel_v260707_v2.xlsx),2026-05-28,Konstantin Loffler <kl@wip.tu-berlin.de>
SPP,Power_General,2032,939.1338739180909,,PJ,FEL 2026 Base (NA_inputs/base_fel_v260707_v2.xlsx),2026-05-28,Konstantin Loffler <kl@wip.tu-berlin.de>
SPP,Power_Hydrogen,2032,1.6819218,,PJ,FEL 2026 Base (NA_inputs/base_fel_v260707_v2.xlsx),2026-05-28,Konstantin Loffler <kl@wip.tu-berlin.de>
SPP,Power_BEVs,2033,16.571747451125677,,PJ,FEL 2026 Base (NA_inputs/base_fel_v260707_v2.xlsx),2026-05-28,Konstantin Loffler <kl@wip.tu-berlin.de>
SPP,Power_Buildings_Heat,2033,179.7940907279539,,PJ,FEL 2026 Base (NA_inputs/base_fel_v260707_v2.xlsx),2026-05-28,Konstantin Loffler <kl@wip.tu-berlin.de>
SPP,Power_DataCenter,2033,369.35665927603196,,PJ,FEL 2026 Base (NA_inputs/base_fel_v260707_v2.xlsx),2026-05-28,Konstantin Loffler <kl@wip.tu-berlin.de>
SPP,Power_General,2033,963.9417441554561,,PJ,FEL 2026 Base (NA_inputs/base_fel_v260707_v2.xlsx),2026-05-28,Konstantin Loffler <kl@wip.tu-berlin.de>
SPP,Power_Hydrogen,2033,1.6773087744,,PJ,FEL 2026 Base (NA_inputs/base_fel_v260707_v2.xlsx),2026-05-28,Konstantin Loffler <kl@wip.tu-berlin.de>
SPP,Power_BEVs,2034,33.25401319972806,,PJ,FEL 2026 Base (NA_inputs/base_fel_v260707_v2.xlsx),2026-05-28,Konstantin Loffler <kl@wip.tu-berlin.de>
SPP,Power_Buildings_Heat,2034,175.5822346611789,,PJ,FEL 2026 Base (NA_inputs/base_fel_v260707_v2.xlsx),2026-05-28,Konstantin Loffler <kl@wip.tu-berlin.de>
SPP,Power_DataCenter,2034,413.12787366991466,,PJ,FEL 2026 Base (NA_inputs/base_fel_v260707_v2.xlsx),2026-05-28,Konstantin Loffler <kl@wip.tu-berlin.de>
SPP,Power_General,2034,980.8230591958561,,PJ,FEL 2026 Base (NA_inputs/base_fel_v260707_v2.xlsx),2026-05-28,Konstantin Loffler <kl@wip.tu-berlin.de>
SPP,Power_Hydrogen,2034,1.6636804329600001,,PJ,FEL 2026 Base (NA_inputs/base_fel_v260707_v2.xlsx),2026-05-28,Konstantin Loffler <kl@wip.tu-berlin.de>
SPP,Power_BEVs,2035,34.0327385648782,,PJ,FEL 2026 Base (NA_inputs/base_fel_v260707_v2.xlsx),2026-05-28,Konstantin Loffler <kl@wip.tu-berlin.de>
SPP,Power_Buildings_Heat,2035,171.66608802409917,,PJ,FEL 2026 Base (NA_inputs/base_fel_v260707_v2.xlsx),2026-05-28,Konstantin Loffler <kl@wip.tu-berlin.de>
SPP,Power_DataCenter,2035,455.90043332746797,,PJ,FEL 2026 Base (NA_inputs/base_fel_v260707_v2.xlsx),2026-05-28,Konstantin Loffler <kl@wip.tu-berlin.de>
SPP,Power_General,2035,996.3947456534667,,PJ,FEL 2026 Base (NA_inputs/base_fel_v260707_v2.xlsx),2026-05-28,Konstantin Loffler <kl@wip.tu-berlin.de>
SPP,Power_Hydrogen,2035,1.6426091088,,PJ,FEL 2026 Base (NA_inputs/base_fel_v260707_v2.xlsx),2026-05-28,Konstantin Loffler <kl@wip.tu-berlin.de>
SPP,Power_BEVs,2036,40.741190419589095,,PJ,FEL 2026 Base (NA_inputs/base_fel_v260707_v2.xlsx),2026-05-28,Konstantin Loffler <kl@wip.tu-berlin.de>
SPP,Power_Buildings_Heat,2036,170.75318768834012,,PJ,FEL 2026 Base (NA_inputs/base_fel_v260707_v2.xlsx),2026-05-28,Konstantin Loffler <kl@wip.tu-berlin.de>
SPP,Power_DataCenter,2036,495.2055635436294,,PJ,FEL 2026 Base (NA_inputs/base_fel_v260707_v2.xlsx),2026-05-28,Konstantin Loffler <kl@wip.tu-berlin.de>
SPP,Power_General,2036,1027.5222054246522,,PJ,FEL 2026 Base (NA_inputs/base_fel_v260707_v2.xlsx),2026-05-28,Konstantin Loffler <kl@wip.tu-berlin.de>
SPP,Power_Hydrogen,2036,1.65225783888,,PJ,FEL 2026 Base (NA_inputs/base_fel_v260707_v2.xlsx),2026-05-28,Konstantin Loffler <kl@wip.tu-berlin.de>
SPP,Power_BEVs,2037,47.544775728725064,,PJ,FEL 2026 Base (NA_inputs/base_fel_v260707_v2.xlsx),2026-05-28,Konstantin Loffler <kl@wip.tu-berlin.de>
SPP,Power_Buildings_Heat,2037,170.17868330048418,,PJ,FEL 2026 Base (NA_inputs/base_fel_v260707_v2.xlsx),2026-05-28,Konstantin Loffler <kl@wip.tu-berlin.de>
SPP,Power_DataCenter,2037,531.992262549727,,PJ,FEL 2026 Base (NA_inputs/base_fel_v260707_v2.xlsx),2026-05-28,Konstantin Loffler <kl@wip.tu-berlin.de>
SPP,Power_General,2037,1060.329471366217,,PJ,FEL 2026 Base (NA_inputs/base_fel_v260707_v2.xlsx),2026-05-28,Konstantin Loffler <kl@wip.tu-berlin.de>
SPP,Power_Hydrogen,2037,1.6649290627199997,,PJ,FEL 2026 Base (NA_inputs/base_fel_v260707_v2.xlsx),2026-05-28,Konstantin Loffler <kl@wip.tu-berlin.de>
SPP,Power_BEVs,2038,55.08859086626897,,PJ,FEL 2026 Base (NA_inputs/base_fel_v260707_v2.xlsx),2026-05-28,Konstantin Loffler <kl@wip.tu-berlin.de>
SPP,Power_Buildings_Heat,2038,169.69585355849472,,PJ,FEL 2026 Base (NA_inputs/base_fel_v260707_v2.xlsx),2026-05-28,Konstantin Loffler <kl@wip.tu-berlin.de>
SPP,Power_DataCenter,2038,565.1657800644356,,PJ,FEL 2026 Base (NA_inputs/base_fel_v260707_v2.xlsx),2026-05-28,Konstantin Loffler <kl@wip.tu-berlin.de>
SPP,Power_General,2038,1093.1385629832307,,PJ,FEL 2026 Base (NA_inputs/base_fel_v260707_v2.xlsx),2026-05-28,Konstantin Loffler <kl@wip.tu-berlin.de>
SPP,Power_Hydrogen,2038,1.67347342008,,PJ,FEL 2026 Base (NA_inputs/base_fel_v260707_v2.xlsx),2026-05-28,Konstantin Loffler <kl@wip.tu-berlin.de>
SPP,Power_BEVs,2039,63.38602739508542,,PJ,FEL 2026 Base (NA_inputs/base_fel_v260707_v2.xlsx),2026-05-28,Konstantin Loffler <kl@wip.tu-berlin.de>
SPP,Power_Buildings_Heat,2039,171.33296197875936,,PJ,FEL 2026 Base (NA_inputs/base_fel_v260707_v2.xlsx),2026-05-28,Konstantin Loffler <kl@wip.tu-berlin.de>
SPP,Power_DataCenter,2039,593.6662829733991,,PJ,FEL 2026 Base (NA_inputs/base_fel_v260707_v2.xlsx),2026-05-28,Konstantin Loffler <kl@wip.tu-berlin.de>
SPP,Power_General,2039,1124.5818751898175,,PJ,FEL 2026 Base (NA_inputs/base_fel_v260707_v2.xlsx),2026-05-28,Konstantin Loffler <kl@wip.tu-berlin.de>
SPP,Power_Hydrogen,2039,1.68515652096,,PJ,FEL 2026 Base (NA_inputs/base_fel_v260707_v2.xlsx),2026-05-28,Konstantin Loffler <kl@wip.tu-berlin.de>
SPP,Power_BEVs,2040,72.52205004414074,,PJ,FEL 2026 Base (NA_inputs/base_fel_v260707_v2.xlsx),2026-05-28,Konstantin Loffler <kl@wip.tu-berlin.de>
SPP,Power_Buildings_Heat,2040,171.3866992632195,,PJ,FEL 2026 Base (NA_inputs/base_fel_v260707_v2.xlsx),2026-05-28,Konstantin Loffler <kl@wip.tu-berlin.de>
SPP,Power_DataCenter,2040,616.5224348678752,,PJ,FEL 2026 Base (NA_inputs/base_fel_v260707_v2.xlsx),2026-05-28,Konstantin Loffler <kl@wip.tu-berlin.de>
SPP,Power_General,2040,1157.7106348308894,,PJ,FEL 2026 Base (NA_inputs/base_fel_v260707_v2.xlsx),2026-05-28,Konstantin Loffler <kl@wip.tu-berlin.de>
SPP,Power_Hydrogen,2040,1.6925965056,,PJ,FEL 2026 Base (NA_inputs/base_fel_v260707_v2.xlsx),2026-05-28,Konstantin Loffler <kl@wip.tu-berlin.de>
WECC,Power_BEVs,2025,17.433974862998504,,PJ,FEL 2026 Base (NA_inputs/base_fel_v260707_v2.xlsx),2026-05-28,Konstantin Loffler <kl@wip.tu-berlin.de>
WECC,Power_Buildings_Heat,2025,296.82006438971376,,PJ,FEL 2026 Base (NA_inputs/base_fel_v260707_v2.xlsx),2026-05-28,Konstantin Loffler <kl@wip.tu-berlin.de>
WECC,Power_DataCenter,2025,105.372728988912,,PJ,FEL 2026 Base (NA_inputs/base_fel_v260707_v2.xlsx),2026-05-28,Konstantin Loffler <kl@wip.tu-berlin.de>
WECC,Power_General,2025,1288.374408643492,,PJ,FEL 2026 Base (NA_inputs/base_fel_v260707_v2.xlsx),2026-05-28,Konstantin Loffler <kl@wip.tu-berlin.de>
WECC,Power_Hydrogen,2025,0.794517984,,PJ,FEL 2026 Base (NA_inputs/base_fel_v260707_v2.xlsx),2026-05-28,Konstantin Loffler <kl@wip.tu-berlin.de>
WECC,Power_BEVs,2026,25.224045248495454,,PJ,FEL 2026 Base (NA_inputs/base_fel_v260707_v2.xlsx),2026-05-28,Konstantin Loffler <kl@wip.tu-berlin.de>
WECC,Power_Buildings_Heat,2026,287.7467279382215,,PJ,FEL 2026 Base (NA_inputs/base_fel_v260707_v2.xlsx),2026-05-28,Konstantin Loffler <kl@wip.tu-berlin.de>
WECC,Power_DataCenter,2026,107.67659789720128,,PJ,FEL 2026 Base (NA_inputs/base_fel_v260707_v2.xlsx),2026-05-28,Konstantin Loffler <kl@wip.tu-berlin.de>
WECC,Power_General,2026,1276.7521249085653,,PJ,FEL 2026 Base (NA_inputs/base_fel_v260707_v2.xlsx),2026-05-28,Konstantin Loffler <kl@wip.tu-berlin.de>
WECC,Power_Hydrogen,2026,1.89887302944,,PJ,FEL 2026 Base (NA_inputs/base_fel_v260707_v2.xlsx),2026-05-28,Konstantin Loffler <kl@wip.tu-berlin.de>
WECC,Power_BEVs,2027,29.933159292385753,,PJ,FEL 2026 Base (NA_inputs/base_fel_v260707_v2.xlsx),2026-05-28,Konstantin Loffler <kl@wip.tu-berlin.de>
WECC,Power_Buildings_Heat,2027,281.17044221430405,,PJ,FEL 2026 Base (NA_inputs/base_fel_v260707_v2.xlsx),2026-05-28,Konstantin Loffler <kl@wip.tu-berlin.de>
WECC,Power_DataCenter,2027,113.63355315413482,,PJ,FEL 2026 Base (NA_inputs/base_fel_v260707_v2.xlsx),2026-05-28,Konstantin Loffler <kl@wip.tu-berlin.de>
WECC,Power_General,2027,1282.8047668105612,,PJ,FEL 2026 Base (NA_inputs/base_fel_v260707_v2.xlsx),2026-05-28,Konstantin Loffler <kl@wip.tu-berlin.de>
WECC,Power_Hydrogen,2027,2.83541529024,,PJ,FEL 2026 Base (NA_inputs/base_fel_v260707_v2.xlsx),2026-05-28,Konstantin Loffler <kl@wip.tu-berlin.de>
WECC,Power_BEVs,2028,39.01985210520023,,PJ,FEL 2026 Base (NA_inputs/base_fel_v260707_v2.xlsx),2026-05-28,Konstantin Loffler <kl@wip.tu-berlin.de>
WECC,Power_Buildings_Heat,2028,277.80211239573725,,PJ,FEL 2026 Base (NA_inputs/base_fel_v260707_v2.xlsx),2026-05-28,Konstantin Loffler <kl@wip.tu-berlin.de>
WECC,Power_DataCenter,2028,125.65550501594352,,PJ,FEL 2026 Base (NA_inputs/base_fel_v260707_v2.xlsx),2026-05-28,Konstantin Loffler <kl@wip.tu-berlin.de>
WECC,Power_General,2028,1307.5032019848943,,PJ,FEL 2026 Base (NA_inputs/base_fel_v260707_v2.xlsx),2026-05-28,Konstantin Loffler <kl@wip.tu-berlin.de>
WECC,Power_Hydrogen,2028,3.0982472351999997,,PJ,FEL 2026 Base (NA_inputs/base_fel_v260707_v2.xlsx),2026-05-28,Konstantin Loffler <kl@wip.tu-berlin.de>
WECC,Power_BEVs,2029,43.78183924379865,,PJ,FEL 2026 Base (NA_inputs/base_fel_v260707_v2.xlsx),2026-05-28,Konstantin Loffler <kl@wip.tu-berlin.de>
WECC,Power_Buildings_Heat,2029,271.86015640320454,,PJ,FEL 2026 Base (NA_inputs/base_fel_v260707_v2.xlsx),2026-05-28,Konstantin Loffler <kl@wip.tu-berlin.de>
WECC,Power_DataCenter,2029,140.28947046935207,,PJ,FEL 2026 Base (NA_inputs/base_fel_v260707_v2.xlsx),2026-05-28,Konstantin Loffler <kl@wip.tu-berlin.de>
WECC,Power_General,2029,1325.9061260050798,,PJ,FEL 2026 Base (NA_inputs/base_fel_v260707_v2.xlsx),2026-05-28,Konstantin Loffler <kl@wip.tu-berlin.de>
WECC,Power_Hydrogen,2029,3.0258727199999997,,PJ,FEL 2026 Base (NA_inputs/base_fel_v260707_v2.xlsx),2026-05-28,Konstantin Loffler <kl@wip.tu-berlin.de>
WECC,Power_BEVs,2030,57.15003699885173,,PJ,FEL 2026 Base (NA_inputs/base_fel_v260707_v2.xlsx),2026-05-28,Konstantin Loffler <kl@wip.tu-berlin.de>
WECC,Power_Buildings_Heat,2030,264.64117365704914,,PJ,FEL 2026 Base (NA_inputs/base_fel_v260707_v2.xlsx),2026-05-28,Konstantin Loffler <kl@wip.tu-berlin.de>
WECC,Power_DataCenter,2030,165.53141081686198,,PJ,FEL 2026 Base (NA_inputs/base_fel_v260707_v2.xlsx),2026-05-28,Konstantin Loffler <kl@wip.tu-berlin.de>
WECC,Power_General,2030,1336.9319392926786,,PJ,FEL 2026 Base (NA_inputs/base_fel_v260707_v2.xlsx),2026-05-28,Konstantin Loffler <kl@wip.tu-berlin.de>
WECC,Power_Hydrogen,2030,2.1932349911999998,,PJ,FEL 2026 Base (NA_inputs/base_fel_v260707_v2.xlsx),2026-05-28,Konstantin Loffler <kl@wip.tu-berlin.de>
WECC,Power_BEVs,2031,76.90596322446588,,PJ,FEL 2026 Base (NA_inputs/base_fel_v260707_v2.xlsx),2026-05-28,Konstantin Loffler <kl@wip.tu-berlin.de>
WECC,Power_Buildings_Heat,2031,258.44785364570544,,PJ,FEL 2026 Base (NA_inputs/base_fel_v260707_v2.xlsx),2026-05-28,Konstantin Loffler <kl@wip.tu-berlin.de>
WECC,Power_DataCenter,2031,188.39204025865212,,PJ,FEL 2026 Base (NA_inputs/base_fel_v260707_v2.xlsx),2026-05-28,Konstantin Loffler <kl@wip.tu-berlin.de>
WECC,Power_General,2031,1347.529441709706,,PJ,FEL 2026 Base (NA_inputs/base_fel_v260707_v2.xlsx),2026-05-28,Konstantin Loffler <kl@wip.tu-berlin.de>
WECC,Power_Hydrogen,2031,2.1031826256,,PJ,FEL 2026 Base (NA_inputs/base_fel_v260707_v2.xlsx),2026-05-28,Konstantin Loffler <kl@wip.tu-berlin.de>
WECC,Power_BEVs,2032,101.23450361852827,,PJ,FEL 2026 Base (NA_inputs/base_fel_v260707_v2.xlsx),2026-05-28,Konstantin Loffler <kl@wip.tu-berlin.de>
WECC,Power_Buildings_Heat,2032,252.49074796414345,,PJ,FEL 2026 Base (NA_inputs/base_fel_v260707_v2.xlsx),2026-05-28,Konstantin Loffler <kl@wip.tu-berlin.de>
WECC,Power_DataCenter,2032,210.12265642441415,,PJ,FEL 2026 Base (NA_inputs/base_fel_v260707_v2.xlsx),2026-05-28,Konstantin Loffler <kl@wip.tu-berlin.de>
WECC,Power_General,2032,1360.8001249911797,,PJ,FEL 2026 Base (NA_inputs/base_fel_v260707_v2.xlsx),2026-05-28,Konstantin Loffler <kl@wip.tu-berlin.de>
WECC,Power_Hydrogen,2032,2.0527805808,,PJ,FEL 2026 Base (NA_inputs/base_fel_v260707_v2.xlsx),2026-05-28,Konstantin Loffler <kl@wip.tu-berlin.de>
WECC,Power_BEVs,2033,124.31002598200998,,PJ,FEL 2026 Base (NA_inputs/base_fel_v260707_v2.xlsx),2026-05-28,Konstantin Loffler <kl@wip.tu-berlin.de>
WECC,Power_Buildings_Heat,2033,248.92675920044815,,PJ,FEL 2026 Base (NA_inputs/base_fel_v260707_v2.xlsx),2026-05-28,Konstantin Loffler <kl@wip.tu-berlin.de>
WECC,Power_DataCenter,2033,229.81750820959414,,PJ,FEL 2026 Base (NA_inputs/base_fel_v260707_v2.xlsx),2026-05-28,Konstantin Loffler <kl@wip.tu-berlin.de>
WECC,Power_General,2033,1383.1009200543997,,PJ,FEL 2026 Base (NA_inputs/base_fel_v260707_v2.xlsx),2026-05-28,Konstantin Loffler <kl@wip.tu-berlin.de>
WECC,Power_Hydrogen,2033,2.052487296,,PJ,FEL 2026 Base (NA_inputs/base_fel_v260707_v2.xlsx),2026-05-28,Konstantin Loffler <kl@wip.tu-berlin.de>
WECC,Power_BEVs,2034,141.37190664664536,,PJ,FEL 2026 Base (NA_inputs/base_fel_v260707_v2.xlsx),2026-05-28,Konstantin Loffler <kl@wip.tu-berlin.de>
WECC,Power_Buildings_Heat,2034,244.5998281461071,,PJ,FEL 2026 Base (NA_inputs/base_fel_v260707_v2.xlsx),2026-05-28,Konstantin Loffler <kl@wip.tu-berlin.de>
WECC,Power_DataCenter,2034,258.87040107941544,,PJ,FEL 2026 Base (NA_inputs/base_fel_v260707_v2.xlsx),2026-05-28,Konstantin Loffler <kl@wip.tu-berlin.de>
WECC,Power_General,2034,1400.126594804061,,PJ,FEL 2026 Base (NA_inputs/base_fel_v260707_v2.xlsx),2026-05-28,Konstantin Loffler <kl@wip.tu-berlin.de>
WECC,Power_Hydrogen,2034,2.05031623104,,PJ,FEL 2026 Base (NA_inputs/base_fel_v260707_v2.xlsx),2026-05-28,Konstantin Loffler <kl@wip.tu-berlin.de>
WECC,Power_BEVs,2035,161.69957263051683,,PJ,FEL 2026 Base (NA_inputs/base_fel_v260707_v2.xlsx),2026-05-28,Konstantin Loffler <kl@wip.tu-berlin.de>
WECC,Power_Buildings_Heat,2035,241.48170785422138,,PJ,FEL 2026 Base (NA_inputs/base_fel_v260707_v2.xlsx),2026-05-28,Konstantin Loffler <kl@wip.tu-berlin.de>
WECC,Power_DataCenter,2035,286.7816949883333,,PJ,FEL 2026 Base (NA_inputs/base_fel_v260707_v2.xlsx),2026-05-28,Konstantin Loffler <kl@wip.tu-berlin.de>
WECC,Power_General,2035,1420.1631081543896,,PJ,FEL 2026 Base (NA_inputs/base_fel_v260707_v2.xlsx),2026-05-28,Konstantin Loffler <kl@wip.tu-berlin.de>
WECC,Power_Hydrogen,2035,2.0453208912000003,,PJ,FEL 2026 Base (NA_inputs/base_fel_v260707_v2.xlsx),2026-05-28,Konstantin Loffler <kl@wip.tu-berlin.de>
WECC,Power_BEVs,2036,193.56878243454472,,PJ,FEL 2026 Base (NA_inputs/base_fel_v260707_v2.xlsx),2026-05-28,Konstantin Loffler <kl@wip.tu-berlin.de>
WECC,Power_Buildings_Heat,2036,240.1153816358622,,PJ,FEL 2026 Base (NA_inputs/base_fel_v260707_v2.xlsx),2026-05-28,Konstantin Loffler <kl@wip.tu-berlin.de>
WECC,Power_DataCenter,2036,311.50637397768475,,PJ,FEL 2026 Base (NA_inputs/base_fel_v260707_v2.xlsx),2026-05-28,Konstantin Loffler <kl@wip.tu-berlin.de>
WECC,Power_General,2036,1448.1729338108028,,PJ,FEL 2026 Base (NA_inputs/base_fel_v260707_v2.xlsx),2026-05-28,Konstantin Loffler <kl@wip.tu-berlin.de>
WECC,Power_Hydrogen,2036,2.05733516112,,PJ,FEL 2026 Base (NA_inputs/base_fel_v260707_v2.xlsx),2026-05-28,Konstantin Loffler <kl@wip.tu-berlin.de>
WECC,Power_BEVs,2037,225.88953580761034,,PJ,FEL 2026 Base (NA_inputs/base_fel_v260707_v2.xlsx),2026-05-28,Konstantin Loffler <kl@wip.tu-berlin.de>
WECC,Power_Buildings_Heat,2037,239.2563465811751,,PJ,FEL 2026 Base (NA_inputs/base_fel_v260707_v2.xlsx),2026-05-28,Konstantin Loffler <kl@wip.tu-berlin.de>
WECC,Power_DataCenter,2037,334.6468474731697,,PJ,FEL 2026 Base (NA_inputs/base_fel_v260707_v2.xlsx),2026-05-28,Konstantin Loffler <kl@wip.tu-berlin.de>
WECC,Power_General,2037,1477.756713435881,,PJ,FEL 2026 Base (NA_inputs/base_fel_v260707_v2.xlsx),2026-05-28,Konstantin Loffler <kl@wip.tu-berlin.de>
WECC,Power_Hydrogen,2037,2.07311293728,,PJ,FEL 2026 Base (NA_inputs/base_fel_v260707_v2.xlsx),2026-05-28,Konstantin Loffler <kl@wip.tu-berlin.de>
WECC,Power_BEVs,2038,261.7263298310364,,PJ,FEL 2026 Base (NA_inputs/base_fel_v260707_v2.xlsx),2026-05-28,Konstantin Loffler <kl@wip.tu-berlin.de>
WECC,Power_Buildings_Heat,2038,238.53473258968376,,PJ,FEL 2026 Base (NA_inputs/base_fel_v260707_v2.xlsx),2026-05-28,Konstantin Loffler <kl@wip.tu-berlin.de>
WECC,Power_DataCenter,2038,355.5144687477468,,PJ,FEL 2026 Base (NA_inputs/base_fel_v260707_v2.xlsx),2026-05-28,Konstantin Loffler <kl@wip.tu-berlin.de>
WECC,Power_General,2038,1506.7877443895975,,PJ,FEL 2026 Base (NA_inputs/base_fel_v260707_v2.xlsx),2026-05-28,Konstantin Loffler <kl@wip.tu-berlin.de>
WECC,Power_Hydrogen,2038,2.0837520799200004,,PJ,FEL 2026 Base (NA_inputs/base_fel_v260707_v2.xlsx),2026-05-28,Konstantin Loffler <kl@wip.tu-berlin.de>
WECC,Power_BEVs,2039,301.1425858471443,,PJ,FEL 2026 Base (NA_inputs/base_fel_v260707_v2.xlsx),2026-05-28,Konstantin Loffler <kl@wip.tu-berlin.de>
WECC,Power_Buildings_Heat,2039,240.99121528270229,,PJ,FEL 2026 Base (NA_inputs/base_fel_v260707_v2.xlsx),2026-05-28,Konstantin Loffler <kl@wip.tu-berlin.de>
WECC,Power_DataCenter,2039,373.442555528883,,PJ,FEL 2026 Base (NA_inputs/base_fel_v260707_v2.xlsx),2026-05-28,Konstantin Loffler <kl@wip.tu-berlin.de>
WECC,Power_General,2039,1533.0931408253527,,PJ,FEL 2026 Base (NA_inputs/base_fel_v260707_v2.xlsx),2026-05-28,Konstantin Loffler <kl@wip.tu-berlin.de>
WECC,Power_Hydrogen,2039,2.09829947904,,PJ,FEL 2026 Base (NA_inputs/base_fel_v260707_v2.xlsx),2026-05-28,Konstantin Loffler <kl@wip.tu-berlin.de>
WECC,Power_BEVs,2040,344.54213198506125,,PJ,FEL 2026 Base (NA_inputs/base_fel_v260707_v2.xlsx),2026-05-28,Konstantin Loffler <kl@wip.tu-berlin.de>
WECC,Power_Buildings_Heat,2040,241.07397323199484,,PJ,FEL 2026 Base (NA_inputs/base_fel_v260707_v2.xlsx),2026-05-28,Konstantin Loffler <kl@wip.tu-berlin.de>
WECC,Power_DataCenter,2040,387.820093916745,,PJ,FEL 2026 Base (NA_inputs/base_fel_v260707_v2.xlsx),2026-05-28,Konstantin Loffler <kl@wip.tu-berlin.de>
WECC,Power_General,2040,1561.5651986869007,,PJ,FEL 2026 Base (NA_inputs/base_fel_v260707_v2.xlsx),2026-05-28,Konstantin Loffler <kl@wip.tu-berlin.de>
WECC,Power_Hydrogen,2040,2.1075634944,,PJ,FEL 2026 Base (NA_inputs/base_fel_v260707_v2.xlsx),2026-05-28,Konstantin Loffler <kl@wip.tu-berlin.de>
