Region,Sector,Year,Value,Unnamed: 4,Unit,Source,Updated at,Updated by
AT,Buildings,2018,0.84,,Fraction,European Commission: District heating and cooling in the European Union (see assumption and/or calculation file),10.09.2025,Nikita Moskalenko <nim@wip.tu-berlin.de>
AT,Buildings,2020,0.84,,Fraction,European Commission: District heating and cooling in the European Union (see assumption and/or calculation file),10.09.2025,Nikita Moskalenko <nim@wip.tu-berlin.de>
AT,Buildings,2021,0.84,,Fraction,European Commission: District heating and cooling in the European Union (see assumption and/or calculation file),10.09.2025,Nikita Moskalenko <nim@wip.tu-berlin.de>
AT,Buildings,2025,0.84,,Fraction,European Commission: District heating and cooling in the European Union (see assumption and/or calculation file),10.09.2025,Nikita Moskalenko <nim@wip.tu-berlin.de>
AT,Buildings,2030,0.8,,Fraction,European Commission: District heating and cooling in the European Union (see assumption and/or calculation file),10.09.2025,Nikita Moskalenko <nim@wip.tu-berlin.de>
AT,Buildings,2035,0.76,,Fraction,European Commission: District heating and cooling in the European Union (see assumption and/or calculation file),10.09.2025,Nikita Moskalenko <nim@wip.tu-berlin.de>
AT,Buildings,2040,0.71,,Fraction,European Commission: District heating and cooling in the European Union (see assumption and/or calculation file),10.09.2025,Nikita Moskalenko <nim@wip.tu-berlin.de>
AT,Buildings,2045,0.67,,Fraction,European Commission: District heating and cooling in the European Union (see assumption and/or calculation file),10.09.2025,Nikita Moskalenko <nim@wip.tu-berlin.de>
AT,Buildings,2050,0.63,,Fraction,European Commission: District heating and cooling in the European Union (see assumption and/or calculation file),10.09.2025,Nikita Moskalenko <nim@wip.tu-berlin.de>
AT,Buildings,2055,0.63,,Fraction,European Commission: District heating and cooling in the European Union (see assumption and/or calculation file),10.09.2025,Nikita Moskalenko <nim@wip.tu-berlin.de>
AT,Buildings,2060,0.63,,Fraction,European Commission: District heating and cooling in the European Union (see assumption and/or calculation file),10.09.2025,Nikita Moskalenko <nim@wip.tu-berlin.de>
BE,Buildings,2018,0.73,,Fraction,European Commission: District heating and cooling in the European Union (see assumption and/or calculation file),10.09.2025,Nikita Moskalenko <nim@wip.tu-berlin.de>
BE,Buildings,2020,0.73,,Fraction,European Commission: District heating and cooling in the European Union (see assumption and/or calculation file),10.09.2025,Nikita Moskalenko <nim@wip.tu-berlin.de>
BE,Buildings,2021,0.73,,Fraction,European Commission: District heating and cooling in the European Union (see assumption and/or calculation file),10.09.2025,Nikita Moskalenko <nim@wip.tu-berlin.de>
BE,Buildings,2025,0.73,,Fraction,European Commission: District heating and cooling in the European Union (see assumption and/or calculation file),10.09.2025,Nikita Moskalenko <nim@wip.tu-berlin.de>
BE,Buildings,2030,0.69,,Fraction,European Commission: District heating and cooling in the European Union (see assumption and/or calculation file),10.09.2025,Nikita Moskalenko <nim@wip.tu-berlin.de>
BE,Buildings,2035,0.66,,Fraction,European Commission: District heating and cooling in the European Union (see assumption and/or calculation file),10.09.2025,Nikita Moskalenko <nim@wip.tu-berlin.de>
BE,Buildings,2040,0.62,,Fraction,European Commission: District heating and cooling in the European Union (see assumption and/or calculation file),10.09.2025,Nikita Moskalenko <nim@wip.tu-berlin.de>
BE,Buildings,2045,0.58,,Fraction,European Commission: District heating and cooling in the European Union (see assumption and/or calculation file),10.09.2025,Nikita Moskalenko <nim@wip.tu-berlin.de>
BE,Buildings,2050,0.55,,Fraction,European Commission: District heating and cooling in the European Union (see assumption and/or calculation file),10.09.2025,Nikita Moskalenko <nim@wip.tu-berlin.de>
BE,Buildings,2055,0.55,,Fraction,European Commission: District heating and cooling in the European Union (see assumption and/or calculation file),10.09.2025,Nikita Moskalenko <nim@wip.tu-berlin.de>
BE,Buildings,2060,0.55,,Fraction,European Commission: District heating and cooling in the European Union (see assumption and/or calculation file),10.09.2025,Nikita Moskalenko <nim@wip.tu-berlin.de>
BG,Buildings,2018,0.89,,Fraction,European Commission: District heating and cooling in the European Union (see assumption and/or calculation file),10.09.2025,Nikita Moskalenko <nim@wip.tu-berlin.de>
BG,Buildings,2020,0.89,,Fraction,European Commission: District heating and cooling in the European Union (see assumption and/or calculation file),10.09.2025,Nikita Moskalenko <nim@wip.tu-berlin.de>
BG,Buildings,2021,0.89,,Fraction,European Commission: District heating and cooling in the European Union (see assumption and/or calculation file),10.09.2025,Nikita Moskalenko <nim@wip.tu-berlin.de>
BG,Buildings,2025,0.89,,Fraction,European Commission: District heating and cooling in the European Union (see assumption and/or calculation file),10.09.2025,Nikita Moskalenko <nim@wip.tu-berlin.de>
BG,Buildings,2030,0.85,,Fraction,European Commission: District heating and cooling in the European Union (see assumption and/or calculation file),10.09.2025,Nikita Moskalenko <nim@wip.tu-berlin.de>
BG,Buildings,2035,0.8,,Fraction,European Commission: District heating and cooling in the European Union (see assumption and/or calculation file),10.09.2025,Nikita Moskalenko <nim@wip.tu-berlin.de>
BG,Buildings,2040,0.76,,Fraction,European Commission: District heating and cooling in the European Union (see assumption and/or calculation file),10.09.2025,Nikita Moskalenko <nim@wip.tu-berlin.de>
BG,Buildings,2045,0.71,,Fraction,European Commission: District heating and cooling in the European Union (see assumption and/or calculation file),10.09.2025,Nikita Moskalenko <nim@wip.tu-berlin.de>
BG,Buildings,2050,0.67,,Fraction,European Commission: District heating and cooling in the European Union (see assumption and/or calculation file),10.09.2025,Nikita Moskalenko <nim@wip.tu-berlin.de>
BG,Buildings,2055,0.67,,Fraction,European Commission: District heating and cooling in the European Union (see assumption and/or calculation file),10.09.2025,Nikita Moskalenko <nim@wip.tu-berlin.de>
BG,Buildings,2060,0.67,,Fraction,European Commission: District heating and cooling in the European Union (see assumption and/or calculation file),10.09.2025,Nikita Moskalenko <nim@wip.tu-berlin.de>
CH,Buildings,2018,0,,Fraction,European Commission: District heating and cooling in the European Union (see assumption and/or calculation file),10.09.2025,Nikita Moskalenko <nim@wip.tu-berlin.de>
CH,Buildings,2020,0,,Fraction,European Commission: District heating and cooling in the European Union (see assumption and/or calculation file),10.09.2025,Nikita Moskalenko <nim@wip.tu-berlin.de>
CH,Buildings,2021,0,,Fraction,European Commission: District heating and cooling in the European Union (see assumption and/or calculation file),10.09.2025,Nikita Moskalenko <nim@wip.tu-berlin.de>
CH,Buildings,2025,0,,Fraction,European Commission: District heating and cooling in the European Union (see assumption and/or calculation file),10.09.2025,Nikita Moskalenko <nim@wip.tu-berlin.de>
CH,Buildings,2030,0,,Fraction,European Commission: District heating and cooling in the European Union (see assumption and/or calculation file),10.09.2025,Nikita Moskalenko <nim@wip.tu-berlin.de>
CH,Buildings,2035,0,,Fraction,European Commission: District heating and cooling in the European Union (see assumption and/or calculation file),10.09.2025,Nikita Moskalenko <nim@wip.tu-berlin.de>
CH,Buildings,2040,0,,Fraction,European Commission: District heating and cooling in the European Union (see assumption and/or calculation file),10.09.2025,Nikita Moskalenko <nim@wip.tu-berlin.de>
CH,Buildings,2045,0,,Fraction,European Commission: District heating and cooling in the European Union (see assumption and/or calculation file),10.09.2025,Nikita Moskalenko <nim@wip.tu-berlin.de>
CH,Buildings,2050,0,,Fraction,European Commission: District heating and cooling in the European Union (see assumption and/or calculation file),10.09.2025,Nikita Moskalenko <nim@wip.tu-berlin.de>
CH,Buildings,2055,0,,Fraction,European Commission: District heating and cooling in the European Union (see assumption and/or calculation file),10.09.2025,Nikita Moskalenko <nim@wip.tu-berlin.de>
CH,Buildings,2060,0,,Fraction,European Commission: District heating and cooling in the European Union (see assumption and/or calculation file),10.09.2025,Nikita Moskalenko <nim@wip.tu-berlin.de>
CZ,Buildings,2018,0.66,,Fraction,European Commission: District heating and cooling in the European Union (see assumption and/or calculation file),10.09.2025,Nikita Moskalenko <nim@wip.tu-berlin.de>
CZ,Buildings,2020,0.66,,Fraction,European Commission: District heating and cooling in the European Union (see assumption and/or calculation file),10.09.2025,Nikita Moskalenko <nim@wip.tu-berlin.de>
CZ,Buildings,2021,0.66,,Fraction,European Commission: District heating and cooling in the European Union (see assumption and/or calculation file),10.09.2025,Nikita Moskalenko <nim@wip.tu-berlin.de>
CZ,Buildings,2025,0.66,,Fraction,European Commission: District heating and cooling in the European Union (see assumption and/or calculation file),10.09.2025,Nikita Moskalenko <nim@wip.tu-berlin.de>
CZ,Buildings,2030,0.63,,Fraction,European Commission: District heating and cooling in the European Union (see assumption and/or calculation file),10.09.2025,Nikita Moskalenko <nim@wip.tu-berlin.de>
CZ,Buildings,2035,0.59,,Fraction,European Commission: District heating and cooling in the European Union (see assumption and/or calculation file),10.09.2025,Nikita Moskalenko <nim@wip.tu-berlin.de>
CZ,Buildings,2040,0.56,,Fraction,European Commission: District heating and cooling in the European Union (see assumption and/or calculation file),10.09.2025,Nikita Moskalenko <nim@wip.tu-berlin.de>
CZ,Buildings,2045,0.53,,Fraction,European Commission: District heating and cooling in the European Union (see assumption and/or calculation file),10.09.2025,Nikita Moskalenko <nim@wip.tu-berlin.de>
CZ,Buildings,2050,0.5,,Fraction,European Commission: District heating and cooling in the European Union (see assumption and/or calculation file),10.09.2025,Nikita Moskalenko <nim@wip.tu-berlin.de>
CZ,Buildings,2055,0.5,,Fraction,European Commission: District heating and cooling in the European Union (see assumption and/or calculation file),10.09.2025,Nikita Moskalenko <nim@wip.tu-berlin.de>
CZ,Buildings,2060,0.5,,Fraction,European Commission: District heating and cooling in the European Union (see assumption and/or calculation file),10.09.2025,Nikita Moskalenko <nim@wip.tu-berlin.de>
DE,Buildings,2018,0.78,,Fraction,European Commission: District heating and cooling in the European Union (see assumption and/or calculation file),10.09.2025,Nikita Moskalenko <nim@wip.tu-berlin.de>
DE,Buildings,2020,0.78,,Fraction,European Commission: District heating and cooling in the European Union (see assumption and/or calculation file),10.09.2025,Nikita Moskalenko <nim@wip.tu-berlin.de>
DE,Buildings,2021,0.78,,Fraction,European Commission: District heating and cooling in the European Union (see assumption and/or calculation file),10.09.2025,Nikita Moskalenko <nim@wip.tu-berlin.de>
DE,Buildings,2025,0.78,,Fraction,European Commission: District heating and cooling in the European Union (see assumption and/or calculation file),10.09.2025,Nikita Moskalenko <nim@wip.tu-berlin.de>
DE,Buildings,2030,0.74,,Fraction,European Commission: District heating and cooling in the European Union (see assumption and/or calculation file),10.09.2025,Nikita Moskalenko <nim@wip.tu-berlin.de>
DE,Buildings,2035,0.7,,Fraction,European Commission: District heating and cooling in the European Union (see assumption and/or calculation file),10.09.2025,Nikita Moskalenko <nim@wip.tu-berlin.de>
DE,Buildings,2040,0.66,,Fraction,European Commission: District heating and cooling in the European Union (see assumption and/or calculation file),10.09.2025,Nikita Moskalenko <nim@wip.tu-berlin.de>
DE,Buildings,2045,0.62,,Fraction,European Commission: District heating and cooling in the European Union (see assumption and/or calculation file),10.09.2025,Nikita Moskalenko <nim@wip.tu-berlin.de>
DE,Buildings,2050,0.59,,Fraction,European Commission: District heating and cooling in the European Union (see assumption and/or calculation file),10.09.2025,Nikita Moskalenko <nim@wip.tu-berlin.de>
DE,Buildings,2055,0.59,,Fraction,European Commission: District heating and cooling in the European Union (see assumption and/or calculation file),10.09.2025,Nikita Moskalenko <nim@wip.tu-berlin.de>
DE,Buildings,2060,0.59,,Fraction,European Commission: District heating and cooling in the European Union (see assumption and/or calculation file),10.09.2025,Nikita Moskalenko <nim@wip.tu-berlin.de>
DK,Buildings,2018,0.95,,Fraction,European Commission: District heating and cooling in the European Union (see assumption and/or calculation file),10.09.2025,Nikita Moskalenko <nim@wip.tu-berlin.de>
DK,Buildings,2020,0.95,,Fraction,European Commission: District heating and cooling in the European Union (see assumption and/or calculation file),10.09.2025,Nikita Moskalenko <nim@wip.tu-berlin.de>
DK,Buildings,2021,0.95,,Fraction,European Commission: District heating and cooling in the European Union (see assumption and/or calculation file),10.09.2025,Nikita Moskalenko <nim@wip.tu-berlin.de>
DK,Buildings,2025,0.95,,Fraction,European Commission: District heating and cooling in the European Union (see assumption and/or calculation file),10.09.2025,Nikita Moskalenko <nim@wip.tu-berlin.de>
DK,Buildings,2030,0.9,,Fraction,European Commission: District heating and cooling in the European Union (see assumption and/or calculation file),10.09.2025,Nikita Moskalenko <nim@wip.tu-berlin.de>
DK,Buildings,2035,0.86,,Fraction,European Commission: District heating and cooling in the European Union (see assumption and/or calculation file),10.09.2025,Nikita Moskalenko <nim@wip.tu-berlin.de>
DK,Buildings,2040,0.81,,Fraction,European Commission: District heating and cooling in the European Union (see assumption and/or calculation file),10.09.2025,Nikita Moskalenko <nim@wip.tu-berlin.de>
DK,Buildings,2045,0.76,,Fraction,European Commission: District heating and cooling in the European Union (see assumption and/or calculation file),10.09.2025,Nikita Moskalenko <nim@wip.tu-berlin.de>
DK,Buildings,2050,0.71,,Fraction,European Commission: District heating and cooling in the European Union (see assumption and/or calculation file),10.09.2025,Nikita Moskalenko <nim@wip.tu-berlin.de>
DK,Buildings,2055,0.71,,Fraction,European Commission: District heating and cooling in the European Union (see assumption and/or calculation file),10.09.2025,Nikita Moskalenko <nim@wip.tu-berlin.de>
DK,Buildings,2060,0.71,,Fraction,European Commission: District heating and cooling in the European Union (see assumption and/or calculation file),10.09.2025,Nikita Moskalenko <nim@wip.tu-berlin.de>
EE,Buildings,2018,0.92,,Fraction,European Commission: District heating and cooling in the European Union (see assumption and/or calculation file),10.09.2025,Nikita Moskalenko <nim@wip.tu-berlin.de>
EE,Buildings,2020,0.92,,Fraction,European Commission: District heating and cooling in the European Union (see assumption and/or calculation file),10.09.2025,Nikita Moskalenko <nim@wip.tu-berlin.de>
EE,Buildings,2021,0.92,,Fraction,European Commission: District heating and cooling in the European Union (see assumption and/or calculation file),10.09.2025,Nikita Moskalenko <nim@wip.tu-berlin.de>
EE,Buildings,2025,0.92,,Fraction,European Commission: District heating and cooling in the European Union (see assumption and/or calculation file),10.09.2025,Nikita Moskalenko <nim@wip.tu-berlin.de>
EE,Buildings,2030,0.87,,Fraction,European Commission: District heating and cooling in the European Union (see assumption and/or calculation file),10.09.2025,Nikita Moskalenko <nim@wip.tu-berlin.de>
EE,Buildings,2035,0.83,,Fraction,European Commission: District heating and cooling in the European Union (see assumption and/or calculation file),10.09.2025,Nikita Moskalenko <nim@wip.tu-berlin.de>
EE,Buildings,2040,0.78,,Fraction,European Commission: District heating and cooling in the European Union (see assumption and/or calculation file),10.09.2025,Nikita Moskalenko <nim@wip.tu-berlin.de>
EE,Buildings,2045,0.74,,Fraction,European Commission: District heating and cooling in the European Union (see assumption and/or calculation file),10.09.2025,Nikita Moskalenko <nim@wip.tu-berlin.de>
EE,Buildings,2050,0.69,,Fraction,European Commission: District heating and cooling in the European Union (see assumption and/or calculation file),10.09.2025,Nikita Moskalenko <nim@wip.tu-berlin.de>
EE,Buildings,2055,0.69,,Fraction,European Commission: District heating and cooling in the European Union (see assumption and/or calculation file),10.09.2025,Nikita Moskalenko <nim@wip.tu-berlin.de>
EE,Buildings,2060,0.69,,Fraction,European Commission: District heating and cooling in the European Union (see assumption and/or calculation file),10.09.2025,Nikita Moskalenko <nim@wip.tu-berlin.de>
ES,Buildings,2018,0.78,,Fraction,European Commission: District heating and cooling in the European Union (see assumption and/or calculation file),10.09.2025,Nikita Moskalenko <nim@wip.tu-berlin.de>
ES,Buildings,2020,0.78,,Fraction,European Commission: District heating and cooling in the European Union (see assumption and/or calculation file),10.09.2025,Nikita Moskalenko <nim@wip.tu-berlin.de>
ES,Buildings,2021,0.78,,Fraction,European Commission: District heating and cooling in the European Union (see assumption and/or calculation file),10.09.2025,Nikita Moskalenko <nim@wip.tu-berlin.de>
ES,Buildings,2025,0.78,,Fraction,European Commission: District heating and cooling in the European Union (see assumption and/or calculation file),10.09.2025,Nikita Moskalenko <nim@wip.tu-berlin.de>
ES,Buildings,2030,0.74,,Fraction,European Commission: District heating and cooling in the European Union (see assumption and/or calculation file),10.09.2025,Nikita Moskalenko <nim@wip.tu-berlin.de>
ES,Buildings,2035,0.7,,Fraction,European Commission: District heating and cooling in the European Union (see assumption and/or calculation file),10.09.2025,Nikita Moskalenko <nim@wip.tu-berlin.de>
ES,Buildings,2040,0.66,,Fraction,European Commission: District heating and cooling in the European Union (see assumption and/or calculation file),10.09.2025,Nikita Moskalenko <nim@wip.tu-berlin.de>
ES,Buildings,2045,0.62,,Fraction,European Commission: District heating and cooling in the European Union (see assumption and/or calculation file),10.09.2025,Nikita Moskalenko <nim@wip.tu-berlin.de>
ES,Buildings,2050,0.59,,Fraction,European Commission: District heating and cooling in the European Union (see assumption and/or calculation file),10.09.2025,Nikita Moskalenko <nim@wip.tu-berlin.de>
ES,Buildings,2055,0.59,,Fraction,European Commission: District heating and cooling in the European Union (see assumption and/or calculation file),10.09.2025,Nikita Moskalenko <nim@wip.tu-berlin.de>
ES,Buildings,2060,0.59,,Fraction,European Commission: District heating and cooling in the European Union (see assumption and/or calculation file),10.09.2025,Nikita Moskalenko <nim@wip.tu-berlin.de>
FI,Buildings,2018,0.91,,Fraction,European Commission: District heating and cooling in the European Union (see assumption and/or calculation file),10.09.2025,Nikita Moskalenko <nim@wip.tu-berlin.de>
FI,Buildings,2020,0.91,,Fraction,European Commission: District heating and cooling in the European Union (see assumption and/or calculation file),10.09.2025,Nikita Moskalenko <nim@wip.tu-berlin.de>
FI,Buildings,2021,0.91,,Fraction,European Commission: District heating and cooling in the European Union (see assumption and/or calculation file),10.09.2025,Nikita Moskalenko <nim@wip.tu-berlin.de>
FI,Buildings,2025,0.91,,Fraction,European Commission: District heating and cooling in the European Union (see assumption and/or calculation file),10.09.2025,Nikita Moskalenko <nim@wip.tu-berlin.de>
FI,Buildings,2030,0.86,,Fraction,European Commission: District heating and cooling in the European Union (see assumption and/or calculation file),10.09.2025,Nikita Moskalenko <nim@wip.tu-berlin.de>
FI,Buildings,2035,0.82,,Fraction,European Commission: District heating and cooling in the European Union (see assumption and/or calculation file),10.09.2025,Nikita Moskalenko <nim@wip.tu-berlin.de>
FI,Buildings,2040,0.77,,Fraction,European Commission: District heating and cooling in the European Union (see assumption and/or calculation file),10.09.2025,Nikita Moskalenko <nim@wip.tu-berlin.de>
FI,Buildings,2045,0.73,,Fraction,European Commission: District heating and cooling in the European Union (see assumption and/or calculation file),10.09.2025,Nikita Moskalenko <nim@wip.tu-berlin.de>
FI,Buildings,2050,0.68,,Fraction,European Commission: District heating and cooling in the European Union (see assumption and/or calculation file),10.09.2025,Nikita Moskalenko <nim@wip.tu-berlin.de>
FI,Buildings,2055,0.68,,Fraction,European Commission: District heating and cooling in the European Union (see assumption and/or calculation file),10.09.2025,Nikita Moskalenko <nim@wip.tu-berlin.de>
FI,Buildings,2060,0.68,,Fraction,European Commission: District heating and cooling in the European Union (see assumption and/or calculation file),10.09.2025,Nikita Moskalenko <nim@wip.tu-berlin.de>
FR,Buildings,2018,0.87,,Fraction,European Commission: District heating and cooling in the European Union (see assumption and/or calculation file),10.09.2025,Nikita Moskalenko <nim@wip.tu-berlin.de>
FR,Buildings,2020,0.87,,Fraction,European Commission: District heating and cooling in the European Union (see assumption and/or calculation file),10.09.2025,Nikita Moskalenko <nim@wip.tu-berlin.de>
FR,Buildings,2021,0.87,,Fraction,European Commission: District heating and cooling in the European Union (see assumption and/or calculation file),10.09.2025,Nikita Moskalenko <nim@wip.tu-berlin.de>
FR,Buildings,2025,0.87,,Fraction,European Commission: District heating and cooling in the European Union (see assumption and/or calculation file),10.09.2025,Nikita Moskalenko <nim@wip.tu-berlin.de>
FR,Buildings,2030,0.83,,Fraction,European Commission: District heating and cooling in the European Union (see assumption and/or calculation file),10.09.2025,Nikita Moskalenko <nim@wip.tu-berlin.de>
FR,Buildings,2035,0.78,,Fraction,European Commission: District heating and cooling in the European Union (see assumption and/or calculation file),10.09.2025,Nikita Moskalenko <nim@wip.tu-berlin.de>
FR,Buildings,2040,0.74,,Fraction,European Commission: District heating and cooling in the European Union (see assumption and/or calculation file),10.09.2025,Nikita Moskalenko <nim@wip.tu-berlin.de>
FR,Buildings,2045,0.7,,Fraction,European Commission: District heating and cooling in the European Union (see assumption and/or calculation file),10.09.2025,Nikita Moskalenko <nim@wip.tu-berlin.de>
FR,Buildings,2050,0.65,,Fraction,European Commission: District heating and cooling in the European Union (see assumption and/or calculation file),10.09.2025,Nikita Moskalenko <nim@wip.tu-berlin.de>
FR,Buildings,2055,0.65,,Fraction,European Commission: District heating and cooling in the European Union (see assumption and/or calculation file),10.09.2025,Nikita Moskalenko <nim@wip.tu-berlin.de>
FR,Buildings,2060,0.65,,Fraction,European Commission: District heating and cooling in the European Union (see assumption and/or calculation file),10.09.2025,Nikita Moskalenko <nim@wip.tu-berlin.de>
GR,Buildings,2018,1,,Fraction,European Commission: District heating and cooling in the European Union (see assumption and/or calculation file),10.09.2025,Nikita Moskalenko <nim@wip.tu-berlin.de>
GR,Buildings,2020,1,,Fraction,European Commission: District heating and cooling in the European Union (see assumption and/or calculation file),10.09.2025,Nikita Moskalenko <nim@wip.tu-berlin.de>
GR,Buildings,2021,1,,Fraction,European Commission: District heating and cooling in the European Union (see assumption and/or calculation file),10.09.2025,Nikita Moskalenko <nim@wip.tu-berlin.de>
GR,Buildings,2025,1,,Fraction,European Commission: District heating and cooling in the European Union (see assumption and/or calculation file),10.09.2025,Nikita Moskalenko <nim@wip.tu-berlin.de>
GR,Buildings,2030,0.95,,Fraction,European Commission: District heating and cooling in the European Union (see assumption and/or calculation file),10.09.2025,Nikita Moskalenko <nim@wip.tu-berlin.de>
GR,Buildings,2035,0.9,,Fraction,European Commission: District heating and cooling in the European Union (see assumption and/or calculation file),10.09.2025,Nikita Moskalenko <nim@wip.tu-berlin.de>
GR,Buildings,2040,0.85,,Fraction,European Commission: District heating and cooling in the European Union (see assumption and/or calculation file),10.09.2025,Nikita Moskalenko <nim@wip.tu-berlin.de>
GR,Buildings,2045,0.8,,Fraction,European Commission: District heating and cooling in the European Union (see assumption and/or calculation file),10.09.2025,Nikita Moskalenko <nim@wip.tu-berlin.de>
GR,Buildings,2050,0.75,,Fraction,European Commission: District heating and cooling in the European Union (see assumption and/or calculation file),10.09.2025,Nikita Moskalenko <nim@wip.tu-berlin.de>
GR,Buildings,2055,0.75,,Fraction,European Commission: District heating and cooling in the European Union (see assumption and/or calculation file),10.09.2025,Nikita Moskalenko <nim@wip.tu-berlin.de>
GR,Buildings,2060,0.75,,Fraction,European Commission: District heating and cooling in the European Union (see assumption and/or calculation file),10.09.2025,Nikita Moskalenko <nim@wip.tu-berlin.de>
HR,Buildings,2018,0.84,,Fraction,European Commission: District heating and cooling in the European Union (see assumption and/or calculation file),10.09.2025,Nikita Moskalenko <nim@wip.tu-berlin.de>
HR,Buildings,2020,0.84,,Fraction,European Commission: District heating and cooling in the European Union (see assumption and/or calculation file),10.09.2025,Nikita Moskalenko <nim@wip.tu-berlin.de>
HR,Buildings,2021,0.84,,Fraction,European Commission: District heating and cooling in the European Union (see assumption and/or calculation file),10.09.2025,Nikita Moskalenko <nim@wip.tu-berlin.de>
HR,Buildings,2025,0.84,,Fraction,European Commission: District heating and cooling in the European Union (see assumption and/or calculation file),10.09.2025,Nikita Moskalenko <nim@wip.tu-berlin.de>
HR,Buildings,2030,0.8,,Fraction,European Commission: District heating and cooling in the European Union (see assumption and/or calculation file),10.09.2025,Nikita Moskalenko <nim@wip.tu-berlin.de>
HR,Buildings,2035,0.76,,Fraction,European Commission: District heating and cooling in the European Union (see assumption and/or calculation file),10.09.2025,Nikita Moskalenko <nim@wip.tu-berlin.de>
HR,Buildings,2040,0.71,,Fraction,European Commission: District heating and cooling in the European Union (see assumption and/or calculation file),10.09.2025,Nikita Moskalenko <nim@wip.tu-berlin.de>
HR,Buildings,2045,0.67,,Fraction,European Commission: District heating and cooling in the European Union (see assumption and/or calculation file),10.09.2025,Nikita Moskalenko <nim@wip.tu-berlin.de>
HR,Buildings,2050,0.63,,Fraction,European Commission: District heating and cooling in the European Union (see assumption and/or calculation file),10.09.2025,Nikita Moskalenko <nim@wip.tu-berlin.de>
HR,Buildings,2055,0.63,,Fraction,European Commission: District heating and cooling in the European Union (see assumption and/or calculation file),10.09.2025,Nikita Moskalenko <nim@wip.tu-berlin.de>
HR,Buildings,2060,0.63,,Fraction,European Commission: District heating and cooling in the European Union (see assumption and/or calculation file),10.09.2025,Nikita Moskalenko <nim@wip.tu-berlin.de>
HU,Buildings,2018,1,,Fraction,European Commission: District heating and cooling in the European Union (see assumption and/or calculation file),10.09.2025,Nikita Moskalenko <nim@wip.tu-berlin.de>
HU,Buildings,2020,1,,Fraction,European Commission: District heating and cooling in the European Union (see assumption and/or calculation file),10.09.2025,Nikita Moskalenko <nim@wip.tu-berlin.de>
HU,Buildings,2021,1,,Fraction,European Commission: District heating and cooling in the European Union (see assumption and/or calculation file),10.09.2025,Nikita Moskalenko <nim@wip.tu-berlin.de>
HU,Buildings,2025,1,,Fraction,European Commission: District heating and cooling in the European Union (see assumption and/or calculation file),10.09.2025,Nikita Moskalenko <nim@wip.tu-berlin.de>
HU,Buildings,2030,0.95,,Fraction,European Commission: District heating and cooling in the European Union (see assumption and/or calculation file),10.09.2025,Nikita Moskalenko <nim@wip.tu-berlin.de>
HU,Buildings,2035,0.9,,Fraction,European Commission: District heating and cooling in the European Union (see assumption and/or calculation file),10.09.2025,Nikita Moskalenko <nim@wip.tu-berlin.de>
HU,Buildings,2040,0.85,,Fraction,European Commission: District heating and cooling in the European Union (see assumption and/or calculation file),10.09.2025,Nikita Moskalenko <nim@wip.tu-berlin.de>
HU,Buildings,2045,0.8,,Fraction,European Commission: District heating and cooling in the European Union (see assumption and/or calculation file),10.09.2025,Nikita Moskalenko <nim@wip.tu-berlin.de>
HU,Buildings,2050,0.75,,Fraction,European Commission: District heating and cooling in the European Union (see assumption and/or calculation file),10.09.2025,Nikita Moskalenko <nim@wip.tu-berlin.de>
HU,Buildings,2055,0.75,,Fraction,European Commission: District heating and cooling in the European Union (see assumption and/or calculation file),10.09.2025,Nikita Moskalenko <nim@wip.tu-berlin.de>
HU,Buildings,2060,0.75,,Fraction,European Commission: District heating and cooling in the European Union (see assumption and/or calculation file),10.09.2025,Nikita Moskalenko <nim@wip.tu-berlin.de>
IE,Buildings,2018,0,,Fraction,European Commission: District heating and cooling in the European Union (see assumption and/or calculation file),10.09.2025,Nikita Moskalenko <nim@wip.tu-berlin.de>
IE,Buildings,2020,0,,Fraction,European Commission: District heating and cooling in the European Union (see assumption and/or calculation file),10.09.2025,Nikita Moskalenko <nim@wip.tu-berlin.de>
IE,Buildings,2021,0,,Fraction,European Commission: District heating and cooling in the European Union (see assumption and/or calculation file),10.09.2025,Nikita Moskalenko <nim@wip.tu-berlin.de>
IE,Buildings,2025,0,,Fraction,European Commission: District heating and cooling in the European Union (see assumption and/or calculation file),10.09.2025,Nikita Moskalenko <nim@wip.tu-berlin.de>
IE,Buildings,2030,0,,Fraction,European Commission: District heating and cooling in the European Union (see assumption and/or calculation file),10.09.2025,Nikita Moskalenko <nim@wip.tu-berlin.de>
IE,Buildings,2035,0,,Fraction,European Commission: District heating and cooling in the European Union (see assumption and/or calculation file),10.09.2025,Nikita Moskalenko <nim@wip.tu-berlin.de>
IE,Buildings,2040,0,,Fraction,European Commission: District heating and cooling in the European Union (see assumption and/or calculation file),10.09.2025,Nikita Moskalenko <nim@wip.tu-berlin.de>
IE,Buildings,2045,0,,Fraction,European Commission: District heating and cooling in the European Union (see assumption and/or calculation file),10.09.2025,Nikita Moskalenko <nim@wip.tu-berlin.de>
IE,Buildings,2050,0,,Fraction,European Commission: District heating and cooling in the European Union (see assumption and/or calculation file),10.09.2025,Nikita Moskalenko <nim@wip.tu-berlin.de>
IE,Buildings,2055,0,,Fraction,European Commission: District heating and cooling in the European Union (see assumption and/or calculation file),10.09.2025,Nikita Moskalenko <nim@wip.tu-berlin.de>
IE,Buildings,2060,0,,Fraction,European Commission: District heating and cooling in the European Union (see assumption and/or calculation file),10.09.2025,Nikita Moskalenko <nim@wip.tu-berlin.de>
IT,Buildings,2018,0.97,,Fraction,European Commission: District heating and cooling in the European Union (see assumption and/or calculation file),10.09.2025,Nikita Moskalenko <nim@wip.tu-berlin.de>
IT,Buildings,2020,0.97,,Fraction,European Commission: District heating and cooling in the European Union (see assumption and/or calculation file),10.09.2025,Nikita Moskalenko <nim@wip.tu-berlin.de>
IT,Buildings,2021,0.97,,Fraction,European Commission: District heating and cooling in the European Union (see assumption and/or calculation file),10.09.2025,Nikita Moskalenko <nim@wip.tu-berlin.de>
IT,Buildings,2025,0.97,,Fraction,European Commission: District heating and cooling in the European Union (see assumption and/or calculation file),10.09.2025,Nikita Moskalenko <nim@wip.tu-berlin.de>
IT,Buildings,2030,0.92,,Fraction,European Commission: District heating and cooling in the European Union (see assumption and/or calculation file),10.09.2025,Nikita Moskalenko <nim@wip.tu-berlin.de>
IT,Buildings,2035,0.87,,Fraction,European Commission: District heating and cooling in the European Union (see assumption and/or calculation file),10.09.2025,Nikita Moskalenko <nim@wip.tu-berlin.de>
IT,Buildings,2040,0.82,,Fraction,European Commission: District heating and cooling in the European Union (see assumption and/or calculation file),10.09.2025,Nikita Moskalenko <nim@wip.tu-berlin.de>
IT,Buildings,2045,0.78,,Fraction,European Commission: District heating and cooling in the European Union (see assumption and/or calculation file),10.09.2025,Nikita Moskalenko <nim@wip.tu-berlin.de>
IT,Buildings,2050,0.73,,Fraction,European Commission: District heating and cooling in the European Union (see assumption and/or calculation file),10.09.2025,Nikita Moskalenko <nim@wip.tu-berlin.de>
IT,Buildings,2055,0.73,,Fraction,European Commission: District heating and cooling in the European Union (see assumption and/or calculation file),10.09.2025,Nikita Moskalenko <nim@wip.tu-berlin.de>
IT,Buildings,2060,0.73,,Fraction,European Commission: District heating and cooling in the European Union (see assumption and/or calculation file),10.09.2025,Nikita Moskalenko <nim@wip.tu-berlin.de>
LT,Buildings,2018,1,,Fraction,European Commission: District heating and cooling in the European Union (see assumption and/or calculation file),10.09.2025,Nikita Moskalenko <nim@wip.tu-berlin.de>
LT,Buildings,2020,1,,Fraction,European Commission: District heating and cooling in the European Union (see assumption and/or calculation file),10.09.2025,Nikita Moskalenko <nim@wip.tu-berlin.de>
LT,Buildings,2021,1,,Fraction,European Commission: District heating and cooling in the European Union (see assumption and/or calculation file),10.09.2025,Nikita Moskalenko <nim@wip.tu-berlin.de>
LT,Buildings,2025,1,,Fraction,European Commission: District heating and cooling in the European Union (see assumption and/or calculation file),10.09.2025,Nikita Moskalenko <nim@wip.tu-berlin.de>
LT,Buildings,2030,0.95,,Fraction,European Commission: District heating and cooling in the European Union (see assumption and/or calculation file),10.09.2025,Nikita Moskalenko <nim@wip.tu-berlin.de>
LT,Buildings,2035,0.9,,Fraction,European Commission: District heating and cooling in the European Union (see assumption and/or calculation file),10.09.2025,Nikita Moskalenko <nim@wip.tu-berlin.de>
LT,Buildings,2040,0.85,,Fraction,European Commission: District heating and cooling in the European Union (see assumption and/or calculation file),10.09.2025,Nikita Moskalenko <nim@wip.tu-berlin.de>
LT,Buildings,2045,0.8,,Fraction,European Commission: District heating and cooling in the European Union (see assumption and/or calculation file),10.09.2025,Nikita Moskalenko <nim@wip.tu-berlin.de>
LT,Buildings,2050,0.75,,Fraction,European Commission: District heating and cooling in the European Union (see assumption and/or calculation file),10.09.2025,Nikita Moskalenko <nim@wip.tu-berlin.de>
LT,Buildings,2055,0.75,,Fraction,European Commission: District heating and cooling in the European Union (see assumption and/or calculation file),10.09.2025,Nikita Moskalenko <nim@wip.tu-berlin.de>
LT,Buildings,2060,0.75,,Fraction,European Commission: District heating and cooling in the European Union (see assumption and/or calculation file),10.09.2025,Nikita Moskalenko <nim@wip.tu-berlin.de>
LU,Buildings,2018,0.99,,Fraction,European Commission: District heating and cooling in the European Union (see assumption and/or calculation file),10.09.2025,Nikita Moskalenko <nim@wip.tu-berlin.de>
LU,Buildings,2020,0.99,,Fraction,European Commission: District heating and cooling in the European Union (see assumption and/or calculation file),10.09.2025,Nikita Moskalenko <nim@wip.tu-berlin.de>
LU,Buildings,2021,0.99,,Fraction,European Commission: District heating and cooling in the European Union (see assumption and/or calculation file),10.09.2025,Nikita Moskalenko <nim@wip.tu-berlin.de>
LU,Buildings,2025,0.99,,Fraction,European Commission: District heating and cooling in the European Union (see assumption and/or calculation file),10.09.2025,Nikita Moskalenko <nim@wip.tu-berlin.de>
LU,Buildings,2030,0.94,,Fraction,European Commission: District heating and cooling in the European Union (see assumption and/or calculation file),10.09.2025,Nikita Moskalenko <nim@wip.tu-berlin.de>
LU,Buildings,2035,0.89,,Fraction,European Commission: District heating and cooling in the European Union (see assumption and/or calculation file),10.09.2025,Nikita Moskalenko <nim@wip.tu-berlin.de>
LU,Buildings,2040,0.84,,Fraction,European Commission: District heating and cooling in the European Union (see assumption and/or calculation file),10.09.2025,Nikita Moskalenko <nim@wip.tu-berlin.de>
LU,Buildings,2045,0.79,,Fraction,European Commission: District heating and cooling in the European Union (see assumption and/or calculation file),10.09.2025,Nikita Moskalenko <nim@wip.tu-berlin.de>
LU,Buildings,2050,0.74,,Fraction,European Commission: District heating and cooling in the European Union (see assumption and/or calculation file),10.09.2025,Nikita Moskalenko <nim@wip.tu-berlin.de>
LU,Buildings,2055,0.74,,Fraction,European Commission: District heating and cooling in the European Union (see assumption and/or calculation file),10.09.2025,Nikita Moskalenko <nim@wip.tu-berlin.de>
LU,Buildings,2060,0.74,,Fraction,European Commission: District heating and cooling in the European Union (see assumption and/or calculation file),10.09.2025,Nikita Moskalenko <nim@wip.tu-berlin.de>
LV,Buildings,2018,0.86,,Fraction,European Commission: District heating and cooling in the European Union (see assumption and/or calculation file),10.09.2025,Nikita Moskalenko <nim@wip.tu-berlin.de>
LV,Buildings,2020,0.86,,Fraction,European Commission: District heating and cooling in the European Union (see assumption and/or calculation file),10.09.2025,Nikita Moskalenko <nim@wip.tu-berlin.de>
LV,Buildings,2021,0.86,,Fraction,European Commission: District heating and cooling in the European Union (see assumption and/or calculation file),10.09.2025,Nikita Moskalenko <nim@wip.tu-berlin.de>
LV,Buildings,2025,0.86,,Fraction,European Commission: District heating and cooling in the European Union (see assumption and/or calculation file),10.09.2025,Nikita Moskalenko <nim@wip.tu-berlin.de>
LV,Buildings,2030,0.82,,Fraction,European Commission: District heating and cooling in the European Union (see assumption and/or calculation file),10.09.2025,Nikita Moskalenko <nim@wip.tu-berlin.de>
LV,Buildings,2035,0.77,,Fraction,European Commission: District heating and cooling in the European Union (see assumption and/or calculation file),10.09.2025,Nikita Moskalenko <nim@wip.tu-berlin.de>
LV,Buildings,2040,0.73,,Fraction,European Commission: District heating and cooling in the European Union (see assumption and/or calculation file),10.09.2025,Nikita Moskalenko <nim@wip.tu-berlin.de>
LV,Buildings,2045,0.69,,Fraction,European Commission: District heating and cooling in the European Union (see assumption and/or calculation file),10.09.2025,Nikita Moskalenko <nim@wip.tu-berlin.de>
LV,Buildings,2050,0.65,,Fraction,European Commission: District heating and cooling in the European Union (see assumption and/or calculation file),10.09.2025,Nikita Moskalenko <nim@wip.tu-berlin.de>
LV,Buildings,2055,0.65,,Fraction,European Commission: District heating and cooling in the European Union (see assumption and/or calculation file),10.09.2025,Nikita Moskalenko <nim@wip.tu-berlin.de>
LV,Buildings,2060,0.65,,Fraction,European Commission: District heating and cooling in the European Union (see assumption and/or calculation file),10.09.2025,Nikita Moskalenko <nim@wip.tu-berlin.de>
NL,Buildings,2018,0.79,,Fraction,European Commission: District heating and cooling in the European Union (see assumption and/or calculation file),10.09.2025,Nikita Moskalenko <nim@wip.tu-berlin.de>
NL,Buildings,2020,0.79,,Fraction,European Commission: District heating and cooling in the European Union (see assumption and/or calculation file),10.09.2025,Nikita Moskalenko <nim@wip.tu-berlin.de>
NL,Buildings,2021,0.79,,Fraction,European Commission: District heating and cooling in the European Union (see assumption and/or calculation file),10.09.2025,Nikita Moskalenko <nim@wip.tu-berlin.de>
NL,Buildings,2025,0.79,,Fraction,European Commission: District heating and cooling in the European Union (see assumption and/or calculation file),10.09.2025,Nikita Moskalenko <nim@wip.tu-berlin.de>
NL,Buildings,2030,0.75,,Fraction,European Commission: District heating and cooling in the European Union (see assumption and/or calculation file),10.09.2025,Nikita Moskalenko <nim@wip.tu-berlin.de>
NL,Buildings,2035,0.71,,Fraction,European Commission: District heating and cooling in the European Union (see assumption and/or calculation file),10.09.2025,Nikita Moskalenko <nim@wip.tu-berlin.de>
NL,Buildings,2040,0.67,,Fraction,European Commission: District heating and cooling in the European Union (see assumption and/or calculation file),10.09.2025,Nikita Moskalenko <nim@wip.tu-berlin.de>
NL,Buildings,2045,0.63,,Fraction,European Commission: District heating and cooling in the European Union (see assumption and/or calculation file),10.09.2025,Nikita Moskalenko <nim@wip.tu-berlin.de>
NL,Buildings,2050,0.59,,Fraction,European Commission: District heating and cooling in the European Union (see assumption and/or calculation file),10.09.2025,Nikita Moskalenko <nim@wip.tu-berlin.de>
NL,Buildings,2055,0.59,,Fraction,European Commission: District heating and cooling in the European Union (see assumption and/or calculation file),10.09.2025,Nikita Moskalenko <nim@wip.tu-berlin.de>
NL,Buildings,2060,0.59,,Fraction,European Commission: District heating and cooling in the European Union (see assumption and/or calculation file),10.09.2025,Nikita Moskalenko <nim@wip.tu-berlin.de>
NO,Buildings,2018,0.86,,Fraction,European Commission: District heating and cooling in the European Union (see assumption and/or calculation file),10.09.2025,Nikita Moskalenko <nim@wip.tu-berlin.de>
NO,Buildings,2020,0.86,,Fraction,European Commission: District heating and cooling in the European Union (see assumption and/or calculation file),19.06.2025,Nikita Moskalenko <nim@wip.tu-berlin.de>
NO,Buildings,2021,0.86,,Fraction,European Commission: District heating and cooling in the European Union (see assumption and/or calculation file),19.06.2025,Nikita Moskalenko <nim@wip.tu-berlin.de>
NO,Buildings,2025,0.86,,Fraction,European Commission: District heating and cooling in the European Union (see assumption and/or calculation file),19.06.2025,Nikita Moskalenko <nim@wip.tu-berlin.de>
NO,Buildings,2030,0.82,,Fraction,European Commission: District heating and cooling in the European Union (see assumption and/or calculation file),19.06.2025,Nikita Moskalenko <nim@wip.tu-berlin.de>
NO,Buildings,2035,0.77,,Fraction,European Commission: District heating and cooling in the European Union (see assumption and/or calculation file),19.06.2025,Nikita Moskalenko <nim@wip.tu-berlin.de>
NO,Buildings,2040,0.73,,Fraction,European Commission: District heating and cooling in the European Union (see assumption and/or calculation file),19.06.2025,Nikita Moskalenko <nim@wip.tu-berlin.de>
NO,Buildings,2045,0.69,,Fraction,European Commission: District heating and cooling in the European Union (see assumption and/or calculation file),19.06.2025,Nikita Moskalenko <nim@wip.tu-berlin.de>
NO,Buildings,2050,0.65,,Fraction,European Commission: District heating and cooling in the European Union (see assumption and/or calculation file),19.06.2025,Nikita Moskalenko <nim@wip.tu-berlin.de>
NO,Buildings,2055,0.65,,Fraction,European Commission: District heating and cooling in the European Union (see assumption and/or calculation file),19.06.2025,Nikita Moskalenko <nim@wip.tu-berlin.de>
NO,Buildings,2060,0.65,,Fraction,European Commission: District heating and cooling in the European Union (see assumption and/or calculation file),19.06.2025,Nikita Moskalenko <nim@wip.tu-berlin.de>
NONEU_Balkan,Buildings,2018,0,,Fraction,European Commission: District heating and cooling in the European Union (see assumption and/or calculation file),10.09.2025,Nikita Moskalenko <nim@wip.tu-berlin.de>
NONEU_Balkan,Buildings,2020,0,,Fraction,European Commission: District heating and cooling in the European Union (see assumption and/or calculation file),10.09.2025,Nikita Moskalenko <nim@wip.tu-berlin.de>
NONEU_Balkan,Buildings,2021,0,,Fraction,European Commission: District heating and cooling in the European Union (see assumption and/or calculation file),10.09.2025,Nikita Moskalenko <nim@wip.tu-berlin.de>
NONEU_Balkan,Buildings,2025,0,,Fraction,European Commission: District heating and cooling in the European Union (see assumption and/or calculation file),10.09.2025,Nikita Moskalenko <nim@wip.tu-berlin.de>
NONEU_Balkan,Buildings,2030,0,,Fraction,European Commission: District heating and cooling in the European Union (see assumption and/or calculation file),10.09.2025,Nikita Moskalenko <nim@wip.tu-berlin.de>
NONEU_Balkan,Buildings,2035,0,,Fraction,European Commission: District heating and cooling in the European Union (see assumption and/or calculation file),10.09.2025,Nikita Moskalenko <nim@wip.tu-berlin.de>
NONEU_Balkan,Buildings,2040,0,,Fraction,European Commission: District heating and cooling in the European Union (see assumption and/or calculation file),10.09.2025,Nikita Moskalenko <nim@wip.tu-berlin.de>
NONEU_Balkan,Buildings,2045,0,,Fraction,European Commission: District heating and cooling in the European Union (see assumption and/or calculation file),10.09.2025,Nikita Moskalenko <nim@wip.tu-berlin.de>
NONEU_Balkan,Buildings,2050,0,,Fraction,European Commission: District heating and cooling in the European Union (see assumption and/or calculation file),10.09.2025,Nikita Moskalenko <nim@wip.tu-berlin.de>
NONEU_Balkan,Buildings,2055,0,,Fraction,European Commission: District heating and cooling in the European Union (see assumption and/or calculation file),10.09.2025,Nikita Moskalenko <nim@wip.tu-berlin.de>
NONEU_Balkan,Buildings,2060,0,,Fraction,European Commission: District heating and cooling in the European Union (see assumption and/or calculation file),10.09.2025,Nikita Moskalenko <nim@wip.tu-berlin.de>
PL,Buildings,2018,0.85,,Fraction,European Commission: District heating and cooling in the European Union (see assumption and/or calculation file),10.09.2025,Nikita Moskalenko <nim@wip.tu-berlin.de>
PL,Buildings,2020,0.85,,Fraction,European Commission: District heating and cooling in the European Union (see assumption and/or calculation file),10.09.2025,Nikita Moskalenko <nim@wip.tu-berlin.de>
PL,Buildings,2021,0.85,,Fraction,European Commission: District heating and cooling in the European Union (see assumption and/or calculation file),10.09.2025,Nikita Moskalenko <nim@wip.tu-berlin.de>
PL,Buildings,2025,0.85,,Fraction,European Commission: District heating and cooling in the European Union (see assumption and/or calculation file),10.09.2025,Nikita Moskalenko <nim@wip.tu-berlin.de>
PL,Buildings,2030,0.81,,Fraction,European Commission: District heating and cooling in the European Union (see assumption and/or calculation file),10.09.2025,Nikita Moskalenko <nim@wip.tu-berlin.de>
PL,Buildings,2035,0.77,,Fraction,European Commission: District heating and cooling in the European Union (see assumption and/or calculation file),10.09.2025,Nikita Moskalenko <nim@wip.tu-berlin.de>
PL,Buildings,2040,0.72,,Fraction,European Commission: District heating and cooling in the European Union (see assumption and/or calculation file),10.09.2025,Nikita Moskalenko <nim@wip.tu-berlin.de>
PL,Buildings,2045,0.68,,Fraction,European Commission: District heating and cooling in the European Union (see assumption and/or calculation file),10.09.2025,Nikita Moskalenko <nim@wip.tu-berlin.de>
PL,Buildings,2050,0.64,,Fraction,European Commission: District heating and cooling in the European Union (see assumption and/or calculation file),10.09.2025,Nikita Moskalenko <nim@wip.tu-berlin.de>
PL,Buildings,2055,0.64,,Fraction,European Commission: District heating and cooling in the European Union (see assumption and/or calculation file),10.09.2025,Nikita Moskalenko <nim@wip.tu-berlin.de>
PL,Buildings,2060,0.64,,Fraction,European Commission: District heating and cooling in the European Union (see assumption and/or calculation file),10.09.2025,Nikita Moskalenko <nim@wip.tu-berlin.de>
PT,Buildings,2018,1,,Fraction,European Commission: District heating and cooling in the European Union (see assumption and/or calculation file),10.09.2025,Nikita Moskalenko <nim@wip.tu-berlin.de>
PT,Buildings,2020,1,,Fraction,European Commission: District heating and cooling in the European Union (see assumption and/or calculation file),10.09.2025,Nikita Moskalenko <nim@wip.tu-berlin.de>
PT,Buildings,2021,1,,Fraction,European Commission: District heating and cooling in the European Union (see assumption and/or calculation file),10.09.2025,Nikita Moskalenko <nim@wip.tu-berlin.de>
PT,Buildings,2025,1,,Fraction,European Commission: District heating and cooling in the European Union (see assumption and/or calculation file),10.09.2025,Nikita Moskalenko <nim@wip.tu-berlin.de>
PT,Buildings,2030,0.95,,Fraction,European Commission: District heating and cooling in the European Union (see assumption and/or calculation file),10.09.2025,Nikita Moskalenko <nim@wip.tu-berlin.de>
PT,Buildings,2035,0.9,,Fraction,European Commission: District heating and cooling in the European Union (see assumption and/or calculation file),10.09.2025,Nikita Moskalenko <nim@wip.tu-berlin.de>
PT,Buildings,2040,0.85,,Fraction,European Commission: District heating and cooling in the European Union (see assumption and/or calculation file),10.09.2025,Nikita Moskalenko <nim@wip.tu-berlin.de>
PT,Buildings,2045,0.8,,Fraction,European Commission: District heating and cooling in the European Union (see assumption and/or calculation file),10.09.2025,Nikita Moskalenko <nim@wip.tu-berlin.de>
PT,Buildings,2050,0.75,,Fraction,European Commission: District heating and cooling in the European Union (see assumption and/or calculation file),10.09.2025,Nikita Moskalenko <nim@wip.tu-berlin.de>
PT,Buildings,2055,0.75,,Fraction,European Commission: District heating and cooling in the European Union (see assumption and/or calculation file),10.09.2025,Nikita Moskalenko <nim@wip.tu-berlin.de>
PT,Buildings,2060,0.75,,Fraction,European Commission: District heating and cooling in the European Union (see assumption and/or calculation file),10.09.2025,Nikita Moskalenko <nim@wip.tu-berlin.de>
RO,Buildings,2018,1,,Fraction,European Commission: District heating and cooling in the European Union (see assumption and/or calculation file),10.09.2025,Nikita Moskalenko <nim@wip.tu-berlin.de>
RO,Buildings,2020,1,,Fraction,European Commission: District heating and cooling in the European Union (see assumption and/or calculation file),10.09.2025,Nikita Moskalenko <nim@wip.tu-berlin.de>
RO,Buildings,2021,1,,Fraction,European Commission: District heating and cooling in the European Union (see assumption and/or calculation file),10.09.2025,Nikita Moskalenko <nim@wip.tu-berlin.de>
RO,Buildings,2025,1,,Fraction,European Commission: District heating and cooling in the European Union (see assumption and/or calculation file),10.09.2025,Nikita Moskalenko <nim@wip.tu-berlin.de>
RO,Buildings,2030,0.95,,Fraction,European Commission: District heating and cooling in the European Union (see assumption and/or calculation file),10.09.2025,Nikita Moskalenko <nim@wip.tu-berlin.de>
RO,Buildings,2035,0.9,,Fraction,European Commission: District heating and cooling in the European Union (see assumption and/or calculation file),10.09.2025,Nikita Moskalenko <nim@wip.tu-berlin.de>
RO,Buildings,2040,0.85,,Fraction,European Commission: District heating and cooling in the European Union (see assumption and/or calculation file),10.09.2025,Nikita Moskalenko <nim@wip.tu-berlin.de>
RO,Buildings,2045,0.8,,Fraction,European Commission: District heating and cooling in the European Union (see assumption and/or calculation file),10.09.2025,Nikita Moskalenko <nim@wip.tu-berlin.de>
RO,Buildings,2050,0.75,,Fraction,European Commission: District heating and cooling in the European Union (see assumption and/or calculation file),10.09.2025,Nikita Moskalenko <nim@wip.tu-berlin.de>
RO,Buildings,2055,0.75,,Fraction,European Commission: District heating and cooling in the European Union (see assumption and/or calculation file),10.09.2025,Nikita Moskalenko <nim@wip.tu-berlin.de>
RO,Buildings,2060,0.75,,Fraction,European Commission: District heating and cooling in the European Union (see assumption and/or calculation file),10.09.2025,Nikita Moskalenko <nim@wip.tu-berlin.de>
SE,Buildings,2018,0.89,,Fraction,European Commission: District heating and cooling in the European Union (see assumption and/or calculation file) + Partner Feedback (165PJ in Buildings),10.09.2025,Nikita Moskalenko <nim@wip.tu-berlin.de>
SE,Buildings,2020,0.89,,Fraction,European Commission: District heating and cooling in the European Union (see assumption and/or calculation file) + Partner Feedback (165PJ in Buildings),10.09.2025,Nikita Moskalenko <nim@wip.tu-berlin.de>
SE,Buildings,2021,0.89,,Fraction,European Commission: District heating and cooling in the European Union (see assumption and/or calculation file) + Partner Feedback (165PJ in Buildings),10.09.2025,Nikita Moskalenko <nim@wip.tu-berlin.de>
SE,Buildings,2025,0.89,,Fraction,European Commission: District heating and cooling in the European Union (see assumption and/or calculation file) + Partner Feedback (165PJ in Buildings),10.09.2025,Nikita Moskalenko <nim@wip.tu-berlin.de>
SE,Buildings,2030,0.85,,Fraction,European Commission: District heating and cooling in the European Union (see assumption and/or calculation file) + Partner Feedback (165PJ in Buildings),10.09.2025,Nikita Moskalenko <nim@wip.tu-berlin.de>
SE,Buildings,2035,0.8,,Fraction,European Commission: District heating and cooling in the European Union (see assumption and/or calculation file) + Partner Feedback (165PJ in Buildings),10.09.2025,Nikita Moskalenko <nim@wip.tu-berlin.de>
SE,Buildings,2040,0.76,,Fraction,European Commission: District heating and cooling in the European Union (see assumption and/or calculation file) + Partner Feedback (165PJ in Buildings),10.09.2025,Nikita Moskalenko <nim@wip.tu-berlin.de>
SE,Buildings,2045,0.71,,Fraction,European Commission: District heating and cooling in the European Union (see assumption and/or calculation file) + Partner Feedback (165PJ in Buildings),10.09.2025,Nikita Moskalenko <nim@wip.tu-berlin.de>
SE,Buildings,2050,0.67,,Fraction,European Commission: District heating and cooling in the European Union (see assumption and/or calculation file) + Partner Feedback (165PJ in Buildings),10.09.2025,Nikita Moskalenko <nim@wip.tu-berlin.de>
SE,Buildings,2055,0.67,,Fraction,European Commission: District heating and cooling in the European Union (see assumption and/or calculation file) + Partner Feedback (165PJ in Buildings),10.09.2025,Nikita Moskalenko <nim@wip.tu-berlin.de>
SE,Buildings,2060,0.67,,Fraction,European Commission: District heating and cooling in the European Union (see assumption and/or calculation file) + Partner Feedback (165PJ in Buildings),10.09.2025,Nikita Moskalenko <nim@wip.tu-berlin.de>
SI,Buildings,2018,0.81,,Fraction,European Commission: District heating and cooling in the European Union (see assumption and/or calculation file),10.09.2025,Nikita Moskalenko <nim@wip.tu-berlin.de>
SI,Buildings,2020,0.81,,Fraction,European Commission: District heating and cooling in the European Union (see assumption and/or calculation file),10.09.2025,Nikita Moskalenko <nim@wip.tu-berlin.de>
SI,Buildings,2021,0.81,,Fraction,European Commission: District heating and cooling in the European Union (see assumption and/or calculation file),10.09.2025,Nikita Moskalenko <nim@wip.tu-berlin.de>
SI,Buildings,2025,0.81,,Fraction,European Commission: District heating and cooling in the European Union (see assumption and/or calculation file),10.09.2025,Nikita Moskalenko <nim@wip.tu-berlin.de>
SI,Buildings,2030,0.77,,Fraction,European Commission: District heating and cooling in the European Union (see assumption and/or calculation file),10.09.2025,Nikita Moskalenko <nim@wip.tu-berlin.de>
SI,Buildings,2035,0.73,,Fraction,European Commission: District heating and cooling in the European Union (see assumption and/or calculation file),10.09.2025,Nikita Moskalenko <nim@wip.tu-berlin.de>
SI,Buildings,2040,0.69,,Fraction,European Commission: District heating and cooling in the European Union (see assumption and/or calculation file),10.09.2025,Nikita Moskalenko <nim@wip.tu-berlin.de>
SI,Buildings,2045,0.65,,Fraction,European Commission: District heating and cooling in the European Union (see assumption and/or calculation file),10.09.2025,Nikita Moskalenko <nim@wip.tu-berlin.de>
SI,Buildings,2050,0.61,,Fraction,European Commission: District heating and cooling in the European Union (see assumption and/or calculation file),10.09.2025,Nikita Moskalenko <nim@wip.tu-berlin.de>
SI,Buildings,2055,0.61,,Fraction,European Commission: District heating and cooling in the European Union (see assumption and/or calculation file),10.09.2025,Nikita Moskalenko <nim@wip.tu-berlin.de>
SI,Buildings,2060,0.61,,Fraction,European Commission: District heating and cooling in the European Union (see assumption and/or calculation file),10.09.2025,Nikita Moskalenko <nim@wip.tu-berlin.de>
SK,Buildings,2018,0.61,,Fraction,European Commission: District heating and cooling in the European Union (see assumption and/or calculation file),10.09.2025,Nikita Moskalenko <nim@wip.tu-berlin.de>
SK,Buildings,2020,0.61,,Fraction,European Commission: District heating and cooling in the European Union (see assumption and/or calculation file),10.09.2025,Nikita Moskalenko <nim@wip.tu-berlin.de>
SK,Buildings,2021,0.61,,Fraction,European Commission: District heating and cooling in the European Union (see assumption and/or calculation file),10.09.2025,Nikita Moskalenko <nim@wip.tu-berlin.de>
SK,Buildings,2025,0.61,,Fraction,European Commission: District heating and cooling in the European Union (see assumption and/or calculation file),10.09.2025,Nikita Moskalenko <nim@wip.tu-berlin.de>
SK,Buildings,2030,0.58,,Fraction,European Commission: District heating and cooling in the European Union (see assumption and/or calculation file),10.09.2025,Nikita Moskalenko <nim@wip.tu-berlin.de>
SK,Buildings,2035,0.55,,Fraction,European Commission: District heating and cooling in the European Union (see assumption and/or calculation file),10.09.2025,Nikita Moskalenko <nim@wip.tu-berlin.de>
SK,Buildings,2040,0.52,,Fraction,European Commission: District heating and cooling in the European Union (see assumption and/or calculation file),10.09.2025,Nikita Moskalenko <nim@wip.tu-berlin.de>
SK,Buildings,2045,0.49,,Fraction,European Commission: District heating and cooling in the European Union (see assumption and/or calculation file),10.09.2025,Nikita Moskalenko <nim@wip.tu-berlin.de>
SK,Buildings,2050,0.46,,Fraction,European Commission: District heating and cooling in the European Union (see assumption and/or calculation file),10.09.2025,Nikita Moskalenko <nim@wip.tu-berlin.de>
SK,Buildings,2055,0.46,,Fraction,European Commission: District heating and cooling in the European Union (see assumption and/or calculation file),10.09.2025,Nikita Moskalenko <nim@wip.tu-berlin.de>
SK,Buildings,2060,0.46,,Fraction,European Commission: District heating and cooling in the European Union (see assumption and/or calculation file),10.09.2025,Nikita Moskalenko <nim@wip.tu-berlin.de>
TR,Buildings,2018,0,,Fraction,European Commission: District heating and cooling in the European Union (see assumption and/or calculation file),10.09.2025,Nikita Moskalenko <nim@wip.tu-berlin.de>
TR,Buildings,2020,0,,Fraction,European Commission: District heating and cooling in the European Union (see assumption and/or calculation file),10.09.2025,Nikita Moskalenko <nim@wip.tu-berlin.de>
TR,Buildings,2021,0,,Fraction,European Commission: District heating and cooling in the European Union (see assumption and/or calculation file),10.09.2025,Nikita Moskalenko <nim@wip.tu-berlin.de>
TR,Buildings,2025,0,,Fraction,European Commission: District heating and cooling in the European Union (see assumption and/or calculation file),10.09.2025,Nikita Moskalenko <nim@wip.tu-berlin.de>
TR,Buildings,2030,0,,Fraction,European Commission: District heating and cooling in the European Union (see assumption and/or calculation file),10.09.2025,Nikita Moskalenko <nim@wip.tu-berlin.de>
TR,Buildings,2035,0,,Fraction,European Commission: District heating and cooling in the European Union (see assumption and/or calculation file),10.09.2025,Nikita Moskalenko <nim@wip.tu-berlin.de>
TR,Buildings,2040,0,,Fraction,European Commission: District heating and cooling in the European Union (see assumption and/or calculation file),10.09.2025,Nikita Moskalenko <nim@wip.tu-berlin.de>
TR,Buildings,2045,0,,Fraction,European Commission: District heating and cooling in the European Union (see assumption and/or calculation file),10.09.2025,Nikita Moskalenko <nim@wip.tu-berlin.de>
TR,Buildings,2050,0,,Fraction,European Commission: District heating and cooling in the European Union (see assumption and/or calculation file),10.09.2025,Nikita Moskalenko <nim@wip.tu-berlin.de>
TR,Buildings,2055,0,,Fraction,European Commission: District heating and cooling in the European Union (see assumption and/or calculation file),10.09.2025,Nikita Moskalenko <nim@wip.tu-berlin.de>
TR,Buildings,2060,0,,Fraction,European Commission: District heating and cooling in the European Union (see assumption and/or calculation file),10.09.2025,Nikita Moskalenko <nim@wip.tu-berlin.de>
UK,Buildings,2018,1,,Fraction,European Commission: District heating and cooling in the European Union (see assumption and/or calculation file),10.09.2025,Nikita Moskalenko <nim@wip.tu-berlin.de>
UK,Buildings,2020,1,,Fraction,European Commission: District heating and cooling in the European Union (see assumption and/or calculation file),10.09.2025,Nikita Moskalenko <nim@wip.tu-berlin.de>
UK,Buildings,2021,1,,Fraction,European Commission: District heating and cooling in the European Union (see assumption and/or calculation file),10.09.2025,Nikita Moskalenko <nim@wip.tu-berlin.de>
UK,Buildings,2025,1,,Fraction,European Commission: District heating and cooling in the European Union (see assumption and/or calculation file),10.09.2025,Nikita Moskalenko <nim@wip.tu-berlin.de>
UK,Buildings,2030,0.95,,Fraction,European Commission: District heating and cooling in the European Union (see assumption and/or calculation file),10.09.2025,Nikita Moskalenko <nim@wip.tu-berlin.de>
UK,Buildings,2035,0.9,,Fraction,European Commission: District heating and cooling in the European Union (see assumption and/or calculation file),10.09.2025,Nikita Moskalenko <nim@wip.tu-berlin.de>
UK,Buildings,2040,0.85,,Fraction,European Commission: District heating and cooling in the European Union (see assumption and/or calculation file),10.09.2025,Nikita Moskalenko <nim@wip.tu-berlin.de>
UK,Buildings,2045,0.8,,Fraction,European Commission: District heating and cooling in the European Union (see assumption and/or calculation file),10.09.2025,Nikita Moskalenko <nim@wip.tu-berlin.de>
UK,Buildings,2050,0.75,,Fraction,European Commission: District heating and cooling in the European Union (see assumption and/or calculation file),10.09.2025,Nikita Moskalenko <nim@wip.tu-berlin.de>
UK,Buildings,2055,0.75,,Fraction,European Commission: District heating and cooling in the European Union (see assumption and/or calculation file),10.09.2025,Nikita Moskalenko <nim@wip.tu-berlin.de>
UK,Buildings,2060,0.75,,Fraction,European Commission: District heating and cooling in the European Union (see assumption and/or calculation file),10.09.2025,Nikita Moskalenko <nim@wip.tu-berlin.de>
AT,Industry,2018,0.16,,Fraction,European Commission: District heating and cooling in the European Union (see assumption and/or calculation file),10.09.2025,Nikita Moskalenko <nim@wip.tu-berlin.de>
AT,Industry,2020,0.16,,Fraction,European Commission: District heating and cooling in the European Union (see assumption and/or calculation file),10.09.2025,Nikita Moskalenko <nim@wip.tu-berlin.de>
AT,Industry,2021,0.16,,Fraction,European Commission: District heating and cooling in the European Union (see assumption and/or calculation file),10.09.2025,Nikita Moskalenko <nim@wip.tu-berlin.de>
AT,Industry,2025,0.16,,Fraction,European Commission: District heating and cooling in the European Union (see assumption and/or calculation file),10.09.2025,Nikita Moskalenko <nim@wip.tu-berlin.de>
AT,Industry,2030,0.15,,Fraction,European Commission: District heating and cooling in the European Union (see assumption and/or calculation file),10.09.2025,Nikita Moskalenko <nim@wip.tu-berlin.de>
AT,Industry,2035,0.14,,Fraction,European Commission: District heating and cooling in the European Union (see assumption and/or calculation file),10.09.2025,Nikita Moskalenko <nim@wip.tu-berlin.de>
AT,Industry,2040,0.14,,Fraction,European Commission: District heating and cooling in the European Union (see assumption and/or calculation file),10.09.2025,Nikita Moskalenko <nim@wip.tu-berlin.de>
AT,Industry,2045,0.13,,Fraction,European Commission: District heating and cooling in the European Union (see assumption and/or calculation file),10.09.2025,Nikita Moskalenko <nim@wip.tu-berlin.de>
AT,Industry,2050,0.12,,Fraction,European Commission: District heating and cooling in the European Union (see assumption and/or calculation file),10.09.2025,Nikita Moskalenko <nim@wip.tu-berlin.de>
AT,Industry,2055,0.12,,Fraction,European Commission: District heating and cooling in the European Union (see assumption and/or calculation file),10.09.2025,Nikita Moskalenko <nim@wip.tu-berlin.de>
AT,Industry,2060,0.12,,Fraction,European Commission: District heating and cooling in the European Union (see assumption and/or calculation file),10.09.2025,Nikita Moskalenko <nim@wip.tu-berlin.de>
BE,Industry,2018,0.27,,Fraction,European Commission: District heating and cooling in the European Union (see assumption and/or calculation file),10.09.2025,Nikita Moskalenko <nim@wip.tu-berlin.de>
BE,Industry,2020,0.27,,Fraction,European Commission: District heating and cooling in the European Union (see assumption and/or calculation file),10.09.2025,Nikita Moskalenko <nim@wip.tu-berlin.de>
BE,Industry,2021,0.27,,Fraction,European Commission: District heating and cooling in the European Union (see assumption and/or calculation file),10.09.2025,Nikita Moskalenko <nim@wip.tu-berlin.de>
BE,Industry,2025,0.27,,Fraction,European Commission: District heating and cooling in the European Union (see assumption and/or calculation file),10.09.2025,Nikita Moskalenko <nim@wip.tu-berlin.de>
BE,Industry,2030,0.26,,Fraction,European Commission: District heating and cooling in the European Union (see assumption and/or calculation file),10.09.2025,Nikita Moskalenko <nim@wip.tu-berlin.de>
BE,Industry,2035,0.24,,Fraction,European Commission: District heating and cooling in the European Union (see assumption and/or calculation file),10.09.2025,Nikita Moskalenko <nim@wip.tu-berlin.de>
BE,Industry,2040,0.23,,Fraction,European Commission: District heating and cooling in the European Union (see assumption and/or calculation file),10.09.2025,Nikita Moskalenko <nim@wip.tu-berlin.de>
BE,Industry,2045,0.22,,Fraction,European Commission: District heating and cooling in the European Union (see assumption and/or calculation file),10.09.2025,Nikita Moskalenko <nim@wip.tu-berlin.de>
BE,Industry,2050,0.2,,Fraction,European Commission: District heating and cooling in the European Union (see assumption and/or calculation file),10.09.2025,Nikita Moskalenko <nim@wip.tu-berlin.de>
BE,Industry,2055,0.2,,Fraction,European Commission: District heating and cooling in the European Union (see assumption and/or calculation file),10.09.2025,Nikita Moskalenko <nim@wip.tu-berlin.de>
BE,Industry,2060,0.2,,Fraction,European Commission: District heating and cooling in the European Union (see assumption and/or calculation file),10.09.2025,Nikita Moskalenko <nim@wip.tu-berlin.de>
BG,Industry,2018,0.11,,Fraction,European Commission: District heating and cooling in the European Union (see assumption and/or calculation file),10.09.2025,Nikita Moskalenko <nim@wip.tu-berlin.de>
BG,Industry,2020,0.11,,Fraction,European Commission: District heating and cooling in the European Union (see assumption and/or calculation file),10.09.2025,Nikita Moskalenko <nim@wip.tu-berlin.de>
BG,Industry,2021,0.11,,Fraction,European Commission: District heating and cooling in the European Union (see assumption and/or calculation file),10.09.2025,Nikita Moskalenko <nim@wip.tu-berlin.de>
BG,Industry,2025,0.11,,Fraction,European Commission: District heating and cooling in the European Union (see assumption and/or calculation file),10.09.2025,Nikita Moskalenko <nim@wip.tu-berlin.de>
BG,Industry,2030,0.1,,Fraction,European Commission: District heating and cooling in the European Union (see assumption and/or calculation file),10.09.2025,Nikita Moskalenko <nim@wip.tu-berlin.de>
BG,Industry,2035,0.1,,Fraction,European Commission: District heating and cooling in the European Union (see assumption and/or calculation file),10.09.2025,Nikita Moskalenko <nim@wip.tu-berlin.de>
BG,Industry,2040,0.09,,Fraction,European Commission: District heating and cooling in the European Union (see assumption and/or calculation file),10.09.2025,Nikita Moskalenko <nim@wip.tu-berlin.de>
BG,Industry,2045,0.09,,Fraction,European Commission: District heating and cooling in the European Union (see assumption and/or calculation file),10.09.2025,Nikita Moskalenko <nim@wip.tu-berlin.de>
BG,Industry,2050,0.08,,Fraction,European Commission: District heating and cooling in the European Union (see assumption and/or calculation file),10.09.2025,Nikita Moskalenko <nim@wip.tu-berlin.de>
BG,Industry,2055,0.08,,Fraction,European Commission: District heating and cooling in the European Union (see assumption and/or calculation file),10.09.2025,Nikita Moskalenko <nim@wip.tu-berlin.de>
BG,Industry,2060,0.08,,Fraction,European Commission: District heating and cooling in the European Union (see assumption and/or calculation file),10.09.2025,Nikita Moskalenko <nim@wip.tu-berlin.de>
CH,Industry,2018,0,,Fraction,European Commission: District heating and cooling in the European Union (see assumption and/or calculation file),10.09.2025,Nikita Moskalenko <nim@wip.tu-berlin.de>
CH,Industry,2020,0,,Fraction,European Commission: District heating and cooling in the European Union (see assumption and/or calculation file),10.09.2025,Nikita Moskalenko <nim@wip.tu-berlin.de>
CH,Industry,2021,0,,Fraction,European Commission: District heating and cooling in the European Union (see assumption and/or calculation file),10.09.2025,Nikita Moskalenko <nim@wip.tu-berlin.de>
CH,Industry,2025,0,,Fraction,European Commission: District heating and cooling in the European Union (see assumption and/or calculation file),10.09.2025,Nikita Moskalenko <nim@wip.tu-berlin.de>
CH,Industry,2030,0,,Fraction,European Commission: District heating and cooling in the European Union (see assumption and/or calculation file),10.09.2025,Nikita Moskalenko <nim@wip.tu-berlin.de>
CH,Industry,2035,0,,Fraction,European Commission: District heating and cooling in the European Union (see assumption and/or calculation file),10.09.2025,Nikita Moskalenko <nim@wip.tu-berlin.de>
CH,Industry,2040,0,,Fraction,European Commission: District heating and cooling in the European Union (see assumption and/or calculation file),10.09.2025,Nikita Moskalenko <nim@wip.tu-berlin.de>
CH,Industry,2045,0,,Fraction,European Commission: District heating and cooling in the European Union (see assumption and/or calculation file),10.09.2025,Nikita Moskalenko <nim@wip.tu-berlin.de>
CH,Industry,2050,0,,Fraction,European Commission: District heating and cooling in the European Union (see assumption and/or calculation file),10.09.2025,Nikita Moskalenko <nim@wip.tu-berlin.de>
CH,Industry,2055,0,,Fraction,European Commission: District heating and cooling in the European Union (see assumption and/or calculation file),10.09.2025,Nikita Moskalenko <nim@wip.tu-berlin.de>
CH,Industry,2060,0,,Fraction,European Commission: District heating and cooling in the European Union (see assumption and/or calculation file),10.09.2025,Nikita Moskalenko <nim@wip.tu-berlin.de>
CZ,Industry,2018,0.34,,Fraction,European Commission: District heating and cooling in the European Union (see assumption and/or calculation file),10.09.2025,Nikita Moskalenko <nim@wip.tu-berlin.de>
CZ,Industry,2020,0.34,,Fraction,European Commission: District heating and cooling in the European Union (see assumption and/or calculation file),10.09.2025,Nikita Moskalenko <nim@wip.tu-berlin.de>
CZ,Industry,2021,0.34,,Fraction,European Commission: District heating and cooling in the European Union (see assumption and/or calculation file),10.09.2025,Nikita Moskalenko <nim@wip.tu-berlin.de>
CZ,Industry,2025,0.34,,Fraction,European Commission: District heating and cooling in the European Union (see assumption and/or calculation file),10.09.2025,Nikita Moskalenko <nim@wip.tu-berlin.de>
CZ,Industry,2030,0.32,,Fraction,European Commission: District heating and cooling in the European Union (see assumption and/or calculation file),10.09.2025,Nikita Moskalenko <nim@wip.tu-berlin.de>
CZ,Industry,2035,0.31,,Fraction,European Commission: District heating and cooling in the European Union (see assumption and/or calculation file),10.09.2025,Nikita Moskalenko <nim@wip.tu-berlin.de>
CZ,Industry,2040,0.29,,Fraction,European Commission: District heating and cooling in the European Union (see assumption and/or calculation file),10.09.2025,Nikita Moskalenko <nim@wip.tu-berlin.de>
CZ,Industry,2045,0.27,,Fraction,European Commission: District heating and cooling in the European Union (see assumption and/or calculation file),10.09.2025,Nikita Moskalenko <nim@wip.tu-berlin.de>
CZ,Industry,2050,0.26,,Fraction,European Commission: District heating and cooling in the European Union (see assumption and/or calculation file),10.09.2025,Nikita Moskalenko <nim@wip.tu-berlin.de>
CZ,Industry,2055,0.26,,Fraction,European Commission: District heating and cooling in the European Union (see assumption and/or calculation file),10.09.2025,Nikita Moskalenko <nim@wip.tu-berlin.de>
CZ,Industry,2060,0.26,,Fraction,European Commission: District heating and cooling in the European Union (see assumption and/or calculation file),10.09.2025,Nikita Moskalenko <nim@wip.tu-berlin.de>
DE,Industry,2018,0.22,,Fraction,European Commission: District heating and cooling in the European Union (see assumption and/or calculation file),10.09.2025,Nikita Moskalenko <nim@wip.tu-berlin.de>
DE,Industry,2020,0.22,,Fraction,European Commission: District heating and cooling in the European Union (see assumption and/or calculation file),10.09.2025,Nikita Moskalenko <nim@wip.tu-berlin.de>
DE,Industry,2021,0.22,,Fraction,European Commission: District heating and cooling in the European Union (see assumption and/or calculation file),10.09.2025,Nikita Moskalenko <nim@wip.tu-berlin.de>
DE,Industry,2025,0.22,,Fraction,European Commission: District heating and cooling in the European Union (see assumption and/or calculation file),10.09.2025,Nikita Moskalenko <nim@wip.tu-berlin.de>
DE,Industry,2030,0.21,,Fraction,European Commission: District heating and cooling in the European Union (see assumption and/or calculation file),10.09.2025,Nikita Moskalenko <nim@wip.tu-berlin.de>
DE,Industry,2035,0.2,,Fraction,European Commission: District heating and cooling in the European Union (see assumption and/or calculation file),10.09.2025,Nikita Moskalenko <nim@wip.tu-berlin.de>
DE,Industry,2040,0.19,,Fraction,European Commission: District heating and cooling in the European Union (see assumption and/or calculation file),10.09.2025,Nikita Moskalenko <nim@wip.tu-berlin.de>
DE,Industry,2045,0.18,,Fraction,European Commission: District heating and cooling in the European Union (see assumption and/or calculation file),10.09.2025,Nikita Moskalenko <nim@wip.tu-berlin.de>
DE,Industry,2050,0.17,,Fraction,European Commission: District heating and cooling in the European Union (see assumption and/or calculation file),10.09.2025,Nikita Moskalenko <nim@wip.tu-berlin.de>
DE,Industry,2055,0.17,,Fraction,European Commission: District heating and cooling in the European Union (see assumption and/or calculation file),10.09.2025,Nikita Moskalenko <nim@wip.tu-berlin.de>
DE,Industry,2060,0.17,,Fraction,European Commission: District heating and cooling in the European Union (see assumption and/or calculation file),10.09.2025,Nikita Moskalenko <nim@wip.tu-berlin.de>
DK,Industry,2018,0.05,,Fraction,European Commission: District heating and cooling in the European Union (see assumption and/or calculation file),10.09.2025,Nikita Moskalenko <nim@wip.tu-berlin.de>
DK,Industry,2020,0.05,,Fraction,European Commission: District heating and cooling in the European Union (see assumption and/or calculation file),10.09.2025,Nikita Moskalenko <nim@wip.tu-berlin.de>
DK,Industry,2021,0.05,,Fraction,European Commission: District heating and cooling in the European Union (see assumption and/or calculation file),10.09.2025,Nikita Moskalenko <nim@wip.tu-berlin.de>
DK,Industry,2025,0.05,,Fraction,European Commission: District heating and cooling in the European Union (see assumption and/or calculation file),10.09.2025,Nikita Moskalenko <nim@wip.tu-berlin.de>
DK,Industry,2030,0.05,,Fraction,European Commission: District heating and cooling in the European Union (see assumption and/or calculation file),10.09.2025,Nikita Moskalenko <nim@wip.tu-berlin.de>
DK,Industry,2035,0.05,,Fraction,European Commission: District heating and cooling in the European Union (see assumption and/or calculation file),10.09.2025,Nikita Moskalenko <nim@wip.tu-berlin.de>
DK,Industry,2040,0.04,,Fraction,European Commission: District heating and cooling in the European Union (see assumption and/or calculation file),10.09.2025,Nikita Moskalenko <nim@wip.tu-berlin.de>
DK,Industry,2045,0.04,,Fraction,European Commission: District heating and cooling in the European Union (see assumption and/or calculation file),10.09.2025,Nikita Moskalenko <nim@wip.tu-berlin.de>
DK,Industry,2050,0.04,,Fraction,European Commission: District heating and cooling in the European Union (see assumption and/or calculation file),10.09.2025,Nikita Moskalenko <nim@wip.tu-berlin.de>
DK,Industry,2055,0.04,,Fraction,European Commission: District heating and cooling in the European Union (see assumption and/or calculation file),10.09.2025,Nikita Moskalenko <nim@wip.tu-berlin.de>
DK,Industry,2060,0.04,,Fraction,European Commission: District heating and cooling in the European Union (see assumption and/or calculation file),10.09.2025,Nikita Moskalenko <nim@wip.tu-berlin.de>
EE,Industry,2018,0.08,,Fraction,European Commission: District heating and cooling in the European Union (see assumption and/or calculation file),10.09.2025,Nikita Moskalenko <nim@wip.tu-berlin.de>
EE,Industry,2020,0.08,,Fraction,European Commission: District heating and cooling in the European Union (see assumption and/or calculation file),10.09.2025,Nikita Moskalenko <nim@wip.tu-berlin.de>
EE,Industry,2021,0.08,,Fraction,European Commission: District heating and cooling in the European Union (see assumption and/or calculation file),10.09.2025,Nikita Moskalenko <nim@wip.tu-berlin.de>
EE,Industry,2025,0.08,,Fraction,European Commission: District heating and cooling in the European Union (see assumption and/or calculation file),10.09.2025,Nikita Moskalenko <nim@wip.tu-berlin.de>
EE,Industry,2030,0.08,,Fraction,European Commission: District heating and cooling in the European Union (see assumption and/or calculation file),10.09.2025,Nikita Moskalenko <nim@wip.tu-berlin.de>
EE,Industry,2035,0.07,,Fraction,European Commission: District heating and cooling in the European Union (see assumption and/or calculation file),10.09.2025,Nikita Moskalenko <nim@wip.tu-berlin.de>
EE,Industry,2040,0.07,,Fraction,European Commission: District heating and cooling in the European Union (see assumption and/or calculation file),10.09.2025,Nikita Moskalenko <nim@wip.tu-berlin.de>
EE,Industry,2045,0.06,,Fraction,European Commission: District heating and cooling in the European Union (see assumption and/or calculation file),10.09.2025,Nikita Moskalenko <nim@wip.tu-berlin.de>
EE,Industry,2050,0.06,,Fraction,European Commission: District heating and cooling in the European Union (see assumption and/or calculation file),10.09.2025,Nikita Moskalenko <nim@wip.tu-berlin.de>
EE,Industry,2055,0.06,,Fraction,European Commission: District heating and cooling in the European Union (see assumption and/or calculation file),10.09.2025,Nikita Moskalenko <nim@wip.tu-berlin.de>
EE,Industry,2060,0.06,,Fraction,European Commission: District heating and cooling in the European Union (see assumption and/or calculation file),10.09.2025,Nikita Moskalenko <nim@wip.tu-berlin.de>
ES,Industry,2018,0.22,,Fraction,European Commission: District heating and cooling in the European Union (see assumption and/or calculation file),10.09.2025,Nikita Moskalenko <nim@wip.tu-berlin.de>
ES,Industry,2020,0.22,,Fraction,European Commission: District heating and cooling in the European Union (see assumption and/or calculation file),10.09.2025,Nikita Moskalenko <nim@wip.tu-berlin.de>
ES,Industry,2021,0.22,,Fraction,European Commission: District heating and cooling in the European Union (see assumption and/or calculation file),10.09.2025,Nikita Moskalenko <nim@wip.tu-berlin.de>
ES,Industry,2025,0.22,,Fraction,European Commission: District heating and cooling in the European Union (see assumption and/or calculation file),10.09.2025,Nikita Moskalenko <nim@wip.tu-berlin.de>
ES,Industry,2030,0.21,,Fraction,European Commission: District heating and cooling in the European Union (see assumption and/or calculation file),10.09.2025,Nikita Moskalenko <nim@wip.tu-berlin.de>
ES,Industry,2035,0.2,,Fraction,European Commission: District heating and cooling in the European Union (see assumption and/or calculation file),10.09.2025,Nikita Moskalenko <nim@wip.tu-berlin.de>
ES,Industry,2040,0.19,,Fraction,European Commission: District heating and cooling in the European Union (see assumption and/or calculation file),10.09.2025,Nikita Moskalenko <nim@wip.tu-berlin.de>
ES,Industry,2045,0.18,,Fraction,European Commission: District heating and cooling in the European Union (see assumption and/or calculation file),10.09.2025,Nikita Moskalenko <nim@wip.tu-berlin.de>
ES,Industry,2050,0.17,,Fraction,European Commission: District heating and cooling in the European Union (see assumption and/or calculation file),10.09.2025,Nikita Moskalenko <nim@wip.tu-berlin.de>
ES,Industry,2055,0.17,,Fraction,European Commission: District heating and cooling in the European Union (see assumption and/or calculation file),10.09.2025,Nikita Moskalenko <nim@wip.tu-berlin.de>
ES,Industry,2060,0.17,,Fraction,European Commission: District heating and cooling in the European Union (see assumption and/or calculation file),10.09.2025,Nikita Moskalenko <nim@wip.tu-berlin.de>
FI,Industry,2018,0.09,,Fraction,European Commission: District heating and cooling in the European Union (see assumption and/or calculation file),10.09.2025,Nikita Moskalenko <nim@wip.tu-berlin.de>
FI,Industry,2020,0.09,,Fraction,European Commission: District heating and cooling in the European Union (see assumption and/or calculation file),10.09.2025,Nikita Moskalenko <nim@wip.tu-berlin.de>
FI,Industry,2021,0.09,,Fraction,European Commission: District heating and cooling in the European Union (see assumption and/or calculation file),10.09.2025,Nikita Moskalenko <nim@wip.tu-berlin.de>
FI,Industry,2025,0.09,,Fraction,European Commission: District heating and cooling in the European Union (see assumption and/or calculation file),10.09.2025,Nikita Moskalenko <nim@wip.tu-berlin.de>
FI,Industry,2030,0.09,,Fraction,European Commission: District heating and cooling in the European Union (see assumption and/or calculation file),10.09.2025,Nikita Moskalenko <nim@wip.tu-berlin.de>
FI,Industry,2035,0.08,,Fraction,European Commission: District heating and cooling in the European Union (see assumption and/or calculation file),10.09.2025,Nikita Moskalenko <nim@wip.tu-berlin.de>
FI,Industry,2040,0.08,,Fraction,European Commission: District heating and cooling in the European Union (see assumption and/or calculation file),10.09.2025,Nikita Moskalenko <nim@wip.tu-berlin.de>
FI,Industry,2045,0.07,,Fraction,European Commission: District heating and cooling in the European Union (see assumption and/or calculation file),10.09.2025,Nikita Moskalenko <nim@wip.tu-berlin.de>
FI,Industry,2050,0.07,,Fraction,European Commission: District heating and cooling in the European Union (see assumption and/or calculation file),10.09.2025,Nikita Moskalenko <nim@wip.tu-berlin.de>
FI,Industry,2055,0.07,,Fraction,European Commission: District heating and cooling in the European Union (see assumption and/or calculation file),10.09.2025,Nikita Moskalenko <nim@wip.tu-berlin.de>
FI,Industry,2060,0.07,,Fraction,European Commission: District heating and cooling in the European Union (see assumption and/or calculation file),10.09.2025,Nikita Moskalenko <nim@wip.tu-berlin.de>
FR,Industry,2018,0.13,,Fraction,European Commission: District heating and cooling in the European Union (see assumption and/or calculation file),10.09.2025,Nikita Moskalenko <nim@wip.tu-berlin.de>
FR,Industry,2020,0.13,,Fraction,European Commission: District heating and cooling in the European Union (see assumption and/or calculation file),10.09.2025,Nikita Moskalenko <nim@wip.tu-berlin.de>
FR,Industry,2021,0.13,,Fraction,European Commission: District heating and cooling in the European Union (see assumption and/or calculation file),10.09.2025,Nikita Moskalenko <nim@wip.tu-berlin.de>
FR,Industry,2025,0.13,,Fraction,European Commission: District heating and cooling in the European Union (see assumption and/or calculation file),10.09.2025,Nikita Moskalenko <nim@wip.tu-berlin.de>
FR,Industry,2030,0.12,,Fraction,European Commission: District heating and cooling in the European Union (see assumption and/or calculation file),10.09.2025,Nikita Moskalenko <nim@wip.tu-berlin.de>
FR,Industry,2035,0.12,,Fraction,European Commission: District heating and cooling in the European Union (see assumption and/or calculation file),10.09.2025,Nikita Moskalenko <nim@wip.tu-berlin.de>
FR,Industry,2040,0.11,,Fraction,European Commission: District heating and cooling in the European Union (see assumption and/or calculation file),10.09.2025,Nikita Moskalenko <nim@wip.tu-berlin.de>
FR,Industry,2045,0.1,,Fraction,European Commission: District heating and cooling in the European Union (see assumption and/or calculation file),10.09.2025,Nikita Moskalenko <nim@wip.tu-berlin.de>
FR,Industry,2050,0.1,,Fraction,European Commission: District heating and cooling in the European Union (see assumption and/or calculation file),10.09.2025,Nikita Moskalenko <nim@wip.tu-berlin.de>
FR,Industry,2055,0.1,,Fraction,European Commission: District heating and cooling in the European Union (see assumption and/or calculation file),10.09.2025,Nikita Moskalenko <nim@wip.tu-berlin.de>
FR,Industry,2060,0.1,,Fraction,European Commission: District heating and cooling in the European Union (see assumption and/or calculation file),10.09.2025,Nikita Moskalenko <nim@wip.tu-berlin.de>
GR,Industry,2018,0,,Fraction,European Commission: District heating and cooling in the European Union (see assumption and/or calculation file),10.09.2025,Nikita Moskalenko <nim@wip.tu-berlin.de>
GR,Industry,2020,0,,Fraction,European Commission: District heating and cooling in the European Union (see assumption and/or calculation file),10.09.2025,Nikita Moskalenko <nim@wip.tu-berlin.de>
GR,Industry,2021,0,,Fraction,European Commission: District heating and cooling in the European Union (see assumption and/or calculation file),10.09.2025,Nikita Moskalenko <nim@wip.tu-berlin.de>
GR,Industry,2025,0,,Fraction,European Commission: District heating and cooling in the European Union (see assumption and/or calculation file),10.09.2025,Nikita Moskalenko <nim@wip.tu-berlin.de>
GR,Industry,2030,0,,Fraction,European Commission: District heating and cooling in the European Union (see assumption and/or calculation file),10.09.2025,Nikita Moskalenko <nim@wip.tu-berlin.de>
GR,Industry,2035,0,,Fraction,European Commission: District heating and cooling in the European Union (see assumption and/or calculation file),10.09.2025,Nikita Moskalenko <nim@wip.tu-berlin.de>
GR,Industry,2040,0,,Fraction,European Commission: District heating and cooling in the European Union (see assumption and/or calculation file),10.09.2025,Nikita Moskalenko <nim@wip.tu-berlin.de>
GR,Industry,2045,0,,Fraction,European Commission: District heating and cooling in the European Union (see assumption and/or calculation file),10.09.2025,Nikita Moskalenko <nim@wip.tu-berlin.de>
GR,Industry,2050,0,,Fraction,European Commission: District heating and cooling in the European Union (see assumption and/or calculation file),10.09.2025,Nikita Moskalenko <nim@wip.tu-berlin.de>
GR,Industry,2055,0,,Fraction,European Commission: District heating and cooling in the European Union (see assumption and/or calculation file),10.09.2025,Nikita Moskalenko <nim@wip.tu-berlin.de>
GR,Industry,2060,0,,Fraction,European Commission: District heating and cooling in the European Union (see assumption and/or calculation file),10.09.2025,Nikita Moskalenko <nim@wip.tu-berlin.de>
HR,Industry,2018,0.16,,Fraction,European Commission: District heating and cooling in the European Union (see assumption and/or calculation file),10.09.2025,Nikita Moskalenko <nim@wip.tu-berlin.de>
HR,Industry,2020,0.16,,Fraction,European Commission: District heating and cooling in the European Union (see assumption and/or calculation file),10.09.2025,Nikita Moskalenko <nim@wip.tu-berlin.de>
HR,Industry,2021,0.16,,Fraction,European Commission: District heating and cooling in the European Union (see assumption and/or calculation file),10.09.2025,Nikita Moskalenko <nim@wip.tu-berlin.de>
HR,Industry,2025,0.16,,Fraction,European Commission: District heating and cooling in the European Union (see assumption and/or calculation file),10.09.2025,Nikita Moskalenko <nim@wip.tu-berlin.de>
HR,Industry,2030,0.15,,Fraction,European Commission: District heating and cooling in the European Union (see assumption and/or calculation file),10.09.2025,Nikita Moskalenko <nim@wip.tu-berlin.de>
HR,Industry,2035,0.14,,Fraction,European Commission: District heating and cooling in the European Union (see assumption and/or calculation file),10.09.2025,Nikita Moskalenko <nim@wip.tu-berlin.de>
HR,Industry,2040,0.14,,Fraction,European Commission: District heating and cooling in the European Union (see assumption and/or calculation file),10.09.2025,Nikita Moskalenko <nim@wip.tu-berlin.de>
HR,Industry,2045,0.13,,Fraction,European Commission: District heating and cooling in the European Union (see assumption and/or calculation file),10.09.2025,Nikita Moskalenko <nim@wip.tu-berlin.de>
HR,Industry,2050,0.12,,Fraction,European Commission: District heating and cooling in the European Union (see assumption and/or calculation file),10.09.2025,Nikita Moskalenko <nim@wip.tu-berlin.de>
HR,Industry,2055,0.12,,Fraction,European Commission: District heating and cooling in the European Union (see assumption and/or calculation file),10.09.2025,Nikita Moskalenko <nim@wip.tu-berlin.de>
HR,Industry,2060,0.12,,Fraction,European Commission: District heating and cooling in the European Union (see assumption and/or calculation file),10.09.2025,Nikita Moskalenko <nim@wip.tu-berlin.de>
HU,Industry,2018,0,,Fraction,European Commission: District heating and cooling in the European Union (see assumption and/or calculation file),10.09.2025,Nikita Moskalenko <nim@wip.tu-berlin.de>
HU,Industry,2020,0,,Fraction,European Commission: District heating and cooling in the European Union (see assumption and/or calculation file),10.09.2025,Nikita Moskalenko <nim@wip.tu-berlin.de>
HU,Industry,2021,0,,Fraction,European Commission: District heating and cooling in the European Union (see assumption and/or calculation file),10.09.2025,Nikita Moskalenko <nim@wip.tu-berlin.de>
HU,Industry,2025,0,,Fraction,European Commission: District heating and cooling in the European Union (see assumption and/or calculation file),10.09.2025,Nikita Moskalenko <nim@wip.tu-berlin.de>
HU,Industry,2030,0,,Fraction,European Commission: District heating and cooling in the European Union (see assumption and/or calculation file),10.09.2025,Nikita Moskalenko <nim@wip.tu-berlin.de>
HU,Industry,2035,0,,Fraction,European Commission: District heating and cooling in the European Union (see assumption and/or calculation file),10.09.2025,Nikita Moskalenko <nim@wip.tu-berlin.de>
HU,Industry,2040,0,,Fraction,European Commission: District heating and cooling in the European Union (see assumption and/or calculation file),10.09.2025,Nikita Moskalenko <nim@wip.tu-berlin.de>
HU,Industry,2045,0,,Fraction,European Commission: District heating and cooling in the European Union (see assumption and/or calculation file),10.09.2025,Nikita Moskalenko <nim@wip.tu-berlin.de>
HU,Industry,2050,0,,Fraction,European Commission: District heating and cooling in the European Union (see assumption and/or calculation file),10.09.2025,Nikita Moskalenko <nim@wip.tu-berlin.de>
HU,Industry,2055,0,,Fraction,European Commission: District heating and cooling in the European Union (see assumption and/or calculation file),10.09.2025,Nikita Moskalenko <nim@wip.tu-berlin.de>
HU,Industry,2060,0,,Fraction,European Commission: District heating and cooling in the European Union (see assumption and/or calculation file),10.09.2025,Nikita Moskalenko <nim@wip.tu-berlin.de>
IE,Industry,2018,0,,Fraction,European Commission: District heating and cooling in the European Union (see assumption and/or calculation file),10.09.2025,Nikita Moskalenko <nim@wip.tu-berlin.de>
IE,Industry,2020,0,,Fraction,European Commission: District heating and cooling in the European Union (see assumption and/or calculation file),10.09.2025,Nikita Moskalenko <nim@wip.tu-berlin.de>
IE,Industry,2021,0,,Fraction,European Commission: District heating and cooling in the European Union (see assumption and/or calculation file),10.09.2025,Nikita Moskalenko <nim@wip.tu-berlin.de>
IE,Industry,2025,0,,Fraction,European Commission: District heating and cooling in the European Union (see assumption and/or calculation file),10.09.2025,Nikita Moskalenko <nim@wip.tu-berlin.de>
IE,Industry,2030,0,,Fraction,European Commission: District heating and cooling in the European Union (see assumption and/or calculation file),10.09.2025,Nikita Moskalenko <nim@wip.tu-berlin.de>
IE,Industry,2035,0,,Fraction,European Commission: District heating and cooling in the European Union (see assumption and/or calculation file),10.09.2025,Nikita Moskalenko <nim@wip.tu-berlin.de>
IE,Industry,2040,0,,Fraction,European Commission: District heating and cooling in the European Union (see assumption and/or calculation file),10.09.2025,Nikita Moskalenko <nim@wip.tu-berlin.de>
IE,Industry,2045,0,,Fraction,European Commission: District heating and cooling in the European Union (see assumption and/or calculation file),10.09.2025,Nikita Moskalenko <nim@wip.tu-berlin.de>
IE,Industry,2050,0,,Fraction,European Commission: District heating and cooling in the European Union (see assumption and/or calculation file),10.09.2025,Nikita Moskalenko <nim@wip.tu-berlin.de>
IE,Industry,2055,0,,Fraction,European Commission: District heating and cooling in the European Union (see assumption and/or calculation file),10.09.2025,Nikita Moskalenko <nim@wip.tu-berlin.de>
IE,Industry,2060,0,,Fraction,European Commission: District heating and cooling in the European Union (see assumption and/or calculation file),10.09.2025,Nikita Moskalenko <nim@wip.tu-berlin.de>
IT,Industry,2018,0.03,,Fraction,European Commission: District heating and cooling in the European Union (see assumption and/or calculation file),10.09.2025,Nikita Moskalenko <nim@wip.tu-berlin.de>
IT,Industry,2020,0.03,,Fraction,European Commission: District heating and cooling in the European Union (see assumption and/or calculation file),10.09.2025,Nikita Moskalenko <nim@wip.tu-berlin.de>
IT,Industry,2021,0.03,,Fraction,European Commission: District heating and cooling in the European Union (see assumption and/or calculation file),10.09.2025,Nikita Moskalenko <nim@wip.tu-berlin.de>
IT,Industry,2025,0.03,,Fraction,European Commission: District heating and cooling in the European Union (see assumption and/or calculation file),10.09.2025,Nikita Moskalenko <nim@wip.tu-berlin.de>
IT,Industry,2030,0.03,,Fraction,European Commission: District heating and cooling in the European Union (see assumption and/or calculation file),10.09.2025,Nikita Moskalenko <nim@wip.tu-berlin.de>
IT,Industry,2035,0.03,,Fraction,European Commission: District heating and cooling in the European Union (see assumption and/or calculation file),10.09.2025,Nikita Moskalenko <nim@wip.tu-berlin.de>
IT,Industry,2040,0.03,,Fraction,European Commission: District heating and cooling in the European Union (see assumption and/or calculation file),10.09.2025,Nikita Moskalenko <nim@wip.tu-berlin.de>
IT,Industry,2045,0.02,,Fraction,European Commission: District heating and cooling in the European Union (see assumption and/or calculation file),10.09.2025,Nikita Moskalenko <nim@wip.tu-berlin.de>
IT,Industry,2050,0.02,,Fraction,European Commission: District heating and cooling in the European Union (see assumption and/or calculation file),10.09.2025,Nikita Moskalenko <nim@wip.tu-berlin.de>
IT,Industry,2055,0.02,,Fraction,European Commission: District heating and cooling in the European Union (see assumption and/or calculation file),10.09.2025,Nikita Moskalenko <nim@wip.tu-berlin.de>
IT,Industry,2060,0.02,,Fraction,European Commission: District heating and cooling in the European Union (see assumption and/or calculation file),10.09.2025,Nikita Moskalenko <nim@wip.tu-berlin.de>
LT,Industry,2018,0,,Fraction,European Commission: District heating and cooling in the European Union (see assumption and/or calculation file),10.09.2025,Nikita Moskalenko <nim@wip.tu-berlin.de>
LT,Industry,2020,0,,Fraction,European Commission: District heating and cooling in the European Union (see assumption and/or calculation file),10.09.2025,Nikita Moskalenko <nim@wip.tu-berlin.de>
LT,Industry,2021,0,,Fraction,European Commission: District heating and cooling in the European Union (see assumption and/or calculation file),10.09.2025,Nikita Moskalenko <nim@wip.tu-berlin.de>
LT,Industry,2025,0,,Fraction,European Commission: District heating and cooling in the European Union (see assumption and/or calculation file),10.09.2025,Nikita Moskalenko <nim@wip.tu-berlin.de>
LT,Industry,2030,0,,Fraction,European Commission: District heating and cooling in the European Union (see assumption and/or calculation file),10.09.2025,Nikita Moskalenko <nim@wip.tu-berlin.de>
LT,Industry,2035,0,,Fraction,European Commission: District heating and cooling in the European Union (see assumption and/or calculation file),10.09.2025,Nikita Moskalenko <nim@wip.tu-berlin.de>
LT,Industry,2040,0,,Fraction,European Commission: District heating and cooling in the European Union (see assumption and/or calculation file),10.09.2025,Nikita Moskalenko <nim@wip.tu-berlin.de>
LT,Industry,2045,0,,Fraction,European Commission: District heating and cooling in the European Union (see assumption and/or calculation file),10.09.2025,Nikita Moskalenko <nim@wip.tu-berlin.de>
LT,Industry,2050,0,,Fraction,European Commission: District heating and cooling in the European Union (see assumption and/or calculation file),10.09.2025,Nikita Moskalenko <nim@wip.tu-berlin.de>
LT,Industry,2055,0,,Fraction,European Commission: District heating and cooling in the European Union (see assumption and/or calculation file),10.09.2025,Nikita Moskalenko <nim@wip.tu-berlin.de>
LT,Industry,2060,0,,Fraction,European Commission: District heating and cooling in the European Union (see assumption and/or calculation file),10.09.2025,Nikita Moskalenko <nim@wip.tu-berlin.de>
LU,Industry,2018,0.01,,Fraction,European Commission: District heating and cooling in the European Union (see assumption and/or calculation file),10.09.2025,Nikita Moskalenko <nim@wip.tu-berlin.de>
LU,Industry,2020,0.01,,Fraction,European Commission: District heating and cooling in the European Union (see assumption and/or calculation file),10.09.2025,Nikita Moskalenko <nim@wip.tu-berlin.de>
LU,Industry,2021,0.01,,Fraction,European Commission: District heating and cooling in the European Union (see assumption and/or calculation file),10.09.2025,Nikita Moskalenko <nim@wip.tu-berlin.de>
LU,Industry,2025,0.01,,Fraction,European Commission: District heating and cooling in the European Union (see assumption and/or calculation file),10.09.2025,Nikita Moskalenko <nim@wip.tu-berlin.de>
LU,Industry,2030,0.01,,Fraction,European Commission: District heating and cooling in the European Union (see assumption and/or calculation file),10.09.2025,Nikita Moskalenko <nim@wip.tu-berlin.de>
LU,Industry,2035,0.01,,Fraction,European Commission: District heating and cooling in the European Union (see assumption and/or calculation file),10.09.2025,Nikita Moskalenko <nim@wip.tu-berlin.de>
LU,Industry,2040,0.01,,Fraction,European Commission: District heating and cooling in the European Union (see assumption and/or calculation file),10.09.2025,Nikita Moskalenko <nim@wip.tu-berlin.de>
LU,Industry,2045,0.01,,Fraction,European Commission: District heating and cooling in the European Union (see assumption and/or calculation file),10.09.2025,Nikita Moskalenko <nim@wip.tu-berlin.de>
LU,Industry,2050,0.01,,Fraction,European Commission: District heating and cooling in the European Union (see assumption and/or calculation file),10.09.2025,Nikita Moskalenko <nim@wip.tu-berlin.de>
LU,Industry,2055,0.01,,Fraction,European Commission: District heating and cooling in the European Union (see assumption and/or calculation file),10.09.2025,Nikita Moskalenko <nim@wip.tu-berlin.de>
LU,Industry,2060,0.01,,Fraction,European Commission: District heating and cooling in the European Union (see assumption and/or calculation file),10.09.2025,Nikita Moskalenko <nim@wip.tu-berlin.de>
LV,Industry,2018,0.14,,Fraction,European Commission: District heating and cooling in the European Union (see assumption and/or calculation file),10.09.2025,Nikita Moskalenko <nim@wip.tu-berlin.de>
LV,Industry,2020,0.14,,Fraction,European Commission: District heating and cooling in the European Union (see assumption and/or calculation file),10.09.2025,Nikita Moskalenko <nim@wip.tu-berlin.de>
LV,Industry,2021,0.14,,Fraction,European Commission: District heating and cooling in the European Union (see assumption and/or calculation file),10.09.2025,Nikita Moskalenko <nim@wip.tu-berlin.de>
LV,Industry,2025,0.14,,Fraction,European Commission: District heating and cooling in the European Union (see assumption and/or calculation file),10.09.2025,Nikita Moskalenko <nim@wip.tu-berlin.de>
LV,Industry,2030,0.13,,Fraction,European Commission: District heating and cooling in the European Union (see assumption and/or calculation file),10.09.2025,Nikita Moskalenko <nim@wip.tu-berlin.de>
LV,Industry,2035,0.13,,Fraction,European Commission: District heating and cooling in the European Union (see assumption and/or calculation file),10.09.2025,Nikita Moskalenko <nim@wip.tu-berlin.de>
LV,Industry,2040,0.12,,Fraction,European Commission: District heating and cooling in the European Union (see assumption and/or calculation file),10.09.2025,Nikita Moskalenko <nim@wip.tu-berlin.de>
LV,Industry,2045,0.11,,Fraction,European Commission: District heating and cooling in the European Union (see assumption and/or calculation file),10.09.2025,Nikita Moskalenko <nim@wip.tu-berlin.de>
LV,Industry,2050,0.11,,Fraction,European Commission: District heating and cooling in the European Union (see assumption and/or calculation file),10.09.2025,Nikita Moskalenko <nim@wip.tu-berlin.de>
LV,Industry,2055,0.11,,Fraction,European Commission: District heating and cooling in the European Union (see assumption and/or calculation file),10.09.2025,Nikita Moskalenko <nim@wip.tu-berlin.de>
LV,Industry,2060,0.11,,Fraction,European Commission: District heating and cooling in the European Union (see assumption and/or calculation file),10.09.2025,Nikita Moskalenko <nim@wip.tu-berlin.de>
NL,Industry,2018,0.21,,Fraction,European Commission: District heating and cooling in the European Union (see assumption and/or calculation file),10.09.2025,Nikita Moskalenko <nim@wip.tu-berlin.de>
NL,Industry,2020,0.21,,Fraction,European Commission: District heating and cooling in the European Union (see assumption and/or calculation file),10.09.2025,Nikita Moskalenko <nim@wip.tu-berlin.de>
NL,Industry,2021,0.21,,Fraction,European Commission: District heating and cooling in the European Union (see assumption and/or calculation file),10.09.2025,Nikita Moskalenko <nim@wip.tu-berlin.de>
NL,Industry,2025,0.21,,Fraction,European Commission: District heating and cooling in the European Union (see assumption and/or calculation file),10.09.2025,Nikita Moskalenko <nim@wip.tu-berlin.de>
NL,Industry,2030,0.2,,Fraction,European Commission: District heating and cooling in the European Union (see assumption and/or calculation file),10.09.2025,Nikita Moskalenko <nim@wip.tu-berlin.de>
NL,Industry,2035,0.19,,Fraction,European Commission: District heating and cooling in the European Union (see assumption and/or calculation file),10.09.2025,Nikita Moskalenko <nim@wip.tu-berlin.de>
NL,Industry,2040,0.18,,Fraction,European Commission: District heating and cooling in the European Union (see assumption and/or calculation file),10.09.2025,Nikita Moskalenko <nim@wip.tu-berlin.de>
NL,Industry,2045,0.17,,Fraction,European Commission: District heating and cooling in the European Union (see assumption and/or calculation file),10.09.2025,Nikita Moskalenko <nim@wip.tu-berlin.de>
NL,Industry,2050,0.16,,Fraction,European Commission: District heating and cooling in the European Union (see assumption and/or calculation file),10.09.2025,Nikita Moskalenko <nim@wip.tu-berlin.de>
NL,Industry,2055,0.16,,Fraction,European Commission: District heating and cooling in the European Union (see assumption and/or calculation file),10.09.2025,Nikita Moskalenko <nim@wip.tu-berlin.de>
NL,Industry,2060,0.16,,Fraction,European Commission: District heating and cooling in the European Union (see assumption and/or calculation file),10.09.2025,Nikita Moskalenko <nim@wip.tu-berlin.de>
NO,Industry,2018,0.14,,Fraction,European Commission: District heating and cooling in the European Union (see assumption and/or calculation file),10.09.2025,Nikita Moskalenko <nim@wip.tu-berlin.de>
NO,Industry,2020,0.14,,Fraction,European Commission: District heating and cooling in the European Union (see assumption and/or calculation file),10.09.2025,Nikita Moskalenko <nim@wip.tu-berlin.de>
NO,Industry,2021,0.14,,Fraction,European Commission: District heating and cooling in the European Union (see assumption and/or calculation file),10.09.2025,Nikita Moskalenko <nim@wip.tu-berlin.de>
NO,Industry,2025,0.14,,Fraction,European Commission: District heating and cooling in the European Union (see assumption and/or calculation file),10.09.2025,Nikita Moskalenko <nim@wip.tu-berlin.de>
NO,Industry,2030,0.13,,Fraction,European Commission: District heating and cooling in the European Union (see assumption and/or calculation file),10.09.2025,Nikita Moskalenko <nim@wip.tu-berlin.de>
NO,Industry,2035,0.13,,Fraction,European Commission: District heating and cooling in the European Union (see assumption and/or calculation file),10.09.2025,Nikita Moskalenko <nim@wip.tu-berlin.de>
NO,Industry,2040,0.12,,Fraction,European Commission: District heating and cooling in the European Union (see assumption and/or calculation file),10.09.2025,Nikita Moskalenko <nim@wip.tu-berlin.de>
NO,Industry,2045,0.11,,Fraction,European Commission: District heating and cooling in the European Union (see assumption and/or calculation file),10.09.2025,Nikita Moskalenko <nim@wip.tu-berlin.de>
NO,Industry,2050,0.11,,Fraction,European Commission: District heating and cooling in the European Union (see assumption and/or calculation file),10.09.2025,Nikita Moskalenko <nim@wip.tu-berlin.de>
NO,Industry,2055,0.11,,Fraction,European Commission: District heating and cooling in the European Union (see assumption and/or calculation file),10.09.2025,Nikita Moskalenko <nim@wip.tu-berlin.de>
NO,Industry,2060,0.11,,Fraction,European Commission: District heating and cooling in the European Union (see assumption and/or calculation file),10.09.2025,Nikita Moskalenko <nim@wip.tu-berlin.de>
NONEU_Balkan,Industry,2018,0,,Fraction,European Commission: District heating and cooling in the European Union (see assumption and/or calculation file),10.09.2025,Nikita Moskalenko <nim@wip.tu-berlin.de>
NONEU_Balkan,Industry,2020,0,,Fraction,European Commission: District heating and cooling in the European Union (see assumption and/or calculation file),10.09.2025,Nikita Moskalenko <nim@wip.tu-berlin.de>
NONEU_Balkan,Industry,2021,0,,Fraction,European Commission: District heating and cooling in the European Union (see assumption and/or calculation file),10.09.2025,Nikita Moskalenko <nim@wip.tu-berlin.de>
NONEU_Balkan,Industry,2025,0,,Fraction,European Commission: District heating and cooling in the European Union (see assumption and/or calculation file),10.09.2025,Nikita Moskalenko <nim@wip.tu-berlin.de>
NONEU_Balkan,Industry,2030,0,,Fraction,European Commission: District heating and cooling in the European Union (see assumption and/or calculation file),10.09.2025,Nikita Moskalenko <nim@wip.tu-berlin.de>
NONEU_Balkan,Industry,2035,0,,Fraction,European Commission: District heating and cooling in the European Union (see assumption and/or calculation file),10.09.2025,Nikita Moskalenko <nim@wip.tu-berlin.de>
NONEU_Balkan,Industry,2040,0,,Fraction,European Commission: District heating and cooling in the European Union (see assumption and/or calculation file),10.09.2025,Nikita Moskalenko <nim@wip.tu-berlin.de>
NONEU_Balkan,Industry,2045,0,,Fraction,European Commission: District heating and cooling in the European Union (see assumption and/or calculation file),10.09.2025,Nikita Moskalenko <nim@wip.tu-berlin.de>
NONEU_Balkan,Industry,2050,0,,Fraction,European Commission: District heating and cooling in the European Union (see assumption and/or calculation file),10.09.2025,Nikita Moskalenko <nim@wip.tu-berlin.de>
NONEU_Balkan,Industry,2055,0,,Fraction,European Commission: District heating and cooling in the European Union (see assumption and/or calculation file),10.09.2025,Nikita Moskalenko <nim@wip.tu-berlin.de>
NONEU_Balkan,Industry,2060,0,,Fraction,European Commission: District heating and cooling in the European Union (see assumption and/or calculation file),10.09.2025,Nikita Moskalenko <nim@wip.tu-berlin.de>
PL,Industry,2018,0.15,,Fraction,European Commission: District heating and cooling in the European Union (see assumption and/or calculation file),10.09.2025,Nikita Moskalenko <nim@wip.tu-berlin.de>
PL,Industry,2020,0.15,,Fraction,European Commission: District heating and cooling in the European Union (see assumption and/or calculation file),10.09.2025,Nikita Moskalenko <nim@wip.tu-berlin.de>
PL,Industry,2021,0.15,,Fraction,European Commission: District heating and cooling in the European Union (see assumption and/or calculation file),10.09.2025,Nikita Moskalenko <nim@wip.tu-berlin.de>
PL,Industry,2025,0.15,,Fraction,European Commission: District heating and cooling in the European Union (see assumption and/or calculation file),10.09.2025,Nikita Moskalenko <nim@wip.tu-berlin.de>
PL,Industry,2030,0.14,,Fraction,European Commission: District heating and cooling in the European Union (see assumption and/or calculation file),10.09.2025,Nikita Moskalenko <nim@wip.tu-berlin.de>
PL,Industry,2035,0.14,,Fraction,European Commission: District heating and cooling in the European Union (see assumption and/or calculation file),10.09.2025,Nikita Moskalenko <nim@wip.tu-berlin.de>
PL,Industry,2040,0.13,,Fraction,European Commission: District heating and cooling in the European Union (see assumption and/or calculation file),10.09.2025,Nikita Moskalenko <nim@wip.tu-berlin.de>
PL,Industry,2045,0.12,,Fraction,European Commission: District heating and cooling in the European Union (see assumption and/or calculation file),10.09.2025,Nikita Moskalenko <nim@wip.tu-berlin.de>
PL,Industry,2050,0.11,,Fraction,European Commission: District heating and cooling in the European Union (see assumption and/or calculation file),10.09.2025,Nikita Moskalenko <nim@wip.tu-berlin.de>
PL,Industry,2055,0.11,,Fraction,European Commission: District heating and cooling in the European Union (see assumption and/or calculation file),10.09.2025,Nikita Moskalenko <nim@wip.tu-berlin.de>
PL,Industry,2060,0.11,,Fraction,European Commission: District heating and cooling in the European Union (see assumption and/or calculation file),10.09.2025,Nikita Moskalenko <nim@wip.tu-berlin.de>
PT,Industry,2018,0,,Fraction,European Commission: District heating and cooling in the European Union (see assumption and/or calculation file),10.09.2025,Nikita Moskalenko <nim@wip.tu-berlin.de>
PT,Industry,2020,0,,Fraction,European Commission: District heating and cooling in the European Union (see assumption and/or calculation file),10.09.2025,Nikita Moskalenko <nim@wip.tu-berlin.de>
PT,Industry,2021,0,,Fraction,European Commission: District heating and cooling in the European Union (see assumption and/or calculation file),10.09.2025,Nikita Moskalenko <nim@wip.tu-berlin.de>
PT,Industry,2025,0,,Fraction,European Commission: District heating and cooling in the European Union (see assumption and/or calculation file),10.09.2025,Nikita Moskalenko <nim@wip.tu-berlin.de>
PT,Industry,2030,0,,Fraction,European Commission: District heating and cooling in the European Union (see assumption and/or calculation file),10.09.2025,Nikita Moskalenko <nim@wip.tu-berlin.de>
PT,Industry,2035,0,,Fraction,European Commission: District heating and cooling in the European Union (see assumption and/or calculation file),10.09.2025,Nikita Moskalenko <nim@wip.tu-berlin.de>
PT,Industry,2040,0,,Fraction,European Commission: District heating and cooling in the European Union (see assumption and/or calculation file),10.09.2025,Nikita Moskalenko <nim@wip.tu-berlin.de>
PT,Industry,2045,0,,Fraction,European Commission: District heating and cooling in the European Union (see assumption and/or calculation file),10.09.2025,Nikita Moskalenko <nim@wip.tu-berlin.de>
PT,Industry,2050,0,,Fraction,European Commission: District heating and cooling in the European Union (see assumption and/or calculation file),10.09.2025,Nikita Moskalenko <nim@wip.tu-berlin.de>
PT,Industry,2055,0,,Fraction,European Commission: District heating and cooling in the European Union (see assumption and/or calculation file),10.09.2025,Nikita Moskalenko <nim@wip.tu-berlin.de>
PT,Industry,2060,0,,Fraction,European Commission: District heating and cooling in the European Union (see assumption and/or calculation file),10.09.2025,Nikita Moskalenko <nim@wip.tu-berlin.de>
RO,Industry,2018,0,,Fraction,European Commission: District heating and cooling in the European Union (see assumption and/or calculation file),10.09.2025,Nikita Moskalenko <nim@wip.tu-berlin.de>
RO,Industry,2020,0,,Fraction,European Commission: District heating and cooling in the European Union (see assumption and/or calculation file),10.09.2025,Nikita Moskalenko <nim@wip.tu-berlin.de>
RO,Industry,2021,0,,Fraction,European Commission: District heating and cooling in the European Union (see assumption and/or calculation file),10.09.2025,Nikita Moskalenko <nim@wip.tu-berlin.de>
RO,Industry,2025,0,,Fraction,European Commission: District heating and cooling in the European Union (see assumption and/or calculation file),10.09.2025,Nikita Moskalenko <nim@wip.tu-berlin.de>
RO,Industry,2030,0,,Fraction,European Commission: District heating and cooling in the European Union (see assumption and/or calculation file),10.09.2025,Nikita Moskalenko <nim@wip.tu-berlin.de>
RO,Industry,2035,0,,Fraction,European Commission: District heating and cooling in the European Union (see assumption and/or calculation file),10.09.2025,Nikita Moskalenko <nim@wip.tu-berlin.de>
RO,Industry,2040,0,,Fraction,European Commission: District heating and cooling in the European Union (see assumption and/or calculation file),10.09.2025,Nikita Moskalenko <nim@wip.tu-berlin.de>
RO,Industry,2045,0,,Fraction,European Commission: District heating and cooling in the European Union (see assumption and/or calculation file),10.09.2025,Nikita Moskalenko <nim@wip.tu-berlin.de>
RO,Industry,2050,0,,Fraction,European Commission: District heating and cooling in the European Union (see assumption and/or calculation file),10.09.2025,Nikita Moskalenko <nim@wip.tu-berlin.de>
RO,Industry,2055,0,,Fraction,European Commission: District heating and cooling in the European Union (see assumption and/or calculation file),10.09.2025,Nikita Moskalenko <nim@wip.tu-berlin.de>
RO,Industry,2060,0,,Fraction,European Commission: District heating and cooling in the European Union (see assumption and/or calculation file),10.09.2025,Nikita Moskalenko <nim@wip.tu-berlin.de>
SE,Industry,2018,0.11,,Fraction,European Commission: District heating and cooling in the European Union (see assumption and/or calculation file) + Partner Feedback (165PJ in Buildings),10.09.2025,Nikita Moskalenko <nim@wip.tu-berlin.de>
SE,Industry,2020,0.11,,Fraction,European Commission: District heating and cooling in the European Union (see assumption and/or calculation file) + Partner Feedback (165PJ in Buildings),10.09.2025,Nikita Moskalenko <nim@wip.tu-berlin.de>
SE,Industry,2021,0.11,,Fraction,European Commission: District heating and cooling in the European Union (see assumption and/or calculation file) + Partner Feedback (165PJ in Buildings),10.09.2025,Nikita Moskalenko <nim@wip.tu-berlin.de>
SE,Industry,2025,0.11,,Fraction,European Commission: District heating and cooling in the European Union (see assumption and/or calculation file) + Partner Feedback (165PJ in Buildings),10.09.2025,Nikita Moskalenko <nim@wip.tu-berlin.de>
SE,Industry,2030,0.1,,Fraction,European Commission: District heating and cooling in the European Union (see assumption and/or calculation file) + Partner Feedback (165PJ in Buildings),10.09.2025,Nikita Moskalenko <nim@wip.tu-berlin.de>
SE,Industry,2035,0.1,,Fraction,European Commission: District heating and cooling in the European Union (see assumption and/or calculation file) + Partner Feedback (165PJ in Buildings),10.09.2025,Nikita Moskalenko <nim@wip.tu-berlin.de>
SE,Industry,2040,0.09,,Fraction,European Commission: District heating and cooling in the European Union (see assumption and/or calculation file) + Partner Feedback (165PJ in Buildings),10.09.2025,Nikita Moskalenko <nim@wip.tu-berlin.de>
SE,Industry,2045,0.09,,Fraction,European Commission: District heating and cooling in the European Union (see assumption and/or calculation file) + Partner Feedback (165PJ in Buildings),10.09.2025,Nikita Moskalenko <nim@wip.tu-berlin.de>
SE,Industry,2050,0.08,,Fraction,European Commission: District heating and cooling in the European Union (see assumption and/or calculation file) + Partner Feedback (165PJ in Buildings),10.09.2025,Nikita Moskalenko <nim@wip.tu-berlin.de>
SE,Industry,2055,0.08,,Fraction,European Commission: District heating and cooling in the European Union (see assumption and/or calculation file) + Partner Feedback (165PJ in Buildings),10.09.2025,Nikita Moskalenko <nim@wip.tu-berlin.de>
SE,Industry,2060,0.08,,Fraction,European Commission: District heating and cooling in the European Union (see assumption and/or calculation file) + Partner Feedback (165PJ in Buildings),10.09.2025,Nikita Moskalenko <nim@wip.tu-berlin.de>
SI,Industry,2018,0.19,,Fraction,European Commission: District heating and cooling in the European Union (see assumption and/or calculation file),10.09.2025,Nikita Moskalenko <nim@wip.tu-berlin.de>
SI,Industry,2020,0.19,,Fraction,European Commission: District heating and cooling in the European Union (see assumption and/or calculation file),10.09.2025,Nikita Moskalenko <nim@wip.tu-berlin.de>
SI,Industry,2021,0.19,,Fraction,European Commission: District heating and cooling in the European Union (see assumption and/or calculation file),10.09.2025,Nikita Moskalenko <nim@wip.tu-berlin.de>
SI,Industry,2025,0.19,,Fraction,European Commission: District heating and cooling in the European Union (see assumption and/or calculation file),10.09.2025,Nikita Moskalenko <nim@wip.tu-berlin.de>
SI,Industry,2030,0.18,,Fraction,European Commission: District heating and cooling in the European Union (see assumption and/or calculation file),10.09.2025,Nikita Moskalenko <nim@wip.tu-berlin.de>
SI,Industry,2035,0.17,,Fraction,European Commission: District heating and cooling in the European Union (see assumption and/or calculation file),10.09.2025,Nikita Moskalenko <nim@wip.tu-berlin.de>
SI,Industry,2040,0.16,,Fraction,European Commission: District heating and cooling in the European Union (see assumption and/or calculation file),10.09.2025,Nikita Moskalenko <nim@wip.tu-berlin.de>
SI,Industry,2045,0.15,,Fraction,European Commission: District heating and cooling in the European Union (see assumption and/or calculation file),10.09.2025,Nikita Moskalenko <nim@wip.tu-berlin.de>
SI,Industry,2050,0.14,,Fraction,European Commission: District heating and cooling in the European Union (see assumption and/or calculation file),10.09.2025,Nikita Moskalenko <nim@wip.tu-berlin.de>
SI,Industry,2055,0.14,,Fraction,European Commission: District heating and cooling in the European Union (see assumption and/or calculation file),10.09.2025,Nikita Moskalenko <nim@wip.tu-berlin.de>
SI,Industry,2060,0.14,,Fraction,European Commission: District heating and cooling in the European Union (see assumption and/or calculation file),10.09.2025,Nikita Moskalenko <nim@wip.tu-berlin.de>
SK,Industry,2018,0.39,,Fraction,European Commission: District heating and cooling in the European Union (see assumption and/or calculation file),10.09.2025,Nikita Moskalenko <nim@wip.tu-berlin.de>
SK,Industry,2020,0.39,,Fraction,European Commission: District heating and cooling in the European Union (see assumption and/or calculation file),10.09.2025,Nikita Moskalenko <nim@wip.tu-berlin.de>
SK,Industry,2021,0.39,,Fraction,European Commission: District heating and cooling in the European Union (see assumption and/or calculation file),10.09.2025,Nikita Moskalenko <nim@wip.tu-berlin.de>
SK,Industry,2025,0.39,,Fraction,European Commission: District heating and cooling in the European Union (see assumption and/or calculation file),10.09.2025,Nikita Moskalenko <nim@wip.tu-berlin.de>
SK,Industry,2030,0.37,,Fraction,European Commission: District heating and cooling in the European Union (see assumption and/or calculation file),10.09.2025,Nikita Moskalenko <nim@wip.tu-berlin.de>
SK,Industry,2035,0.35,,Fraction,European Commission: District heating and cooling in the European Union (see assumption and/or calculation file),10.09.2025,Nikita Moskalenko <nim@wip.tu-berlin.de>
SK,Industry,2040,0.33,,Fraction,European Commission: District heating and cooling in the European Union (see assumption and/or calculation file),10.09.2025,Nikita Moskalenko <nim@wip.tu-berlin.de>
SK,Industry,2045,0.31,,Fraction,European Commission: District heating and cooling in the European Union (see assumption and/or calculation file),10.09.2025,Nikita Moskalenko <nim@wip.tu-berlin.de>
SK,Industry,2050,0.29,,Fraction,European Commission: District heating and cooling in the European Union (see assumption and/or calculation file),10.09.2025,Nikita Moskalenko <nim@wip.tu-berlin.de>
SK,Industry,2055,0.29,,Fraction,European Commission: District heating and cooling in the European Union (see assumption and/or calculation file),10.09.2025,Nikita Moskalenko <nim@wip.tu-berlin.de>
SK,Industry,2060,0.29,,Fraction,European Commission: District heating and cooling in the European Union (see assumption and/or calculation file),10.09.2025,Nikita Moskalenko <nim@wip.tu-berlin.de>
TR,Industry,2018,0,,Fraction,European Commission: District heating and cooling in the European Union (see assumption and/or calculation file),10.09.2025,Nikita Moskalenko <nim@wip.tu-berlin.de>
TR,Industry,2020,0,,Fraction,European Commission: District heating and cooling in the European Union (see assumption and/or calculation file),10.09.2025,Nikita Moskalenko <nim@wip.tu-berlin.de>
TR,Industry,2021,0,,Fraction,European Commission: District heating and cooling in the European Union (see assumption and/or calculation file),10.09.2025,Nikita Moskalenko <nim@wip.tu-berlin.de>
TR,Industry,2025,0,,Fraction,European Commission: District heating and cooling in the European Union (see assumption and/or calculation file),10.09.2025,Nikita Moskalenko <nim@wip.tu-berlin.de>
TR,Industry,2030,0,,Fraction,European Commission: District heating and cooling in the European Union (see assumption and/or calculation file),10.09.2025,Nikita Moskalenko <nim@wip.tu-berlin.de>
TR,Industry,2035,0,,Fraction,European Commission: District heating and cooling in the European Union (see assumption and/or calculation file),10.09.2025,Nikita Moskalenko <nim@wip.tu-berlin.de>
TR,Industry,2040,0,,Fraction,European Commission: District heating and cooling in the European Union (see assumption and/or calculation file),10.09.2025,Nikita Moskalenko <nim@wip.tu-berlin.de>
TR,Industry,2045,0,,Fraction,European Commission: District heating and cooling in the European Union (see assumption and/or calculation file),10.09.2025,Nikita Moskalenko <nim@wip.tu-berlin.de>
TR,Industry,2050,0,,Fraction,European Commission: District heating and cooling in the European Union (see assumption and/or calculation file),10.09.2025,Nikita Moskalenko <nim@wip.tu-berlin.de>
TR,Industry,2055,0,,Fraction,European Commission: District heating and cooling in the European Union (see assumption and/or calculation file),10.09.2025,Nikita Moskalenko <nim@wip.tu-berlin.de>
TR,Industry,2060,0,,Fraction,European Commission: District heating and cooling in the European Union (see assumption and/or calculation file),10.09.2025,Nikita Moskalenko <nim@wip.tu-berlin.de>
UK,Industry,2018,0,,Fraction,European Commission: District heating and cooling in the European Union (see assumption and/or calculation file),10.09.2025,Nikita Moskalenko <nim@wip.tu-berlin.de>
UK,Industry,2020,0,,Fraction,European Commission: District heating and cooling in the European Union (see assumption and/or calculation file),10.09.2025,Nikita Moskalenko <nim@wip.tu-berlin.de>
UK,Industry,2021,0,,Fraction,European Commission: District heating and cooling in the European Union (see assumption and/or calculation file),10.09.2025,Nikita Moskalenko <nim@wip.tu-berlin.de>
UK,Industry,2025,0,,Fraction,European Commission: District heating and cooling in the European Union (see assumption and/or calculation file),10.09.2025,Nikita Moskalenko <nim@wip.tu-berlin.de>
UK,Industry,2030,0,,Fraction,European Commission: District heating and cooling in the European Union (see assumption and/or calculation file),10.09.2025,Nikita Moskalenko <nim@wip.tu-berlin.de>
UK,Industry,2035,0,,Fraction,European Commission: District heating and cooling in the European Union (see assumption and/or calculation file),10.09.2025,Nikita Moskalenko <nim@wip.tu-berlin.de>
UK,Industry,2040,0,,Fraction,European Commission: District heating and cooling in the European Union (see assumption and/or calculation file),10.09.2025,Nikita Moskalenko <nim@wip.tu-berlin.de>
UK,Industry,2045,0,,Fraction,European Commission: District heating and cooling in the European Union (see assumption and/or calculation file),10.09.2025,Nikita Moskalenko <nim@wip.tu-berlin.de>
UK,Industry,2050,0,,Fraction,European Commission: District heating and cooling in the European Union (see assumption and/or calculation file),10.09.2025,Nikita Moskalenko <nim@wip.tu-berlin.de>
UK,Industry,2055,0,,Fraction,European Commission: District heating and cooling in the European Union (see assumption and/or calculation file),10.09.2025,Nikita Moskalenko <nim@wip.tu-berlin.de>
UK,Industry,2060,0,,Fraction,European Commission: District heating and cooling in the European Union (see assumption and/or calculation file),10.09.2025,Nikita Moskalenko <nim@wip.tu-berlin.de>
AT,Buildings,2026,0.832,,Fraction,interpolated,10.09.2025,Nikita Moskalenko <nim@wip.tu-berlin.de>
AT,Buildings,2027,0.824,,Fraction,interpolated,10.09.2025,Nikita Moskalenko <nim@wip.tu-berlin.de>
AT,Buildings,2028,0.816,,Fraction,interpolated,10.09.2025,Nikita Moskalenko <nim@wip.tu-berlin.de>
AT,Buildings,2029,0.808,,Fraction,interpolated,10.09.2025,Nikita Moskalenko <nim@wip.tu-berlin.de>
AT,Buildings,2031,0.792,,Fraction,interpolated,10.09.2025,Nikita Moskalenko <nim@wip.tu-berlin.de>
AT,Buildings,2032,0.784,,Fraction,interpolated,10.09.2025,Nikita Moskalenko <nim@wip.tu-berlin.de>
AT,Buildings,2033,0.776,,Fraction,interpolated,10.09.2025,Nikita Moskalenko <nim@wip.tu-berlin.de>
AT,Buildings,2034,0.768,,Fraction,interpolated,10.09.2025,Nikita Moskalenko <nim@wip.tu-berlin.de>
AT,Buildings,2036,0.75,,Fraction,interpolated,10.09.2025,Nikita Moskalenko <nim@wip.tu-berlin.de>
AT,Buildings,2037,0.74,,Fraction,interpolated,10.09.2025,Nikita Moskalenko <nim@wip.tu-berlin.de>
AT,Buildings,2038,0.73,,Fraction,interpolated,10.09.2025,Nikita Moskalenko <nim@wip.tu-berlin.de>
AT,Buildings,2039,0.72,,Fraction,interpolated,10.09.2025,Nikita Moskalenko <nim@wip.tu-berlin.de>
BE,Buildings,2026,0.722,,Fraction,interpolated,10.09.2025,Nikita Moskalenko <nim@wip.tu-berlin.de>
BE,Buildings,2027,0.714,,Fraction,interpolated,10.09.2025,Nikita Moskalenko <nim@wip.tu-berlin.de>
BE,Buildings,2028,0.706,,Fraction,interpolated,10.09.2025,Nikita Moskalenko <nim@wip.tu-berlin.de>
BE,Buildings,2029,0.698,,Fraction,interpolated,10.09.2025,Nikita Moskalenko <nim@wip.tu-berlin.de>
BE,Buildings,2031,0.684,,Fraction,interpolated,10.09.2025,Nikita Moskalenko <nim@wip.tu-berlin.de>
BE,Buildings,2032,0.678,,Fraction,interpolated,10.09.2025,Nikita Moskalenko <nim@wip.tu-berlin.de>
BE,Buildings,2033,0.672,,Fraction,interpolated,10.09.2025,Nikita Moskalenko <nim@wip.tu-berlin.de>
BE,Buildings,2034,0.666,,Fraction,interpolated,10.09.2025,Nikita Moskalenko <nim@wip.tu-berlin.de>
BE,Buildings,2036,0.652,,Fraction,interpolated,10.09.2025,Nikita Moskalenko <nim@wip.tu-berlin.de>
BE,Buildings,2037,0.644,,Fraction,interpolated,10.09.2025,Nikita Moskalenko <nim@wip.tu-berlin.de>
BE,Buildings,2038,0.636,,Fraction,interpolated,10.09.2025,Nikita Moskalenko <nim@wip.tu-berlin.de>
BE,Buildings,2039,0.628,,Fraction,interpolated,10.09.2025,Nikita Moskalenko <nim@wip.tu-berlin.de>
BG,Buildings,2026,0.882,,Fraction,interpolated,10.09.2025,Nikita Moskalenko <nim@wip.tu-berlin.de>
BG,Buildings,2027,0.874,,Fraction,interpolated,10.09.2025,Nikita Moskalenko <nim@wip.tu-berlin.de>
BG,Buildings,2028,0.866,,Fraction,interpolated,10.09.2025,Nikita Moskalenko <nim@wip.tu-berlin.de>
BG,Buildings,2029,0.858,,Fraction,interpolated,10.09.2025,Nikita Moskalenko <nim@wip.tu-berlin.de>
BG,Buildings,2031,0.84,,Fraction,interpolated,10.09.2025,Nikita Moskalenko <nim@wip.tu-berlin.de>
BG,Buildings,2032,0.83,,Fraction,interpolated,10.09.2025,Nikita Moskalenko <nim@wip.tu-berlin.de>
BG,Buildings,2033,0.82,,Fraction,interpolated,10.09.2025,Nikita Moskalenko <nim@wip.tu-berlin.de>
BG,Buildings,2034,0.81,,Fraction,interpolated,10.09.2025,Nikita Moskalenko <nim@wip.tu-berlin.de>
BG,Buildings,2036,0.792,,Fraction,interpolated,10.09.2025,Nikita Moskalenko <nim@wip.tu-berlin.de>
BG,Buildings,2037,0.784,,Fraction,interpolated,10.09.2025,Nikita Moskalenko <nim@wip.tu-berlin.de>
BG,Buildings,2038,0.776,,Fraction,interpolated,10.09.2025,Nikita Moskalenko <nim@wip.tu-berlin.de>
BG,Buildings,2039,0.768,,Fraction,interpolated,10.09.2025,Nikita Moskalenko <nim@wip.tu-berlin.de>
CH,Buildings,2026,0,,Fraction,interpolated,10.09.2025,Nikita Moskalenko <nim@wip.tu-berlin.de>
CH,Buildings,2027,0,,Fraction,interpolated,10.09.2025,Nikita Moskalenko <nim@wip.tu-berlin.de>
CH,Buildings,2028,0,,Fraction,interpolated,10.09.2025,Nikita Moskalenko <nim@wip.tu-berlin.de>
CH,Buildings,2029,0,,Fraction,interpolated,10.09.2025,Nikita Moskalenko <nim@wip.tu-berlin.de>
CH,Buildings,2031,0,,Fraction,interpolated,10.09.2025,Nikita Moskalenko <nim@wip.tu-berlin.de>
CH,Buildings,2032,0,,Fraction,interpolated,10.09.2025,Nikita Moskalenko <nim@wip.tu-berlin.de>
CH,Buildings,2033,0,,Fraction,interpolated,10.09.2025,Nikita Moskalenko <nim@wip.tu-berlin.de>
CH,Buildings,2034,0,,Fraction,interpolated,10.09.2025,Nikita Moskalenko <nim@wip.tu-berlin.de>
CH,Buildings,2036,0,,Fraction,interpolated,10.09.2025,Nikita Moskalenko <nim@wip.tu-berlin.de>
CH,Buildings,2037,0,,Fraction,interpolated,10.09.2025,Nikita Moskalenko <nim@wip.tu-berlin.de>
CH,Buildings,2038,0,,Fraction,interpolated,10.09.2025,Nikita Moskalenko <nim@wip.tu-berlin.de>
CH,Buildings,2039,0,,Fraction,interpolated,10.09.2025,Nikita Moskalenko <nim@wip.tu-berlin.de>
CZ,Buildings,2026,0.654,,Fraction,interpolated,10.09.2025,Nikita Moskalenko <nim@wip.tu-berlin.de>
CZ,Buildings,2027,0.648,,Fraction,interpolated,10.09.2025,Nikita Moskalenko <nim@wip.tu-berlin.de>
CZ,Buildings,2028,0.642,,Fraction,interpolated,10.09.2025,Nikita Moskalenko <nim@wip.tu-berlin.de>
CZ,Buildings,2029,0.636,,Fraction,interpolated,10.09.2025,Nikita Moskalenko <nim@wip.tu-berlin.de>
CZ,Buildings,2031,0.622,,Fraction,interpolated,10.09.2025,Nikita Moskalenko <nim@wip.tu-berlin.de>
CZ,Buildings,2032,0.614,,Fraction,interpolated,10.09.2025,Nikita Moskalenko <nim@wip.tu-berlin.de>
CZ,Buildings,2033,0.606,,Fraction,interpolated,10.09.2025,Nikita Moskalenko <nim@wip.tu-berlin.de>
CZ,Buildings,2034,0.598,,Fraction,interpolated,10.09.2025,Nikita Moskalenko <nim@wip.tu-berlin.de>
CZ,Buildings,2036,0.584,,Fraction,interpolated,10.09.2025,Nikita Moskalenko <nim@wip.tu-berlin.de>
CZ,Buildings,2037,0.578,,Fraction,interpolated,10.09.2025,Nikita Moskalenko <nim@wip.tu-berlin.de>
CZ,Buildings,2038,0.572,,Fraction,interpolated,10.09.2025,Nikita Moskalenko <nim@wip.tu-berlin.de>
CZ,Buildings,2039,0.566,,Fraction,interpolated,10.09.2025,Nikita Moskalenko <nim@wip.tu-berlin.de>
DE,Buildings,2026,0.772,,Fraction,interpolated,10.09.2025,Nikita Moskalenko <nim@wip.tu-berlin.de>
DE,Buildings,2027,0.764,,Fraction,interpolated,10.09.2025,Nikita Moskalenko <nim@wip.tu-berlin.de>
DE,Buildings,2028,0.756,,Fraction,interpolated,10.09.2025,Nikita Moskalenko <nim@wip.tu-berlin.de>
DE,Buildings,2029,0.748,,Fraction,interpolated,10.09.2025,Nikita Moskalenko <nim@wip.tu-berlin.de>
DE,Buildings,2031,0.732,,Fraction,interpolated,10.09.2025,Nikita Moskalenko <nim@wip.tu-berlin.de>
DE,Buildings,2032,0.724,,Fraction,interpolated,10.09.2025,Nikita Moskalenko <nim@wip.tu-berlin.de>
DE,Buildings,2033,0.716,,Fraction,interpolated,10.09.2025,Nikita Moskalenko <nim@wip.tu-berlin.de>
DE,Buildings,2034,0.708,,Fraction,interpolated,10.09.2025,Nikita Moskalenko <nim@wip.tu-berlin.de>
DE,Buildings,2036,0.692,,Fraction,interpolated,10.09.2025,Nikita Moskalenko <nim@wip.tu-berlin.de>
DE,Buildings,2037,0.684,,Fraction,interpolated,10.09.2025,Nikita Moskalenko <nim@wip.tu-berlin.de>
DE,Buildings,2038,0.676,,Fraction,interpolated,10.09.2025,Nikita Moskalenko <nim@wip.tu-berlin.de>
DE,Buildings,2039,0.668,,Fraction,interpolated,10.09.2025,Nikita Moskalenko <nim@wip.tu-berlin.de>
DK,Buildings,2026,0.94,,Fraction,interpolated,10.09.2025,Nikita Moskalenko <nim@wip.tu-berlin.de>
DK,Buildings,2027,0.93,,Fraction,interpolated,10.09.2025,Nikita Moskalenko <nim@wip.tu-berlin.de>
DK,Buildings,2028,0.92,,Fraction,interpolated,10.09.2025,Nikita Moskalenko <nim@wip.tu-berlin.de>
DK,Buildings,2029,0.91,,Fraction,interpolated,10.09.2025,Nikita Moskalenko <nim@wip.tu-berlin.de>
DK,Buildings,2031,0.892,,Fraction,interpolated,10.09.2025,Nikita Moskalenko <nim@wip.tu-berlin.de>
DK,Buildings,2032,0.884,,Fraction,interpolated,10.09.2025,Nikita Moskalenko <nim@wip.tu-berlin.de>
DK,Buildings,2033,0.876,,Fraction,interpolated,10.09.2025,Nikita Moskalenko <nim@wip.tu-berlin.de>
DK,Buildings,2034,0.868,,Fraction,interpolated,10.09.2025,Nikita Moskalenko <nim@wip.tu-berlin.de>
DK,Buildings,2036,0.85,,Fraction,interpolated,10.09.2025,Nikita Moskalenko <nim@wip.tu-berlin.de>
DK,Buildings,2037,0.84,,Fraction,interpolated,10.09.2025,Nikita Moskalenko <nim@wip.tu-berlin.de>
DK,Buildings,2038,0.83,,Fraction,interpolated,10.09.2025,Nikita Moskalenko <nim@wip.tu-berlin.de>
DK,Buildings,2039,0.82,,Fraction,interpolated,10.09.2025,Nikita Moskalenko <nim@wip.tu-berlin.de>
EE,Buildings,2026,0.91,,Fraction,interpolated,10.09.2025,Nikita Moskalenko <nim@wip.tu-berlin.de>
EE,Buildings,2027,0.9,,Fraction,interpolated,10.09.2025,Nikita Moskalenko <nim@wip.tu-berlin.de>
EE,Buildings,2028,0.89,,Fraction,interpolated,10.09.2025,Nikita Moskalenko <nim@wip.tu-berlin.de>
EE,Buildings,2029,0.88,,Fraction,interpolated,10.09.2025,Nikita Moskalenko <nim@wip.tu-berlin.de>
EE,Buildings,2031,0.862,,Fraction,interpolated,10.09.2025,Nikita Moskalenko <nim@wip.tu-berlin.de>
EE,Buildings,2032,0.854,,Fraction,interpolated,10.09.2025,Nikita Moskalenko <nim@wip.tu-berlin.de>
EE,Buildings,2033,0.846,,Fraction,interpolated,10.09.2025,Nikita Moskalenko <nim@wip.tu-berlin.de>
EE,Buildings,2034,0.838,,Fraction,interpolated,10.09.2025,Nikita Moskalenko <nim@wip.tu-berlin.de>
EE,Buildings,2036,0.82,,Fraction,interpolated,10.09.2025,Nikita Moskalenko <nim@wip.tu-berlin.de>
EE,Buildings,2037,0.81,,Fraction,interpolated,10.09.2025,Nikita Moskalenko <nim@wip.tu-berlin.de>
EE,Buildings,2038,0.8,,Fraction,interpolated,10.09.2025,Nikita Moskalenko <nim@wip.tu-berlin.de>
EE,Buildings,2039,0.79,,Fraction,interpolated,10.09.2025,Nikita Moskalenko <nim@wip.tu-berlin.de>
ES,Buildings,2026,0.772,,Fraction,interpolated,10.09.2025,Nikita Moskalenko <nim@wip.tu-berlin.de>
ES,Buildings,2027,0.764,,Fraction,interpolated,10.09.2025,Nikita Moskalenko <nim@wip.tu-berlin.de>
ES,Buildings,2028,0.756,,Fraction,interpolated,10.09.2025,Nikita Moskalenko <nim@wip.tu-berlin.de>
ES,Buildings,2029,0.748,,Fraction,interpolated,10.09.2025,Nikita Moskalenko <nim@wip.tu-berlin.de>
ES,Buildings,2031,0.732,,Fraction,interpolated,10.09.2025,Nikita Moskalenko <nim@wip.tu-berlin.de>
ES,Buildings,2032,0.724,,Fraction,interpolated,10.09.2025,Nikita Moskalenko <nim@wip.tu-berlin.de>
ES,Buildings,2033,0.716,,Fraction,interpolated,10.09.2025,Nikita Moskalenko <nim@wip.tu-berlin.de>
ES,Buildings,2034,0.708,,Fraction,interpolated,10.09.2025,Nikita Moskalenko <nim@wip.tu-berlin.de>
ES,Buildings,2036,0.692,,Fraction,interpolated,10.09.2025,Nikita Moskalenko <nim@wip.tu-berlin.de>
ES,Buildings,2037,0.684,,Fraction,interpolated,10.09.2025,Nikita Moskalenko <nim@wip.tu-berlin.de>
ES,Buildings,2038,0.676,,Fraction,interpolated,10.09.2025,Nikita Moskalenko <nim@wip.tu-berlin.de>
ES,Buildings,2039,0.668,,Fraction,interpolated,10.09.2025,Nikita Moskalenko <nim@wip.tu-berlin.de>
FI,Buildings,2026,0.9,,Fraction,interpolated,10.09.2025,Nikita Moskalenko <nim@wip.tu-berlin.de>
FI,Buildings,2027,0.89,,Fraction,interpolated,10.09.2025,Nikita Moskalenko <nim@wip.tu-berlin.de>
FI,Buildings,2028,0.88,,Fraction,interpolated,10.09.2025,Nikita Moskalenko <nim@wip.tu-berlin.de>
FI,Buildings,2029,0.87,,Fraction,interpolated,10.09.2025,Nikita Moskalenko <nim@wip.tu-berlin.de>
FI,Buildings,2031,0.852,,Fraction,interpolated,10.09.2025,Nikita Moskalenko <nim@wip.tu-berlin.de>
FI,Buildings,2032,0.844,,Fraction,interpolated,10.09.2025,Nikita Moskalenko <nim@wip.tu-berlin.de>
FI,Buildings,2033,0.836,,Fraction,interpolated,10.09.2025,Nikita Moskalenko <nim@wip.tu-berlin.de>
FI,Buildings,2034,0.828,,Fraction,interpolated,10.09.2025,Nikita Moskalenko <nim@wip.tu-berlin.de>
FI,Buildings,2036,0.81,,Fraction,interpolated,10.09.2025,Nikita Moskalenko <nim@wip.tu-berlin.de>
FI,Buildings,2037,0.8,,Fraction,interpolated,10.09.2025,Nikita Moskalenko <nim@wip.tu-berlin.de>
FI,Buildings,2038,0.79,,Fraction,interpolated,10.09.2025,Nikita Moskalenko <nim@wip.tu-berlin.de>
FI,Buildings,2039,0.78,,Fraction,interpolated,10.09.2025,Nikita Moskalenko <nim@wip.tu-berlin.de>
FR,Buildings,2026,0.862,,Fraction,interpolated,10.09.2025,Nikita Moskalenko <nim@wip.tu-berlin.de>
FR,Buildings,2027,0.854,,Fraction,interpolated,10.09.2025,Nikita Moskalenko <nim@wip.tu-berlin.de>
FR,Buildings,2028,0.846,,Fraction,interpolated,10.09.2025,Nikita Moskalenko <nim@wip.tu-berlin.de>
FR,Buildings,2029,0.838,,Fraction,interpolated,10.09.2025,Nikita Moskalenko <nim@wip.tu-berlin.de>
FR,Buildings,2031,0.82,,Fraction,interpolated,10.09.2025,Nikita Moskalenko <nim@wip.tu-berlin.de>
FR,Buildings,2032,0.81,,Fraction,interpolated,10.09.2025,Nikita Moskalenko <nim@wip.tu-berlin.de>
FR,Buildings,2033,0.8,,Fraction,interpolated,10.09.2025,Nikita Moskalenko <nim@wip.tu-berlin.de>
FR,Buildings,2034,0.79,,Fraction,interpolated,10.09.2025,Nikita Moskalenko <nim@wip.tu-berlin.de>
FR,Buildings,2036,0.772,,Fraction,interpolated,10.09.2025,Nikita Moskalenko <nim@wip.tu-berlin.de>
FR,Buildings,2037,0.764,,Fraction,interpolated,10.09.2025,Nikita Moskalenko <nim@wip.tu-berlin.de>
FR,Buildings,2038,0.756,,Fraction,interpolated,10.09.2025,Nikita Moskalenko <nim@wip.tu-berlin.de>
FR,Buildings,2039,0.748,,Fraction,interpolated,10.09.2025,Nikita Moskalenko <nim@wip.tu-berlin.de>
GR,Buildings,2026,0.99,,Fraction,interpolated,10.09.2025,Nikita Moskalenko <nim@wip.tu-berlin.de>
GR,Buildings,2027,0.98,,Fraction,interpolated,10.09.2025,Nikita Moskalenko <nim@wip.tu-berlin.de>
GR,Buildings,2028,0.97,,Fraction,interpolated,10.09.2025,Nikita Moskalenko <nim@wip.tu-berlin.de>
GR,Buildings,2029,0.96,,Fraction,interpolated,10.09.2025,Nikita Moskalenko <nim@wip.tu-berlin.de>
GR,Buildings,2031,0.94,,Fraction,interpolated,10.09.2025,Nikita Moskalenko <nim@wip.tu-berlin.de>
GR,Buildings,2032,0.93,,Fraction,interpolated,10.09.2025,Nikita Moskalenko <nim@wip.tu-berlin.de>
GR,Buildings,2033,0.92,,Fraction,interpolated,10.09.2025,Nikita Moskalenko <nim@wip.tu-berlin.de>
GR,Buildings,2034,0.91,,Fraction,interpolated,10.09.2025,Nikita Moskalenko <nim@wip.tu-berlin.de>
GR,Buildings,2036,0.89,,Fraction,interpolated,10.09.2025,Nikita Moskalenko <nim@wip.tu-berlin.de>
GR,Buildings,2037,0.88,,Fraction,interpolated,10.09.2025,Nikita Moskalenko <nim@wip.tu-berlin.de>
GR,Buildings,2038,0.87,,Fraction,interpolated,10.09.2025,Nikita Moskalenko <nim@wip.tu-berlin.de>
GR,Buildings,2039,0.86,,Fraction,interpolated,10.09.2025,Nikita Moskalenko <nim@wip.tu-berlin.de>
HR,Buildings,2026,0.832,,Fraction,interpolated,10.09.2025,Nikita Moskalenko <nim@wip.tu-berlin.de>
HR,Buildings,2027,0.824,,Fraction,interpolated,10.09.2025,Nikita Moskalenko <nim@wip.tu-berlin.de>
HR,Buildings,2028,0.816,,Fraction,interpolated,10.09.2025,Nikita Moskalenko <nim@wip.tu-berlin.de>
HR,Buildings,2029,0.808,,Fraction,interpolated,10.09.2025,Nikita Moskalenko <nim@wip.tu-berlin.de>
HR,Buildings,2031,0.792,,Fraction,interpolated,10.09.2025,Nikita Moskalenko <nim@wip.tu-berlin.de>
HR,Buildings,2032,0.784,,Fraction,interpolated,10.09.2025,Nikita Moskalenko <nim@wip.tu-berlin.de>
HR,Buildings,2033,0.776,,Fraction,interpolated,10.09.2025,Nikita Moskalenko <nim@wip.tu-berlin.de>
HR,Buildings,2034,0.768,,Fraction,interpolated,10.09.2025,Nikita Moskalenko <nim@wip.tu-berlin.de>
HR,Buildings,2036,0.75,,Fraction,interpolated,10.09.2025,Nikita Moskalenko <nim@wip.tu-berlin.de>
HR,Buildings,2037,0.74,,Fraction,interpolated,10.09.2025,Nikita Moskalenko <nim@wip.tu-berlin.de>
HR,Buildings,2038,0.73,,Fraction,interpolated,10.09.2025,Nikita Moskalenko <nim@wip.tu-berlin.de>
HR,Buildings,2039,0.72,,Fraction,interpolated,10.09.2025,Nikita Moskalenko <nim@wip.tu-berlin.de>
HU,Buildings,2026,0.99,,Fraction,interpolated,10.09.2025,Nikita Moskalenko <nim@wip.tu-berlin.de>
HU,Buildings,2027,0.98,,Fraction,interpolated,10.09.2025,Nikita Moskalenko <nim@wip.tu-berlin.de>
HU,Buildings,2028,0.97,,Fraction,interpolated,10.09.2025,Nikita Moskalenko <nim@wip.tu-berlin.de>
HU,Buildings,2029,0.96,,Fraction,interpolated,10.09.2025,Nikita Moskalenko <nim@wip.tu-berlin.de>
HU,Buildings,2031,0.94,,Fraction,interpolated,10.09.2025,Nikita Moskalenko <nim@wip.tu-berlin.de>
HU,Buildings,2032,0.93,,Fraction,interpolated,10.09.2025,Nikita Moskalenko <nim@wip.tu-berlin.de>
HU,Buildings,2033,0.92,,Fraction,interpolated,10.09.2025,Nikita Moskalenko <nim@wip.tu-berlin.de>
HU,Buildings,2034,0.91,,Fraction,interpolated,10.09.2025,Nikita Moskalenko <nim@wip.tu-berlin.de>
HU,Buildings,2036,0.89,,Fraction,interpolated,10.09.2025,Nikita Moskalenko <nim@wip.tu-berlin.de>
HU,Buildings,2037,0.88,,Fraction,interpolated,10.09.2025,Nikita Moskalenko <nim@wip.tu-berlin.de>
HU,Buildings,2038,0.87,,Fraction,interpolated,10.09.2025,Nikita Moskalenko <nim@wip.tu-berlin.de>
HU,Buildings,2039,0.86,,Fraction,interpolated,10.09.2025,Nikita Moskalenko <nim@wip.tu-berlin.de>
IE,Buildings,2026,0,,Fraction,interpolated,10.09.2025,Nikita Moskalenko <nim@wip.tu-berlin.de>
IE,Buildings,2027,0,,Fraction,interpolated,10.09.2025,Nikita Moskalenko <nim@wip.tu-berlin.de>
IE,Buildings,2028,0,,Fraction,interpolated,10.09.2025,Nikita Moskalenko <nim@wip.tu-berlin.de>
IE,Buildings,2029,0,,Fraction,interpolated,10.09.2025,Nikita Moskalenko <nim@wip.tu-berlin.de>
IE,Buildings,2031,0,,Fraction,interpolated,10.09.2025,Nikita Moskalenko <nim@wip.tu-berlin.de>
IE,Buildings,2032,0,,Fraction,interpolated,10.09.2025,Nikita Moskalenko <nim@wip.tu-berlin.de>
IE,Buildings,2033,0,,Fraction,interpolated,10.09.2025,Nikita Moskalenko <nim@wip.tu-berlin.de>
IE,Buildings,2034,0,,Fraction,interpolated,10.09.2025,Nikita Moskalenko <nim@wip.tu-berlin.de>
IE,Buildings,2036,0,,Fraction,interpolated,10.09.2025,Nikita Moskalenko <nim@wip.tu-berlin.de>
IE,Buildings,2037,0,,Fraction,interpolated,10.09.2025,Nikita Moskalenko <nim@wip.tu-berlin.de>
IE,Buildings,2038,0,,Fraction,interpolated,10.09.2025,Nikita Moskalenko <nim@wip.tu-berlin.de>
IE,Buildings,2039,0,,Fraction,interpolated,10.09.2025,Nikita Moskalenko <nim@wip.tu-berlin.de>
IT,Buildings,2026,0.96,,Fraction,interpolated,10.09.2025,Nikita Moskalenko <nim@wip.tu-berlin.de>
IT,Buildings,2027,0.95,,Fraction,interpolated,10.09.2025,Nikita Moskalenko <nim@wip.tu-berlin.de>
IT,Buildings,2028,0.94,,Fraction,interpolated,10.09.2025,Nikita Moskalenko <nim@wip.tu-berlin.de>
IT,Buildings,2029,0.93,,Fraction,interpolated,10.09.2025,Nikita Moskalenko <nim@wip.tu-berlin.de>
IT,Buildings,2031,0.91,,Fraction,interpolated,10.09.2025,Nikita Moskalenko <nim@wip.tu-berlin.de>
IT,Buildings,2032,0.9,,Fraction,interpolated,10.09.2025,Nikita Moskalenko <nim@wip.tu-berlin.de>
IT,Buildings,2033,0.89,,Fraction,interpolated,10.09.2025,Nikita Moskalenko <nim@wip.tu-berlin.de>
IT,Buildings,2034,0.88,,Fraction,interpolated,10.09.2025,Nikita Moskalenko <nim@wip.tu-berlin.de>
IT,Buildings,2036,0.86,,Fraction,interpolated,10.09.2025,Nikita Moskalenko <nim@wip.tu-berlin.de>
IT,Buildings,2037,0.85,,Fraction,interpolated,10.09.2025,Nikita Moskalenko <nim@wip.tu-berlin.de>
IT,Buildings,2038,0.84,,Fraction,interpolated,10.09.2025,Nikita Moskalenko <nim@wip.tu-berlin.de>
IT,Buildings,2039,0.83,,Fraction,interpolated,10.09.2025,Nikita Moskalenko <nim@wip.tu-berlin.de>
LT,Buildings,2026,0.99,,Fraction,interpolated,10.09.2025,Nikita Moskalenko <nim@wip.tu-berlin.de>
LT,Buildings,2027,0.98,,Fraction,interpolated,10.09.2025,Nikita Moskalenko <nim@wip.tu-berlin.de>
LT,Buildings,2028,0.97,,Fraction,interpolated,10.09.2025,Nikita Moskalenko <nim@wip.tu-berlin.de>
LT,Buildings,2029,0.96,,Fraction,interpolated,10.09.2025,Nikita Moskalenko <nim@wip.tu-berlin.de>
LT,Buildings,2031,0.94,,Fraction,interpolated,10.09.2025,Nikita Moskalenko <nim@wip.tu-berlin.de>
LT,Buildings,2032,0.93,,Fraction,interpolated,10.09.2025,Nikita Moskalenko <nim@wip.tu-berlin.de>
LT,Buildings,2033,0.92,,Fraction,interpolated,10.09.2025,Nikita Moskalenko <nim@wip.tu-berlin.de>
LT,Buildings,2034,0.91,,Fraction,interpolated,10.09.2025,Nikita Moskalenko <nim@wip.tu-berlin.de>
LT,Buildings,2036,0.89,,Fraction,interpolated,10.09.2025,Nikita Moskalenko <nim@wip.tu-berlin.de>
LT,Buildings,2037,0.88,,Fraction,interpolated,10.09.2025,Nikita Moskalenko <nim@wip.tu-berlin.de>
LT,Buildings,2038,0.87,,Fraction,interpolated,10.09.2025,Nikita Moskalenko <nim@wip.tu-berlin.de>
LT,Buildings,2039,0.86,,Fraction,interpolated,10.09.2025,Nikita Moskalenko <nim@wip.tu-berlin.de>
LU,Buildings,2026,0.98,,Fraction,interpolated,10.09.2025,Nikita Moskalenko <nim@wip.tu-berlin.de>
LU,Buildings,2027,0.97,,Fraction,interpolated,10.09.2025,Nikita Moskalenko <nim@wip.tu-berlin.de>
LU,Buildings,2028,0.96,,Fraction,interpolated,10.09.2025,Nikita Moskalenko <nim@wip.tu-berlin.de>
LU,Buildings,2029,0.95,,Fraction,interpolated,10.09.2025,Nikita Moskalenko <nim@wip.tu-berlin.de>
LU,Buildings,2031,0.93,,Fraction,interpolated,10.09.2025,Nikita Moskalenko <nim@wip.tu-berlin.de>
LU,Buildings,2032,0.92,,Fraction,interpolated,10.09.2025,Nikita Moskalenko <nim@wip.tu-berlin.de>
LU,Buildings,2033,0.91,,Fraction,interpolated,10.09.2025,Nikita Moskalenko <nim@wip.tu-berlin.de>
LU,Buildings,2034,0.9,,Fraction,interpolated,10.09.2025,Nikita Moskalenko <nim@wip.tu-berlin.de>
LU,Buildings,2036,0.88,,Fraction,interpolated,10.09.2025,Nikita Moskalenko <nim@wip.tu-berlin.de>
LU,Buildings,2037,0.87,,Fraction,interpolated,10.09.2025,Nikita Moskalenko <nim@wip.tu-berlin.de>
LU,Buildings,2038,0.86,,Fraction,interpolated,10.09.2025,Nikita Moskalenko <nim@wip.tu-berlin.de>
LU,Buildings,2039,0.85,,Fraction,interpolated,10.09.2025,Nikita Moskalenko <nim@wip.tu-berlin.de>
LV,Buildings,2026,0.852,,Fraction,interpolated,10.09.2025,Nikita Moskalenko <nim@wip.tu-berlin.de>
LV,Buildings,2027,0.844,,Fraction,interpolated,10.09.2025,Nikita Moskalenko <nim@wip.tu-berlin.de>
LV,Buildings,2028,0.836,,Fraction,interpolated,10.09.2025,Nikita Moskalenko <nim@wip.tu-berlin.de>
LV,Buildings,2029,0.828,,Fraction,interpolated,10.09.2025,Nikita Moskalenko <nim@wip.tu-berlin.de>
LV,Buildings,2031,0.81,,Fraction,interpolated,10.09.2025,Nikita Moskalenko <nim@wip.tu-berlin.de>
LV,Buildings,2032,0.8,,Fraction,interpolated,10.09.2025,Nikita Moskalenko <nim@wip.tu-berlin.de>
LV,Buildings,2033,0.79,,Fraction,interpolated,10.09.2025,Nikita Moskalenko <nim@wip.tu-berlin.de>
LV,Buildings,2034,0.78,,Fraction,interpolated,10.09.2025,Nikita Moskalenko <nim@wip.tu-berlin.de>
LV,Buildings,2036,0.762,,Fraction,interpolated,10.09.2025,Nikita Moskalenko <nim@wip.tu-berlin.de>
LV,Buildings,2037,0.754,,Fraction,interpolated,10.09.2025,Nikita Moskalenko <nim@wip.tu-berlin.de>
LV,Buildings,2038,0.746,,Fraction,interpolated,10.09.2025,Nikita Moskalenko <nim@wip.tu-berlin.de>
LV,Buildings,2039,0.738,,Fraction,interpolated,10.09.2025,Nikita Moskalenko <nim@wip.tu-berlin.de>
NL,Buildings,2026,0.782,,Fraction,interpolated,10.09.2025,Nikita Moskalenko <nim@wip.tu-berlin.de>
NL,Buildings,2027,0.774,,Fraction,interpolated,10.09.2025,Nikita Moskalenko <nim@wip.tu-berlin.de>
NL,Buildings,2028,0.766,,Fraction,interpolated,10.09.2025,Nikita Moskalenko <nim@wip.tu-berlin.de>
NL,Buildings,2029,0.758,,Fraction,interpolated,10.09.2025,Nikita Moskalenko <nim@wip.tu-berlin.de>
NL,Buildings,2031,0.742,,Fraction,interpolated,10.09.2025,Nikita Moskalenko <nim@wip.tu-berlin.de>
NL,Buildings,2032,0.734,,Fraction,interpolated,10.09.2025,Nikita Moskalenko <nim@wip.tu-berlin.de>
NL,Buildings,2033,0.726,,Fraction,interpolated,10.09.2025,Nikita Moskalenko <nim@wip.tu-berlin.de>
NL,Buildings,2034,0.718,,Fraction,interpolated,10.09.2025,Nikita Moskalenko <nim@wip.tu-berlin.de>
NL,Buildings,2036,0.702,,Fraction,interpolated,10.09.2025,Nikita Moskalenko <nim@wip.tu-berlin.de>
NL,Buildings,2037,0.694,,Fraction,interpolated,10.09.2025,Nikita Moskalenko <nim@wip.tu-berlin.de>
NL,Buildings,2038,0.686,,Fraction,interpolated,10.09.2025,Nikita Moskalenko <nim@wip.tu-berlin.de>
NL,Buildings,2039,0.678,,Fraction,interpolated,10.09.2025,Nikita Moskalenko <nim@wip.tu-berlin.de>
NO,Buildings,2026,0.852,,Fraction,interpolated,10.09.2025,Nikita Moskalenko <nim@wip.tu-berlin.de>
NO,Buildings,2027,0.844,,Fraction,interpolated,10.09.2025,Nikita Moskalenko <nim@wip.tu-berlin.de>
NO,Buildings,2028,0.836,,Fraction,interpolated,10.09.2025,Nikita Moskalenko <nim@wip.tu-berlin.de>
NO,Buildings,2029,0.828,,Fraction,interpolated,10.09.2025,Nikita Moskalenko <nim@wip.tu-berlin.de>
NO,Buildings,2031,0.81,,Fraction,interpolated,10.09.2025,Nikita Moskalenko <nim@wip.tu-berlin.de>
NO,Buildings,2032,0.8,,Fraction,interpolated,10.09.2025,Nikita Moskalenko <nim@wip.tu-berlin.de>
NO,Buildings,2033,0.79,,Fraction,interpolated,10.09.2025,Nikita Moskalenko <nim@wip.tu-berlin.de>
NO,Buildings,2034,0.78,,Fraction,interpolated,10.09.2025,Nikita Moskalenko <nim@wip.tu-berlin.de>
NO,Buildings,2036,0.762,,Fraction,interpolated,10.09.2025,Nikita Moskalenko <nim@wip.tu-berlin.de>
NO,Buildings,2037,0.754,,Fraction,interpolated,10.09.2025,Nikita Moskalenko <nim@wip.tu-berlin.de>
NO,Buildings,2038,0.746,,Fraction,interpolated,10.09.2025,Nikita Moskalenko <nim@wip.tu-berlin.de>
NO,Buildings,2039,0.738,,Fraction,interpolated,10.09.2025,Nikita Moskalenko <nim@wip.tu-berlin.de>
NONEU_Balkan,Buildings,2026,0,,Fraction,interpolated,10.09.2025,Nikita Moskalenko <nim@wip.tu-berlin.de>
NONEU_Balkan,Buildings,2027,0,,Fraction,interpolated,10.09.2025,Nikita Moskalenko <nim@wip.tu-berlin.de>
NONEU_Balkan,Buildings,2028,0,,Fraction,interpolated,10.09.2025,Nikita Moskalenko <nim@wip.tu-berlin.de>
NONEU_Balkan,Buildings,2029,0,,Fraction,interpolated,10.09.2025,Nikita Moskalenko <nim@wip.tu-berlin.de>
NONEU_Balkan,Buildings,2031,0,,Fraction,interpolated,10.09.2025,Nikita Moskalenko <nim@wip.tu-berlin.de>
NONEU_Balkan,Buildings,2032,0,,Fraction,interpolated,10.09.2025,Nikita Moskalenko <nim@wip.tu-berlin.de>
NONEU_Balkan,Buildings,2033,0,,Fraction,interpolated,10.09.2025,Nikita Moskalenko <nim@wip.tu-berlin.de>
NONEU_Balkan,Buildings,2034,0,,Fraction,interpolated,10.09.2025,Nikita Moskalenko <nim@wip.tu-berlin.de>
NONEU_Balkan,Buildings,2036,0,,Fraction,interpolated,10.09.2025,Nikita Moskalenko <nim@wip.tu-berlin.de>
NONEU_Balkan,Buildings,2037,0,,Fraction,interpolated,10.09.2025,Nikita Moskalenko <nim@wip.tu-berlin.de>
NONEU_Balkan,Buildings,2038,0,,Fraction,interpolated,10.09.2025,Nikita Moskalenko <nim@wip.tu-berlin.de>
NONEU_Balkan,Buildings,2039,0,,Fraction,interpolated,10.09.2025,Nikita Moskalenko <nim@wip.tu-berlin.de>
PL,Buildings,2026,0.842,,Fraction,interpolated,10.09.2025,Nikita Moskalenko <nim@wip.tu-berlin.de>
PL,Buildings,2027,0.834,,Fraction,interpolated,10.09.2025,Nikita Moskalenko <nim@wip.tu-berlin.de>
PL,Buildings,2028,0.826,,Fraction,interpolated,10.09.2025,Nikita Moskalenko <nim@wip.tu-berlin.de>
PL,Buildings,2029,0.818,,Fraction,interpolated,10.09.2025,Nikita Moskalenko <nim@wip.tu-berlin.de>
PL,Buildings,2031,0.802,,Fraction,interpolated,10.09.2025,Nikita Moskalenko <nim@wip.tu-berlin.de>
PL,Buildings,2032,0.794,,Fraction,interpolated,10.09.2025,Nikita Moskalenko <nim@wip.tu-berlin.de>
PL,Buildings,2033,0.786,,Fraction,interpolated,10.09.2025,Nikita Moskalenko <nim@wip.tu-berlin.de>
PL,Buildings,2034,0.778,,Fraction,interpolated,10.09.2025,Nikita Moskalenko <nim@wip.tu-berlin.de>
PL,Buildings,2036,0.76,,Fraction,interpolated,10.09.2025,Nikita Moskalenko <nim@wip.tu-berlin.de>
PL,Buildings,2037,0.75,,Fraction,interpolated,10.09.2025,Nikita Moskalenko <nim@wip.tu-berlin.de>
PL,Buildings,2038,0.74,,Fraction,interpolated,10.09.2025,Nikita Moskalenko <nim@wip.tu-berlin.de>
PL,Buildings,2039,0.73,,Fraction,interpolated,10.09.2025,Nikita Moskalenko <nim@wip.tu-berlin.de>
PT,Buildings,2026,0.99,,Fraction,interpolated,10.09.2025,Nikita Moskalenko <nim@wip.tu-berlin.de>
PT,Buildings,2027,0.98,,Fraction,interpolated,10.09.2025,Nikita Moskalenko <nim@wip.tu-berlin.de>
PT,Buildings,2028,0.97,,Fraction,interpolated,10.09.2025,Nikita Moskalenko <nim@wip.tu-berlin.de>
PT,Buildings,2029,0.96,,Fraction,interpolated,10.09.2025,Nikita Moskalenko <nim@wip.tu-berlin.de>
PT,Buildings,2031,0.94,,Fraction,interpolated,10.09.2025,Nikita Moskalenko <nim@wip.tu-berlin.de>
PT,Buildings,2032,0.93,,Fraction,interpolated,10.09.2025,Nikita Moskalenko <nim@wip.tu-berlin.de>
PT,Buildings,2033,0.92,,Fraction,interpolated,10.09.2025,Nikita Moskalenko <nim@wip.tu-berlin.de>
PT,Buildings,2034,0.91,,Fraction,interpolated,10.09.2025,Nikita Moskalenko <nim@wip.tu-berlin.de>
PT,Buildings,2036,0.89,,Fraction,interpolated,10.09.2025,Nikita Moskalenko <nim@wip.tu-berlin.de>
PT,Buildings,2037,0.88,,Fraction,interpolated,10.09.2025,Nikita Moskalenko <nim@wip.tu-berlin.de>
PT,Buildings,2038,0.87,,Fraction,interpolated,10.09.2025,Nikita Moskalenko <nim@wip.tu-berlin.de>
PT,Buildings,2039,0.86,,Fraction,interpolated,10.09.2025,Nikita Moskalenko <nim@wip.tu-berlin.de>
RO,Buildings,2026,0.99,,Fraction,interpolated,10.09.2025,Nikita Moskalenko <nim@wip.tu-berlin.de>
RO,Buildings,2027,0.98,,Fraction,interpolated,10.09.2025,Nikita Moskalenko <nim@wip.tu-berlin.de>
RO,Buildings,2028,0.97,,Fraction,interpolated,10.09.2025,Nikita Moskalenko <nim@wip.tu-berlin.de>
RO,Buildings,2029,0.96,,Fraction,interpolated,10.09.2025,Nikita Moskalenko <nim@wip.tu-berlin.de>
RO,Buildings,2031,0.94,,Fraction,interpolated,10.09.2025,Nikita Moskalenko <nim@wip.tu-berlin.de>
RO,Buildings,2032,0.93,,Fraction,interpolated,10.09.2025,Nikita Moskalenko <nim@wip.tu-berlin.de>
RO,Buildings,2033,0.92,,Fraction,interpolated,10.09.2025,Nikita Moskalenko <nim@wip.tu-berlin.de>
RO,Buildings,2034,0.91,,Fraction,interpolated,10.09.2025,Nikita Moskalenko <nim@wip.tu-berlin.de>
RO,Buildings,2036,0.89,,Fraction,interpolated,10.09.2025,Nikita Moskalenko <nim@wip.tu-berlin.de>
RO,Buildings,2037,0.88,,Fraction,interpolated,10.09.2025,Nikita Moskalenko <nim@wip.tu-berlin.de>
RO,Buildings,2038,0.87,,Fraction,interpolated,10.09.2025,Nikita Moskalenko <nim@wip.tu-berlin.de>
RO,Buildings,2039,0.86,,Fraction,interpolated,10.09.2025,Nikita Moskalenko <nim@wip.tu-berlin.de>
SE,Buildings,2026,0.882,,Fraction,interpolated,10.09.2025,Nikita Moskalenko <nim@wip.tu-berlin.de>
SE,Buildings,2027,0.874,,Fraction,interpolated,10.09.2025,Nikita Moskalenko <nim@wip.tu-berlin.de>
SE,Buildings,2028,0.866,,Fraction,interpolated,10.09.2025,Nikita Moskalenko <nim@wip.tu-berlin.de>
SE,Buildings,2029,0.858,,Fraction,interpolated,10.09.2025,Nikita Moskalenko <nim@wip.tu-berlin.de>
SE,Buildings,2031,0.84,,Fraction,interpolated,10.09.2025,Nikita Moskalenko <nim@wip.tu-berlin.de>
SE,Buildings,2032,0.83,,Fraction,interpolated,10.09.2025,Nikita Moskalenko <nim@wip.tu-berlin.de>
SE,Buildings,2033,0.82,,Fraction,interpolated,10.09.2025,Nikita Moskalenko <nim@wip.tu-berlin.de>
SE,Buildings,2034,0.81,,Fraction,interpolated,10.09.2025,Nikita Moskalenko <nim@wip.tu-berlin.de>
SE,Buildings,2036,0.792,,Fraction,interpolated,10.09.2025,Nikita Moskalenko <nim@wip.tu-berlin.de>
SE,Buildings,2037,0.784,,Fraction,interpolated,10.09.2025,Nikita Moskalenko <nim@wip.tu-berlin.de>
SE,Buildings,2038,0.776,,Fraction,interpolated,10.09.2025,Nikita Moskalenko <nim@wip.tu-berlin.de>
SE,Buildings,2039,0.768,,Fraction,interpolated,10.09.2025,Nikita Moskalenko <nim@wip.tu-berlin.de>
SI,Buildings,2026,0.802,,Fraction,interpolated,10.09.2025,Nikita Moskalenko <nim@wip.tu-berlin.de>
SI,Buildings,2027,0.794,,Fraction,interpolated,10.09.2025,Nikita Moskalenko <nim@wip.tu-berlin.de>
SI,Buildings,2028,0.786,,Fraction,interpolated,10.09.2025,Nikita Moskalenko <nim@wip.tu-berlin.de>
SI,Buildings,2029,0.778,,Fraction,interpolated,10.09.2025,Nikita Moskalenko <nim@wip.tu-berlin.de>
SI,Buildings,2031,0.762,,Fraction,interpolated,10.09.2025,Nikita Moskalenko <nim@wip.tu-berlin.de>
SI,Buildings,2032,0.754,,Fraction,interpolated,10.09.2025,Nikita Moskalenko <nim@wip.tu-berlin.de>
SI,Buildings,2033,0.746,,Fraction,interpolated,10.09.2025,Nikita Moskalenko <nim@wip.tu-berlin.de>
SI,Buildings,2034,0.738,,Fraction,interpolated,10.09.2025,Nikita Moskalenko <nim@wip.tu-berlin.de>
SI,Buildings,2036,0.722,,Fraction,interpolated,10.09.2025,Nikita Moskalenko <nim@wip.tu-berlin.de>
SI,Buildings,2037,0.714,,Fraction,interpolated,10.09.2025,Nikita Moskalenko <nim@wip.tu-berlin.de>
SI,Buildings,2038,0.706,,Fraction,interpolated,10.09.2025,Nikita Moskalenko <nim@wip.tu-berlin.de>
SI,Buildings,2039,0.698,,Fraction,interpolated,10.09.2025,Nikita Moskalenko <nim@wip.tu-berlin.de>
SK,Buildings,2026,0.604,,Fraction,interpolated,10.09.2025,Nikita Moskalenko <nim@wip.tu-berlin.de>
SK,Buildings,2027,0.598,,Fraction,interpolated,10.09.2025,Nikita Moskalenko <nim@wip.tu-berlin.de>
SK,Buildings,2028,0.592,,Fraction,interpolated,10.09.2025,Nikita Moskalenko <nim@wip.tu-berlin.de>
SK,Buildings,2029,0.586,,Fraction,interpolated,10.09.2025,Nikita Moskalenko <nim@wip.tu-berlin.de>
SK,Buildings,2031,0.574,,Fraction,interpolated,10.09.2025,Nikita Moskalenko <nim@wip.tu-berlin.de>
SK,Buildings,2032,0.568,,Fraction,interpolated,10.09.2025,Nikita Moskalenko <nim@wip.tu-berlin.de>
SK,Buildings,2033,0.562,,Fraction,interpolated,10.09.2025,Nikita Moskalenko <nim@wip.tu-berlin.de>
SK,Buildings,2034,0.556,,Fraction,interpolated,10.09.2025,Nikita Moskalenko <nim@wip.tu-berlin.de>
SK,Buildings,2036,0.544,,Fraction,interpolated,10.09.2025,Nikita Moskalenko <nim@wip.tu-berlin.de>
SK,Buildings,2037,0.538,,Fraction,interpolated,10.09.2025,Nikita Moskalenko <nim@wip.tu-berlin.de>
SK,Buildings,2038,0.532,,Fraction,interpolated,10.09.2025,Nikita Moskalenko <nim@wip.tu-berlin.de>
SK,Buildings,2039,0.526,,Fraction,interpolated,10.09.2025,Nikita Moskalenko <nim@wip.tu-berlin.de>
TR,Buildings,2026,0,,Fraction,interpolated,10.09.2025,Nikita Moskalenko <nim@wip.tu-berlin.de>
TR,Buildings,2027,0,,Fraction,interpolated,10.09.2025,Nikita Moskalenko <nim@wip.tu-berlin.de>
TR,Buildings,2028,0,,Fraction,interpolated,10.09.2025,Nikita Moskalenko <nim@wip.tu-berlin.de>
TR,Buildings,2029,0,,Fraction,interpolated,10.09.2025,Nikita Moskalenko <nim@wip.tu-berlin.de>
TR,Buildings,2031,0,,Fraction,interpolated,10.09.2025,Nikita Moskalenko <nim@wip.tu-berlin.de>
TR,Buildings,2032,0,,Fraction,interpolated,10.09.2025,Nikita Moskalenko <nim@wip.tu-berlin.de>
TR,Buildings,2033,0,,Fraction,interpolated,10.09.2025,Nikita Moskalenko <nim@wip.tu-berlin.de>
TR,Buildings,2034,0,,Fraction,interpolated,10.09.2025,Nikita Moskalenko <nim@wip.tu-berlin.de>
TR,Buildings,2036,0,,Fraction,interpolated,10.09.2025,Nikita Moskalenko <nim@wip.tu-berlin.de>
TR,Buildings,2037,0,,Fraction,interpolated,10.09.2025,Nikita Moskalenko <nim@wip.tu-berlin.de>
TR,Buildings,2038,0,,Fraction,interpolated,10.09.2025,Nikita Moskalenko <nim@wip.tu-berlin.de>
TR,Buildings,2039,0,,Fraction,interpolated,10.09.2025,Nikita Moskalenko <nim@wip.tu-berlin.de>
UK,Buildings,2026,0.99,,Fraction,interpolated,10.09.2025,Nikita Moskalenko <nim@wip.tu-berlin.de>
UK,Buildings,2027,0.98,,Fraction,interpolated,10.09.2025,Nikita Moskalenko <nim@wip.tu-berlin.de>
UK,Buildings,2028,0.97,,Fraction,interpolated,10.09.2025,Nikita Moskalenko <nim@wip.tu-berlin.de>
UK,Buildings,2029,0.96,,Fraction,interpolated,10.09.2025,Nikita Moskalenko <nim@wip.tu-berlin.de>
UK,Buildings,2031,0.94,,Fraction,interpolated,10.09.2025,Nikita Moskalenko <nim@wip.tu-berlin.de>
UK,Buildings,2032,0.93,,Fraction,interpolated,10.09.2025,Nikita Moskalenko <nim@wip.tu-berlin.de>
UK,Buildings,2033,0.92,,Fraction,interpolated,10.09.2025,Nikita Moskalenko <nim@wip.tu-berlin.de>
UK,Buildings,2034,0.91,,Fraction,interpolated,10.09.2025,Nikita Moskalenko <nim@wip.tu-berlin.de>
UK,Buildings,2036,0.89,,Fraction,interpolated,10.09.2025,Nikita Moskalenko <nim@wip.tu-berlin.de>
UK,Buildings,2037,0.88,,Fraction,interpolated,10.09.2025,Nikita Moskalenko <nim@wip.tu-berlin.de>
UK,Buildings,2038,0.87,,Fraction,interpolated,10.09.2025,Nikita Moskalenko <nim@wip.tu-berlin.de>
UK,Buildings,2039,0.86,,Fraction,interpolated,10.09.2025,Nikita Moskalenko <nim@wip.tu-berlin.de>
AT,Industry,2026,0.158,,Fraction,interpolated,10.09.2025,Nikita Moskalenko <nim@wip.tu-berlin.de>
AT,Industry,2027,0.156,,Fraction,interpolated,10.09.2025,Nikita Moskalenko <nim@wip.tu-berlin.de>
AT,Industry,2028,0.154,,Fraction,interpolated,10.09.2025,Nikita Moskalenko <nim@wip.tu-berlin.de>
AT,Industry,2029,0.152,,Fraction,interpolated,10.09.2025,Nikita Moskalenko <nim@wip.tu-berlin.de>
AT,Industry,2031,0.148,,Fraction,interpolated,10.09.2025,Nikita Moskalenko <nim@wip.tu-berlin.de>
AT,Industry,2032,0.146,,Fraction,interpolated,10.09.2025,Nikita Moskalenko <nim@wip.tu-berlin.de>
AT,Industry,2033,0.144,,Fraction,interpolated,10.09.2025,Nikita Moskalenko <nim@wip.tu-berlin.de>
AT,Industry,2034,0.142,,Fraction,interpolated,10.09.2025,Nikita Moskalenko <nim@wip.tu-berlin.de>
AT,Industry,2036,0.14,,Fraction,interpolated,10.09.2025,Nikita Moskalenko <nim@wip.tu-berlin.de>
AT,Industry,2037,0.14,,Fraction,interpolated,10.09.2025,Nikita Moskalenko <nim@wip.tu-berlin.de>
AT,Industry,2038,0.14,,Fraction,interpolated,10.09.2025,Nikita Moskalenko <nim@wip.tu-berlin.de>
AT,Industry,2039,0.14,,Fraction,interpolated,10.09.2025,Nikita Moskalenko <nim@wip.tu-berlin.de>
BE,Industry,2026,0.268,,Fraction,interpolated,10.09.2025,Nikita Moskalenko <nim@wip.tu-berlin.de>
BE,Industry,2027,0.266,,Fraction,interpolated,10.09.2025,Nikita Moskalenko <nim@wip.tu-berlin.de>
BE,Industry,2028,0.264,,Fraction,interpolated,10.09.2025,Nikita Moskalenko <nim@wip.tu-berlin.de>
BE,Industry,2029,0.262,,Fraction,interpolated,10.09.2025,Nikita Moskalenko <nim@wip.tu-berlin.de>
BE,Industry,2031,0.256,,Fraction,interpolated,10.09.2025,Nikita Moskalenko <nim@wip.tu-berlin.de>
BE,Industry,2032,0.252,,Fraction,interpolated,10.09.2025,Nikita Moskalenko <nim@wip.tu-berlin.de>
BE,Industry,2033,0.248,,Fraction,interpolated,10.09.2025,Nikita Moskalenko <nim@wip.tu-berlin.de>
BE,Industry,2034,0.244,,Fraction,interpolated,10.09.2025,Nikita Moskalenko <nim@wip.tu-berlin.de>
BE,Industry,2036,0.238,,Fraction,interpolated,10.09.2025,Nikita Moskalenko <nim@wip.tu-berlin.de>
BE,Industry,2037,0.236,,Fraction,interpolated,10.09.2025,Nikita Moskalenko <nim@wip.tu-berlin.de>
BE,Industry,2038,0.234,,Fraction,interpolated,10.09.2025,Nikita Moskalenko <nim@wip.tu-berlin.de>
BE,Industry,2039,0.232,,Fraction,interpolated,10.09.2025,Nikita Moskalenko <nim@wip.tu-berlin.de>
BG,Industry,2026,0.108,,Fraction,interpolated,10.09.2025,Nikita Moskalenko <nim@wip.tu-berlin.de>
BG,Industry,2027,0.106,,Fraction,interpolated,10.09.2025,Nikita Moskalenko <nim@wip.tu-berlin.de>
BG,Industry,2028,0.104,,Fraction,interpolated,10.09.2025,Nikita Moskalenko <nim@wip.tu-berlin.de>
BG,Industry,2029,0.102,,Fraction,interpolated,10.09.2025,Nikita Moskalenko <nim@wip.tu-berlin.de>
BG,Industry,2031,0.1,,Fraction,interpolated,10.09.2025,Nikita Moskalenko <nim@wip.tu-berlin.de>
BG,Industry,2032,0.1,,Fraction,interpolated,10.09.2025,Nikita Moskalenko <nim@wip.tu-berlin.de>
BG,Industry,2033,0.1,,Fraction,interpolated,10.09.2025,Nikita Moskalenko <nim@wip.tu-berlin.de>
BG,Industry,2034,0.1,,Fraction,interpolated,10.09.2025,Nikita Moskalenko <nim@wip.tu-berlin.de>
BG,Industry,2036,0.098,,Fraction,interpolated,10.09.2025,Nikita Moskalenko <nim@wip.tu-berlin.de>
BG,Industry,2037,0.096,,Fraction,interpolated,10.09.2025,Nikita Moskalenko <nim@wip.tu-berlin.de>
BG,Industry,2038,0.094,,Fraction,interpolated,10.09.2025,Nikita Moskalenko <nim@wip.tu-berlin.de>
BG,Industry,2039,0.092,,Fraction,interpolated,10.09.2025,Nikita Moskalenko <nim@wip.tu-berlin.de>
CH,Industry,2026,0,,Fraction,interpolated,10.09.2025,Nikita Moskalenko <nim@wip.tu-berlin.de>
CH,Industry,2027,0,,Fraction,interpolated,10.09.2025,Nikita Moskalenko <nim@wip.tu-berlin.de>
CH,Industry,2028,0,,Fraction,interpolated,10.09.2025,Nikita Moskalenko <nim@wip.tu-berlin.de>
CH,Industry,2029,0,,Fraction,interpolated,10.09.2025,Nikita Moskalenko <nim@wip.tu-berlin.de>
CH,Industry,2031,0,,Fraction,interpolated,10.09.2025,Nikita Moskalenko <nim@wip.tu-berlin.de>
CH,Industry,2032,0,,Fraction,interpolated,10.09.2025,Nikita Moskalenko <nim@wip.tu-berlin.de>
CH,Industry,2033,0,,Fraction,interpolated,10.09.2025,Nikita Moskalenko <nim@wip.tu-berlin.de>
CH,Industry,2034,0,,Fraction,interpolated,10.09.2025,Nikita Moskalenko <nim@wip.tu-berlin.de>
CH,Industry,2036,0,,Fraction,interpolated,10.09.2025,Nikita Moskalenko <nim@wip.tu-berlin.de>
CH,Industry,2037,0,,Fraction,interpolated,10.09.2025,Nikita Moskalenko <nim@wip.tu-berlin.de>
CH,Industry,2038,0,,Fraction,interpolated,10.09.2025,Nikita Moskalenko <nim@wip.tu-berlin.de>
CH,Industry,2039,0,,Fraction,interpolated,10.09.2025,Nikita Moskalenko <nim@wip.tu-berlin.de>
CZ,Industry,2026,0.336,,Fraction,interpolated,10.09.2025,Nikita Moskalenko <nim@wip.tu-berlin.de>
CZ,Industry,2027,0.332,,Fraction,interpolated,10.09.2025,Nikita Moskalenko <nim@wip.tu-berlin.de>
CZ,Industry,2028,0.328,,Fraction,interpolated,10.09.2025,Nikita Moskalenko <nim@wip.tu-berlin.de>
CZ,Industry,2029,0.324,,Fraction,interpolated,10.09.2025,Nikita Moskalenko <nim@wip.tu-berlin.de>
CZ,Industry,2031,0.318,,Fraction,interpolated,10.09.2025,Nikita Moskalenko <nim@wip.tu-berlin.de>
CZ,Industry,2032,0.316,,Fraction,interpolated,10.09.2025,Nikita Moskalenko <nim@wip.tu-berlin.de>
CZ,Industry,2033,0.314,,Fraction,interpolated,10.09.2025,Nikita Moskalenko <nim@wip.tu-berlin.de>
CZ,Industry,2034,0.312,,Fraction,interpolated,10.09.2025,Nikita Moskalenko <nim@wip.tu-berlin.de>
CZ,Industry,2036,0.306,,Fraction,interpolated,10.09.2025,Nikita Moskalenko <nim@wip.tu-berlin.de>
CZ,Industry,2037,0.302,,Fraction,interpolated,10.09.2025,Nikita Moskalenko <nim@wip.tu-berlin.de>
CZ,Industry,2038,0.298,,Fraction,interpolated,10.09.2025,Nikita Moskalenko <nim@wip.tu-berlin.de>
CZ,Industry,2039,0.294,,Fraction,interpolated,10.09.2025,Nikita Moskalenko <nim@wip.tu-berlin.de>
DE,Industry,2026,0.218,,Fraction,interpolated,10.09.2025,Nikita Moskalenko <nim@wip.tu-berlin.de>
DE,Industry,2027,0.216,,Fraction,interpolated,10.09.2025,Nikita Moskalenko <nim@wip.tu-berlin.de>
DE,Industry,2028,0.214,,Fraction,interpolated,10.09.2025,Nikita Moskalenko <nim@wip.tu-berlin.de>
DE,Industry,2029,0.212,,Fraction,interpolated,10.09.2025,Nikita Moskalenko <nim@wip.tu-berlin.de>
DE,Industry,2031,0.208,,Fraction,interpolated,10.09.2025,Nikita Moskalenko <nim@wip.tu-berlin.de>
DE,Industry,2032,0.206,,Fraction,interpolated,10.09.2025,Nikita Moskalenko <nim@wip.tu-berlin.de>
DE,Industry,2033,0.204,,Fraction,interpolated,10.09.2025,Nikita Moskalenko <nim@wip.tu-berlin.de>
DE,Industry,2034,0.202,,Fraction,interpolated,10.09.2025,Nikita Moskalenko <nim@wip.tu-berlin.de>
DE,Industry,2036,0.198,,Fraction,interpolated,10.09.2025,Nikita Moskalenko <nim@wip.tu-berlin.de>
DE,Industry,2037,0.196,,Fraction,interpolated,10.09.2025,Nikita Moskalenko <nim@wip.tu-berlin.de>
DE,Industry,2038,0.194,,Fraction,interpolated,10.09.2025,Nikita Moskalenko <nim@wip.tu-berlin.de>
DE,Industry,2039,0.192,,Fraction,interpolated,10.09.2025,Nikita Moskalenko <nim@wip.tu-berlin.de>
DK,Industry,2026,0.05,,Fraction,interpolated,10.09.2025,Nikita Moskalenko <nim@wip.tu-berlin.de>
DK,Industry,2027,0.05,,Fraction,interpolated,10.09.2025,Nikita Moskalenko <nim@wip.tu-berlin.de>
DK,Industry,2028,0.05,,Fraction,interpolated,10.09.2025,Nikita Moskalenko <nim@wip.tu-berlin.de>
DK,Industry,2029,0.05,,Fraction,interpolated,10.09.2025,Nikita Moskalenko <nim@wip.tu-berlin.de>
DK,Industry,2031,0.05,,Fraction,interpolated,10.09.2025,Nikita Moskalenko <nim@wip.tu-berlin.de>
DK,Industry,2032,0.05,,Fraction,interpolated,10.09.2025,Nikita Moskalenko <nim@wip.tu-berlin.de>
DK,Industry,2033,0.05,,Fraction,interpolated,10.09.2025,Nikita Moskalenko <nim@wip.tu-berlin.de>
DK,Industry,2034,0.05,,Fraction,interpolated,10.09.2025,Nikita Moskalenko <nim@wip.tu-berlin.de>
DK,Industry,2036,0.048,,Fraction,interpolated,10.09.2025,Nikita Moskalenko <nim@wip.tu-berlin.de>
DK,Industry,2037,0.046,,Fraction,interpolated,10.09.2025,Nikita Moskalenko <nim@wip.tu-berlin.de>
DK,Industry,2038,0.044,,Fraction,interpolated,10.09.2025,Nikita Moskalenko <nim@wip.tu-berlin.de>
DK,Industry,2039,0.042,,Fraction,interpolated,10.09.2025,Nikita Moskalenko <nim@wip.tu-berlin.de>
EE,Industry,2026,0.08,,Fraction,interpolated,10.09.2025,Nikita Moskalenko <nim@wip.tu-berlin.de>
EE,Industry,2027,0.08,,Fraction,interpolated,10.09.2025,Nikita Moskalenko <nim@wip.tu-berlin.de>
EE,Industry,2028,0.08,,Fraction,interpolated,10.09.2025,Nikita Moskalenko <nim@wip.tu-berlin.de>
EE,Industry,2029,0.08,,Fraction,interpolated,10.09.2025,Nikita Moskalenko <nim@wip.tu-berlin.de>
EE,Industry,2031,0.078,,Fraction,interpolated,10.09.2025,Nikita Moskalenko <nim@wip.tu-berlin.de>
EE,Industry,2032,0.076,,Fraction,interpolated,10.09.2025,Nikita Moskalenko <nim@wip.tu-berlin.de>
EE,Industry,2033,0.074,,Fraction,interpolated,10.09.2025,Nikita Moskalenko <nim@wip.tu-berlin.de>
EE,Industry,2034,0.072,,Fraction,interpolated,10.09.2025,Nikita Moskalenko <nim@wip.tu-berlin.de>
EE,Industry,2036,0.07,,Fraction,interpolated,10.09.2025,Nikita Moskalenko <nim@wip.tu-berlin.de>
EE,Industry,2037,0.07,,Fraction,interpolated,10.09.2025,Nikita Moskalenko <nim@wip.tu-berlin.de>
EE,Industry,2038,0.07,,Fraction,interpolated,10.09.2025,Nikita Moskalenko <nim@wip.tu-berlin.de>
EE,Industry,2039,0.07,,Fraction,interpolated,10.09.2025,Nikita Moskalenko <nim@wip.tu-berlin.de>
ES,Industry,2026,0.218,,Fraction,interpolated,10.09.2025,Nikita Moskalenko <nim@wip.tu-berlin.de>
ES,Industry,2027,0.216,,Fraction,interpolated,10.09.2025,Nikita Moskalenko <nim@wip.tu-berlin.de>
ES,Industry,2028,0.214,,Fraction,interpolated,10.09.2025,Nikita Moskalenko <nim@wip.tu-berlin.de>
ES,Industry,2029,0.212,,Fraction,interpolated,10.09.2025,Nikita Moskalenko <nim@wip.tu-berlin.de>
ES,Industry,2031,0.208,,Fraction,interpolated,10.09.2025,Nikita Moskalenko <nim@wip.tu-berlin.de>
ES,Industry,2032,0.206,,Fraction,interpolated,10.09.2025,Nikita Moskalenko <nim@wip.tu-berlin.de>
ES,Industry,2033,0.204,,Fraction,interpolated,10.09.2025,Nikita Moskalenko <nim@wip.tu-berlin.de>
ES,Industry,2034,0.202,,Fraction,interpolated,10.09.2025,Nikita Moskalenko <nim@wip.tu-berlin.de>
ES,Industry,2036,0.198,,Fraction,interpolated,10.09.2025,Nikita Moskalenko <nim@wip.tu-berlin.de>
ES,Industry,2037,0.196,,Fraction,interpolated,10.09.2025,Nikita Moskalenko <nim@wip.tu-berlin.de>
ES,Industry,2038,0.194,,Fraction,interpolated,10.09.2025,Nikita Moskalenko <nim@wip.tu-berlin.de>
ES,Industry,2039,0.192,,Fraction,interpolated,10.09.2025,Nikita Moskalenko <nim@wip.tu-berlin.de>
FI,Industry,2026,0.09,,Fraction,interpolated,10.09.2025,Nikita Moskalenko <nim@wip.tu-berlin.de>
FI,Industry,2027,0.09,,Fraction,interpolated,10.09.2025,Nikita Moskalenko <nim@wip.tu-berlin.de>
FI,Industry,2028,0.09,,Fraction,interpolated,10.09.2025,Nikita Moskalenko <nim@wip.tu-berlin.de>
FI,Industry,2029,0.09,,Fraction,interpolated,10.09.2025,Nikita Moskalenko <nim@wip.tu-berlin.de>
FI,Industry,2031,0.088,,Fraction,interpolated,10.09.2025,Nikita Moskalenko <nim@wip.tu-berlin.de>
FI,Industry,2032,0.086,,Fraction,interpolated,10.09.2025,Nikita Moskalenko <nim@wip.tu-berlin.de>
FI,Industry,2033,0.084,,Fraction,interpolated,10.09.2025,Nikita Moskalenko <nim@wip.tu-berlin.de>
FI,Industry,2034,0.082,,Fraction,interpolated,10.09.2025,Nikita Moskalenko <nim@wip.tu-berlin.de>
FI,Industry,2036,0.08,,Fraction,interpolated,10.09.2025,Nikita Moskalenko <nim@wip.tu-berlin.de>
FI,Industry,2037,0.08,,Fraction,interpolated,10.09.2025,Nikita Moskalenko <nim@wip.tu-berlin.de>
FI,Industry,2038,0.08,,Fraction,interpolated,10.09.2025,Nikita Moskalenko <nim@wip.tu-berlin.de>
FI,Industry,2039,0.08,,Fraction,interpolated,10.09.2025,Nikita Moskalenko <nim@wip.tu-berlin.de>
FR,Industry,2026,0.128,,Fraction,interpolated,10.09.2025,Nikita Moskalenko <nim@wip.tu-berlin.de>
FR,Industry,2027,0.126,,Fraction,interpolated,10.09.2025,Nikita Moskalenko <nim@wip.tu-berlin.de>
FR,Industry,2028,0.124,,Fraction,interpolated,10.09.2025,Nikita Moskalenko <nim@wip.tu-berlin.de>
FR,Industry,2029,0.122,,Fraction,interpolated,10.09.2025,Nikita Moskalenko <nim@wip.tu-berlin.de>
FR,Industry,2031,0.12,,Fraction,interpolated,10.09.2025,Nikita Moskalenko <nim@wip.tu-berlin.de>
FR,Industry,2032,0.12,,Fraction,interpolated,10.09.2025,Nikita Moskalenko <nim@wip.tu-berlin.de>
FR,Industry,2033,0.12,,Fraction,interpolated,10.09.2025,Nikita Moskalenko <nim@wip.tu-berlin.de>
FR,Industry,2034,0.12,,Fraction,interpolated,10.09.2025,Nikita Moskalenko <nim@wip.tu-berlin.de>
FR,Industry,2036,0.118,,Fraction,interpolated,10.09.2025,Nikita Moskalenko <nim@wip.tu-berlin.de>
FR,Industry,2037,0.116,,Fraction,interpolated,10.09.2025,Nikita Moskalenko <nim@wip.tu-berlin.de>
FR,Industry,2038,0.114,,Fraction,interpolated,10.09.2025,Nikita Moskalenko <nim@wip.tu-berlin.de>
FR,Industry,2039,0.112,,Fraction,interpolated,10.09.2025,Nikita Moskalenko <nim@wip.tu-berlin.de>
GR,Industry,2026,0,,Fraction,interpolated,10.09.2025,Nikita Moskalenko <nim@wip.tu-berlin.de>
GR,Industry,2027,0,,Fraction,interpolated,10.09.2025,Nikita Moskalenko <nim@wip.tu-berlin.de>
GR,Industry,2028,0,,Fraction,interpolated,10.09.2025,Nikita Moskalenko <nim@wip.tu-berlin.de>
GR,Industry,2029,0,,Fraction,interpolated,10.09.2025,Nikita Moskalenko <nim@wip.tu-berlin.de>
GR,Industry,2031,0,,Fraction,interpolated,10.09.2025,Nikita Moskalenko <nim@wip.tu-berlin.de>
GR,Industry,2032,0,,Fraction,interpolated,10.09.2025,Nikita Moskalenko <nim@wip.tu-berlin.de>
GR,Industry,2033,0,,Fraction,interpolated,10.09.2025,Nikita Moskalenko <nim@wip.tu-berlin.de>
GR,Industry,2034,0,,Fraction,interpolated,10.09.2025,Nikita Moskalenko <nim@wip.tu-berlin.de>
GR,Industry,2036,0,,Fraction,interpolated,10.09.2025,Nikita Moskalenko <nim@wip.tu-berlin.de>
GR,Industry,2037,0,,Fraction,interpolated,10.09.2025,Nikita Moskalenko <nim@wip.tu-berlin.de>
GR,Industry,2038,0,,Fraction,interpolated,10.09.2025,Nikita Moskalenko <nim@wip.tu-berlin.de>
GR,Industry,2039,0,,Fraction,interpolated,10.09.2025,Nikita Moskalenko <nim@wip.tu-berlin.de>
HR,Industry,2026,0.158,,Fraction,interpolated,10.09.2025,Nikita Moskalenko <nim@wip.tu-berlin.de>
HR,Industry,2027,0.156,,Fraction,interpolated,10.09.2025,Nikita Moskalenko <nim@wip.tu-berlin.de>
HR,Industry,2028,0.154,,Fraction,interpolated,10.09.2025,Nikita Moskalenko <nim@wip.tu-berlin.de>
HR,Industry,2029,0.152,,Fraction,interpolated,10.09.2025,Nikita Moskalenko <nim@wip.tu-berlin.de>
HR,Industry,2031,0.148,,Fraction,interpolated,10.09.2025,Nikita Moskalenko <nim@wip.tu-berlin.de>
HR,Industry,2032,0.146,,Fraction,interpolated,10.09.2025,Nikita Moskalenko <nim@wip.tu-berlin.de>
HR,Industry,2033,0.144,,Fraction,interpolated,10.09.2025,Nikita Moskalenko <nim@wip.tu-berlin.de>
HR,Industry,2034,0.142,,Fraction,interpolated,10.09.2025,Nikita Moskalenko <nim@wip.tu-berlin.de>
HR,Industry,2036,0.14,,Fraction,interpolated,10.09.2025,Nikita Moskalenko <nim@wip.tu-berlin.de>
HR,Industry,2037,0.14,,Fraction,interpolated,10.09.2025,Nikita Moskalenko <nim@wip.tu-berlin.de>
HR,Industry,2038,0.14,,Fraction,interpolated,10.09.2025,Nikita Moskalenko <nim@wip.tu-berlin.de>
HR,Industry,2039,0.14,,Fraction,interpolated,10.09.2025,Nikita Moskalenko <nim@wip.tu-berlin.de>
HU,Industry,2026,0,,Fraction,interpolated,10.09.2025,Nikita Moskalenko <nim@wip.tu-berlin.de>
HU,Industry,2027,0,,Fraction,interpolated,10.09.2025,Nikita Moskalenko <nim@wip.tu-berlin.de>
HU,Industry,2028,0,,Fraction,interpolated,10.09.2025,Nikita Moskalenko <nim@wip.tu-berlin.de>
HU,Industry,2029,0,,Fraction,interpolated,10.09.2025,Nikita Moskalenko <nim@wip.tu-berlin.de>
HU,Industry,2031,0,,Fraction,interpolated,10.09.2025,Nikita Moskalenko <nim@wip.tu-berlin.de>
HU,Industry,2032,0,,Fraction,interpolated,10.09.2025,Nikita Moskalenko <nim@wip.tu-berlin.de>
HU,Industry,2033,0,,Fraction,interpolated,10.09.2025,Nikita Moskalenko <nim@wip.tu-berlin.de>
HU,Industry,2034,0,,Fraction,interpolated,10.09.2025,Nikita Moskalenko <nim@wip.tu-berlin.de>
HU,Industry,2036,0,,Fraction,interpolated,10.09.2025,Nikita Moskalenko <nim@wip.tu-berlin.de>
HU,Industry,2037,0,,Fraction,interpolated,10.09.2025,Nikita Moskalenko <nim@wip.tu-berlin.de>
HU,Industry,2038,0,,Fraction,interpolated,10.09.2025,Nikita Moskalenko <nim@wip.tu-berlin.de>
HU,Industry,2039,0,,Fraction,interpolated,10.09.2025,Nikita Moskalenko <nim@wip.tu-berlin.de>
IE,Industry,2026,0,,Fraction,interpolated,10.09.2025,Nikita Moskalenko <nim@wip.tu-berlin.de>
IE,Industry,2027,0,,Fraction,interpolated,10.09.2025,Nikita Moskalenko <nim@wip.tu-berlin.de>
IE,Industry,2028,0,,Fraction,interpolated,10.09.2025,Nikita Moskalenko <nim@wip.tu-berlin.de>
IE,Industry,2029,0,,Fraction,interpolated,10.09.2025,Nikita Moskalenko <nim@wip.tu-berlin.de>
IE,Industry,2031,0,,Fraction,interpolated,10.09.2025,Nikita Moskalenko <nim@wip.tu-berlin.de>
IE,Industry,2032,0,,Fraction,interpolated,10.09.2025,Nikita Moskalenko <nim@wip.tu-berlin.de>
IE,Industry,2033,0,,Fraction,interpolated,10.09.2025,Nikita Moskalenko <nim@wip.tu-berlin.de>
IE,Industry,2034,0,,Fraction,interpolated,10.09.2025,Nikita Moskalenko <nim@wip.tu-berlin.de>
IE,Industry,2036,0,,Fraction,interpolated,10.09.2025,Nikita Moskalenko <nim@wip.tu-berlin.de>
IE,Industry,2037,0,,Fraction,interpolated,10.09.2025,Nikita Moskalenko <nim@wip.tu-berlin.de>
IE,Industry,2038,0,,Fraction,interpolated,10.09.2025,Nikita Moskalenko <nim@wip.tu-berlin.de>
IE,Industry,2039,0,,Fraction,interpolated,10.09.2025,Nikita Moskalenko <nim@wip.tu-berlin.de>
IT,Industry,2026,0.03,,Fraction,interpolated,10.09.2025,Nikita Moskalenko <nim@wip.tu-berlin.de>
IT,Industry,2027,0.03,,Fraction,interpolated,10.09.2025,Nikita Moskalenko <nim@wip.tu-berlin.de>
IT,Industry,2028,0.03,,Fraction,interpolated,10.09.2025,Nikita Moskalenko <nim@wip.tu-berlin.de>
IT,Industry,2029,0.03,,Fraction,interpolated,10.09.2025,Nikita Moskalenko <nim@wip.tu-berlin.de>
IT,Industry,2031,0.03,,Fraction,interpolated,10.09.2025,Nikita Moskalenko <nim@wip.tu-berlin.de>
IT,Industry,2032,0.03,,Fraction,interpolated,10.09.2025,Nikita Moskalenko <nim@wip.tu-berlin.de>
IT,Industry,2033,0.03,,Fraction,interpolated,10.09.2025,Nikita Moskalenko <nim@wip.tu-berlin.de>
IT,Industry,2034,0.03,,Fraction,interpolated,10.09.2025,Nikita Moskalenko <nim@wip.tu-berlin.de>
IT,Industry,2036,0.03,,Fraction,interpolated,10.09.2025,Nikita Moskalenko <nim@wip.tu-berlin.de>
IT,Industry,2037,0.03,,Fraction,interpolated,10.09.2025,Nikita Moskalenko <nim@wip.tu-berlin.de>
IT,Industry,2038,0.03,,Fraction,interpolated,10.09.2025,Nikita Moskalenko <nim@wip.tu-berlin.de>
IT,Industry,2039,0.03,,Fraction,interpolated,10.09.2025,Nikita Moskalenko <nim@wip.tu-berlin.de>
LT,Industry,2026,0,,Fraction,interpolated,10.09.2025,Nikita Moskalenko <nim@wip.tu-berlin.de>
LT,Industry,2027,0,,Fraction,interpolated,10.09.2025,Nikita Moskalenko <nim@wip.tu-berlin.de>
LT,Industry,2028,0,,Fraction,interpolated,10.09.2025,Nikita Moskalenko <nim@wip.tu-berlin.de>
LT,Industry,2029,0,,Fraction,interpolated,10.09.2025,Nikita Moskalenko <nim@wip.tu-berlin.de>
LT,Industry,2031,0,,Fraction,interpolated,10.09.2025,Nikita Moskalenko <nim@wip.tu-berlin.de>
LT,Industry,2032,0,,Fraction,interpolated,10.09.2025,Nikita Moskalenko <nim@wip.tu-berlin.de>
LT,Industry,2033,0,,Fraction,interpolated,10.09.2025,Nikita Moskalenko <nim@wip.tu-berlin.de>
LT,Industry,2034,0,,Fraction,interpolated,10.09.2025,Nikita Moskalenko <nim@wip.tu-berlin.de>
LT,Industry,2036,0,,Fraction,interpolated,10.09.2025,Nikita Moskalenko <nim@wip.tu-berlin.de>
LT,Industry,2037,0,,Fraction,interpolated,10.09.2025,Nikita Moskalenko <nim@wip.tu-berlin.de>
LT,Industry,2038,0,,Fraction,interpolated,10.09.2025,Nikita Moskalenko <nim@wip.tu-berlin.de>
LT,Industry,2039,0,,Fraction,interpolated,10.09.2025,Nikita Moskalenko <nim@wip.tu-berlin.de>
LU,Industry,2026,0.01,,Fraction,interpolated,10.09.2025,Nikita Moskalenko <nim@wip.tu-berlin.de>
LU,Industry,2027,0.01,,Fraction,interpolated,10.09.2025,Nikita Moskalenko <nim@wip.tu-berlin.de>
LU,Industry,2028,0.01,,Fraction,interpolated,10.09.2025,Nikita Moskalenko <nim@wip.tu-berlin.de>
LU,Industry,2029,0.01,,Fraction,interpolated,10.09.2025,Nikita Moskalenko <nim@wip.tu-berlin.de>
LU,Industry,2031,0.01,,Fraction,interpolated,10.09.2025,Nikita Moskalenko <nim@wip.tu-berlin.de>
LU,Industry,2032,0.01,,Fraction,interpolated,10.09.2025,Nikita Moskalenko <nim@wip.tu-berlin.de>
LU,Industry,2033,0.01,,Fraction,interpolated,10.09.2025,Nikita Moskalenko <nim@wip.tu-berlin.de>
LU,Industry,2034,0.01,,Fraction,interpolated,10.09.2025,Nikita Moskalenko <nim@wip.tu-berlin.de>
LU,Industry,2036,0.01,,Fraction,interpolated,10.09.2025,Nikita Moskalenko <nim@wip.tu-berlin.de>
LU,Industry,2037,0.01,,Fraction,interpolated,10.09.2025,Nikita Moskalenko <nim@wip.tu-berlin.de>
LU,Industry,2038,0.01,,Fraction,interpolated,10.09.2025,Nikita Moskalenko <nim@wip.tu-berlin.de>
LU,Industry,2039,0.01,,Fraction,interpolated,10.09.2025,Nikita Moskalenko <nim@wip.tu-berlin.de>
LV,Industry,2026,0.138,,Fraction,interpolated,10.09.2025,Nikita Moskalenko <nim@wip.tu-berlin.de>
LV,Industry,2027,0.136,,Fraction,interpolated,10.09.2025,Nikita Moskalenko <nim@wip.tu-berlin.de>
LV,Industry,2028,0.134,,Fraction,interpolated,10.09.2025,Nikita Moskalenko <nim@wip.tu-berlin.de>
LV,Industry,2029,0.132,,Fraction,interpolated,10.09.2025,Nikita Moskalenko <nim@wip.tu-berlin.de>
LV,Industry,2031,0.13,,Fraction,interpolated,10.09.2025,Nikita Moskalenko <nim@wip.tu-berlin.de>
LV,Industry,2032,0.13,,Fraction,interpolated,10.09.2025,Nikita Moskalenko <nim@wip.tu-berlin.de>
LV,Industry,2033,0.13,,Fraction,interpolated,10.09.2025,Nikita Moskalenko <nim@wip.tu-berlin.de>
LV,Industry,2034,0.13,,Fraction,interpolated,10.09.2025,Nikita Moskalenko <nim@wip.tu-berlin.de>
LV,Industry,2036,0.128,,Fraction,interpolated,10.09.2025,Nikita Moskalenko <nim@wip.tu-berlin.de>
LV,Industry,2037,0.126,,Fraction,interpolated,10.09.2025,Nikita Moskalenko <nim@wip.tu-berlin.de>
LV,Industry,2038,0.124,,Fraction,interpolated,10.09.2025,Nikita Moskalenko <nim@wip.tu-berlin.de>
LV,Industry,2039,0.122,,Fraction,interpolated,10.09.2025,Nikita Moskalenko <nim@wip.tu-berlin.de>
NL,Industry,2026,0.208,,Fraction,interpolated,10.09.2025,Nikita Moskalenko <nim@wip.tu-berlin.de>
NL,Industry,2027,0.206,,Fraction,interpolated,10.09.2025,Nikita Moskalenko <nim@wip.tu-berlin.de>
NL,Industry,2028,0.204,,Fraction,interpolated,10.09.2025,Nikita Moskalenko <nim@wip.tu-berlin.de>
NL,Industry,2029,0.202,,Fraction,interpolated,10.09.2025,Nikita Moskalenko <nim@wip.tu-berlin.de>
NL,Industry,2031,0.198,,Fraction,interpolated,10.09.2025,Nikita Moskalenko <nim@wip.tu-berlin.de>
NL,Industry,2032,0.196,,Fraction,interpolated,10.09.2025,Nikita Moskalenko <nim@wip.tu-berlin.de>
NL,Industry,2033,0.194,,Fraction,interpolated,10.09.2025,Nikita Moskalenko <nim@wip.tu-berlin.de>
NL,Industry,2034,0.192,,Fraction,interpolated,10.09.2025,Nikita Moskalenko <nim@wip.tu-berlin.de>
NL,Industry,2036,0.188,,Fraction,interpolated,10.09.2025,Nikita Moskalenko <nim@wip.tu-berlin.de>
NL,Industry,2037,0.186,,Fraction,interpolated,10.09.2025,Nikita Moskalenko <nim@wip.tu-berlin.de>
NL,Industry,2038,0.184,,Fraction,interpolated,10.09.2025,Nikita Moskalenko <nim@wip.tu-berlin.de>
NL,Industry,2039,0.182,,Fraction,interpolated,10.09.2025,Nikita Moskalenko <nim@wip.tu-berlin.de>
NO,Industry,2026,0.138,,Fraction,interpolated,10.09.2025,Nikita Moskalenko <nim@wip.tu-berlin.de>
NO,Industry,2027,0.136,,Fraction,interpolated,10.09.2025,Nikita Moskalenko <nim@wip.tu-berlin.de>
NO,Industry,2028,0.134,,Fraction,interpolated,10.09.2025,Nikita Moskalenko <nim@wip.tu-berlin.de>
NO,Industry,2029,0.132,,Fraction,interpolated,10.09.2025,Nikita Moskalenko <nim@wip.tu-berlin.de>
NO,Industry,2031,0.13,,Fraction,interpolated,10.09.2025,Nikita Moskalenko <nim@wip.tu-berlin.de>
NO,Industry,2032,0.13,,Fraction,interpolated,10.09.2025,Nikita Moskalenko <nim@wip.tu-berlin.de>
NO,Industry,2033,0.13,,Fraction,interpolated,10.09.2025,Nikita Moskalenko <nim@wip.tu-berlin.de>
NO,Industry,2034,0.13,,Fraction,interpolated,10.09.2025,Nikita Moskalenko <nim@wip.tu-berlin.de>
NO,Industry,2036,0.128,,Fraction,interpolated,10.09.2025,Nikita Moskalenko <nim@wip.tu-berlin.de>
NO,Industry,2037,0.126,,Fraction,interpolated,10.09.2025,Nikita Moskalenko <nim@wip.tu-berlin.de>
NO,Industry,2038,0.124,,Fraction,interpolated,10.09.2025,Nikita Moskalenko <nim@wip.tu-berlin.de>
NO,Industry,2039,0.122,,Fraction,interpolated,10.09.2025,Nikita Moskalenko <nim@wip.tu-berlin.de>
NONEU_Balkan,Industry,2026,0,,Fraction,interpolated,10.09.2025,Nikita Moskalenko <nim@wip.tu-berlin.de>
NONEU_Balkan,Industry,2027,0,,Fraction,interpolated,10.09.2025,Nikita Moskalenko <nim@wip.tu-berlin.de>
NONEU_Balkan,Industry,2028,0,,Fraction,interpolated,10.09.2025,Nikita Moskalenko <nim@wip.tu-berlin.de>
NONEU_Balkan,Industry,2029,0,,Fraction,interpolated,10.09.2025,Nikita Moskalenko <nim@wip.tu-berlin.de>
NONEU_Balkan,Industry,2031,0,,Fraction,interpolated,10.09.2025,Nikita Moskalenko <nim@wip.tu-berlin.de>
NONEU_Balkan,Industry,2032,0,,Fraction,interpolated,10.09.2025,Nikita Moskalenko <nim@wip.tu-berlin.de>
NONEU_Balkan,Industry,2033,0,,Fraction,interpolated,10.09.2025,Nikita Moskalenko <nim@wip.tu-berlin.de>
NONEU_Balkan,Industry,2034,0,,Fraction,interpolated,10.09.2025,Nikita Moskalenko <nim@wip.tu-berlin.de>
NONEU_Balkan,Industry,2036,0,,Fraction,interpolated,10.09.2025,Nikita Moskalenko <nim@wip.tu-berlin.de>
NONEU_Balkan,Industry,2037,0,,Fraction,interpolated,10.09.2025,Nikita Moskalenko <nim@wip.tu-berlin.de>
NONEU_Balkan,Industry,2038,0,,Fraction,interpolated,10.09.2025,Nikita Moskalenko <nim@wip.tu-berlin.de>
NONEU_Balkan,Industry,2039,0,,Fraction,interpolated,10.09.2025,Nikita Moskalenko <nim@wip.tu-berlin.de>
PL,Industry,2026,0.148,,Fraction,interpolated,10.09.2025,Nikita Moskalenko <nim@wip.tu-berlin.de>
PL,Industry,2027,0.146,,Fraction,interpolated,10.09.2025,Nikita Moskalenko <nim@wip.tu-berlin.de>
PL,Industry,2028,0.144,,Fraction,interpolated,10.09.2025,Nikita Moskalenko <nim@wip.tu-berlin.de>
PL,Industry,2029,0.142,,Fraction,interpolated,10.09.2025,Nikita Moskalenko <nim@wip.tu-berlin.de>
PL,Industry,2031,0.14,,Fraction,interpolated,10.09.2025,Nikita Moskalenko <nim@wip.tu-berlin.de>
PL,Industry,2032,0.14,,Fraction,interpolated,10.09.2025,Nikita Moskalenko <nim@wip.tu-berlin.de>
PL,Industry,2033,0.14,,Fraction,interpolated,10.09.2025,Nikita Moskalenko <nim@wip.tu-berlin.de>
PL,Industry,2034,0.14,,Fraction,interpolated,10.09.2025,Nikita Moskalenko <nim@wip.tu-berlin.de>
PL,Industry,2036,0.138,,Fraction,interpolated,10.09.2025,Nikita Moskalenko <nim@wip.tu-berlin.de>
PL,Industry,2037,0.136,,Fraction,interpolated,10.09.2025,Nikita Moskalenko <nim@wip.tu-berlin.de>
PL,Industry,2038,0.134,,Fraction,interpolated,10.09.2025,Nikita Moskalenko <nim@wip.tu-berlin.de>
PL,Industry,2039,0.132,,Fraction,interpolated,10.09.2025,Nikita Moskalenko <nim@wip.tu-berlin.de>
PT,Industry,2026,0,,Fraction,interpolated,10.09.2025,Nikita Moskalenko <nim@wip.tu-berlin.de>
PT,Industry,2027,0,,Fraction,interpolated,10.09.2025,Nikita Moskalenko <nim@wip.tu-berlin.de>
PT,Industry,2028,0,,Fraction,interpolated,10.09.2025,Nikita Moskalenko <nim@wip.tu-berlin.de>
PT,Industry,2029,0,,Fraction,interpolated,10.09.2025,Nikita Moskalenko <nim@wip.tu-berlin.de>
PT,Industry,2031,0,,Fraction,interpolated,10.09.2025,Nikita Moskalenko <nim@wip.tu-berlin.de>
PT,Industry,2032,0,,Fraction,interpolated,10.09.2025,Nikita Moskalenko <nim@wip.tu-berlin.de>
PT,Industry,2033,0,,Fraction,interpolated,10.09.2025,Nikita Moskalenko <nim@wip.tu-berlin.de>
PT,Industry,2034,0,,Fraction,interpolated,10.09.2025,Nikita Moskalenko <nim@wip.tu-berlin.de>
PT,Industry,2036,0,,Fraction,interpolated,10.09.2025,Nikita Moskalenko <nim@wip.tu-berlin.de>
PT,Industry,2037,0,,Fraction,interpolated,10.09.2025,Nikita Moskalenko <nim@wip.tu-berlin.de>
PT,Industry,2038,0,,Fraction,interpolated,10.09.2025,Nikita Moskalenko <nim@wip.tu-berlin.de>
PT,Industry,2039,0,,Fraction,interpolated,10.09.2025,Nikita Moskalenko <nim@wip.tu-berlin.de>
RO,Industry,2026,0,,Fraction,interpolated,10.09.2025,Nikita Moskalenko <nim@wip.tu-berlin.de>
RO,Industry,2027,0,,Fraction,interpolated,10.09.2025,Nikita Moskalenko <nim@wip.tu-berlin.de>
RO,Industry,2028,0,,Fraction,interpolated,10.09.2025,Nikita Moskalenko <nim@wip.tu-berlin.de>
RO,Industry,2029,0,,Fraction,interpolated,10.09.2025,Nikita Moskalenko <nim@wip.tu-berlin.de>
RO,Industry,2031,0,,Fraction,interpolated,10.09.2025,Nikita Moskalenko <nim@wip.tu-berlin.de>
RO,Industry,2032,0,,Fraction,interpolated,10.09.2025,Nikita Moskalenko <nim@wip.tu-berlin.de>
RO,Industry,2033,0,,Fraction,interpolated,10.09.2025,Nikita Moskalenko <nim@wip.tu-berlin.de>
RO,Industry,2034,0,,Fraction,interpolated,10.09.2025,Nikita Moskalenko <nim@wip.tu-berlin.de>
RO,Industry,2036,0,,Fraction,interpolated,10.09.2025,Nikita Moskalenko <nim@wip.tu-berlin.de>
RO,Industry,2037,0,,Fraction,interpolated,10.09.2025,Nikita Moskalenko <nim@wip.tu-berlin.de>
RO,Industry,2038,0,,Fraction,interpolated,10.09.2025,Nikita Moskalenko <nim@wip.tu-berlin.de>
RO,Industry,2039,0,,Fraction,interpolated,10.09.2025,Nikita Moskalenko <nim@wip.tu-berlin.de>
SE,Industry,2026,0.108,,Fraction,interpolated,10.09.2025,Nikita Moskalenko <nim@wip.tu-berlin.de>
SE,Industry,2027,0.106,,Fraction,interpolated,10.09.2025,Nikita Moskalenko <nim@wip.tu-berlin.de>
SE,Industry,2028,0.104,,Fraction,interpolated,10.09.2025,Nikita Moskalenko <nim@wip.tu-berlin.de>
SE,Industry,2029,0.102,,Fraction,interpolated,10.09.2025,Nikita Moskalenko <nim@wip.tu-berlin.de>
SE,Industry,2031,0.1,,Fraction,interpolated,10.09.2025,Nikita Moskalenko <nim@wip.tu-berlin.de>
SE,Industry,2032,0.1,,Fraction,interpolated,10.09.2025,Nikita Moskalenko <nim@wip.tu-berlin.de>
SE,Industry,2033,0.1,,Fraction,interpolated,10.09.2025,Nikita Moskalenko <nim@wip.tu-berlin.de>
SE,Industry,2034,0.1,,Fraction,interpolated,10.09.2025,Nikita Moskalenko <nim@wip.tu-berlin.de>
SE,Industry,2036,0.098,,Fraction,interpolated,10.09.2025,Nikita Moskalenko <nim@wip.tu-berlin.de>
SE,Industry,2037,0.096,,Fraction,interpolated,10.09.2025,Nikita Moskalenko <nim@wip.tu-berlin.de>
SE,Industry,2038,0.094,,Fraction,interpolated,10.09.2025,Nikita Moskalenko <nim@wip.tu-berlin.de>
SE,Industry,2039,0.092,,Fraction,interpolated,10.09.2025,Nikita Moskalenko <nim@wip.tu-berlin.de>
SI,Industry,2026,0.188,,Fraction,interpolated,10.09.2025,Nikita Moskalenko <nim@wip.tu-berlin.de>
SI,Industry,2027,0.186,,Fraction,interpolated,10.09.2025,Nikita Moskalenko <nim@wip.tu-berlin.de>
SI,Industry,2028,0.184,,Fraction,interpolated,10.09.2025,Nikita Moskalenko <nim@wip.tu-berlin.de>
SI,Industry,2029,0.182,,Fraction,interpolated,10.09.2025,Nikita Moskalenko <nim@wip.tu-berlin.de>
SI,Industry,2031,0.178,,Fraction,interpolated,10.09.2025,Nikita Moskalenko <nim@wip.tu-berlin.de>
SI,Industry,2032,0.176,,Fraction,interpolated,10.09.2025,Nikita Moskalenko <nim@wip.tu-berlin.de>
SI,Industry,2033,0.174,,Fraction,interpolated,10.09.2025,Nikita Moskalenko <nim@wip.tu-berlin.de>
SI,Industry,2034,0.172,,Fraction,interpolated,10.09.2025,Nikita Moskalenko <nim@wip.tu-berlin.de>
SI,Industry,2036,0.168,,Fraction,interpolated,10.09.2025,Nikita Moskalenko <nim@wip.tu-berlin.de>
SI,Industry,2037,0.166,,Fraction,interpolated,10.09.2025,Nikita Moskalenko <nim@wip.tu-berlin.de>
SI,Industry,2038,0.164,,Fraction,interpolated,10.09.2025,Nikita Moskalenko <nim@wip.tu-berlin.de>
SI,Industry,2039,0.162,,Fraction,interpolated,10.09.2025,Nikita Moskalenko <nim@wip.tu-berlin.de>
SK,Industry,2026,0.386,,Fraction,interpolated,10.09.2025,Nikita Moskalenko <nim@wip.tu-berlin.de>
SK,Industry,2027,0.382,,Fraction,interpolated,10.09.2025,Nikita Moskalenko <nim@wip.tu-berlin.de>
SK,Industry,2028,0.378,,Fraction,interpolated,10.09.2025,Nikita Moskalenko <nim@wip.tu-berlin.de>
SK,Industry,2029,0.374,,Fraction,interpolated,10.09.2025,Nikita Moskalenko <nim@wip.tu-berlin.de>
SK,Industry,2031,0.366,,Fraction,interpolated,10.09.2025,Nikita Moskalenko <nim@wip.tu-berlin.de>
SK,Industry,2032,0.362,,Fraction,interpolated,10.09.2025,Nikita Moskalenko <nim@wip.tu-berlin.de>
SK,Industry,2033,0.358,,Fraction,interpolated,10.09.2025,Nikita Moskalenko <nim@wip.tu-berlin.de>
SK,Industry,2034,0.354,,Fraction,interpolated,10.09.2025,Nikita Moskalenko <nim@wip.tu-berlin.de>
SK,Industry,2036,0.346,,Fraction,interpolated,10.09.2025,Nikita Moskalenko <nim@wip.tu-berlin.de>
SK,Industry,2037,0.342,,Fraction,interpolated,10.09.2025,Nikita Moskalenko <nim@wip.tu-berlin.de>
SK,Industry,2038,0.338,,Fraction,interpolated,10.09.2025,Nikita Moskalenko <nim@wip.tu-berlin.de>
SK,Industry,2039,0.334,,Fraction,interpolated,10.09.2025,Nikita Moskalenko <nim@wip.tu-berlin.de>
TR,Industry,2026,0,,Fraction,interpolated,10.09.2025,Nikita Moskalenko <nim@wip.tu-berlin.de>
TR,Industry,2027,0,,Fraction,interpolated,10.09.2025,Nikita Moskalenko <nim@wip.tu-berlin.de>
TR,Industry,2028,0,,Fraction,interpolated,10.09.2025,Nikita Moskalenko <nim@wip.tu-berlin.de>
TR,Industry,2029,0,,Fraction,interpolated,10.09.2025,Nikita Moskalenko <nim@wip.tu-berlin.de>
TR,Industry,2031,0,,Fraction,interpolated,10.09.2025,Nikita Moskalenko <nim@wip.tu-berlin.de>
TR,Industry,2032,0,,Fraction,interpolated,10.09.2025,Nikita Moskalenko <nim@wip.tu-berlin.de>
TR,Industry,2033,0,,Fraction,interpolated,10.09.2025,Nikita Moskalenko <nim@wip.tu-berlin.de>
TR,Industry,2034,0,,Fraction,interpolated,10.09.2025,Nikita Moskalenko <nim@wip.tu-berlin.de>
TR,Industry,2036,0,,Fraction,interpolated,10.09.2025,Nikita Moskalenko <nim@wip.tu-berlin.de>
TR,Industry,2037,0,,Fraction,interpolated,10.09.2025,Nikita Moskalenko <nim@wip.tu-berlin.de>
TR,Industry,2038,0,,Fraction,interpolated,10.09.2025,Nikita Moskalenko <nim@wip.tu-berlin.de>
TR,Industry,2039,0,,Fraction,interpolated,10.09.2025,Nikita Moskalenko <nim@wip.tu-berlin.de>
UK,Industry,2026,0,,Fraction,interpolated,10.09.2025,Nikita Moskalenko <nim@wip.tu-berlin.de>
UK,Industry,2027,0,,Fraction,interpolated,10.09.2025,Nikita Moskalenko <nim@wip.tu-berlin.de>
UK,Industry,2028,0,,Fraction,interpolated,10.09.2025,Nikita Moskalenko <nim@wip.tu-berlin.de>
UK,Industry,2029,0,,Fraction,interpolated,10.09.2025,Nikita Moskalenko <nim@wip.tu-berlin.de>
UK,Industry,2031,0,,Fraction,interpolated,10.09.2025,Nikita Moskalenko <nim@wip.tu-berlin.de>
UK,Industry,2032,0,,Fraction,interpolated,10.09.2025,Nikita Moskalenko <nim@wip.tu-berlin.de>
UK,Industry,2033,0,,Fraction,interpolated,10.09.2025,Nikita Moskalenko <nim@wip.tu-berlin.de>
UK,Industry,2034,0,,Fraction,interpolated,10.09.2025,Nikita Moskalenko <nim@wip.tu-berlin.de>
UK,Industry,2036,0,,Fraction,interpolated,10.09.2025,Nikita Moskalenko <nim@wip.tu-berlin.de>
UK,Industry,2037,0,,Fraction,interpolated,10.09.2025,Nikita Moskalenko <nim@wip.tu-berlin.de>
UK,Industry,2038,0,,Fraction,interpolated,10.09.2025,Nikita Moskalenko <nim@wip.tu-berlin.de>
UK,Industry,2039,0,,Fraction,interpolated,10.09.2025,Nikita Moskalenko <nim@wip.tu-berlin.de>
