Region,Technology,Year,Value,Unnamed: 4,Unit,Source,Updated at,Updated by
World,A_Air,All,999999,,GW,"no source needed, unlimited",21.02.2025,Konstantin Loffler <kl@wip.tu-berlin.de>
World,A_Rooftop_Commercial,All,999999,,GW,"no source needed, unlimited",21.02.2025,Konstantin Loffler <kl@wip.tu-berlin.de>
World,A_Rooftop_Residential,All,999999,,GW,"no source needed, unlimited",21.02.2025,Konstantin Loffler <kl@wip.tu-berlin.de>
World,CHP_Biomass_Solid,All,999999,,GW,"no source needed, unlimited",21.02.2025,Konstantin Loffler <kl@wip.tu-berlin.de>
World,CHP_Coal_Hardcoal,All,999999,,GW,"no source needed, unlimited",21.02.2025,Konstantin Loffler <kl@wip.tu-berlin.de>
World,CHP_Coal_Lignite,All,999999,,GW,"no source needed, unlimited",21.02.2025,Konstantin Loffler <kl@wip.tu-berlin.de>
World,CHP_Gas_CCGT_Biogas,All,999999,,GW,"no source needed, unlimited",21.02.2025,Konstantin Loffler <kl@wip.tu-berlin.de>
World,CHP_Gas_CCGT_Natural,All,999999,,GW,"no source needed, unlimited",21.02.2025,Konstantin Loffler <kl@wip.tu-berlin.de>
World,CHP_Gas_CCGT_SynGas,All,999999,,GW,"no source needed, unlimited",21.02.2025,Konstantin Loffler <kl@wip.tu-berlin.de>
World,CHP_Hydrogen_FuelCell,All,999999,,GW,"no source needed, unlimited",21.02.2025,Konstantin Loffler <kl@wip.tu-berlin.de>
World,CHP_Oil,All,999999,,GW,"no source needed, unlimited",21.02.2025,Konstantin Loffler <kl@wip.tu-berlin.de>
World,D_Battery_Li-Ion,All,999999,,GW,"no source needed, unlimited",21.02.2025,Konstantin Loffler <kl@wip.tu-berlin.de>
World,D_Battery_Redox,All,999999,,GW,"no source needed, unlimited",21.02.2025,Konstantin Loffler <kl@wip.tu-berlin.de>
World,D_CAES,All,999999,,GW,"no source needed, unlimited",21.02.2025,Konstantin Loffler <kl@wip.tu-berlin.de>
World,D_Gas_H2,All,999999,,GW,"no source needed, unlimited",21.02.2025,Konstantin Loffler <kl@wip.tu-berlin.de>
World,D_Gas_Methane,All,999999,,GW,"no source needed, unlimited",21.02.2025,Konstantin Loffler <kl@wip.tu-berlin.de>
World,D_HB_Tank_Small,All,999999,,GW,"no source needed, unlimited",21.02.2025,Konstantin Loffler <kl@wip.tu-berlin.de>
World,D_HD_Pit,All,999999,,GW,"no source needed, unlimited",21.02.2025,Konstantin Loffler <kl@wip.tu-berlin.de>
World,D_HLI_Tank_Large,All,999999,,GW,"no source needed, unlimited",21.02.2025,Konstantin Loffler <kl@wip.tu-berlin.de>
World,D_PHS,All,999999,,GW,"no source needed, unlimited",21.02.2025,Konstantin Loffler <kl@wip.tu-berlin.de>
World,FRT_Rail_Conv,All,999999,,GW,"no source needed, unlimited",21.02.2025,Konstantin Loffler <kl@wip.tu-berlin.de>
World,FRT_Rail_Electric,All,999999,,GW,"no source needed, unlimited",21.02.2025,Konstantin Loffler <kl@wip.tu-berlin.de>
World,FRT_Road_BEV,All,999999,,GW,"no source needed, unlimited",21.02.2025,Konstantin Loffler <kl@wip.tu-berlin.de>
World,FRT_Road_H2,All,999999,,GW,"no source needed, unlimited",21.02.2025,Konstantin Loffler <kl@wip.tu-berlin.de>
World,FRT_Road_ICE,All,999999,,GW,"no source needed, unlimited",21.02.2025,Konstantin Loffler <kl@wip.tu-berlin.de>
World,FRT_Road_OH,All,999999,,GW,"no source needed, unlimited",21.02.2025,Konstantin Loffler <kl@wip.tu-berlin.de>
World,FRT_Road_PHEV,All,999999,,GW,"no source needed, unlimited",21.02.2025,Konstantin Loffler <kl@wip.tu-berlin.de>
World,FRT_Ship_Bio,All,999999,,GW,"no source needed, unlimited",21.02.2025,Konstantin Loffler <kl@wip.tu-berlin.de>
World,FRT_Ship_Conv,All,999999,,GW,"no source needed, unlimited",21.02.2025,Konstantin Loffler <kl@wip.tu-berlin.de>
World,HB_Biomass,All,999999,,GW,"no source needed, unlimited",21.02.2025,Konstantin Loffler <kl@wip.tu-berlin.de>
World,X_Convert_HD,All,999999,,GW,"no source needed, unlimited",21.02.2025,Konstantin Loffler <kl@wip.tu-berlin.de>
World,HB_Direct_Electric,All,999999,,GW,"no source needed, unlimited",21.02.2025,Konstantin Loffler <kl@wip.tu-berlin.de>
World,HB_Gas_Boiler,All,999999,,GW,"no source needed, unlimited",21.02.2025,Konstantin Loffler <kl@wip.tu-berlin.de>
World,HB_Geothermal,All,999999,,GW,"no source needed, unlimited",21.02.2025,Konstantin Loffler <kl@wip.tu-berlin.de>
World,HB_H2_Boiler,All,999999,,GW,"no source needed, unlimited",21.02.2025,Konstantin Loffler <kl@wip.tu-berlin.de>
World,HB_Hardcoal,All,999999,,GW,"no source needed, unlimited",21.02.2025,Konstantin Loffler <kl@wip.tu-berlin.de>
World,HB_Heatpump_Aerial,All,999999,,GW,"no source needed, unlimited",21.02.2025,Konstantin Loffler <kl@wip.tu-berlin.de>
World,HB_Heatpump_Ground,All,999999,,GW,"no source needed, unlimited",21.02.2025,Konstantin Loffler <kl@wip.tu-berlin.de>
World,HB_Lignite,All,999999,,GW,"no source needed, unlimited",21.02.2025,Konstantin Loffler <kl@wip.tu-berlin.de>
World,HB_Oil_Boiler,All,999999,,GW,"no source needed, unlimited",21.02.2025,Konstantin Loffler <kl@wip.tu-berlin.de>
World,HB_Solar_Thermal,All,999999,,GW,"no source needed, unlimited",21.02.2025,Konstantin Loffler <kl@wip.tu-berlin.de>
World,HHI_BF_BOF,All,999999,,GW,"no source needed, unlimited",21.02.2025,Konstantin Loffler <kl@wip.tu-berlin.de>
World,HHI_Bio_BF_BOF,All,999999,,GW,"no source needed, unlimited",21.02.2025,Konstantin Loffler <kl@wip.tu-berlin.de>
World,HHI_DRI_EAF,All,999999,,GW,"no source needed, unlimited",21.02.2025,Konstantin Loffler <kl@wip.tu-berlin.de>
World,HHI_H2DRI_EAF,All,999999,,GW,"no source needed, unlimited",21.02.2025,Konstantin Loffler <kl@wip.tu-berlin.de>
World,HHI_Molten_Electrolysis,All,999999,,GW,"no source needed, unlimited",21.02.2025,Konstantin Loffler <kl@wip.tu-berlin.de>
World,HHI_Scrap_EAF,All,999999,,GW,"no source needed, unlimited",21.02.2025,Konstantin Loffler <kl@wip.tu-berlin.de>
World,HLI_Biomass,All,999999,,GW,"no source needed, unlimited",21.02.2025,Konstantin Loffler <kl@wip.tu-berlin.de>
World,HLI_Direct_Electric,All,999999,,GW,"no source needed, unlimited",21.02.2025,Konstantin Loffler <kl@wip.tu-berlin.de>
World,HLI_Gas_Boiler,All,999999,,GW,"no source needed, unlimited",21.02.2025,Konstantin Loffler <kl@wip.tu-berlin.de>
World,HLI_Geothermal,All,999999,,GW,"no source needed, unlimited",21.02.2025,Konstantin Loffler <kl@wip.tu-berlin.de>
World,HLI_H2_Boiler,All,999999,,GW,"no source needed, unlimited",21.02.2025,Konstantin Loffler <kl@wip.tu-berlin.de>
World,HLI_Hardcoal,All,999999,,GW,"no source needed, unlimited",21.02.2025,Konstantin Loffler <kl@wip.tu-berlin.de>
World,HLI_Lignite,All,999999,,GW,"no source needed, unlimited",21.02.2025,Konstantin Loffler <kl@wip.tu-berlin.de>
World,HLI_Oil_Boiler,All,999999,,GW,"no source needed, unlimited",21.02.2025,Konstantin Loffler <kl@wip.tu-berlin.de>
World,HLI_Solar_Thermal,All,999999,,GW,"no source needed, unlimited",21.02.2025,Konstantin Loffler <kl@wip.tu-berlin.de>
World,HMI_Biomass,All,999999,,GW,"no source needed, unlimited",21.02.2025,Konstantin Loffler <kl@wip.tu-berlin.de>
World,HMI_Gas,All,999999,,GW,"no source needed, unlimited",21.02.2025,Konstantin Loffler <kl@wip.tu-berlin.de>
World,HMI_HardCoal,All,999999,,GW,"no source needed, unlimited",21.02.2025,Konstantin Loffler <kl@wip.tu-berlin.de>
World,HMI_Oil,All,999999,,GW,"no source needed, unlimited",21.02.2025,Konstantin Loffler <kl@wip.tu-berlin.de>
World,HMI_Steam_Electric,All,999999,,GW,"no source needed, unlimited",21.02.2025,Konstantin Loffler <kl@wip.tu-berlin.de>
World,P_Biomass,All,999999,,GW,"no source needed, unlimited",21.02.2025,Konstantin Loffler <kl@wip.tu-berlin.de>
World,P_Coal_Hardcoal,All,999999,,GW,"no source needed, unlimited",21.02.2025,Konstantin Loffler <kl@wip.tu-berlin.de>
World,P_Coal_Lignite,All,999999,,GW,"no source needed, unlimited",21.02.2025,Konstantin Loffler <kl@wip.tu-berlin.de>
World,P_CSP,All,999999,,GW,"no source needed, unlimited",21.02.2025,Konstantin Loffler <kl@wip.tu-berlin.de>
World,P_Gas_CCGT,All,999999,,GW,"no source needed, unlimited",21.02.2025,Konstantin Loffler <kl@wip.tu-berlin.de>
World,P_Gas_Engines,All,999999,,GW,"no source needed, unlimited",21.02.2025,Konstantin Loffler <kl@wip.tu-berlin.de>
World,P_Gas_OCGT,All,999999,,GW,"no source needed, unlimited",21.02.2025,Konstantin Loffler <kl@wip.tu-berlin.de>
World,P_H2_OCGT,All,999999,,GW,"no source needed, unlimited",21.02.2025,Konstantin Loffler <kl@wip.tu-berlin.de>
World,P_Nuclear,All,999999,,GW,"no source needed, unlimited",21.02.2025,Konstantin Loffler <kl@wip.tu-berlin.de>
World,P_Oil,All,999999,,GW,"no source needed, unlimited",21.02.2025,Konstantin Loffler <kl@wip.tu-berlin.de>
World,P_PV_Rooftop_Commercial,All,999999,,GW,"no source needed, unlimited",21.02.2025,Konstantin Loffler <kl@wip.tu-berlin.de>
World,P_PV_Rooftop_Residential,All,999999,,GW,"no source needed, unlimited",21.02.2025,Konstantin Loffler <kl@wip.tu-berlin.de>
World,PSNG_Air_Bio,All,999999,,GW,"no source needed, unlimited",21.02.2025,Konstantin Loffler <kl@wip.tu-berlin.de>
World,PSNG_Air_Conv,All,999999,,GW,"no source needed, unlimited",21.02.2025,Konstantin Loffler <kl@wip.tu-berlin.de>
World,PSNG_Air_H2,All,999999,,GW,"no source needed, unlimited",21.02.2025,Konstantin Loffler <kl@wip.tu-berlin.de>
World,PSNG_Rail_Conv,All,999999,,GW,"no source needed, unlimited",21.02.2025,Konstantin Loffler <kl@wip.tu-berlin.de>
World,PSNG_Rail_Electric,All,999999,,GW,"no source needed, unlimited",21.02.2025,Konstantin Loffler <kl@wip.tu-berlin.de>
World,PSNG_Road_BEV,All,999999,,GW,"no source needed, unlimited",21.02.2025,Konstantin Loffler <kl@wip.tu-berlin.de>
World,PSNG_Road_H2,All,999999,,GW,"no source needed, unlimited",21.02.2025,Konstantin Loffler <kl@wip.tu-berlin.de>
World,PSNG_Road_ICE,All,999999,,GW,"no source needed, unlimited",21.02.2025,Konstantin Loffler <kl@wip.tu-berlin.de>
World,PSNG_Road_PHEV,All,999999,,GW,"no source needed, unlimited",21.02.2025,Konstantin Loffler <kl@wip.tu-berlin.de>
World,R_Biogas,All,999999,,GW,"no source needed, unlimited",21.02.2025,Konstantin Loffler <kl@wip.tu-berlin.de>
World,R_Coal_Hardcoal,All,999999,,GW,"no source needed, unlimited",21.02.2025,Konstantin Loffler <kl@wip.tu-berlin.de>
World,R_Coal_Lignite,All,999999,,GW,"no source needed, unlimited",21.02.2025,Konstantin Loffler <kl@wip.tu-berlin.de>
World,R_Gas,All,999999,,GW,"no source needed, unlimited",21.02.2025,Konstantin Loffler <kl@wip.tu-berlin.de>
World,R_Grass,All,999999,,GW,"no source needed, unlimited",21.02.2025,Konstantin Loffler <kl@wip.tu-berlin.de>
World,R_Nuclear,All,999999,,GW,"no source needed, unlimited",21.02.2025,Konstantin Loffler <kl@wip.tu-berlin.de>
World,R_Oil,All,999999,,GW,"no source needed, unlimited",21.02.2025,Konstantin Loffler <kl@wip.tu-berlin.de>
World,R_Paper_Cardboard,All,999999,,GW,"no source needed, unlimited",21.02.2025,Konstantin Loffler <kl@wip.tu-berlin.de>
World,R_Residues,All,999999,,GW,"no source needed, unlimited",21.02.2025,Konstantin Loffler <kl@wip.tu-berlin.de>
World,R_Roundwood,All,999999,,GW,"no source needed, unlimited",21.02.2025,Konstantin Loffler <kl@wip.tu-berlin.de>
World,R_Wood,All,999999,,GW,"no source needed, unlimited",21.02.2025,Konstantin Loffler <kl@wip.tu-berlin.de>
World,X_Alkaline_Electrolysis,All,999999,,GW,"no source needed, unlimited",21.02.2025,Konstantin Loffler <kl@wip.tu-berlin.de>
World,X_Biofuel,All,999999,,GW,"no source needed, unlimited",21.02.2025,Konstantin Loffler <kl@wip.tu-berlin.de>
World,X_Electrolysis,All,999999,,GW,"no source needed, unlimited",21.02.2025,Konstantin Loffler <kl@wip.tu-berlin.de>
World,X_Fuel_Cell,All,999999,,GW,"no source needed, unlimited",21.02.2025,Konstantin Loffler <kl@wip.tu-berlin.de>
World,X_Gasifier,All,999999,,GW,"no source needed, unlimited",21.02.2025,Konstantin Loffler <kl@wip.tu-berlin.de>
World,X_Methanation,All,999999,,GW,"no source needed, unlimited",21.02.2025,Konstantin Loffler <kl@wip.tu-berlin.de>
World,X_PEM_Electrolysis,All,999999,,GW,"no source needed, unlimited",21.02.2025,Konstantin Loffler <kl@wip.tu-berlin.de>
World,X_Powerfuel,All,999999,,GW,"no source needed, unlimited",21.02.2025,Konstantin Loffler <kl@wip.tu-berlin.de>
World,X_SMR,All,999999,,GW,"no source needed, unlimited",21.02.2025,Konstantin Loffler <kl@wip.tu-berlin.de>
World,X_SOEC_Electrolysis,All,999999,,GW,"no source needed, unlimited",21.02.2025,Konstantin Loffler <kl@wip.tu-berlin.de>
World,Z_Import_Gas,All,999999,,GW,"no source needed, unlimited",21.02.2025,Konstantin Loffler <kl@wip.tu-berlin.de>
World,Z_Import_H2,All,999999,,GW,"no source needed, unlimited",21.02.2025,Konstantin Loffler <kl@wip.tu-berlin.de>
World,Z_Import_Hardcoal,All,999999,,GW,"no source needed, unlimited",21.02.2025,Konstantin Loffler <kl@wip.tu-berlin.de>
World,Z_Import_LNG,All,999999,,GW,"no source needed, unlimited",21.02.2025,Konstantin Loffler <kl@wip.tu-berlin.de>
World,Z_Import_Oil,All,999999,,GW,"no source needed, unlimited",21.02.2025,Konstantin Loffler <kl@wip.tu-berlin.de>
UK,A_Rooftop_Commercial,All,304.7169969,,GW,,,
UK,A_Rooftop_Residential,All,328.2826013,,GW,,,
UK,D_PHS,All,4.3091,,GW,,,
UK,P_CSP,All,44.72,,GW,,,
UK,P_Hydro_Reservoir,2018,0,,GW,same as ResidualCapacity,21.01.2025,Nikita Moskalenko <nim@wip.tu-berlin.de>
UK,P_Hydro_Reservoir,2020,0,,GW,same as ResidualCapacity,21.01.2025,Nikita Moskalenko <nim@wip.tu-berlin.de>
UK,P_Hydro_Reservoir,2025,0,,GW,same as ResidualCapacity,21.01.2025,Nikita Moskalenko <nim@wip.tu-berlin.de>
UK,P_Hydro_Reservoir,2030,0,,GW,same as ResidualCapacity,21.01.2025,Nikita Moskalenko <nim@wip.tu-berlin.de>
UK,P_Hydro_Reservoir,2035,0,,GW,same as ResidualCapacity,21.01.2025,Nikita Moskalenko <nim@wip.tu-berlin.de>
UK,P_Hydro_Reservoir,2040,0,,GW,same as ResidualCapacity,21.01.2025,Nikita Moskalenko <nim@wip.tu-berlin.de>
UK,P_Hydro_Reservoir,2045,0,,GW,same as ResidualCapacity,21.01.2025,Nikita Moskalenko <nim@wip.tu-berlin.de>
UK,P_Hydro_Reservoir,2050,0,,GW,same as ResidualCapacity,21.01.2025,Nikita Moskalenko <nim@wip.tu-berlin.de>
UK,P_Hydro_Reservoir,2055,0,,GW,same as 2050 for now,29.01.2025,Nikita Moskalenko <nim@wip.tu-berlin.de>
UK,P_Hydro_Reservoir,2060,0,,GW,same as 2050 for now,29.01.2025,Nikita Moskalenko <nim@wip.tu-berlin.de>
UK,P_Hydro_RoR,2018,1.9191,,GW,same as ResidualCapacity,21.01.2025,Nikita Moskalenko <nim@wip.tu-berlin.de>
UK,P_Hydro_RoR,2020,1.9191,,GW,same as ResidualCapacity,21.01.2025,Nikita Moskalenko <nim@wip.tu-berlin.de>
UK,P_Hydro_RoR,2025,1.9191,,GW,same as ResidualCapacity,21.01.2025,Nikita Moskalenko <nim@wip.tu-berlin.de>
UK,P_Hydro_RoR,2030,1.9191,,GW,same as ResidualCapacity,21.01.2025,Nikita Moskalenko <nim@wip.tu-berlin.de>
UK,P_Hydro_RoR,2035,1.9191,,GW,same as ResidualCapacity,21.01.2025,Nikita Moskalenko <nim@wip.tu-berlin.de>
UK,P_Hydro_RoR,2040,1.9191,,GW,same as ResidualCapacity,21.01.2025,Nikita Moskalenko <nim@wip.tu-berlin.de>
UK,P_Hydro_RoR,2045,1.9191,,GW,same as ResidualCapacity,21.01.2025,Nikita Moskalenko <nim@wip.tu-berlin.de>
UK,P_Hydro_RoR,2050,1.9191,,GW,same as ResidualCapacity,21.01.2025,Nikita Moskalenko <nim@wip.tu-berlin.de>
UK,P_Hydro_RoR,2055,1.9191,,GW,same as 2050 for now,29.01.2025,Nikita Moskalenko <nim@wip.tu-berlin.de>
UK,P_Hydro_RoR,2060,1.9191,,GW,same as 2050 for now,29.01.2025,Nikita Moskalenko <nim@wip.tu-berlin.de>
UK,P_Wind_Offshore_Deep,All,42.9,,GW,,,
UK,P_Wind_Offshore_Shallow,All,42.9,,GW,,,
UK,P_Wind_Offshore_Transitional,All,42.9,,GW,,,
UK,P_Wind_Onshore_Avg,All,92.08333333,,GW,,,
UK,P_Wind_Onshore_Inf,All,92.08333333,,GW,,,
UK,P_Wind_Onshore_Opt,All,92.08333333,,GW,,,
UA,A_Rooftop_Commercial,All,0,,GW,,,
UA,A_Rooftop_Residential,All,0,,GW,,,
UA,D_PHS,All,0,,GW,,,
UA,P_CSP,All,0,,GW,,,
UA,P_PV_Utility_Avg,All,0,,GW,,,
UA,P_PV_Utility_Inf,All,0,,GW,,,
UA,P_PV_Utility_Opt,All,0,,GW,,,
UA,P_Wind_Offshore_Deep,All,0,,GW,,,
UA,P_Wind_Offshore_Shallow,All,0,,GW,,,
UA,P_Wind_Offshore_Transitional,All,0,,GW,,,
UA,P_Wind_Onshore_Avg,All,0,,GW,,,
UA,P_Wind_Onshore_Inf,All,0,,GW,,,
UA,P_Wind_Onshore_Opt,All,0,,GW,,,
TR,A_Rooftop_Commercial,All,70.63930282,,GW,,,
TR,A_Rooftop_Residential,All,100.1888111,,GW,,,
TR,D_PHS,All,0,,GW,,,
TR,HB_Solar_Thermal,All,91.83109367,,GW,,,
TR,HLI_Solar_Thermal,All,130.2454544,,GW,,,
TR,P_CSP,All,9168.12,,GW,needs update,21.02.2025,Konstantin Loffler <kl@wip.tu-berlin.de>
TR,P_Geothermal,All,0,,GW,,,
TR,P_Hydro_Reservoir,2018,19.1,,GW,same as ResidualCapacity,21.01.2025,Nikita Moskalenko <nim@wip.tu-berlin.de>
TR,P_Hydro_Reservoir,2020,19.1,,GW,same as ResidualCapacity,21.01.2025,Nikita Moskalenko <nim@wip.tu-berlin.de>
TR,P_Hydro_Reservoir,2025,19.1,,GW,same as ResidualCapacity,21.01.2025,Nikita Moskalenko <nim@wip.tu-berlin.de>
TR,P_Hydro_Reservoir,2030,19.1,,GW,same as ResidualCapacity,21.01.2025,Nikita Moskalenko <nim@wip.tu-berlin.de>
TR,P_Hydro_Reservoir,2035,19.1,,GW,same as ResidualCapacity,21.01.2025,Nikita Moskalenko <nim@wip.tu-berlin.de>
TR,P_Hydro_Reservoir,2040,19.1,,GW,same as ResidualCapacity,21.01.2025,Nikita Moskalenko <nim@wip.tu-berlin.de>
TR,P_Hydro_Reservoir,2045,19.1,,GW,same as ResidualCapacity,21.01.2025,Nikita Moskalenko <nim@wip.tu-berlin.de>
TR,P_Hydro_Reservoir,2050,19.1,,GW,same as ResidualCapacity,21.01.2025,Nikita Moskalenko <nim@wip.tu-berlin.de>
TR,P_Hydro_Reservoir,2055,19.1,,GW,same as 2050 for now,29.01.2025,Nikita Moskalenko <nim@wip.tu-berlin.de>
TR,P_Hydro_Reservoir,2060,19.1,,GW,same as 2050 for now,29.01.2025,Nikita Moskalenko <nim@wip.tu-berlin.de>
TR,P_Hydro_RoR,2018,6.8,,GW,same as ResidualCapacity,21.01.2025,Nikita Moskalenko <nim@wip.tu-berlin.de>
TR,P_Hydro_RoR,2020,6.8,,GW,same as ResidualCapacity,21.01.2025,Nikita Moskalenko <nim@wip.tu-berlin.de>
TR,P_Hydro_RoR,2025,6.8,,GW,same as ResidualCapacity,21.01.2025,Nikita Moskalenko <nim@wip.tu-berlin.de>
TR,P_Hydro_RoR,2030,6.8,,GW,same as ResidualCapacity,21.01.2025,Nikita Moskalenko <nim@wip.tu-berlin.de>
TR,P_Hydro_RoR,2035,6.8,,GW,same as ResidualCapacity,21.01.2025,Nikita Moskalenko <nim@wip.tu-berlin.de>
TR,P_Hydro_RoR,2040,6.8,,GW,same as ResidualCapacity,21.01.2025,Nikita Moskalenko <nim@wip.tu-berlin.de>
TR,P_Hydro_RoR,2045,6.8,,GW,same as ResidualCapacity,21.01.2025,Nikita Moskalenko <nim@wip.tu-berlin.de>
TR,P_Hydro_RoR,2050,6.8,,GW,same as ResidualCapacity,21.01.2025,Nikita Moskalenko <nim@wip.tu-berlin.de>
TR,P_Hydro_RoR,2055,6.8,,GW,same as 2050 for now,29.01.2025,Nikita Moskalenko <nim@wip.tu-berlin.de>
TR,P_Hydro_RoR,2060,6.8,,GW,same as 2050 for now,29.01.2025,Nikita Moskalenko <nim@wip.tu-berlin.de>
TR,P_Ocean,All,0,,GW,,,
TR,P_Wind_Offshore_Deep,All,13,,GW,,,
TR,P_Wind_Offshore_Shallow,All,13,,GW,,,
TR,P_Wind_Offshore_Transitional,All,13,,GW,,,
TR,P_Wind_Onshore_Avg,All,101.14,,GW,,,
TR,P_Wind_Onshore_Inf,All,101.14,,GW,,,
TR,P_Wind_Onshore_Opt,All,101.14,,GW,,,
SK,A_Rooftop_Commercial,All,31.10050777,,GW,,,
SK,A_Rooftop_Residential,All,33.50569773,,GW,,,
SK,D_PHS,All,0,,GW,,,
SK,P_CSP,All,5.07,,GW,,,
SK,P_Hydro_Reservoir,2018,0.418,,GW,same as ResidualCapacity,21.01.2025,Nikita Moskalenko <nim@wip.tu-berlin.de>
SK,P_Hydro_Reservoir,2020,0.418,,GW,same as ResidualCapacity,21.01.2025,Nikita Moskalenko <nim@wip.tu-berlin.de>
SK,P_Hydro_Reservoir,2025,0.418,,GW,same as ResidualCapacity,21.01.2025,Nikita Moskalenko <nim@wip.tu-berlin.de>
SK,P_Hydro_Reservoir,2030,0.418,,GW,same as ResidualCapacity,21.01.2025,Nikita Moskalenko <nim@wip.tu-berlin.de>
SK,P_Hydro_Reservoir,2035,0.418,,GW,same as ResidualCapacity,21.01.2025,Nikita Moskalenko <nim@wip.tu-berlin.de>
SK,P_Hydro_Reservoir,2040,0.418,,GW,same as ResidualCapacity,21.01.2025,Nikita Moskalenko <nim@wip.tu-berlin.de>
SK,P_Hydro_Reservoir,2045,0.418,,GW,same as ResidualCapacity,21.01.2025,Nikita Moskalenko <nim@wip.tu-berlin.de>
SK,P_Hydro_Reservoir,2050,0.418,,GW,same as ResidualCapacity,21.01.2025,Nikita Moskalenko <nim@wip.tu-berlin.de>
SK,P_Hydro_Reservoir,2055,0.418,,GW,same as 2050 for now,29.01.2025,Nikita Moskalenko <nim@wip.tu-berlin.de>
SK,P_Hydro_Reservoir,2060,0.418,,GW,same as 2050 for now,29.01.2025,Nikita Moskalenko <nim@wip.tu-berlin.de>
SK,P_Hydro_RoR,2018,1.2121,,GW,same as ResidualCapacity,21.01.2025,Nikita Moskalenko <nim@wip.tu-berlin.de>
SK,P_Hydro_RoR,2020,1.2121,,GW,same as ResidualCapacity,21.01.2025,Nikita Moskalenko <nim@wip.tu-berlin.de>
SK,P_Hydro_RoR,2025,1.2121,,GW,same as ResidualCapacity,21.01.2025,Nikita Moskalenko <nim@wip.tu-berlin.de>
SK,P_Hydro_RoR,2030,1.2121,,GW,same as ResidualCapacity,21.01.2025,Nikita Moskalenko <nim@wip.tu-berlin.de>
SK,P_Hydro_RoR,2035,1.2121,,GW,same as ResidualCapacity,21.01.2025,Nikita Moskalenko <nim@wip.tu-berlin.de>
SK,P_Hydro_RoR,2040,1.2121,,GW,same as ResidualCapacity,21.01.2025,Nikita Moskalenko <nim@wip.tu-berlin.de>
SK,P_Hydro_RoR,2045,1.2121,,GW,same as ResidualCapacity,21.01.2025,Nikita Moskalenko <nim@wip.tu-berlin.de>
SK,P_Hydro_RoR,2050,1.2121,,GW,same as ResidualCapacity,21.01.2025,Nikita Moskalenko <nim@wip.tu-berlin.de>
SK,P_Hydro_RoR,2055,1.2121,,GW,same as 2050 for now,29.01.2025,Nikita Moskalenko <nim@wip.tu-berlin.de>
SK,P_Hydro_RoR,2060,1.2121,,GW,same as 2050 for now,29.01.2025,Nikita Moskalenko <nim@wip.tu-berlin.de>
SK,P_Wind_Offshore_Deep,All,0,,GW,,,
SK,P_Wind_Offshore_Shallow,All,0,,GW,,,
SK,P_Wind_Offshore_Transitional,All,0,,GW,,,
SK,P_Wind_Onshore_Avg,All,11.78666667,,GW,,,
SK,P_Wind_Onshore_Inf,All,11.78666667,,GW,,,
SK,P_Wind_Onshore_Opt,All,11.78666667,,GW,,,
SI,A_Rooftop_Commercial,All,9.177199015,,GW,,,
SI,A_Rooftop_Residential,All,9.8869272,,GW,,,
SI,D_PHS,All,0,,GW,,,
SI,P_CSP,All,1.3,,GW,,,
SI,P_Hydro_Reservoir,2018,0.18,,GW,same as ResidualCapacity,21.01.2025,Nikita Moskalenko <nim@wip.tu-berlin.de>
SI,P_Hydro_Reservoir,2020,0.18,,GW,same as ResidualCapacity,21.01.2025,Nikita Moskalenko <nim@wip.tu-berlin.de>
SI,P_Hydro_Reservoir,2025,0.18,,GW,same as ResidualCapacity,21.01.2025,Nikita Moskalenko <nim@wip.tu-berlin.de>
SI,P_Hydro_Reservoir,2030,0.18,,GW,same as ResidualCapacity,21.01.2025,Nikita Moskalenko <nim@wip.tu-berlin.de>
SI,P_Hydro_Reservoir,2035,0.18,,GW,same as ResidualCapacity,21.01.2025,Nikita Moskalenko <nim@wip.tu-berlin.de>
SI,P_Hydro_Reservoir,2040,0.18,,GW,same as ResidualCapacity,21.01.2025,Nikita Moskalenko <nim@wip.tu-berlin.de>
SI,P_Hydro_Reservoir,2045,0.18,,GW,same as ResidualCapacity,21.01.2025,Nikita Moskalenko <nim@wip.tu-berlin.de>
SI,P_Hydro_Reservoir,2050,0.18,,GW,same as ResidualCapacity,21.01.2025,Nikita Moskalenko <nim@wip.tu-berlin.de>
SI,P_Hydro_Reservoir,2055,0.18,,GW,same as 2050 for now,29.01.2025,Nikita Moskalenko <nim@wip.tu-berlin.de>
SI,P_Hydro_Reservoir,2060,0.18,,GW,same as 2050 for now,29.01.2025,Nikita Moskalenko <nim@wip.tu-berlin.de>
SI,P_Hydro_RoR,2018,1.1251,,GW,same as ResidualCapacity,21.01.2025,Nikita Moskalenko <nim@wip.tu-berlin.de>
SI,P_Hydro_RoR,2020,1.1251,,GW,same as ResidualCapacity,21.01.2025,Nikita Moskalenko <nim@wip.tu-berlin.de>
SI,P_Hydro_RoR,2025,1.1251,,GW,same as ResidualCapacity,21.01.2025,Nikita Moskalenko <nim@wip.tu-berlin.de>
SI,P_Hydro_RoR,2030,1.1251,,GW,same as ResidualCapacity,21.01.2025,Nikita Moskalenko <nim@wip.tu-berlin.de>
SI,P_Hydro_RoR,2035,1.1251,,GW,same as ResidualCapacity,21.01.2025,Nikita Moskalenko <nim@wip.tu-berlin.de>
SI,P_Hydro_RoR,2040,1.1251,,GW,same as ResidualCapacity,21.01.2025,Nikita Moskalenko <nim@wip.tu-berlin.de>
SI,P_Hydro_RoR,2045,1.1251,,GW,same as ResidualCapacity,21.01.2025,Nikita Moskalenko <nim@wip.tu-berlin.de>
SI,P_Hydro_RoR,2050,1.1251,,GW,same as ResidualCapacity,21.01.2025,Nikita Moskalenko <nim@wip.tu-berlin.de>
SI,P_Hydro_RoR,2055,1.1251,,GW,same as 2050 for now,29.01.2025,Nikita Moskalenko <nim@wip.tu-berlin.de>
SI,P_Hydro_RoR,2060,1.1251,,GW,same as 2050 for now,29.01.2025,Nikita Moskalenko <nim@wip.tu-berlin.de>
SI,P_Wind_Offshore_Deep,All,0.13,,GW,,,
SI,P_Wind_Offshore_Shallow,All,0.13,,GW,,,
SI,P_Wind_Offshore_Transitional,All,0.13,,GW,,,
SI,P_Wind_Onshore_Avg,All,3.596666667,,GW,,,
SI,P_Wind_Onshore_Inf,All,3.596666667,,GW,,,
SI,P_Wind_Onshore_Opt,All,3.596666667,,GW,,,
SE,A_Rooftop_Commercial,All,50.98443897,,GW,,,
SE,A_Rooftop_Residential,All,54.92737333,,GW,,,
SE,D_PHS,All,16,,GW,,,
SE,P_CSP,All,8.06,,GW,,,
SE,P_Hydro_Reservoir,2018,4.98,,GW,same as ResidualCapacity,21.01.2025,Nikita Moskalenko <nim@wip.tu-berlin.de>
SE,P_Hydro_Reservoir,2020,4.98,,GW,same as ResidualCapacity,21.01.2025,Nikita Moskalenko <nim@wip.tu-berlin.de>
SE,P_Hydro_Reservoir,2025,4.98,,GW,same as ResidualCapacity,21.01.2025,Nikita Moskalenko <nim@wip.tu-berlin.de>
SE,P_Hydro_Reservoir,2030,4.98,,GW,same as ResidualCapacity,21.01.2025,Nikita Moskalenko <nim@wip.tu-berlin.de>
SE,P_Hydro_Reservoir,2035,4.98,,GW,same as ResidualCapacity,21.01.2025,Nikita Moskalenko <nim@wip.tu-berlin.de>
SE,P_Hydro_Reservoir,2040,4.98,,GW,same as ResidualCapacity,21.01.2025,Nikita Moskalenko <nim@wip.tu-berlin.de>
SE,P_Hydro_Reservoir,2045,4.98,,GW,same as ResidualCapacity,21.01.2025,Nikita Moskalenko <nim@wip.tu-berlin.de>
SE,P_Hydro_Reservoir,2050,4.98,,GW,same as ResidualCapacity,21.01.2025,Nikita Moskalenko <nim@wip.tu-berlin.de>
SE,P_Hydro_Reservoir,2055,4.98,,GW,same as 2050 for now,29.01.2025,Nikita Moskalenko <nim@wip.tu-berlin.de>
SE,P_Hydro_Reservoir,2060,4.98,,GW,same as 2050 for now,29.01.2025,Nikita Moskalenko <nim@wip.tu-berlin.de>
SE,P_Hydro_RoR,2018,11.22,,GW,same as ResidualCapacity,21.01.2025,Nikita Moskalenko <nim@wip.tu-berlin.de>
SE,P_Hydro_RoR,2020,11.22,,GW,same as ResidualCapacity,21.01.2025,Nikita Moskalenko <nim@wip.tu-berlin.de>
SE,P_Hydro_RoR,2025,11.22,,GW,same as ResidualCapacity,21.01.2025,Nikita Moskalenko <nim@wip.tu-berlin.de>
SE,P_Hydro_RoR,2030,11.22,,GW,same as ResidualCapacity,21.01.2025,Nikita Moskalenko <nim@wip.tu-berlin.de>
SE,P_Hydro_RoR,2035,11.22,,GW,same as ResidualCapacity,21.01.2025,Nikita Moskalenko <nim@wip.tu-berlin.de>
SE,P_Hydro_RoR,2040,11.22,,GW,same as ResidualCapacity,21.01.2025,Nikita Moskalenko <nim@wip.tu-berlin.de>
SE,P_Hydro_RoR,2045,11.22,,GW,same as ResidualCapacity,21.01.2025,Nikita Moskalenko <nim@wip.tu-berlin.de>
SE,P_Hydro_RoR,2050,11.22,,GW,same as ResidualCapacity,21.01.2025,Nikita Moskalenko <nim@wip.tu-berlin.de>
SE,P_Hydro_RoR,2055,11.22,,GW,same as 2050 for now,29.01.2025,Nikita Moskalenko <nim@wip.tu-berlin.de>
SE,P_Hydro_RoR,2060,11.22,,GW,same as 2050 for now,29.01.2025,Nikita Moskalenko <nim@wip.tu-berlin.de>
SE,P_Wind_Offshore_Deep,All,72.67,,GW,,,
SE,P_Wind_Offshore_Shallow,All,72.67,,GW,,,
SE,P_Wind_Offshore_Transitional,All,72.67,,GW,,,
SE,P_Wind_Onshore_Avg,All,40.47333333,,GW,,,
SE,P_Wind_Onshore_Inf,All,40.47333333,,GW,,,
SE,P_Wind_Onshore_Opt,All,40.47333333,,GW,,,
RU,A_Rooftop_Commercial,All,0,,GW,,,
RU,A_Rooftop_Residential,All,0,,GW,,,
RU,D_PHS,All,0,,GW,,,
RU,P_CSP,All,0,,GW,,,
RU,P_PV_Utility_Avg,All,0,,GW,,,
RU,P_PV_Utility_Inf,All,0,,GW,,,
RU,P_PV_Utility_Opt,All,0,,GW,,,
RU,P_Wind_Offshore_Deep,All,0,,GW,,,
RU,P_Wind_Offshore_Shallow,All,0,,GW,,,
RU,P_Wind_Offshore_Transitional,All,0,,GW,,,
RU,P_Wind_Onshore_Avg,All,0,,GW,,,
RU,P_Wind_Onshore_Inf,All,0,,GW,,,
RU,P_Wind_Onshore_Opt,All,0,,GW,,,
RS,A_Rooftop_Commercial,All,79.0874764,,GW,,,
RS,A_Rooftop_Residential,All,85.20378825,,GW,,,
RS,D_PHS,All,0.125,,GW,,,
RS,P_CSP,All,20.53071429,,GW,,,
RS,P_PV_Utility_Avg,All,20.16570573,,GW,,,
RS,P_PV_Utility_Inf,All,20.16570573,,GW,,,
RS,P_PV_Utility_Opt,All,20.16570573,,GW,,,
RS,P_Wind_Offshore_Deep,All,1.276920435,,GW,,,
RS,P_Wind_Offshore_Shallow,All,1.276920435,,GW,,,
RS,P_Wind_Offshore_Transitional,All,1.276920435,,GW,,,
RS,P_Wind_Onshore_Avg,All,32.45305331,,GW,,,
RS,P_Wind_Onshore_Inf,All,32.45305331,,GW,,,
RS,P_Wind_Onshore_Opt,All,32.45305331,,GW,,,
RO,A_Rooftop_Commercial,All,188.9823205,,GW,,,
RO,A_Rooftop_Residential,All,203.5974638,,GW,,,
RO,D_PHS,All,0,,GW,,,
RO,P_CSP,All,36.79,,GW,,,
RO,P_Hydro_Reservoir,2018,3.803,,GW,same as ResidualCapacity,21.01.2025,Nikita Moskalenko <nim@wip.tu-berlin.de>
RO,P_Hydro_Reservoir,2020,3.803,,GW,same as ResidualCapacity,21.01.2025,Nikita Moskalenko <nim@wip.tu-berlin.de>
RO,P_Hydro_Reservoir,2025,3.803,,GW,same as ResidualCapacity,21.01.2025,Nikita Moskalenko <nim@wip.tu-berlin.de>
RO,P_Hydro_Reservoir,2030,3.803,,GW,same as ResidualCapacity,21.01.2025,Nikita Moskalenko <nim@wip.tu-berlin.de>
RO,P_Hydro_Reservoir,2035,3.803,,GW,same as ResidualCapacity,21.01.2025,Nikita Moskalenko <nim@wip.tu-berlin.de>
RO,P_Hydro_Reservoir,2040,3.803,,GW,same as ResidualCapacity,21.01.2025,Nikita Moskalenko <nim@wip.tu-berlin.de>
RO,P_Hydro_Reservoir,2045,3.803,,GW,same as ResidualCapacity,21.01.2025,Nikita Moskalenko <nim@wip.tu-berlin.de>
RO,P_Hydro_Reservoir,2050,3.803,,GW,same as ResidualCapacity,21.01.2025,Nikita Moskalenko <nim@wip.tu-berlin.de>
RO,P_Hydro_Reservoir,2055,3.803,,GW,same as 2050 for now,29.01.2025,Nikita Moskalenko <nim@wip.tu-berlin.de>
RO,P_Hydro_Reservoir,2060,3.803,,GW,same as 2050 for now,29.01.2025,Nikita Moskalenko <nim@wip.tu-berlin.de>
RO,P_Hydro_RoR,2018,2.781,,GW,same as ResidualCapacity,21.01.2025,Nikita Moskalenko <nim@wip.tu-berlin.de>
RO,P_Hydro_RoR,2020,2.781,,GW,same as ResidualCapacity,21.01.2025,Nikita Moskalenko <nim@wip.tu-berlin.de>
RO,P_Hydro_RoR,2025,2.781,,GW,same as ResidualCapacity,21.01.2025,Nikita Moskalenko <nim@wip.tu-berlin.de>
RO,P_Hydro_RoR,2030,2.781,,GW,same as ResidualCapacity,21.01.2025,Nikita Moskalenko <nim@wip.tu-berlin.de>
RO,P_Hydro_RoR,2035,2.781,,GW,same as ResidualCapacity,21.01.2025,Nikita Moskalenko <nim@wip.tu-berlin.de>
RO,P_Hydro_RoR,2040,2.781,,GW,same as ResidualCapacity,21.01.2025,Nikita Moskalenko <nim@wip.tu-berlin.de>
RO,P_Hydro_RoR,2045,2.781,,GW,same as ResidualCapacity,21.01.2025,Nikita Moskalenko <nim@wip.tu-berlin.de>
RO,P_Hydro_RoR,2050,2.781,,GW,same as ResidualCapacity,21.01.2025,Nikita Moskalenko <nim@wip.tu-berlin.de>
RO,P_Hydro_RoR,2055,2.781,,GW,same as 2050 for now,29.01.2025,Nikita Moskalenko <nim@wip.tu-berlin.de>
RO,P_Hydro_RoR,2060,2.781,,GW,same as 2050 for now,29.01.2025,Nikita Moskalenko <nim@wip.tu-berlin.de>
RO,P_Wind_Offshore_Deep,All,10.53,,GW,,,
RO,P_Wind_Offshore_Shallow,All,10.53,,GW,,,
RO,P_Wind_Offshore_Transitional,All,10.53,,GW,,,
RO,P_Wind_Onshore_Avg,All,79.3,,GW,,,
RO,P_Wind_Onshore_Inf,All,79.3,,GW,,,
RO,P_Wind_Onshore_Opt,All,79.3,,GW,,,
PT,A_Rooftop_Commercial,All,59.6517936,,GW,,,
PT,A_Rooftop_Residential,All,64.2650268,,GW,,,
PT,D_PHS,All,3.7071,,GW,,,
PT,P_CSP,All,9.62,,GW,,,
PT,P_Hydro_Reservoir,2018,1.6291,,GW,same as ResidualCapacity,21.01.2025,Nikita Moskalenko <nim@wip.tu-berlin.de>
PT,P_Hydro_Reservoir,2020,1.6291,,GW,same as ResidualCapacity,21.01.2025,Nikita Moskalenko <nim@wip.tu-berlin.de>
PT,P_Hydro_Reservoir,2025,1.6291,,GW,same as ResidualCapacity,21.01.2025,Nikita Moskalenko <nim@wip.tu-berlin.de>
PT,P_Hydro_Reservoir,2030,1.6291,,GW,same as ResidualCapacity,21.01.2025,Nikita Moskalenko <nim@wip.tu-berlin.de>
PT,P_Hydro_Reservoir,2035,1.6291,,GW,same as ResidualCapacity,21.01.2025,Nikita Moskalenko <nim@wip.tu-berlin.de>
PT,P_Hydro_Reservoir,2040,1.6291,,GW,same as ResidualCapacity,21.01.2025,Nikita Moskalenko <nim@wip.tu-berlin.de>
PT,P_Hydro_Reservoir,2045,1.6291,,GW,same as ResidualCapacity,21.01.2025,Nikita Moskalenko <nim@wip.tu-berlin.de>
PT,P_Hydro_Reservoir,2050,1.6291,,GW,same as ResidualCapacity,21.01.2025,Nikita Moskalenko <nim@wip.tu-berlin.de>
PT,P_Hydro_Reservoir,2055,1.6291,,GW,same as 2050 for now,29.01.2025,Nikita Moskalenko <nim@wip.tu-berlin.de>
PT,P_Hydro_Reservoir,2060,1.6291,,GW,same as 2050 for now,29.01.2025,Nikita Moskalenko <nim@wip.tu-berlin.de>
PT,P_Hydro_RoR,2018,2.8561,,GW,same as ResidualCapacity,21.01.2025,Nikita Moskalenko <nim@wip.tu-berlin.de>
PT,P_Hydro_RoR,2020,2.8561,,GW,same as ResidualCapacity,21.01.2025,Nikita Moskalenko <nim@wip.tu-berlin.de>
PT,P_Hydro_RoR,2025,2.8561,,GW,same as ResidualCapacity,21.01.2025,Nikita Moskalenko <nim@wip.tu-berlin.de>
PT,P_Hydro_RoR,2030,2.8561,,GW,same as ResidualCapacity,21.01.2025,Nikita Moskalenko <nim@wip.tu-berlin.de>
PT,P_Hydro_RoR,2035,2.8561,,GW,same as ResidualCapacity,21.01.2025,Nikita Moskalenko <nim@wip.tu-berlin.de>
PT,P_Hydro_RoR,2040,2.8561,,GW,same as ResidualCapacity,21.01.2025,Nikita Moskalenko <nim@wip.tu-berlin.de>
PT,P_Hydro_RoR,2045,2.8561,,GW,same as ResidualCapacity,21.01.2025,Nikita Moskalenko <nim@wip.tu-berlin.de>
PT,P_Hydro_RoR,2050,2.8561,,GW,same as ResidualCapacity,21.01.2025,Nikita Moskalenko <nim@wip.tu-berlin.de>
PT,P_Hydro_RoR,2055,2.8561,,GW,same as 2050 for now,29.01.2025,Nikita Moskalenko <nim@wip.tu-berlin.de>
PT,P_Hydro_RoR,2060,2.8561,,GW,same as 2050 for now,29.01.2025,Nikita Moskalenko <nim@wip.tu-berlin.de>
PT,P_Wind_Offshore_Deep,All,7.236666667,,GW,,,
PT,P_Wind_Offshore_Shallow,All,7.236666667,,GW,,,
PT,P_Wind_Offshore_Transitional,All,7.236666667,,GW,,,
PT,P_Wind_Onshore_Avg,All,22.1,,GW,,,
PT,P_Wind_Onshore_Inf,All,22.1,,GW,,,
PT,P_Wind_Onshore_Opt,All,22.1,,GW,,,
PL,A_Rooftop_Commercial,All,228.4102866,,GW,,,
PL,A_Rooftop_Residential,All,246.0746325,,GW,,,
PL,D_PHS,All,0,,GW,,,
PL,P_CSP,All,37.96,,GW,,,
PL,P_Hydro_Reservoir,2018,2.391,,GW,same as ResidualCapacity,21.01.2025,Nikita Moskalenko <nim@wip.tu-berlin.de>
PL,P_Hydro_Reservoir,2020,2.391,,GW,same as ResidualCapacity,21.01.2025,Nikita Moskalenko <nim@wip.tu-berlin.de>
PL,P_Hydro_Reservoir,2025,2.391,,GW,same as ResidualCapacity,21.01.2025,Nikita Moskalenko <nim@wip.tu-berlin.de>
PL,P_Hydro_Reservoir,2030,2.391,,GW,same as ResidualCapacity,21.01.2025,Nikita Moskalenko <nim@wip.tu-berlin.de>
PL,P_Hydro_Reservoir,2035,2.391,,GW,same as ResidualCapacity,21.01.2025,Nikita Moskalenko <nim@wip.tu-berlin.de>
PL,P_Hydro_Reservoir,2040,2.391,,GW,same as ResidualCapacity,21.01.2025,Nikita Moskalenko <nim@wip.tu-berlin.de>
PL,P_Hydro_Reservoir,2045,2.391,,GW,same as ResidualCapacity,21.01.2025,Nikita Moskalenko <nim@wip.tu-berlin.de>
PL,P_Hydro_Reservoir,2050,2.391,,GW,same as ResidualCapacity,21.01.2025,Nikita Moskalenko <nim@wip.tu-berlin.de>
PL,P_Hydro_Reservoir,2055,2.391,,GW,same as 2050 for now,29.01.2025,Nikita Moskalenko <nim@wip.tu-berlin.de>
PL,P_Hydro_Reservoir,2060,2.391,,GW,same as 2050 for now,29.01.2025,Nikita Moskalenko <nim@wip.tu-berlin.de>
PL,P_Hydro_RoR,2018,0.455,,GW,same as ResidualCapacity,21.01.2025,Nikita Moskalenko <nim@wip.tu-berlin.de>
PL,P_Hydro_RoR,2020,0.455,,GW,same as ResidualCapacity,21.01.2025,Nikita Moskalenko <nim@wip.tu-berlin.de>
PL,P_Hydro_RoR,2025,0.455,,GW,same as ResidualCapacity,21.01.2025,Nikita Moskalenko <nim@wip.tu-berlin.de>
PL,P_Hydro_RoR,2030,0.455,,GW,same as ResidualCapacity,21.01.2025,Nikita Moskalenko <nim@wip.tu-berlin.de>
PL,P_Hydro_RoR,2035,0.455,,GW,same as ResidualCapacity,21.01.2025,Nikita Moskalenko <nim@wip.tu-berlin.de>
PL,P_Hydro_RoR,2040,0.455,,GW,same as ResidualCapacity,21.01.2025,Nikita Moskalenko <nim@wip.tu-berlin.de>
PL,P_Hydro_RoR,2045,0.455,,GW,same as ResidualCapacity,21.01.2025,Nikita Moskalenko <nim@wip.tu-berlin.de>
PL,P_Hydro_RoR,2050,0.455,,GW,same as ResidualCapacity,21.01.2025,Nikita Moskalenko <nim@wip.tu-berlin.de>
PL,P_Hydro_RoR,2055,0.455,,GW,same as 2050 for now,29.01.2025,Nikita Moskalenko <nim@wip.tu-berlin.de>
PL,P_Hydro_RoR,2060,0.455,,GW,same as 2050 for now,29.01.2025,Nikita Moskalenko <nim@wip.tu-berlin.de>
PL,P_Wind_Offshore_Deep,All,17.63666667,,GW,,,
PL,P_Wind_Offshore_Shallow,All,17.63666667,,GW,,,
PL,P_Wind_Offshore_Transitional,All,17.63666667,,GW,,,
PL,P_Wind_Onshore_Avg,All,84.02333333,,GW,,,
PL,P_Wind_Onshore_Inf,All,84.02333333,,GW,,,
PL,P_Wind_Onshore_Opt,All,84.02333333,,GW,,,
NONEU_Balkan,A_Rooftop_Commercial,All,70.63930282,,GW,,,
NONEU_Balkan,A_Rooftop_Residential,All,100.1888111,,GW,,,
NONEU_Balkan,D_PHS,All,5.3367795,,GW,,,
NONEU_Balkan,P_CSP,All,22.98771429,,GW,,,
NONEU_Balkan,P_Geothermal,All,1.17,,GW,,,
NONEU_Balkan,P_Hydro_Reservoir,2018,4.409,,GW,same as ResidualCapacity,21.01.2025,Nikita Moskalenko <nim@wip.tu-berlin.de>
NONEU_Balkan,P_Hydro_Reservoir,2020,4.409,,GW,same as ResidualCapacity,21.01.2025,Nikita Moskalenko <nim@wip.tu-berlin.de>
NONEU_Balkan,P_Hydro_Reservoir,2025,4.409,,GW,same as ResidualCapacity,21.01.2025,Nikita Moskalenko <nim@wip.tu-berlin.de>
NONEU_Balkan,P_Hydro_Reservoir,2030,4.409,,GW,same as ResidualCapacity,21.01.2025,Nikita Moskalenko <nim@wip.tu-berlin.de>
NONEU_Balkan,P_Hydro_Reservoir,2035,4.409,,GW,same as ResidualCapacity,21.01.2025,Nikita Moskalenko <nim@wip.tu-berlin.de>
NONEU_Balkan,P_Hydro_Reservoir,2040,4.409,,GW,same as ResidualCapacity,21.01.2025,Nikita Moskalenko <nim@wip.tu-berlin.de>
NONEU_Balkan,P_Hydro_Reservoir,2045,4.409,,GW,same as ResidualCapacity,21.01.2025,Nikita Moskalenko <nim@wip.tu-berlin.de>
NONEU_Balkan,P_Hydro_Reservoir,2050,4.409,,GW,same as ResidualCapacity,21.01.2025,Nikita Moskalenko <nim@wip.tu-berlin.de>
NONEU_Balkan,P_Hydro_Reservoir,2055,4.409,,GW,same as 2050 for now,29.01.2025,Nikita Moskalenko <nim@wip.tu-berlin.de>
NONEU_Balkan,P_Hydro_Reservoir,2060,4.409,,GW,same as 2050 for now,29.01.2025,Nikita Moskalenko <nim@wip.tu-berlin.de>
NONEU_Balkan,P_Hydro_RoR,2018,3.624,,GW,same as ResidualCapacity,21.01.2025,Nikita Moskalenko <nim@wip.tu-berlin.de>
NONEU_Balkan,P_Hydro_RoR,2020,3.624,,GW,same as ResidualCapacity,21.01.2025,Nikita Moskalenko <nim@wip.tu-berlin.de>
NONEU_Balkan,P_Hydro_RoR,2025,3.624,,GW,same as ResidualCapacity,21.01.2025,Nikita Moskalenko <nim@wip.tu-berlin.de>
NONEU_Balkan,P_Hydro_RoR,2030,3.624,,GW,same as ResidualCapacity,21.01.2025,Nikita Moskalenko <nim@wip.tu-berlin.de>
NONEU_Balkan,P_Hydro_RoR,2035,3.624,,GW,same as ResidualCapacity,21.01.2025,Nikita Moskalenko <nim@wip.tu-berlin.de>
NONEU_Balkan,P_Hydro_RoR,2040,3.624,,GW,same as ResidualCapacity,21.01.2025,Nikita Moskalenko <nim@wip.tu-berlin.de>
NONEU_Balkan,P_Hydro_RoR,2045,3.624,,GW,same as ResidualCapacity,21.01.2025,Nikita Moskalenko <nim@wip.tu-berlin.de>
NONEU_Balkan,P_Hydro_RoR,2050,3.624,,GW,same as ResidualCapacity,21.01.2025,Nikita Moskalenko <nim@wip.tu-berlin.de>
NONEU_Balkan,P_Hydro_RoR,2055,3.624,,GW,same as 2050 for now,29.01.2025,Nikita Moskalenko <nim@wip.tu-berlin.de>
NONEU_Balkan,P_Hydro_RoR,2060,3.624,,GW,same as 2050 for now,29.01.2025,Nikita Moskalenko <nim@wip.tu-berlin.de>
NONEU_Balkan,P_Ocean,All,0.117673885,,GW,,,
NONEU_Balkan,P_Wind_Offshore_Deep,All,2.403326044,,GW,,,
NONEU_Balkan,P_Wind_Offshore_Shallow,All,0,,GW,,,
NONEU_Balkan,P_Wind_Offshore_Transitional,All,2.403326044,,GW,,,
NONEU_Balkan,P_Wind_Onshore_Avg,All,61.08075814,,GW,,,
NONEU_Balkan,P_Wind_Onshore_Inf,All,61.08075814,,GW,,,
NONEU_Balkan,P_Wind_Onshore_Opt,All,48.52275814,,GW,,,
NO,A_Rooftop_Commercial,All,20.39377559,,GW,,,
NO,A_Rooftop_Residential,All,21.97094933,,GW,,,
NO,D_PHS,All,5.75,,GW,,,
NO,P_CSP,All,2.6,,GW,,,
NO,P_Hydro_Reservoir,2018,26.661,,GW,same as ResidualCapacity,21.01.2025,Nikita Moskalenko <nim@wip.tu-berlin.de>
NO,P_Hydro_Reservoir,2020,26.661,,GW,same as ResidualCapacity,21.01.2025,Nikita Moskalenko <nim@wip.tu-berlin.de>
NO,P_Hydro_Reservoir,2025,26.661,,GW,same as ResidualCapacity,21.01.2025,Nikita Moskalenko <nim@wip.tu-berlin.de>
NO,P_Hydro_Reservoir,2030,26.661,,GW,same as ResidualCapacity,21.01.2025,Nikita Moskalenko <nim@wip.tu-berlin.de>
NO,P_Hydro_Reservoir,2035,26.661,,GW,same as ResidualCapacity,21.01.2025,Nikita Moskalenko <nim@wip.tu-berlin.de>
NO,P_Hydro_Reservoir,2040,26.661,,GW,same as ResidualCapacity,21.01.2025,Nikita Moskalenko <nim@wip.tu-berlin.de>
NO,P_Hydro_Reservoir,2045,26.661,,GW,same as ResidualCapacity,21.01.2025,Nikita Moskalenko <nim@wip.tu-berlin.de>
NO,P_Hydro_Reservoir,2050,26.661,,GW,same as ResidualCapacity,21.01.2025,Nikita Moskalenko <nim@wip.tu-berlin.de>
NO,P_Hydro_Reservoir,2055,26.661,,GW,same as 2050 for now,29.01.2025,Nikita Moskalenko <nim@wip.tu-berlin.de>
NO,P_Hydro_Reservoir,2060,26.661,,GW,same as 2050 for now,29.01.2025,Nikita Moskalenko <nim@wip.tu-berlin.de>
NO,P_Hydro_RoR,2018,8.473811519,,GW,same as ResidualCapacity,21.01.2025,Nikita Moskalenko <nim@wip.tu-berlin.de>
NO,P_Hydro_RoR,2020,8.473811519,,GW,same as ResidualCapacity,21.01.2025,Nikita Moskalenko <nim@wip.tu-berlin.de>
NO,P_Hydro_RoR,2025,8.473811519,,GW,same as ResidualCapacity,21.01.2025,Nikita Moskalenko <nim@wip.tu-berlin.de>
NO,P_Hydro_RoR,2030,8.473811519,,GW,same as ResidualCapacity,21.01.2025,Nikita Moskalenko <nim@wip.tu-berlin.de>
NO,P_Hydro_RoR,2035,8.473811519,,GW,same as ResidualCapacity,21.01.2025,Nikita Moskalenko <nim@wip.tu-berlin.de>
NO,P_Hydro_RoR,2040,8.473811519,,GW,same as ResidualCapacity,21.01.2025,Nikita Moskalenko <nim@wip.tu-berlin.de>
NO,P_Hydro_RoR,2045,8.473811519,,GW,same as ResidualCapacity,21.01.2025,Nikita Moskalenko <nim@wip.tu-berlin.de>
NO,P_Hydro_RoR,2050,8.473811519,,GW,same as ResidualCapacity,21.01.2025,Nikita Moskalenko <nim@wip.tu-berlin.de>
NO,P_Hydro_RoR,2055,8.473811519,,GW,same as 2050 for now,29.01.2025,Nikita Moskalenko <nim@wip.tu-berlin.de>
NO,P_Hydro_RoR,2060,8.473811519,,GW,same as 2050 for now,29.01.2025,Nikita Moskalenko <nim@wip.tu-berlin.de>
NO,P_Wind_Offshore_Deep,2018,1,,GW,Norwegian policy and ambition ( NVE - Langsiktig kraftmarkedsanalyse 2023),09.10.2024,Stian Backe <stian.backe@sintef.no>
NO,P_Wind_Offshore_Deep,2020,1,,GW,Norwegian policy and ambition ( NVE - Langsiktig kraftmarkedsanalyse 2023),09.10.2024,Stian Backe <stian.backe@sintef.no>
NO,P_Wind_Offshore_Deep,2025,5,,GW,Norwegian policy and ambition ( NVE - Langsiktig kraftmarkedsanalyse 2023),09.10.2024,Stian Backe <stian.backe@sintef.no>
NO,P_Wind_Offshore_Deep,2030,10,,GW,Norwegian policy and ambition ( NVE - Langsiktig kraftmarkedsanalyse 2023),09.10.2024,Stian Backe <stian.backe@sintef.no>
NO,P_Wind_Offshore_Deep,2035,20,,GW,Norwegian policy and ambition ( NVE - Langsiktig kraftmarkedsanalyse 2023),09.10.2024,Stian Backe <stian.backe@sintef.no>
NO,P_Wind_Offshore_Deep,2040,30,,GW,Norwegian policy and ambition ( NVE - Langsiktig kraftmarkedsanalyse 2023),09.10.2024,Stian Backe <stian.backe@sintef.no>
NO,P_Wind_Offshore_Deep,2045,40,,GW,Norwegian policy and ambition ( NVE - Langsiktig kraftmarkedsanalyse 2023),09.10.2024,Stian Backe <stian.backe@sintef.no>
NO,P_Wind_Offshore_Deep,2050,52.95333333,,GW,Norwegian policy and ambition ( NVE - Langsiktig kraftmarkedsanalyse 2023),09.10.2024,Stian Backe <stian.backe@sintef.no>
NO,P_Wind_Offshore_Deep,2055,52.95333333,,GW,same as 2050 for now,29.01.2025,Nikita Moskalenko <nim@wip.tu-berlin.de>
NO,P_Wind_Offshore_Deep,2060,52.95333333,,GW,same as 2050 for now,29.01.2025,Nikita Moskalenko <nim@wip.tu-berlin.de>
NO,P_Wind_Offshore_Shallow,2018,1,,GW,Norwegian policy and ambition ( NVE - Langsiktig kraftmarkedsanalyse 2023),09.10.2024,Stian Backe <stian.backe@sintef.no>
NO,P_Wind_Offshore_Shallow,2020,1,,GW,Norwegian policy and ambition ( NVE - Langsiktig kraftmarkedsanalyse 2023),09.10.2024,Stian Backe <stian.backe@sintef.no>
NO,P_Wind_Offshore_Shallow,2025,5,,GW,Norwegian policy and ambition ( NVE - Langsiktig kraftmarkedsanalyse 2023),09.10.2024,Stian Backe <stian.backe@sintef.no>
NO,P_Wind_Offshore_Shallow,2030,10,,GW,Norwegian policy and ambition ( NVE - Langsiktig kraftmarkedsanalyse 2023),09.10.2024,Stian Backe <stian.backe@sintef.no>
NO,P_Wind_Offshore_Shallow,2035,20,,GW,Norwegian policy and ambition ( NVE - Langsiktig kraftmarkedsanalyse 2023),09.10.2024,Stian Backe <stian.backe@sintef.no>
NO,P_Wind_Offshore_Shallow,2040,30,,GW,Norwegian policy and ambition ( NVE - Langsiktig kraftmarkedsanalyse 2023),09.10.2024,Stian Backe <stian.backe@sintef.no>
NO,P_Wind_Offshore_Shallow,2045,40,,GW,Norwegian policy and ambition ( NVE - Langsiktig kraftmarkedsanalyse 2023),09.10.2024,Stian Backe <stian.backe@sintef.no>
NO,P_Wind_Offshore_Shallow,2050,52.95333333,,GW,Norwegian policy and ambition ( NVE - Langsiktig kraftmarkedsanalyse 2023),09.10.2024,Stian Backe <stian.backe@sintef.no>
NO,P_Wind_Offshore_Shallow,2055,52.95333333,,GW,same as 2050 for now,29.01.2025,Nikita Moskalenko <nim@wip.tu-berlin.de>
NO,P_Wind_Offshore_Shallow,2060,52.95333333,,GW,same as 2050 for now,29.01.2025,Nikita Moskalenko <nim@wip.tu-berlin.de>
NO,P_Wind_Offshore_Transitional,2018,1,,GW,Norwegian policy and ambition ( NVE - Langsiktig kraftmarkedsanalyse 2023),09.10.2024,Stian Backe <stian.backe@sintef.no>
NO,P_Wind_Offshore_Transitional,2020,1,,GW,Norwegian policy and ambition ( NVE - Langsiktig kraftmarkedsanalyse 2023),09.10.2024,Stian Backe <stian.backe@sintef.no>
NO,P_Wind_Offshore_Transitional,2025,5,,GW,Norwegian policy and ambition ( NVE - Langsiktig kraftmarkedsanalyse 2023),09.10.2024,Stian Backe <stian.backe@sintef.no>
NO,P_Wind_Offshore_Transitional,2030,10,,GW,Norwegian policy and ambition ( NVE - Langsiktig kraftmarkedsanalyse 2023),09.10.2024,Stian Backe <stian.backe@sintef.no>
NO,P_Wind_Offshore_Transitional,2035,20,,GW,Norwegian policy and ambition ( NVE - Langsiktig kraftmarkedsanalyse 2023),09.10.2024,Stian Backe <stian.backe@sintef.no>
NO,P_Wind_Offshore_Transitional,2040,30,,GW,Norwegian policy and ambition ( NVE - Langsiktig kraftmarkedsanalyse 2023),09.10.2024,Stian Backe <stian.backe@sintef.no>
NO,P_Wind_Offshore_Transitional,2045,40,,GW,Norwegian policy and ambition ( NVE - Langsiktig kraftmarkedsanalyse 2023),09.10.2024,Stian Backe <stian.backe@sintef.no>
NO,P_Wind_Offshore_Transitional,2050,52.95333333,,GW,Norwegian policy and ambition ( NVE - Langsiktig kraftmarkedsanalyse 2023),09.10.2024,Stian Backe <stian.backe@sintef.no>
NO,P_Wind_Offshore_Transitional,2055,52.95333333,,GW,same as 2050 for now,29.01.2025,Nikita Moskalenko <nim@wip.tu-berlin.de>
NO,P_Wind_Offshore_Transitional,2060,52.95333333,,GW,same as 2050 for now,29.01.2025,Nikita Moskalenko <nim@wip.tu-berlin.de>
NO,P_Wind_Onshore_Avg,All,13.95333333,,GW,,,
NO,P_Wind_Onshore_Inf,All,13.95333333,,GW,,,
NO,P_Wind_Onshore_Opt,All,13.95333333,,GW,,,
NL,A_Rooftop_Commercial,All,54.04350531,,GW,,,
NL,A_Rooftop_Residential,All,58.22301573,,GW,,,
NL,D_PHS,All,0,,GW,,,
NL,P_CSP,All,4.94,,GW,,,
NL,P_Hydro_Reservoir,2018,0,,GW,same as ResidualCapacity,21.01.2025,Nikita Moskalenko <nim@wip.tu-berlin.de>
NL,P_Hydro_Reservoir,2020,0,,GW,same as ResidualCapacity,21.01.2025,Nikita Moskalenko <nim@wip.tu-berlin.de>
NL,P_Hydro_Reservoir,2025,0,,GW,same as ResidualCapacity,21.01.2025,Nikita Moskalenko <nim@wip.tu-berlin.de>
NL,P_Hydro_Reservoir,2030,0,,GW,same as ResidualCapacity,21.01.2025,Nikita Moskalenko <nim@wip.tu-berlin.de>
NL,P_Hydro_Reservoir,2035,0,,GW,same as ResidualCapacity,21.01.2025,Nikita Moskalenko <nim@wip.tu-berlin.de>
NL,P_Hydro_Reservoir,2040,0,,GW,same as ResidualCapacity,21.01.2025,Nikita Moskalenko <nim@wip.tu-berlin.de>
NL,P_Hydro_Reservoir,2045,0,,GW,same as ResidualCapacity,21.01.2025,Nikita Moskalenko <nim@wip.tu-berlin.de>
NL,P_Hydro_Reservoir,2050,0,,GW,same as ResidualCapacity,21.01.2025,Nikita Moskalenko <nim@wip.tu-berlin.de>
NL,P_Hydro_Reservoir,2055,0,,GW,same as 2050 for now,29.01.2025,Nikita Moskalenko <nim@wip.tu-berlin.de>
NL,P_Hydro_Reservoir,2060,0,,GW,same as 2050 for now,29.01.2025,Nikita Moskalenko <nim@wip.tu-berlin.de>
NL,P_Hydro_RoR,2018,0.038,,GW,same as ResidualCapacity,21.01.2025,Nikita Moskalenko <nim@wip.tu-berlin.de>
NL,P_Hydro_RoR,2020,0.038,,GW,same as ResidualCapacity,21.01.2025,Nikita Moskalenko <nim@wip.tu-berlin.de>
NL,P_Hydro_RoR,2025,0.038,,GW,same as ResidualCapacity,21.01.2025,Nikita Moskalenko <nim@wip.tu-berlin.de>
NL,P_Hydro_RoR,2030,0.038,,GW,same as ResidualCapacity,21.01.2025,Nikita Moskalenko <nim@wip.tu-berlin.de>
NL,P_Hydro_RoR,2035,0.038,,GW,same as ResidualCapacity,21.01.2025,Nikita Moskalenko <nim@wip.tu-berlin.de>
NL,P_Hydro_RoR,2040,0.038,,GW,same as ResidualCapacity,21.01.2025,Nikita Moskalenko <nim@wip.tu-berlin.de>
NL,P_Hydro_RoR,2045,0.038,,GW,same as ResidualCapacity,21.01.2025,Nikita Moskalenko <nim@wip.tu-berlin.de>
NL,P_Hydro_RoR,2050,0.038,,GW,same as ResidualCapacity,21.01.2025,Nikita Moskalenko <nim@wip.tu-berlin.de>
NL,P_Hydro_RoR,2055,0.038,,GW,same as 2050 for now,29.01.2025,Nikita Moskalenko <nim@wip.tu-berlin.de>
NL,P_Hydro_RoR,2060,0.038,,GW,same as 2050 for now,29.01.2025,Nikita Moskalenko <nim@wip.tu-berlin.de>
NL,P_Wind_Offshore_Deep,All,24.74333333,,GW,,,
NL,P_Wind_Offshore_Shallow,All,24.74333333,,GW,,,
NL,P_Wind_Offshore_Transitional,All,24.74333333,,GW,,,
NL,P_Wind_Onshore_Avg,All,10.22666667,,GW,,,
NL,P_Wind_Onshore_Inf,All,10.22666667,,GW,,,
NL,P_Wind_Onshore_Opt,All,10.22666667,,GW,,,
MK,A_Rooftop_Commercial,All,19.45559378,,GW,,,
MK,A_Rooftop_Residential,All,20.96021226,,GW,,,
MK,D_PHS,All,0,,GW,,,
MK,P_CSP,All,0,,GW,,,
MK,P_PV_Utility_Avg,All,4.960782628,,GW,,,
MK,P_PV_Utility_Inf,All,4.960782628,,GW,,,
MK,P_PV_Utility_Opt,All,4.960782628,,GW,,,
MK,P_Wind_Offshore_Deep,All,0.314123631,,GW,,,
MK,P_Wind_Offshore_Shallow,All,0.314123631,,GW,,,
MK,P_Wind_Offshore_Transitional,All,0.314123631,,GW,,,
MK,P_Wind_Onshore_Avg,All,7.98348172,,GW,,,
MK,P_Wind_Onshore_Inf,All,7.98348172,,GW,,,
MK,P_Wind_Onshore_Opt,All,7.98348172,,GW,,,
ME,A_Rooftop_Commercial,All,9.211429022,,GW,,,
ME,A_Rooftop_Residential,All,9.92380442,,GW,,,
ME,D_PHS,All,0,,GW,,,
ME,P_CSP,All,1.866428571,,GW,,,
ME,P_PV_Utility_Avg,All,2.348727959,,GW,,,
ME,P_PV_Utility_Inf,All,2.348727959,,GW,,,
ME,P_PV_Utility_Opt,All,2.348727959,,GW,,,
ME,P_Wind_Offshore_Deep,All,0.148724709,,GW,,,
ME,P_Wind_Offshore_Shallow,All,0.148724709,,GW,,,
ME,P_Wind_Offshore_Transitional,All,0.148724709,,GW,,,
ME,P_Wind_Onshore_Avg,All,3.779852522,,GW,,,
ME,P_Wind_Onshore_Inf,All,3.779852522,,GW,,,
ME,P_Wind_Onshore_Opt,All,3.779852522,,GW,,,
LV,A_Rooftop_Commercial,All,23.11294567,,GW,,,
LV,A_Rooftop_Residential,All,24.90040924,,GW,,,
LV,D_PHS,All,0,,GW,,,
LV,P_CSP,All,4.68,,GW,,,
LV,P_Hydro_Reservoir,2018,0,,GW,same as ResidualCapacity,21.01.2025,Nikita Moskalenko <nim@wip.tu-berlin.de>
LV,P_Hydro_Reservoir,2020,0,,GW,same as ResidualCapacity,21.01.2025,Nikita Moskalenko <nim@wip.tu-berlin.de>
LV,P_Hydro_Reservoir,2025,0,,GW,same as ResidualCapacity,21.01.2025,Nikita Moskalenko <nim@wip.tu-berlin.de>
LV,P_Hydro_Reservoir,2030,0,,GW,same as ResidualCapacity,21.01.2025,Nikita Moskalenko <nim@wip.tu-berlin.de>
LV,P_Hydro_Reservoir,2035,0,,GW,same as ResidualCapacity,21.01.2025,Nikita Moskalenko <nim@wip.tu-berlin.de>
LV,P_Hydro_Reservoir,2040,0,,GW,same as ResidualCapacity,21.01.2025,Nikita Moskalenko <nim@wip.tu-berlin.de>
LV,P_Hydro_Reservoir,2045,0,,GW,same as ResidualCapacity,21.01.2025,Nikita Moskalenko <nim@wip.tu-berlin.de>
LV,P_Hydro_Reservoir,2050,0,,GW,same as ResidualCapacity,21.01.2025,Nikita Moskalenko <nim@wip.tu-berlin.de>
LV,P_Hydro_Reservoir,2055,0,,GW,same as 2050 for now,29.01.2025,Nikita Moskalenko <nim@wip.tu-berlin.de>
LV,P_Hydro_Reservoir,2060,0,,GW,same as 2050 for now,29.01.2025,Nikita Moskalenko <nim@wip.tu-berlin.de>
LV,P_Hydro_RoR,2018,1.594,,GW,same as ResidualCapacity,21.01.2025,Nikita Moskalenko <nim@wip.tu-berlin.de>
LV,P_Hydro_RoR,2020,1.594,,GW,same as ResidualCapacity,21.01.2025,Nikita Moskalenko <nim@wip.tu-berlin.de>
LV,P_Hydro_RoR,2025,1.594,,GW,same as ResidualCapacity,21.01.2025,Nikita Moskalenko <nim@wip.tu-berlin.de>
LV,P_Hydro_RoR,2030,1.594,,GW,same as ResidualCapacity,21.01.2025,Nikita Moskalenko <nim@wip.tu-berlin.de>
LV,P_Hydro_RoR,2035,1.594,,GW,same as ResidualCapacity,21.01.2025,Nikita Moskalenko <nim@wip.tu-berlin.de>
LV,P_Hydro_RoR,2040,1.594,,GW,same as ResidualCapacity,21.01.2025,Nikita Moskalenko <nim@wip.tu-berlin.de>
LV,P_Hydro_RoR,2045,1.594,,GW,same as ResidualCapacity,21.01.2025,Nikita Moskalenko <nim@wip.tu-berlin.de>
LV,P_Hydro_RoR,2050,1.594,,GW,same as ResidualCapacity,21.01.2025,Nikita Moskalenko <nim@wip.tu-berlin.de>
LV,P_Hydro_RoR,2055,1.594,,GW,same as 2050 for now,29.01.2025,Nikita Moskalenko <nim@wip.tu-berlin.de>
LV,P_Hydro_RoR,2060,1.594,,GW,same as 2050 for now,29.01.2025,Nikita Moskalenko <nim@wip.tu-berlin.de>
LV,P_Wind_Offshore_Deep,All,18.67666667,,GW,,,
LV,P_Wind_Offshore_Shallow,All,18.67666667,,GW,,,
LV,P_Wind_Offshore_Transitional,All,18.67666667,,GW,,,
LV,P_Wind_Onshore_Avg,All,12.30666667,,GW,,,
LV,P_Wind_Onshore_Inf,All,12.30666667,,GW,,,
LV,P_Wind_Onshore_Opt,All,12.30666667,,GW,,,
LU,A_Rooftop_Commercial,All,2.379273819,,GW,,,
LU,A_Rooftop_Residential,All,2.563277422,,GW,,,
LU,D_PHS,All,0,,GW,,,
LU,P_CSP,All,0.39,,GW,,,
LU,P_Hydro_Reservoir,2018,0.011,,GW,same as ResidualCapacity,21.01.2025,Nikita Moskalenko <nim@wip.tu-berlin.de>
LU,P_Hydro_Reservoir,2020,0.011,,GW,same as ResidualCapacity,21.01.2025,Nikita Moskalenko <nim@wip.tu-berlin.de>
LU,P_Hydro_Reservoir,2025,0.011,,GW,same as ResidualCapacity,21.01.2025,Nikita Moskalenko <nim@wip.tu-berlin.de>
LU,P_Hydro_Reservoir,2030,0.011,,GW,same as ResidualCapacity,21.01.2025,Nikita Moskalenko <nim@wip.tu-berlin.de>
LU,P_Hydro_Reservoir,2035,0.011,,GW,same as ResidualCapacity,21.01.2025,Nikita Moskalenko <nim@wip.tu-berlin.de>
LU,P_Hydro_Reservoir,2040,0.011,,GW,same as ResidualCapacity,21.01.2025,Nikita Moskalenko <nim@wip.tu-berlin.de>
LU,P_Hydro_Reservoir,2045,0.011,,GW,same as ResidualCapacity,21.01.2025,Nikita Moskalenko <nim@wip.tu-berlin.de>
LU,P_Hydro_Reservoir,2050,0.011,,GW,same as ResidualCapacity,21.01.2025,Nikita Moskalenko <nim@wip.tu-berlin.de>
LU,P_Hydro_Reservoir,2055,0.011,,GW,same as 2050 for now,29.01.2025,Nikita Moskalenko <nim@wip.tu-berlin.de>
LU,P_Hydro_Reservoir,2060,0.011,,GW,same as 2050 for now,29.01.2025,Nikita Moskalenko <nim@wip.tu-berlin.de>
LU,P_Hydro_RoR,2018,0.025,,GW,same as ResidualCapacity,21.01.2025,Nikita Moskalenko <nim@wip.tu-berlin.de>
LU,P_Hydro_RoR,2020,0.025,,GW,same as ResidualCapacity,21.01.2025,Nikita Moskalenko <nim@wip.tu-berlin.de>
LU,P_Hydro_RoR,2025,0.025,,GW,same as ResidualCapacity,21.01.2025,Nikita Moskalenko <nim@wip.tu-berlin.de>
LU,P_Hydro_RoR,2030,0.025,,GW,same as ResidualCapacity,21.01.2025,Nikita Moskalenko <nim@wip.tu-berlin.de>
LU,P_Hydro_RoR,2035,0.025,,GW,same as ResidualCapacity,21.01.2025,Nikita Moskalenko <nim@wip.tu-berlin.de>
LU,P_Hydro_RoR,2040,0.025,,GW,same as ResidualCapacity,21.01.2025,Nikita Moskalenko <nim@wip.tu-berlin.de>
LU,P_Hydro_RoR,2045,0.025,,GW,same as ResidualCapacity,21.01.2025,Nikita Moskalenko <nim@wip.tu-berlin.de>
LU,P_Hydro_RoR,2050,0.025,,GW,same as ResidualCapacity,21.01.2025,Nikita Moskalenko <nim@wip.tu-berlin.de>
LU,P_Hydro_RoR,2055,0.025,,GW,same as 2050 for now,29.01.2025,Nikita Moskalenko <nim@wip.tu-berlin.de>
LU,P_Hydro_RoR,2060,0.025,,GW,same as 2050 for now,29.01.2025,Nikita Moskalenko <nim@wip.tu-berlin.de>
LU,P_Wind_Offshore_Deep,All,0,,GW,,,
LU,P_Wind_Offshore_Shallow,All,0,,GW,,,
LU,P_Wind_Offshore_Transitional,All,0,,GW,,,
LU,P_Wind_Onshore_Avg,All,0.736666667,,GW,,,
LU,P_Wind_Onshore_Inf,All,0.736666667,,GW,,,
LU,P_Wind_Onshore_Opt,All,0.736666667,,GW,,,
LT,A_Rooftop_Commercial,All,35.17926289,,GW,,,
LT,A_Rooftop_Residential,All,37.8998876,,GW,,,
LT,D_PHS,All,0,,GW,,,
LT,P_CSP,All,7.15,,GW,,,
LT,P_Hydro_Reservoir,2018,0.116,,GW,same as ResidualCapacity,21.01.2025,Nikita Moskalenko <nim@wip.tu-berlin.de>
LT,P_Hydro_Reservoir,2020,0.116,,GW,same as ResidualCapacity,21.01.2025,Nikita Moskalenko <nim@wip.tu-berlin.de>
LT,P_Hydro_Reservoir,2025,0.116,,GW,same as ResidualCapacity,21.01.2025,Nikita Moskalenko <nim@wip.tu-berlin.de>
LT,P_Hydro_Reservoir,2030,0.116,,GW,same as ResidualCapacity,21.01.2025,Nikita Moskalenko <nim@wip.tu-berlin.de>
LT,P_Hydro_Reservoir,2035,0.116,,GW,same as ResidualCapacity,21.01.2025,Nikita Moskalenko <nim@wip.tu-berlin.de>
LT,P_Hydro_Reservoir,2040,0.116,,GW,same as ResidualCapacity,21.01.2025,Nikita Moskalenko <nim@wip.tu-berlin.de>
LT,P_Hydro_Reservoir,2045,0.116,,GW,same as ResidualCapacity,21.01.2025,Nikita Moskalenko <nim@wip.tu-berlin.de>
LT,P_Hydro_Reservoir,2050,0.116,,GW,same as ResidualCapacity,21.01.2025,Nikita Moskalenko <nim@wip.tu-berlin.de>
LT,P_Hydro_Reservoir,2055,0.116,,GW,same as 2050 for now,29.01.2025,Nikita Moskalenko <nim@wip.tu-berlin.de>
LT,P_Hydro_Reservoir,2060,0.116,,GW,same as 2050 for now,29.01.2025,Nikita Moskalenko <nim@wip.tu-berlin.de>
LT,P_Hydro_RoR,2018,0.1291,,GW,same as ResidualCapacity,21.01.2025,Nikita Moskalenko <nim@wip.tu-berlin.de>
LT,P_Hydro_RoR,2020,0.1291,,GW,same as ResidualCapacity,21.01.2025,Nikita Moskalenko <nim@wip.tu-berlin.de>
LT,P_Hydro_RoR,2025,0.1291,,GW,same as ResidualCapacity,21.01.2025,Nikita Moskalenko <nim@wip.tu-berlin.de>
LT,P_Hydro_RoR,2030,0.1291,,GW,same as ResidualCapacity,21.01.2025,Nikita Moskalenko <nim@wip.tu-berlin.de>
LT,P_Hydro_RoR,2035,0.1291,,GW,same as ResidualCapacity,21.01.2025,Nikita Moskalenko <nim@wip.tu-berlin.de>
LT,P_Hydro_RoR,2040,0.1291,,GW,same as ResidualCapacity,21.01.2025,Nikita Moskalenko <nim@wip.tu-berlin.de>
LT,P_Hydro_RoR,2045,0.1291,,GW,same as ResidualCapacity,21.01.2025,Nikita Moskalenko <nim@wip.tu-berlin.de>
LT,P_Hydro_RoR,2050,0.1291,,GW,same as ResidualCapacity,21.01.2025,Nikita Moskalenko <nim@wip.tu-berlin.de>
LT,P_Hydro_RoR,2055,0.1291,,GW,same as 2050 for now,29.01.2025,Nikita Moskalenko <nim@wip.tu-berlin.de>
LT,P_Hydro_RoR,2060,0.1291,,GW,same as 2050 for now,29.01.2025,Nikita Moskalenko <nim@wip.tu-berlin.de>
LT,P_Wind_Offshore_Deep,All,3.986666667,,GW,,,
LT,P_Wind_Offshore_Shallow,All,3.986666667,,GW,,,
LT,P_Wind_Offshore_Transitional,All,3.986666667,,GW,,,
LT,P_Wind_Onshore_Avg,All,16.29333333,,GW,,,
LT,P_Wind_Onshore_Inf,All,16.29333333,,GW,,,
LT,P_Wind_Onshore_Opt,All,16.29333333,,GW,,,
IT,A_Rooftop_Commercial,All,271.7470597,,GW,,,
IT,A_Rooftop_Residential,All,292.7628999,,GW,,,
IT,D_PHS,All,28,,GW,,,
IT,P_CSP,All,37.18,,GW,,,
IT,P_Hydro_Reservoir,2018,4.733,,GW,same as ResidualCapacity,21.01.2025,Nikita Moskalenko <nim@wip.tu-berlin.de>
IT,P_Hydro_Reservoir,2020,4.733,,GW,same as ResidualCapacity,21.01.2025,Nikita Moskalenko <nim@wip.tu-berlin.de>
IT,P_Hydro_Reservoir,2025,4.733,,GW,same as ResidualCapacity,21.01.2025,Nikita Moskalenko <nim@wip.tu-berlin.de>
IT,P_Hydro_Reservoir,2030,4.733,,GW,same as ResidualCapacity,21.01.2025,Nikita Moskalenko <nim@wip.tu-berlin.de>
IT,P_Hydro_Reservoir,2035,4.733,,GW,same as ResidualCapacity,21.01.2025,Nikita Moskalenko <nim@wip.tu-berlin.de>
IT,P_Hydro_Reservoir,2040,4.733,,GW,same as ResidualCapacity,21.01.2025,Nikita Moskalenko <nim@wip.tu-berlin.de>
IT,P_Hydro_Reservoir,2045,4.733,,GW,same as ResidualCapacity,21.01.2025,Nikita Moskalenko <nim@wip.tu-berlin.de>
IT,P_Hydro_Reservoir,2050,4.733,,GW,same as ResidualCapacity,21.01.2025,Nikita Moskalenko <nim@wip.tu-berlin.de>
IT,P_Hydro_Reservoir,2055,4.733,,GW,same as 2050 for now,29.01.2025,Nikita Moskalenko <nim@wip.tu-berlin.de>
IT,P_Hydro_Reservoir,2060,4.733,,GW,same as 2050 for now,29.01.2025,Nikita Moskalenko <nim@wip.tu-berlin.de>
IT,P_Hydro_RoR,2018,10.826,,GW,same as ResidualCapacity,21.01.2025,Nikita Moskalenko <nim@wip.tu-berlin.de>
IT,P_Hydro_RoR,2020,10.826,,GW,same as ResidualCapacity,21.01.2025,Nikita Moskalenko <nim@wip.tu-berlin.de>
IT,P_Hydro_RoR,2025,10.826,,GW,same as ResidualCapacity,21.01.2025,Nikita Moskalenko <nim@wip.tu-berlin.de>
IT,P_Hydro_RoR,2030,10.826,,GW,same as ResidualCapacity,21.01.2025,Nikita Moskalenko <nim@wip.tu-berlin.de>
IT,P_Hydro_RoR,2035,10.826,,GW,same as ResidualCapacity,21.01.2025,Nikita Moskalenko <nim@wip.tu-berlin.de>
IT,P_Hydro_RoR,2040,10.826,,GW,same as ResidualCapacity,21.01.2025,Nikita Moskalenko <nim@wip.tu-berlin.de>
IT,P_Hydro_RoR,2045,10.826,,GW,same as ResidualCapacity,21.01.2025,Nikita Moskalenko <nim@wip.tu-berlin.de>
IT,P_Hydro_RoR,2050,10.826,,GW,same as ResidualCapacity,21.01.2025,Nikita Moskalenko <nim@wip.tu-berlin.de>
IT,P_Hydro_RoR,2055,10.826,,GW,same as 2050 for now,29.01.2025,Nikita Moskalenko <nim@wip.tu-berlin.de>
IT,P_Hydro_RoR,2060,10.826,,GW,same as 2050 for now,29.01.2025,Nikita Moskalenko <nim@wip.tu-berlin.de>
IT,P_Wind_Offshore_Deep,All,33.67,,GW,,,
IT,P_Wind_Offshore_Shallow,All,33.67,,GW,,,
IT,P_Wind_Offshore_Transitional,All,33.67,,GW,,,
IT,P_Wind_Onshore_Avg,All,82.42,,GW,,,
IT,P_Wind_Onshore_Inf,All,82.42,,GW,,,
IT,P_Wind_Onshore_Opt,All,82.42,,GW,,,
IE,A_Rooftop_Commercial,All,55.91293474,,GW,,,
IE,A_Rooftop_Residential,All,60.23701942,,GW,,,
IE,D_PHS,All,0,,GW,,,
IE,P_CSP,All,11.83,,GW,,,
IE,P_Hydro_Reservoir,2018,0.292,,GW,same as ResidualCapacity,21.01.2025,Nikita Moskalenko <nim@wip.tu-berlin.de>
IE,P_Hydro_Reservoir,2020,0.292,,GW,same as ResidualCapacity,21.01.2025,Nikita Moskalenko <nim@wip.tu-berlin.de>
IE,P_Hydro_Reservoir,2025,0.292,,GW,same as ResidualCapacity,21.01.2025,Nikita Moskalenko <nim@wip.tu-berlin.de>
IE,P_Hydro_Reservoir,2030,0.292,,GW,same as ResidualCapacity,21.01.2025,Nikita Moskalenko <nim@wip.tu-berlin.de>
IE,P_Hydro_Reservoir,2035,0.292,,GW,same as ResidualCapacity,21.01.2025,Nikita Moskalenko <nim@wip.tu-berlin.de>
IE,P_Hydro_Reservoir,2040,0.292,,GW,same as ResidualCapacity,21.01.2025,Nikita Moskalenko <nim@wip.tu-berlin.de>
IE,P_Hydro_Reservoir,2045,0.292,,GW,same as ResidualCapacity,21.01.2025,Nikita Moskalenko <nim@wip.tu-berlin.de>
IE,P_Hydro_Reservoir,2050,0.292,,GW,same as ResidualCapacity,21.01.2025,Nikita Moskalenko <nim@wip.tu-berlin.de>
IE,P_Hydro_Reservoir,2055,0.292,,GW,same as 2050 for now,29.01.2025,Nikita Moskalenko <nim@wip.tu-berlin.de>
IE,P_Hydro_Reservoir,2060,0.292,,GW,same as 2050 for now,29.01.2025,Nikita Moskalenko <nim@wip.tu-berlin.de>
IE,P_Hydro_RoR,2018,0.216,,GW,same as ResidualCapacity,21.01.2025,Nikita Moskalenko <nim@wip.tu-berlin.de>
IE,P_Hydro_RoR,2020,0.216,,GW,same as ResidualCapacity,21.01.2025,Nikita Moskalenko <nim@wip.tu-berlin.de>
IE,P_Hydro_RoR,2025,0.216,,GW,same as ResidualCapacity,21.01.2025,Nikita Moskalenko <nim@wip.tu-berlin.de>
IE,P_Hydro_RoR,2030,0.216,,GW,same as ResidualCapacity,21.01.2025,Nikita Moskalenko <nim@wip.tu-berlin.de>
IE,P_Hydro_RoR,2035,0.216,,GW,same as ResidualCapacity,21.01.2025,Nikita Moskalenko <nim@wip.tu-berlin.de>
IE,P_Hydro_RoR,2040,0.216,,GW,same as ResidualCapacity,21.01.2025,Nikita Moskalenko <nim@wip.tu-berlin.de>
IE,P_Hydro_RoR,2045,0.216,,GW,same as ResidualCapacity,21.01.2025,Nikita Moskalenko <nim@wip.tu-berlin.de>
IE,P_Hydro_RoR,2050,0.216,,GW,same as ResidualCapacity,21.01.2025,Nikita Moskalenko <nim@wip.tu-berlin.de>
IE,P_Hydro_RoR,2055,0.216,,GW,same as 2050 for now,29.01.2025,Nikita Moskalenko <nim@wip.tu-berlin.de>
IE,P_Hydro_RoR,2060,0.216,,GW,same as 2050 for now,29.01.2025,Nikita Moskalenko <nim@wip.tu-berlin.de>
IE,P_Wind_Offshore_Deep,All,22.62,,GW,,,
IE,P_Wind_Offshore_Shallow,All,22.62,,GW,,,
IE,P_Wind_Offshore_Transitional,All,22.62,,GW,,,
IE,P_Wind_Onshore_Avg,All,24.39666667,,GW,,,
IE,P_Wind_Onshore_Inf,All,24.39666667,,GW,,,
IE,P_Wind_Onshore_Opt,All,24.39666667,,GW,,,
HU,A_Rooftop_Commercial,All,75.28702155,,GW,,,
HU,A_Rooftop_Residential,All,81.10942129,,GW,,,
HU,D_PHS,All,0,,GW,,,
HU,P_CSP,All,13.91,,GW,,,
HU,P_Hydro_Reservoir,2018,0.028,,GW,same as ResidualCapacity,21.01.2025,Nikita Moskalenko <nim@wip.tu-berlin.de>
HU,P_Hydro_Reservoir,2020,0.028,,GW,same as ResidualCapacity,21.01.2025,Nikita Moskalenko <nim@wip.tu-berlin.de>
HU,P_Hydro_Reservoir,2025,0.028,,GW,same as ResidualCapacity,21.01.2025,Nikita Moskalenko <nim@wip.tu-berlin.de>
HU,P_Hydro_Reservoir,2030,0.028,,GW,same as ResidualCapacity,21.01.2025,Nikita Moskalenko <nim@wip.tu-berlin.de>
HU,P_Hydro_Reservoir,2035,0.028,,GW,same as ResidualCapacity,21.01.2025,Nikita Moskalenko <nim@wip.tu-berlin.de>
HU,P_Hydro_Reservoir,2040,0.028,,GW,same as ResidualCapacity,21.01.2025,Nikita Moskalenko <nim@wip.tu-berlin.de>
HU,P_Hydro_Reservoir,2045,0.028,,GW,same as ResidualCapacity,21.01.2025,Nikita Moskalenko <nim@wip.tu-berlin.de>
HU,P_Hydro_Reservoir,2050,0.028,,GW,same as ResidualCapacity,21.01.2025,Nikita Moskalenko <nim@wip.tu-berlin.de>
HU,P_Hydro_Reservoir,2055,0.028,,GW,same as 2050 for now,29.01.2025,Nikita Moskalenko <nim@wip.tu-berlin.de>
HU,P_Hydro_Reservoir,2060,0.028,,GW,same as 2050 for now,29.01.2025,Nikita Moskalenko <nim@wip.tu-berlin.de>
HU,P_Hydro_RoR,2018,0.0331,,GW,same as ResidualCapacity,21.01.2025,Nikita Moskalenko <nim@wip.tu-berlin.de>
HU,P_Hydro_RoR,2020,0.0331,,GW,same as ResidualCapacity,21.01.2025,Nikita Moskalenko <nim@wip.tu-berlin.de>
HU,P_Hydro_RoR,2025,0.0331,,GW,same as ResidualCapacity,21.01.2025,Nikita Moskalenko <nim@wip.tu-berlin.de>
HU,P_Hydro_RoR,2030,0.0331,,GW,same as ResidualCapacity,21.01.2025,Nikita Moskalenko <nim@wip.tu-berlin.de>
HU,P_Hydro_RoR,2035,0.0331,,GW,same as ResidualCapacity,21.01.2025,Nikita Moskalenko <nim@wip.tu-berlin.de>
HU,P_Hydro_RoR,2040,0.0331,,GW,same as ResidualCapacity,21.01.2025,Nikita Moskalenko <nim@wip.tu-berlin.de>
HU,P_Hydro_RoR,2045,0.0331,,GW,same as ResidualCapacity,21.01.2025,Nikita Moskalenko <nim@wip.tu-berlin.de>
HU,P_Hydro_RoR,2050,0.0331,,GW,same as ResidualCapacity,21.01.2025,Nikita Moskalenko <nim@wip.tu-berlin.de>
HU,P_Hydro_RoR,2055,0.0331,,GW,same as 2050 for now,29.01.2025,Nikita Moskalenko <nim@wip.tu-berlin.de>
HU,P_Hydro_RoR,2060,0.0331,,GW,same as 2050 for now,29.01.2025,Nikita Moskalenko <nim@wip.tu-berlin.de>
HU,P_Wind_Offshore_Deep,All,0,,GW,,,
HU,P_Wind_Offshore_Shallow,All,0,,GW,,,
HU,P_Wind_Offshore_Transitional,All,0,,GW,,,
HU,P_Wind_Onshore_Avg,All,29.55333333,,GW,,,
HU,P_Wind_Onshore_Inf,All,29.55333333,,GW,,,
HU,P_Wind_Onshore_Opt,All,29.55333333,,GW,,,
HR,A_Rooftop_Commercial,All,22.77304941,,GW,,,
HR,A_Rooftop_Residential,All,24.53422675,,GW,,,
HR,D_PHS,All,0.75,,GW,,,
HR,P_CSP,All,3.51,,GW,,,
HR,P_Hydro_Reservoir,2018,1.4461,,GW,same as ResidualCapacity,21.01.2025,Nikita Moskalenko <nim@wip.tu-berlin.de>
HR,P_Hydro_Reservoir,2020,1.4461,,GW,same as ResidualCapacity,21.01.2025,Nikita Moskalenko <nim@wip.tu-berlin.de>
HR,P_Hydro_Reservoir,2025,1.4461,,GW,same as ResidualCapacity,21.01.2025,Nikita Moskalenko <nim@wip.tu-berlin.de>
HR,P_Hydro_Reservoir,2030,1.4461,,GW,same as ResidualCapacity,21.01.2025,Nikita Moskalenko <nim@wip.tu-berlin.de>
HR,P_Hydro_Reservoir,2035,1.4461,,GW,same as ResidualCapacity,21.01.2025,Nikita Moskalenko <nim@wip.tu-berlin.de>
HR,P_Hydro_Reservoir,2040,1.4461,,GW,same as ResidualCapacity,21.01.2025,Nikita Moskalenko <nim@wip.tu-berlin.de>
HR,P_Hydro_Reservoir,2045,1.4461,,GW,same as ResidualCapacity,21.01.2025,Nikita Moskalenko <nim@wip.tu-berlin.de>
HR,P_Hydro_Reservoir,2050,1.4461,,GW,same as ResidualCapacity,21.01.2025,Nikita Moskalenko <nim@wip.tu-berlin.de>
HR,P_Hydro_Reservoir,2055,1.4461,,GW,same as 2050 for now,29.01.2025,Nikita Moskalenko <nim@wip.tu-berlin.de>
HR,P_Hydro_Reservoir,2060,1.4461,,GW,same as 2050 for now,29.01.2025,Nikita Moskalenko <nim@wip.tu-berlin.de>
HR,P_Hydro_RoR,2018,0.4281,,GW,same as ResidualCapacity,21.01.2025,Nikita Moskalenko <nim@wip.tu-berlin.de>
HR,P_Hydro_RoR,2020,0.4281,,GW,same as ResidualCapacity,21.01.2025,Nikita Moskalenko <nim@wip.tu-berlin.de>
HR,P_Hydro_RoR,2025,0.4281,,GW,same as ResidualCapacity,21.01.2025,Nikita Moskalenko <nim@wip.tu-berlin.de>
HR,P_Hydro_RoR,2030,0.4281,,GW,same as ResidualCapacity,21.01.2025,Nikita Moskalenko <nim@wip.tu-berlin.de>
HR,P_Hydro_RoR,2035,0.4281,,GW,same as ResidualCapacity,21.01.2025,Nikita Moskalenko <nim@wip.tu-berlin.de>
HR,P_Hydro_RoR,2040,0.4281,,GW,same as ResidualCapacity,21.01.2025,Nikita Moskalenko <nim@wip.tu-berlin.de>
HR,P_Hydro_RoR,2045,0.4281,,GW,same as ResidualCapacity,21.01.2025,Nikita Moskalenko <nim@wip.tu-berlin.de>
HR,P_Hydro_RoR,2050,0.4281,,GW,same as ResidualCapacity,21.01.2025,Nikita Moskalenko <nim@wip.tu-berlin.de>
HR,P_Hydro_RoR,2055,0.4281,,GW,same as 2050 for now,29.01.2025,Nikita Moskalenko <nim@wip.tu-berlin.de>
HR,P_Hydro_RoR,2060,0.4281,,GW,same as 2050 for now,29.01.2025,Nikita Moskalenko <nim@wip.tu-berlin.de>
HR,P_Wind_Offshore_Deep,All,20.41,,GW,,,
HR,P_Wind_Offshore_Shallow,All,20.41,,GW,,,
HR,P_Wind_Offshore_Transitional,All,20.41,,GW,,,
HR,P_Wind_Onshore_Avg,All,8.58,,GW,,,
HR,P_Wind_Onshore_Inf,All,8.58,,GW,,,
HR,P_Wind_Onshore_Opt,All,8.58,,GW,,,
GR,A_Rooftop_Commercial,All,106.7274256,,GW,,,
GR,A_Rooftop_Residential,All,114.9813015,,GW,,,
GR,D_PHS,All,0.125,,GW,,,
GR,D_PHS,All,5.453,,GW,partner feedback E3M (Greek NECPs),23.04.2026,Nikita Moskalenko <nim@wip.tu-berlin.de>
GR,P_CSP,All,21.19,,GW,,,
GR,P_Hydro_Reservoir,2018,2.403,,GW,same as ResidualCapacity,21.01.2025,Nikita Moskalenko <nim@wip.tu-berlin.de>
GR,P_Hydro_Reservoir,2020,2.403,,GW,same as ResidualCapacity,21.01.2025,Nikita Moskalenko <nim@wip.tu-berlin.de>
GR,P_Hydro_RoR,2018,0.3271,,GW,same as ResidualCapacity,21.01.2025,Nikita Moskalenko <nim@wip.tu-berlin.de>
GR,P_Hydro_RoR,2020,0.3271,,GW,same as ResidualCapacity,21.01.2025,Nikita Moskalenko <nim@wip.tu-berlin.de>
GR,P_Wind_Offshore_Deep,All,11.96,,GW,,,
GR,P_Wind_Offshore_Shallow,All,11.96,,GW,,,
GR,P_Wind_Offshore_Transitional,All,11.96,,GW,,,
GR,P_Wind_Onshore_Avg,All,45.76,,GW,,,
GR,P_Wind_Onshore_Inf,All,45.76,,GW,,,
GR,P_Wind_Onshore_Opt,All,45.76,,GW,,,
FR,A_Rooftop_Commercial,All,427.9293911,,GW,,,
FR,A_Rooftop_Residential,All,461.0237535,,GW,,,
FR,D_PHS,All,7.25,,GW,,,
FR,P_CSP,All,75.79,,GW,,,
FR,P_Hydro_Reservoir,2018,8.7871,,GW,same as ResidualCapacity,21.01.2025,Nikita Moskalenko <nim@wip.tu-berlin.de>
FR,P_Hydro_Reservoir,2020,8.7871,,GW,same as ResidualCapacity,21.01.2025,Nikita Moskalenko <nim@wip.tu-berlin.de>
FR,P_Hydro_Reservoir,2025,8.7871,,GW,same as ResidualCapacity,21.01.2025,Nikita Moskalenko <nim@wip.tu-berlin.de>
FR,P_Hydro_Reservoir,2030,8.7871,,GW,same as ResidualCapacity,21.01.2025,Nikita Moskalenko <nim@wip.tu-berlin.de>
FR,P_Hydro_Reservoir,2035,8.7871,,GW,same as ResidualCapacity,21.01.2025,Nikita Moskalenko <nim@wip.tu-berlin.de>
FR,P_Hydro_Reservoir,2040,8.7871,,GW,same as ResidualCapacity,21.01.2025,Nikita Moskalenko <nim@wip.tu-berlin.de>
FR,P_Hydro_Reservoir,2045,8.7871,,GW,same as ResidualCapacity,21.01.2025,Nikita Moskalenko <nim@wip.tu-berlin.de>
FR,P_Hydro_Reservoir,2050,8.7871,,GW,same as ResidualCapacity,21.01.2025,Nikita Moskalenko <nim@wip.tu-berlin.de>
FR,P_Hydro_Reservoir,2055,8.7871,,GW,same as 2050 for now,29.01.2025,Nikita Moskalenko <nim@wip.tu-berlin.de>
FR,P_Hydro_Reservoir,2060,8.7871,,GW,same as 2050 for now,29.01.2025,Nikita Moskalenko <nim@wip.tu-berlin.de>
FR,P_Hydro_RoR,2018,11.5981,,GW,same as ResidualCapacity,21.01.2025,Nikita Moskalenko <nim@wip.tu-berlin.de>
FR,P_Hydro_RoR,2020,11.5981,,GW,same as ResidualCapacity,21.01.2025,Nikita Moskalenko <nim@wip.tu-berlin.de>
FR,P_Hydro_RoR,2025,11.5981,,GW,same as ResidualCapacity,21.01.2025,Nikita Moskalenko <nim@wip.tu-berlin.de>
FR,P_Hydro_RoR,2030,11.5981,,GW,same as ResidualCapacity,21.01.2025,Nikita Moskalenko <nim@wip.tu-berlin.de>
FR,P_Hydro_RoR,2035,11.5981,,GW,same as ResidualCapacity,21.01.2025,Nikita Moskalenko <nim@wip.tu-berlin.de>
FR,P_Hydro_RoR,2040,11.5981,,GW,same as ResidualCapacity,21.01.2025,Nikita Moskalenko <nim@wip.tu-berlin.de>
FR,P_Hydro_RoR,2045,11.5981,,GW,same as ResidualCapacity,21.01.2025,Nikita Moskalenko <nim@wip.tu-berlin.de>
FR,P_Hydro_RoR,2050,11.5981,,GW,same as ResidualCapacity,21.01.2025,Nikita Moskalenko <nim@wip.tu-berlin.de>
FR,P_Hydro_RoR,2055,11.5981,,GW,same as 2050 for now,29.01.2025,Nikita Moskalenko <nim@wip.tu-berlin.de>
FR,P_Hydro_RoR,2060,11.5981,,GW,same as 2050 for now,29.01.2025,Nikita Moskalenko <nim@wip.tu-berlin.de>
FR,P_Wind_Offshore_Deep,All,57.93666667,,GW,,,
FR,P_Wind_Offshore_Shallow,All,57.93666667,,GW,,,
FR,P_Wind_Offshore_Transitional,All,57.93666667,,GW,,,
FR,P_Wind_Onshore_Avg,All,165.4033333,,GW,,,
FR,P_Wind_Onshore_Inf,All,165.4033333,,GW,,,
FR,P_Wind_Onshore_Opt,All,165.4033333,,GW,,,
FI,A_Rooftop_Commercial,All,34.49947037,,GW,,,
FI,A_Rooftop_Residential,All,37.16752262,,GW,,,
FI,D_PHS,All,0,,GW,,,
FI,P_CSP,All,5.98,,GW,,,
FI,P_Hydro_Reservoir,2018,0,,GW,same as ResidualCapacity,21.01.2025,Nikita Moskalenko <nim@wip.tu-berlin.de>
FI,P_Hydro_Reservoir,2020,0,,GW,same as ResidualCapacity,21.01.2025,Nikita Moskalenko <nim@wip.tu-berlin.de>
FI,P_Hydro_Reservoir,2025,0,,GW,same as ResidualCapacity,21.01.2025,Nikita Moskalenko <nim@wip.tu-berlin.de>
FI,P_Hydro_Reservoir,2030,0,,GW,same as ResidualCapacity,21.01.2025,Nikita Moskalenko <nim@wip.tu-berlin.de>
FI,P_Hydro_Reservoir,2035,0,,GW,same as ResidualCapacity,21.01.2025,Nikita Moskalenko <nim@wip.tu-berlin.de>
FI,P_Hydro_Reservoir,2040,0,,GW,same as ResidualCapacity,21.01.2025,Nikita Moskalenko <nim@wip.tu-berlin.de>
FI,P_Hydro_Reservoir,2045,0,,GW,same as ResidualCapacity,21.01.2025,Nikita Moskalenko <nim@wip.tu-berlin.de>
FI,P_Hydro_Reservoir,2050,0,,GW,same as ResidualCapacity,21.01.2025,Nikita Moskalenko <nim@wip.tu-berlin.de>
FI,P_Hydro_Reservoir,2055,0,,GW,same as 2050 for now,29.01.2025,Nikita Moskalenko <nim@wip.tu-berlin.de>
FI,P_Hydro_Reservoir,2060,0,,GW,same as 2050 for now,29.01.2025,Nikita Moskalenko <nim@wip.tu-berlin.de>
FI,P_Hydro_RoR,2018,3.1731,,GW,same as ResidualCapacity,21.01.2025,Nikita Moskalenko <nim@wip.tu-berlin.de>
FI,P_Hydro_RoR,2020,3.1731,,GW,same as ResidualCapacity,21.01.2025,Nikita Moskalenko <nim@wip.tu-berlin.de>
FI,P_Hydro_RoR,2025,3.1731,,GW,same as ResidualCapacity,21.01.2025,Nikita Moskalenko <nim@wip.tu-berlin.de>
FI,P_Hydro_RoR,2030,3.1731,,GW,same as ResidualCapacity,21.01.2025,Nikita Moskalenko <nim@wip.tu-berlin.de>
FI,P_Hydro_RoR,2035,3.1731,,GW,same as ResidualCapacity,21.01.2025,Nikita Moskalenko <nim@wip.tu-berlin.de>
FI,P_Hydro_RoR,2040,3.1731,,GW,same as ResidualCapacity,21.01.2025,Nikita Moskalenko <nim@wip.tu-berlin.de>
FI,P_Hydro_RoR,2045,3.1731,,GW,same as ResidualCapacity,21.01.2025,Nikita Moskalenko <nim@wip.tu-berlin.de>
FI,P_Hydro_RoR,2050,3.1731,,GW,same as ResidualCapacity,21.01.2025,Nikita Moskalenko <nim@wip.tu-berlin.de>
FI,P_Hydro_RoR,2055,3.1731,,GW,same as 2050 for now,29.01.2025,Nikita Moskalenko <nim@wip.tu-berlin.de>
FI,P_Hydro_RoR,2060,3.1731,,GW,same as 2050 for now,29.01.2025,Nikita Moskalenko <nim@wip.tu-berlin.de>
FI,P_Wind_Offshore_Deep,All,56.55,,GW,,,
FI,P_Wind_Offshore_Shallow,All,56.55,,GW,,,
FI,P_Wind_Offshore_Transitional,All,56.55,,GW,,,
FI,P_Wind_Onshore_Avg,All,31.11333333,,GW,,,
FI,P_Wind_Onshore_Inf,All,31.11333333,,GW,,,
FI,P_Wind_Onshore_Opt,All,31.11333333,,GW,,,
ES,A_Rooftop_Commercial,All,376.6050559,,GW,,,
ES,A_Rooftop_Residential,All,405.7301977,,GW,,,
ES,D_PHS,All,37.75,,GW,,,
ES,P_CSP,All,71.63,,GW,,,
ES,P_Hydro_Reservoir,2018,19.125,,GW,same as ResidualCapacity,21.01.2025,Nikita Moskalenko <nim@wip.tu-berlin.de>
ES,P_Hydro_Reservoir,2020,19.125,,GW,same as ResidualCapacity,21.01.2025,Nikita Moskalenko <nim@wip.tu-berlin.de>
ES,P_Hydro_Reservoir,2025,13.105,,GW,same as ResidualCapacity,21.01.2025,Nikita Moskalenko <nim@wip.tu-berlin.de>
ES,P_Hydro_Reservoir,2030,13.405,,GW,same as ResidualCapacity,21.01.2025,Nikita Moskalenko <nim@wip.tu-berlin.de>
ES,P_Hydro_Reservoir,2035,13.405,,GW,same as ResidualCapacity,21.01.2025,Nikita Moskalenko <nim@wip.tu-berlin.de>
ES,P_Hydro_Reservoir,2040,13.405,,GW,same as ResidualCapacity,21.01.2025,Nikita Moskalenko <nim@wip.tu-berlin.de>
ES,P_Hydro_Reservoir,2045,13.405,,GW,same as ResidualCapacity,21.01.2025,Nikita Moskalenko <nim@wip.tu-berlin.de>
ES,P_Hydro_Reservoir,2050,13.405,,GW,same as ResidualCapacity,21.01.2025,Nikita Moskalenko <nim@wip.tu-berlin.de>
ES,P_Hydro_Reservoir,2055,13.405,,GW,same as 2050 for now,29.01.2025,Nikita Moskalenko <nim@wip.tu-berlin.de>
ES,P_Hydro_Reservoir,2060,13.405,,GW,same as 2050 for now,29.01.2025,Nikita Moskalenko <nim@wip.tu-berlin.de>
ES,P_Hydro_RoR,2018,1.156,,GW,same as ResidualCapacity,21.01.2025,Nikita Moskalenko <nim@wip.tu-berlin.de>
ES,P_Hydro_RoR,2020,1.156,,GW,same as ResidualCapacity,21.01.2025,Nikita Moskalenko <nim@wip.tu-berlin.de>
ES,P_Hydro_RoR,2025,1.156,,GW,same as ResidualCapacity,21.01.2025,Nikita Moskalenko <nim@wip.tu-berlin.de>
ES,P_Hydro_RoR,2030,1.156,,GW,same as ResidualCapacity,21.01.2025,Nikita Moskalenko <nim@wip.tu-berlin.de>
ES,P_Hydro_RoR,2035,1.156,,GW,same as ResidualCapacity,21.01.2025,Nikita Moskalenko <nim@wip.tu-berlin.de>
ES,P_Hydro_RoR,2040,1.156,,GW,same as ResidualCapacity,21.01.2025,Nikita Moskalenko <nim@wip.tu-berlin.de>
ES,P_Hydro_RoR,2045,1.156,,GW,same as ResidualCapacity,21.01.2025,Nikita Moskalenko <nim@wip.tu-berlin.de>
ES,P_Hydro_RoR,2050,1.156,,GW,same as ResidualCapacity,21.01.2025,Nikita Moskalenko <nim@wip.tu-berlin.de>
ES,P_Hydro_RoR,2055,1.156,,GW,same as 2050 for now,29.01.2025,Nikita Moskalenko <nim@wip.tu-berlin.de>
ES,P_Hydro_RoR,2060,1.156,,GW,same as 2050 for now,29.01.2025,Nikita Moskalenko <nim@wip.tu-berlin.de>
ES,P_Wind_Offshore_Deep,All,23.83333333,,GW,,,
ES,P_Wind_Offshore_Shallow,All,23.83333333,,GW,,,
ES,P_Wind_Offshore_Transitional,All,23.83333333,,GW,,,
ES,P_Wind_Onshore_Avg,All,158.99,,GW,,,
ES,P_Wind_Onshore_Inf,All,158.99,,GW,,,
ES,P_Wind_Onshore_Opt,All,158.99,,GW,,,
EE,A_Rooftop_Commercial,All,12.40621348,,GW,,,
EE,A_Rooftop_Residential,All,13.36566084,,GW,,,
EE,D_PHS,All,0,,GW,,,
EE,P_CSP,All,2.47,,GW,,,
EE,P_Hydro_Reservoir,2018,0,,GW,same as ResidualCapacity,21.01.2025,Nikita Moskalenko <nim@wip.tu-berlin.de>
EE,P_Hydro_Reservoir,2020,0,,GW,same as ResidualCapacity,21.01.2025,Nikita Moskalenko <nim@wip.tu-berlin.de>
EE,P_Hydro_Reservoir,2025,0,,GW,same as ResidualCapacity,21.01.2025,Nikita Moskalenko <nim@wip.tu-berlin.de>
EE,P_Hydro_Reservoir,2030,0,,GW,same as ResidualCapacity,21.01.2025,Nikita Moskalenko <nim@wip.tu-berlin.de>
EE,P_Hydro_Reservoir,2035,0,,GW,same as ResidualCapacity,21.01.2025,Nikita Moskalenko <nim@wip.tu-berlin.de>
EE,P_Hydro_Reservoir,2040,0,,GW,same as ResidualCapacity,21.01.2025,Nikita Moskalenko <nim@wip.tu-berlin.de>
EE,P_Hydro_Reservoir,2045,0,,GW,same as ResidualCapacity,21.01.2025,Nikita Moskalenko <nim@wip.tu-berlin.de>
EE,P_Hydro_Reservoir,2050,0,,GW,same as ResidualCapacity,21.01.2025,Nikita Moskalenko <nim@wip.tu-berlin.de>
EE,P_Hydro_Reservoir,2055,0,,GW,same as 2050 for now,29.01.2025,Nikita Moskalenko <nim@wip.tu-berlin.de>
EE,P_Hydro_Reservoir,2060,0,,GW,same as 2050 for now,29.01.2025,Nikita Moskalenko <nim@wip.tu-berlin.de>
EE,P_Hydro_RoR,2018,0.008,,GW,same as ResidualCapacity,21.01.2025,Nikita Moskalenko <nim@wip.tu-berlin.de>
EE,P_Hydro_RoR,2020,0.008,,GW,same as ResidualCapacity,21.01.2025,Nikita Moskalenko <nim@wip.tu-berlin.de>
EE,P_Hydro_RoR,2025,0.008,,GW,same as ResidualCapacity,21.01.2025,Nikita Moskalenko <nim@wip.tu-berlin.de>
EE,P_Hydro_RoR,2030,0.008,,GW,same as ResidualCapacity,21.01.2025,Nikita Moskalenko <nim@wip.tu-berlin.de>
EE,P_Hydro_RoR,2035,0.008,,GW,same as ResidualCapacity,21.01.2025,Nikita Moskalenko <nim@wip.tu-berlin.de>
EE,P_Hydro_RoR,2040,0.008,,GW,same as ResidualCapacity,21.01.2025,Nikita Moskalenko <nim@wip.tu-berlin.de>
EE,P_Hydro_RoR,2045,0.008,,GW,same as ResidualCapacity,21.01.2025,Nikita Moskalenko <nim@wip.tu-berlin.de>
EE,P_Hydro_RoR,2050,0.008,,GW,same as ResidualCapacity,21.01.2025,Nikita Moskalenko <nim@wip.tu-berlin.de>
EE,P_Hydro_RoR,2055,0.008,,GW,same as 2050 for now,29.01.2025,Nikita Moskalenko <nim@wip.tu-berlin.de>
EE,P_Hydro_RoR,2060,0.008,,GW,same as 2050 for now,29.01.2025,Nikita Moskalenko <nim@wip.tu-berlin.de>
EE,P_Wind_Offshore_Deep,All,24.22333333,,GW,,,
EE,P_Wind_Offshore_Shallow,All,24.22333333,,GW,,,
EE,P_Wind_Offshore_Transitional,All,24.22333333,,GW,,,
EE,P_Wind_Onshore_Avg,All,6.846666667,,GW,,,
EE,P_Wind_Onshore_Inf,All,6.846666667,,GW,,,
EE,P_Wind_Onshore_Opt,All,6.846666667,,GW,,,
DK,A_Rooftop_Commercial,All,38.23832923,,GW,,,
DK,A_Rooftop_Residential,All,41.19553,,GW,,,
DK,D_PHS,All,0,,GW,,,
DK,P_CSP,All,6.89,,GW,,,
DK,P_Hydro_Reservoir,2018,0,,GW,same as ResidualCapacity,21.01.2025,Nikita Moskalenko <nim@wip.tu-berlin.de>
DK,P_Hydro_Reservoir,2020,0,,GW,same as ResidualCapacity,21.01.2025,Nikita Moskalenko <nim@wip.tu-berlin.de>
DK,P_Hydro_Reservoir,2025,0,,GW,same as ResidualCapacity,21.01.2025,Nikita Moskalenko <nim@wip.tu-berlin.de>
DK,P_Hydro_Reservoir,2030,0,,GW,same as ResidualCapacity,21.01.2025,Nikita Moskalenko <nim@wip.tu-berlin.de>
DK,P_Hydro_Reservoir,2035,0,,GW,same as ResidualCapacity,21.01.2025,Nikita Moskalenko <nim@wip.tu-berlin.de>
DK,P_Hydro_Reservoir,2040,0,,GW,same as ResidualCapacity,21.01.2025,Nikita Moskalenko <nim@wip.tu-berlin.de>
DK,P_Hydro_Reservoir,2045,0,,GW,same as ResidualCapacity,21.01.2025,Nikita Moskalenko <nim@wip.tu-berlin.de>
DK,P_Hydro_Reservoir,2050,0,,GW,same as ResidualCapacity,21.01.2025,Nikita Moskalenko <nim@wip.tu-berlin.de>
DK,P_Hydro_Reservoir,2055,0,,GW,same as 2050 for now,29.01.2025,Nikita Moskalenko <nim@wip.tu-berlin.de>
DK,P_Hydro_Reservoir,2060,0,,GW,same as 2050 for now,29.01.2025,Nikita Moskalenko <nim@wip.tu-berlin.de>
DK,P_Hydro_RoR,2018,0.006,,GW,same as ResidualCapacity,21.01.2025,Nikita Moskalenko <nim@wip.tu-berlin.de>
DK,P_Hydro_RoR,2020,0.006,,GW,same as ResidualCapacity,21.01.2025,Nikita Moskalenko <nim@wip.tu-berlin.de>
DK,P_Hydro_RoR,2025,0.006,,GW,same as ResidualCapacity,21.01.2025,Nikita Moskalenko <nim@wip.tu-berlin.de>
DK,P_Hydro_RoR,2030,0.006,,GW,same as ResidualCapacity,21.01.2025,Nikita Moskalenko <nim@wip.tu-berlin.de>
DK,P_Hydro_RoR,2035,0.006,,GW,same as ResidualCapacity,21.01.2025,Nikita Moskalenko <nim@wip.tu-berlin.de>
DK,P_Hydro_RoR,2040,0.006,,GW,same as ResidualCapacity,21.01.2025,Nikita Moskalenko <nim@wip.tu-berlin.de>
DK,P_Hydro_RoR,2045,0.006,,GW,same as ResidualCapacity,21.01.2025,Nikita Moskalenko <nim@wip.tu-berlin.de>
DK,P_Hydro_RoR,2050,0.006,,GW,same as ResidualCapacity,21.01.2025,Nikita Moskalenko <nim@wip.tu-berlin.de>
DK,P_Hydro_RoR,2055,0.006,,GW,same as 2050 for now,29.01.2025,Nikita Moskalenko <nim@wip.tu-berlin.de>
DK,P_Hydro_RoR,2060,0.006,,GW,same as 2050 for now,29.01.2025,Nikita Moskalenko <nim@wip.tu-berlin.de>
DK,P_Wind_Offshore_Deep,All,64.56666667,,GW,,,
DK,P_Wind_Offshore_Shallow,All,64.56666667,,GW,,,
DK,P_Wind_Offshore_Transitional,All,64.56666667,,GW,,,
DK,P_Wind_Onshore_Avg,All,14.12666667,,GW,,,
DK,P_Wind_Onshore_Inf,All,14.12666667,,GW,,,
DK,P_Wind_Onshore_Opt,All,14.12666667,,GW,,,
DE_TH,D_PHS,2020,4.83,,GW,,,
DE_TH,P_PV_Rooftop_Commercial,2018,2.4,,GW,,,
DE_TH,P_PV_Rooftop_Commercial,2020,2.4,,GW,,,
DE_TH,P_PV_Rooftop_Commercial,2025,2.4,,GW,,,
DE_TH,P_PV_Rooftop_Commercial,2030,2.4,,GW,,,
DE_TH,P_PV_Rooftop_Commercial,2035,2.4,,GW,,,
DE_TH,P_PV_Rooftop_Commercial,2040,2.4,,GW,,,
DE_TH,P_PV_Rooftop_Commercial,2045,2.4,,GW,,,
DE_TH,P_PV_Rooftop_Commercial,2050,2.4,,GW,,,
DE_TH,P_PV_Rooftop_Commercial,2055,2.4,,GW,same as 2050 for now,29.01.2025,Nikita Moskalenko <nim@wip.tu-berlin.de>
DE_TH,P_PV_Rooftop_Commercial,2060,2.4,,GW,same as 2050 for now,29.01.2025,Nikita Moskalenko <nim@wip.tu-berlin.de>
DE_TH,P_PV_Rooftop_Residential,2018,2.9,,GW,,,
DE_TH,P_PV_Rooftop_Residential,2020,2.9,,GW,,,
DE_TH,P_PV_Rooftop_Residential,2025,2.9,,GW,,,
DE_TH,P_PV_Rooftop_Residential,2030,2.9,,GW,,,
DE_TH,P_PV_Rooftop_Residential,2035,2.9,,GW,,,
DE_TH,P_PV_Rooftop_Residential,2040,2.9,,GW,,,
DE_TH,P_PV_Rooftop_Residential,2045,2.9,,GW,,,
DE_TH,P_PV_Rooftop_Residential,2050,2.9,,GW,,,
DE_TH,P_PV_Rooftop_Residential,2055,2.9,,GW,same as 2050 for now,29.01.2025,Nikita Moskalenko <nim@wip.tu-berlin.de>
DE_TH,P_PV_Rooftop_Residential,2060,2.9,,GW,same as 2050 for now,29.01.2025,Nikita Moskalenko <nim@wip.tu-berlin.de>
DE_TH,P_PV_Utility_Avg,2018,1.49525,,GW,,,
DE_TH,P_PV_Utility_Avg,2020,1.49525,,GW,,,
DE_TH,P_PV_Utility_Avg,2025,1.49525,,GW,,,
DE_TH,P_PV_Utility_Avg,2030,1.49525,,GW,,,
DE_TH,P_PV_Utility_Avg,2035,1.49525,,GW,,,
DE_TH,P_PV_Utility_Avg,2040,1.49525,,GW,,,
DE_TH,P_PV_Utility_Avg,2045,1.49525,,GW,,,
DE_TH,P_PV_Utility_Avg,2050,1.49525,,GW,,,
DE_TH,P_PV_Utility_Avg,2055,1.49525,,GW,same as 2050 for now,29.01.2025,Nikita Moskalenko <nim@wip.tu-berlin.de>
DE_TH,P_PV_Utility_Avg,2060,1.49525,,GW,same as 2050 for now,29.01.2025,Nikita Moskalenko <nim@wip.tu-berlin.de>
DE_TH,P_PV_Utility_Inf,2018,4.48574,,GW,,,
DE_TH,P_PV_Utility_Inf,2020,4.48574,,GW,,,
DE_TH,P_PV_Utility_Inf,2025,4.48574,,GW,,,
DE_TH,P_PV_Utility_Inf,2030,4.48574,,GW,,,
DE_TH,P_PV_Utility_Inf,2035,4.48574,,GW,,,
DE_TH,P_PV_Utility_Inf,2040,4.48574,,GW,,,
DE_TH,P_PV_Utility_Inf,2045,4.48574,,GW,,,
DE_TH,P_PV_Utility_Inf,2050,4.48574,,GW,,,
DE_TH,P_PV_Utility_Inf,2055,4.48574,,GW,same as 2050 for now,29.01.2025,Nikita Moskalenko <nim@wip.tu-berlin.de>
DE_TH,P_PV_Utility_Inf,2060,4.48574,,GW,same as 2050 for now,29.01.2025,Nikita Moskalenko <nim@wip.tu-berlin.de>
DE_TH,P_PV_Utility_Opt,2018,4.48574,,GW,,,
DE_TH,P_PV_Utility_Opt,2020,4.48574,,GW,,,
DE_TH,P_PV_Utility_Opt,2025,4.48574,,GW,,,
DE_TH,P_PV_Utility_Opt,2030,4.48574,,GW,,,
DE_TH,P_PV_Utility_Opt,2035,4.48574,,GW,,,
DE_TH,P_PV_Utility_Opt,2040,4.48574,,GW,,,
DE_TH,P_PV_Utility_Opt,2045,4.48574,,GW,,,
DE_TH,P_PV_Utility_Opt,2050,4.48574,,GW,,,
DE_TH,P_PV_Utility_Opt,2055,4.48574,,GW,same as 2050 for now,29.01.2025,Nikita Moskalenko <nim@wip.tu-berlin.de>
DE_TH,P_PV_Utility_Opt,2060,4.48574,,GW,same as 2050 for now,29.01.2025,Nikita Moskalenko <nim@wip.tu-berlin.de>
DE_TH,P_Wind_Onshore_Avg,2018,2.5,,GW,,,
DE_TH,P_Wind_Onshore_Avg,2020,2.5,,GW,,,
DE_TH,P_Wind_Onshore_Avg,2025,2.5,,GW,,,
DE_TH,P_Wind_Onshore_Avg,2030,2.5,,GW,,,
DE_TH,P_Wind_Onshore_Avg,2035,2.5,,GW,,,
DE_TH,P_Wind_Onshore_Avg,2040,2.5,,GW,,,
DE_TH,P_Wind_Onshore_Avg,2045,2.5,,GW,,,
DE_TH,P_Wind_Onshore_Avg,2050,2.5,,GW,,,
DE_TH,P_Wind_Onshore_Avg,2055,2.5,,GW,same as 2050 for now,29.01.2025,Nikita Moskalenko <nim@wip.tu-berlin.de>
DE_TH,P_Wind_Onshore_Avg,2060,2.5,,GW,same as 2050 for now,29.01.2025,Nikita Moskalenko <nim@wip.tu-berlin.de>
DE_TH,P_Wind_Onshore_Inf,2018,2.5,,GW,,,
DE_TH,P_Wind_Onshore_Inf,2020,2.5,,GW,,,
DE_TH,P_Wind_Onshore_Inf,2025,2.5,,GW,,,
DE_TH,P_Wind_Onshore_Inf,2030,2.5,,GW,,,
DE_TH,P_Wind_Onshore_Inf,2035,2.5,,GW,,,
DE_TH,P_Wind_Onshore_Inf,2040,2.5,,GW,,,
DE_TH,P_Wind_Onshore_Inf,2045,2.5,,GW,,,
DE_TH,P_Wind_Onshore_Inf,2050,2.5,,GW,,,
DE_TH,P_Wind_Onshore_Inf,2055,2.5,,GW,same as 2050 for now,29.01.2025,Nikita Moskalenko <nim@wip.tu-berlin.de>
DE_TH,P_Wind_Onshore_Inf,2060,2.5,,GW,same as 2050 for now,29.01.2025,Nikita Moskalenko <nim@wip.tu-berlin.de>
DE_TH,P_Wind_Onshore_Opt,2018,2.5,,GW,,,
DE_TH,P_Wind_Onshore_Opt,2020,2.5,,GW,,,
DE_TH,P_Wind_Onshore_Opt,2025,2.5,,GW,,,
DE_TH,P_Wind_Onshore_Opt,2030,2.5,,GW,,,
DE_TH,P_Wind_Onshore_Opt,2035,2.5,,GW,,,
DE_TH,P_Wind_Onshore_Opt,2040,2.5,,GW,,,
DE_TH,P_Wind_Onshore_Opt,2045,2.5,,GW,,,
DE_TH,P_Wind_Onshore_Opt,2050,2.5,,GW,,,
DE_TH,P_Wind_Onshore_Opt,2055,2.5,,GW,same as 2050 for now,29.01.2025,Nikita Moskalenko <nim@wip.tu-berlin.de>
DE_TH,P_Wind_Onshore_Opt,2060,2.5,,GW,same as 2050 for now,29.01.2025,Nikita Moskalenko <nim@wip.tu-berlin.de>
DE_ST,P_PV_Rooftop_Commercial,2018,3.6,,GW,,,
DE_ST,P_PV_Rooftop_Commercial,2020,3.6,,GW,,,
DE_ST,P_PV_Rooftop_Commercial,2025,3.6,,GW,,,
DE_ST,P_PV_Rooftop_Commercial,2030,3.6,,GW,,,
DE_ST,P_PV_Rooftop_Commercial,2035,3.6,,GW,,,
DE_ST,P_PV_Rooftop_Commercial,2040,3.6,,GW,,,
DE_ST,P_PV_Rooftop_Commercial,2045,3.6,,GW,,,
DE_ST,P_PV_Rooftop_Commercial,2050,3.6,,GW,,,
DE_ST,P_PV_Rooftop_Commercial,2055,3.6,,GW,same as 2050 for now,29.01.2025,Nikita Moskalenko <nim@wip.tu-berlin.de>
DE_ST,P_PV_Rooftop_Commercial,2060,3.6,,GW,same as 2050 for now,29.01.2025,Nikita Moskalenko <nim@wip.tu-berlin.de>
DE_ST,P_PV_Rooftop_Residential,2018,2.9,,GW,,,
DE_ST,P_PV_Rooftop_Residential,2020,2.9,,GW,,,
DE_ST,P_PV_Rooftop_Residential,2025,2.9,,GW,,,
DE_ST,P_PV_Rooftop_Residential,2030,2.9,,GW,,,
DE_ST,P_PV_Rooftop_Residential,2035,2.9,,GW,,,
DE_ST,P_PV_Rooftop_Residential,2040,2.9,,GW,,,
DE_ST,P_PV_Rooftop_Residential,2045,2.9,,GW,,,
DE_ST,P_PV_Rooftop_Residential,2050,2.9,,GW,,,
DE_ST,P_PV_Rooftop_Residential,2055,2.9,,GW,same as 2050 for now,29.01.2025,Nikita Moskalenko <nim@wip.tu-berlin.de>
DE_ST,P_PV_Rooftop_Residential,2060,2.9,,GW,same as 2050 for now,29.01.2025,Nikita Moskalenko <nim@wip.tu-berlin.de>
DE_ST,P_PV_Utility_Avg,2018,1.88747,,GW,,,
DE_ST,P_PV_Utility_Avg,2020,1.88747,,GW,,,
DE_ST,P_PV_Utility_Avg,2025,1.88747,,GW,,,
DE_ST,P_PV_Utility_Avg,2030,1.88747,,GW,,,
DE_ST,P_PV_Utility_Avg,2035,1.88747,,GW,,,
DE_ST,P_PV_Utility_Avg,2040,1.88747,,GW,,,
DE_ST,P_PV_Utility_Avg,2045,1.88747,,GW,,,
DE_ST,P_PV_Utility_Avg,2050,1.88747,,GW,,,
DE_ST,P_PV_Utility_Avg,2055,1.88747,,GW,same as 2050 for now,29.01.2025,Nikita Moskalenko <nim@wip.tu-berlin.de>
DE_ST,P_PV_Utility_Avg,2060,1.88747,,GW,same as 2050 for now,29.01.2025,Nikita Moskalenko <nim@wip.tu-berlin.de>
DE_ST,P_PV_Utility_Inf,2018,5.66241,,GW,,,
DE_ST,P_PV_Utility_Inf,2020,5.66241,,GW,,,
DE_ST,P_PV_Utility_Inf,2025,5.66241,,GW,,,
DE_ST,P_PV_Utility_Inf,2030,5.66241,,GW,,,
DE_ST,P_PV_Utility_Inf,2035,5.66241,,GW,,,
DE_ST,P_PV_Utility_Inf,2040,5.66241,,GW,,,
DE_ST,P_PV_Utility_Inf,2045,5.66241,,GW,,,
DE_ST,P_PV_Utility_Inf,2050,5.66241,,GW,,,
DE_ST,P_PV_Utility_Inf,2055,5.66241,,GW,same as 2050 for now,29.01.2025,Nikita Moskalenko <nim@wip.tu-berlin.de>
DE_ST,P_PV_Utility_Inf,2060,5.66241,,GW,same as 2050 for now,29.01.2025,Nikita Moskalenko <nim@wip.tu-berlin.de>
DE_ST,P_PV_Utility_Opt,2018,5.66241,,GW,,,
DE_ST,P_PV_Utility_Opt,2020,5.66241,,GW,,,
DE_ST,P_PV_Utility_Opt,2025,5.66241,,GW,,,
DE_ST,P_PV_Utility_Opt,2030,5.66241,,GW,,,
DE_ST,P_PV_Utility_Opt,2035,5.66241,,GW,,,
DE_ST,P_PV_Utility_Opt,2040,5.66241,,GW,,,
DE_ST,P_PV_Utility_Opt,2045,5.66241,,GW,,,
DE_ST,P_PV_Utility_Opt,2050,5.66241,,GW,,,
DE_ST,P_PV_Utility_Opt,2055,5.66241,,GW,same as 2050 for now,29.01.2025,Nikita Moskalenko <nim@wip.tu-berlin.de>
DE_ST,P_PV_Utility_Opt,2060,5.66241,,GW,same as 2050 for now,29.01.2025,Nikita Moskalenko <nim@wip.tu-berlin.de>
DE_ST,P_Wind_Onshore_Avg,2018,2.46667,,GW,,,
DE_ST,P_Wind_Onshore_Avg,2020,2.46667,,GW,,,
DE_ST,P_Wind_Onshore_Avg,2025,2.46667,,GW,,,
DE_ST,P_Wind_Onshore_Avg,2030,2.46667,,GW,,,
DE_ST,P_Wind_Onshore_Avg,2035,2.46667,,GW,,,
DE_ST,P_Wind_Onshore_Avg,2040,2.46667,,GW,,,
DE_ST,P_Wind_Onshore_Avg,2045,2.46667,,GW,,,
DE_ST,P_Wind_Onshore_Avg,2050,2.46667,,GW,,,
DE_ST,P_Wind_Onshore_Avg,2055,2.46667,,GW,same as 2050 for now,29.01.2025,Nikita Moskalenko <nim@wip.tu-berlin.de>
DE_ST,P_Wind_Onshore_Avg,2060,2.46667,,GW,same as 2050 for now,29.01.2025,Nikita Moskalenko <nim@wip.tu-berlin.de>
DE_ST,P_Wind_Onshore_Inf,2018,2.46667,,GW,,,
DE_ST,P_Wind_Onshore_Inf,2020,2.46667,,GW,,,
DE_ST,P_Wind_Onshore_Inf,2025,2.46667,,GW,,,
DE_ST,P_Wind_Onshore_Inf,2030,2.46667,,GW,,,
DE_ST,P_Wind_Onshore_Inf,2035,2.46667,,GW,,,
DE_ST,P_Wind_Onshore_Inf,2040,2.46667,,GW,,,
DE_ST,P_Wind_Onshore_Inf,2045,2.46667,,GW,,,
DE_ST,P_Wind_Onshore_Inf,2050,2.46667,,GW,,,
DE_ST,P_Wind_Onshore_Inf,2055,2.46667,,GW,same as 2050 for now,29.01.2025,Nikita Moskalenko <nim@wip.tu-berlin.de>
DE_ST,P_Wind_Onshore_Inf,2060,2.46667,,GW,same as 2050 for now,29.01.2025,Nikita Moskalenko <nim@wip.tu-berlin.de>
DE_ST,P_Wind_Onshore_Opt,2018,4.936,,GW,,,
DE_ST,P_Wind_Onshore_Opt,2020,2.46667,,GW,,,
DE_ST,P_Wind_Onshore_Opt,2025,5.28,,GW,,,
DE_ST,P_Wind_Onshore_Opt,2030,2.46667,,GW,,,
DE_ST,P_Wind_Onshore_Opt,2035,2.46667,,GW,,,
DE_ST,P_Wind_Onshore_Opt,2040,2.46667,,GW,,,
DE_ST,P_Wind_Onshore_Opt,2045,2.46667,,GW,,,
DE_ST,P_Wind_Onshore_Opt,2050,2.46667,,GW,,,
DE_ST,P_Wind_Onshore_Opt,2055,2.46667,,GW,same as 2050 for now,29.01.2025,Nikita Moskalenko <nim@wip.tu-berlin.de>
DE_ST,P_Wind_Onshore_Opt,2060,2.46667,,GW,same as 2050 for now,29.01.2025,Nikita Moskalenko <nim@wip.tu-berlin.de>
DE_SN,P_PV_Rooftop_Commercial,2018,4.4,,GW,,,
DE_SN,P_PV_Rooftop_Commercial,2020,4.4,,GW,,,
DE_SN,P_PV_Rooftop_Commercial,2025,4.4,,GW,,,
DE_SN,P_PV_Rooftop_Commercial,2030,4.4,,GW,,,
DE_SN,P_PV_Rooftop_Commercial,2035,4.4,,GW,,,
DE_SN,P_PV_Rooftop_Commercial,2040,4.4,,GW,,,
DE_SN,P_PV_Rooftop_Commercial,2045,4.4,,GW,,,
DE_SN,P_PV_Rooftop_Commercial,2050,4.4,,GW,,,
DE_SN,P_PV_Rooftop_Commercial,2055,4.4,,GW,same as 2050 for now,29.01.2025,Nikita Moskalenko <nim@wip.tu-berlin.de>
DE_SN,P_PV_Rooftop_Commercial,2060,4.4,,GW,same as 2050 for now,29.01.2025,Nikita Moskalenko <nim@wip.tu-berlin.de>
DE_SN,P_PV_Rooftop_Residential,2018,4.3,,GW,,,
DE_SN,P_PV_Rooftop_Residential,2020,4.3,,GW,,,
DE_SN,P_PV_Rooftop_Residential,2025,4.3,,GW,,,
DE_SN,P_PV_Rooftop_Residential,2030,4.3,,GW,,,
DE_SN,P_PV_Rooftop_Residential,2035,4.3,,GW,,,
DE_SN,P_PV_Rooftop_Residential,2040,4.3,,GW,,,
DE_SN,P_PV_Rooftop_Residential,2045,4.3,,GW,,,
DE_SN,P_PV_Rooftop_Residential,2050,4.3,,GW,,,
DE_SN,P_PV_Rooftop_Residential,2055,4.3,,GW,same as 2050 for now,29.01.2025,Nikita Moskalenko <nim@wip.tu-berlin.de>
DE_SN,P_PV_Rooftop_Residential,2060,4.3,,GW,same as 2050 for now,29.01.2025,Nikita Moskalenko <nim@wip.tu-berlin.de>
DE_SN,P_PV_Utility_Avg,2018,1.70271,,GW,,,
DE_SN,P_PV_Utility_Avg,2020,1.70271,,GW,,,
DE_SN,P_PV_Utility_Avg,2025,1.70271,,GW,,,
DE_SN,P_PV_Utility_Avg,2030,1.70271,,GW,,,
DE_SN,P_PV_Utility_Avg,2035,1.70271,,GW,,,
DE_SN,P_PV_Utility_Avg,2040,1.70271,,GW,,,
DE_SN,P_PV_Utility_Avg,2045,1.70271,,GW,,,
DE_SN,P_PV_Utility_Avg,2050,1.70271,,GW,,,
DE_SN,P_PV_Utility_Avg,2055,1.70271,,GW,same as 2050 for now,29.01.2025,Nikita Moskalenko <nim@wip.tu-berlin.de>
DE_SN,P_PV_Utility_Avg,2060,1.70271,,GW,same as 2050 for now,29.01.2025,Nikita Moskalenko <nim@wip.tu-berlin.de>
DE_SN,P_PV_Utility_Inf,2018,5.10813,,GW,,,
DE_SN,P_PV_Utility_Inf,2020,5.10813,,GW,,,
DE_SN,P_PV_Utility_Inf,2025,5.10813,,GW,,,
DE_SN,P_PV_Utility_Inf,2030,5.10813,,GW,,,
DE_SN,P_PV_Utility_Inf,2035,5.10813,,GW,,,
DE_SN,P_PV_Utility_Inf,2040,5.10813,,GW,,,
DE_SN,P_PV_Utility_Inf,2045,5.10813,,GW,,,
DE_SN,P_PV_Utility_Inf,2050,5.10813,,GW,,,
DE_SN,P_PV_Utility_Inf,2055,5.10813,,GW,same as 2050 for now,29.01.2025,Nikita Moskalenko <nim@wip.tu-berlin.de>
DE_SN,P_PV_Utility_Inf,2060,5.10813,,GW,same as 2050 for now,29.01.2025,Nikita Moskalenko <nim@wip.tu-berlin.de>
DE_SN,P_PV_Utility_Opt,2018,5.10813,,GW,,,
DE_SN,P_PV_Utility_Opt,2020,5.10813,,GW,,,
DE_SN,P_PV_Utility_Opt,2025,5.10813,,GW,,,
DE_SN,P_PV_Utility_Opt,2030,5.10813,,GW,,,
DE_SN,P_PV_Utility_Opt,2035,5.10813,,GW,,,
DE_SN,P_PV_Utility_Opt,2040,5.10813,,GW,,,
DE_SN,P_PV_Utility_Opt,2045,5.10813,,GW,,,
DE_SN,P_PV_Utility_Opt,2050,5.10813,,GW,,,
DE_SN,P_PV_Utility_Opt,2055,5.10813,,GW,same as 2050 for now,29.01.2025,Nikita Moskalenko <nim@wip.tu-berlin.de>
DE_SN,P_PV_Utility_Opt,2060,5.10813,,GW,same as 2050 for now,29.01.2025,Nikita Moskalenko <nim@wip.tu-berlin.de>
DE_SN,P_Wind_Onshore_Avg,2018,3.33333,,GW,,,
DE_SN,P_Wind_Onshore_Avg,2020,3.33333,,GW,,,
DE_SN,P_Wind_Onshore_Avg,2025,3.33333,,GW,,,
DE_SN,P_Wind_Onshore_Avg,2030,3.33333,,GW,,,
DE_SN,P_Wind_Onshore_Avg,2035,3.33333,,GW,,,
DE_SN,P_Wind_Onshore_Avg,2040,3.33333,,GW,,,
DE_SN,P_Wind_Onshore_Avg,2045,3.33333,,GW,,,
DE_SN,P_Wind_Onshore_Avg,2050,3.33333,,GW,,,
DE_SN,P_Wind_Onshore_Avg,2055,3.33333,,GW,same as 2050 for now,29.01.2025,Nikita Moskalenko <nim@wip.tu-berlin.de>
DE_SN,P_Wind_Onshore_Avg,2060,3.33333,,GW,same as 2050 for now,29.01.2025,Nikita Moskalenko <nim@wip.tu-berlin.de>
DE_SN,P_Wind_Onshore_Inf,2018,3.33333,,GW,,,
DE_SN,P_Wind_Onshore_Inf,2020,3.33333,,GW,,,
DE_SN,P_Wind_Onshore_Inf,2025,3.33333,,GW,,,
DE_SN,P_Wind_Onshore_Inf,2030,3.33333,,GW,,,
DE_SN,P_Wind_Onshore_Inf,2035,3.33333,,GW,,,
DE_SN,P_Wind_Onshore_Inf,2040,3.33333,,GW,,,
DE_SN,P_Wind_Onshore_Inf,2045,3.33333,,GW,,,
DE_SN,P_Wind_Onshore_Inf,2050,3.33333,,GW,,,
DE_SN,P_Wind_Onshore_Inf,2055,3.33333,,GW,same as 2050 for now,29.01.2025,Nikita Moskalenko <nim@wip.tu-berlin.de>
DE_SN,P_Wind_Onshore_Inf,2060,3.33333,,GW,same as 2050 for now,29.01.2025,Nikita Moskalenko <nim@wip.tu-berlin.de>
DE_SN,P_Wind_Onshore_Opt,2018,3.33333,,GW,,,
DE_SN,P_Wind_Onshore_Opt,2020,3.33333,,GW,,,
DE_SN,P_Wind_Onshore_Opt,2025,3.33333,,GW,,,
DE_SN,P_Wind_Onshore_Opt,2030,3.33333,,GW,,,
DE_SN,P_Wind_Onshore_Opt,2035,3.33333,,GW,,,
DE_SN,P_Wind_Onshore_Opt,2040,3.33333,,GW,,,
DE_SN,P_Wind_Onshore_Opt,2045,3.33333,,GW,,,
DE_SN,P_Wind_Onshore_Opt,2050,3.33333,,GW,,,
DE_SN,P_Wind_Onshore_Opt,2055,3.33333,,GW,same as 2050 for now,29.01.2025,Nikita Moskalenko <nim@wip.tu-berlin.de>
DE_SN,P_Wind_Onshore_Opt,2060,3.33333,,GW,same as 2050 for now,29.01.2025,Nikita Moskalenko <nim@wip.tu-berlin.de>
DE_SL,P_PV_Rooftop_Commercial,2018,0.8,,GW,,,
DE_SL,P_PV_Rooftop_Commercial,2020,0.8,,GW,,,
DE_SL,P_PV_Rooftop_Commercial,2025,0.8,,GW,,,
DE_SL,P_PV_Rooftop_Commercial,2030,0.8,,GW,,,
DE_SL,P_PV_Rooftop_Commercial,2035,0.8,,GW,,,
DE_SL,P_PV_Rooftop_Commercial,2040,0.8,,GW,,,
DE_SL,P_PV_Rooftop_Commercial,2045,0.8,,GW,,,
DE_SL,P_PV_Rooftop_Commercial,2050,0.8,,GW,,,
DE_SL,P_PV_Rooftop_Commercial,2055,0.8,,GW,same as 2050 for now,29.01.2025,Nikita Moskalenko <nim@wip.tu-berlin.de>
DE_SL,P_PV_Rooftop_Commercial,2060,0.8,,GW,same as 2050 for now,29.01.2025,Nikita Moskalenko <nim@wip.tu-berlin.de>
DE_SL,P_PV_Rooftop_Residential,2018,1.9,,GW,,,
DE_SL,P_PV_Rooftop_Residential,2020,1.9,,GW,,,
DE_SL,P_PV_Rooftop_Residential,2025,1.9,,GW,,,
DE_SL,P_PV_Rooftop_Residential,2030,1.9,,GW,,,
DE_SL,P_PV_Rooftop_Residential,2035,1.9,,GW,,,
DE_SL,P_PV_Rooftop_Residential,2040,1.9,,GW,,,
DE_SL,P_PV_Rooftop_Residential,2045,1.9,,GW,,,
DE_SL,P_PV_Rooftop_Residential,2050,1.9,,GW,,,
DE_SL,P_PV_Rooftop_Residential,2055,1.9,,GW,same as 2050 for now,29.01.2025,Nikita Moskalenko <nim@wip.tu-berlin.de>
DE_SL,P_PV_Rooftop_Residential,2060,1.9,,GW,same as 2050 for now,29.01.2025,Nikita Moskalenko <nim@wip.tu-berlin.de>
DE_SL,P_PV_Utility_Avg,2018,0.237272,,GW,,,
DE_SL,P_PV_Utility_Avg,2020,0.237272,,GW,,,
DE_SL,P_PV_Utility_Avg,2025,0.237272,,GW,,,
DE_SL,P_PV_Utility_Avg,2030,0.237272,,GW,,,
DE_SL,P_PV_Utility_Avg,2035,0.237272,,GW,,,
DE_SL,P_PV_Utility_Avg,2040,0.237272,,GW,,,
DE_SL,P_PV_Utility_Avg,2045,0.237272,,GW,,,
DE_SL,P_PV_Utility_Avg,2050,0.237272,,GW,,,
DE_SL,P_PV_Utility_Avg,2055,0.237272,,GW,same as 2050 for now,29.01.2025,Nikita Moskalenko <nim@wip.tu-berlin.de>
DE_SL,P_PV_Utility_Avg,2060,0.237272,,GW,same as 2050 for now,29.01.2025,Nikita Moskalenko <nim@wip.tu-berlin.de>
DE_SL,P_PV_Utility_Inf,2018,0.711816,,GW,,,
DE_SL,P_PV_Utility_Inf,2020,0.711816,,GW,,,
DE_SL,P_PV_Utility_Inf,2025,0.711816,,GW,,,
DE_SL,P_PV_Utility_Inf,2030,0.711816,,GW,,,
DE_SL,P_PV_Utility_Inf,2035,0.711816,,GW,,,
DE_SL,P_PV_Utility_Inf,2040,0.711816,,GW,,,
DE_SL,P_PV_Utility_Inf,2045,0.711816,,GW,,,
DE_SL,P_PV_Utility_Inf,2050,0.711816,,GW,,,
DE_SL,P_PV_Utility_Inf,2055,0.711816,,GW,same as 2050 for now,29.01.2025,Nikita Moskalenko <nim@wip.tu-berlin.de>
DE_SL,P_PV_Utility_Inf,2060,0.711816,,GW,same as 2050 for now,29.01.2025,Nikita Moskalenko <nim@wip.tu-berlin.de>
DE_SL,P_PV_Utility_Opt,2018,0.711816,,GW,,,
DE_SL,P_PV_Utility_Opt,2020,0.711816,,GW,,,
DE_SL,P_PV_Utility_Opt,2025,0.711816,,GW,,,
DE_SL,P_PV_Utility_Opt,2030,0.711816,,GW,,,
DE_SL,P_PV_Utility_Opt,2035,0.711816,,GW,,,
DE_SL,P_PV_Utility_Opt,2040,0.711816,,GW,,,
DE_SL,P_PV_Utility_Opt,2045,0.711816,,GW,,,
DE_SL,P_PV_Utility_Opt,2050,0.711816,,GW,,,
DE_SL,P_PV_Utility_Opt,2055,0.711816,,GW,same as 2050 for now,29.01.2025,Nikita Moskalenko <nim@wip.tu-berlin.de>
DE_SL,P_PV_Utility_Opt,2060,0.711816,,GW,same as 2050 for now,29.01.2025,Nikita Moskalenko <nim@wip.tu-berlin.de>
DE_SL,P_Wind_Onshore_Avg,2018,0.8,,GW,,,
DE_SL,P_Wind_Onshore_Avg,2020,0.8,,GW,,,
DE_SL,P_Wind_Onshore_Avg,2025,0.8,,GW,,,
DE_SL,P_Wind_Onshore_Avg,2030,0.8,,GW,,,
DE_SL,P_Wind_Onshore_Avg,2035,0.8,,GW,,,
DE_SL,P_Wind_Onshore_Avg,2040,0.8,,GW,,,
DE_SL,P_Wind_Onshore_Avg,2045,0.8,,GW,,,
DE_SL,P_Wind_Onshore_Avg,2050,0.8,,GW,,,
DE_SL,P_Wind_Onshore_Avg,2055,0.8,,GW,same as 2050 for now,29.01.2025,Nikita Moskalenko <nim@wip.tu-berlin.de>
DE_SL,P_Wind_Onshore_Avg,2060,0.8,,GW,same as 2050 for now,29.01.2025,Nikita Moskalenko <nim@wip.tu-berlin.de>
DE_SL,P_Wind_Onshore_Inf,2018,0.8,,GW,,,
DE_SL,P_Wind_Onshore_Inf,2020,0.8,,GW,,,
DE_SL,P_Wind_Onshore_Inf,2025,0.8,,GW,,,
DE_SL,P_Wind_Onshore_Inf,2030,0.8,,GW,,,
DE_SL,P_Wind_Onshore_Inf,2035,0.8,,GW,,,
DE_SL,P_Wind_Onshore_Inf,2040,0.8,,GW,,,
DE_SL,P_Wind_Onshore_Inf,2045,0.8,,GW,,,
DE_SL,P_Wind_Onshore_Inf,2050,0.8,,GW,,,
DE_SL,P_Wind_Onshore_Inf,2055,0.8,,GW,same as 2050 for now,29.01.2025,Nikita Moskalenko <nim@wip.tu-berlin.de>
DE_SL,P_Wind_Onshore_Inf,2060,0.8,,GW,same as 2050 for now,29.01.2025,Nikita Moskalenko <nim@wip.tu-berlin.de>
DE_SL,P_Wind_Onshore_Opt,2018,0.8,,GW,,,
DE_SL,P_Wind_Onshore_Opt,2020,0.8,,GW,,,
DE_SL,P_Wind_Onshore_Opt,2025,0.8,,GW,,,
DE_SL,P_Wind_Onshore_Opt,2030,0.8,,GW,,,
DE_SL,P_Wind_Onshore_Opt,2035,0.8,,GW,,,
DE_SL,P_Wind_Onshore_Opt,2040,0.8,,GW,,,
DE_SL,P_Wind_Onshore_Opt,2045,0.8,,GW,,,
DE_SL,P_Wind_Onshore_Opt,2050,0.8,,GW,,,
DE_SL,P_Wind_Onshore_Opt,2055,0.8,,GW,same as 2050 for now,29.01.2025,Nikita Moskalenko <nim@wip.tu-berlin.de>
DE_SL,P_Wind_Onshore_Opt,2060,0.8,,GW,same as 2050 for now,29.01.2025,Nikita Moskalenko <nim@wip.tu-berlin.de>
DE_SH,P_Ocean,2018,0.388179,,GW,,,
DE_SH,P_Ocean,2020,0.388179,,GW,,,
DE_SH,P_Ocean,2025,0.388179,,GW,,,
DE_SH,P_Ocean,2030,0.388179,,GW,,,
DE_SH,P_Ocean,2035,0.388179,,GW,,,
DE_SH,P_Ocean,2040,0.388179,,GW,,,
DE_SH,P_Ocean,2045,0.388179,,GW,,,
DE_SH,P_Ocean,2050,0.388179,,GW,,,
DE_SH,P_Ocean,2055,0.388179,,GW,same as 2050 for now,29.01.2025,Nikita Moskalenko <nim@wip.tu-berlin.de>
DE_SH,P_Ocean,2060,0.388179,,GW,same as 2050 for now,29.01.2025,Nikita Moskalenko <nim@wip.tu-berlin.de>
DE_SH,P_PV_Rooftop_Commercial,2018,4.6,,GW,,,
DE_SH,P_PV_Rooftop_Commercial,2020,4.6,,GW,,,
DE_SH,P_PV_Rooftop_Commercial,2025,4.6,,GW,,,
DE_SH,P_PV_Rooftop_Commercial,2030,4.6,,GW,,,
DE_SH,P_PV_Rooftop_Commercial,2035,4.6,,GW,,,
DE_SH,P_PV_Rooftop_Commercial,2040,4.6,,GW,,,
DE_SH,P_PV_Rooftop_Commercial,2045,4.6,,GW,,,
DE_SH,P_PV_Rooftop_Commercial,2050,4.6,,GW,,,
DE_SH,P_PV_Rooftop_Commercial,2055,4.6,,GW,same as 2050 for now,29.01.2025,Nikita Moskalenko <nim@wip.tu-berlin.de>
DE_SH,P_PV_Rooftop_Commercial,2060,4.6,,GW,same as 2050 for now,29.01.2025,Nikita Moskalenko <nim@wip.tu-berlin.de>
DE_SH,P_PV_Rooftop_Residential,2018,4.2,,GW,,,
DE_SH,P_PV_Rooftop_Residential,2020,4.2,,GW,,,
DE_SH,P_PV_Rooftop_Residential,2025,4.2,,GW,,,
DE_SH,P_PV_Rooftop_Residential,2030,4.2,,GW,,,
DE_SH,P_PV_Rooftop_Residential,2035,4.2,,GW,,,
DE_SH,P_PV_Rooftop_Residential,2040,4.2,,GW,,,
DE_SH,P_PV_Rooftop_Residential,2045,4.2,,GW,,,
DE_SH,P_PV_Rooftop_Residential,2050,4.2,,GW,,,
DE_SH,P_PV_Rooftop_Residential,2055,4.2,,GW,same as 2050 for now,29.01.2025,Nikita Moskalenko <nim@wip.tu-berlin.de>
DE_SH,P_PV_Rooftop_Residential,2060,4.2,,GW,same as 2050 for now,29.01.2025,Nikita Moskalenko <nim@wip.tu-berlin.de>
DE_SH,P_PV_Utility_Avg,2018,1.45833,,GW,,,
DE_SH,P_PV_Utility_Avg,2020,1.45833,,GW,,,
DE_SH,P_PV_Utility_Avg,2025,1.45833,,GW,,,
DE_SH,P_PV_Utility_Avg,2030,1.45833,,GW,,,
DE_SH,P_PV_Utility_Avg,2035,1.45833,,GW,,,
DE_SH,P_PV_Utility_Avg,2040,1.45833,,GW,,,
DE_SH,P_PV_Utility_Avg,2045,1.45833,,GW,,,
DE_SH,P_PV_Utility_Avg,2050,1.45833,,GW,,,
DE_SH,P_PV_Utility_Avg,2055,1.45833,,GW,same as 2050 for now,29.01.2025,Nikita Moskalenko <nim@wip.tu-berlin.de>
DE_SH,P_PV_Utility_Avg,2060,1.45833,,GW,same as 2050 for now,29.01.2025,Nikita Moskalenko <nim@wip.tu-berlin.de>
DE_SH,P_PV_Utility_Inf,2018,4.375,,GW,,,
DE_SH,P_PV_Utility_Inf,2020,4.375,,GW,,,
DE_SH,P_PV_Utility_Inf,2025,4.375,,GW,,,
DE_SH,P_PV_Utility_Inf,2030,4.375,,GW,,,
DE_SH,P_PV_Utility_Inf,2035,4.375,,GW,,,
DE_SH,P_PV_Utility_Inf,2040,4.375,,GW,,,
DE_SH,P_PV_Utility_Inf,2045,4.375,,GW,,,
DE_SH,P_PV_Utility_Inf,2050,4.375,,GW,,,
DE_SH,P_PV_Utility_Inf,2055,4.375,,GW,same as 2050 for now,29.01.2025,Nikita Moskalenko <nim@wip.tu-berlin.de>
DE_SH,P_PV_Utility_Inf,2060,4.375,,GW,same as 2050 for now,29.01.2025,Nikita Moskalenko <nim@wip.tu-berlin.de>
DE_SH,P_PV_Utility_Opt,2018,4.375,,GW,,,
DE_SH,P_PV_Utility_Opt,2020,4.375,,GW,,,
DE_SH,P_PV_Utility_Opt,2025,4.375,,GW,,,
DE_SH,P_PV_Utility_Opt,2030,4.375,,GW,,,
DE_SH,P_PV_Utility_Opt,2035,4.375,,GW,,,
DE_SH,P_PV_Utility_Opt,2040,4.375,,GW,,,
DE_SH,P_PV_Utility_Opt,2045,4.375,,GW,,,
DE_SH,P_PV_Utility_Opt,2050,4.375,,GW,,,
DE_SH,P_PV_Utility_Opt,2055,4.375,,GW,same as 2050 for now,29.01.2025,Nikita Moskalenko <nim@wip.tu-berlin.de>
DE_SH,P_PV_Utility_Opt,2060,4.375,,GW,same as 2050 for now,29.01.2025,Nikita Moskalenko <nim@wip.tu-berlin.de>
DE_SH,P_Wind_Offshore_Shallow,2018,9.5452,,GW,,,
DE_SH,P_Wind_Offshore_Shallow,2020,9.5452,,GW,,,
DE_SH,P_Wind_Offshore_Shallow,2025,9.5452,,GW,,,
DE_SH,P_Wind_Offshore_Shallow,2030,9.5452,,GW,,,
DE_SH,P_Wind_Offshore_Shallow,2035,9.5452,,GW,,,
DE_SH,P_Wind_Offshore_Shallow,2040,9.5452,,GW,,,
DE_SH,P_Wind_Offshore_Shallow,2045,9.5452,,GW,,,
DE_SH,P_Wind_Offshore_Shallow,2050,9.5452,,GW,,,
DE_SH,P_Wind_Offshore_Shallow,2055,9.5452,,GW,same as 2050 for now,29.01.2025,Nikita Moskalenko <nim@wip.tu-berlin.de>
DE_SH,P_Wind_Offshore_Shallow,2060,9.5452,,GW,same as 2050 for now,29.01.2025,Nikita Moskalenko <nim@wip.tu-berlin.de>
DE_SH,P_Wind_Offshore_Transitional,2018,2.445,,GW,,,
DE_SH,P_Wind_Offshore_Transitional,2020,9.5452,,GW,,,
DE_SH,P_Wind_Offshore_Transitional,2025,2.445,,GW,,,
DE_SH,P_Wind_Offshore_Transitional,2030,2.445,,GW,,,
DE_SH,P_Wind_Offshore_Transitional,2035,2.445,,GW,,,
DE_SH,P_Wind_Offshore_Transitional,2040,2.445,,GW,,,
DE_SH,P_Wind_Offshore_Transitional,2045,2.445,,GW,,,
DE_SH,P_Wind_Offshore_Transitional,2050,2.445,,GW,,,
DE_SH,P_Wind_Offshore_Transitional,2055,2.445,,GW,same as 2050 for now,29.01.2025,Nikita Moskalenko <nim@wip.tu-berlin.de>
DE_SH,P_Wind_Offshore_Transitional,2060,2.445,,GW,same as 2050 for now,29.01.2025,Nikita Moskalenko <nim@wip.tu-berlin.de>
DE_SH,P_Wind_Onshore_Avg,2018,3,,GW,,,
DE_SH,P_Wind_Onshore_Avg,2020,3,,GW,,,
DE_SH,P_Wind_Onshore_Avg,2025,3,,GW,,,
DE_SH,P_Wind_Onshore_Avg,2030,3,,GW,,,
DE_SH,P_Wind_Onshore_Avg,2035,3,,GW,,,
DE_SH,P_Wind_Onshore_Avg,2040,3,,GW,,,
DE_SH,P_Wind_Onshore_Avg,2045,3,,GW,,,
DE_SH,P_Wind_Onshore_Avg,2050,3,,GW,,,
DE_SH,P_Wind_Onshore_Avg,2055,3,,GW,same as 2050 for now,29.01.2025,Nikita Moskalenko <nim@wip.tu-berlin.de>
DE_SH,P_Wind_Onshore_Avg,2060,3,,GW,same as 2050 for now,29.01.2025,Nikita Moskalenko <nim@wip.tu-berlin.de>
DE_SH,P_Wind_Onshore_Inf,2018,3,,GW,,,
DE_SH,P_Wind_Onshore_Inf,2020,3,,GW,,,
DE_SH,P_Wind_Onshore_Inf,2025,3,,GW,,,
DE_SH,P_Wind_Onshore_Inf,2030,3,,GW,,,
DE_SH,P_Wind_Onshore_Inf,2035,3,,GW,,,
DE_SH,P_Wind_Onshore_Inf,2040,3,,GW,,,
DE_SH,P_Wind_Onshore_Inf,2045,3,,GW,,,
DE_SH,P_Wind_Onshore_Inf,2050,3,,GW,,,
DE_SH,P_Wind_Onshore_Inf,2055,3,,GW,same as 2050 for now,29.01.2025,Nikita Moskalenko <nim@wip.tu-berlin.de>
DE_SH,P_Wind_Onshore_Inf,2060,3,,GW,same as 2050 for now,29.01.2025,Nikita Moskalenko <nim@wip.tu-berlin.de>
DE_SH,P_Wind_Onshore_Opt,2018,6.283,,GW,,,
DE_SH,P_Wind_Onshore_Opt,2020,3,,GW,,,
DE_SH,P_Wind_Onshore_Opt,2025,4.6595,,GW,,,
DE_SH,P_Wind_Onshore_Opt,2030,3.9745,,GW,,,
DE_SH,P_Wind_Onshore_Opt,2035,3,,GW,,,
DE_SH,P_Wind_Onshore_Opt,2040,3,,GW,,,
DE_SH,P_Wind_Onshore_Opt,2045,3,,GW,,,
DE_SH,P_Wind_Onshore_Opt,2050,3,,GW,,,
DE_SH,P_Wind_Onshore_Opt,2055,3,,GW,same as 2050 for now,29.01.2025,Nikita Moskalenko <nim@wip.tu-berlin.de>
DE_SH,P_Wind_Onshore_Opt,2060,3,,GW,same as 2050 for now,29.01.2025,Nikita Moskalenko <nim@wip.tu-berlin.de>
DE_RP,P_PV_Rooftop_Commercial,2018,3.8,,GW,,,
DE_RP,P_PV_Rooftop_Commercial,2020,3.8,,GW,,,
DE_RP,P_PV_Rooftop_Commercial,2025,3.8,,GW,,,
DE_RP,P_PV_Rooftop_Commercial,2030,3.8,,GW,,,
DE_RP,P_PV_Rooftop_Commercial,2035,3.8,,GW,,,
DE_RP,P_PV_Rooftop_Commercial,2040,3.8,,GW,,,
DE_RP,P_PV_Rooftop_Commercial,2045,3.8,,GW,,,
DE_RP,P_PV_Rooftop_Commercial,2050,3.8,,GW,,,
DE_RP,P_PV_Rooftop_Commercial,2055,3.8,,GW,same as 2050 for now,29.01.2025,Nikita Moskalenko <nim@wip.tu-berlin.de>
DE_RP,P_PV_Rooftop_Commercial,2060,3.8,,GW,same as 2050 for now,29.01.2025,Nikita Moskalenko <nim@wip.tu-berlin.de>
DE_RP,P_PV_Rooftop_Residential,2018,7.2,,GW,,,
DE_RP,P_PV_Rooftop_Residential,2020,7.2,,GW,,,
DE_RP,P_PV_Rooftop_Residential,2025,7.2,,GW,,,
DE_RP,P_PV_Rooftop_Residential,2030,7.2,,GW,,,
DE_RP,P_PV_Rooftop_Residential,2035,7.2,,GW,,,
DE_RP,P_PV_Rooftop_Residential,2040,7.2,,GW,,,
DE_RP,P_PV_Rooftop_Residential,2045,7.2,,GW,,,
DE_RP,P_PV_Rooftop_Residential,2050,7.2,,GW,,,
DE_RP,P_PV_Rooftop_Residential,2055,7.2,,GW,same as 2050 for now,29.01.2025,Nikita Moskalenko <nim@wip.tu-berlin.de>
DE_RP,P_PV_Rooftop_Residential,2060,7.2,,GW,same as 2050 for now,29.01.2025,Nikita Moskalenko <nim@wip.tu-berlin.de>
DE_RP,P_PV_Utility_Avg,2018,1.83265,,GW,,,
DE_RP,P_PV_Utility_Avg,2020,1.83265,,GW,,,
DE_RP,P_PV_Utility_Avg,2025,1.83265,,GW,,,
DE_RP,P_PV_Utility_Avg,2030,1.83265,,GW,,,
DE_RP,P_PV_Utility_Avg,2035,1.83265,,GW,,,
DE_RP,P_PV_Utility_Avg,2040,1.83265,,GW,,,
DE_RP,P_PV_Utility_Avg,2045,1.83265,,GW,,,
DE_RP,P_PV_Utility_Avg,2050,1.83265,,GW,,,
DE_RP,P_PV_Utility_Avg,2055,1.83265,,GW,same as 2050 for now,29.01.2025,Nikita Moskalenko <nim@wip.tu-berlin.de>
DE_RP,P_PV_Utility_Avg,2060,1.83265,,GW,same as 2050 for now,29.01.2025,Nikita Moskalenko <nim@wip.tu-berlin.de>
DE_RP,P_PV_Utility_Inf,2018,5.49795,,GW,,,
DE_RP,P_PV_Utility_Inf,2020,5.49795,,GW,,,
DE_RP,P_PV_Utility_Inf,2025,5.49795,,GW,,,
DE_RP,P_PV_Utility_Inf,2030,5.49795,,GW,,,
DE_RP,P_PV_Utility_Inf,2035,5.49795,,GW,,,
DE_RP,P_PV_Utility_Inf,2040,5.49795,,GW,,,
DE_RP,P_PV_Utility_Inf,2045,5.49795,,GW,,,
DE_RP,P_PV_Utility_Inf,2050,5.49795,,GW,,,
DE_RP,P_PV_Utility_Inf,2055,5.49795,,GW,same as 2050 for now,29.01.2025,Nikita Moskalenko <nim@wip.tu-berlin.de>
DE_RP,P_PV_Utility_Inf,2060,5.49795,,GW,same as 2050 for now,29.01.2025,Nikita Moskalenko <nim@wip.tu-berlin.de>
DE_RP,P_PV_Utility_Opt,2018,5.49795,,GW,,,
DE_RP,P_PV_Utility_Opt,2020,5.49795,,GW,,,
DE_RP,P_PV_Utility_Opt,2025,5.49795,,GW,,,
DE_RP,P_PV_Utility_Opt,2030,5.49795,,GW,,,
DE_RP,P_PV_Utility_Opt,2035,5.49795,,GW,,,
DE_RP,P_PV_Utility_Opt,2040,5.49795,,GW,,,
DE_RP,P_PV_Utility_Opt,2045,5.49795,,GW,,,
DE_RP,P_PV_Utility_Opt,2050,5.49795,,GW,,,
DE_RP,P_PV_Utility_Opt,2055,5.49795,,GW,same as 2050 for now,29.01.2025,Nikita Moskalenko <nim@wip.tu-berlin.de>
DE_RP,P_PV_Utility_Opt,2060,5.49795,,GW,same as 2050 for now,29.01.2025,Nikita Moskalenko <nim@wip.tu-berlin.de>
DE_RP,P_Wind_Onshore_Avg,2018,4,,GW,,,
DE_RP,P_Wind_Onshore_Avg,2020,4,,GW,,,
DE_RP,P_Wind_Onshore_Avg,2025,4,,GW,,,
DE_RP,P_Wind_Onshore_Avg,2030,4,,GW,,,
DE_RP,P_Wind_Onshore_Avg,2035,4,,GW,,,
DE_RP,P_Wind_Onshore_Avg,2040,4,,GW,,,
DE_RP,P_Wind_Onshore_Avg,2045,4,,GW,,,
DE_RP,P_Wind_Onshore_Avg,2050,4,,GW,,,
DE_RP,P_Wind_Onshore_Avg,2055,4,,GW,same as 2050 for now,29.01.2025,Nikita Moskalenko <nim@wip.tu-berlin.de>
DE_RP,P_Wind_Onshore_Avg,2060,4,,GW,same as 2050 for now,29.01.2025,Nikita Moskalenko <nim@wip.tu-berlin.de>
DE_RP,P_Wind_Onshore_Inf,2018,4,,GW,,,
DE_RP,P_Wind_Onshore_Inf,2020,4,,GW,,,
DE_RP,P_Wind_Onshore_Inf,2025,4,,GW,,,
DE_RP,P_Wind_Onshore_Inf,2030,4,,GW,,,
DE_RP,P_Wind_Onshore_Inf,2035,4,,GW,,,
DE_RP,P_Wind_Onshore_Inf,2040,4,,GW,,,
DE_RP,P_Wind_Onshore_Inf,2045,4,,GW,,,
DE_RP,P_Wind_Onshore_Inf,2050,4,,GW,,,
DE_RP,P_Wind_Onshore_Inf,2055,4,,GW,same as 2050 for now,29.01.2025,Nikita Moskalenko <nim@wip.tu-berlin.de>
DE_RP,P_Wind_Onshore_Inf,2060,4,,GW,same as 2050 for now,29.01.2025,Nikita Moskalenko <nim@wip.tu-berlin.de>
DE_RP,P_Wind_Onshore_Opt,2018,4,,GW,,,
DE_RP,P_Wind_Onshore_Opt,2020,4,,GW,,,
DE_RP,P_Wind_Onshore_Opt,2025,4,,GW,,,
DE_RP,P_Wind_Onshore_Opt,2030,4,,GW,,,
DE_RP,P_Wind_Onshore_Opt,2035,4,,GW,,,
DE_RP,P_Wind_Onshore_Opt,2040,4,,GW,,,
DE_RP,P_Wind_Onshore_Opt,2045,4,,GW,,,
DE_RP,P_Wind_Onshore_Opt,2050,4,,GW,,,
DE_RP,P_Wind_Onshore_Opt,2055,4,,GW,same as 2050 for now,29.01.2025,Nikita Moskalenko <nim@wip.tu-berlin.de>
DE_RP,P_Wind_Onshore_Opt,2060,4,,GW,same as 2050 for now,29.01.2025,Nikita Moskalenko <nim@wip.tu-berlin.de>
DE_NRW,D_PHS,2020,9.4,,GW,,,
DE_NRW,P_PV_Rooftop_Commercial,2018,15.4,,GW,,,
DE_NRW,P_PV_Rooftop_Commercial,2020,15.4,,GW,,,
DE_NRW,P_PV_Rooftop_Commercial,2025,15.4,,GW,,,
DE_NRW,P_PV_Rooftop_Commercial,2030,15.4,,GW,,,
DE_NRW,P_PV_Rooftop_Commercial,2035,15.4,,GW,,,
DE_NRW,P_PV_Rooftop_Commercial,2040,15.4,,GW,,,
DE_NRW,P_PV_Rooftop_Commercial,2045,15.4,,GW,,,
DE_NRW,P_PV_Rooftop_Commercial,2050,15.4,,GW,,,
DE_NRW,P_PV_Rooftop_Commercial,2055,15.4,,GW,same as 2050 for now,29.01.2025,Nikita Moskalenko <nim@wip.tu-berlin.de>
DE_NRW,P_PV_Rooftop_Commercial,2060,15.4,,GW,same as 2050 for now,29.01.2025,Nikita Moskalenko <nim@wip.tu-berlin.de>
DE_NRW,P_PV_Rooftop_Residential,2018,24,,GW,,,
DE_NRW,P_PV_Rooftop_Residential,2020,24,,GW,,,
DE_NRW,P_PV_Rooftop_Residential,2025,24,,GW,,,
DE_NRW,P_PV_Rooftop_Residential,2030,24,,GW,,,
DE_NRW,P_PV_Rooftop_Residential,2035,24,,GW,,,
DE_NRW,P_PV_Rooftop_Residential,2040,24,,GW,,,
DE_NRW,P_PV_Rooftop_Residential,2045,24,,GW,,,
DE_NRW,P_PV_Rooftop_Residential,2050,24,,GW,,,
DE_NRW,P_PV_Rooftop_Residential,2055,24,,GW,same as 2050 for now,29.01.2025,Nikita Moskalenko <nim@wip.tu-berlin.de>
DE_NRW,P_PV_Rooftop_Residential,2060,24,,GW,same as 2050 for now,29.01.2025,Nikita Moskalenko <nim@wip.tu-berlin.de>
DE_NRW,P_PV_Utility_Avg,2018,3.14821,,GW,,,
DE_NRW,P_PV_Utility_Avg,2020,3.14821,,GW,,,
DE_NRW,P_PV_Utility_Avg,2025,3.14821,,GW,,,
DE_NRW,P_PV_Utility_Avg,2030,3.14821,,GW,,,
DE_NRW,P_PV_Utility_Avg,2035,3.14821,,GW,,,
DE_NRW,P_PV_Utility_Avg,2040,3.14821,,GW,,,
DE_NRW,P_PV_Utility_Avg,2045,3.14821,,GW,,,
DE_NRW,P_PV_Utility_Avg,2050,3.14821,,GW,,,
DE_NRW,P_PV_Utility_Avg,2055,3.14821,,GW,same as 2050 for now,29.01.2025,Nikita Moskalenko <nim@wip.tu-berlin.de>
DE_NRW,P_PV_Utility_Avg,2060,3.14821,,GW,same as 2050 for now,29.01.2025,Nikita Moskalenko <nim@wip.tu-berlin.de>
DE_NRW,P_PV_Utility_Inf,2018,9.44464,,GW,,,
DE_NRW,P_PV_Utility_Inf,2020,9.44464,,GW,,,
DE_NRW,P_PV_Utility_Inf,2025,9.44464,,GW,,,
DE_NRW,P_PV_Utility_Inf,2030,9.44464,,GW,,,
DE_NRW,P_PV_Utility_Inf,2035,9.44464,,GW,,,
DE_NRW,P_PV_Utility_Inf,2040,9.44464,,GW,,,
DE_NRW,P_PV_Utility_Inf,2045,9.44464,,GW,,,
DE_NRW,P_PV_Utility_Inf,2050,9.44464,,GW,,,
DE_NRW,P_PV_Utility_Inf,2055,9.44464,,GW,same as 2050 for now,29.01.2025,Nikita Moskalenko <nim@wip.tu-berlin.de>
DE_NRW,P_PV_Utility_Inf,2060,9.44464,,GW,same as 2050 for now,29.01.2025,Nikita Moskalenko <nim@wip.tu-berlin.de>
DE_NRW,P_PV_Utility_Opt,2018,9.44464,,GW,,,
DE_NRW,P_PV_Utility_Opt,2020,9.44464,,GW,,,
DE_NRW,P_PV_Utility_Opt,2025,9.44464,,GW,,,
DE_NRW,P_PV_Utility_Opt,2030,9.44464,,GW,,,
DE_NRW,P_PV_Utility_Opt,2035,9.44464,,GW,,,
DE_NRW,P_PV_Utility_Opt,2040,9.44464,,GW,,,
DE_NRW,P_PV_Utility_Opt,2045,9.44464,,GW,,,
DE_NRW,P_PV_Utility_Opt,2050,9.44464,,GW,,,
DE_NRW,P_PV_Utility_Opt,2055,9.44464,,GW,same as 2050 for now,29.01.2025,Nikita Moskalenko <nim@wip.tu-berlin.de>
DE_NRW,P_PV_Utility_Opt,2060,9.44464,,GW,same as 2050 for now,29.01.2025,Nikita Moskalenko <nim@wip.tu-berlin.de>
DE_NRW,P_Wind_Onshore_Avg,2018,6.66667,,GW,,,
DE_NRW,P_Wind_Onshore_Avg,2020,6.66667,,GW,,,
DE_NRW,P_Wind_Onshore_Avg,2025,6.66667,,GW,,,
DE_NRW,P_Wind_Onshore_Avg,2030,6.66667,,GW,,,
DE_NRW,P_Wind_Onshore_Avg,2035,6.66667,,GW,,,
DE_NRW,P_Wind_Onshore_Avg,2040,6.66667,,GW,,,
DE_NRW,P_Wind_Onshore_Avg,2045,6.66667,,GW,,,
DE_NRW,P_Wind_Onshore_Avg,2050,6.66667,,GW,,,
DE_NRW,P_Wind_Onshore_Avg,2055,6.66667,,GW,same as 2050 for now,29.01.2025,Nikita Moskalenko <nim@wip.tu-berlin.de>
DE_NRW,P_Wind_Onshore_Avg,2060,6.66667,,GW,same as 2050 for now,29.01.2025,Nikita Moskalenko <nim@wip.tu-berlin.de>
DE_NRW,P_Wind_Onshore_Inf,2018,6.66667,,GW,,,
DE_NRW,P_Wind_Onshore_Inf,2020,6.66667,,GW,,,
DE_NRW,P_Wind_Onshore_Inf,2025,6.66667,,GW,,,
DE_NRW,P_Wind_Onshore_Inf,2030,6.66667,,GW,,,
DE_NRW,P_Wind_Onshore_Inf,2035,6.66667,,GW,,,
DE_NRW,P_Wind_Onshore_Inf,2040,6.66667,,GW,,,
DE_NRW,P_Wind_Onshore_Inf,2045,6.66667,,GW,,,
DE_NRW,P_Wind_Onshore_Inf,2050,6.66667,,GW,,,
DE_NRW,P_Wind_Onshore_Inf,2055,6.66667,,GW,same as 2050 for now,29.01.2025,Nikita Moskalenko <nim@wip.tu-berlin.de>
DE_NRW,P_Wind_Onshore_Inf,2060,6.66667,,GW,same as 2050 for now,29.01.2025,Nikita Moskalenko <nim@wip.tu-berlin.de>
DE_NRW,P_Wind_Onshore_Opt,2018,6.66667,,GW,,,
DE_NRW,P_Wind_Onshore_Opt,2020,6.66667,,GW,,,
DE_NRW,P_Wind_Onshore_Opt,2025,6.66667,,GW,,,
DE_NRW,P_Wind_Onshore_Opt,2030,6.66667,,GW,,,
DE_NRW,P_Wind_Onshore_Opt,2035,6.66667,,GW,,,
DE_NRW,P_Wind_Onshore_Opt,2040,6.66667,,GW,,,
DE_NRW,P_Wind_Onshore_Opt,2045,6.66667,,GW,,,
DE_NRW,P_Wind_Onshore_Opt,2050,6.66667,,GW,,,
DE_NRW,P_Wind_Onshore_Opt,2055,6.66667,,GW,same as 2050 for now,29.01.2025,Nikita Moskalenko <nim@wip.tu-berlin.de>
DE_NRW,P_Wind_Onshore_Opt,2060,6.66667,,GW,same as 2050 for now,29.01.2025,Nikita Moskalenko <nim@wip.tu-berlin.de>
DE_Nord,P_Wind_Offshore_Deep,2018,60,,GW,,,
DE_Nord,P_Wind_Offshore_Deep,2025,60,,GW,,,
DE_Nord,P_Wind_Offshore_Deep,2030,60,,GW,,,
DE_Nord,P_Wind_Offshore_Deep,2035,60,,GW,,,
DE_Nord,P_Wind_Offshore_Deep,2040,60,,GW,,,
DE_Nord,P_Wind_Offshore_Deep,2045,60,,GW,,,
DE_Nord,P_Wind_Offshore_Deep,2050,60,,GW,,,
DE_Nord,P_Wind_Offshore_Deep,2055,60,,GW,same as 2050 for now,29.01.2025,Nikita Moskalenko <nim@wip.tu-berlin.de>
DE_Nord,P_Wind_Offshore_Deep,2060,60,,GW,same as 2050 for now,29.01.2025,Nikita Moskalenko <nim@wip.tu-berlin.de>
DE_NI,P_Ocean,2018,0.388179,,GW,,,
DE_NI,P_Ocean,2020,0.388179,,GW,,,
DE_NI,P_Ocean,2025,0.388179,,GW,,,
DE_NI,P_Ocean,2030,0.388179,,GW,,,
DE_NI,P_Ocean,2035,0.388179,,GW,,,
DE_NI,P_Ocean,2040,0.388179,,GW,,,
DE_NI,P_Ocean,2045,0.388179,,GW,,,
DE_NI,P_Ocean,2050,0.388179,,GW,,,
DE_NI,P_Ocean,2055,0.388179,,GW,same as 2050 for now,29.01.2025,Nikita Moskalenko <nim@wip.tu-berlin.de>
DE_NI,P_Ocean,2060,0.388179,,GW,same as 2050 for now,29.01.2025,Nikita Moskalenko <nim@wip.tu-berlin.de>
DE_NI,P_PV_Rooftop_Commercial,2018,13.3,,GW,,,
DE_NI,P_PV_Rooftop_Commercial,2020,13.3,,GW,,,
DE_NI,P_PV_Rooftop_Commercial,2025,13.3,,GW,,,
DE_NI,P_PV_Rooftop_Commercial,2030,13.3,,GW,,,
DE_NI,P_PV_Rooftop_Commercial,2035,13.3,,GW,,,
DE_NI,P_PV_Rooftop_Commercial,2040,13.3,,GW,,,
DE_NI,P_PV_Rooftop_Commercial,2045,13.3,,GW,,,
DE_NI,P_PV_Rooftop_Commercial,2050,13.3,,GW,,,
DE_NI,P_PV_Rooftop_Commercial,2055,13.3,,GW,same as 2050 for now,29.01.2025,Nikita Moskalenko <nim@wip.tu-berlin.de>
DE_NI,P_PV_Rooftop_Commercial,2060,13.3,,GW,same as 2050 for now,29.01.2025,Nikita Moskalenko <nim@wip.tu-berlin.de>
DE_NI,P_PV_Rooftop_Residential,2018,13.1,,GW,,,
DE_NI,P_PV_Rooftop_Residential,2020,13.1,,GW,,,
DE_NI,P_PV_Rooftop_Residential,2025,13.1,,GW,,,
DE_NI,P_PV_Rooftop_Residential,2030,13.1,,GW,,,
DE_NI,P_PV_Rooftop_Residential,2035,13.1,,GW,,,
DE_NI,P_PV_Rooftop_Residential,2040,13.1,,GW,,,
DE_NI,P_PV_Rooftop_Residential,2045,13.1,,GW,,,
DE_NI,P_PV_Rooftop_Residential,2050,13.1,,GW,,,
DE_NI,P_PV_Rooftop_Residential,2055,13.1,,GW,same as 2050 for now,29.01.2025,Nikita Moskalenko <nim@wip.tu-berlin.de>
DE_NI,P_PV_Rooftop_Residential,2060,13.1,,GW,same as 2050 for now,29.01.2025,Nikita Moskalenko <nim@wip.tu-berlin.de>
DE_NI,P_PV_Utility_Avg,2018,4.40305,,GW,,,
DE_NI,P_PV_Utility_Avg,2020,4.40305,,GW,,,
DE_NI,P_PV_Utility_Avg,2025,4.40305,,GW,,,
DE_NI,P_PV_Utility_Avg,2030,4.40305,,GW,,,
DE_NI,P_PV_Utility_Avg,2035,4.40305,,GW,,,
DE_NI,P_PV_Utility_Avg,2040,4.40305,,GW,,,
DE_NI,P_PV_Utility_Avg,2045,4.40305,,GW,,,
DE_NI,P_PV_Utility_Avg,2050,4.40305,,GW,,,
DE_NI,P_PV_Utility_Avg,2055,4.40305,,GW,same as 2050 for now,29.01.2025,Nikita Moskalenko <nim@wip.tu-berlin.de>
DE_NI,P_PV_Utility_Avg,2060,4.40305,,GW,same as 2050 for now,29.01.2025,Nikita Moskalenko <nim@wip.tu-berlin.de>
DE_NI,P_PV_Utility_Inf,2018,13.2092,,GW,,,
DE_NI,P_PV_Utility_Inf,2020,13.2092,,GW,,,
DE_NI,P_PV_Utility_Inf,2025,13.2092,,GW,,,
DE_NI,P_PV_Utility_Inf,2030,13.2092,,GW,,,
DE_NI,P_PV_Utility_Inf,2035,13.2092,,GW,,,
DE_NI,P_PV_Utility_Inf,2040,13.2092,,GW,,,
DE_NI,P_PV_Utility_Inf,2045,13.2092,,GW,,,
DE_NI,P_PV_Utility_Inf,2050,13.2092,,GW,,,
DE_NI,P_PV_Utility_Inf,2055,13.2092,,GW,same as 2050 for now,29.01.2025,Nikita Moskalenko <nim@wip.tu-berlin.de>
DE_NI,P_PV_Utility_Inf,2060,13.2092,,GW,same as 2050 for now,29.01.2025,Nikita Moskalenko <nim@wip.tu-berlin.de>
DE_NI,P_PV_Utility_Opt,2018,13.2092,,GW,,,
DE_NI,P_PV_Utility_Opt,2020,13.2092,,GW,,,
DE_NI,P_PV_Utility_Opt,2025,13.2092,,GW,,,
DE_NI,P_PV_Utility_Opt,2030,13.2092,,GW,,,
DE_NI,P_PV_Utility_Opt,2035,13.2092,,GW,,,
DE_NI,P_PV_Utility_Opt,2040,13.2092,,GW,,,
DE_NI,P_PV_Utility_Opt,2045,13.2092,,GW,,,
DE_NI,P_PV_Utility_Opt,2050,13.2092,,GW,,,
DE_NI,P_PV_Utility_Opt,2055,13.2092,,GW,same as 2050 for now,29.01.2025,Nikita Moskalenko <nim@wip.tu-berlin.de>
DE_NI,P_PV_Utility_Opt,2060,13.2092,,GW,same as 2050 for now,29.01.2025,Nikita Moskalenko <nim@wip.tu-berlin.de>
DE_NI,P_Wind_Offshore_Shallow,2018,16.6036,,GW,,,
DE_NI,P_Wind_Offshore_Shallow,2020,16.6036,,GW,,,
DE_NI,P_Wind_Offshore_Shallow,2025,16.6036,,GW,,,
DE_NI,P_Wind_Offshore_Shallow,2030,16.6036,,GW,,,
DE_NI,P_Wind_Offshore_Shallow,2035,16.6036,,GW,,,
DE_NI,P_Wind_Offshore_Shallow,2040,16.6036,,GW,,,
DE_NI,P_Wind_Offshore_Shallow,2045,16.6036,,GW,,,
DE_NI,P_Wind_Offshore_Shallow,2050,16.6036,,GW,,,
DE_NI,P_Wind_Offshore_Shallow,2055,16.6036,,GW,same as 2050 for now,29.01.2025,Nikita Moskalenko <nim@wip.tu-berlin.de>
DE_NI,P_Wind_Offshore_Shallow,2060,16.6036,,GW,same as 2050 for now,29.01.2025,Nikita Moskalenko <nim@wip.tu-berlin.de>
DE_NI,P_Wind_Offshore_Transitional,2018,4.253,,GW,,,
DE_NI,P_Wind_Offshore_Transitional,2020,16.6036,,GW,,,
DE_NI,P_Wind_Offshore_Transitional,2025,4.253,,GW,,,
DE_NI,P_Wind_Offshore_Transitional,2030,4.253,,GW,,,
DE_NI,P_Wind_Offshore_Transitional,2035,4.253,,GW,,,
DE_NI,P_Wind_Offshore_Transitional,2040,4.253,,GW,,,
DE_NI,P_Wind_Offshore_Transitional,2045,4.253,,GW,,,
DE_NI,P_Wind_Offshore_Transitional,2050,4.253,,GW,,,
DE_NI,P_Wind_Offshore_Transitional,2055,4.253,,GW,same as 2050 for now,29.01.2025,Nikita Moskalenko <nim@wip.tu-berlin.de>
DE_NI,P_Wind_Offshore_Transitional,2060,4.253,,GW,same as 2050 for now,29.01.2025,Nikita Moskalenko <nim@wip.tu-berlin.de>
DE_NI,P_Wind_Onshore_Avg,2018,8.66667,,GW,,,
DE_NI,P_Wind_Onshore_Avg,2020,8.66667,,GW,,,
DE_NI,P_Wind_Onshore_Avg,2025,8.66667,,GW,,,
DE_NI,P_Wind_Onshore_Avg,2030,8.66667,,GW,,,
DE_NI,P_Wind_Onshore_Avg,2035,8.66667,,GW,,,
DE_NI,P_Wind_Onshore_Avg,2040,8.66667,,GW,,,
DE_NI,P_Wind_Onshore_Avg,2045,8.66667,,GW,,,
DE_NI,P_Wind_Onshore_Avg,2050,8.66667,,GW,,,
DE_NI,P_Wind_Onshore_Avg,2055,8.66667,,GW,same as 2050 for now,29.01.2025,Nikita Moskalenko <nim@wip.tu-berlin.de>
DE_NI,P_Wind_Onshore_Avg,2060,8.66667,,GW,same as 2050 for now,29.01.2025,Nikita Moskalenko <nim@wip.tu-berlin.de>
DE_NI,P_Wind_Onshore_Inf,2018,8.66667,,GW,,,
DE_NI,P_Wind_Onshore_Inf,2020,8.66667,,GW,,,
DE_NI,P_Wind_Onshore_Inf,2025,8.66667,,GW,,,
DE_NI,P_Wind_Onshore_Inf,2030,8.66667,,GW,,,
DE_NI,P_Wind_Onshore_Inf,2035,8.66667,,GW,,,
DE_NI,P_Wind_Onshore_Inf,2040,8.66667,,GW,,,
DE_NI,P_Wind_Onshore_Inf,2045,8.66667,,GW,,,
DE_NI,P_Wind_Onshore_Inf,2050,8.66667,,GW,,,
DE_NI,P_Wind_Onshore_Inf,2055,8.66667,,GW,same as 2050 for now,29.01.2025,Nikita Moskalenko <nim@wip.tu-berlin.de>
DE_NI,P_Wind_Onshore_Inf,2060,8.66667,,GW,same as 2050 for now,29.01.2025,Nikita Moskalenko <nim@wip.tu-berlin.de>
DE_NI,P_Wind_Onshore_Opt,2018,9.8685,,GW,,,
DE_NI,P_Wind_Onshore_Opt,2020,8.66667,,GW,,,
DE_NI,P_Wind_Onshore_Opt,2025,8.66667,,GW,,,
DE_NI,P_Wind_Onshore_Opt,2030,8.66667,,GW,,,
DE_NI,P_Wind_Onshore_Opt,2035,8.66667,,GW,,,
DE_NI,P_Wind_Onshore_Opt,2040,8.66667,,GW,,,
DE_NI,P_Wind_Onshore_Opt,2045,8.66667,,GW,,,
DE_NI,P_Wind_Onshore_Opt,2050,8.66667,,GW,,,
DE_NI,P_Wind_Onshore_Opt,2055,8.66667,,GW,same as 2050 for now,29.01.2025,Nikita Moskalenko <nim@wip.tu-berlin.de>
DE_NI,P_Wind_Onshore_Opt,2060,8.66667,,GW,same as 2050 for now,29.01.2025,Nikita Moskalenko <nim@wip.tu-berlin.de>
DE_MV,P_Ocean,2018,0.388179,,GW,,,
DE_MV,P_Ocean,2020,0.388179,,GW,,,
DE_MV,P_Ocean,2025,0.388179,,GW,,,
DE_MV,P_Ocean,2030,0.388179,,GW,,,
DE_MV,P_Ocean,2035,0.388179,,GW,,,
DE_MV,P_Ocean,2040,0.388179,,GW,,,
DE_MV,P_Ocean,2045,0.388179,,GW,,,
DE_MV,P_Ocean,2050,0.388179,,GW,,,
DE_MV,P_Ocean,2055,0.388179,,GW,same as 2050 for now,29.01.2025,Nikita Moskalenko <nim@wip.tu-berlin.de>
DE_MV,P_Ocean,2060,0.388179,,GW,same as 2050 for now,29.01.2025,Nikita Moskalenko <nim@wip.tu-berlin.de>
DE_MV,P_PV_Rooftop_Commercial,2018,3,,GW,,,
DE_MV,P_PV_Rooftop_Commercial,2020,3,,GW,,,
DE_MV,P_PV_Rooftop_Commercial,2025,3,,GW,,,
DE_MV,P_PV_Rooftop_Commercial,2030,3,,GW,,,
DE_MV,P_PV_Rooftop_Commercial,2035,3,,GW,,,
DE_MV,P_PV_Rooftop_Commercial,2040,3,,GW,,,
DE_MV,P_PV_Rooftop_Commercial,2045,3,,GW,,,
DE_MV,P_PV_Rooftop_Commercial,2050,3,,GW,,,
DE_MV,P_PV_Rooftop_Commercial,2055,3,,GW,same as 2050 for now,29.01.2025,Nikita Moskalenko <nim@wip.tu-berlin.de>
DE_MV,P_PV_Rooftop_Commercial,2060,3,,GW,same as 2050 for now,29.01.2025,Nikita Moskalenko <nim@wip.tu-berlin.de>
DE_MV,P_PV_Rooftop_Residential,2018,2,,GW,,,
DE_MV,P_PV_Rooftop_Residential,2020,2,,GW,,,
DE_MV,P_PV_Rooftop_Residential,2025,2,,GW,,,
DE_MV,P_PV_Rooftop_Residential,2030,2,,GW,,,
DE_MV,P_PV_Rooftop_Residential,2035,2,,GW,,,
DE_MV,P_PV_Rooftop_Residential,2040,2,,GW,,,
DE_MV,P_PV_Rooftop_Residential,2045,2,,GW,,,
DE_MV,P_PV_Rooftop_Residential,2050,2,,GW,,,
DE_MV,P_PV_Rooftop_Residential,2055,2,,GW,same as 2050 for now,29.01.2025,Nikita Moskalenko <nim@wip.tu-berlin.de>
DE_MV,P_PV_Rooftop_Residential,2060,2,,GW,same as 2050 for now,29.01.2025,Nikita Moskalenko <nim@wip.tu-berlin.de>
DE_MV,P_PV_Utility_Avg,2018,2.14975,,GW,,,
DE_MV,P_PV_Utility_Avg,2020,2.14975,,GW,,,
DE_MV,P_PV_Utility_Avg,2025,2.14975,,GW,,,
DE_MV,P_PV_Utility_Avg,2030,2.14975,,GW,,,
DE_MV,P_PV_Utility_Avg,2035,2.14975,,GW,,,
DE_MV,P_PV_Utility_Avg,2040,2.14975,,GW,,,
DE_MV,P_PV_Utility_Avg,2045,2.14975,,GW,,,
DE_MV,P_PV_Utility_Avg,2050,2.14975,,GW,,,
DE_MV,P_PV_Utility_Avg,2055,2.14975,,GW,same as 2050 for now,29.01.2025,Nikita Moskalenko <nim@wip.tu-berlin.de>
DE_MV,P_PV_Utility_Avg,2060,2.14975,,GW,same as 2050 for now,29.01.2025,Nikita Moskalenko <nim@wip.tu-berlin.de>
DE_MV,P_PV_Utility_Inf,2018,6.44926,,GW,,,
DE_MV,P_PV_Utility_Inf,2020,6.44926,,GW,,,
DE_MV,P_PV_Utility_Inf,2025,6.44926,,GW,,,
DE_MV,P_PV_Utility_Inf,2030,6.44926,,GW,,,
DE_MV,P_PV_Utility_Inf,2035,6.44926,,GW,,,
DE_MV,P_PV_Utility_Inf,2040,6.44926,,GW,,,
DE_MV,P_PV_Utility_Inf,2045,6.44926,,GW,,,
DE_MV,P_PV_Utility_Inf,2050,6.44926,,GW,,,
DE_MV,P_PV_Utility_Inf,2055,6.44926,,GW,same as 2050 for now,29.01.2025,Nikita Moskalenko <nim@wip.tu-berlin.de>
DE_MV,P_PV_Utility_Inf,2060,6.44926,,GW,same as 2050 for now,29.01.2025,Nikita Moskalenko <nim@wip.tu-berlin.de>
DE_MV,P_PV_Utility_Opt,2018,6.44926,,GW,,,
DE_MV,P_PV_Utility_Opt,2020,6.44926,,GW,,,
DE_MV,P_PV_Utility_Opt,2025,6.44926,,GW,,,
DE_MV,P_PV_Utility_Opt,2030,6.44926,,GW,,,
DE_MV,P_PV_Utility_Opt,2035,6.44926,,GW,,,
DE_MV,P_PV_Utility_Opt,2040,6.44926,,GW,,,
DE_MV,P_PV_Utility_Opt,2045,6.44926,,GW,,,
DE_MV,P_PV_Utility_Opt,2050,6.44926,,GW,,,
DE_MV,P_PV_Utility_Opt,2055,6.44926,,GW,same as 2050 for now,29.01.2025,Nikita Moskalenko <nim@wip.tu-berlin.de>
DE_MV,P_PV_Utility_Opt,2060,6.44926,,GW,same as 2050 for now,29.01.2025,Nikita Moskalenko <nim@wip.tu-berlin.de>
DE_MV,P_Wind_Offshore_Shallow,2018,2.18458,,GW,,,
DE_MV,P_Wind_Offshore_Shallow,2020,2.18458,,GW,,,
DE_MV,P_Wind_Offshore_Shallow,2025,2.18458,,GW,,,
DE_MV,P_Wind_Offshore_Shallow,2030,2.18458,,GW,,,
DE_MV,P_Wind_Offshore_Shallow,2035,2.18458,,GW,,,
DE_MV,P_Wind_Offshore_Shallow,2040,2.18458,,GW,,,
DE_MV,P_Wind_Offshore_Shallow,2045,2.18458,,GW,,,
DE_MV,P_Wind_Offshore_Shallow,2050,2.18458,,GW,,,
DE_MV,P_Wind_Offshore_Shallow,2055,2.18458,,GW,same as 2050 for now,29.01.2025,Nikita Moskalenko <nim@wip.tu-berlin.de>
DE_MV,P_Wind_Offshore_Shallow,2060,2.18458,,GW,same as 2050 for now,29.01.2025,Nikita Moskalenko <nim@wip.tu-berlin.de>
DE_MV,P_Wind_Offshore_Transitional,2018,1.072,,GW,,,
DE_MV,P_Wind_Offshore_Transitional,2020,2.18458,,GW,,,
DE_MV,P_Wind_Offshore_Transitional,2025,1.072,,GW,,,
DE_MV,P_Wind_Offshore_Transitional,2030,1.072,,GW,,,
DE_MV,P_Wind_Offshore_Transitional,2035,1.072,,GW,,,
DE_MV,P_Wind_Offshore_Transitional,2040,1.072,,GW,,,
DE_MV,P_Wind_Offshore_Transitional,2045,1.072,,GW,,,
DE_MV,P_Wind_Offshore_Transitional,2050,1.072,,GW,,,
DE_MV,P_Wind_Offshore_Transitional,2055,1.072,,GW,same as 2050 for now,29.01.2025,Nikita Moskalenko <nim@wip.tu-berlin.de>
DE_MV,P_Wind_Offshore_Transitional,2060,1.072,,GW,same as 2050 for now,29.01.2025,Nikita Moskalenko <nim@wip.tu-berlin.de>
DE_MV,P_Wind_Onshore_Avg,2018,3.66667,,GW,,,
DE_MV,P_Wind_Onshore_Avg,2020,3.66667,,GW,,,
DE_MV,P_Wind_Onshore_Avg,2025,3.66667,,GW,,,
DE_MV,P_Wind_Onshore_Avg,2030,3.66667,,GW,,,
DE_MV,P_Wind_Onshore_Avg,2035,3.66667,,GW,,,
DE_MV,P_Wind_Onshore_Avg,2040,3.66667,,GW,,,
DE_MV,P_Wind_Onshore_Avg,2045,3.66667,,GW,,,
DE_MV,P_Wind_Onshore_Avg,2050,3.66667,,GW,,,
DE_MV,P_Wind_Onshore_Avg,2055,3.66667,,GW,same as 2050 for now,29.01.2025,Nikita Moskalenko <nim@wip.tu-berlin.de>
DE_MV,P_Wind_Onshore_Avg,2060,3.66667,,GW,same as 2050 for now,29.01.2025,Nikita Moskalenko <nim@wip.tu-berlin.de>
DE_MV,P_Wind_Onshore_Inf,2018,3.66667,,GW,,,
DE_MV,P_Wind_Onshore_Inf,2020,3.66667,,GW,,,
DE_MV,P_Wind_Onshore_Inf,2025,3.66667,,GW,,,
DE_MV,P_Wind_Onshore_Inf,2030,3.66667,,GW,,,
DE_MV,P_Wind_Onshore_Inf,2035,3.66667,,GW,,,
DE_MV,P_Wind_Onshore_Inf,2040,3.66667,,GW,,,
DE_MV,P_Wind_Onshore_Inf,2045,3.66667,,GW,,,
DE_MV,P_Wind_Onshore_Inf,2050,3.66667,,GW,,,
DE_MV,P_Wind_Onshore_Inf,2055,3.66667,,GW,same as 2050 for now,29.01.2025,Nikita Moskalenko <nim@wip.tu-berlin.de>
DE_MV,P_Wind_Onshore_Inf,2060,3.66667,,GW,same as 2050 for now,29.01.2025,Nikita Moskalenko <nim@wip.tu-berlin.de>
DE_MV,P_Wind_Onshore_Opt,2018,3.66667,,GW,,,
DE_MV,P_Wind_Onshore_Opt,2020,3.66667,,GW,,,
DE_MV,P_Wind_Onshore_Opt,2025,3.66667,,GW,,,
DE_MV,P_Wind_Onshore_Opt,2030,3.66667,,GW,,,
DE_MV,P_Wind_Onshore_Opt,2035,3.66667,,GW,,,
DE_MV,P_Wind_Onshore_Opt,2040,3.66667,,GW,,,
DE_MV,P_Wind_Onshore_Opt,2045,3.66667,,GW,,,
DE_MV,P_Wind_Onshore_Opt,2050,3.66667,,GW,,,
DE_MV,P_Wind_Onshore_Opt,2055,3.66667,,GW,same as 2050 for now,29.01.2025,Nikita Moskalenko <nim@wip.tu-berlin.de>
DE_MV,P_Wind_Onshore_Opt,2060,3.66667,,GW,same as 2050 for now,29.01.2025,Nikita Moskalenko <nim@wip.tu-berlin.de>
DE_HH,P_PV_Rooftop_Commercial,2018,1,,GW,,,
DE_HH,P_PV_Rooftop_Commercial,2020,1,,GW,,,
DE_HH,P_PV_Rooftop_Commercial,2025,1,,GW,,,
DE_HH,P_PV_Rooftop_Commercial,2030,1,,GW,,,
DE_HH,P_PV_Rooftop_Commercial,2035,1,,GW,,,
DE_HH,P_PV_Rooftop_Commercial,2040,1,,GW,,,
DE_HH,P_PV_Rooftop_Commercial,2045,1,,GW,,,
DE_HH,P_PV_Rooftop_Commercial,2050,1,,GW,,,
DE_HH,P_PV_Rooftop_Commercial,2055,1,,GW,same as 2050 for now,29.01.2025,Nikita Moskalenko <nim@wip.tu-berlin.de>
DE_HH,P_PV_Rooftop_Commercial,2060,1,,GW,same as 2050 for now,29.01.2025,Nikita Moskalenko <nim@wip.tu-berlin.de>
DE_HH,P_PV_Rooftop_Residential,2018,1.4,,GW,,,
DE_HH,P_PV_Rooftop_Residential,2020,1.4,,GW,,,
DE_HH,P_PV_Rooftop_Residential,2025,1.4,,GW,,,
DE_HH,P_PV_Rooftop_Residential,2030,1.4,,GW,,,
DE_HH,P_PV_Rooftop_Residential,2035,1.4,,GW,,,
DE_HH,P_PV_Rooftop_Residential,2040,1.4,,GW,,,
DE_HH,P_PV_Rooftop_Residential,2045,1.4,,GW,,,
DE_HH,P_PV_Rooftop_Residential,2050,1.4,,GW,,,
DE_HH,P_PV_Rooftop_Residential,2055,1.4,,GW,same as 2050 for now,29.01.2025,Nikita Moskalenko <nim@wip.tu-berlin.de>
DE_HH,P_PV_Rooftop_Residential,2060,1.4,,GW,same as 2050 for now,29.01.2025,Nikita Moskalenko <nim@wip.tu-berlin.de>
DE_HH,P_PV_Utility_Avg,2018,0.0696773,,GW,,,
DE_HH,P_PV_Utility_Avg,2020,0.0696773,,GW,,,
DE_HH,P_PV_Utility_Avg,2025,0.0696773,,GW,,,
DE_HH,P_PV_Utility_Avg,2030,0.0696773,,GW,,,
DE_HH,P_PV_Utility_Avg,2035,0.0696773,,GW,,,
DE_HH,P_PV_Utility_Avg,2040,0.0696773,,GW,,,
DE_HH,P_PV_Utility_Avg,2045,0.0696773,,GW,,,
DE_HH,P_PV_Utility_Avg,2050,0.0696773,,GW,,,
DE_HH,P_PV_Utility_Avg,2055,0.0696773,,GW,same as 2050 for now,29.01.2025,Nikita Moskalenko <nim@wip.tu-berlin.de>
DE_HH,P_PV_Utility_Avg,2060,0.0696773,,GW,same as 2050 for now,29.01.2025,Nikita Moskalenko <nim@wip.tu-berlin.de>
DE_HH,P_PV_Utility_Inf,2018,0.209032,,GW,,,
DE_HH,P_PV_Utility_Inf,2020,0.209032,,GW,,,
DE_HH,P_PV_Utility_Inf,2025,0.209032,,GW,,,
DE_HH,P_PV_Utility_Inf,2030,0.209032,,GW,,,
DE_HH,P_PV_Utility_Inf,2035,0.209032,,GW,,,
DE_HH,P_PV_Utility_Inf,2040,0.209032,,GW,,,
DE_HH,P_PV_Utility_Inf,2045,0.209032,,GW,,,
DE_HH,P_PV_Utility_Inf,2050,0.209032,,GW,,,
DE_HH,P_PV_Utility_Inf,2055,0.209032,,GW,same as 2050 for now,29.01.2025,Nikita Moskalenko <nim@wip.tu-berlin.de>
DE_HH,P_PV_Utility_Inf,2060,0.209032,,GW,same as 2050 for now,29.01.2025,Nikita Moskalenko <nim@wip.tu-berlin.de>
DE_HH,P_PV_Utility_Opt,2018,0.209032,,GW,,,
DE_HH,P_PV_Utility_Opt,2020,0.209032,,GW,,,
DE_HH,P_PV_Utility_Opt,2025,0.209032,,GW,,,
DE_HH,P_PV_Utility_Opt,2030,0.209032,,GW,,,
DE_HH,P_PV_Utility_Opt,2035,0.209032,,GW,,,
DE_HH,P_PV_Utility_Opt,2040,0.209032,,GW,,,
DE_HH,P_PV_Utility_Opt,2045,0.209032,,GW,,,
DE_HH,P_PV_Utility_Opt,2050,0.209032,,GW,,,
DE_HH,P_PV_Utility_Opt,2055,0.209032,,GW,same as 2050 for now,29.01.2025,Nikita Moskalenko <nim@wip.tu-berlin.de>
DE_HH,P_PV_Utility_Opt,2060,0.209032,,GW,same as 2050 for now,29.01.2025,Nikita Moskalenko <nim@wip.tu-berlin.de>
DE_HH,P_Wind_Onshore_Avg,2018,0.1,,GW,,,
DE_HH,P_Wind_Onshore_Avg,2020,0.1,,GW,,,
DE_HH,P_Wind_Onshore_Avg,2025,0.1,,GW,,,
DE_HH,P_Wind_Onshore_Avg,2030,0.1,,GW,,,
DE_HH,P_Wind_Onshore_Avg,2035,0.1,,GW,,,
DE_HH,P_Wind_Onshore_Avg,2040,0.1,,GW,,,
DE_HH,P_Wind_Onshore_Avg,2045,0.1,,GW,,,
DE_HH,P_Wind_Onshore_Avg,2050,0.1,,GW,,,
DE_HH,P_Wind_Onshore_Avg,2055,0.1,,GW,same as 2050 for now,29.01.2025,Nikita Moskalenko <nim@wip.tu-berlin.de>
DE_HH,P_Wind_Onshore_Avg,2060,0.1,,GW,same as 2050 for now,29.01.2025,Nikita Moskalenko <nim@wip.tu-berlin.de>
DE_HH,P_Wind_Onshore_Inf,2018,0.1,,GW,,,
DE_HH,P_Wind_Onshore_Inf,2020,0.1,,GW,,,
DE_HH,P_Wind_Onshore_Inf,2025,0.1,,GW,,,
DE_HH,P_Wind_Onshore_Inf,2030,0.1,,GW,,,
DE_HH,P_Wind_Onshore_Inf,2035,0.1,,GW,,,
DE_HH,P_Wind_Onshore_Inf,2040,0.1,,GW,,,
DE_HH,P_Wind_Onshore_Inf,2045,0.1,,GW,,,
DE_HH,P_Wind_Onshore_Inf,2050,0.1,,GW,,,
DE_HH,P_Wind_Onshore_Inf,2055,0.1,,GW,same as 2050 for now,29.01.2025,Nikita Moskalenko <nim@wip.tu-berlin.de>
DE_HH,P_Wind_Onshore_Inf,2060,0.1,,GW,same as 2050 for now,29.01.2025,Nikita Moskalenko <nim@wip.tu-berlin.de>
DE_HH,P_Wind_Onshore_Opt,2018,0.1,,GW,,,
DE_HH,P_Wind_Onshore_Opt,2020,0.1,,GW,,,
DE_HH,P_Wind_Onshore_Opt,2025,0.1,,GW,,,
DE_HH,P_Wind_Onshore_Opt,2030,0.1,,GW,,,
DE_HH,P_Wind_Onshore_Opt,2035,0.1,,GW,,,
DE_HH,P_Wind_Onshore_Opt,2040,0.1,,GW,,,
DE_HH,P_Wind_Onshore_Opt,2045,0.1,,GW,,,
DE_HH,P_Wind_Onshore_Opt,2050,0.1,,GW,,,
DE_HH,P_Wind_Onshore_Opt,2055,0.1,,GW,same as 2050 for now,29.01.2025,Nikita Moskalenko <nim@wip.tu-berlin.de>
DE_HH,P_Wind_Onshore_Opt,2060,0.1,,GW,same as 2050 for now,29.01.2025,Nikita Moskalenko <nim@wip.tu-berlin.de>
DE_HE,P_PV_Rooftop_Commercial,2018,5,,GW,,,
DE_HE,P_PV_Rooftop_Commercial,2020,5,,GW,,,
DE_HE,P_PV_Rooftop_Commercial,2025,5,,GW,,,
DE_HE,P_PV_Rooftop_Commercial,2030,5,,GW,,,
DE_HE,P_PV_Rooftop_Commercial,2035,5,,GW,,,
DE_HE,P_PV_Rooftop_Commercial,2040,5,,GW,,,
DE_HE,P_PV_Rooftop_Commercial,2045,5,,GW,,,
DE_HE,P_PV_Rooftop_Commercial,2050,5,,GW,,,
DE_HE,P_PV_Rooftop_Commercial,2055,5,,GW,same as 2050 for now,29.01.2025,Nikita Moskalenko <nim@wip.tu-berlin.de>
DE_HE,P_PV_Rooftop_Commercial,2060,5,,GW,same as 2050 for now,29.01.2025,Nikita Moskalenko <nim@wip.tu-berlin.de>
DE_HE,P_PV_Rooftop_Residential,2018,8.7,,GW,,,
DE_HE,P_PV_Rooftop_Residential,2020,8.7,,GW,,,
DE_HE,P_PV_Rooftop_Residential,2025,8.7,,GW,,,
DE_HE,P_PV_Rooftop_Residential,2030,8.7,,GW,,,
DE_HE,P_PV_Rooftop_Residential,2035,8.7,,GW,,,
DE_HE,P_PV_Rooftop_Residential,2040,8.7,,GW,,,
DE_HE,P_PV_Rooftop_Residential,2045,8.7,,GW,,,
DE_HE,P_PV_Rooftop_Residential,2050,8.7,,GW,,,
DE_HE,P_PV_Rooftop_Residential,2055,8.7,,GW,same as 2050 for now,29.01.2025,Nikita Moskalenko <nim@wip.tu-berlin.de>
DE_HE,P_PV_Rooftop_Residential,2060,8.7,,GW,same as 2050 for now,29.01.2025,Nikita Moskalenko <nim@wip.tu-berlin.de>
DE_HE,P_PV_Utility_Avg,2018,1.94866,,GW,,,
DE_HE,P_PV_Utility_Avg,2020,1.94866,,GW,,,
DE_HE,P_PV_Utility_Avg,2025,1.94866,,GW,,,
DE_HE,P_PV_Utility_Avg,2030,1.94866,,GW,,,
DE_HE,P_PV_Utility_Avg,2035,1.94866,,GW,,,
DE_HE,P_PV_Utility_Avg,2040,1.94866,,GW,,,
DE_HE,P_PV_Utility_Avg,2045,1.94866,,GW,,,
DE_HE,P_PV_Utility_Avg,2050,1.94866,,GW,,,
DE_HE,P_PV_Utility_Avg,2055,1.94866,,GW,same as 2050 for now,29.01.2025,Nikita Moskalenko <nim@wip.tu-berlin.de>
DE_HE,P_PV_Utility_Avg,2060,1.94866,,GW,same as 2050 for now,29.01.2025,Nikita Moskalenko <nim@wip.tu-berlin.de>
DE_HE,P_PV_Utility_Inf,2018,5.84597,,GW,,,
DE_HE,P_PV_Utility_Inf,2020,5.84597,,GW,,,
DE_HE,P_PV_Utility_Inf,2025,5.84597,,GW,,,
DE_HE,P_PV_Utility_Inf,2030,5.84597,,GW,,,
DE_HE,P_PV_Utility_Inf,2035,5.84597,,GW,,,
DE_HE,P_PV_Utility_Inf,2040,5.84597,,GW,,,
DE_HE,P_PV_Utility_Inf,2045,5.84597,,GW,,,
DE_HE,P_PV_Utility_Inf,2050,5.84597,,GW,,,
DE_HE,P_PV_Utility_Inf,2055,5.84597,,GW,same as 2050 for now,29.01.2025,Nikita Moskalenko <nim@wip.tu-berlin.de>
DE_HE,P_PV_Utility_Inf,2060,5.84597,,GW,same as 2050 for now,29.01.2025,Nikita Moskalenko <nim@wip.tu-berlin.de>
DE_HE,P_PV_Utility_Opt,2018,5.84597,,GW,,,
DE_HE,P_PV_Utility_Opt,2020,5.84597,,GW,,,
DE_HE,P_PV_Utility_Opt,2025,5.84597,,GW,,,
DE_HE,P_PV_Utility_Opt,2030,5.84597,,GW,,,
DE_HE,P_PV_Utility_Opt,2035,5.84597,,GW,,,
DE_HE,P_PV_Utility_Opt,2040,5.84597,,GW,,,
DE_HE,P_PV_Utility_Opt,2045,5.84597,,GW,,,
DE_HE,P_PV_Utility_Opt,2050,5.84597,,GW,,,
DE_HE,P_PV_Utility_Opt,2055,5.84597,,GW,same as 2050 for now,29.01.2025,Nikita Moskalenko <nim@wip.tu-berlin.de>
DE_HE,P_PV_Utility_Opt,2060,5.84597,,GW,same as 2050 for now,29.01.2025,Nikita Moskalenko <nim@wip.tu-berlin.de>
DE_HE,P_Wind_Onshore_Avg,2018,4.66667,,GW,,,
DE_HE,P_Wind_Onshore_Avg,2020,4.66667,,GW,,,
DE_HE,P_Wind_Onshore_Avg,2025,4.66667,,GW,,,
DE_HE,P_Wind_Onshore_Avg,2030,4.66667,,GW,,,
DE_HE,P_Wind_Onshore_Avg,2035,4.66667,,GW,,,
DE_HE,P_Wind_Onshore_Avg,2040,4.66667,,GW,,,
DE_HE,P_Wind_Onshore_Avg,2045,4.66667,,GW,,,
DE_HE,P_Wind_Onshore_Avg,2050,4.66667,,GW,,,
DE_HE,P_Wind_Onshore_Avg,2055,4.66667,,GW,same as 2050 for now,29.01.2025,Nikita Moskalenko <nim@wip.tu-berlin.de>
DE_HE,P_Wind_Onshore_Avg,2060,4.66667,,GW,same as 2050 for now,29.01.2025,Nikita Moskalenko <nim@wip.tu-berlin.de>
DE_HE,P_Wind_Onshore_Inf,2018,4.66667,,GW,,,
DE_HE,P_Wind_Onshore_Inf,2020,4.66667,,GW,,,
DE_HE,P_Wind_Onshore_Inf,2025,4.66667,,GW,,,
DE_HE,P_Wind_Onshore_Inf,2030,4.66667,,GW,,,
DE_HE,P_Wind_Onshore_Inf,2035,4.66667,,GW,,,
DE_HE,P_Wind_Onshore_Inf,2040,4.66667,,GW,,,
DE_HE,P_Wind_Onshore_Inf,2045,4.66667,,GW,,,
DE_HE,P_Wind_Onshore_Inf,2050,4.66667,,GW,,,
DE_HE,P_Wind_Onshore_Inf,2055,4.66667,,GW,same as 2050 for now,29.01.2025,Nikita Moskalenko <nim@wip.tu-berlin.de>
DE_HE,P_Wind_Onshore_Inf,2060,4.66667,,GW,same as 2050 for now,29.01.2025,Nikita Moskalenko <nim@wip.tu-berlin.de>
DE_HE,P_Wind_Onshore_Opt,2018,4.66667,,GW,,,
DE_HE,P_Wind_Onshore_Opt,2020,4.66667,,GW,,,
DE_HE,P_Wind_Onshore_Opt,2025,4.66667,,GW,,,
DE_HE,P_Wind_Onshore_Opt,2030,4.66667,,GW,,,
DE_HE,P_Wind_Onshore_Opt,2035,4.66667,,GW,,,
DE_HE,P_Wind_Onshore_Opt,2040,4.66667,,GW,,,
DE_HE,P_Wind_Onshore_Opt,2045,4.66667,,GW,,,
DE_HE,P_Wind_Onshore_Opt,2050,4.66667,,GW,,,
DE_HE,P_Wind_Onshore_Opt,2055,4.66667,,GW,same as 2050 for now,29.01.2025,Nikita Moskalenko <nim@wip.tu-berlin.de>
DE_HE,P_Wind_Onshore_Opt,2060,4.66667,,GW,same as 2050 for now,29.01.2025,Nikita Moskalenko <nim@wip.tu-berlin.de>
DE_HB,P_PV_Rooftop_Commercial,2018,0.4,,GW,,,
DE_HB,P_PV_Rooftop_Commercial,2020,0.4,,GW,,,
DE_HB,P_PV_Rooftop_Commercial,2025,0.4,,GW,,,
DE_HB,P_PV_Rooftop_Commercial,2030,0.4,,GW,,,
DE_HB,P_PV_Rooftop_Commercial,2035,0.4,,GW,,,
DE_HB,P_PV_Rooftop_Commercial,2040,0.4,,GW,,,
DE_HB,P_PV_Rooftop_Commercial,2045,0.4,,GW,,,
DE_HB,P_PV_Rooftop_Commercial,2050,0.4,,GW,,,
DE_HB,P_PV_Rooftop_Commercial,2055,0.4,,GW,same as 2050 for now,29.01.2025,Nikita Moskalenko <nim@wip.tu-berlin.de>
DE_HB,P_PV_Rooftop_Commercial,2060,0.4,,GW,same as 2050 for now,29.01.2025,Nikita Moskalenko <nim@wip.tu-berlin.de>
DE_HB,P_PV_Rooftop_Residential,2018,0.6,,GW,,,
DE_HB,P_PV_Rooftop_Residential,2020,0.6,,GW,,,
DE_HB,P_PV_Rooftop_Residential,2025,0.6,,GW,,,
DE_HB,P_PV_Rooftop_Residential,2030,0.6,,GW,,,
DE_HB,P_PV_Rooftop_Residential,2035,0.6,,GW,,,
DE_HB,P_PV_Rooftop_Residential,2040,0.6,,GW,,,
DE_HB,P_PV_Rooftop_Residential,2045,0.6,,GW,,,
DE_HB,P_PV_Rooftop_Residential,2050,0.6,,GW,,,
DE_HB,P_PV_Rooftop_Residential,2055,0.6,,GW,same as 2050 for now,29.01.2025,Nikita Moskalenko <nim@wip.tu-berlin.de>
DE_HB,P_PV_Rooftop_Residential,2060,0.6,,GW,same as 2050 for now,29.01.2025,Nikita Moskalenko <nim@wip.tu-berlin.de>
DE_HB,P_PV_Utility_Avg,2018,0.0387609,,GW,,,
DE_HB,P_PV_Utility_Avg,2020,0.0387609,,GW,,,
DE_HB,P_PV_Utility_Avg,2025,0.0387609,,GW,,,
DE_HB,P_PV_Utility_Avg,2030,0.0387609,,GW,,,
DE_HB,P_PV_Utility_Avg,2035,0.0387609,,GW,,,
DE_HB,P_PV_Utility_Avg,2040,0.0387609,,GW,,,
DE_HB,P_PV_Utility_Avg,2045,0.0387609,,GW,,,
DE_HB,P_PV_Utility_Avg,2050,0.0387609,,GW,,,
DE_HB,P_PV_Utility_Avg,2055,0.0387609,,GW,same as 2050 for now,29.01.2025,Nikita Moskalenko <nim@wip.tu-berlin.de>
DE_HB,P_PV_Utility_Avg,2060,0.0387609,,GW,same as 2050 for now,29.01.2025,Nikita Moskalenko <nim@wip.tu-berlin.de>
DE_HB,P_PV_Utility_Inf,2018,0.116283,,GW,,,
DE_HB,P_PV_Utility_Inf,2020,0.116283,,GW,,,
DE_HB,P_PV_Utility_Inf,2025,0.116283,,GW,,,
DE_HB,P_PV_Utility_Inf,2030,0.116283,,GW,,,
DE_HB,P_PV_Utility_Inf,2035,0.116283,,GW,,,
DE_HB,P_PV_Utility_Inf,2040,0.116283,,GW,,,
DE_HB,P_PV_Utility_Inf,2045,0.116283,,GW,,,
DE_HB,P_PV_Utility_Inf,2050,0.116283,,GW,,,
DE_HB,P_PV_Utility_Inf,2055,0.116283,,GW,same as 2050 for now,29.01.2025,Nikita Moskalenko <nim@wip.tu-berlin.de>
DE_HB,P_PV_Utility_Inf,2060,0.116283,,GW,same as 2050 for now,29.01.2025,Nikita Moskalenko <nim@wip.tu-berlin.de>
DE_HB,P_PV_Utility_Opt,2018,0.116283,,GW,,,
DE_HB,P_PV_Utility_Opt,2020,0.116283,,GW,,,
DE_HB,P_PV_Utility_Opt,2025,0.116283,,GW,,,
DE_HB,P_PV_Utility_Opt,2030,0.116283,,GW,,,
DE_HB,P_PV_Utility_Opt,2035,0.116283,,GW,,,
DE_HB,P_PV_Utility_Opt,2040,0.116283,,GW,,,
DE_HB,P_PV_Utility_Opt,2045,0.116283,,GW,,,
DE_HB,P_PV_Utility_Opt,2050,0.116283,,GW,,,
DE_HB,P_PV_Utility_Opt,2055,0.116283,,GW,same as 2050 for now,29.01.2025,Nikita Moskalenko <nim@wip.tu-berlin.de>
DE_HB,P_PV_Utility_Opt,2060,0.116283,,GW,same as 2050 for now,29.01.2025,Nikita Moskalenko <nim@wip.tu-berlin.de>
DE_HB,P_Wind_Onshore_Avg,2018,0.0666667,,GW,,,
DE_HB,P_Wind_Onshore_Avg,2020,0.0666667,,GW,,,
DE_HB,P_Wind_Onshore_Avg,2025,0.0666667,,GW,,,
DE_HB,P_Wind_Onshore_Avg,2030,0.0666667,,GW,,,
DE_HB,P_Wind_Onshore_Avg,2035,0.0666667,,GW,,,
DE_HB,P_Wind_Onshore_Avg,2040,0.0666667,,GW,,,
DE_HB,P_Wind_Onshore_Avg,2045,0.0666667,,GW,,,
DE_HB,P_Wind_Onshore_Avg,2050,0.0666667,,GW,,,
DE_HB,P_Wind_Onshore_Avg,2055,0.0666667,,GW,same as 2050 for now,29.01.2025,Nikita Moskalenko <nim@wip.tu-berlin.de>
DE_HB,P_Wind_Onshore_Avg,2060,0.0666667,,GW,same as 2050 for now,29.01.2025,Nikita Moskalenko <nim@wip.tu-berlin.de>
DE_HB,P_Wind_Onshore_Inf,2018,0.0666667,,GW,,,
DE_HB,P_Wind_Onshore_Inf,2020,0.0666667,,GW,,,
DE_HB,P_Wind_Onshore_Inf,2025,0.0666667,,GW,,,
DE_HB,P_Wind_Onshore_Inf,2030,0.0666667,,GW,,,
DE_HB,P_Wind_Onshore_Inf,2035,0.0666667,,GW,,,
DE_HB,P_Wind_Onshore_Inf,2040,0.0666667,,GW,,,
DE_HB,P_Wind_Onshore_Inf,2045,0.0666667,,GW,,,
DE_HB,P_Wind_Onshore_Inf,2050,0.0666667,,GW,,,
DE_HB,P_Wind_Onshore_Inf,2055,0.0666667,,GW,same as 2050 for now,29.01.2025,Nikita Moskalenko <nim@wip.tu-berlin.de>
DE_HB,P_Wind_Onshore_Inf,2060,0.0666667,,GW,same as 2050 for now,29.01.2025,Nikita Moskalenko <nim@wip.tu-berlin.de>
DE_HB,P_Wind_Onshore_Opt,2018,0.1875,,GW,,,
DE_HB,P_Wind_Onshore_Opt,2020,0.0666667,,GW,,,
DE_HB,P_Wind_Onshore_Opt,2025,0.1538,,GW,,,
DE_HB,P_Wind_Onshore_Opt,2030,0.1058,,GW,,,
DE_HB,P_Wind_Onshore_Opt,2035,0.0666667,,GW,,,
DE_HB,P_Wind_Onshore_Opt,2040,0.0666667,,GW,,,
DE_HB,P_Wind_Onshore_Opt,2045,0.0666667,,GW,,,
DE_HB,P_Wind_Onshore_Opt,2050,0.0666667,,GW,,,
DE_HB,P_Wind_Onshore_Opt,2055,0.0666667,,GW,same as 2050 for now,29.01.2025,Nikita Moskalenko <nim@wip.tu-berlin.de>
DE_HB,P_Wind_Onshore_Opt,2060,0.0666667,,GW,same as 2050 for now,29.01.2025,Nikita Moskalenko <nim@wip.tu-berlin.de>
DE_BY,D_PHS,2020,3,,GW,,,
DE_BY,P_PV_Rooftop_Commercial,2018,16.8,,GW,,,
DE_BY,P_PV_Rooftop_Commercial,2020,16.8,,GW,,,
DE_BY,P_PV_Rooftop_Commercial,2025,16.8,,GW,,,
DE_BY,P_PV_Rooftop_Commercial,2030,16.8,,GW,,,
DE_BY,P_PV_Rooftop_Commercial,2035,16.8,,GW,,,
DE_BY,P_PV_Rooftop_Commercial,2040,16.8,,GW,,,
DE_BY,P_PV_Rooftop_Commercial,2045,16.8,,GW,,,
DE_BY,P_PV_Rooftop_Commercial,2050,16.8,,GW,,,
DE_BY,P_PV_Rooftop_Commercial,2055,16.8,,GW,same as 2050 for now,29.01.2025,Nikita Moskalenko <nim@wip.tu-berlin.de>
DE_BY,P_PV_Rooftop_Commercial,2060,16.8,,GW,same as 2050 for now,29.01.2025,Nikita Moskalenko <nim@wip.tu-berlin.de>
DE_BY,P_PV_Rooftop_Residential,2018,18.9,,GW,,,
DE_BY,P_PV_Rooftop_Residential,2020,18.9,,GW,,,
DE_BY,P_PV_Rooftop_Residential,2025,18.9,,GW,,,
DE_BY,P_PV_Rooftop_Residential,2030,18.9,,GW,,,
DE_BY,P_PV_Rooftop_Residential,2035,18.9,,GW,,,
DE_BY,P_PV_Rooftop_Residential,2040,18.9,,GW,,,
DE_BY,P_PV_Rooftop_Residential,2045,18.9,,GW,,,
DE_BY,P_PV_Rooftop_Residential,2050,18.9,,GW,,,
DE_BY,P_PV_Rooftop_Residential,2055,18.9,,GW,same as 2050 for now,29.01.2025,Nikita Moskalenko <nim@wip.tu-berlin.de>
DE_BY,P_PV_Rooftop_Residential,2060,18.9,,GW,same as 2050 for now,29.01.2025,Nikita Moskalenko <nim@wip.tu-berlin.de>
DE_BY,P_PV_Utility_Avg,2018,6.51017,,GW,,,
DE_BY,P_PV_Utility_Avg,2020,6.51017,,GW,,,
DE_BY,P_PV_Utility_Avg,2025,6.51017,,GW,,,
DE_BY,P_PV_Utility_Avg,2030,6.51017,,GW,,,
DE_BY,P_PV_Utility_Avg,2035,6.51017,,GW,,,
DE_BY,P_PV_Utility_Avg,2040,6.51017,,GW,,,
DE_BY,P_PV_Utility_Avg,2045,6.51017,,GW,,,
DE_BY,P_PV_Utility_Avg,2050,6.51017,,GW,,,
DE_BY,P_PV_Utility_Avg,2055,6.51017,,GW,same as 2050 for now,29.01.2025,Nikita Moskalenko <nim@wip.tu-berlin.de>
DE_BY,P_PV_Utility_Avg,2060,6.51017,,GW,same as 2050 for now,29.01.2025,Nikita Moskalenko <nim@wip.tu-berlin.de>
DE_BY,P_PV_Utility_Inf,2018,19.5305,,GW,,,
DE_BY,P_PV_Utility_Inf,2020,19.5305,,GW,,,
DE_BY,P_PV_Utility_Inf,2025,19.5305,,GW,,,
DE_BY,P_PV_Utility_Inf,2030,19.5305,,GW,,,
DE_BY,P_PV_Utility_Inf,2035,19.5305,,GW,,,
DE_BY,P_PV_Utility_Inf,2040,19.5305,,GW,,,
DE_BY,P_PV_Utility_Inf,2045,19.5305,,GW,,,
DE_BY,P_PV_Utility_Inf,2050,19.5305,,GW,,,
DE_BY,P_PV_Utility_Inf,2055,19.5305,,GW,same as 2050 for now,29.01.2025,Nikita Moskalenko <nim@wip.tu-berlin.de>
DE_BY,P_PV_Utility_Inf,2060,19.5305,,GW,same as 2050 for now,29.01.2025,Nikita Moskalenko <nim@wip.tu-berlin.de>
DE_BY,P_PV_Utility_Opt,2018,19.5305,,GW,,,
DE_BY,P_PV_Utility_Opt,2020,19.5305,,GW,,,
DE_BY,P_PV_Utility_Opt,2025,19.5305,,GW,,,
DE_BY,P_PV_Utility_Opt,2030,19.5305,,GW,,,
DE_BY,P_PV_Utility_Opt,2035,19.5305,,GW,,,
DE_BY,P_PV_Utility_Opt,2040,19.5305,,GW,,,
DE_BY,P_PV_Utility_Opt,2045,19.5305,,GW,,,
DE_BY,P_PV_Utility_Opt,2050,19.5305,,GW,,,
DE_BY,P_PV_Utility_Opt,2055,19.5305,,GW,same as 2050 for now,29.01.2025,Nikita Moskalenko <nim@wip.tu-berlin.de>
DE_BY,P_PV_Utility_Opt,2060,19.5305,,GW,same as 2050 for now,29.01.2025,Nikita Moskalenko <nim@wip.tu-berlin.de>
DE_BY,P_Wind_Onshore_Avg,2018,13.6667,,GW,,,
DE_BY,P_Wind_Onshore_Avg,2020,13.6667,,GW,,,
DE_BY,P_Wind_Onshore_Avg,2025,13.6667,,GW,,,
DE_BY,P_Wind_Onshore_Avg,2030,13.6667,,GW,,,
DE_BY,P_Wind_Onshore_Avg,2035,13.6667,,GW,,,
DE_BY,P_Wind_Onshore_Avg,2040,13.6667,,GW,,,
DE_BY,P_Wind_Onshore_Avg,2045,13.6667,,GW,,,
DE_BY,P_Wind_Onshore_Avg,2050,13.6667,,GW,,,
DE_BY,P_Wind_Onshore_Avg,2055,13.6667,,GW,same as 2050 for now,29.01.2025,Nikita Moskalenko <nim@wip.tu-berlin.de>
DE_BY,P_Wind_Onshore_Avg,2060,13.6667,,GW,same as 2050 for now,29.01.2025,Nikita Moskalenko <nim@wip.tu-berlin.de>
DE_BY,P_Wind_Onshore_Inf,2018,13.6667,,GW,,,
DE_BY,P_Wind_Onshore_Inf,2020,13.6667,,GW,,,
DE_BY,P_Wind_Onshore_Inf,2025,13.6667,,GW,,,
DE_BY,P_Wind_Onshore_Inf,2030,13.6667,,GW,,,
DE_BY,P_Wind_Onshore_Inf,2035,13.6667,,GW,,,
DE_BY,P_Wind_Onshore_Inf,2040,13.6667,,GW,,,
DE_BY,P_Wind_Onshore_Inf,2045,13.6667,,GW,,,
DE_BY,P_Wind_Onshore_Inf,2050,13.6667,,GW,,,
DE_BY,P_Wind_Onshore_Inf,2055,13.6667,,GW,same as 2050 for now,29.01.2025,Nikita Moskalenko <nim@wip.tu-berlin.de>
DE_BY,P_Wind_Onshore_Inf,2060,13.6667,,GW,same as 2050 for now,29.01.2025,Nikita Moskalenko <nim@wip.tu-berlin.de>
DE_BY,P_Wind_Onshore_Opt,2018,13.6667,,GW,,,
DE_BY,P_Wind_Onshore_Opt,2020,13.6667,,GW,,,
DE_BY,P_Wind_Onshore_Opt,2025,13.6667,,GW,,,
DE_BY,P_Wind_Onshore_Opt,2030,13.6667,,GW,,,
DE_BY,P_Wind_Onshore_Opt,2035,13.6667,,GW,,,
DE_BY,P_Wind_Onshore_Opt,2040,13.6667,,GW,,,
DE_BY,P_Wind_Onshore_Opt,2045,13.6667,,GW,,,
DE_BY,P_Wind_Onshore_Opt,2050,13.6667,,GW,,,
DE_BY,P_Wind_Onshore_Opt,2055,13.6667,,GW,same as 2050 for now,29.01.2025,Nikita Moskalenko <nim@wip.tu-berlin.de>
DE_BY,P_Wind_Onshore_Opt,2060,13.6667,,GW,same as 2050 for now,29.01.2025,Nikita Moskalenko <nim@wip.tu-berlin.de>
DE_BW,D_PHS,2020,19,,GW,,,
DE_BW,P_PV_Rooftop_Commercial,2018,11.5,,GW,,,
DE_BW,P_PV_Rooftop_Commercial,2020,11.5,,GW,,,
DE_BW,P_PV_Rooftop_Commercial,2025,11.5,,GW,,,
DE_BW,P_PV_Rooftop_Commercial,2030,11.5,,GW,,,
DE_BW,P_PV_Rooftop_Commercial,2035,11.5,,GW,,,
DE_BW,P_PV_Rooftop_Commercial,2040,11.5,,GW,,,
DE_BW,P_PV_Rooftop_Commercial,2045,11.5,,GW,,,
DE_BW,P_PV_Rooftop_Commercial,2050,11.5,,GW,,,
DE_BW,P_PV_Rooftop_Commercial,2055,11.5,,GW,same as 2050 for now,29.01.2025,Nikita Moskalenko <nim@wip.tu-berlin.de>
DE_BW,P_PV_Rooftop_Commercial,2060,11.5,,GW,same as 2050 for now,29.01.2025,Nikita Moskalenko <nim@wip.tu-berlin.de>
DE_BW,P_PV_Rooftop_Residential,2018,15.3,,GW,,,
DE_BW,P_PV_Rooftop_Residential,2020,15.3,,GW,,,
DE_BW,P_PV_Rooftop_Residential,2025,15.3,,GW,,,
DE_BW,P_PV_Rooftop_Residential,2030,15.3,,GW,,,
DE_BW,P_PV_Rooftop_Residential,2035,15.3,,GW,,,
DE_BW,P_PV_Rooftop_Residential,2040,15.3,,GW,,,
DE_BW,P_PV_Rooftop_Residential,2045,15.3,,GW,,,
DE_BW,P_PV_Rooftop_Residential,2050,15.3,,GW,,,
DE_BW,P_PV_Rooftop_Residential,2055,15.3,,GW,same as 2050 for now,29.01.2025,Nikita Moskalenko <nim@wip.tu-berlin.de>
DE_BW,P_PV_Rooftop_Residential,2060,15.3,,GW,same as 2050 for now,29.01.2025,Nikita Moskalenko <nim@wip.tu-berlin.de>
DE_BW,P_PV_Utility_Avg,2018,3.2991,,GW,,,
DE_BW,P_PV_Utility_Avg,2020,3.2991,,GW,,,
DE_BW,P_PV_Utility_Avg,2025,3.2991,,GW,,,
DE_BW,P_PV_Utility_Avg,2030,3.2991,,GW,,,
DE_BW,P_PV_Utility_Avg,2035,3.2991,,GW,,,
DE_BW,P_PV_Utility_Avg,2040,3.2991,,GW,,,
DE_BW,P_PV_Utility_Avg,2045,3.2991,,GW,,,
DE_BW,P_PV_Utility_Avg,2050,3.2991,,GW,,,
DE_BW,P_PV_Utility_Avg,2055,3.2991,,GW,same as 2050 for now,29.01.2025,Nikita Moskalenko <nim@wip.tu-berlin.de>
DE_BW,P_PV_Utility_Avg,2060,3.2991,,GW,same as 2050 for now,29.01.2025,Nikita Moskalenko <nim@wip.tu-berlin.de>
DE_BW,P_PV_Utility_Inf,2018,9.89731,,GW,,,
DE_BW,P_PV_Utility_Inf,2020,9.89731,,GW,,,
DE_BW,P_PV_Utility_Inf,2025,9.89731,,GW,,,
DE_BW,P_PV_Utility_Inf,2030,9.89731,,GW,,,
DE_BW,P_PV_Utility_Inf,2035,9.89731,,GW,,,
DE_BW,P_PV_Utility_Inf,2040,9.89731,,GW,,,
DE_BW,P_PV_Utility_Inf,2045,9.89731,,GW,,,
DE_BW,P_PV_Utility_Inf,2050,9.89731,,GW,,,
DE_BW,P_PV_Utility_Inf,2055,9.89731,,GW,same as 2050 for now,29.01.2025,Nikita Moskalenko <nim@wip.tu-berlin.de>
DE_BW,P_PV_Utility_Inf,2060,9.89731,,GW,same as 2050 for now,29.01.2025,Nikita Moskalenko <nim@wip.tu-berlin.de>
DE_BW,P_PV_Utility_Opt,2018,9.89731,,GW,,,
DE_BW,P_PV_Utility_Opt,2020,9.89731,,GW,,,
DE_BW,P_PV_Utility_Opt,2025,9.89731,,GW,,,
DE_BW,P_PV_Utility_Opt,2030,9.89731,,GW,,,
DE_BW,P_PV_Utility_Opt,2035,9.89731,,GW,,,
DE_BW,P_PV_Utility_Opt,2040,9.89731,,GW,,,
DE_BW,P_PV_Utility_Opt,2045,9.89731,,GW,,,
DE_BW,P_PV_Utility_Opt,2050,9.89731,,GW,,,
DE_BW,P_PV_Utility_Opt,2055,9.89731,,GW,same as 2050 for now,29.01.2025,Nikita Moskalenko <nim@wip.tu-berlin.de>
DE_BW,P_PV_Utility_Opt,2060,9.89731,,GW,same as 2050 for now,29.01.2025,Nikita Moskalenko <nim@wip.tu-berlin.de>
DE_BW,P_Wind_Onshore_Avg,2018,7.66667,,GW,,,
DE_BW,P_Wind_Onshore_Avg,2020,7.66667,,GW,,,
DE_BW,P_Wind_Onshore_Avg,2025,7.66667,,GW,,,
DE_BW,P_Wind_Onshore_Avg,2030,7.66667,,GW,,,
DE_BW,P_Wind_Onshore_Avg,2035,7.66667,,GW,,,
DE_BW,P_Wind_Onshore_Avg,2040,7.66667,,GW,,,
DE_BW,P_Wind_Onshore_Avg,2045,7.66667,,GW,,,
DE_BW,P_Wind_Onshore_Avg,2050,7.66667,,GW,,,
DE_BW,P_Wind_Onshore_Avg,2055,7.66667,,GW,same as 2050 for now,29.01.2025,Nikita Moskalenko <nim@wip.tu-berlin.de>
DE_BW,P_Wind_Onshore_Avg,2060,7.66667,,GW,same as 2050 for now,29.01.2025,Nikita Moskalenko <nim@wip.tu-berlin.de>
DE_BW,P_Wind_Onshore_Inf,2018,7.66667,,GW,,,
DE_BW,P_Wind_Onshore_Inf,2020,7.66667,,GW,,,
DE_BW,P_Wind_Onshore_Inf,2025,7.66667,,GW,,,
DE_BW,P_Wind_Onshore_Inf,2030,7.66667,,GW,,,
DE_BW,P_Wind_Onshore_Inf,2035,7.66667,,GW,,,
DE_BW,P_Wind_Onshore_Inf,2040,7.66667,,GW,,,
DE_BW,P_Wind_Onshore_Inf,2045,7.66667,,GW,,,
DE_BW,P_Wind_Onshore_Inf,2050,7.66667,,GW,,,
DE_BW,P_Wind_Onshore_Inf,2055,7.66667,,GW,same as 2050 for now,29.01.2025,Nikita Moskalenko <nim@wip.tu-berlin.de>
DE_BW,P_Wind_Onshore_Inf,2060,7.66667,,GW,same as 2050 for now,29.01.2025,Nikita Moskalenko <nim@wip.tu-berlin.de>
DE_BW,P_Wind_Onshore_Opt,2018,7.66667,,GW,,,
DE_BW,P_Wind_Onshore_Opt,2020,7.66667,,GW,,,
DE_BW,P_Wind_Onshore_Opt,2025,7.66667,,GW,,,
DE_BW,P_Wind_Onshore_Opt,2030,7.66667,,GW,,,
DE_BW,P_Wind_Onshore_Opt,2035,7.66667,,GW,,,
DE_BW,P_Wind_Onshore_Opt,2040,7.66667,,GW,,,
DE_BW,P_Wind_Onshore_Opt,2045,7.66667,,GW,,,
DE_BW,P_Wind_Onshore_Opt,2050,7.66667,,GW,,,
DE_BW,P_Wind_Onshore_Opt,2055,7.66667,,GW,same as 2050 for now,29.01.2025,Nikita Moskalenko <nim@wip.tu-berlin.de>
DE_BW,P_Wind_Onshore_Opt,2060,7.66667,,GW,same as 2050 for now,29.01.2025,Nikita Moskalenko <nim@wip.tu-berlin.de>
DE_BE,P_PV_Rooftop_Commercial,2018,1.3,,GW,,,
DE_BE,P_PV_Rooftop_Commercial,2020,1.3,,GW,,,
DE_BE,P_PV_Rooftop_Commercial,2025,1.3,,GW,,,
DE_BE,P_PV_Rooftop_Commercial,2030,1.3,,GW,,,
DE_BE,P_PV_Rooftop_Commercial,2035,1.3,,GW,,,
DE_BE,P_PV_Rooftop_Commercial,2040,1.3,,GW,,,
DE_BE,P_PV_Rooftop_Commercial,2045,1.3,,GW,,,
DE_BE,P_PV_Rooftop_Commercial,2050,1.3,,GW,,,
DE_BE,P_PV_Rooftop_Commercial,2055,1.3,,GW,same as 2050 for now,29.01.2025,Nikita Moskalenko <nim@wip.tu-berlin.de>
DE_BE,P_PV_Rooftop_Commercial,2060,1.3,,GW,same as 2050 for now,29.01.2025,Nikita Moskalenko <nim@wip.tu-berlin.de>
DE_BE,P_PV_Rooftop_Residential,2018,2.2,,GW,,,
DE_BE,P_PV_Rooftop_Residential,2020,2.2,,GW,,,
DE_BE,P_PV_Rooftop_Residential,2025,2.2,,GW,,,
DE_BE,P_PV_Rooftop_Residential,2030,2.2,,GW,,,
DE_BE,P_PV_Rooftop_Residential,2035,2.2,,GW,,,
DE_BE,P_PV_Rooftop_Residential,2040,2.2,,GW,,,
DE_BE,P_PV_Rooftop_Residential,2045,2.2,,GW,,,
DE_BE,P_PV_Rooftop_Residential,2050,2.2,,GW,,,
DE_BE,P_PV_Rooftop_Residential,2055,2.2,,GW,same as 2050 for now,29.01.2025,Nikita Moskalenko <nim@wip.tu-berlin.de>
DE_BE,P_PV_Rooftop_Residential,2060,2.2,,GW,same as 2050 for now,29.01.2025,Nikita Moskalenko <nim@wip.tu-berlin.de>
DE_BE,P_PV_Utility_Avg,2018,0.0822284,,GW,,,
DE_BE,P_PV_Utility_Avg,2020,0.0822284,,GW,,,
DE_BE,P_PV_Utility_Avg,2025,0.0822284,,GW,,,
DE_BE,P_PV_Utility_Avg,2030,0.0822284,,GW,,,
DE_BE,P_PV_Utility_Avg,2035,0.0822284,,GW,,,
DE_BE,P_PV_Utility_Avg,2040,0.0822284,,GW,,,
DE_BE,P_PV_Utility_Avg,2045,0.0822284,,GW,,,
DE_BE,P_PV_Utility_Avg,2050,0.0822284,,GW,,,
DE_BE,P_PV_Utility_Avg,2055,0.0822284,,GW,same as 2050 for now,29.01.2025,Nikita Moskalenko <nim@wip.tu-berlin.de>
DE_BE,P_PV_Utility_Avg,2060,0.0822284,,GW,same as 2050 for now,29.01.2025,Nikita Moskalenko <nim@wip.tu-berlin.de>
DE_BE,P_PV_Utility_Inf,2018,0.246685,,GW,,,
DE_BE,P_PV_Utility_Inf,2020,0.246685,,GW,,,
DE_BE,P_PV_Utility_Inf,2025,0.246685,,GW,,,
DE_BE,P_PV_Utility_Inf,2030,0.246685,,GW,,,
DE_BE,P_PV_Utility_Inf,2035,0.246685,,GW,,,
DE_BE,P_PV_Utility_Inf,2040,0.246685,,GW,,,
DE_BE,P_PV_Utility_Inf,2045,0.246685,,GW,,,
DE_BE,P_PV_Utility_Inf,2050,0.246685,,GW,,,
DE_BE,P_PV_Utility_Inf,2055,0.246685,,GW,same as 2050 for now,29.01.2025,Nikita Moskalenko <nim@wip.tu-berlin.de>
DE_BE,P_PV_Utility_Inf,2060,0.246685,,GW,same as 2050 for now,29.01.2025,Nikita Moskalenko <nim@wip.tu-berlin.de>
DE_BE,P_PV_Utility_Opt,2018,0.246685,,GW,,,
DE_BE,P_PV_Utility_Opt,2020,0.246685,,GW,,,
DE_BE,P_PV_Utility_Opt,2025,0.246685,,GW,,,
DE_BE,P_PV_Utility_Opt,2030,0.246685,,GW,,,
DE_BE,P_PV_Utility_Opt,2035,0.246685,,GW,,,
DE_BE,P_PV_Utility_Opt,2040,0.246685,,GW,,,
DE_BE,P_PV_Utility_Opt,2045,0.246685,,GW,,,
DE_BE,P_PV_Utility_Opt,2050,0.246685,,GW,,,
DE_BE,P_PV_Utility_Opt,2055,0.246685,,GW,same as 2050 for now,29.01.2025,Nikita Moskalenko <nim@wip.tu-berlin.de>
DE_BE,P_PV_Utility_Opt,2060,0.246685,,GW,same as 2050 for now,29.01.2025,Nikita Moskalenko <nim@wip.tu-berlin.de>
DE_BE,P_Wind_Onshore_Avg,2018,0.1,,GW,,,
DE_BE,P_Wind_Onshore_Avg,2020,0.1,,GW,,,
DE_BE,P_Wind_Onshore_Avg,2025,0.1,,GW,,,
DE_BE,P_Wind_Onshore_Avg,2030,0.1,,GW,,,
DE_BE,P_Wind_Onshore_Avg,2035,0.1,,GW,,,
DE_BE,P_Wind_Onshore_Avg,2040,0.1,,GW,,,
DE_BE,P_Wind_Onshore_Avg,2045,0.1,,GW,,,
DE_BE,P_Wind_Onshore_Avg,2050,0.1,,GW,,,
DE_BE,P_Wind_Onshore_Avg,2055,0.1,,GW,same as 2050 for now,29.01.2025,Nikita Moskalenko <nim@wip.tu-berlin.de>
DE_BE,P_Wind_Onshore_Avg,2060,0.1,,GW,same as 2050 for now,29.01.2025,Nikita Moskalenko <nim@wip.tu-berlin.de>
DE_BE,P_Wind_Onshore_Inf,2018,0.1,,GW,,,
DE_BE,P_Wind_Onshore_Inf,2020,0.1,,GW,,,
DE_BE,P_Wind_Onshore_Inf,2025,0.1,,GW,,,
DE_BE,P_Wind_Onshore_Inf,2030,0.1,,GW,,,
DE_BE,P_Wind_Onshore_Inf,2035,0.1,,GW,,,
DE_BE,P_Wind_Onshore_Inf,2040,0.1,,GW,,,
DE_BE,P_Wind_Onshore_Inf,2045,0.1,,GW,,,
DE_BE,P_Wind_Onshore_Inf,2050,0.1,,GW,,,
DE_BE,P_Wind_Onshore_Inf,2055,0.1,,GW,same as 2050 for now,29.01.2025,Nikita Moskalenko <nim@wip.tu-berlin.de>
DE_BE,P_Wind_Onshore_Inf,2060,0.1,,GW,same as 2050 for now,29.01.2025,Nikita Moskalenko <nim@wip.tu-berlin.de>
DE_BE,P_Wind_Onshore_Opt,2018,0.1,,GW,,,
DE_BE,P_Wind_Onshore_Opt,2020,0.1,,GW,,,
DE_BE,P_Wind_Onshore_Opt,2025,0.1,,GW,,,
DE_BE,P_Wind_Onshore_Opt,2030,0.1,,GW,,,
DE_BE,P_Wind_Onshore_Opt,2035,0.1,,GW,,,
DE_BE,P_Wind_Onshore_Opt,2040,0.1,,GW,,,
DE_BE,P_Wind_Onshore_Opt,2045,0.1,,GW,,,
DE_BE,P_Wind_Onshore_Opt,2050,0.1,,GW,,,
DE_BE,P_Wind_Onshore_Opt,2055,0.1,,GW,same as 2050 for now,29.01.2025,Nikita Moskalenko <nim@wip.tu-berlin.de>
DE_BE,P_Wind_Onshore_Opt,2060,0.1,,GW,same as 2050 for now,29.01.2025,Nikita Moskalenko <nim@wip.tu-berlin.de>
DE_BB,P_PV_Rooftop_Commercial,2018,5.2,,GW,,,
DE_BB,P_PV_Rooftop_Commercial,2020,5.2,,GW,,,
DE_BB,P_PV_Rooftop_Commercial,2025,5.2,,GW,,,
DE_BB,P_PV_Rooftop_Commercial,2030,5.2,,GW,,,
DE_BB,P_PV_Rooftop_Commercial,2035,5.2,,GW,,,
DE_BB,P_PV_Rooftop_Commercial,2040,5.2,,GW,,,
DE_BB,P_PV_Rooftop_Commercial,2045,5.2,,GW,,,
DE_BB,P_PV_Rooftop_Commercial,2050,5.2,,GW,,,
DE_BB,P_PV_Rooftop_Commercial,2055,5.2,,GW,same as 2050 for now,29.01.2025,Nikita Moskalenko <nim@wip.tu-berlin.de>
DE_BB,P_PV_Rooftop_Commercial,2060,5.2,,GW,same as 2050 for now,29.01.2025,Nikita Moskalenko <nim@wip.tu-berlin.de>
DE_BB,P_PV_Rooftop_Residential,2018,3.3,,GW,,,
DE_BB,P_PV_Rooftop_Residential,2020,3.3,,GW,,,
DE_BB,P_PV_Rooftop_Residential,2025,3.3,,GW,,,
DE_BB,P_PV_Rooftop_Residential,2030,3.3,,GW,,,
DE_BB,P_PV_Rooftop_Residential,2035,3.3,,GW,,,
DE_BB,P_PV_Rooftop_Residential,2040,3.3,,GW,,,
DE_BB,P_PV_Rooftop_Residential,2045,3.3,,GW,,,
DE_BB,P_PV_Rooftop_Residential,2050,3.3,,GW,,,
DE_BB,P_PV_Rooftop_Residential,2055,3.3,,GW,same as 2050 for now,29.01.2025,Nikita Moskalenko <nim@wip.tu-berlin.de>
DE_BB,P_PV_Rooftop_Residential,2060,3.3,,GW,same as 2050 for now,29.01.2025,Nikita Moskalenko <nim@wip.tu-berlin.de>
DE_BB,P_PV_Utility_Avg,2018,2.7367,,GW,,,
DE_BB,P_PV_Utility_Avg,2020,2.7367,,GW,,,
DE_BB,P_PV_Utility_Avg,2025,2.7367,,GW,,,
DE_BB,P_PV_Utility_Avg,2030,2.7367,,GW,,,
DE_BB,P_PV_Utility_Avg,2035,2.7367,,GW,,,
DE_BB,P_PV_Utility_Avg,2040,2.7367,,GW,,,
DE_BB,P_PV_Utility_Avg,2045,2.7367,,GW,,,
DE_BB,P_PV_Utility_Avg,2050,2.7367,,GW,,,
DE_BB,P_PV_Utility_Avg,2055,2.7367,,GW,same as 2050 for now,29.01.2025,Nikita Moskalenko <nim@wip.tu-berlin.de>
DE_BB,P_PV_Utility_Avg,2060,2.7367,,GW,same as 2050 for now,29.01.2025,Nikita Moskalenko <nim@wip.tu-berlin.de>
DE_BB,P_PV_Utility_Inf,2018,8.21011,,GW,,,
DE_BB,P_PV_Utility_Inf,2020,8.21011,,GW,,,
DE_BB,P_PV_Utility_Inf,2025,8.21011,,GW,,,
DE_BB,P_PV_Utility_Inf,2030,8.21011,,GW,,,
DE_BB,P_PV_Utility_Inf,2035,8.21011,,GW,,,
DE_BB,P_PV_Utility_Inf,2040,8.21011,,GW,,,
DE_BB,P_PV_Utility_Inf,2045,8.21011,,GW,,,
DE_BB,P_PV_Utility_Inf,2050,8.21011,,GW,,,
DE_BB,P_PV_Utility_Inf,2055,8.21011,,GW,same as 2050 for now,29.01.2025,Nikita Moskalenko <nim@wip.tu-berlin.de>
DE_BB,P_PV_Utility_Inf,2060,8.21011,,GW,same as 2050 for now,29.01.2025,Nikita Moskalenko <nim@wip.tu-berlin.de>
DE_BB,P_PV_Utility_Opt,2018,8.21011,,GW,,,
DE_BB,P_PV_Utility_Opt,2020,8.21011,,GW,,,
DE_BB,P_PV_Utility_Opt,2025,8.21011,,GW,,,
DE_BB,P_PV_Utility_Opt,2030,8.21011,,GW,,,
DE_BB,P_PV_Utility_Opt,2035,8.21011,,GW,,,
DE_BB,P_PV_Utility_Opt,2040,8.21011,,GW,,,
DE_BB,P_PV_Utility_Opt,2045,8.21011,,GW,,,
DE_BB,P_PV_Utility_Opt,2050,8.21011,,GW,,,
DE_BB,P_PV_Utility_Opt,2055,8.21011,,GW,same as 2050 for now,29.01.2025,Nikita Moskalenko <nim@wip.tu-berlin.de>
DE_BB,P_PV_Utility_Opt,2060,8.21011,,GW,same as 2050 for now,29.01.2025,Nikita Moskalenko <nim@wip.tu-berlin.de>
DE_BB,P_Wind_Onshore_Avg,2018,4.33333,,GW,,,
DE_BB,P_Wind_Onshore_Avg,2020,4.33333,,GW,,,
DE_BB,P_Wind_Onshore_Avg,2025,4.33333,,GW,,,
DE_BB,P_Wind_Onshore_Avg,2030,4.33333,,GW,,,
DE_BB,P_Wind_Onshore_Avg,2035,4.33333,,GW,,,
DE_BB,P_Wind_Onshore_Avg,2040,4.33333,,GW,,,
DE_BB,P_Wind_Onshore_Avg,2045,4.33333,,GW,,,
DE_BB,P_Wind_Onshore_Avg,2050,4.33333,,GW,,,
DE_BB,P_Wind_Onshore_Avg,2055,4.33333,,GW,same as 2050 for now,29.01.2025,Nikita Moskalenko <nim@wip.tu-berlin.de>
DE_BB,P_Wind_Onshore_Avg,2060,4.33333,,GW,same as 2050 for now,29.01.2025,Nikita Moskalenko <nim@wip.tu-berlin.de>
DE_BB,P_Wind_Onshore_Inf,2018,4.33333,,GW,,,
DE_BB,P_Wind_Onshore_Inf,2020,4.33333,,GW,,,
DE_BB,P_Wind_Onshore_Inf,2025,4.33333,,GW,,,
DE_BB,P_Wind_Onshore_Inf,2030,4.33333,,GW,,,
DE_BB,P_Wind_Onshore_Inf,2035,4.33333,,GW,,,
DE_BB,P_Wind_Onshore_Inf,2040,4.33333,,GW,,,
DE_BB,P_Wind_Onshore_Inf,2045,4.33333,,GW,,,
DE_BB,P_Wind_Onshore_Inf,2050,4.33333,,GW,,,
DE_BB,P_Wind_Onshore_Inf,2055,4.33333,,GW,same as 2050 for now,29.01.2025,Nikita Moskalenko <nim@wip.tu-berlin.de>
DE_BB,P_Wind_Onshore_Inf,2060,4.33333,,GW,same as 2050 for now,29.01.2025,Nikita Moskalenko <nim@wip.tu-berlin.de>
DE_BB,P_Wind_Onshore_Opt,2018,6.284,,GW,,,
DE_BB,P_Wind_Onshore_Opt,2020,4.33333,,GW,,,
DE_BB,P_Wind_Onshore_Opt,2025,7.468,,GW,,,
DE_BB,P_Wind_Onshore_Opt,2030,7.468,,GW,,,
DE_BB,P_Wind_Onshore_Opt,2035,7.468,,GW,,,
DE_BB,P_Wind_Onshore_Opt,2040,4.33333,,GW,,,
DE_BB,P_Wind_Onshore_Opt,2045,4.33333,,GW,,,
DE_BB,P_Wind_Onshore_Opt,2050,4.33333,,GW,,,
DE_BB,P_Wind_Onshore_Opt,2055,4.33333,,GW,same as 2050 for now,29.01.2025,Nikita Moskalenko <nim@wip.tu-berlin.de>
DE_BB,P_Wind_Onshore_Opt,2060,4.33333,,GW,same as 2050 for now,29.01.2025,Nikita Moskalenko <nim@wip.tu-berlin.de>
DE_Baltic,P_Wind_Offshore_Deep,2018,20,,GW,,,
DE_Baltic,P_Wind_Offshore_Deep,2025,20,,GW,,,
DE_Baltic,P_Wind_Offshore_Deep,2030,20,,GW,,,
DE_Baltic,P_Wind_Offshore_Deep,2035,20,,GW,,,
DE_Baltic,P_Wind_Offshore_Deep,2040,20,,GW,,,
DE_Baltic,P_Wind_Offshore_Deep,2045,20,,GW,,,
DE_Baltic,P_Wind_Offshore_Deep,2050,20,,GW,,,
DE_Baltic,P_Wind_Offshore_Deep,2055,20,,GW,same as 2050 for now,29.01.2025,Nikita Moskalenko <nim@wip.tu-berlin.de>
DE_Baltic,P_Wind_Offshore_Deep,2060,20,,GW,same as 2050 for now,29.01.2025,Nikita Moskalenko <nim@wip.tu-berlin.de>
DE,A_Rooftop_Commercial,All,340.5760523,,GW,,,
DE,A_Rooftop_Residential,All,366.9148539,,GW,,,
DE,D_PHS,All,9.4491,,GW,,,
DE,P_CSP,All,43.42,,GW,,,
DE,P_Hydro_Reservoir,2018,1.44,,GW,same as ResidualCapacity,21.01.2025,Nikita Moskalenko <nim@wip.tu-berlin.de>
DE,P_Hydro_Reservoir,2020,1.44,,GW,same as ResidualCapacity,21.01.2025,Nikita Moskalenko <nim@wip.tu-berlin.de>
DE,P_Hydro_Reservoir,2025,1.44,,GW,same as ResidualCapacity,21.01.2025,Nikita Moskalenko <nim@wip.tu-berlin.de>
DE,P_Hydro_Reservoir,2030,1.44,,GW,same as ResidualCapacity,21.01.2025,Nikita Moskalenko <nim@wip.tu-berlin.de>
DE,P_Hydro_Reservoir,2035,1.44,,GW,same as ResidualCapacity,21.01.2025,Nikita Moskalenko <nim@wip.tu-berlin.de>
DE,P_Hydro_Reservoir,2040,1.44,,GW,same as ResidualCapacity,21.01.2025,Nikita Moskalenko <nim@wip.tu-berlin.de>
DE,P_Hydro_Reservoir,2045,1.44,,GW,same as ResidualCapacity,21.01.2025,Nikita Moskalenko <nim@wip.tu-berlin.de>
DE,P_Hydro_Reservoir,2050,1.44,,GW,same as ResidualCapacity,21.01.2025,Nikita Moskalenko <nim@wip.tu-berlin.de>
DE,P_Hydro_Reservoir,2055,1.44,,GW,same as 2050 for now,29.01.2025,Nikita Moskalenko <nim@wip.tu-berlin.de>
DE,P_Hydro_Reservoir,2060,1.44,,GW,same as 2050 for now,29.01.2025,Nikita Moskalenko <nim@wip.tu-berlin.de>
DE,P_Hydro_RoR,2018,3.86,,GW,same as ResidualCapacity,21.01.2025,Nikita Moskalenko <nim@wip.tu-berlin.de>
DE,P_Hydro_RoR,2020,3.86,,GW,same as ResidualCapacity,21.01.2025,Nikita Moskalenko <nim@wip.tu-berlin.de>
DE,P_Hydro_RoR,2025,3.86,,GW,same as ResidualCapacity,21.01.2025,Nikita Moskalenko <nim@wip.tu-berlin.de>
DE,P_Hydro_RoR,2030,3.86,,GW,same as ResidualCapacity,21.01.2025,Nikita Moskalenko <nim@wip.tu-berlin.de>
DE,P_Hydro_RoR,2035,3.86,,GW,same as ResidualCapacity,21.01.2025,Nikita Moskalenko <nim@wip.tu-berlin.de>
DE,P_Hydro_RoR,2040,3.86,,GW,same as ResidualCapacity,21.01.2025,Nikita Moskalenko <nim@wip.tu-berlin.de>
DE,P_Hydro_RoR,2045,3.86,,GW,same as ResidualCapacity,21.01.2025,Nikita Moskalenko <nim@wip.tu-berlin.de>
DE,P_Hydro_RoR,2050,3.86,,GW,same as ResidualCapacity,21.01.2025,Nikita Moskalenko <nim@wip.tu-berlin.de>
DE,P_Hydro_RoR,2055,3.86,,GW,same as 2050 for now,29.01.2025,Nikita Moskalenko <nim@wip.tu-berlin.de>
DE,P_Hydro_RoR,2060,3.86,,GW,same as 2050 for now,29.01.2025,Nikita Moskalenko <nim@wip.tu-berlin.de>
DE,P_Wind_Offshore_Deep,All,36.22666667,,GW,,,
DE,P_Wind_Offshore_Shallow,All,36.22666667,,GW,,,
DE,P_Wind_Offshore_Transitional,All,36.22666667,,GW,,,
DE,P_Wind_Onshore_Avg,All,96.46,,GW,,,
DE,P_Wind_Onshore_Inf,All,96.46,,GW,,,
DE,P_Wind_Onshore_Opt,All,96.46,,GW,,,
CZ,A_Rooftop_Commercial,All,65.09013375,,GW,,,
CZ,A_Rooftop_Residential,All,70.12394662,,GW,,,
CZ,D_PHS,All,0.625,,GW,,,
CZ,P_CSP,All,11.05,,GW,,,
CZ,P_Hydro_Reservoir,2018,0.7661,,GW,same as ResidualCapacity,21.01.2025,Nikita Moskalenko <nim@wip.tu-berlin.de>
CZ,P_Hydro_Reservoir,2020,0.7661,,GW,same as ResidualCapacity,21.01.2025,Nikita Moskalenko <nim@wip.tu-berlin.de>
CZ,P_Hydro_Reservoir,2025,0.7661,,GW,same as ResidualCapacity,21.01.2025,Nikita Moskalenko <nim@wip.tu-berlin.de>
CZ,P_Hydro_Reservoir,2030,0.7661,,GW,same as ResidualCapacity,21.01.2025,Nikita Moskalenko <nim@wip.tu-berlin.de>
CZ,P_Hydro_Reservoir,2035,0.7661,,GW,same as ResidualCapacity,21.01.2025,Nikita Moskalenko <nim@wip.tu-berlin.de>
CZ,P_Hydro_Reservoir,2040,0.7661,,GW,same as ResidualCapacity,21.01.2025,Nikita Moskalenko <nim@wip.tu-berlin.de>
CZ,P_Hydro_Reservoir,2045,0.7661,,GW,same as ResidualCapacity,21.01.2025,Nikita Moskalenko <nim@wip.tu-berlin.de>
CZ,P_Hydro_Reservoir,2050,0.7661,,GW,same as ResidualCapacity,21.01.2025,Nikita Moskalenko <nim@wip.tu-berlin.de>
CZ,P_Hydro_Reservoir,2055,0.7661,,GW,same as 2050 for now,29.01.2025,Nikita Moskalenko <nim@wip.tu-berlin.de>
CZ,P_Hydro_Reservoir,2060,0.7661,,GW,same as 2050 for now,29.01.2025,Nikita Moskalenko <nim@wip.tu-berlin.de>
CZ,P_Hydro_RoR,2018,0.341,,GW,same as ResidualCapacity,21.01.2025,Nikita Moskalenko <nim@wip.tu-berlin.de>
CZ,P_Hydro_RoR,2020,0.341,,GW,same as ResidualCapacity,21.01.2025,Nikita Moskalenko <nim@wip.tu-berlin.de>
CZ,P_Hydro_RoR,2025,0.341,,GW,same as ResidualCapacity,21.01.2025,Nikita Moskalenko <nim@wip.tu-berlin.de>
CZ,P_Hydro_RoR,2030,0.341,,GW,same as ResidualCapacity,21.01.2025,Nikita Moskalenko <nim@wip.tu-berlin.de>
CZ,P_Hydro_RoR,2035,0.341,,GW,same as ResidualCapacity,21.01.2025,Nikita Moskalenko <nim@wip.tu-berlin.de>
CZ,P_Hydro_RoR,2040,0.341,,GW,same as ResidualCapacity,21.01.2025,Nikita Moskalenko <nim@wip.tu-berlin.de>
CZ,P_Hydro_RoR,2045,0.341,,GW,same as ResidualCapacity,21.01.2025,Nikita Moskalenko <nim@wip.tu-berlin.de>
CZ,P_Hydro_RoR,2050,0.341,,GW,same as ResidualCapacity,21.01.2025,Nikita Moskalenko <nim@wip.tu-berlin.de>
CZ,P_Hydro_RoR,2055,0.341,,GW,same as 2050 for now,29.01.2025,Nikita Moskalenko <nim@wip.tu-berlin.de>
CZ,P_Hydro_RoR,2060,0.341,,GW,same as 2050 for now,29.01.2025,Nikita Moskalenko <nim@wip.tu-berlin.de>
CZ,P_Wind_Offshore_Deep,All,0,,GW,,,
CZ,P_Wind_Offshore_Shallow,All,0,,GW,,,
CZ,P_Wind_Offshore_Transitional,All,0,,GW,,,
CZ,P_Wind_Onshore_Avg,All,24.31,,GW,,,
CZ,P_Wind_Onshore_Inf,All,24.31,,GW,,,
CZ,P_Wind_Onshore_Opt,All,24.31,,GW,,,
CH,A_Rooftop_Commercial,All,31.78030029,,GW,,,
CH,A_Rooftop_Residential,All,34.23806271,,GW,,,
CH,D_PHS,All,6.6971,,GW,,,
CH,P_CSP,All,3.9,,GW,,,
CH,P_Hydro_Reservoir,2018,5.7721,,GW,same as ResidualCapacity,21.01.2025,Nikita Moskalenko <nim@wip.tu-berlin.de>
CH,P_Hydro_Reservoir,2020,5.7721,,GW,same as ResidualCapacity,21.01.2025,Nikita Moskalenko <nim@wip.tu-berlin.de>
CH,P_Hydro_Reservoir,2025,5.7721,,GW,same as ResidualCapacity,21.01.2025,Nikita Moskalenko <nim@wip.tu-berlin.de>
CH,P_Hydro_Reservoir,2030,5.7721,,GW,same as ResidualCapacity,21.01.2025,Nikita Moskalenko <nim@wip.tu-berlin.de>
CH,P_Hydro_Reservoir,2035,5.7721,,GW,same as ResidualCapacity,21.01.2025,Nikita Moskalenko <nim@wip.tu-berlin.de>
CH,P_Hydro_Reservoir,2040,5.7721,,GW,same as ResidualCapacity,21.01.2025,Nikita Moskalenko <nim@wip.tu-berlin.de>
CH,P_Hydro_Reservoir,2045,5.7721,,GW,same as ResidualCapacity,21.01.2025,Nikita Moskalenko <nim@wip.tu-berlin.de>
CH,P_Hydro_Reservoir,2050,5.7721,,GW,same as ResidualCapacity,21.01.2025,Nikita Moskalenko <nim@wip.tu-berlin.de>
CH,P_Hydro_Reservoir,2055,5.7721,,GW,same as 2050 for now,29.01.2025,Nikita Moskalenko <nim@wip.tu-berlin.de>
CH,P_Hydro_Reservoir,2060,5.7721,,GW,same as 2050 for now,29.01.2025,Nikita Moskalenko <nim@wip.tu-berlin.de>
CH,P_Hydro_RoR,2018,0.6351,,GW,same as ResidualCapacity,21.01.2025,Nikita Moskalenko <nim@wip.tu-berlin.de>
CH,P_Hydro_RoR,2020,0.6351,,GW,same as ResidualCapacity,21.01.2025,Nikita Moskalenko <nim@wip.tu-berlin.de>
CH,P_Hydro_RoR,2025,0.6351,,GW,same as ResidualCapacity,21.01.2025,Nikita Moskalenko <nim@wip.tu-berlin.de>
CH,P_Hydro_RoR,2030,0.6351,,GW,same as ResidualCapacity,21.01.2025,Nikita Moskalenko <nim@wip.tu-berlin.de>
CH,P_Hydro_RoR,2035,0.6351,,GW,same as ResidualCapacity,21.01.2025,Nikita Moskalenko <nim@wip.tu-berlin.de>
CH,P_Hydro_RoR,2040,0.6351,,GW,same as ResidualCapacity,21.01.2025,Nikita Moskalenko <nim@wip.tu-berlin.de>
CH,P_Hydro_RoR,2045,0.6351,,GW,same as ResidualCapacity,21.01.2025,Nikita Moskalenko <nim@wip.tu-berlin.de>
CH,P_Hydro_RoR,2050,0.6351,,GW,same as ResidualCapacity,21.01.2025,Nikita Moskalenko <nim@wip.tu-berlin.de>
CH,P_Hydro_RoR,2055,0.6351,,GW,same as 2050 for now,29.01.2025,Nikita Moskalenko <nim@wip.tu-berlin.de>
CH,P_Hydro_RoR,2060,0.6351,,GW,same as 2050 for now,29.01.2025,Nikita Moskalenko <nim@wip.tu-berlin.de>
CH,P_Wind_Offshore_Deep,All,0,,GW,,,
CH,P_Wind_Offshore_Shallow,All,0,,GW,,,
CH,P_Wind_Offshore_Transitional,All,0,,GW,,,
CH,P_Wind_Onshore_Avg,All,9.013333333,,GW,,,
CH,P_Wind_Onshore_Inf,All,9.013333333,,GW,,,
CH,P_Wind_Onshore_Opt,All,9.013333333,,GW,,,
BY,A_Rooftop_Commercial,All,0,,GW,,,
BY,A_Rooftop_Residential,All,0,,GW,,,
BY,D_PHS,All,0,,GW,,,
BY,P_CSP,All,0,,GW,,,
BY,P_PV_Utility_Avg,All,0,,GW,,,
BY,P_PV_Utility_Inf,All,0,,GW,,,
BY,P_PV_Utility_Opt,All,0,,GW,,,
BY,P_Wind_Offshore_Deep,All,0,,GW,,,
BY,P_Wind_Offshore_Shallow,All,0,,GW,,,
BY,P_Wind_Offshore_Transitional,All,0,,GW,,,
BY,P_Wind_Onshore_Avg,All,0,,GW,,,
BY,P_Wind_Onshore_Inf,All,0,,GW,,,
BY,P_Wind_Onshore_Opt,All,0,,GW,,,
BG,A_Rooftop_Commercial,All,67.29945944,,GW,,,
BG,A_Rooftop_Residential,All,72.5041328,,GW,,,
BG,D_PHS,All,0,,GW,,,
BG,P_CSP,All,13.13,,GW,,,
BG,P_Hydro_Reservoir,2018,1.81,,GW,same as ResidualCapacity,21.01.2025,Nikita Moskalenko <nim@wip.tu-berlin.de>
BG,P_Hydro_Reservoir,2020,1.81,,GW,same as ResidualCapacity,21.01.2025,Nikita Moskalenko <nim@wip.tu-berlin.de>
BG,P_Hydro_Reservoir,2025,1.81,,GW,same as ResidualCapacity,21.01.2025,Nikita Moskalenko <nim@wip.tu-berlin.de>
BG,P_Hydro_Reservoir,2030,1.81,,GW,same as ResidualCapacity,21.01.2025,Nikita Moskalenko <nim@wip.tu-berlin.de>
BG,P_Hydro_Reservoir,2035,1.81,,GW,same as ResidualCapacity,21.01.2025,Nikita Moskalenko <nim@wip.tu-berlin.de>
BG,P_Hydro_Reservoir,2040,1.81,,GW,same as ResidualCapacity,21.01.2025,Nikita Moskalenko <nim@wip.tu-berlin.de>
BG,P_Hydro_Reservoir,2045,1.81,,GW,same as ResidualCapacity,21.01.2025,Nikita Moskalenko <nim@wip.tu-berlin.de>
BG,P_Hydro_Reservoir,2050,1.81,,GW,same as ResidualCapacity,21.01.2025,Nikita Moskalenko <nim@wip.tu-berlin.de>
BG,P_Hydro_Reservoir,2055,1.81,,GW,same as 2050 for now,29.01.2025,Nikita Moskalenko <nim@wip.tu-berlin.de>
BG,P_Hydro_Reservoir,2060,1.81,,GW,same as 2050 for now,29.01.2025,Nikita Moskalenko <nim@wip.tu-berlin.de>
BG,P_Hydro_RoR,2018,0.5421,,GW,same as ResidualCapacity,21.01.2025,Nikita Moskalenko <nim@wip.tu-berlin.de>
BG,P_Hydro_RoR,2020,0.5421,,GW,same as ResidualCapacity,21.01.2025,Nikita Moskalenko <nim@wip.tu-berlin.de>
BG,P_Hydro_RoR,2025,0.5421,,GW,same as ResidualCapacity,21.01.2025,Nikita Moskalenko <nim@wip.tu-berlin.de>
BG,P_Hydro_RoR,2030,0.5421,,GW,same as ResidualCapacity,21.01.2025,Nikita Moskalenko <nim@wip.tu-berlin.de>
BG,P_Hydro_RoR,2035,0.5421,,GW,same as ResidualCapacity,21.01.2025,Nikita Moskalenko <nim@wip.tu-berlin.de>
BG,P_Hydro_RoR,2040,0.5421,,GW,same as ResidualCapacity,21.01.2025,Nikita Moskalenko <nim@wip.tu-berlin.de>
BG,P_Hydro_RoR,2045,0.5421,,GW,same as ResidualCapacity,21.01.2025,Nikita Moskalenko <nim@wip.tu-berlin.de>
BG,P_Hydro_RoR,2050,0.5421,,GW,same as ResidualCapacity,21.01.2025,Nikita Moskalenko <nim@wip.tu-berlin.de>
BG,P_Hydro_RoR,2055,0.5421,,GW,same as 2050 for now,29.01.2025,Nikita Moskalenko <nim@wip.tu-berlin.de>
BG,P_Hydro_RoR,2060,0.5421,,GW,same as 2050 for now,29.01.2025,Nikita Moskalenko <nim@wip.tu-berlin.de>
BG,P_Wind_Offshore_Deep,All,5.026666667,,GW,,,
BG,P_Wind_Offshore_Shallow,All,5.026666667,,GW,,,
BG,P_Wind_Offshore_Transitional,All,5.026666667,,GW,,,
BG,P_Wind_Onshore_Avg,All,29.68333333,,GW,,,
BG,P_Wind_Onshore_Inf,All,29.68333333,,GW,,,
BG,P_Wind_Onshore_Opt,All,29.68333333,,GW,,,
BE,A_Rooftop_Commercial,All,36.3688998,,GW,,,
BE,A_Rooftop_Residential,All,39.18152631,,GW,,,
BE,D_PHS,All,0.625,,GW,,,
BE,P_CSP,All,3.51,,GW,,,
BE,P_Hydro_Reservoir,2018,0,,GW,same as ResidualCapacity,21.01.2025,Nikita Moskalenko <nim@wip.tu-berlin.de>
BE,P_Hydro_Reservoir,2020,0,,GW,same as ResidualCapacity,21.01.2025,Nikita Moskalenko <nim@wip.tu-berlin.de>
BE,P_Hydro_Reservoir,2025,0,,GW,same as ResidualCapacity,21.01.2025,Nikita Moskalenko <nim@wip.tu-berlin.de>
BE,P_Hydro_Reservoir,2030,0,,GW,same as ResidualCapacity,21.01.2025,Nikita Moskalenko <nim@wip.tu-berlin.de>
BE,P_Hydro_Reservoir,2035,0,,GW,same as ResidualCapacity,21.01.2025,Nikita Moskalenko <nim@wip.tu-berlin.de>
BE,P_Hydro_Reservoir,2040,0,,GW,same as ResidualCapacity,21.01.2025,Nikita Moskalenko <nim@wip.tu-berlin.de>
BE,P_Hydro_Reservoir,2045,0,,GW,same as ResidualCapacity,21.01.2025,Nikita Moskalenko <nim@wip.tu-berlin.de>
BE,P_Hydro_Reservoir,2050,0,,GW,same as ResidualCapacity,21.01.2025,Nikita Moskalenko <nim@wip.tu-berlin.de>
BE,P_Hydro_Reservoir,2055,0,,GW,same as 2050 for now,29.01.2025,Nikita Moskalenko <nim@wip.tu-berlin.de>
BE,P_Hydro_Reservoir,2060,0,,GW,same as 2050 for now,29.01.2025,Nikita Moskalenko <nim@wip.tu-berlin.de>
BE,P_Hydro_RoR,2018,0.1861,,GW,same as ResidualCapacity,21.01.2025,Nikita Moskalenko <nim@wip.tu-berlin.de>
BE,P_Hydro_RoR,2020,0.1861,,GW,same as ResidualCapacity,21.01.2025,Nikita Moskalenko <nim@wip.tu-berlin.de>
BE,P_Hydro_RoR,2025,0.1861,,GW,same as ResidualCapacity,21.01.2025,Nikita Moskalenko <nim@wip.tu-berlin.de>
BE,P_Hydro_RoR,2030,0.1861,,GW,same as ResidualCapacity,21.01.2025,Nikita Moskalenko <nim@wip.tu-berlin.de>
BE,P_Hydro_RoR,2035,0.1861,,GW,same as ResidualCapacity,21.01.2025,Nikita Moskalenko <nim@wip.tu-berlin.de>
BE,P_Hydro_RoR,2040,0.1861,,GW,same as ResidualCapacity,21.01.2025,Nikita Moskalenko <nim@wip.tu-berlin.de>
BE,P_Hydro_RoR,2045,0.1861,,GW,same as ResidualCapacity,21.01.2025,Nikita Moskalenko <nim@wip.tu-berlin.de>
BE,P_Hydro_RoR,2050,0.1861,,GW,same as ResidualCapacity,21.01.2025,Nikita Moskalenko <nim@wip.tu-berlin.de>
BE,P_Hydro_RoR,2055,0.1861,,GW,same as 2050 for now,29.01.2025,Nikita Moskalenko <nim@wip.tu-berlin.de>
BE,P_Hydro_RoR,2060,0.1861,,GW,same as 2050 for now,29.01.2025,Nikita Moskalenko <nim@wip.tu-berlin.de>
BE,P_Wind_Offshore_Deep,All,3.943333333,,GW,,,
BE,P_Wind_Offshore_Shallow,All,3.943333333,,GW,,,
BE,P_Wind_Offshore_Transitional,All,3.943333333,,GW,,,
BE,P_Wind_Onshore_Avg,All,7.67,,GW,,,
BE,P_Wind_Onshore_Inf,All,7.67,,GW,,,
BE,P_Wind_Onshore_Opt,All,7.67,,GW,,,
BA,A_Rooftop_Commercial,All,21.28009358,,GW,,,
BA,A_Rooftop_Residential,All,22.92581164,,GW,,,
BA,D_PHS,All,0,,GW,,,
BA,P_CSP,All,3.732857143,,GW,,,
BA,P_PV_Utility_Avg,All,5.425993149,,GW,,,
BA,P_PV_Utility_Inf,All,5.425993149,,GW,,,
BA,P_PV_Utility_Opt,All,5.425993149,,GW,,,
BA,P_Wind_Offshore_Deep,All,0.343581406,,GW,,,
BA,P_Wind_Offshore_Shallow,All,0.343581406,,GW,,,
BA,P_Wind_Offshore_Transitional,All,0.343581406,,GW,,,
BA,P_Wind_Onshore_Avg,All,8.732153849,,GW,,,
BA,P_Wind_Onshore_Inf,All,8.732153849,,GW,,,
BA,P_Wind_Onshore_Opt,All,8.732153849,,GW,,,
AT,A_Rooftop_Commercial,All,49.62485393,,GW,,,
AT,A_Rooftop_Residential,All,53.46264338,,GW,,,
AT,D_PHS,All,13.25,,GW,,,
AT,P_CSP,All,8.19,,GW,,,
AT,P_Hydro_Reservoir,2018,2.985,,GW,same as ResidualCapacity,21.01.2025,Nikita Moskalenko <nim@wip.tu-berlin.de>
AT,P_Hydro_Reservoir,2020,2.436,,GW,same as ResidualCapacity,21.01.2025,Nikita Moskalenko <nim@wip.tu-berlin.de>
AT,P_Hydro_Reservoir,2025,2.519,,GW,same as ResidualCapacity,21.01.2025,Nikita Moskalenko <nim@wip.tu-berlin.de>
AT,P_Hydro_Reservoir,2030,2.519,,GW,same as ResidualCapacity,21.01.2025,Nikita Moskalenko <nim@wip.tu-berlin.de>
AT,P_Hydro_Reservoir,2035,2.519,,GW,same as ResidualCapacity,21.01.2025,Nikita Moskalenko <nim@wip.tu-berlin.de>
AT,P_Hydro_Reservoir,2040,2.519,,GW,same as ResidualCapacity,21.01.2025,Nikita Moskalenko <nim@wip.tu-berlin.de>
AT,P_Hydro_Reservoir,2045,2.519,,GW,same as ResidualCapacity,21.01.2025,Nikita Moskalenko <nim@wip.tu-berlin.de>
AT,P_Hydro_Reservoir,2050,2.519,,GW,same as ResidualCapacity,21.01.2025,Nikita Moskalenko <nim@wip.tu-berlin.de>
AT,P_Hydro_Reservoir,2055,2.519,,GW,same as 2050 for now,29.01.2025,Nikita Moskalenko <nim@wip.tu-berlin.de>
AT,P_Hydro_Reservoir,2060,2.519,,GW,same as 2050 for now,29.01.2025,Nikita Moskalenko <nim@wip.tu-berlin.de>
AT,P_Hydro_RoR,2018,5.8171,,GW,same as ResidualCapacity,21.01.2025,Nikita Moskalenko <nim@wip.tu-berlin.de>
AT,P_Hydro_RoR,2020,5.8171,,GW,same as ResidualCapacity,21.01.2025,Nikita Moskalenko <nim@wip.tu-berlin.de>
AT,P_Hydro_RoR,2025,5.8171,,GW,same as ResidualCapacity,21.01.2025,Nikita Moskalenko <nim@wip.tu-berlin.de>
AT,P_Hydro_RoR,2030,5.8171,,GW,same as ResidualCapacity,21.01.2025,Nikita Moskalenko <nim@wip.tu-berlin.de>
AT,P_Hydro_RoR,2035,5.8171,,GW,same as ResidualCapacity,21.01.2025,Nikita Moskalenko <nim@wip.tu-berlin.de>
AT,P_Hydro_RoR,2040,5.8171,,GW,same as ResidualCapacity,21.01.2025,Nikita Moskalenko <nim@wip.tu-berlin.de>
AT,P_Hydro_RoR,2045,5.8171,,GW,same as ResidualCapacity,21.01.2025,Nikita Moskalenko <nim@wip.tu-berlin.de>
AT,P_Hydro_RoR,2050,5.8171,,GW,same as ResidualCapacity,21.01.2025,Nikita Moskalenko <nim@wip.tu-berlin.de>
AT,P_Hydro_RoR,2055,5.8171,,GW,same as 2050 for now,29.01.2025,Nikita Moskalenko <nim@wip.tu-berlin.de>
AT,P_Hydro_RoR,2060,5.8171,,GW,same as 2050 for now,29.01.2025,Nikita Moskalenko <nim@wip.tu-berlin.de>
AT,P_Wind_Offshore_Deep,All,0,,GW,,,
AT,P_Wind_Offshore_Shallow,All,0,,GW,,,
AT,P_Wind_Offshore_Transitional,All,0,,GW,,,
AT,P_Wind_Onshore_Avg,All,19.84666667,,GW,,,
AT,P_Wind_Onshore_Inf,All,19.84666667,,GW,,,
AT,P_Wind_Onshore_Opt,All,19.84666667,,GW,,,
AL,A_Rooftop_Commercial,All,13.21199195,,GW,,,
AL,A_Rooftop_Residential,All,14.23375502,,GW,,,
AL,D_PHS,All,1.375,,GW,,,
AL,P_CSP,All,0,,GW,,,
AL,P_Hydro_RoR,2018,1.492,,GW,same as ResidualCapacity,21.01.2025,Nikita Moskalenko <nim@wip.tu-berlin.de>
AL,P_Hydro_RoR,2025,1.492,,GW,same as ResidualCapacity,21.01.2025,Nikita Moskalenko <nim@wip.tu-berlin.de>
AL,P_Hydro_RoR,2030,1.492,,GW,same as ResidualCapacity,21.01.2025,Nikita Moskalenko <nim@wip.tu-berlin.de>
AL,P_Hydro_RoR,2035,1.492,,GW,same as ResidualCapacity,21.01.2025,Nikita Moskalenko <nim@wip.tu-berlin.de>
AL,P_Hydro_RoR,2040,1.492,,GW,same as ResidualCapacity,21.01.2025,Nikita Moskalenko <nim@wip.tu-berlin.de>
AL,P_Hydro_RoR,2045,1.492,,GW,same as ResidualCapacity,21.01.2025,Nikita Moskalenko <nim@wip.tu-berlin.de>
AL,P_Hydro_RoR,2050,1.492,,GW,same as ResidualCapacity,21.01.2025,Nikita Moskalenko <nim@wip.tu-berlin.de>
AL,P_Hydro_RoR,2055,1.492,,GW,same as 2050 for now,29.01.2025,Nikita Moskalenko <nim@wip.tu-berlin.de>
AL,P_Hydro_RoR,2060,1.492,,GW,same as 2050 for now,29.01.2025,Nikita Moskalenko <nim@wip.tu-berlin.de>
AL,P_PV_Utility_Avg,All,3.368790533,,GW,,,
AL,P_PV_Utility_Inf,All,3.368790533,,GW,,,
AL,P_PV_Utility_Opt,All,3.368790533,,GW,,,
AL,P_Wind_Offshore_Deep,All,0.213316485,,GW,,,
AL,P_Wind_Offshore_Shallow,All,0.213316485,,GW,,,
AL,P_Wind_Offshore_Transitional,All,0.213316485,,GW,,,
AL,P_Wind_Onshore_Avg,All,5.421458599,,GW,,,
AL,P_Wind_Onshore_Inf,All,5.421458599,,GW,,,
AL,P_Wind_Onshore_Opt,All,5.421458599,,GW,,,
World,R_Waste,All,999999,,GW,"no source needed, unlimited",20.06.2025,Nikita Moskalenko <nim@wip.tu-berlin.de>
NO,CHP_WasteToEnergy,All,0.1144,,GW,endogenous from model run to fit actual production,20.06.2025,Nikita Moskalenko <nim@wip.tu-berlin.de>
AT,CHP_WasteToEnergy,All,5.7451,,GW,endogenous from model run to fit actual production,25.07.2025,Nikita Moskalenko <nim@wip.tu-berlin.de>
DE,CHP_WasteToEnergy,All,57.8452,,GW,endogenous from model run to fit actual production,25.07.2025,Nikita Moskalenko <nim@wip.tu-berlin.de>
DK,CHP_WasteToEnergy,All,12.8652,,GW,endogenous from model run to fit actual production,25.07.2025,Nikita Moskalenko <nim@wip.tu-berlin.de>
HU,CHP_WasteToEnergy,All,2.6067,,GW,endogenous from model run to fit actual production,25.07.2025,Nikita Moskalenko <nim@wip.tu-berlin.de>
IT,CHP_WasteToEnergy,All,5.8174,,GW,endogenous from model run to fit actual production,25.07.2025,Nikita Moskalenko <nim@wip.tu-berlin.de>
NL,CHP_WasteToEnergy,All,2.3305,,GW,endogenous from model run to fit actual production,25.07.2025,Nikita Moskalenko <nim@wip.tu-berlin.de>
PL,CHP_WasteToEnergy,All,0.6498,,GW,endogenous from model run to fit actual production,25.07.2025,Nikita Moskalenko <nim@wip.tu-berlin.de>
RO,CHP_WasteToEnergy,All,0.5444,,GW,endogenous from model run to fit actual production,25.07.2025,Nikita Moskalenko <nim@wip.tu-berlin.de>
SE,CHP_WasteToEnergy,All,46.2039,,GW,endogenous from model run to fit actual production,25.07.2025,Nikita Moskalenko <nim@wip.tu-berlin.de>
AT,P_PV_Utility_Avg,All,10.5638,,GW,,,
AT,P_PV_Utility_Inf,All,10.5638,,GW,,,
AT,P_PV_Utility_Opt,All,10.5638,,GW,,,
AT,P_PV_Utility_Tracking,All,7.4338,,GW,,,
BE,P_PV_Utility_Avg,All,10.2403,,GW,,,
BE,P_PV_Utility_Inf,All,10.2403,,GW,,,
BE,P_PV_Utility_Opt,All,10.2403,,GW,,,
BE,P_PV_Utility_Tracking,All,7.2061,,GW,,,
BG,P_PV_Utility_Avg,All,5.9204,,GW,,,
BG,P_PV_Utility_Inf,All,5.9204,,GW,,,
BG,P_PV_Utility_Opt,All,5.9204,,GW,,,
BG,P_PV_Utility_Tracking,All,4.1662,,GW,,,
CH,P_PV_Utility_Avg,All,6.5637,,GW,,,
CH,P_PV_Utility_Inf,All,6.5637,,GW,,,
CH,P_PV_Utility_Opt,All,6.5637,,GW,,,
CH,P_PV_Utility_Tracking,All,4.6189,,GW,,,
CZ,P_PV_Utility_Avg,All,13.3312,,GW,,,
CZ,P_PV_Utility_Inf,All,13.3312,,GW,,,
CZ,P_PV_Utility_Opt,All,13.3312,,GW,,,
CZ,P_PV_Utility_Tracking,All,9.3812,,GW,,,
DE,P_PV_Utility_Avg,All,69.5572,,GW,,,
DE,P_PV_Utility_Inf,All,69.5572,,GW,,,
DE,P_PV_Utility_Opt,All,69.5572,,GW,,,
DE,P_PV_Utility_Tracking,All,48.9477,,GW,,,
DK,P_PV_Utility_Avg,All,6.1162,,GW,,,
DK,P_PV_Utility_Inf,All,6.1162,,GW,,,
DK,P_PV_Utility_Opt,All,6.1162,,GW,,,
DK,P_PV_Utility_Tracking,All,4.304,,GW,,,
EE,P_PV_Utility_Avg,All,0.9079,,GW,,,
EE,P_PV_Utility_Inf,All,0.9079,,GW,,,
EE,P_PV_Utility_Opt,All,0.9079,,GW,,,
EE,P_PV_Utility_Tracking,All,0.6389,,GW,,,
ES,P_PV_Utility_Avg,All,85.293,,GW,,,
ES,P_PV_Utility_Inf,All,85.293,,GW,,,
ES,P_PV_Utility_Opt,All,85.293,,GW,,,
ES,P_PV_Utility_Tracking,All,60.021,,GW,,,
FI,P_PV_Utility_Avg,All,9.1304,,GW,,,
FI,P_PV_Utility_Inf,All,9.1304,,GW,,,
FI,P_PV_Utility_Opt,All,9.1304,,GW,,,
FI,P_PV_Utility_Tracking,All,6.4251,,GW,,,
FR,P_PV_Utility_Avg,All,80.1615,,GW,,,
FR,P_PV_Utility_Inf,All,80.1615,,GW,,,
FR,P_PV_Utility_Opt,All,80.1615,,GW,,,
FR,P_PV_Utility_Tracking,All,56.4099,,GW,,,
GR,P_PV_Utility_Avg,All,29.484,,GW,,,
GR,P_PV_Utility_Inf,All,29.484,,GW,,,
GR,P_PV_Utility_Opt,All,29.484,,GW,,,
GR,P_PV_Utility_Tracking,All,20.748,,GW,,,
HR,P_PV_Utility_Avg,All,4.09,,GW,,,
HR,P_PV_Utility_Inf,All,4.09,,GW,,,
HR,P_PV_Utility_Opt,All,4.09,,GW,,,
HR,P_PV_Utility_Tracking,All,2.8781,,GW,,,
HU,P_PV_Utility_Avg,All,8.1881,,GW,,,
HU,P_PV_Utility_Inf,All,8.1881,,GW,,,
HU,P_PV_Utility_Opt,All,8.1881,,GW,,,
HU,P_PV_Utility_Tracking,All,5.762,,GW,,,
IE,P_PV_Utility_Avg,All,5.7146,,GW,,,
IE,P_PV_Utility_Inf,All,5.7146,,GW,,,
IE,P_PV_Utility_Opt,All,5.7146,,GW,,,
IE,P_PV_Utility_Tracking,All,4.0214,,GW,,,
IT,P_PV_Utility_Avg,All,52.0181,,GW,,,
IT,P_PV_Utility_Inf,All,52.0181,,GW,,,
IT,P_PV_Utility_Opt,All,52.0181,,GW,,,
IT,P_PV_Utility_Tracking,All,36.6053,,GW,,,
LT,P_PV_Utility_Avg,All,12.636,,GW,,,
LT,P_PV_Utility_Inf,All,12.636,,GW,,,
LT,P_PV_Utility_Opt,All,12.636,,GW,,,
LT,P_PV_Utility_Tracking,All,8.892,,GW,,,
LU,P_PV_Utility_Avg,All,0.7523,,GW,,,
LU,P_PV_Utility_Inf,All,0.7523,,GW,,,
LU,P_PV_Utility_Opt,All,0.7523,,GW,,,
LU,P_PV_Utility_Tracking,All,0.5294,,GW,,,
LV,P_PV_Utility_Avg,All,10.53,,GW,,,
LV,P_PV_Utility_Inf,All,10.53,,GW,,,
LV,P_PV_Utility_Opt,All,10.53,,GW,,,
LV,P_PV_Utility_Tracking,All,7.41,,GW,,,
NL,P_PV_Utility_Avg,All,12.6781,,GW,,,
NL,P_PV_Utility_Inf,All,12.6781,,GW,,,
NL,P_PV_Utility_Opt,All,12.6781,,GW,,,
NL,P_PV_Utility_Tracking,All,8.9217,,GW,,,
NO,P_PV_Utility_Avg,All,4.212,,GW,,,
NO,P_PV_Utility_Inf,All,4.212,,GW,,,
NO,P_PV_Utility_Opt,All,4.212,,GW,,,
NO,P_PV_Utility_Tracking,All,2.964,,GW,,,
NONEU_Balkan,P_PV_Utility_Avg,All,30.7431,,GW,,,
NONEU_Balkan,P_PV_Utility_Inf,All,30.7431,,GW,,,
NONEU_Balkan,P_PV_Utility_Opt,All,30.7431,,GW,,,
NONEU_Balkan,P_PV_Utility_Tracking,All,21.634,,GW,,,
PL,P_PV_Utility_Avg,All,54.756,,GW,,,
PL,P_PV_Utility_Inf,All,54.756,,GW,,,
PL,P_PV_Utility_Opt,All,54.756,,GW,,,
PL,P_PV_Utility_Tracking,All,38.532,,GW,,,
PT,P_PV_Utility_Avg,All,8.8238,,GW,,,
PT,P_PV_Utility_Inf,All,8.8238,,GW,,,
PT,P_PV_Utility_Opt,All,8.8238,,GW,,,
PT,P_PV_Utility_Tracking,All,6.2093,,GW,,,
RO,P_PV_Utility_Avg,All,46.332,,GW,,,
RO,P_PV_Utility_Inf,All,46.332,,GW,,,
RO,P_PV_Utility_Opt,All,46.332,,GW,,,
RO,P_PV_Utility_Tracking,All,32.604,,GW,,,
SE,P_PV_Utility_Avg,All,15.0659,,GW,,,
SE,P_PV_Utility_Inf,All,15.0659,,GW,,,
SE,P_PV_Utility_Opt,All,15.0659,,GW,,,
SE,P_PV_Utility_Tracking,All,10.602,,GW,,,
SI,P_PV_Utility_Avg,All,1.9843,,GW,,,
SI,P_PV_Utility_Inf,All,1.9843,,GW,,,
SI,P_PV_Utility_Opt,All,1.9843,,GW,,,
SI,P_PV_Utility_Tracking,All,1.3964,,GW,,,
SK,P_PV_Utility_Avg,All,6.1771,,GW,,,
SK,P_PV_Utility_Inf,All,6.1771,,GW,,,
SK,P_PV_Utility_Opt,All,6.1771,,GW,,,
SK,P_PV_Utility_Tracking,All,4.3469,,GW,,,
TR,P_PV_Utility_Avg,All,116.0538,,GW,,,
TR,P_PV_Utility_Inf,All,116.0538,,GW,,,
TR,P_PV_Utility_Opt,All,116.0538,,GW,,,
UK,P_PV_Utility_Avg,All,53.7201,,GW,,,
UK,P_PV_Utility_Inf,All,53.7201,,GW,,,
UK,P_PV_Utility_Opt,All,53.7201,,GW,,,
UK,P_PV_Utility_Tracking,All,37.8031,,GW,,,
GR,P_Hydro_Reservoir,2025,2.464,,GW,partner feedback E3M (Greek NECPs),23.04.2026,Nikita Moskalenko <nim@wip.tu-berlin.de>
GR,P_Hydro_RoR,2025,0.336,,GW,partner feedback E3M (Greek NECPs),23.04.2026,Nikita Moskalenko <nim@wip.tu-berlin.de>
GR,P_Hydro_Reservoir,2030,2.728,,GW,partner feedback E3M (Greek NECPs),23.04.2026,Nikita Moskalenko <nim@wip.tu-berlin.de>
GR,P_Hydro_RoR,2030,0.372,,GW,partner feedback E3M (Greek NECPs),23.04.2026,Nikita Moskalenko <nim@wip.tu-berlin.de>
GR,P_Hydro_Reservoir,2035,3.168,,GW,partner feedback E3M (Greek NECPs),23.04.2026,Nikita Moskalenko <nim@wip.tu-berlin.de>
GR,P_Hydro_RoR,2035,0.432,,GW,partner feedback E3M (Greek NECPs),23.04.2026,Nikita Moskalenko <nim@wip.tu-berlin.de>
GR,P_Hydro_Reservoir,2040,3.344,,GW,partner feedback E3M (Greek NECPs),23.04.2026,Nikita Moskalenko <nim@wip.tu-berlin.de>
GR,P_Hydro_RoR,2040,0.456,,GW,partner feedback E3M (Greek NECPs),23.04.2026,Nikita Moskalenko <nim@wip.tu-berlin.de>
GR,P_Hydro_Reservoir,2045,3.696,,GW,partner feedback E3M (Greek NECPs),23.04.2026,Nikita Moskalenko <nim@wip.tu-berlin.de>
GR,P_Hydro_RoR,2045,0.504,,GW,partner feedback E3M (Greek NECPs),23.04.2026,Nikita Moskalenko <nim@wip.tu-berlin.de>
GR,P_Hydro_Reservoir,2050,3.96,,GW,partner feedback E3M (Greek NECPs),23.04.2026,Nikita Moskalenko <nim@wip.tu-berlin.de>
GR,P_Hydro_RoR,2050,0.54,,GW,partner feedback E3M (Greek NECPs),23.04.2026,Nikita Moskalenko <nim@wip.tu-berlin.de>
GR,P_Hydro_Reservoir,2055,3.96,,GW,partner feedback E3M (Greek NECPs),23.04.2026,Nikita Moskalenko <nim@wip.tu-berlin.de>
GR,P_Hydro_RoR,2055,0.54,,GW,partner feedback E3M (Greek NECPs),23.04.2026,Nikita Moskalenko <nim@wip.tu-berlin.de>
GR,P_Hydro_Reservoir,2060,3.96,,GW,partner feedback E3M (Greek NECPs),23.04.2026,Nikita Moskalenko <nim@wip.tu-berlin.de>
GR,P_Hydro_RoR,2060,0.54,,GW,partner feedback E3M (Greek NECPs),23.04.2026,Nikita Moskalenko <nim@wip.tu-berlin.de>
California,A_Rooftop_Commercial,All,340.5760523,,GW,dummy data - empty entry,,
California,A_Rooftop_Residential,All,366.9148539,,GW,dummy data - empty entry,,
California,D_PHS,All,9.4491,,GW,dummy data - empty entry,,
California,P_CSP,All,43.42,,GW,dummy data - empty entry,,
California,P_Hydro_Reservoir,2018,1.44,,GW,dummy data - empty entry,21.01.2025,Nikita Moskalenko <nim@wip.tu-berlin.de>
California,P_Hydro_Reservoir,2020,1.44,,GW,dummy data - empty entry,21.01.2025,Nikita Moskalenko <nim@wip.tu-berlin.de>
California,P_Hydro_Reservoir,2025,1.44,,GW,dummy data - empty entry,21.01.2025,Nikita Moskalenko <nim@wip.tu-berlin.de>
California,P_Hydro_Reservoir,2030,1.44,,GW,dummy data - empty entry,21.01.2025,Nikita Moskalenko <nim@wip.tu-berlin.de>
California,P_Hydro_Reservoir,2035,1.44,,GW,dummy data - empty entry,21.01.2025,Nikita Moskalenko <nim@wip.tu-berlin.de>
California,P_Hydro_Reservoir,2040,1.44,,GW,dummy data - empty entry,21.01.2025,Nikita Moskalenko <nim@wip.tu-berlin.de>
California,P_Hydro_Reservoir,2045,1.44,,GW,dummy data - empty entry,21.01.2025,Nikita Moskalenko <nim@wip.tu-berlin.de>
California,P_Hydro_Reservoir,2050,1.44,,GW,dummy data - empty entry,21.01.2025,Nikita Moskalenko <nim@wip.tu-berlin.de>
California,P_Hydro_Reservoir,2055,1.44,,GW,dummy data - empty entry,29.01.2025,Nikita Moskalenko <nim@wip.tu-berlin.de>
California,P_Hydro_Reservoir,2060,1.44,,GW,dummy data - empty entry,29.01.2025,Nikita Moskalenko <nim@wip.tu-berlin.de>
California,P_Hydro_RoR,2018,3.86,,GW,dummy data - empty entry,21.01.2025,Nikita Moskalenko <nim@wip.tu-berlin.de>
California,P_Hydro_RoR,2020,3.86,,GW,dummy data - empty entry,21.01.2025,Nikita Moskalenko <nim@wip.tu-berlin.de>
California,P_Hydro_RoR,2025,3.86,,GW,dummy data - empty entry,21.01.2025,Nikita Moskalenko <nim@wip.tu-berlin.de>
California,P_Hydro_RoR,2030,3.86,,GW,dummy data - empty entry,21.01.2025,Nikita Moskalenko <nim@wip.tu-berlin.de>
California,P_Hydro_RoR,2035,3.86,,GW,dummy data - empty entry,21.01.2025,Nikita Moskalenko <nim@wip.tu-berlin.de>
California,P_Hydro_RoR,2040,3.86,,GW,dummy data - empty entry,21.01.2025,Nikita Moskalenko <nim@wip.tu-berlin.de>
California,P_Hydro_RoR,2045,3.86,,GW,dummy data - empty entry,21.01.2025,Nikita Moskalenko <nim@wip.tu-berlin.de>
California,P_Hydro_RoR,2050,3.86,,GW,dummy data - empty entry,21.01.2025,Nikita Moskalenko <nim@wip.tu-berlin.de>
California,P_Hydro_RoR,2055,3.86,,GW,dummy data - empty entry,29.01.2025,Nikita Moskalenko <nim@wip.tu-berlin.de>
California,P_Hydro_RoR,2060,3.86,,GW,dummy data - empty entry,29.01.2025,Nikita Moskalenko <nim@wip.tu-berlin.de>
California,P_Wind_Offshore_Deep,All,36.22666667,,GW,dummy data - empty entry,,
California,P_Wind_Offshore_Shallow,All,36.22666667,,GW,dummy data - empty entry,,
California,P_Wind_Offshore_Transitional,All,36.22666667,,GW,dummy data - empty entry,,
California,P_Wind_Onshore_Avg,All,96.46,,GW,dummy data - empty entry,,
California,P_Wind_Onshore_Inf,All,96.46,,GW,dummy data - empty entry,,
California,P_Wind_Onshore_Opt,All,96.46,,GW,dummy data - empty entry,,
California,CHP_WasteToEnergy,All,57.8452,,GW,dummy data - empty entry,25.07.2025,Nikita Moskalenko <nim@wip.tu-berlin.de>
California,P_PV_Utility_Avg,All,69.5572,,GW,dummy data - empty entry,,
California,P_PV_Utility_Inf,All,69.5572,,GW,dummy data - empty entry,,
California,P_PV_Utility_Opt,All,69.5572,,GW,dummy data - empty entry,,
California,P_PV_Utility_Tracking,All,48.9477,,GW,dummy data - empty entry,,
WECC,A_Rooftop_Commercial,All,427.9293911,,GW,dummy data - empty entry,,
WECC,A_Rooftop_Residential,All,461.0237535,,GW,dummy data - empty entry,,
WECC,D_PHS,All,7.25,,GW,dummy data - empty entry,,
WECC,P_CSP,All,75.79,,GW,dummy data - empty entry,,
WECC,P_Hydro_Reservoir,2018,8.7871,,GW,dummy data - empty entry,21.01.2025,Nikita Moskalenko <nim@wip.tu-berlin.de>
WECC,P_Hydro_Reservoir,2020,8.7871,,GW,dummy data - empty entry,21.01.2025,Nikita Moskalenko <nim@wip.tu-berlin.de>
WECC,P_Hydro_Reservoir,2025,8.7871,,GW,dummy data - empty entry,21.01.2025,Nikita Moskalenko <nim@wip.tu-berlin.de>
WECC,P_Hydro_Reservoir,2030,8.7871,,GW,dummy data - empty entry,21.01.2025,Nikita Moskalenko <nim@wip.tu-berlin.de>
WECC,P_Hydro_Reservoir,2035,8.7871,,GW,dummy data - empty entry,21.01.2025,Nikita Moskalenko <nim@wip.tu-berlin.de>
WECC,P_Hydro_Reservoir,2040,8.7871,,GW,dummy data - empty entry,21.01.2025,Nikita Moskalenko <nim@wip.tu-berlin.de>
WECC,P_Hydro_Reservoir,2045,8.7871,,GW,dummy data - empty entry,21.01.2025,Nikita Moskalenko <nim@wip.tu-berlin.de>
WECC,P_Hydro_Reservoir,2050,8.7871,,GW,dummy data - empty entry,21.01.2025,Nikita Moskalenko <nim@wip.tu-berlin.de>
WECC,P_Hydro_Reservoir,2055,8.7871,,GW,dummy data - empty entry,29.01.2025,Nikita Moskalenko <nim@wip.tu-berlin.de>
WECC,P_Hydro_Reservoir,2060,8.7871,,GW,dummy data - empty entry,29.01.2025,Nikita Moskalenko <nim@wip.tu-berlin.de>
WECC,P_Hydro_RoR,2018,11.5981,,GW,dummy data - empty entry,21.01.2025,Nikita Moskalenko <nim@wip.tu-berlin.de>
WECC,P_Hydro_RoR,2020,11.5981,,GW,dummy data - empty entry,21.01.2025,Nikita Moskalenko <nim@wip.tu-berlin.de>
WECC,P_Hydro_RoR,2025,11.5981,,GW,dummy data - empty entry,21.01.2025,Nikita Moskalenko <nim@wip.tu-berlin.de>
WECC,P_Hydro_RoR,2030,11.5981,,GW,dummy data - empty entry,21.01.2025,Nikita Moskalenko <nim@wip.tu-berlin.de>
WECC,P_Hydro_RoR,2035,11.5981,,GW,dummy data - empty entry,21.01.2025,Nikita Moskalenko <nim@wip.tu-berlin.de>
WECC,P_Hydro_RoR,2040,11.5981,,GW,dummy data - empty entry,21.01.2025,Nikita Moskalenko <nim@wip.tu-berlin.de>
WECC,P_Hydro_RoR,2045,11.5981,,GW,dummy data - empty entry,21.01.2025,Nikita Moskalenko <nim@wip.tu-berlin.de>
WECC,P_Hydro_RoR,2050,11.5981,,GW,dummy data - empty entry,21.01.2025,Nikita Moskalenko <nim@wip.tu-berlin.de>
WECC,P_Hydro_RoR,2055,11.5981,,GW,dummy data - empty entry,29.01.2025,Nikita Moskalenko <nim@wip.tu-berlin.de>
WECC,P_Hydro_RoR,2060,11.5981,,GW,dummy data - empty entry,29.01.2025,Nikita Moskalenko <nim@wip.tu-berlin.de>
WECC,P_Wind_Offshore_Deep,All,57.93666667,,GW,dummy data - empty entry,,
WECC,P_Wind_Offshore_Shallow,All,57.93666667,,GW,dummy data - empty entry,,
WECC,P_Wind_Offshore_Transitional,All,57.93666667,,GW,dummy data - empty entry,,
WECC,P_Wind_Onshore_Avg,All,165.4033333,,GW,dummy data - empty entry,,
WECC,P_Wind_Onshore_Inf,All,165.4033333,,GW,dummy data - empty entry,,
WECC,P_Wind_Onshore_Opt,All,165.4033333,,GW,dummy data - empty entry,,
WECC,P_PV_Utility_Avg,All,80.1615,,GW,dummy data - empty entry,,
WECC,P_PV_Utility_Inf,All,80.1615,,GW,dummy data - empty entry,,
WECC,P_PV_Utility_Opt,All,80.1615,,GW,dummy data - empty entry,,
WECC,P_PV_Utility_Tracking,All,56.4099,,GW,dummy data - empty entry,,
SPP,A_Rooftop_Commercial,All,54.04350531,,GW,dummy data - empty entry,,
SPP,A_Rooftop_Residential,All,58.22301573,,GW,dummy data - empty entry,,
SPP,D_PHS,All,0,,GW,dummy data - empty entry,,
SPP,P_CSP,All,4.94,,GW,dummy data - empty entry,,
SPP,P_Hydro_Reservoir,2018,0,,GW,dummy data - empty entry,21.01.2025,Nikita Moskalenko <nim@wip.tu-berlin.de>
SPP,P_Hydro_Reservoir,2020,0,,GW,dummy data - empty entry,21.01.2025,Nikita Moskalenko <nim@wip.tu-berlin.de>
SPP,P_Hydro_Reservoir,2025,0,,GW,dummy data - empty entry,21.01.2025,Nikita Moskalenko <nim@wip.tu-berlin.de>
SPP,P_Hydro_Reservoir,2030,0,,GW,dummy data - empty entry,21.01.2025,Nikita Moskalenko <nim@wip.tu-berlin.de>
SPP,P_Hydro_Reservoir,2035,0,,GW,dummy data - empty entry,21.01.2025,Nikita Moskalenko <nim@wip.tu-berlin.de>
SPP,P_Hydro_Reservoir,2040,0,,GW,dummy data - empty entry,21.01.2025,Nikita Moskalenko <nim@wip.tu-berlin.de>
SPP,P_Hydro_Reservoir,2045,0,,GW,dummy data - empty entry,21.01.2025,Nikita Moskalenko <nim@wip.tu-berlin.de>
SPP,P_Hydro_Reservoir,2050,0,,GW,dummy data - empty entry,21.01.2025,Nikita Moskalenko <nim@wip.tu-berlin.de>
SPP,P_Hydro_Reservoir,2055,0,,GW,dummy data - empty entry,29.01.2025,Nikita Moskalenko <nim@wip.tu-berlin.de>
SPP,P_Hydro_Reservoir,2060,0,,GW,dummy data - empty entry,29.01.2025,Nikita Moskalenko <nim@wip.tu-berlin.de>
SPP,P_Hydro_RoR,2018,0.038,,GW,dummy data - empty entry,21.01.2025,Nikita Moskalenko <nim@wip.tu-berlin.de>
SPP,P_Hydro_RoR,2020,0.038,,GW,dummy data - empty entry,21.01.2025,Nikita Moskalenko <nim@wip.tu-berlin.de>
SPP,P_Hydro_RoR,2025,0.038,,GW,dummy data - empty entry,21.01.2025,Nikita Moskalenko <nim@wip.tu-berlin.de>
SPP,P_Hydro_RoR,2030,0.038,,GW,dummy data - empty entry,21.01.2025,Nikita Moskalenko <nim@wip.tu-berlin.de>
SPP,P_Hydro_RoR,2035,0.038,,GW,dummy data - empty entry,21.01.2025,Nikita Moskalenko <nim@wip.tu-berlin.de>
SPP,P_Hydro_RoR,2040,0.038,,GW,dummy data - empty entry,21.01.2025,Nikita Moskalenko <nim@wip.tu-berlin.de>
SPP,P_Hydro_RoR,2045,0.038,,GW,dummy data - empty entry,21.01.2025,Nikita Moskalenko <nim@wip.tu-berlin.de>
SPP,P_Hydro_RoR,2050,0.038,,GW,dummy data - empty entry,21.01.2025,Nikita Moskalenko <nim@wip.tu-berlin.de>
SPP,P_Hydro_RoR,2055,0.038,,GW,dummy data - empty entry,29.01.2025,Nikita Moskalenko <nim@wip.tu-berlin.de>
SPP,P_Hydro_RoR,2060,0.038,,GW,dummy data - empty entry,29.01.2025,Nikita Moskalenko <nim@wip.tu-berlin.de>
SPP,P_Wind_Offshore_Deep,All,24.74333333,,GW,dummy data - empty entry,,
SPP,P_Wind_Offshore_Shallow,All,24.74333333,,GW,dummy data - empty entry,,
SPP,P_Wind_Offshore_Transitional,All,24.74333333,,GW,dummy data - empty entry,,
SPP,P_Wind_Onshore_Avg,All,10.22666667,,GW,dummy data - empty entry,,
SPP,P_Wind_Onshore_Inf,All,10.22666667,,GW,dummy data - empty entry,,
SPP,P_Wind_Onshore_Opt,All,10.22666667,,GW,dummy data - empty entry,,
SPP,CHP_WasteToEnergy,All,2.3305,,GW,dummy data - empty entry,25.07.2025,Nikita Moskalenko <nim@wip.tu-berlin.de>
SPP,P_PV_Utility_Avg,All,12.6781,,GW,dummy data - empty entry,,
SPP,P_PV_Utility_Inf,All,12.6781,,GW,dummy data - empty entry,,
SPP,P_PV_Utility_Opt,All,12.6781,,GW,dummy data - empty entry,,
SPP,P_PV_Utility_Tracking,All,8.9217,,GW,dummy data - empty entry,,
MISO,A_Rooftop_Commercial,All,36.3688998,,GW,dummy data - empty entry,,
MISO,A_Rooftop_Residential,All,39.18152631,,GW,dummy data - empty entry,,
MISO,D_PHS,All,0.625,,GW,dummy data - empty entry,,
MISO,P_CSP,All,3.51,,GW,dummy data - empty entry,,
MISO,P_Hydro_Reservoir,2018,0,,GW,dummy data - empty entry,21.01.2025,Nikita Moskalenko <nim@wip.tu-berlin.de>
MISO,P_Hydro_Reservoir,2020,0,,GW,dummy data - empty entry,21.01.2025,Nikita Moskalenko <nim@wip.tu-berlin.de>
MISO,P_Hydro_Reservoir,2025,0,,GW,dummy data - empty entry,21.01.2025,Nikita Moskalenko <nim@wip.tu-berlin.de>
MISO,P_Hydro_Reservoir,2030,0,,GW,dummy data - empty entry,21.01.2025,Nikita Moskalenko <nim@wip.tu-berlin.de>
MISO,P_Hydro_Reservoir,2035,0,,GW,dummy data - empty entry,21.01.2025,Nikita Moskalenko <nim@wip.tu-berlin.de>
MISO,P_Hydro_Reservoir,2040,0,,GW,dummy data - empty entry,21.01.2025,Nikita Moskalenko <nim@wip.tu-berlin.de>
MISO,P_Hydro_Reservoir,2045,0,,GW,dummy data - empty entry,21.01.2025,Nikita Moskalenko <nim@wip.tu-berlin.de>
MISO,P_Hydro_Reservoir,2050,0,,GW,dummy data - empty entry,21.01.2025,Nikita Moskalenko <nim@wip.tu-berlin.de>
MISO,P_Hydro_Reservoir,2055,0,,GW,dummy data - empty entry,29.01.2025,Nikita Moskalenko <nim@wip.tu-berlin.de>
MISO,P_Hydro_Reservoir,2060,0,,GW,dummy data - empty entry,29.01.2025,Nikita Moskalenko <nim@wip.tu-berlin.de>
MISO,P_Hydro_RoR,2018,0.1861,,GW,dummy data - empty entry,21.01.2025,Nikita Moskalenko <nim@wip.tu-berlin.de>
MISO,P_Hydro_RoR,2020,0.1861,,GW,dummy data - empty entry,21.01.2025,Nikita Moskalenko <nim@wip.tu-berlin.de>
MISO,P_Hydro_RoR,2025,0.1861,,GW,dummy data - empty entry,21.01.2025,Nikita Moskalenko <nim@wip.tu-berlin.de>
MISO,P_Hydro_RoR,2030,0.1861,,GW,dummy data - empty entry,21.01.2025,Nikita Moskalenko <nim@wip.tu-berlin.de>
MISO,P_Hydro_RoR,2035,0.1861,,GW,dummy data - empty entry,21.01.2025,Nikita Moskalenko <nim@wip.tu-berlin.de>
MISO,P_Hydro_RoR,2040,0.1861,,GW,dummy data - empty entry,21.01.2025,Nikita Moskalenko <nim@wip.tu-berlin.de>
MISO,P_Hydro_RoR,2045,0.1861,,GW,dummy data - empty entry,21.01.2025,Nikita Moskalenko <nim@wip.tu-berlin.de>
MISO,P_Hydro_RoR,2050,0.1861,,GW,dummy data - empty entry,21.01.2025,Nikita Moskalenko <nim@wip.tu-berlin.de>
MISO,P_Hydro_RoR,2055,0.1861,,GW,dummy data - empty entry,29.01.2025,Nikita Moskalenko <nim@wip.tu-berlin.de>
MISO,P_Hydro_RoR,2060,0.1861,,GW,dummy data - empty entry,29.01.2025,Nikita Moskalenko <nim@wip.tu-berlin.de>
MISO,P_Wind_Offshore_Deep,All,3.943333333,,GW,dummy data - empty entry,,
MISO,P_Wind_Offshore_Shallow,All,3.943333333,,GW,dummy data - empty entry,,
MISO,P_Wind_Offshore_Transitional,All,3.943333333,,GW,dummy data - empty entry,,
MISO,P_Wind_Onshore_Avg,All,7.67,,GW,dummy data - empty entry,,
MISO,P_Wind_Onshore_Inf,All,7.67,,GW,dummy data - empty entry,,
MISO,P_Wind_Onshore_Opt,All,7.67,,GW,dummy data - empty entry,,
MISO,P_PV_Utility_Avg,All,10.2403,,GW,dummy data - empty entry,,
MISO,P_PV_Utility_Inf,All,10.2403,,GW,dummy data - empty entry,,
MISO,P_PV_Utility_Opt,All,10.2403,,GW,dummy data - empty entry,,
MISO,P_PV_Utility_Tracking,All,7.2061,,GW,dummy data - empty entry,,
ERCOT,A_Rooftop_Commercial,All,49.62485393,,GW,dummy data - empty entry,,
ERCOT,A_Rooftop_Residential,All,53.46264338,,GW,dummy data - empty entry,,
ERCOT,D_PHS,All,13.25,,GW,dummy data - empty entry,,
ERCOT,P_CSP,All,8.19,,GW,dummy data - empty entry,,
ERCOT,P_Hydro_Reservoir,2018,2.985,,GW,dummy data - empty entry,21.01.2025,Nikita Moskalenko <nim@wip.tu-berlin.de>
ERCOT,P_Hydro_Reservoir,2020,2.436,,GW,dummy data - empty entry,21.01.2025,Nikita Moskalenko <nim@wip.tu-berlin.de>
ERCOT,P_Hydro_Reservoir,2025,2.519,,GW,dummy data - empty entry,21.01.2025,Nikita Moskalenko <nim@wip.tu-berlin.de>
ERCOT,P_Hydro_Reservoir,2030,2.519,,GW,dummy data - empty entry,21.01.2025,Nikita Moskalenko <nim@wip.tu-berlin.de>
ERCOT,P_Hydro_Reservoir,2035,2.519,,GW,dummy data - empty entry,21.01.2025,Nikita Moskalenko <nim@wip.tu-berlin.de>
ERCOT,P_Hydro_Reservoir,2040,2.519,,GW,dummy data - empty entry,21.01.2025,Nikita Moskalenko <nim@wip.tu-berlin.de>
ERCOT,P_Hydro_Reservoir,2045,2.519,,GW,dummy data - empty entry,21.01.2025,Nikita Moskalenko <nim@wip.tu-berlin.de>
ERCOT,P_Hydro_Reservoir,2050,2.519,,GW,dummy data - empty entry,21.01.2025,Nikita Moskalenko <nim@wip.tu-berlin.de>
ERCOT,P_Hydro_Reservoir,2055,2.519,,GW,dummy data - empty entry,29.01.2025,Nikita Moskalenko <nim@wip.tu-berlin.de>
ERCOT,P_Hydro_Reservoir,2060,2.519,,GW,dummy data - empty entry,29.01.2025,Nikita Moskalenko <nim@wip.tu-berlin.de>
ERCOT,P_Hydro_RoR,2018,5.8171,,GW,dummy data - empty entry,21.01.2025,Nikita Moskalenko <nim@wip.tu-berlin.de>
ERCOT,P_Hydro_RoR,2020,5.8171,,GW,dummy data - empty entry,21.01.2025,Nikita Moskalenko <nim@wip.tu-berlin.de>
ERCOT,P_Hydro_RoR,2025,5.8171,,GW,dummy data - empty entry,21.01.2025,Nikita Moskalenko <nim@wip.tu-berlin.de>
ERCOT,P_Hydro_RoR,2030,5.8171,,GW,dummy data - empty entry,21.01.2025,Nikita Moskalenko <nim@wip.tu-berlin.de>
ERCOT,P_Hydro_RoR,2035,5.8171,,GW,dummy data - empty entry,21.01.2025,Nikita Moskalenko <nim@wip.tu-berlin.de>
ERCOT,P_Hydro_RoR,2040,5.8171,,GW,dummy data - empty entry,21.01.2025,Nikita Moskalenko <nim@wip.tu-berlin.de>
ERCOT,P_Hydro_RoR,2045,5.8171,,GW,dummy data - empty entry,21.01.2025,Nikita Moskalenko <nim@wip.tu-berlin.de>
ERCOT,P_Hydro_RoR,2050,5.8171,,GW,dummy data - empty entry,21.01.2025,Nikita Moskalenko <nim@wip.tu-berlin.de>
ERCOT,P_Hydro_RoR,2055,5.8171,,GW,dummy data - empty entry,29.01.2025,Nikita Moskalenko <nim@wip.tu-berlin.de>
ERCOT,P_Hydro_RoR,2060,5.8171,,GW,dummy data - empty entry,29.01.2025,Nikita Moskalenko <nim@wip.tu-berlin.de>
ERCOT,P_Wind_Offshore_Deep,All,0,,GW,dummy data - empty entry,,
ERCOT,P_Wind_Offshore_Shallow,All,0,,GW,dummy data - empty entry,,
ERCOT,P_Wind_Offshore_Transitional,All,0,,GW,dummy data - empty entry,,
ERCOT,P_Wind_Onshore_Avg,All,19.84666667,,GW,dummy data - empty entry,,
ERCOT,P_Wind_Onshore_Inf,All,19.84666667,,GW,dummy data - empty entry,,
ERCOT,P_Wind_Onshore_Opt,All,19.84666667,,GW,dummy data - empty entry,,
ERCOT,CHP_WasteToEnergy,All,5.7451,,GW,dummy data - empty entry,25.07.2025,Nikita Moskalenko <nim@wip.tu-berlin.de>
ERCOT,P_PV_Utility_Avg,All,10.5638,,GW,dummy data - empty entry,,
ERCOT,P_PV_Utility_Inf,All,10.5638,,GW,dummy data - empty entry,,
ERCOT,P_PV_Utility_Opt,All,10.5638,,GW,dummy data - empty entry,,
ERCOT,P_PV_Utility_Tracking,All,7.4338,,GW,dummy data - empty entry,,
SERC,A_Rooftop_Commercial,All,65.09013375,,GW,dummy data - empty entry,,
SERC,A_Rooftop_Residential,All,70.12394662,,GW,dummy data - empty entry,,
SERC,D_PHS,All,0.625,,GW,dummy data - empty entry,,
SERC,P_CSP,All,11.05,,GW,dummy data - empty entry,,
SERC,P_Hydro_Reservoir,2018,0.7661,,GW,dummy data - empty entry,21.01.2025,Nikita Moskalenko <nim@wip.tu-berlin.de>
SERC,P_Hydro_Reservoir,2020,0.7661,,GW,dummy data - empty entry,21.01.2025,Nikita Moskalenko <nim@wip.tu-berlin.de>
SERC,P_Hydro_Reservoir,2025,0.7661,,GW,dummy data - empty entry,21.01.2025,Nikita Moskalenko <nim@wip.tu-berlin.de>
SERC,P_Hydro_Reservoir,2030,0.7661,,GW,dummy data - empty entry,21.01.2025,Nikita Moskalenko <nim@wip.tu-berlin.de>
SERC,P_Hydro_Reservoir,2035,0.7661,,GW,dummy data - empty entry,21.01.2025,Nikita Moskalenko <nim@wip.tu-berlin.de>
SERC,P_Hydro_Reservoir,2040,0.7661,,GW,dummy data - empty entry,21.01.2025,Nikita Moskalenko <nim@wip.tu-berlin.de>
SERC,P_Hydro_Reservoir,2045,0.7661,,GW,dummy data - empty entry,21.01.2025,Nikita Moskalenko <nim@wip.tu-berlin.de>
SERC,P_Hydro_Reservoir,2050,0.7661,,GW,dummy data - empty entry,21.01.2025,Nikita Moskalenko <nim@wip.tu-berlin.de>
SERC,P_Hydro_Reservoir,2055,0.7661,,GW,dummy data - empty entry,29.01.2025,Nikita Moskalenko <nim@wip.tu-berlin.de>
SERC,P_Hydro_Reservoir,2060,0.7661,,GW,dummy data - empty entry,29.01.2025,Nikita Moskalenko <nim@wip.tu-berlin.de>
SERC,P_Hydro_RoR,2018,0.341,,GW,dummy data - empty entry,21.01.2025,Nikita Moskalenko <nim@wip.tu-berlin.de>
SERC,P_Hydro_RoR,2020,0.341,,GW,dummy data - empty entry,21.01.2025,Nikita Moskalenko <nim@wip.tu-berlin.de>
SERC,P_Hydro_RoR,2025,0.341,,GW,dummy data - empty entry,21.01.2025,Nikita Moskalenko <nim@wip.tu-berlin.de>
SERC,P_Hydro_RoR,2030,0.341,,GW,dummy data - empty entry,21.01.2025,Nikita Moskalenko <nim@wip.tu-berlin.de>
SERC,P_Hydro_RoR,2035,0.341,,GW,dummy data - empty entry,21.01.2025,Nikita Moskalenko <nim@wip.tu-berlin.de>
SERC,P_Hydro_RoR,2040,0.341,,GW,dummy data - empty entry,21.01.2025,Nikita Moskalenko <nim@wip.tu-berlin.de>
SERC,P_Hydro_RoR,2045,0.341,,GW,dummy data - empty entry,21.01.2025,Nikita Moskalenko <nim@wip.tu-berlin.de>
SERC,P_Hydro_RoR,2050,0.341,,GW,dummy data - empty entry,21.01.2025,Nikita Moskalenko <nim@wip.tu-berlin.de>
SERC,P_Hydro_RoR,2055,0.341,,GW,dummy data - empty entry,29.01.2025,Nikita Moskalenko <nim@wip.tu-berlin.de>
SERC,P_Hydro_RoR,2060,0.341,,GW,dummy data - empty entry,29.01.2025,Nikita Moskalenko <nim@wip.tu-berlin.de>
SERC,P_Wind_Offshore_Deep,All,0,,GW,dummy data - empty entry,,
SERC,P_Wind_Offshore_Shallow,All,0,,GW,dummy data - empty entry,,
SERC,P_Wind_Offshore_Transitional,All,0,,GW,dummy data - empty entry,,
SERC,P_Wind_Onshore_Avg,All,24.31,,GW,dummy data - empty entry,,
SERC,P_Wind_Onshore_Inf,All,24.31,,GW,dummy data - empty entry,,
SERC,P_Wind_Onshore_Opt,All,24.31,,GW,dummy data - empty entry,,
SERC,P_PV_Utility_Avg,All,13.3312,,GW,dummy data - empty entry,,
SERC,P_PV_Utility_Inf,All,13.3312,,GW,dummy data - empty entry,,
SERC,P_PV_Utility_Opt,All,13.3312,,GW,dummy data - empty entry,,
SERC,P_PV_Utility_Tracking,All,9.3812,,GW,dummy data - empty entry,,
PJM,A_Rooftop_Commercial,All,31.78030029,,GW,dummy data - empty entry,,
PJM,A_Rooftop_Residential,All,34.23806271,,GW,dummy data - empty entry,,
PJM,D_PHS,All,6.6971,,GW,dummy data - empty entry,,
PJM,P_CSP,All,3.9,,GW,dummy data - empty entry,,
PJM,P_Hydro_Reservoir,2018,5.7721,,GW,dummy data - empty entry,21.01.2025,Nikita Moskalenko <nim@wip.tu-berlin.de>
PJM,P_Hydro_Reservoir,2020,5.7721,,GW,dummy data - empty entry,21.01.2025,Nikita Moskalenko <nim@wip.tu-berlin.de>
PJM,P_Hydro_Reservoir,2025,5.7721,,GW,dummy data - empty entry,21.01.2025,Nikita Moskalenko <nim@wip.tu-berlin.de>
PJM,P_Hydro_Reservoir,2030,5.7721,,GW,dummy data - empty entry,21.01.2025,Nikita Moskalenko <nim@wip.tu-berlin.de>
PJM,P_Hydro_Reservoir,2035,5.7721,,GW,dummy data - empty entry,21.01.2025,Nikita Moskalenko <nim@wip.tu-berlin.de>
PJM,P_Hydro_Reservoir,2040,5.7721,,GW,dummy data - empty entry,21.01.2025,Nikita Moskalenko <nim@wip.tu-berlin.de>
PJM,P_Hydro_Reservoir,2045,5.7721,,GW,dummy data - empty entry,21.01.2025,Nikita Moskalenko <nim@wip.tu-berlin.de>
PJM,P_Hydro_Reservoir,2050,5.7721,,GW,dummy data - empty entry,21.01.2025,Nikita Moskalenko <nim@wip.tu-berlin.de>
PJM,P_Hydro_Reservoir,2055,5.7721,,GW,dummy data - empty entry,29.01.2025,Nikita Moskalenko <nim@wip.tu-berlin.de>
PJM,P_Hydro_Reservoir,2060,5.7721,,GW,dummy data - empty entry,29.01.2025,Nikita Moskalenko <nim@wip.tu-berlin.de>
PJM,P_Hydro_RoR,2018,0.6351,,GW,dummy data - empty entry,21.01.2025,Nikita Moskalenko <nim@wip.tu-berlin.de>
PJM,P_Hydro_RoR,2020,0.6351,,GW,dummy data - empty entry,21.01.2025,Nikita Moskalenko <nim@wip.tu-berlin.de>
PJM,P_Hydro_RoR,2025,0.6351,,GW,dummy data - empty entry,21.01.2025,Nikita Moskalenko <nim@wip.tu-berlin.de>
PJM,P_Hydro_RoR,2030,0.6351,,GW,dummy data - empty entry,21.01.2025,Nikita Moskalenko <nim@wip.tu-berlin.de>
PJM,P_Hydro_RoR,2035,0.6351,,GW,dummy data - empty entry,21.01.2025,Nikita Moskalenko <nim@wip.tu-berlin.de>
PJM,P_Hydro_RoR,2040,0.6351,,GW,dummy data - empty entry,21.01.2025,Nikita Moskalenko <nim@wip.tu-berlin.de>
PJM,P_Hydro_RoR,2045,0.6351,,GW,dummy data - empty entry,21.01.2025,Nikita Moskalenko <nim@wip.tu-berlin.de>
PJM,P_Hydro_RoR,2050,0.6351,,GW,dummy data - empty entry,21.01.2025,Nikita Moskalenko <nim@wip.tu-berlin.de>
PJM,P_Hydro_RoR,2055,0.6351,,GW,dummy data - empty entry,29.01.2025,Nikita Moskalenko <nim@wip.tu-berlin.de>
PJM,P_Hydro_RoR,2060,0.6351,,GW,dummy data - empty entry,29.01.2025,Nikita Moskalenko <nim@wip.tu-berlin.de>
PJM,P_Wind_Offshore_Deep,All,0,,GW,dummy data - empty entry,,
PJM,P_Wind_Offshore_Shallow,All,0,,GW,dummy data - empty entry,,
PJM,P_Wind_Offshore_Transitional,All,0,,GW,dummy data - empty entry,,
PJM,P_Wind_Onshore_Avg,All,9.013333333,,GW,dummy data - empty entry,,
PJM,P_Wind_Onshore_Inf,All,9.013333333,,GW,dummy data - empty entry,,
PJM,P_Wind_Onshore_Opt,All,9.013333333,,GW,dummy data - empty entry,,
PJM,P_PV_Utility_Avg,All,6.5637,,GW,dummy data - empty entry,,
PJM,P_PV_Utility_Inf,All,6.5637,,GW,dummy data - empty entry,,
PJM,P_PV_Utility_Opt,All,6.5637,,GW,dummy data - empty entry,,
PJM,P_PV_Utility_Tracking,All,4.6189,,GW,dummy data - empty entry,,
NewYork,A_Rooftop_Commercial,All,228.4102866,,GW,dummy data - empty entry,,
NewYork,A_Rooftop_Residential,All,246.0746325,,GW,dummy data - empty entry,,
NewYork,D_PHS,All,0,,GW,dummy data - empty entry,,
NewYork,P_CSP,All,37.96,,GW,dummy data - empty entry,,
NewYork,P_Hydro_Reservoir,2018,2.391,,GW,dummy data - empty entry,21.01.2025,Nikita Moskalenko <nim@wip.tu-berlin.de>
NewYork,P_Hydro_Reservoir,2020,2.391,,GW,dummy data - empty entry,21.01.2025,Nikita Moskalenko <nim@wip.tu-berlin.de>
NewYork,P_Hydro_Reservoir,2025,2.391,,GW,dummy data - empty entry,21.01.2025,Nikita Moskalenko <nim@wip.tu-berlin.de>
NewYork,P_Hydro_Reservoir,2030,2.391,,GW,dummy data - empty entry,21.01.2025,Nikita Moskalenko <nim@wip.tu-berlin.de>
NewYork,P_Hydro_Reservoir,2035,2.391,,GW,dummy data - empty entry,21.01.2025,Nikita Moskalenko <nim@wip.tu-berlin.de>
NewYork,P_Hydro_Reservoir,2040,2.391,,GW,dummy data - empty entry,21.01.2025,Nikita Moskalenko <nim@wip.tu-berlin.de>
NewYork,P_Hydro_Reservoir,2045,2.391,,GW,dummy data - empty entry,21.01.2025,Nikita Moskalenko <nim@wip.tu-berlin.de>
NewYork,P_Hydro_Reservoir,2050,2.391,,GW,dummy data - empty entry,21.01.2025,Nikita Moskalenko <nim@wip.tu-berlin.de>
NewYork,P_Hydro_Reservoir,2055,2.391,,GW,dummy data - empty entry,29.01.2025,Nikita Moskalenko <nim@wip.tu-berlin.de>
NewYork,P_Hydro_Reservoir,2060,2.391,,GW,dummy data - empty entry,29.01.2025,Nikita Moskalenko <nim@wip.tu-berlin.de>
NewYork,P_Hydro_RoR,2018,0.455,,GW,dummy data - empty entry,21.01.2025,Nikita Moskalenko <nim@wip.tu-berlin.de>
NewYork,P_Hydro_RoR,2020,0.455,,GW,dummy data - empty entry,21.01.2025,Nikita Moskalenko <nim@wip.tu-berlin.de>
NewYork,P_Hydro_RoR,2025,0.455,,GW,dummy data - empty entry,21.01.2025,Nikita Moskalenko <nim@wip.tu-berlin.de>
NewYork,P_Hydro_RoR,2030,0.455,,GW,dummy data - empty entry,21.01.2025,Nikita Moskalenko <nim@wip.tu-berlin.de>
NewYork,P_Hydro_RoR,2035,0.455,,GW,dummy data - empty entry,21.01.2025,Nikita Moskalenko <nim@wip.tu-berlin.de>
NewYork,P_Hydro_RoR,2040,0.455,,GW,dummy data - empty entry,21.01.2025,Nikita Moskalenko <nim@wip.tu-berlin.de>
NewYork,P_Hydro_RoR,2045,0.455,,GW,dummy data - empty entry,21.01.2025,Nikita Moskalenko <nim@wip.tu-berlin.de>
NewYork,P_Hydro_RoR,2050,0.455,,GW,dummy data - empty entry,21.01.2025,Nikita Moskalenko <nim@wip.tu-berlin.de>
NewYork,P_Hydro_RoR,2055,0.455,,GW,dummy data - empty entry,29.01.2025,Nikita Moskalenko <nim@wip.tu-berlin.de>
NewYork,P_Hydro_RoR,2060,0.455,,GW,dummy data - empty entry,29.01.2025,Nikita Moskalenko <nim@wip.tu-berlin.de>
NewYork,P_Wind_Offshore_Deep,All,17.63666667,,GW,dummy data - empty entry,,
NewYork,P_Wind_Offshore_Shallow,All,17.63666667,,GW,dummy data - empty entry,,
NewYork,P_Wind_Offshore_Transitional,All,17.63666667,,GW,dummy data - empty entry,,
NewYork,P_Wind_Onshore_Avg,All,84.02333333,,GW,dummy data - empty entry,,
NewYork,P_Wind_Onshore_Inf,All,84.02333333,,GW,dummy data - empty entry,,
NewYork,P_Wind_Onshore_Opt,All,84.02333333,,GW,dummy data - empty entry,,
NewYork,CHP_WasteToEnergy,All,0.6498,,GW,dummy data - empty entry,25.07.2025,Nikita Moskalenko <nim@wip.tu-berlin.de>
NewYork,P_PV_Utility_Avg,All,54.756,,GW,dummy data - empty entry,,
NewYork,P_PV_Utility_Inf,All,54.756,,GW,dummy data - empty entry,,
NewYork,P_PV_Utility_Opt,All,54.756,,GW,dummy data - empty entry,,
NewYork,P_PV_Utility_Tracking,All,38.532,,GW,dummy data - empty entry,,
NewEngland,A_Rooftop_Commercial,All,271.7470597,,GW,dummy data - empty entry,,
NewEngland,A_Rooftop_Residential,All,292.7628999,,GW,dummy data - empty entry,,
NewEngland,D_PHS,All,28,,GW,dummy data - empty entry,,
NewEngland,P_CSP,All,37.18,,GW,dummy data - empty entry,,
NewEngland,P_Hydro_Reservoir,2018,4.733,,GW,dummy data - empty entry,21.01.2025,Nikita Moskalenko <nim@wip.tu-berlin.de>
NewEngland,P_Hydro_Reservoir,2020,4.733,,GW,dummy data - empty entry,21.01.2025,Nikita Moskalenko <nim@wip.tu-berlin.de>
NewEngland,P_Hydro_Reservoir,2025,4.733,,GW,dummy data - empty entry,21.01.2025,Nikita Moskalenko <nim@wip.tu-berlin.de>
NewEngland,P_Hydro_Reservoir,2030,4.733,,GW,dummy data - empty entry,21.01.2025,Nikita Moskalenko <nim@wip.tu-berlin.de>
NewEngland,P_Hydro_Reservoir,2035,4.733,,GW,dummy data - empty entry,21.01.2025,Nikita Moskalenko <nim@wip.tu-berlin.de>
NewEngland,P_Hydro_Reservoir,2040,4.733,,GW,dummy data - empty entry,21.01.2025,Nikita Moskalenko <nim@wip.tu-berlin.de>
NewEngland,P_Hydro_Reservoir,2045,4.733,,GW,dummy data - empty entry,21.01.2025,Nikita Moskalenko <nim@wip.tu-berlin.de>
NewEngland,P_Hydro_Reservoir,2050,4.733,,GW,dummy data - empty entry,21.01.2025,Nikita Moskalenko <nim@wip.tu-berlin.de>
NewEngland,P_Hydro_Reservoir,2055,4.733,,GW,dummy data - empty entry,29.01.2025,Nikita Moskalenko <nim@wip.tu-berlin.de>
NewEngland,P_Hydro_Reservoir,2060,4.733,,GW,dummy data - empty entry,29.01.2025,Nikita Moskalenko <nim@wip.tu-berlin.de>
NewEngland,P_Hydro_RoR,2018,10.826,,GW,dummy data - empty entry,21.01.2025,Nikita Moskalenko <nim@wip.tu-berlin.de>
NewEngland,P_Hydro_RoR,2020,10.826,,GW,dummy data - empty entry,21.01.2025,Nikita Moskalenko <nim@wip.tu-berlin.de>
NewEngland,P_Hydro_RoR,2025,10.826,,GW,dummy data - empty entry,21.01.2025,Nikita Moskalenko <nim@wip.tu-berlin.de>
NewEngland,P_Hydro_RoR,2030,10.826,,GW,dummy data - empty entry,21.01.2025,Nikita Moskalenko <nim@wip.tu-berlin.de>
NewEngland,P_Hydro_RoR,2035,10.826,,GW,dummy data - empty entry,21.01.2025,Nikita Moskalenko <nim@wip.tu-berlin.de>
NewEngland,P_Hydro_RoR,2040,10.826,,GW,dummy data - empty entry,21.01.2025,Nikita Moskalenko <nim@wip.tu-berlin.de>
NewEngland,P_Hydro_RoR,2045,10.826,,GW,dummy data - empty entry,21.01.2025,Nikita Moskalenko <nim@wip.tu-berlin.de>
NewEngland,P_Hydro_RoR,2050,10.826,,GW,dummy data - empty entry,21.01.2025,Nikita Moskalenko <nim@wip.tu-berlin.de>
NewEngland,P_Hydro_RoR,2055,10.826,,GW,dummy data - empty entry,29.01.2025,Nikita Moskalenko <nim@wip.tu-berlin.de>
NewEngland,P_Hydro_RoR,2060,10.826,,GW,dummy data - empty entry,29.01.2025,Nikita Moskalenko <nim@wip.tu-berlin.de>
NewEngland,P_Wind_Offshore_Deep,All,33.67,,GW,dummy data - empty entry,,
NewEngland,P_Wind_Offshore_Shallow,All,33.67,,GW,dummy data - empty entry,,
NewEngland,P_Wind_Offshore_Transitional,All,33.67,,GW,dummy data - empty entry,,
NewEngland,P_Wind_Onshore_Avg,All,82.42,,GW,dummy data - empty entry,,
NewEngland,P_Wind_Onshore_Inf,All,82.42,,GW,dummy data - empty entry,,
NewEngland,P_Wind_Onshore_Opt,All,82.42,,GW,dummy data - empty entry,,
NewEngland,CHP_WasteToEnergy,All,5.8174,,GW,dummy data - empty entry,25.07.2025,Nikita Moskalenko <nim@wip.tu-berlin.de>
NewEngland,P_PV_Utility_Avg,All,52.0181,,GW,dummy data - empty entry,,
NewEngland,P_PV_Utility_Inf,All,52.0181,,GW,dummy data - empty entry,,
NewEngland,P_PV_Utility_Opt,All,52.0181,,GW,dummy data - empty entry,,
NewEngland,P_PV_Utility_Tracking,All,36.6053,,GW,dummy data - empty entry,,
Canada,A_Rooftop_Commercial,All,376.6050559,,GW,dummy data - empty entry,,
Canada,A_Rooftop_Residential,All,405.7301977,,GW,dummy data - empty entry,,
Canada,D_PHS,All,37.75,,GW,dummy data - empty entry,,
Canada,P_CSP,All,71.63,,GW,dummy data - empty entry,,
Canada,P_Hydro_Reservoir,2018,19.125,,GW,dummy data - empty entry,21.01.2025,Nikita Moskalenko <nim@wip.tu-berlin.de>
Canada,P_Hydro_Reservoir,2020,19.125,,GW,dummy data - empty entry,21.01.2025,Nikita Moskalenko <nim@wip.tu-berlin.de>
Canada,P_Hydro_Reservoir,2025,13.105,,GW,dummy data - empty entry,21.01.2025,Nikita Moskalenko <nim@wip.tu-berlin.de>
Canada,P_Hydro_Reservoir,2030,13.405,,GW,dummy data - empty entry,21.01.2025,Nikita Moskalenko <nim@wip.tu-berlin.de>
Canada,P_Hydro_Reservoir,2035,13.405,,GW,dummy data - empty entry,21.01.2025,Nikita Moskalenko <nim@wip.tu-berlin.de>
Canada,P_Hydro_Reservoir,2040,13.405,,GW,dummy data - empty entry,21.01.2025,Nikita Moskalenko <nim@wip.tu-berlin.de>
Canada,P_Hydro_Reservoir,2045,13.405,,GW,dummy data - empty entry,21.01.2025,Nikita Moskalenko <nim@wip.tu-berlin.de>
Canada,P_Hydro_Reservoir,2050,13.405,,GW,dummy data - empty entry,21.01.2025,Nikita Moskalenko <nim@wip.tu-berlin.de>
Canada,P_Hydro_Reservoir,2055,13.405,,GW,dummy data - empty entry,29.01.2025,Nikita Moskalenko <nim@wip.tu-berlin.de>
Canada,P_Hydro_Reservoir,2060,13.405,,GW,dummy data - empty entry,29.01.2025,Nikita Moskalenko <nim@wip.tu-berlin.de>
Canada,P_Hydro_RoR,2018,1.156,,GW,dummy data - empty entry,21.01.2025,Nikita Moskalenko <nim@wip.tu-berlin.de>
Canada,P_Hydro_RoR,2020,1.156,,GW,dummy data - empty entry,21.01.2025,Nikita Moskalenko <nim@wip.tu-berlin.de>
Canada,P_Hydro_RoR,2025,1.156,,GW,dummy data - empty entry,21.01.2025,Nikita Moskalenko <nim@wip.tu-berlin.de>
Canada,P_Hydro_RoR,2030,1.156,,GW,dummy data - empty entry,21.01.2025,Nikita Moskalenko <nim@wip.tu-berlin.de>
Canada,P_Hydro_RoR,2035,1.156,,GW,dummy data - empty entry,21.01.2025,Nikita Moskalenko <nim@wip.tu-berlin.de>
Canada,P_Hydro_RoR,2040,1.156,,GW,dummy data - empty entry,21.01.2025,Nikita Moskalenko <nim@wip.tu-berlin.de>
Canada,P_Hydro_RoR,2045,1.156,,GW,dummy data - empty entry,21.01.2025,Nikita Moskalenko <nim@wip.tu-berlin.de>
Canada,P_Hydro_RoR,2050,1.156,,GW,dummy data - empty entry,21.01.2025,Nikita Moskalenko <nim@wip.tu-berlin.de>
Canada,P_Hydro_RoR,2055,1.156,,GW,dummy data - empty entry,29.01.2025,Nikita Moskalenko <nim@wip.tu-berlin.de>
Canada,P_Hydro_RoR,2060,1.156,,GW,dummy data - empty entry,29.01.2025,Nikita Moskalenko <nim@wip.tu-berlin.de>
Canada,P_Wind_Offshore_Deep,All,23.83333333,,GW,dummy data - empty entry,,
Canada,P_Wind_Offshore_Shallow,All,23.83333333,,GW,dummy data - empty entry,,
Canada,P_Wind_Offshore_Transitional,All,23.83333333,,GW,dummy data - empty entry,,
Canada,P_Wind_Onshore_Avg,All,158.99,,GW,dummy data - empty entry,,
Canada,P_Wind_Onshore_Inf,All,158.99,,GW,dummy data - empty entry,,
Canada,P_Wind_Onshore_Opt,All,158.99,,GW,dummy data - empty entry,,
Canada,P_PV_Utility_Avg,All,85.293,,GW,dummy data - empty entry,,
Canada,P_PV_Utility_Inf,All,85.293,,GW,dummy data - empty entry,,
Canada,P_PV_Utility_Opt,All,85.293,,GW,dummy data - empty entry,,
Canada,P_PV_Utility_Tracking,All,60.021,,GW,dummy data - empty entry,,
UK,P_Hydro_Reservoir,2026,0,,GW,interpolated,21.01.2025,Nikita Moskalenko <nim@wip.tu-berlin.de>
UK,P_Hydro_Reservoir,2027,0,,GW,interpolated,21.01.2025,Nikita Moskalenko <nim@wip.tu-berlin.de>
UK,P_Hydro_Reservoir,2028,0,,GW,interpolated,21.01.2025,Nikita Moskalenko <nim@wip.tu-berlin.de>
UK,P_Hydro_Reservoir,2029,0,,GW,interpolated,21.01.2025,Nikita Moskalenko <nim@wip.tu-berlin.de>
UK,P_Hydro_Reservoir,2031,0,,GW,interpolated,21.01.2025,Nikita Moskalenko <nim@wip.tu-berlin.de>
UK,P_Hydro_Reservoir,2032,0,,GW,interpolated,21.01.2025,Nikita Moskalenko <nim@wip.tu-berlin.de>
UK,P_Hydro_Reservoir,2033,0,,GW,interpolated,21.01.2025,Nikita Moskalenko <nim@wip.tu-berlin.de>
UK,P_Hydro_Reservoir,2034,0,,GW,interpolated,21.01.2025,Nikita Moskalenko <nim@wip.tu-berlin.de>
UK,P_Hydro_Reservoir,2036,0,,GW,interpolated,21.01.2025,Nikita Moskalenko <nim@wip.tu-berlin.de>
UK,P_Hydro_Reservoir,2037,0,,GW,interpolated,21.01.2025,Nikita Moskalenko <nim@wip.tu-berlin.de>
UK,P_Hydro_Reservoir,2038,0,,GW,interpolated,21.01.2025,Nikita Moskalenko <nim@wip.tu-berlin.de>
UK,P_Hydro_Reservoir,2039,0,,GW,interpolated,21.01.2025,Nikita Moskalenko <nim@wip.tu-berlin.de>
UK,P_Hydro_RoR,2026,1.9191,,GW,interpolated,21.01.2025,Nikita Moskalenko <nim@wip.tu-berlin.de>
UK,P_Hydro_RoR,2027,1.9191,,GW,interpolated,21.01.2025,Nikita Moskalenko <nim@wip.tu-berlin.de>
UK,P_Hydro_RoR,2028,1.9191,,GW,interpolated,21.01.2025,Nikita Moskalenko <nim@wip.tu-berlin.de>
UK,P_Hydro_RoR,2029,1.9191,,GW,interpolated,21.01.2025,Nikita Moskalenko <nim@wip.tu-berlin.de>
UK,P_Hydro_RoR,2031,1.9191,,GW,interpolated,21.01.2025,Nikita Moskalenko <nim@wip.tu-berlin.de>
UK,P_Hydro_RoR,2032,1.9191,,GW,interpolated,21.01.2025,Nikita Moskalenko <nim@wip.tu-berlin.de>
UK,P_Hydro_RoR,2033,1.9191,,GW,interpolated,21.01.2025,Nikita Moskalenko <nim@wip.tu-berlin.de>
UK,P_Hydro_RoR,2034,1.9191,,GW,interpolated,21.01.2025,Nikita Moskalenko <nim@wip.tu-berlin.de>
UK,P_Hydro_RoR,2036,1.9191,,GW,interpolated,21.01.2025,Nikita Moskalenko <nim@wip.tu-berlin.de>
UK,P_Hydro_RoR,2037,1.9191,,GW,interpolated,21.01.2025,Nikita Moskalenko <nim@wip.tu-berlin.de>
UK,P_Hydro_RoR,2038,1.9191,,GW,interpolated,21.01.2025,Nikita Moskalenko <nim@wip.tu-berlin.de>
UK,P_Hydro_RoR,2039,1.9191,,GW,interpolated,21.01.2025,Nikita Moskalenko <nim@wip.tu-berlin.de>
TR,P_Hydro_Reservoir,2026,19.1,,GW,interpolated,21.01.2025,Nikita Moskalenko <nim@wip.tu-berlin.de>
TR,P_Hydro_Reservoir,2027,19.1,,GW,interpolated,21.01.2025,Nikita Moskalenko <nim@wip.tu-berlin.de>
TR,P_Hydro_Reservoir,2028,19.1,,GW,interpolated,21.01.2025,Nikita Moskalenko <nim@wip.tu-berlin.de>
TR,P_Hydro_Reservoir,2029,19.1,,GW,interpolated,21.01.2025,Nikita Moskalenko <nim@wip.tu-berlin.de>
TR,P_Hydro_Reservoir,2031,19.1,,GW,interpolated,21.01.2025,Nikita Moskalenko <nim@wip.tu-berlin.de>
TR,P_Hydro_Reservoir,2032,19.1,,GW,interpolated,21.01.2025,Nikita Moskalenko <nim@wip.tu-berlin.de>
TR,P_Hydro_Reservoir,2033,19.1,,GW,interpolated,21.01.2025,Nikita Moskalenko <nim@wip.tu-berlin.de>
TR,P_Hydro_Reservoir,2034,19.1,,GW,interpolated,21.01.2025,Nikita Moskalenko <nim@wip.tu-berlin.de>
TR,P_Hydro_Reservoir,2036,19.1,,GW,interpolated,21.01.2025,Nikita Moskalenko <nim@wip.tu-berlin.de>
TR,P_Hydro_Reservoir,2037,19.1,,GW,interpolated,21.01.2025,Nikita Moskalenko <nim@wip.tu-berlin.de>
TR,P_Hydro_Reservoir,2038,19.1,,GW,interpolated,21.01.2025,Nikita Moskalenko <nim@wip.tu-berlin.de>
TR,P_Hydro_Reservoir,2039,19.1,,GW,interpolated,21.01.2025,Nikita Moskalenko <nim@wip.tu-berlin.de>
TR,P_Hydro_RoR,2026,6.8,,GW,interpolated,21.01.2025,Nikita Moskalenko <nim@wip.tu-berlin.de>
TR,P_Hydro_RoR,2027,6.8,,GW,interpolated,21.01.2025,Nikita Moskalenko <nim@wip.tu-berlin.de>
TR,P_Hydro_RoR,2028,6.8,,GW,interpolated,21.01.2025,Nikita Moskalenko <nim@wip.tu-berlin.de>
TR,P_Hydro_RoR,2029,6.8,,GW,interpolated,21.01.2025,Nikita Moskalenko <nim@wip.tu-berlin.de>
TR,P_Hydro_RoR,2031,6.8,,GW,interpolated,21.01.2025,Nikita Moskalenko <nim@wip.tu-berlin.de>
TR,P_Hydro_RoR,2032,6.8,,GW,interpolated,21.01.2025,Nikita Moskalenko <nim@wip.tu-berlin.de>
TR,P_Hydro_RoR,2033,6.8,,GW,interpolated,21.01.2025,Nikita Moskalenko <nim@wip.tu-berlin.de>
TR,P_Hydro_RoR,2034,6.8,,GW,interpolated,21.01.2025,Nikita Moskalenko <nim@wip.tu-berlin.de>
TR,P_Hydro_RoR,2036,6.8,,GW,interpolated,21.01.2025,Nikita Moskalenko <nim@wip.tu-berlin.de>
TR,P_Hydro_RoR,2037,6.8,,GW,interpolated,21.01.2025,Nikita Moskalenko <nim@wip.tu-berlin.de>
TR,P_Hydro_RoR,2038,6.8,,GW,interpolated,21.01.2025,Nikita Moskalenko <nim@wip.tu-berlin.de>
TR,P_Hydro_RoR,2039,6.8,,GW,interpolated,21.01.2025,Nikita Moskalenko <nim@wip.tu-berlin.de>
SK,P_Hydro_Reservoir,2026,0.418,,GW,interpolated,21.01.2025,Nikita Moskalenko <nim@wip.tu-berlin.de>
SK,P_Hydro_Reservoir,2027,0.418,,GW,interpolated,21.01.2025,Nikita Moskalenko <nim@wip.tu-berlin.de>
SK,P_Hydro_Reservoir,2028,0.418,,GW,interpolated,21.01.2025,Nikita Moskalenko <nim@wip.tu-berlin.de>
SK,P_Hydro_Reservoir,2029,0.418,,GW,interpolated,21.01.2025,Nikita Moskalenko <nim@wip.tu-berlin.de>
SK,P_Hydro_Reservoir,2031,0.418,,GW,interpolated,21.01.2025,Nikita Moskalenko <nim@wip.tu-berlin.de>
SK,P_Hydro_Reservoir,2032,0.418,,GW,interpolated,21.01.2025,Nikita Moskalenko <nim@wip.tu-berlin.de>
SK,P_Hydro_Reservoir,2033,0.418,,GW,interpolated,21.01.2025,Nikita Moskalenko <nim@wip.tu-berlin.de>
SK,P_Hydro_Reservoir,2034,0.418,,GW,interpolated,21.01.2025,Nikita Moskalenko <nim@wip.tu-berlin.de>
SK,P_Hydro_Reservoir,2036,0.418,,GW,interpolated,21.01.2025,Nikita Moskalenko <nim@wip.tu-berlin.de>
SK,P_Hydro_Reservoir,2037,0.418,,GW,interpolated,21.01.2025,Nikita Moskalenko <nim@wip.tu-berlin.de>
SK,P_Hydro_Reservoir,2038,0.418,,GW,interpolated,21.01.2025,Nikita Moskalenko <nim@wip.tu-berlin.de>
SK,P_Hydro_Reservoir,2039,0.418,,GW,interpolated,21.01.2025,Nikita Moskalenko <nim@wip.tu-berlin.de>
SK,P_Hydro_RoR,2026,1.2121,,GW,interpolated,21.01.2025,Nikita Moskalenko <nim@wip.tu-berlin.de>
SK,P_Hydro_RoR,2027,1.2121,,GW,interpolated,21.01.2025,Nikita Moskalenko <nim@wip.tu-berlin.de>
SK,P_Hydro_RoR,2028,1.2121,,GW,interpolated,21.01.2025,Nikita Moskalenko <nim@wip.tu-berlin.de>
SK,P_Hydro_RoR,2029,1.2121,,GW,interpolated,21.01.2025,Nikita Moskalenko <nim@wip.tu-berlin.de>
SK,P_Hydro_RoR,2031,1.2121,,GW,interpolated,21.01.2025,Nikita Moskalenko <nim@wip.tu-berlin.de>
SK,P_Hydro_RoR,2032,1.2121,,GW,interpolated,21.01.2025,Nikita Moskalenko <nim@wip.tu-berlin.de>
SK,P_Hydro_RoR,2033,1.2121,,GW,interpolated,21.01.2025,Nikita Moskalenko <nim@wip.tu-berlin.de>
SK,P_Hydro_RoR,2034,1.2121,,GW,interpolated,21.01.2025,Nikita Moskalenko <nim@wip.tu-berlin.de>
SK,P_Hydro_RoR,2036,1.2121,,GW,interpolated,21.01.2025,Nikita Moskalenko <nim@wip.tu-berlin.de>
SK,P_Hydro_RoR,2037,1.2121,,GW,interpolated,21.01.2025,Nikita Moskalenko <nim@wip.tu-berlin.de>
SK,P_Hydro_RoR,2038,1.2121,,GW,interpolated,21.01.2025,Nikita Moskalenko <nim@wip.tu-berlin.de>
SK,P_Hydro_RoR,2039,1.2121,,GW,interpolated,21.01.2025,Nikita Moskalenko <nim@wip.tu-berlin.de>
SI,P_Hydro_Reservoir,2026,0.18,,GW,interpolated,21.01.2025,Nikita Moskalenko <nim@wip.tu-berlin.de>
SI,P_Hydro_Reservoir,2027,0.18,,GW,interpolated,21.01.2025,Nikita Moskalenko <nim@wip.tu-berlin.de>
SI,P_Hydro_Reservoir,2028,0.18,,GW,interpolated,21.01.2025,Nikita Moskalenko <nim@wip.tu-berlin.de>
SI,P_Hydro_Reservoir,2029,0.18,,GW,interpolated,21.01.2025,Nikita Moskalenko <nim@wip.tu-berlin.de>
SI,P_Hydro_Reservoir,2031,0.18,,GW,interpolated,21.01.2025,Nikita Moskalenko <nim@wip.tu-berlin.de>
SI,P_Hydro_Reservoir,2032,0.18,,GW,interpolated,21.01.2025,Nikita Moskalenko <nim@wip.tu-berlin.de>
SI,P_Hydro_Reservoir,2033,0.18,,GW,interpolated,21.01.2025,Nikita Moskalenko <nim@wip.tu-berlin.de>
SI,P_Hydro_Reservoir,2034,0.18,,GW,interpolated,21.01.2025,Nikita Moskalenko <nim@wip.tu-berlin.de>
SI,P_Hydro_Reservoir,2036,0.18,,GW,interpolated,21.01.2025,Nikita Moskalenko <nim@wip.tu-berlin.de>
SI,P_Hydro_Reservoir,2037,0.18,,GW,interpolated,21.01.2025,Nikita Moskalenko <nim@wip.tu-berlin.de>
SI,P_Hydro_Reservoir,2038,0.18,,GW,interpolated,21.01.2025,Nikita Moskalenko <nim@wip.tu-berlin.de>
SI,P_Hydro_Reservoir,2039,0.18,,GW,interpolated,21.01.2025,Nikita Moskalenko <nim@wip.tu-berlin.de>
SI,P_Hydro_RoR,2026,1.1251,,GW,interpolated,21.01.2025,Nikita Moskalenko <nim@wip.tu-berlin.de>
SI,P_Hydro_RoR,2027,1.1251,,GW,interpolated,21.01.2025,Nikita Moskalenko <nim@wip.tu-berlin.de>
SI,P_Hydro_RoR,2028,1.1251,,GW,interpolated,21.01.2025,Nikita Moskalenko <nim@wip.tu-berlin.de>
SI,P_Hydro_RoR,2029,1.1251,,GW,interpolated,21.01.2025,Nikita Moskalenko <nim@wip.tu-berlin.de>
SI,P_Hydro_RoR,2031,1.1251,,GW,interpolated,21.01.2025,Nikita Moskalenko <nim@wip.tu-berlin.de>
SI,P_Hydro_RoR,2032,1.1251,,GW,interpolated,21.01.2025,Nikita Moskalenko <nim@wip.tu-berlin.de>
SI,P_Hydro_RoR,2033,1.1251,,GW,interpolated,21.01.2025,Nikita Moskalenko <nim@wip.tu-berlin.de>
SI,P_Hydro_RoR,2034,1.1251,,GW,interpolated,21.01.2025,Nikita Moskalenko <nim@wip.tu-berlin.de>
SI,P_Hydro_RoR,2036,1.1251,,GW,interpolated,21.01.2025,Nikita Moskalenko <nim@wip.tu-berlin.de>
SI,P_Hydro_RoR,2037,1.1251,,GW,interpolated,21.01.2025,Nikita Moskalenko <nim@wip.tu-berlin.de>
SI,P_Hydro_RoR,2038,1.1251,,GW,interpolated,21.01.2025,Nikita Moskalenko <nim@wip.tu-berlin.de>
SI,P_Hydro_RoR,2039,1.1251,,GW,interpolated,21.01.2025,Nikita Moskalenko <nim@wip.tu-berlin.de>
SE,P_Hydro_Reservoir,2026,4.98,,GW,interpolated,21.01.2025,Nikita Moskalenko <nim@wip.tu-berlin.de>
SE,P_Hydro_Reservoir,2027,4.98,,GW,interpolated,21.01.2025,Nikita Moskalenko <nim@wip.tu-berlin.de>
SE,P_Hydro_Reservoir,2028,4.98,,GW,interpolated,21.01.2025,Nikita Moskalenko <nim@wip.tu-berlin.de>
SE,P_Hydro_Reservoir,2029,4.98,,GW,interpolated,21.01.2025,Nikita Moskalenko <nim@wip.tu-berlin.de>
SE,P_Hydro_Reservoir,2031,4.98,,GW,interpolated,21.01.2025,Nikita Moskalenko <nim@wip.tu-berlin.de>
SE,P_Hydro_Reservoir,2032,4.98,,GW,interpolated,21.01.2025,Nikita Moskalenko <nim@wip.tu-berlin.de>
SE,P_Hydro_Reservoir,2033,4.98,,GW,interpolated,21.01.2025,Nikita Moskalenko <nim@wip.tu-berlin.de>
SE,P_Hydro_Reservoir,2034,4.98,,GW,interpolated,21.01.2025,Nikita Moskalenko <nim@wip.tu-berlin.de>
SE,P_Hydro_Reservoir,2036,4.98,,GW,interpolated,21.01.2025,Nikita Moskalenko <nim@wip.tu-berlin.de>
SE,P_Hydro_Reservoir,2037,4.98,,GW,interpolated,21.01.2025,Nikita Moskalenko <nim@wip.tu-berlin.de>
SE,P_Hydro_Reservoir,2038,4.98,,GW,interpolated,21.01.2025,Nikita Moskalenko <nim@wip.tu-berlin.de>
SE,P_Hydro_Reservoir,2039,4.98,,GW,interpolated,21.01.2025,Nikita Moskalenko <nim@wip.tu-berlin.de>
SE,P_Hydro_RoR,2026,11.22,,GW,interpolated,21.01.2025,Nikita Moskalenko <nim@wip.tu-berlin.de>
SE,P_Hydro_RoR,2027,11.22,,GW,interpolated,21.01.2025,Nikita Moskalenko <nim@wip.tu-berlin.de>
SE,P_Hydro_RoR,2028,11.22,,GW,interpolated,21.01.2025,Nikita Moskalenko <nim@wip.tu-berlin.de>
SE,P_Hydro_RoR,2029,11.22,,GW,interpolated,21.01.2025,Nikita Moskalenko <nim@wip.tu-berlin.de>
SE,P_Hydro_RoR,2031,11.22,,GW,interpolated,21.01.2025,Nikita Moskalenko <nim@wip.tu-berlin.de>
SE,P_Hydro_RoR,2032,11.22,,GW,interpolated,21.01.2025,Nikita Moskalenko <nim@wip.tu-berlin.de>
SE,P_Hydro_RoR,2033,11.22,,GW,interpolated,21.01.2025,Nikita Moskalenko <nim@wip.tu-berlin.de>
SE,P_Hydro_RoR,2034,11.22,,GW,interpolated,21.01.2025,Nikita Moskalenko <nim@wip.tu-berlin.de>
SE,P_Hydro_RoR,2036,11.22,,GW,interpolated,21.01.2025,Nikita Moskalenko <nim@wip.tu-berlin.de>
SE,P_Hydro_RoR,2037,11.22,,GW,interpolated,21.01.2025,Nikita Moskalenko <nim@wip.tu-berlin.de>
SE,P_Hydro_RoR,2038,11.22,,GW,interpolated,21.01.2025,Nikita Moskalenko <nim@wip.tu-berlin.de>
SE,P_Hydro_RoR,2039,11.22,,GW,interpolated,21.01.2025,Nikita Moskalenko <nim@wip.tu-berlin.de>
RO,P_Hydro_Reservoir,2026,3.803,,GW,interpolated,21.01.2025,Nikita Moskalenko <nim@wip.tu-berlin.de>
RO,P_Hydro_Reservoir,2027,3.803,,GW,interpolated,21.01.2025,Nikita Moskalenko <nim@wip.tu-berlin.de>
RO,P_Hydro_Reservoir,2028,3.803,,GW,interpolated,21.01.2025,Nikita Moskalenko <nim@wip.tu-berlin.de>
RO,P_Hydro_Reservoir,2029,3.803,,GW,interpolated,21.01.2025,Nikita Moskalenko <nim@wip.tu-berlin.de>
RO,P_Hydro_Reservoir,2031,3.803,,GW,interpolated,21.01.2025,Nikita Moskalenko <nim@wip.tu-berlin.de>
RO,P_Hydro_Reservoir,2032,3.803,,GW,interpolated,21.01.2025,Nikita Moskalenko <nim@wip.tu-berlin.de>
RO,P_Hydro_Reservoir,2033,3.803,,GW,interpolated,21.01.2025,Nikita Moskalenko <nim@wip.tu-berlin.de>
RO,P_Hydro_Reservoir,2034,3.803,,GW,interpolated,21.01.2025,Nikita Moskalenko <nim@wip.tu-berlin.de>
RO,P_Hydro_Reservoir,2036,3.803,,GW,interpolated,21.01.2025,Nikita Moskalenko <nim@wip.tu-berlin.de>
RO,P_Hydro_Reservoir,2037,3.803,,GW,interpolated,21.01.2025,Nikita Moskalenko <nim@wip.tu-berlin.de>
RO,P_Hydro_Reservoir,2038,3.803,,GW,interpolated,21.01.2025,Nikita Moskalenko <nim@wip.tu-berlin.de>
RO,P_Hydro_Reservoir,2039,3.803,,GW,interpolated,21.01.2025,Nikita Moskalenko <nim@wip.tu-berlin.de>
RO,P_Hydro_RoR,2026,2.781,,GW,interpolated,21.01.2025,Nikita Moskalenko <nim@wip.tu-berlin.de>
RO,P_Hydro_RoR,2027,2.781,,GW,interpolated,21.01.2025,Nikita Moskalenko <nim@wip.tu-berlin.de>
RO,P_Hydro_RoR,2028,2.781,,GW,interpolated,21.01.2025,Nikita Moskalenko <nim@wip.tu-berlin.de>
RO,P_Hydro_RoR,2029,2.781,,GW,interpolated,21.01.2025,Nikita Moskalenko <nim@wip.tu-berlin.de>
RO,P_Hydro_RoR,2031,2.781,,GW,interpolated,21.01.2025,Nikita Moskalenko <nim@wip.tu-berlin.de>
RO,P_Hydro_RoR,2032,2.781,,GW,interpolated,21.01.2025,Nikita Moskalenko <nim@wip.tu-berlin.de>
RO,P_Hydro_RoR,2033,2.781,,GW,interpolated,21.01.2025,Nikita Moskalenko <nim@wip.tu-berlin.de>
RO,P_Hydro_RoR,2034,2.781,,GW,interpolated,21.01.2025,Nikita Moskalenko <nim@wip.tu-berlin.de>
RO,P_Hydro_RoR,2036,2.781,,GW,interpolated,21.01.2025,Nikita Moskalenko <nim@wip.tu-berlin.de>
RO,P_Hydro_RoR,2037,2.781,,GW,interpolated,21.01.2025,Nikita Moskalenko <nim@wip.tu-berlin.de>
RO,P_Hydro_RoR,2038,2.781,,GW,interpolated,21.01.2025,Nikita Moskalenko <nim@wip.tu-berlin.de>
RO,P_Hydro_RoR,2039,2.781,,GW,interpolated,21.01.2025,Nikita Moskalenko <nim@wip.tu-berlin.de>
PT,P_Hydro_Reservoir,2026,1.6291,,GW,interpolated,21.01.2025,Nikita Moskalenko <nim@wip.tu-berlin.de>
PT,P_Hydro_Reservoir,2027,1.6291,,GW,interpolated,21.01.2025,Nikita Moskalenko <nim@wip.tu-berlin.de>
PT,P_Hydro_Reservoir,2028,1.6291,,GW,interpolated,21.01.2025,Nikita Moskalenko <nim@wip.tu-berlin.de>
PT,P_Hydro_Reservoir,2029,1.6291,,GW,interpolated,21.01.2025,Nikita Moskalenko <nim@wip.tu-berlin.de>
PT,P_Hydro_Reservoir,2031,1.6291,,GW,interpolated,21.01.2025,Nikita Moskalenko <nim@wip.tu-berlin.de>
PT,P_Hydro_Reservoir,2032,1.6291,,GW,interpolated,21.01.2025,Nikita Moskalenko <nim@wip.tu-berlin.de>
PT,P_Hydro_Reservoir,2033,1.6291,,GW,interpolated,21.01.2025,Nikita Moskalenko <nim@wip.tu-berlin.de>
PT,P_Hydro_Reservoir,2034,1.6291,,GW,interpolated,21.01.2025,Nikita Moskalenko <nim@wip.tu-berlin.de>
PT,P_Hydro_Reservoir,2036,1.6291,,GW,interpolated,21.01.2025,Nikita Moskalenko <nim@wip.tu-berlin.de>
PT,P_Hydro_Reservoir,2037,1.6291,,GW,interpolated,21.01.2025,Nikita Moskalenko <nim@wip.tu-berlin.de>
PT,P_Hydro_Reservoir,2038,1.6291,,GW,interpolated,21.01.2025,Nikita Moskalenko <nim@wip.tu-berlin.de>
PT,P_Hydro_Reservoir,2039,1.6291,,GW,interpolated,21.01.2025,Nikita Moskalenko <nim@wip.tu-berlin.de>
PT,P_Hydro_RoR,2026,2.8561,,GW,interpolated,21.01.2025,Nikita Moskalenko <nim@wip.tu-berlin.de>
PT,P_Hydro_RoR,2027,2.8561,,GW,interpolated,21.01.2025,Nikita Moskalenko <nim@wip.tu-berlin.de>
PT,P_Hydro_RoR,2028,2.8561,,GW,interpolated,21.01.2025,Nikita Moskalenko <nim@wip.tu-berlin.de>
PT,P_Hydro_RoR,2029,2.8561,,GW,interpolated,21.01.2025,Nikita Moskalenko <nim@wip.tu-berlin.de>
PT,P_Hydro_RoR,2031,2.8561,,GW,interpolated,21.01.2025,Nikita Moskalenko <nim@wip.tu-berlin.de>
PT,P_Hydro_RoR,2032,2.8561,,GW,interpolated,21.01.2025,Nikita Moskalenko <nim@wip.tu-berlin.de>
PT,P_Hydro_RoR,2033,2.8561,,GW,interpolated,21.01.2025,Nikita Moskalenko <nim@wip.tu-berlin.de>
PT,P_Hydro_RoR,2034,2.8561,,GW,interpolated,21.01.2025,Nikita Moskalenko <nim@wip.tu-berlin.de>
PT,P_Hydro_RoR,2036,2.8561,,GW,interpolated,21.01.2025,Nikita Moskalenko <nim@wip.tu-berlin.de>
PT,P_Hydro_RoR,2037,2.8561,,GW,interpolated,21.01.2025,Nikita Moskalenko <nim@wip.tu-berlin.de>
PT,P_Hydro_RoR,2038,2.8561,,GW,interpolated,21.01.2025,Nikita Moskalenko <nim@wip.tu-berlin.de>
PT,P_Hydro_RoR,2039,2.8561,,GW,interpolated,21.01.2025,Nikita Moskalenko <nim@wip.tu-berlin.de>
PL,P_Hydro_Reservoir,2026,2.391,,GW,interpolated,21.01.2025,Nikita Moskalenko <nim@wip.tu-berlin.de>
PL,P_Hydro_Reservoir,2027,2.391,,GW,interpolated,21.01.2025,Nikita Moskalenko <nim@wip.tu-berlin.de>
PL,P_Hydro_Reservoir,2028,2.391,,GW,interpolated,21.01.2025,Nikita Moskalenko <nim@wip.tu-berlin.de>
PL,P_Hydro_Reservoir,2029,2.391,,GW,interpolated,21.01.2025,Nikita Moskalenko <nim@wip.tu-berlin.de>
PL,P_Hydro_Reservoir,2031,2.391,,GW,interpolated,21.01.2025,Nikita Moskalenko <nim@wip.tu-berlin.de>
PL,P_Hydro_Reservoir,2032,2.391,,GW,interpolated,21.01.2025,Nikita Moskalenko <nim@wip.tu-berlin.de>
PL,P_Hydro_Reservoir,2033,2.391,,GW,interpolated,21.01.2025,Nikita Moskalenko <nim@wip.tu-berlin.de>
PL,P_Hydro_Reservoir,2034,2.391,,GW,interpolated,21.01.2025,Nikita Moskalenko <nim@wip.tu-berlin.de>
PL,P_Hydro_Reservoir,2036,2.391,,GW,interpolated,21.01.2025,Nikita Moskalenko <nim@wip.tu-berlin.de>
PL,P_Hydro_Reservoir,2037,2.391,,GW,interpolated,21.01.2025,Nikita Moskalenko <nim@wip.tu-berlin.de>
PL,P_Hydro_Reservoir,2038,2.391,,GW,interpolated,21.01.2025,Nikita Moskalenko <nim@wip.tu-berlin.de>
PL,P_Hydro_Reservoir,2039,2.391,,GW,interpolated,21.01.2025,Nikita Moskalenko <nim@wip.tu-berlin.de>
PL,P_Hydro_RoR,2026,0.455,,GW,interpolated,21.01.2025,Nikita Moskalenko <nim@wip.tu-berlin.de>
PL,P_Hydro_RoR,2027,0.455,,GW,interpolated,21.01.2025,Nikita Moskalenko <nim@wip.tu-berlin.de>
PL,P_Hydro_RoR,2028,0.455,,GW,interpolated,21.01.2025,Nikita Moskalenko <nim@wip.tu-berlin.de>
PL,P_Hydro_RoR,2029,0.455,,GW,interpolated,21.01.2025,Nikita Moskalenko <nim@wip.tu-berlin.de>
PL,P_Hydro_RoR,2031,0.455,,GW,interpolated,21.01.2025,Nikita Moskalenko <nim@wip.tu-berlin.de>
PL,P_Hydro_RoR,2032,0.455,,GW,interpolated,21.01.2025,Nikita Moskalenko <nim@wip.tu-berlin.de>
PL,P_Hydro_RoR,2033,0.455,,GW,interpolated,21.01.2025,Nikita Moskalenko <nim@wip.tu-berlin.de>
PL,P_Hydro_RoR,2034,0.455,,GW,interpolated,21.01.2025,Nikita Moskalenko <nim@wip.tu-berlin.de>
PL,P_Hydro_RoR,2036,0.455,,GW,interpolated,21.01.2025,Nikita Moskalenko <nim@wip.tu-berlin.de>
PL,P_Hydro_RoR,2037,0.455,,GW,interpolated,21.01.2025,Nikita Moskalenko <nim@wip.tu-berlin.de>
PL,P_Hydro_RoR,2038,0.455,,GW,interpolated,21.01.2025,Nikita Moskalenko <nim@wip.tu-berlin.de>
PL,P_Hydro_RoR,2039,0.455,,GW,interpolated,21.01.2025,Nikita Moskalenko <nim@wip.tu-berlin.de>
NONEU_Balkan,P_Hydro_Reservoir,2026,4.409,,GW,interpolated,21.01.2025,Nikita Moskalenko <nim@wip.tu-berlin.de>
NONEU_Balkan,P_Hydro_Reservoir,2027,4.409,,GW,interpolated,21.01.2025,Nikita Moskalenko <nim@wip.tu-berlin.de>
NONEU_Balkan,P_Hydro_Reservoir,2028,4.409,,GW,interpolated,21.01.2025,Nikita Moskalenko <nim@wip.tu-berlin.de>
NONEU_Balkan,P_Hydro_Reservoir,2029,4.409,,GW,interpolated,21.01.2025,Nikita Moskalenko <nim@wip.tu-berlin.de>
NONEU_Balkan,P_Hydro_Reservoir,2031,4.409,,GW,interpolated,21.01.2025,Nikita Moskalenko <nim@wip.tu-berlin.de>
NONEU_Balkan,P_Hydro_Reservoir,2032,4.409,,GW,interpolated,21.01.2025,Nikita Moskalenko <nim@wip.tu-berlin.de>
NONEU_Balkan,P_Hydro_Reservoir,2033,4.409,,GW,interpolated,21.01.2025,Nikita Moskalenko <nim@wip.tu-berlin.de>
NONEU_Balkan,P_Hydro_Reservoir,2034,4.409,,GW,interpolated,21.01.2025,Nikita Moskalenko <nim@wip.tu-berlin.de>
NONEU_Balkan,P_Hydro_Reservoir,2036,4.409,,GW,interpolated,21.01.2025,Nikita Moskalenko <nim@wip.tu-berlin.de>
NONEU_Balkan,P_Hydro_Reservoir,2037,4.409,,GW,interpolated,21.01.2025,Nikita Moskalenko <nim@wip.tu-berlin.de>
NONEU_Balkan,P_Hydro_Reservoir,2038,4.409,,GW,interpolated,21.01.2025,Nikita Moskalenko <nim@wip.tu-berlin.de>
NONEU_Balkan,P_Hydro_Reservoir,2039,4.409,,GW,interpolated,21.01.2025,Nikita Moskalenko <nim@wip.tu-berlin.de>
NONEU_Balkan,P_Hydro_RoR,2026,3.624,,GW,interpolated,21.01.2025,Nikita Moskalenko <nim@wip.tu-berlin.de>
NONEU_Balkan,P_Hydro_RoR,2027,3.624,,GW,interpolated,21.01.2025,Nikita Moskalenko <nim@wip.tu-berlin.de>
NONEU_Balkan,P_Hydro_RoR,2028,3.624,,GW,interpolated,21.01.2025,Nikita Moskalenko <nim@wip.tu-berlin.de>
NONEU_Balkan,P_Hydro_RoR,2029,3.624,,GW,interpolated,21.01.2025,Nikita Moskalenko <nim@wip.tu-berlin.de>
NONEU_Balkan,P_Hydro_RoR,2031,3.624,,GW,interpolated,21.01.2025,Nikita Moskalenko <nim@wip.tu-berlin.de>
NONEU_Balkan,P_Hydro_RoR,2032,3.624,,GW,interpolated,21.01.2025,Nikita Moskalenko <nim@wip.tu-berlin.de>
NONEU_Balkan,P_Hydro_RoR,2033,3.624,,GW,interpolated,21.01.2025,Nikita Moskalenko <nim@wip.tu-berlin.de>
NONEU_Balkan,P_Hydro_RoR,2034,3.624,,GW,interpolated,21.01.2025,Nikita Moskalenko <nim@wip.tu-berlin.de>
NONEU_Balkan,P_Hydro_RoR,2036,3.624,,GW,interpolated,21.01.2025,Nikita Moskalenko <nim@wip.tu-berlin.de>
NONEU_Balkan,P_Hydro_RoR,2037,3.624,,GW,interpolated,21.01.2025,Nikita Moskalenko <nim@wip.tu-berlin.de>
NONEU_Balkan,P_Hydro_RoR,2038,3.624,,GW,interpolated,21.01.2025,Nikita Moskalenko <nim@wip.tu-berlin.de>
NONEU_Balkan,P_Hydro_RoR,2039,3.624,,GW,interpolated,21.01.2025,Nikita Moskalenko <nim@wip.tu-berlin.de>
NO,P_Hydro_Reservoir,2026,26.661,,GW,interpolated,21.01.2025,Nikita Moskalenko <nim@wip.tu-berlin.de>
NO,P_Hydro_Reservoir,2027,26.661,,GW,interpolated,21.01.2025,Nikita Moskalenko <nim@wip.tu-berlin.de>
NO,P_Hydro_Reservoir,2028,26.661,,GW,interpolated,21.01.2025,Nikita Moskalenko <nim@wip.tu-berlin.de>
NO,P_Hydro_Reservoir,2029,26.661,,GW,interpolated,21.01.2025,Nikita Moskalenko <nim@wip.tu-berlin.de>
NO,P_Hydro_Reservoir,2031,26.661,,GW,interpolated,21.01.2025,Nikita Moskalenko <nim@wip.tu-berlin.de>
NO,P_Hydro_Reservoir,2032,26.661,,GW,interpolated,21.01.2025,Nikita Moskalenko <nim@wip.tu-berlin.de>
NO,P_Hydro_Reservoir,2033,26.661,,GW,interpolated,21.01.2025,Nikita Moskalenko <nim@wip.tu-berlin.de>
NO,P_Hydro_Reservoir,2034,26.661,,GW,interpolated,21.01.2025,Nikita Moskalenko <nim@wip.tu-berlin.de>
NO,P_Hydro_Reservoir,2036,26.661,,GW,interpolated,21.01.2025,Nikita Moskalenko <nim@wip.tu-berlin.de>
NO,P_Hydro_Reservoir,2037,26.661,,GW,interpolated,21.01.2025,Nikita Moskalenko <nim@wip.tu-berlin.de>
NO,P_Hydro_Reservoir,2038,26.661,,GW,interpolated,21.01.2025,Nikita Moskalenko <nim@wip.tu-berlin.de>
NO,P_Hydro_Reservoir,2039,26.661,,GW,interpolated,21.01.2025,Nikita Moskalenko <nim@wip.tu-berlin.de>
NO,P_Hydro_RoR,2026,8.47381,,GW,interpolated,21.01.2025,Nikita Moskalenko <nim@wip.tu-berlin.de>
NO,P_Hydro_RoR,2027,8.47381,,GW,interpolated,21.01.2025,Nikita Moskalenko <nim@wip.tu-berlin.de>
NO,P_Hydro_RoR,2028,8.47381,,GW,interpolated,21.01.2025,Nikita Moskalenko <nim@wip.tu-berlin.de>
NO,P_Hydro_RoR,2029,8.47381,,GW,interpolated,21.01.2025,Nikita Moskalenko <nim@wip.tu-berlin.de>
NO,P_Hydro_RoR,2031,8.47381,,GW,interpolated,21.01.2025,Nikita Moskalenko <nim@wip.tu-berlin.de>
NO,P_Hydro_RoR,2032,8.47381,,GW,interpolated,21.01.2025,Nikita Moskalenko <nim@wip.tu-berlin.de>
NO,P_Hydro_RoR,2033,8.47381,,GW,interpolated,21.01.2025,Nikita Moskalenko <nim@wip.tu-berlin.de>
NO,P_Hydro_RoR,2034,8.47381,,GW,interpolated,21.01.2025,Nikita Moskalenko <nim@wip.tu-berlin.de>
NO,P_Hydro_RoR,2036,8.47381,,GW,interpolated,21.01.2025,Nikita Moskalenko <nim@wip.tu-berlin.de>
NO,P_Hydro_RoR,2037,8.47381,,GW,interpolated,21.01.2025,Nikita Moskalenko <nim@wip.tu-berlin.de>
NO,P_Hydro_RoR,2038,8.47381,,GW,interpolated,21.01.2025,Nikita Moskalenko <nim@wip.tu-berlin.de>
NO,P_Hydro_RoR,2039,8.47381,,GW,interpolated,21.01.2025,Nikita Moskalenko <nim@wip.tu-berlin.de>
NO,P_Wind_Offshore_Deep,2026,6,,GW,interpolated,09.10.2024,Stian Backe <stian.backe@sintef.no>
NO,P_Wind_Offshore_Deep,2027,7,,GW,interpolated,09.10.2024,Stian Backe <stian.backe@sintef.no>
NO,P_Wind_Offshore_Deep,2028,8,,GW,interpolated,09.10.2024,Stian Backe <stian.backe@sintef.no>
NO,P_Wind_Offshore_Deep,2029,9,,GW,interpolated,09.10.2024,Stian Backe <stian.backe@sintef.no>
NO,P_Wind_Offshore_Deep,2031,12,,GW,interpolated,09.10.2024,Stian Backe <stian.backe@sintef.no>
NO,P_Wind_Offshore_Deep,2032,14,,GW,interpolated,09.10.2024,Stian Backe <stian.backe@sintef.no>
NO,P_Wind_Offshore_Deep,2033,16,,GW,interpolated,09.10.2024,Stian Backe <stian.backe@sintef.no>
NO,P_Wind_Offshore_Deep,2034,18,,GW,interpolated,09.10.2024,Stian Backe <stian.backe@sintef.no>
NO,P_Wind_Offshore_Deep,2036,22,,GW,interpolated,09.10.2024,Stian Backe <stian.backe@sintef.no>
NO,P_Wind_Offshore_Deep,2037,24,,GW,interpolated,09.10.2024,Stian Backe <stian.backe@sintef.no>
NO,P_Wind_Offshore_Deep,2038,26,,GW,interpolated,09.10.2024,Stian Backe <stian.backe@sintef.no>
NO,P_Wind_Offshore_Deep,2039,28,,GW,interpolated,09.10.2024,Stian Backe <stian.backe@sintef.no>
NO,P_Wind_Offshore_Shallow,2026,6,,GW,interpolated,09.10.2024,Stian Backe <stian.backe@sintef.no>
NO,P_Wind_Offshore_Shallow,2027,7,,GW,interpolated,09.10.2024,Stian Backe <stian.backe@sintef.no>
NO,P_Wind_Offshore_Shallow,2028,8,,GW,interpolated,09.10.2024,Stian Backe <stian.backe@sintef.no>
NO,P_Wind_Offshore_Shallow,2029,9,,GW,interpolated,09.10.2024,Stian Backe <stian.backe@sintef.no>
NO,P_Wind_Offshore_Shallow,2031,12,,GW,interpolated,09.10.2024,Stian Backe <stian.backe@sintef.no>
NO,P_Wind_Offshore_Shallow,2032,14,,GW,interpolated,09.10.2024,Stian Backe <stian.backe@sintef.no>
NO,P_Wind_Offshore_Shallow,2033,16,,GW,interpolated,09.10.2024,Stian Backe <stian.backe@sintef.no>
NO,P_Wind_Offshore_Shallow,2034,18,,GW,interpolated,09.10.2024,Stian Backe <stian.backe@sintef.no>
NO,P_Wind_Offshore_Shallow,2036,22,,GW,interpolated,09.10.2024,Stian Backe <stian.backe@sintef.no>
NO,P_Wind_Offshore_Shallow,2037,24,,GW,interpolated,09.10.2024,Stian Backe <stian.backe@sintef.no>
NO,P_Wind_Offshore_Shallow,2038,26,,GW,interpolated,09.10.2024,Stian Backe <stian.backe@sintef.no>
NO,P_Wind_Offshore_Shallow,2039,28,,GW,interpolated,09.10.2024,Stian Backe <stian.backe@sintef.no>
NO,P_Wind_Offshore_Transitional,2026,6,,GW,interpolated,09.10.2024,Stian Backe <stian.backe@sintef.no>
NO,P_Wind_Offshore_Transitional,2027,7,,GW,interpolated,09.10.2024,Stian Backe <stian.backe@sintef.no>
NO,P_Wind_Offshore_Transitional,2028,8,,GW,interpolated,09.10.2024,Stian Backe <stian.backe@sintef.no>
NO,P_Wind_Offshore_Transitional,2029,9,,GW,interpolated,09.10.2024,Stian Backe <stian.backe@sintef.no>
NO,P_Wind_Offshore_Transitional,2031,12,,GW,interpolated,09.10.2024,Stian Backe <stian.backe@sintef.no>
NO,P_Wind_Offshore_Transitional,2032,14,,GW,interpolated,09.10.2024,Stian Backe <stian.backe@sintef.no>
NO,P_Wind_Offshore_Transitional,2033,16,,GW,interpolated,09.10.2024,Stian Backe <stian.backe@sintef.no>
NO,P_Wind_Offshore_Transitional,2034,18,,GW,interpolated,09.10.2024,Stian Backe <stian.backe@sintef.no>
NO,P_Wind_Offshore_Transitional,2036,22,,GW,interpolated,09.10.2024,Stian Backe <stian.backe@sintef.no>
NO,P_Wind_Offshore_Transitional,2037,24,,GW,interpolated,09.10.2024,Stian Backe <stian.backe@sintef.no>
NO,P_Wind_Offshore_Transitional,2038,26,,GW,interpolated,09.10.2024,Stian Backe <stian.backe@sintef.no>
NO,P_Wind_Offshore_Transitional,2039,28,,GW,interpolated,09.10.2024,Stian Backe <stian.backe@sintef.no>
NL,P_Hydro_Reservoir,2026,0,,GW,interpolated,21.01.2025,Nikita Moskalenko <nim@wip.tu-berlin.de>
NL,P_Hydro_Reservoir,2027,0,,GW,interpolated,21.01.2025,Nikita Moskalenko <nim@wip.tu-berlin.de>
NL,P_Hydro_Reservoir,2028,0,,GW,interpolated,21.01.2025,Nikita Moskalenko <nim@wip.tu-berlin.de>
NL,P_Hydro_Reservoir,2029,0,,GW,interpolated,21.01.2025,Nikita Moskalenko <nim@wip.tu-berlin.de>
NL,P_Hydro_Reservoir,2031,0,,GW,interpolated,21.01.2025,Nikita Moskalenko <nim@wip.tu-berlin.de>
NL,P_Hydro_Reservoir,2032,0,,GW,interpolated,21.01.2025,Nikita Moskalenko <nim@wip.tu-berlin.de>
NL,P_Hydro_Reservoir,2033,0,,GW,interpolated,21.01.2025,Nikita Moskalenko <nim@wip.tu-berlin.de>
NL,P_Hydro_Reservoir,2034,0,,GW,interpolated,21.01.2025,Nikita Moskalenko <nim@wip.tu-berlin.de>
NL,P_Hydro_Reservoir,2036,0,,GW,interpolated,21.01.2025,Nikita Moskalenko <nim@wip.tu-berlin.de>
NL,P_Hydro_Reservoir,2037,0,,GW,interpolated,21.01.2025,Nikita Moskalenko <nim@wip.tu-berlin.de>
NL,P_Hydro_Reservoir,2038,0,,GW,interpolated,21.01.2025,Nikita Moskalenko <nim@wip.tu-berlin.de>
NL,P_Hydro_Reservoir,2039,0,,GW,interpolated,21.01.2025,Nikita Moskalenko <nim@wip.tu-berlin.de>
NL,P_Hydro_RoR,2026,0.038,,GW,interpolated,21.01.2025,Nikita Moskalenko <nim@wip.tu-berlin.de>
NL,P_Hydro_RoR,2027,0.038,,GW,interpolated,21.01.2025,Nikita Moskalenko <nim@wip.tu-berlin.de>
NL,P_Hydro_RoR,2028,0.038,,GW,interpolated,21.01.2025,Nikita Moskalenko <nim@wip.tu-berlin.de>
NL,P_Hydro_RoR,2029,0.038,,GW,interpolated,21.01.2025,Nikita Moskalenko <nim@wip.tu-berlin.de>
NL,P_Hydro_RoR,2031,0.038,,GW,interpolated,21.01.2025,Nikita Moskalenko <nim@wip.tu-berlin.de>
NL,P_Hydro_RoR,2032,0.038,,GW,interpolated,21.01.2025,Nikita Moskalenko <nim@wip.tu-berlin.de>
NL,P_Hydro_RoR,2033,0.038,,GW,interpolated,21.01.2025,Nikita Moskalenko <nim@wip.tu-berlin.de>
NL,P_Hydro_RoR,2034,0.038,,GW,interpolated,21.01.2025,Nikita Moskalenko <nim@wip.tu-berlin.de>
NL,P_Hydro_RoR,2036,0.038,,GW,interpolated,21.01.2025,Nikita Moskalenko <nim@wip.tu-berlin.de>
NL,P_Hydro_RoR,2037,0.038,,GW,interpolated,21.01.2025,Nikita Moskalenko <nim@wip.tu-berlin.de>
NL,P_Hydro_RoR,2038,0.038,,GW,interpolated,21.01.2025,Nikita Moskalenko <nim@wip.tu-berlin.de>
NL,P_Hydro_RoR,2039,0.038,,GW,interpolated,21.01.2025,Nikita Moskalenko <nim@wip.tu-berlin.de>
LV,P_Hydro_Reservoir,2026,0,,GW,interpolated,21.01.2025,Nikita Moskalenko <nim@wip.tu-berlin.de>
LV,P_Hydro_Reservoir,2027,0,,GW,interpolated,21.01.2025,Nikita Moskalenko <nim@wip.tu-berlin.de>
LV,P_Hydro_Reservoir,2028,0,,GW,interpolated,21.01.2025,Nikita Moskalenko <nim@wip.tu-berlin.de>
LV,P_Hydro_Reservoir,2029,0,,GW,interpolated,21.01.2025,Nikita Moskalenko <nim@wip.tu-berlin.de>
LV,P_Hydro_Reservoir,2031,0,,GW,interpolated,21.01.2025,Nikita Moskalenko <nim@wip.tu-berlin.de>
LV,P_Hydro_Reservoir,2032,0,,GW,interpolated,21.01.2025,Nikita Moskalenko <nim@wip.tu-berlin.de>
LV,P_Hydro_Reservoir,2033,0,,GW,interpolated,21.01.2025,Nikita Moskalenko <nim@wip.tu-berlin.de>
LV,P_Hydro_Reservoir,2034,0,,GW,interpolated,21.01.2025,Nikita Moskalenko <nim@wip.tu-berlin.de>
LV,P_Hydro_Reservoir,2036,0,,GW,interpolated,21.01.2025,Nikita Moskalenko <nim@wip.tu-berlin.de>
LV,P_Hydro_Reservoir,2037,0,,GW,interpolated,21.01.2025,Nikita Moskalenko <nim@wip.tu-berlin.de>
LV,P_Hydro_Reservoir,2038,0,,GW,interpolated,21.01.2025,Nikita Moskalenko <nim@wip.tu-berlin.de>
LV,P_Hydro_Reservoir,2039,0,,GW,interpolated,21.01.2025,Nikita Moskalenko <nim@wip.tu-berlin.de>
LV,P_Hydro_RoR,2026,1.594,,GW,interpolated,21.01.2025,Nikita Moskalenko <nim@wip.tu-berlin.de>
LV,P_Hydro_RoR,2027,1.594,,GW,interpolated,21.01.2025,Nikita Moskalenko <nim@wip.tu-berlin.de>
LV,P_Hydro_RoR,2028,1.594,,GW,interpolated,21.01.2025,Nikita Moskalenko <nim@wip.tu-berlin.de>
LV,P_Hydro_RoR,2029,1.594,,GW,interpolated,21.01.2025,Nikita Moskalenko <nim@wip.tu-berlin.de>
LV,P_Hydro_RoR,2031,1.594,,GW,interpolated,21.01.2025,Nikita Moskalenko <nim@wip.tu-berlin.de>
LV,P_Hydro_RoR,2032,1.594,,GW,interpolated,21.01.2025,Nikita Moskalenko <nim@wip.tu-berlin.de>
LV,P_Hydro_RoR,2033,1.594,,GW,interpolated,21.01.2025,Nikita Moskalenko <nim@wip.tu-berlin.de>
LV,P_Hydro_RoR,2034,1.594,,GW,interpolated,21.01.2025,Nikita Moskalenko <nim@wip.tu-berlin.de>
LV,P_Hydro_RoR,2036,1.594,,GW,interpolated,21.01.2025,Nikita Moskalenko <nim@wip.tu-berlin.de>
LV,P_Hydro_RoR,2037,1.594,,GW,interpolated,21.01.2025,Nikita Moskalenko <nim@wip.tu-berlin.de>
LV,P_Hydro_RoR,2038,1.594,,GW,interpolated,21.01.2025,Nikita Moskalenko <nim@wip.tu-berlin.de>
LV,P_Hydro_RoR,2039,1.594,,GW,interpolated,21.01.2025,Nikita Moskalenko <nim@wip.tu-berlin.de>
LU,P_Hydro_Reservoir,2026,0.011,,GW,interpolated,21.01.2025,Nikita Moskalenko <nim@wip.tu-berlin.de>
LU,P_Hydro_Reservoir,2027,0.011,,GW,interpolated,21.01.2025,Nikita Moskalenko <nim@wip.tu-berlin.de>
LU,P_Hydro_Reservoir,2028,0.011,,GW,interpolated,21.01.2025,Nikita Moskalenko <nim@wip.tu-berlin.de>
LU,P_Hydro_Reservoir,2029,0.011,,GW,interpolated,21.01.2025,Nikita Moskalenko <nim@wip.tu-berlin.de>
LU,P_Hydro_Reservoir,2031,0.011,,GW,interpolated,21.01.2025,Nikita Moskalenko <nim@wip.tu-berlin.de>
LU,P_Hydro_Reservoir,2032,0.011,,GW,interpolated,21.01.2025,Nikita Moskalenko <nim@wip.tu-berlin.de>
LU,P_Hydro_Reservoir,2033,0.011,,GW,interpolated,21.01.2025,Nikita Moskalenko <nim@wip.tu-berlin.de>
LU,P_Hydro_Reservoir,2034,0.011,,GW,interpolated,21.01.2025,Nikita Moskalenko <nim@wip.tu-berlin.de>
LU,P_Hydro_Reservoir,2036,0.011,,GW,interpolated,21.01.2025,Nikita Moskalenko <nim@wip.tu-berlin.de>
LU,P_Hydro_Reservoir,2037,0.011,,GW,interpolated,21.01.2025,Nikita Moskalenko <nim@wip.tu-berlin.de>
LU,P_Hydro_Reservoir,2038,0.011,,GW,interpolated,21.01.2025,Nikita Moskalenko <nim@wip.tu-berlin.de>
LU,P_Hydro_Reservoir,2039,0.011,,GW,interpolated,21.01.2025,Nikita Moskalenko <nim@wip.tu-berlin.de>
LU,P_Hydro_RoR,2026,0.025,,GW,interpolated,21.01.2025,Nikita Moskalenko <nim@wip.tu-berlin.de>
LU,P_Hydro_RoR,2027,0.025,,GW,interpolated,21.01.2025,Nikita Moskalenko <nim@wip.tu-berlin.de>
LU,P_Hydro_RoR,2028,0.025,,GW,interpolated,21.01.2025,Nikita Moskalenko <nim@wip.tu-berlin.de>
LU,P_Hydro_RoR,2029,0.025,,GW,interpolated,21.01.2025,Nikita Moskalenko <nim@wip.tu-berlin.de>
LU,P_Hydro_RoR,2031,0.025,,GW,interpolated,21.01.2025,Nikita Moskalenko <nim@wip.tu-berlin.de>
LU,P_Hydro_RoR,2032,0.025,,GW,interpolated,21.01.2025,Nikita Moskalenko <nim@wip.tu-berlin.de>
LU,P_Hydro_RoR,2033,0.025,,GW,interpolated,21.01.2025,Nikita Moskalenko <nim@wip.tu-berlin.de>
LU,P_Hydro_RoR,2034,0.025,,GW,interpolated,21.01.2025,Nikita Moskalenko <nim@wip.tu-berlin.de>
LU,P_Hydro_RoR,2036,0.025,,GW,interpolated,21.01.2025,Nikita Moskalenko <nim@wip.tu-berlin.de>
LU,P_Hydro_RoR,2037,0.025,,GW,interpolated,21.01.2025,Nikita Moskalenko <nim@wip.tu-berlin.de>
LU,P_Hydro_RoR,2038,0.025,,GW,interpolated,21.01.2025,Nikita Moskalenko <nim@wip.tu-berlin.de>
LU,P_Hydro_RoR,2039,0.025,,GW,interpolated,21.01.2025,Nikita Moskalenko <nim@wip.tu-berlin.de>
LT,P_Hydro_Reservoir,2026,0.116,,GW,interpolated,21.01.2025,Nikita Moskalenko <nim@wip.tu-berlin.de>
LT,P_Hydro_Reservoir,2027,0.116,,GW,interpolated,21.01.2025,Nikita Moskalenko <nim@wip.tu-berlin.de>
LT,P_Hydro_Reservoir,2028,0.116,,GW,interpolated,21.01.2025,Nikita Moskalenko <nim@wip.tu-berlin.de>
LT,P_Hydro_Reservoir,2029,0.116,,GW,interpolated,21.01.2025,Nikita Moskalenko <nim@wip.tu-berlin.de>
LT,P_Hydro_Reservoir,2031,0.116,,GW,interpolated,21.01.2025,Nikita Moskalenko <nim@wip.tu-berlin.de>
LT,P_Hydro_Reservoir,2032,0.116,,GW,interpolated,21.01.2025,Nikita Moskalenko <nim@wip.tu-berlin.de>
LT,P_Hydro_Reservoir,2033,0.116,,GW,interpolated,21.01.2025,Nikita Moskalenko <nim@wip.tu-berlin.de>
LT,P_Hydro_Reservoir,2034,0.116,,GW,interpolated,21.01.2025,Nikita Moskalenko <nim@wip.tu-berlin.de>
LT,P_Hydro_Reservoir,2036,0.116,,GW,interpolated,21.01.2025,Nikita Moskalenko <nim@wip.tu-berlin.de>
LT,P_Hydro_Reservoir,2037,0.116,,GW,interpolated,21.01.2025,Nikita Moskalenko <nim@wip.tu-berlin.de>
LT,P_Hydro_Reservoir,2038,0.116,,GW,interpolated,21.01.2025,Nikita Moskalenko <nim@wip.tu-berlin.de>
LT,P_Hydro_Reservoir,2039,0.116,,GW,interpolated,21.01.2025,Nikita Moskalenko <nim@wip.tu-berlin.de>
LT,P_Hydro_RoR,2026,0.1291,,GW,interpolated,21.01.2025,Nikita Moskalenko <nim@wip.tu-berlin.de>
LT,P_Hydro_RoR,2027,0.1291,,GW,interpolated,21.01.2025,Nikita Moskalenko <nim@wip.tu-berlin.de>
LT,P_Hydro_RoR,2028,0.1291,,GW,interpolated,21.01.2025,Nikita Moskalenko <nim@wip.tu-berlin.de>
LT,P_Hydro_RoR,2029,0.1291,,GW,interpolated,21.01.2025,Nikita Moskalenko <nim@wip.tu-berlin.de>
LT,P_Hydro_RoR,2031,0.1291,,GW,interpolated,21.01.2025,Nikita Moskalenko <nim@wip.tu-berlin.de>
LT,P_Hydro_RoR,2032,0.1291,,GW,interpolated,21.01.2025,Nikita Moskalenko <nim@wip.tu-berlin.de>
LT,P_Hydro_RoR,2033,0.1291,,GW,interpolated,21.01.2025,Nikita Moskalenko <nim@wip.tu-berlin.de>
LT,P_Hydro_RoR,2034,0.1291,,GW,interpolated,21.01.2025,Nikita Moskalenko <nim@wip.tu-berlin.de>
LT,P_Hydro_RoR,2036,0.1291,,GW,interpolated,21.01.2025,Nikita Moskalenko <nim@wip.tu-berlin.de>
LT,P_Hydro_RoR,2037,0.1291,,GW,interpolated,21.01.2025,Nikita Moskalenko <nim@wip.tu-berlin.de>
LT,P_Hydro_RoR,2038,0.1291,,GW,interpolated,21.01.2025,Nikita Moskalenko <nim@wip.tu-berlin.de>
LT,P_Hydro_RoR,2039,0.1291,,GW,interpolated,21.01.2025,Nikita Moskalenko <nim@wip.tu-berlin.de>
IT,P_Hydro_Reservoir,2026,4.733,,GW,interpolated,21.01.2025,Nikita Moskalenko <nim@wip.tu-berlin.de>
IT,P_Hydro_Reservoir,2027,4.733,,GW,interpolated,21.01.2025,Nikita Moskalenko <nim@wip.tu-berlin.de>
IT,P_Hydro_Reservoir,2028,4.733,,GW,interpolated,21.01.2025,Nikita Moskalenko <nim@wip.tu-berlin.de>
IT,P_Hydro_Reservoir,2029,4.733,,GW,interpolated,21.01.2025,Nikita Moskalenko <nim@wip.tu-berlin.de>
IT,P_Hydro_Reservoir,2031,4.733,,GW,interpolated,21.01.2025,Nikita Moskalenko <nim@wip.tu-berlin.de>
IT,P_Hydro_Reservoir,2032,4.733,,GW,interpolated,21.01.2025,Nikita Moskalenko <nim@wip.tu-berlin.de>
IT,P_Hydro_Reservoir,2033,4.733,,GW,interpolated,21.01.2025,Nikita Moskalenko <nim@wip.tu-berlin.de>
IT,P_Hydro_Reservoir,2034,4.733,,GW,interpolated,21.01.2025,Nikita Moskalenko <nim@wip.tu-berlin.de>
IT,P_Hydro_Reservoir,2036,4.733,,GW,interpolated,21.01.2025,Nikita Moskalenko <nim@wip.tu-berlin.de>
IT,P_Hydro_Reservoir,2037,4.733,,GW,interpolated,21.01.2025,Nikita Moskalenko <nim@wip.tu-berlin.de>
IT,P_Hydro_Reservoir,2038,4.733,,GW,interpolated,21.01.2025,Nikita Moskalenko <nim@wip.tu-berlin.de>
IT,P_Hydro_Reservoir,2039,4.733,,GW,interpolated,21.01.2025,Nikita Moskalenko <nim@wip.tu-berlin.de>
IT,P_Hydro_RoR,2026,10.826,,GW,interpolated,21.01.2025,Nikita Moskalenko <nim@wip.tu-berlin.de>
IT,P_Hydro_RoR,2027,10.826,,GW,interpolated,21.01.2025,Nikita Moskalenko <nim@wip.tu-berlin.de>
IT,P_Hydro_RoR,2028,10.826,,GW,interpolated,21.01.2025,Nikita Moskalenko <nim@wip.tu-berlin.de>
IT,P_Hydro_RoR,2029,10.826,,GW,interpolated,21.01.2025,Nikita Moskalenko <nim@wip.tu-berlin.de>
IT,P_Hydro_RoR,2031,10.826,,GW,interpolated,21.01.2025,Nikita Moskalenko <nim@wip.tu-berlin.de>
IT,P_Hydro_RoR,2032,10.826,,GW,interpolated,21.01.2025,Nikita Moskalenko <nim@wip.tu-berlin.de>
IT,P_Hydro_RoR,2033,10.826,,GW,interpolated,21.01.2025,Nikita Moskalenko <nim@wip.tu-berlin.de>
IT,P_Hydro_RoR,2034,10.826,,GW,interpolated,21.01.2025,Nikita Moskalenko <nim@wip.tu-berlin.de>
IT,P_Hydro_RoR,2036,10.826,,GW,interpolated,21.01.2025,Nikita Moskalenko <nim@wip.tu-berlin.de>
IT,P_Hydro_RoR,2037,10.826,,GW,interpolated,21.01.2025,Nikita Moskalenko <nim@wip.tu-berlin.de>
IT,P_Hydro_RoR,2038,10.826,,GW,interpolated,21.01.2025,Nikita Moskalenko <nim@wip.tu-berlin.de>
IT,P_Hydro_RoR,2039,10.826,,GW,interpolated,21.01.2025,Nikita Moskalenko <nim@wip.tu-berlin.de>
IE,P_Hydro_Reservoir,2026,0.292,,GW,interpolated,21.01.2025,Nikita Moskalenko <nim@wip.tu-berlin.de>
IE,P_Hydro_Reservoir,2027,0.292,,GW,interpolated,21.01.2025,Nikita Moskalenko <nim@wip.tu-berlin.de>
IE,P_Hydro_Reservoir,2028,0.292,,GW,interpolated,21.01.2025,Nikita Moskalenko <nim@wip.tu-berlin.de>
IE,P_Hydro_Reservoir,2029,0.292,,GW,interpolated,21.01.2025,Nikita Moskalenko <nim@wip.tu-berlin.de>
IE,P_Hydro_Reservoir,2031,0.292,,GW,interpolated,21.01.2025,Nikita Moskalenko <nim@wip.tu-berlin.de>
IE,P_Hydro_Reservoir,2032,0.292,,GW,interpolated,21.01.2025,Nikita Moskalenko <nim@wip.tu-berlin.de>
IE,P_Hydro_Reservoir,2033,0.292,,GW,interpolated,21.01.2025,Nikita Moskalenko <nim@wip.tu-berlin.de>
IE,P_Hydro_Reservoir,2034,0.292,,GW,interpolated,21.01.2025,Nikita Moskalenko <nim@wip.tu-berlin.de>
IE,P_Hydro_Reservoir,2036,0.292,,GW,interpolated,21.01.2025,Nikita Moskalenko <nim@wip.tu-berlin.de>
IE,P_Hydro_Reservoir,2037,0.292,,GW,interpolated,21.01.2025,Nikita Moskalenko <nim@wip.tu-berlin.de>
IE,P_Hydro_Reservoir,2038,0.292,,GW,interpolated,21.01.2025,Nikita Moskalenko <nim@wip.tu-berlin.de>
IE,P_Hydro_Reservoir,2039,0.292,,GW,interpolated,21.01.2025,Nikita Moskalenko <nim@wip.tu-berlin.de>
IE,P_Hydro_RoR,2026,0.216,,GW,interpolated,21.01.2025,Nikita Moskalenko <nim@wip.tu-berlin.de>
IE,P_Hydro_RoR,2027,0.216,,GW,interpolated,21.01.2025,Nikita Moskalenko <nim@wip.tu-berlin.de>
IE,P_Hydro_RoR,2028,0.216,,GW,interpolated,21.01.2025,Nikita Moskalenko <nim@wip.tu-berlin.de>
IE,P_Hydro_RoR,2029,0.216,,GW,interpolated,21.01.2025,Nikita Moskalenko <nim@wip.tu-berlin.de>
IE,P_Hydro_RoR,2031,0.216,,GW,interpolated,21.01.2025,Nikita Moskalenko <nim@wip.tu-berlin.de>
IE,P_Hydro_RoR,2032,0.216,,GW,interpolated,21.01.2025,Nikita Moskalenko <nim@wip.tu-berlin.de>
IE,P_Hydro_RoR,2033,0.216,,GW,interpolated,21.01.2025,Nikita Moskalenko <nim@wip.tu-berlin.de>
IE,P_Hydro_RoR,2034,0.216,,GW,interpolated,21.01.2025,Nikita Moskalenko <nim@wip.tu-berlin.de>
IE,P_Hydro_RoR,2036,0.216,,GW,interpolated,21.01.2025,Nikita Moskalenko <nim@wip.tu-berlin.de>
IE,P_Hydro_RoR,2037,0.216,,GW,interpolated,21.01.2025,Nikita Moskalenko <nim@wip.tu-berlin.de>
IE,P_Hydro_RoR,2038,0.216,,GW,interpolated,21.01.2025,Nikita Moskalenko <nim@wip.tu-berlin.de>
IE,P_Hydro_RoR,2039,0.216,,GW,interpolated,21.01.2025,Nikita Moskalenko <nim@wip.tu-berlin.de>
HU,P_Hydro_Reservoir,2026,0.028,,GW,interpolated,21.01.2025,Nikita Moskalenko <nim@wip.tu-berlin.de>
HU,P_Hydro_Reservoir,2027,0.028,,GW,interpolated,21.01.2025,Nikita Moskalenko <nim@wip.tu-berlin.de>
HU,P_Hydro_Reservoir,2028,0.028,,GW,interpolated,21.01.2025,Nikita Moskalenko <nim@wip.tu-berlin.de>
HU,P_Hydro_Reservoir,2029,0.028,,GW,interpolated,21.01.2025,Nikita Moskalenko <nim@wip.tu-berlin.de>
HU,P_Hydro_Reservoir,2031,0.028,,GW,interpolated,21.01.2025,Nikita Moskalenko <nim@wip.tu-berlin.de>
HU,P_Hydro_Reservoir,2032,0.028,,GW,interpolated,21.01.2025,Nikita Moskalenko <nim@wip.tu-berlin.de>
HU,P_Hydro_Reservoir,2033,0.028,,GW,interpolated,21.01.2025,Nikita Moskalenko <nim@wip.tu-berlin.de>
HU,P_Hydro_Reservoir,2034,0.028,,GW,interpolated,21.01.2025,Nikita Moskalenko <nim@wip.tu-berlin.de>
HU,P_Hydro_Reservoir,2036,0.028,,GW,interpolated,21.01.2025,Nikita Moskalenko <nim@wip.tu-berlin.de>
HU,P_Hydro_Reservoir,2037,0.028,,GW,interpolated,21.01.2025,Nikita Moskalenko <nim@wip.tu-berlin.de>
HU,P_Hydro_Reservoir,2038,0.028,,GW,interpolated,21.01.2025,Nikita Moskalenko <nim@wip.tu-berlin.de>
HU,P_Hydro_Reservoir,2039,0.028,,GW,interpolated,21.01.2025,Nikita Moskalenko <nim@wip.tu-berlin.de>
HU,P_Hydro_RoR,2026,0.0331,,GW,interpolated,21.01.2025,Nikita Moskalenko <nim@wip.tu-berlin.de>
HU,P_Hydro_RoR,2027,0.0331,,GW,interpolated,21.01.2025,Nikita Moskalenko <nim@wip.tu-berlin.de>
HU,P_Hydro_RoR,2028,0.0331,,GW,interpolated,21.01.2025,Nikita Moskalenko <nim@wip.tu-berlin.de>
HU,P_Hydro_RoR,2029,0.0331,,GW,interpolated,21.01.2025,Nikita Moskalenko <nim@wip.tu-berlin.de>
HU,P_Hydro_RoR,2031,0.0331,,GW,interpolated,21.01.2025,Nikita Moskalenko <nim@wip.tu-berlin.de>
HU,P_Hydro_RoR,2032,0.0331,,GW,interpolated,21.01.2025,Nikita Moskalenko <nim@wip.tu-berlin.de>
HU,P_Hydro_RoR,2033,0.0331,,GW,interpolated,21.01.2025,Nikita Moskalenko <nim@wip.tu-berlin.de>
HU,P_Hydro_RoR,2034,0.0331,,GW,interpolated,21.01.2025,Nikita Moskalenko <nim@wip.tu-berlin.de>
HU,P_Hydro_RoR,2036,0.0331,,GW,interpolated,21.01.2025,Nikita Moskalenko <nim@wip.tu-berlin.de>
HU,P_Hydro_RoR,2037,0.0331,,GW,interpolated,21.01.2025,Nikita Moskalenko <nim@wip.tu-berlin.de>
HU,P_Hydro_RoR,2038,0.0331,,GW,interpolated,21.01.2025,Nikita Moskalenko <nim@wip.tu-berlin.de>
HU,P_Hydro_RoR,2039,0.0331,,GW,interpolated,21.01.2025,Nikita Moskalenko <nim@wip.tu-berlin.de>
HR,P_Hydro_Reservoir,2026,1.4461,,GW,interpolated,21.01.2025,Nikita Moskalenko <nim@wip.tu-berlin.de>
HR,P_Hydro_Reservoir,2027,1.4461,,GW,interpolated,21.01.2025,Nikita Moskalenko <nim@wip.tu-berlin.de>
HR,P_Hydro_Reservoir,2028,1.4461,,GW,interpolated,21.01.2025,Nikita Moskalenko <nim@wip.tu-berlin.de>
HR,P_Hydro_Reservoir,2029,1.4461,,GW,interpolated,21.01.2025,Nikita Moskalenko <nim@wip.tu-berlin.de>
HR,P_Hydro_Reservoir,2031,1.4461,,GW,interpolated,21.01.2025,Nikita Moskalenko <nim@wip.tu-berlin.de>
HR,P_Hydro_Reservoir,2032,1.4461,,GW,interpolated,21.01.2025,Nikita Moskalenko <nim@wip.tu-berlin.de>
HR,P_Hydro_Reservoir,2033,1.4461,,GW,interpolated,21.01.2025,Nikita Moskalenko <nim@wip.tu-berlin.de>
HR,P_Hydro_Reservoir,2034,1.4461,,GW,interpolated,21.01.2025,Nikita Moskalenko <nim@wip.tu-berlin.de>
HR,P_Hydro_Reservoir,2036,1.4461,,GW,interpolated,21.01.2025,Nikita Moskalenko <nim@wip.tu-berlin.de>
HR,P_Hydro_Reservoir,2037,1.4461,,GW,interpolated,21.01.2025,Nikita Moskalenko <nim@wip.tu-berlin.de>
HR,P_Hydro_Reservoir,2038,1.4461,,GW,interpolated,21.01.2025,Nikita Moskalenko <nim@wip.tu-berlin.de>
HR,P_Hydro_Reservoir,2039,1.4461,,GW,interpolated,21.01.2025,Nikita Moskalenko <nim@wip.tu-berlin.de>
HR,P_Hydro_RoR,2026,0.4281,,GW,interpolated,21.01.2025,Nikita Moskalenko <nim@wip.tu-berlin.de>
HR,P_Hydro_RoR,2027,0.4281,,GW,interpolated,21.01.2025,Nikita Moskalenko <nim@wip.tu-berlin.de>
HR,P_Hydro_RoR,2028,0.4281,,GW,interpolated,21.01.2025,Nikita Moskalenko <nim@wip.tu-berlin.de>
HR,P_Hydro_RoR,2029,0.4281,,GW,interpolated,21.01.2025,Nikita Moskalenko <nim@wip.tu-berlin.de>
HR,P_Hydro_RoR,2031,0.4281,,GW,interpolated,21.01.2025,Nikita Moskalenko <nim@wip.tu-berlin.de>
HR,P_Hydro_RoR,2032,0.4281,,GW,interpolated,21.01.2025,Nikita Moskalenko <nim@wip.tu-berlin.de>
HR,P_Hydro_RoR,2033,0.4281,,GW,interpolated,21.01.2025,Nikita Moskalenko <nim@wip.tu-berlin.de>
HR,P_Hydro_RoR,2034,0.4281,,GW,interpolated,21.01.2025,Nikita Moskalenko <nim@wip.tu-berlin.de>
HR,P_Hydro_RoR,2036,0.4281,,GW,interpolated,21.01.2025,Nikita Moskalenko <nim@wip.tu-berlin.de>
HR,P_Hydro_RoR,2037,0.4281,,GW,interpolated,21.01.2025,Nikita Moskalenko <nim@wip.tu-berlin.de>
HR,P_Hydro_RoR,2038,0.4281,,GW,interpolated,21.01.2025,Nikita Moskalenko <nim@wip.tu-berlin.de>
HR,P_Hydro_RoR,2039,0.4281,,GW,interpolated,21.01.2025,Nikita Moskalenko <nim@wip.tu-berlin.de>
GR,P_Hydro_Reservoir,2026,2.5168,,GW,interpolated,21.01.2025,Nikita Moskalenko <nim@wip.tu-berlin.de>
GR,P_Hydro_Reservoir,2027,2.5696,,GW,interpolated,21.01.2025,Nikita Moskalenko <nim@wip.tu-berlin.de>
GR,P_Hydro_Reservoir,2028,2.6224,,GW,interpolated,21.01.2025,Nikita Moskalenko <nim@wip.tu-berlin.de>
GR,P_Hydro_Reservoir,2029,2.6752,,GW,interpolated,21.01.2025,Nikita Moskalenko <nim@wip.tu-berlin.de>
GR,P_Hydro_Reservoir,2031,2.816,,GW,interpolated,21.01.2025,Nikita Moskalenko <nim@wip.tu-berlin.de>
GR,P_Hydro_Reservoir,2032,2.904,,GW,interpolated,21.01.2025,Nikita Moskalenko <nim@wip.tu-berlin.de>
GR,P_Hydro_Reservoir,2033,2.992,,GW,interpolated,21.01.2025,Nikita Moskalenko <nim@wip.tu-berlin.de>
GR,P_Hydro_Reservoir,2034,3.08,,GW,interpolated,21.01.2025,Nikita Moskalenko <nim@wip.tu-berlin.de>
GR,P_Hydro_Reservoir,2036,3.2032,,GW,interpolated,21.01.2025,Nikita Moskalenko <nim@wip.tu-berlin.de>
GR,P_Hydro_Reservoir,2037,3.2384,,GW,interpolated,21.01.2025,Nikita Moskalenko <nim@wip.tu-berlin.de>
GR,P_Hydro_Reservoir,2038,3.2736,,GW,interpolated,21.01.2025,Nikita Moskalenko <nim@wip.tu-berlin.de>
GR,P_Hydro_Reservoir,2039,3.3088,,GW,interpolated,21.01.2025,Nikita Moskalenko <nim@wip.tu-berlin.de>
GR,P_Hydro_RoR,2026,0.3432,,GW,interpolated,21.01.2025,Nikita Moskalenko <nim@wip.tu-berlin.de>
GR,P_Hydro_RoR,2027,0.3504,,GW,interpolated,21.01.2025,Nikita Moskalenko <nim@wip.tu-berlin.de>
GR,P_Hydro_RoR,2028,0.3576,,GW,interpolated,21.01.2025,Nikita Moskalenko <nim@wip.tu-berlin.de>
GR,P_Hydro_RoR,2029,0.3648,,GW,interpolated,21.01.2025,Nikita Moskalenko <nim@wip.tu-berlin.de>
GR,P_Hydro_RoR,2031,0.384,,GW,interpolated,21.01.2025,Nikita Moskalenko <nim@wip.tu-berlin.de>
GR,P_Hydro_RoR,2032,0.396,,GW,interpolated,21.01.2025,Nikita Moskalenko <nim@wip.tu-berlin.de>
GR,P_Hydro_RoR,2033,0.408,,GW,interpolated,21.01.2025,Nikita Moskalenko <nim@wip.tu-berlin.de>
GR,P_Hydro_RoR,2034,0.42,,GW,interpolated,21.01.2025,Nikita Moskalenko <nim@wip.tu-berlin.de>
GR,P_Hydro_RoR,2036,0.4368,,GW,interpolated,21.01.2025,Nikita Moskalenko <nim@wip.tu-berlin.de>
GR,P_Hydro_RoR,2037,0.4416,,GW,interpolated,21.01.2025,Nikita Moskalenko <nim@wip.tu-berlin.de>
GR,P_Hydro_RoR,2038,0.4464,,GW,interpolated,21.01.2025,Nikita Moskalenko <nim@wip.tu-berlin.de>
GR,P_Hydro_RoR,2039,0.4512,,GW,interpolated,21.01.2025,Nikita Moskalenko <nim@wip.tu-berlin.de>
FR,P_Hydro_Reservoir,2026,8.7871,,GW,interpolated,21.01.2025,Nikita Moskalenko <nim@wip.tu-berlin.de>
FR,P_Hydro_Reservoir,2027,8.7871,,GW,interpolated,21.01.2025,Nikita Moskalenko <nim@wip.tu-berlin.de>
FR,P_Hydro_Reservoir,2028,8.7871,,GW,interpolated,21.01.2025,Nikita Moskalenko <nim@wip.tu-berlin.de>
FR,P_Hydro_Reservoir,2029,8.7871,,GW,interpolated,21.01.2025,Nikita Moskalenko <nim@wip.tu-berlin.de>
FR,P_Hydro_Reservoir,2031,8.7871,,GW,interpolated,21.01.2025,Nikita Moskalenko <nim@wip.tu-berlin.de>
FR,P_Hydro_Reservoir,2032,8.7871,,GW,interpolated,21.01.2025,Nikita Moskalenko <nim@wip.tu-berlin.de>
FR,P_Hydro_Reservoir,2033,8.7871,,GW,interpolated,21.01.2025,Nikita Moskalenko <nim@wip.tu-berlin.de>
FR,P_Hydro_Reservoir,2034,8.7871,,GW,interpolated,21.01.2025,Nikita Moskalenko <nim@wip.tu-berlin.de>
FR,P_Hydro_Reservoir,2036,8.7871,,GW,interpolated,21.01.2025,Nikita Moskalenko <nim@wip.tu-berlin.de>
FR,P_Hydro_Reservoir,2037,8.7871,,GW,interpolated,21.01.2025,Nikita Moskalenko <nim@wip.tu-berlin.de>
FR,P_Hydro_Reservoir,2038,8.7871,,GW,interpolated,21.01.2025,Nikita Moskalenko <nim@wip.tu-berlin.de>
FR,P_Hydro_Reservoir,2039,8.7871,,GW,interpolated,21.01.2025,Nikita Moskalenko <nim@wip.tu-berlin.de>
FR,P_Hydro_RoR,2026,11.5981,,GW,interpolated,21.01.2025,Nikita Moskalenko <nim@wip.tu-berlin.de>
FR,P_Hydro_RoR,2027,11.5981,,GW,interpolated,21.01.2025,Nikita Moskalenko <nim@wip.tu-berlin.de>
FR,P_Hydro_RoR,2028,11.5981,,GW,interpolated,21.01.2025,Nikita Moskalenko <nim@wip.tu-berlin.de>
FR,P_Hydro_RoR,2029,11.5981,,GW,interpolated,21.01.2025,Nikita Moskalenko <nim@wip.tu-berlin.de>
FR,P_Hydro_RoR,2031,11.5981,,GW,interpolated,21.01.2025,Nikita Moskalenko <nim@wip.tu-berlin.de>
FR,P_Hydro_RoR,2032,11.5981,,GW,interpolated,21.01.2025,Nikita Moskalenko <nim@wip.tu-berlin.de>
FR,P_Hydro_RoR,2033,11.5981,,GW,interpolated,21.01.2025,Nikita Moskalenko <nim@wip.tu-berlin.de>
FR,P_Hydro_RoR,2034,11.5981,,GW,interpolated,21.01.2025,Nikita Moskalenko <nim@wip.tu-berlin.de>
FR,P_Hydro_RoR,2036,11.5981,,GW,interpolated,21.01.2025,Nikita Moskalenko <nim@wip.tu-berlin.de>
FR,P_Hydro_RoR,2037,11.5981,,GW,interpolated,21.01.2025,Nikita Moskalenko <nim@wip.tu-berlin.de>
FR,P_Hydro_RoR,2038,11.5981,,GW,interpolated,21.01.2025,Nikita Moskalenko <nim@wip.tu-berlin.de>
FR,P_Hydro_RoR,2039,11.5981,,GW,interpolated,21.01.2025,Nikita Moskalenko <nim@wip.tu-berlin.de>
FI,P_Hydro_Reservoir,2026,0,,GW,interpolated,21.01.2025,Nikita Moskalenko <nim@wip.tu-berlin.de>
FI,P_Hydro_Reservoir,2027,0,,GW,interpolated,21.01.2025,Nikita Moskalenko <nim@wip.tu-berlin.de>
FI,P_Hydro_Reservoir,2028,0,,GW,interpolated,21.01.2025,Nikita Moskalenko <nim@wip.tu-berlin.de>
FI,P_Hydro_Reservoir,2029,0,,GW,interpolated,21.01.2025,Nikita Moskalenko <nim@wip.tu-berlin.de>
FI,P_Hydro_Reservoir,2031,0,,GW,interpolated,21.01.2025,Nikita Moskalenko <nim@wip.tu-berlin.de>
FI,P_Hydro_Reservoir,2032,0,,GW,interpolated,21.01.2025,Nikita Moskalenko <nim@wip.tu-berlin.de>
FI,P_Hydro_Reservoir,2033,0,,GW,interpolated,21.01.2025,Nikita Moskalenko <nim@wip.tu-berlin.de>
FI,P_Hydro_Reservoir,2034,0,,GW,interpolated,21.01.2025,Nikita Moskalenko <nim@wip.tu-berlin.de>
FI,P_Hydro_Reservoir,2036,0,,GW,interpolated,21.01.2025,Nikita Moskalenko <nim@wip.tu-berlin.de>
FI,P_Hydro_Reservoir,2037,0,,GW,interpolated,21.01.2025,Nikita Moskalenko <nim@wip.tu-berlin.de>
FI,P_Hydro_Reservoir,2038,0,,GW,interpolated,21.01.2025,Nikita Moskalenko <nim@wip.tu-berlin.de>
FI,P_Hydro_Reservoir,2039,0,,GW,interpolated,21.01.2025,Nikita Moskalenko <nim@wip.tu-berlin.de>
FI,P_Hydro_RoR,2026,3.1731,,GW,interpolated,21.01.2025,Nikita Moskalenko <nim@wip.tu-berlin.de>
FI,P_Hydro_RoR,2027,3.1731,,GW,interpolated,21.01.2025,Nikita Moskalenko <nim@wip.tu-berlin.de>
FI,P_Hydro_RoR,2028,3.1731,,GW,interpolated,21.01.2025,Nikita Moskalenko <nim@wip.tu-berlin.de>
FI,P_Hydro_RoR,2029,3.1731,,GW,interpolated,21.01.2025,Nikita Moskalenko <nim@wip.tu-berlin.de>
FI,P_Hydro_RoR,2031,3.1731,,GW,interpolated,21.01.2025,Nikita Moskalenko <nim@wip.tu-berlin.de>
FI,P_Hydro_RoR,2032,3.1731,,GW,interpolated,21.01.2025,Nikita Moskalenko <nim@wip.tu-berlin.de>
FI,P_Hydro_RoR,2033,3.1731,,GW,interpolated,21.01.2025,Nikita Moskalenko <nim@wip.tu-berlin.de>
FI,P_Hydro_RoR,2034,3.1731,,GW,interpolated,21.01.2025,Nikita Moskalenko <nim@wip.tu-berlin.de>
FI,P_Hydro_RoR,2036,3.1731,,GW,interpolated,21.01.2025,Nikita Moskalenko <nim@wip.tu-berlin.de>
FI,P_Hydro_RoR,2037,3.1731,,GW,interpolated,21.01.2025,Nikita Moskalenko <nim@wip.tu-berlin.de>
FI,P_Hydro_RoR,2038,3.1731,,GW,interpolated,21.01.2025,Nikita Moskalenko <nim@wip.tu-berlin.de>
FI,P_Hydro_RoR,2039,3.1731,,GW,interpolated,21.01.2025,Nikita Moskalenko <nim@wip.tu-berlin.de>
ES,P_Hydro_Reservoir,2026,13.165,,GW,interpolated,21.01.2025,Nikita Moskalenko <nim@wip.tu-berlin.de>
ES,P_Hydro_Reservoir,2027,13.225,,GW,interpolated,21.01.2025,Nikita Moskalenko <nim@wip.tu-berlin.de>
ES,P_Hydro_Reservoir,2028,13.285,,GW,interpolated,21.01.2025,Nikita Moskalenko <nim@wip.tu-berlin.de>
ES,P_Hydro_Reservoir,2029,13.345,,GW,interpolated,21.01.2025,Nikita Moskalenko <nim@wip.tu-berlin.de>
ES,P_Hydro_Reservoir,2031,13.405,,GW,interpolated,21.01.2025,Nikita Moskalenko <nim@wip.tu-berlin.de>
ES,P_Hydro_Reservoir,2032,13.405,,GW,interpolated,21.01.2025,Nikita Moskalenko <nim@wip.tu-berlin.de>
ES,P_Hydro_Reservoir,2033,13.405,,GW,interpolated,21.01.2025,Nikita Moskalenko <nim@wip.tu-berlin.de>
ES,P_Hydro_Reservoir,2034,13.405,,GW,interpolated,21.01.2025,Nikita Moskalenko <nim@wip.tu-berlin.de>
ES,P_Hydro_Reservoir,2036,13.405,,GW,interpolated,21.01.2025,Nikita Moskalenko <nim@wip.tu-berlin.de>
ES,P_Hydro_Reservoir,2037,13.405,,GW,interpolated,21.01.2025,Nikita Moskalenko <nim@wip.tu-berlin.de>
ES,P_Hydro_Reservoir,2038,13.405,,GW,interpolated,21.01.2025,Nikita Moskalenko <nim@wip.tu-berlin.de>
ES,P_Hydro_Reservoir,2039,13.405,,GW,interpolated,21.01.2025,Nikita Moskalenko <nim@wip.tu-berlin.de>
ES,P_Hydro_RoR,2026,1.156,,GW,interpolated,21.01.2025,Nikita Moskalenko <nim@wip.tu-berlin.de>
ES,P_Hydro_RoR,2027,1.156,,GW,interpolated,21.01.2025,Nikita Moskalenko <nim@wip.tu-berlin.de>
ES,P_Hydro_RoR,2028,1.156,,GW,interpolated,21.01.2025,Nikita Moskalenko <nim@wip.tu-berlin.de>
ES,P_Hydro_RoR,2029,1.156,,GW,interpolated,21.01.2025,Nikita Moskalenko <nim@wip.tu-berlin.de>
ES,P_Hydro_RoR,2031,1.156,,GW,interpolated,21.01.2025,Nikita Moskalenko <nim@wip.tu-berlin.de>
ES,P_Hydro_RoR,2032,1.156,,GW,interpolated,21.01.2025,Nikita Moskalenko <nim@wip.tu-berlin.de>
ES,P_Hydro_RoR,2033,1.156,,GW,interpolated,21.01.2025,Nikita Moskalenko <nim@wip.tu-berlin.de>
ES,P_Hydro_RoR,2034,1.156,,GW,interpolated,21.01.2025,Nikita Moskalenko <nim@wip.tu-berlin.de>
ES,P_Hydro_RoR,2036,1.156,,GW,interpolated,21.01.2025,Nikita Moskalenko <nim@wip.tu-berlin.de>
ES,P_Hydro_RoR,2037,1.156,,GW,interpolated,21.01.2025,Nikita Moskalenko <nim@wip.tu-berlin.de>
ES,P_Hydro_RoR,2038,1.156,,GW,interpolated,21.01.2025,Nikita Moskalenko <nim@wip.tu-berlin.de>
ES,P_Hydro_RoR,2039,1.156,,GW,interpolated,21.01.2025,Nikita Moskalenko <nim@wip.tu-berlin.de>
EE,P_Hydro_Reservoir,2026,0,,GW,interpolated,21.01.2025,Nikita Moskalenko <nim@wip.tu-berlin.de>
EE,P_Hydro_Reservoir,2027,0,,GW,interpolated,21.01.2025,Nikita Moskalenko <nim@wip.tu-berlin.de>
EE,P_Hydro_Reservoir,2028,0,,GW,interpolated,21.01.2025,Nikita Moskalenko <nim@wip.tu-berlin.de>
EE,P_Hydro_Reservoir,2029,0,,GW,interpolated,21.01.2025,Nikita Moskalenko <nim@wip.tu-berlin.de>
EE,P_Hydro_Reservoir,2031,0,,GW,interpolated,21.01.2025,Nikita Moskalenko <nim@wip.tu-berlin.de>
EE,P_Hydro_Reservoir,2032,0,,GW,interpolated,21.01.2025,Nikita Moskalenko <nim@wip.tu-berlin.de>
EE,P_Hydro_Reservoir,2033,0,,GW,interpolated,21.01.2025,Nikita Moskalenko <nim@wip.tu-berlin.de>
EE,P_Hydro_Reservoir,2034,0,,GW,interpolated,21.01.2025,Nikita Moskalenko <nim@wip.tu-berlin.de>
EE,P_Hydro_Reservoir,2036,0,,GW,interpolated,21.01.2025,Nikita Moskalenko <nim@wip.tu-berlin.de>
EE,P_Hydro_Reservoir,2037,0,,GW,interpolated,21.01.2025,Nikita Moskalenko <nim@wip.tu-berlin.de>
EE,P_Hydro_Reservoir,2038,0,,GW,interpolated,21.01.2025,Nikita Moskalenko <nim@wip.tu-berlin.de>
EE,P_Hydro_Reservoir,2039,0,,GW,interpolated,21.01.2025,Nikita Moskalenko <nim@wip.tu-berlin.de>
EE,P_Hydro_RoR,2026,0.008,,GW,interpolated,21.01.2025,Nikita Moskalenko <nim@wip.tu-berlin.de>
EE,P_Hydro_RoR,2027,0.008,,GW,interpolated,21.01.2025,Nikita Moskalenko <nim@wip.tu-berlin.de>
EE,P_Hydro_RoR,2028,0.008,,GW,interpolated,21.01.2025,Nikita Moskalenko <nim@wip.tu-berlin.de>
EE,P_Hydro_RoR,2029,0.008,,GW,interpolated,21.01.2025,Nikita Moskalenko <nim@wip.tu-berlin.de>
EE,P_Hydro_RoR,2031,0.008,,GW,interpolated,21.01.2025,Nikita Moskalenko <nim@wip.tu-berlin.de>
EE,P_Hydro_RoR,2032,0.008,,GW,interpolated,21.01.2025,Nikita Moskalenko <nim@wip.tu-berlin.de>
EE,P_Hydro_RoR,2033,0.008,,GW,interpolated,21.01.2025,Nikita Moskalenko <nim@wip.tu-berlin.de>
EE,P_Hydro_RoR,2034,0.008,,GW,interpolated,21.01.2025,Nikita Moskalenko <nim@wip.tu-berlin.de>
EE,P_Hydro_RoR,2036,0.008,,GW,interpolated,21.01.2025,Nikita Moskalenko <nim@wip.tu-berlin.de>
EE,P_Hydro_RoR,2037,0.008,,GW,interpolated,21.01.2025,Nikita Moskalenko <nim@wip.tu-berlin.de>
EE,P_Hydro_RoR,2038,0.008,,GW,interpolated,21.01.2025,Nikita Moskalenko <nim@wip.tu-berlin.de>
EE,P_Hydro_RoR,2039,0.008,,GW,interpolated,21.01.2025,Nikita Moskalenko <nim@wip.tu-berlin.de>
DK,P_Hydro_Reservoir,2026,0,,GW,interpolated,21.01.2025,Nikita Moskalenko <nim@wip.tu-berlin.de>
DK,P_Hydro_Reservoir,2027,0,,GW,interpolated,21.01.2025,Nikita Moskalenko <nim@wip.tu-berlin.de>
DK,P_Hydro_Reservoir,2028,0,,GW,interpolated,21.01.2025,Nikita Moskalenko <nim@wip.tu-berlin.de>
DK,P_Hydro_Reservoir,2029,0,,GW,interpolated,21.01.2025,Nikita Moskalenko <nim@wip.tu-berlin.de>
DK,P_Hydro_Reservoir,2031,0,,GW,interpolated,21.01.2025,Nikita Moskalenko <nim@wip.tu-berlin.de>
DK,P_Hydro_Reservoir,2032,0,,GW,interpolated,21.01.2025,Nikita Moskalenko <nim@wip.tu-berlin.de>
DK,P_Hydro_Reservoir,2033,0,,GW,interpolated,21.01.2025,Nikita Moskalenko <nim@wip.tu-berlin.de>
DK,P_Hydro_Reservoir,2034,0,,GW,interpolated,21.01.2025,Nikita Moskalenko <nim@wip.tu-berlin.de>
DK,P_Hydro_Reservoir,2036,0,,GW,interpolated,21.01.2025,Nikita Moskalenko <nim@wip.tu-berlin.de>
DK,P_Hydro_Reservoir,2037,0,,GW,interpolated,21.01.2025,Nikita Moskalenko <nim@wip.tu-berlin.de>
DK,P_Hydro_Reservoir,2038,0,,GW,interpolated,21.01.2025,Nikita Moskalenko <nim@wip.tu-berlin.de>
DK,P_Hydro_Reservoir,2039,0,,GW,interpolated,21.01.2025,Nikita Moskalenko <nim@wip.tu-berlin.de>
DK,P_Hydro_RoR,2026,0.006,,GW,interpolated,21.01.2025,Nikita Moskalenko <nim@wip.tu-berlin.de>
DK,P_Hydro_RoR,2027,0.006,,GW,interpolated,21.01.2025,Nikita Moskalenko <nim@wip.tu-berlin.de>
DK,P_Hydro_RoR,2028,0.006,,GW,interpolated,21.01.2025,Nikita Moskalenko <nim@wip.tu-berlin.de>
DK,P_Hydro_RoR,2029,0.006,,GW,interpolated,21.01.2025,Nikita Moskalenko <nim@wip.tu-berlin.de>
DK,P_Hydro_RoR,2031,0.006,,GW,interpolated,21.01.2025,Nikita Moskalenko <nim@wip.tu-berlin.de>
DK,P_Hydro_RoR,2032,0.006,,GW,interpolated,21.01.2025,Nikita Moskalenko <nim@wip.tu-berlin.de>
DK,P_Hydro_RoR,2033,0.006,,GW,interpolated,21.01.2025,Nikita Moskalenko <nim@wip.tu-berlin.de>
DK,P_Hydro_RoR,2034,0.006,,GW,interpolated,21.01.2025,Nikita Moskalenko <nim@wip.tu-berlin.de>
DK,P_Hydro_RoR,2036,0.006,,GW,interpolated,21.01.2025,Nikita Moskalenko <nim@wip.tu-berlin.de>
DK,P_Hydro_RoR,2037,0.006,,GW,interpolated,21.01.2025,Nikita Moskalenko <nim@wip.tu-berlin.de>
DK,P_Hydro_RoR,2038,0.006,,GW,interpolated,21.01.2025,Nikita Moskalenko <nim@wip.tu-berlin.de>
DK,P_Hydro_RoR,2039,0.006,,GW,interpolated,21.01.2025,Nikita Moskalenko <nim@wip.tu-berlin.de>
DE_TH,P_PV_Rooftop_Commercial,2026,2.4,,GW,interpolated,,
DE_TH,P_PV_Rooftop_Commercial,2027,2.4,,GW,interpolated,,
DE_TH,P_PV_Rooftop_Commercial,2028,2.4,,GW,interpolated,,
DE_TH,P_PV_Rooftop_Commercial,2029,2.4,,GW,interpolated,,
DE_TH,P_PV_Rooftop_Commercial,2031,2.4,,GW,interpolated,,
DE_TH,P_PV_Rooftop_Commercial,2032,2.4,,GW,interpolated,,
DE_TH,P_PV_Rooftop_Commercial,2033,2.4,,GW,interpolated,,
DE_TH,P_PV_Rooftop_Commercial,2034,2.4,,GW,interpolated,,
DE_TH,P_PV_Rooftop_Commercial,2036,2.4,,GW,interpolated,,
DE_TH,P_PV_Rooftop_Commercial,2037,2.4,,GW,interpolated,,
DE_TH,P_PV_Rooftop_Commercial,2038,2.4,,GW,interpolated,,
DE_TH,P_PV_Rooftop_Commercial,2039,2.4,,GW,interpolated,,
DE_TH,P_PV_Rooftop_Residential,2026,2.9,,GW,interpolated,,
DE_TH,P_PV_Rooftop_Residential,2027,2.9,,GW,interpolated,,
DE_TH,P_PV_Rooftop_Residential,2028,2.9,,GW,interpolated,,
DE_TH,P_PV_Rooftop_Residential,2029,2.9,,GW,interpolated,,
DE_TH,P_PV_Rooftop_Residential,2031,2.9,,GW,interpolated,,
DE_TH,P_PV_Rooftop_Residential,2032,2.9,,GW,interpolated,,
DE_TH,P_PV_Rooftop_Residential,2033,2.9,,GW,interpolated,,
DE_TH,P_PV_Rooftop_Residential,2034,2.9,,GW,interpolated,,
DE_TH,P_PV_Rooftop_Residential,2036,2.9,,GW,interpolated,,
DE_TH,P_PV_Rooftop_Residential,2037,2.9,,GW,interpolated,,
DE_TH,P_PV_Rooftop_Residential,2038,2.9,,GW,interpolated,,
DE_TH,P_PV_Rooftop_Residential,2039,2.9,,GW,interpolated,,
DE_TH,P_PV_Utility_Avg,2026,1.49525,,GW,interpolated,,
DE_TH,P_PV_Utility_Avg,2027,1.49525,,GW,interpolated,,
DE_TH,P_PV_Utility_Avg,2028,1.49525,,GW,interpolated,,
DE_TH,P_PV_Utility_Avg,2029,1.49525,,GW,interpolated,,
DE_TH,P_PV_Utility_Avg,2031,1.49525,,GW,interpolated,,
DE_TH,P_PV_Utility_Avg,2032,1.49525,,GW,interpolated,,
DE_TH,P_PV_Utility_Avg,2033,1.49525,,GW,interpolated,,
DE_TH,P_PV_Utility_Avg,2034,1.49525,,GW,interpolated,,
DE_TH,P_PV_Utility_Avg,2036,1.49525,,GW,interpolated,,
DE_TH,P_PV_Utility_Avg,2037,1.49525,,GW,interpolated,,
DE_TH,P_PV_Utility_Avg,2038,1.49525,,GW,interpolated,,
DE_TH,P_PV_Utility_Avg,2039,1.49525,,GW,interpolated,,
DE_TH,P_PV_Utility_Inf,2026,4.48574,,GW,interpolated,,
DE_TH,P_PV_Utility_Inf,2027,4.48574,,GW,interpolated,,
DE_TH,P_PV_Utility_Inf,2028,4.48574,,GW,interpolated,,
DE_TH,P_PV_Utility_Inf,2029,4.48574,,GW,interpolated,,
DE_TH,P_PV_Utility_Inf,2031,4.48574,,GW,interpolated,,
DE_TH,P_PV_Utility_Inf,2032,4.48574,,GW,interpolated,,
DE_TH,P_PV_Utility_Inf,2033,4.48574,,GW,interpolated,,
DE_TH,P_PV_Utility_Inf,2034,4.48574,,GW,interpolated,,
DE_TH,P_PV_Utility_Inf,2036,4.48574,,GW,interpolated,,
DE_TH,P_PV_Utility_Inf,2037,4.48574,,GW,interpolated,,
DE_TH,P_PV_Utility_Inf,2038,4.48574,,GW,interpolated,,
DE_TH,P_PV_Utility_Inf,2039,4.48574,,GW,interpolated,,
DE_TH,P_PV_Utility_Opt,2026,4.48574,,GW,interpolated,,
DE_TH,P_PV_Utility_Opt,2027,4.48574,,GW,interpolated,,
DE_TH,P_PV_Utility_Opt,2028,4.48574,,GW,interpolated,,
DE_TH,P_PV_Utility_Opt,2029,4.48574,,GW,interpolated,,
DE_TH,P_PV_Utility_Opt,2031,4.48574,,GW,interpolated,,
DE_TH,P_PV_Utility_Opt,2032,4.48574,,GW,interpolated,,
DE_TH,P_PV_Utility_Opt,2033,4.48574,,GW,interpolated,,
DE_TH,P_PV_Utility_Opt,2034,4.48574,,GW,interpolated,,
DE_TH,P_PV_Utility_Opt,2036,4.48574,,GW,interpolated,,
DE_TH,P_PV_Utility_Opt,2037,4.48574,,GW,interpolated,,
DE_TH,P_PV_Utility_Opt,2038,4.48574,,GW,interpolated,,
DE_TH,P_PV_Utility_Opt,2039,4.48574,,GW,interpolated,,
DE_TH,P_Wind_Onshore_Avg,2026,2.5,,GW,interpolated,,
DE_TH,P_Wind_Onshore_Avg,2027,2.5,,GW,interpolated,,
DE_TH,P_Wind_Onshore_Avg,2028,2.5,,GW,interpolated,,
DE_TH,P_Wind_Onshore_Avg,2029,2.5,,GW,interpolated,,
DE_TH,P_Wind_Onshore_Avg,2031,2.5,,GW,interpolated,,
DE_TH,P_Wind_Onshore_Avg,2032,2.5,,GW,interpolated,,
DE_TH,P_Wind_Onshore_Avg,2033,2.5,,GW,interpolated,,
DE_TH,P_Wind_Onshore_Avg,2034,2.5,,GW,interpolated,,
DE_TH,P_Wind_Onshore_Avg,2036,2.5,,GW,interpolated,,
DE_TH,P_Wind_Onshore_Avg,2037,2.5,,GW,interpolated,,
DE_TH,P_Wind_Onshore_Avg,2038,2.5,,GW,interpolated,,
DE_TH,P_Wind_Onshore_Avg,2039,2.5,,GW,interpolated,,
DE_TH,P_Wind_Onshore_Inf,2026,2.5,,GW,interpolated,,
DE_TH,P_Wind_Onshore_Inf,2027,2.5,,GW,interpolated,,
DE_TH,P_Wind_Onshore_Inf,2028,2.5,,GW,interpolated,,
DE_TH,P_Wind_Onshore_Inf,2029,2.5,,GW,interpolated,,
DE_TH,P_Wind_Onshore_Inf,2031,2.5,,GW,interpolated,,
DE_TH,P_Wind_Onshore_Inf,2032,2.5,,GW,interpolated,,
DE_TH,P_Wind_Onshore_Inf,2033,2.5,,GW,interpolated,,
DE_TH,P_Wind_Onshore_Inf,2034,2.5,,GW,interpolated,,
DE_TH,P_Wind_Onshore_Inf,2036,2.5,,GW,interpolated,,
DE_TH,P_Wind_Onshore_Inf,2037,2.5,,GW,interpolated,,
DE_TH,P_Wind_Onshore_Inf,2038,2.5,,GW,interpolated,,
DE_TH,P_Wind_Onshore_Inf,2039,2.5,,GW,interpolated,,
DE_TH,P_Wind_Onshore_Opt,2026,2.5,,GW,interpolated,,
DE_TH,P_Wind_Onshore_Opt,2027,2.5,,GW,interpolated,,
DE_TH,P_Wind_Onshore_Opt,2028,2.5,,GW,interpolated,,
DE_TH,P_Wind_Onshore_Opt,2029,2.5,,GW,interpolated,,
DE_TH,P_Wind_Onshore_Opt,2031,2.5,,GW,interpolated,,
DE_TH,P_Wind_Onshore_Opt,2032,2.5,,GW,interpolated,,
DE_TH,P_Wind_Onshore_Opt,2033,2.5,,GW,interpolated,,
DE_TH,P_Wind_Onshore_Opt,2034,2.5,,GW,interpolated,,
DE_TH,P_Wind_Onshore_Opt,2036,2.5,,GW,interpolated,,
DE_TH,P_Wind_Onshore_Opt,2037,2.5,,GW,interpolated,,
DE_TH,P_Wind_Onshore_Opt,2038,2.5,,GW,interpolated,,
DE_TH,P_Wind_Onshore_Opt,2039,2.5,,GW,interpolated,,
DE_ST,P_PV_Rooftop_Commercial,2026,3.6,,GW,interpolated,,
DE_ST,P_PV_Rooftop_Commercial,2027,3.6,,GW,interpolated,,
DE_ST,P_PV_Rooftop_Commercial,2028,3.6,,GW,interpolated,,
DE_ST,P_PV_Rooftop_Commercial,2029,3.6,,GW,interpolated,,
DE_ST,P_PV_Rooftop_Commercial,2031,3.6,,GW,interpolated,,
DE_ST,P_PV_Rooftop_Commercial,2032,3.6,,GW,interpolated,,
DE_ST,P_PV_Rooftop_Commercial,2033,3.6,,GW,interpolated,,
DE_ST,P_PV_Rooftop_Commercial,2034,3.6,,GW,interpolated,,
DE_ST,P_PV_Rooftop_Commercial,2036,3.6,,GW,interpolated,,
DE_ST,P_PV_Rooftop_Commercial,2037,3.6,,GW,interpolated,,
DE_ST,P_PV_Rooftop_Commercial,2038,3.6,,GW,interpolated,,
DE_ST,P_PV_Rooftop_Commercial,2039,3.6,,GW,interpolated,,
DE_ST,P_PV_Rooftop_Residential,2026,2.9,,GW,interpolated,,
DE_ST,P_PV_Rooftop_Residential,2027,2.9,,GW,interpolated,,
DE_ST,P_PV_Rooftop_Residential,2028,2.9,,GW,interpolated,,
DE_ST,P_PV_Rooftop_Residential,2029,2.9,,GW,interpolated,,
DE_ST,P_PV_Rooftop_Residential,2031,2.9,,GW,interpolated,,
DE_ST,P_PV_Rooftop_Residential,2032,2.9,,GW,interpolated,,
DE_ST,P_PV_Rooftop_Residential,2033,2.9,,GW,interpolated,,
DE_ST,P_PV_Rooftop_Residential,2034,2.9,,GW,interpolated,,
DE_ST,P_PV_Rooftop_Residential,2036,2.9,,GW,interpolated,,
DE_ST,P_PV_Rooftop_Residential,2037,2.9,,GW,interpolated,,
DE_ST,P_PV_Rooftop_Residential,2038,2.9,,GW,interpolated,,
DE_ST,P_PV_Rooftop_Residential,2039,2.9,,GW,interpolated,,
DE_ST,P_PV_Utility_Avg,2026,1.88747,,GW,interpolated,,
DE_ST,P_PV_Utility_Avg,2027,1.88747,,GW,interpolated,,
DE_ST,P_PV_Utility_Avg,2028,1.88747,,GW,interpolated,,
DE_ST,P_PV_Utility_Avg,2029,1.88747,,GW,interpolated,,
DE_ST,P_PV_Utility_Avg,2031,1.88747,,GW,interpolated,,
DE_ST,P_PV_Utility_Avg,2032,1.88747,,GW,interpolated,,
DE_ST,P_PV_Utility_Avg,2033,1.88747,,GW,interpolated,,
DE_ST,P_PV_Utility_Avg,2034,1.88747,,GW,interpolated,,
DE_ST,P_PV_Utility_Avg,2036,1.88747,,GW,interpolated,,
DE_ST,P_PV_Utility_Avg,2037,1.88747,,GW,interpolated,,
DE_ST,P_PV_Utility_Avg,2038,1.88747,,GW,interpolated,,
DE_ST,P_PV_Utility_Avg,2039,1.88747,,GW,interpolated,,
DE_ST,P_PV_Utility_Inf,2026,5.66241,,GW,interpolated,,
DE_ST,P_PV_Utility_Inf,2027,5.66241,,GW,interpolated,,
DE_ST,P_PV_Utility_Inf,2028,5.66241,,GW,interpolated,,
DE_ST,P_PV_Utility_Inf,2029,5.66241,,GW,interpolated,,
DE_ST,P_PV_Utility_Inf,2031,5.66241,,GW,interpolated,,
DE_ST,P_PV_Utility_Inf,2032,5.66241,,GW,interpolated,,
DE_ST,P_PV_Utility_Inf,2033,5.66241,,GW,interpolated,,
DE_ST,P_PV_Utility_Inf,2034,5.66241,,GW,interpolated,,
DE_ST,P_PV_Utility_Inf,2036,5.66241,,GW,interpolated,,
DE_ST,P_PV_Utility_Inf,2037,5.66241,,GW,interpolated,,
DE_ST,P_PV_Utility_Inf,2038,5.66241,,GW,interpolated,,
DE_ST,P_PV_Utility_Inf,2039,5.66241,,GW,interpolated,,
DE_ST,P_PV_Utility_Opt,2026,5.66241,,GW,interpolated,,
DE_ST,P_PV_Utility_Opt,2027,5.66241,,GW,interpolated,,
DE_ST,P_PV_Utility_Opt,2028,5.66241,,GW,interpolated,,
DE_ST,P_PV_Utility_Opt,2029,5.66241,,GW,interpolated,,
DE_ST,P_PV_Utility_Opt,2031,5.66241,,GW,interpolated,,
DE_ST,P_PV_Utility_Opt,2032,5.66241,,GW,interpolated,,
DE_ST,P_PV_Utility_Opt,2033,5.66241,,GW,interpolated,,
DE_ST,P_PV_Utility_Opt,2034,5.66241,,GW,interpolated,,
DE_ST,P_PV_Utility_Opt,2036,5.66241,,GW,interpolated,,
DE_ST,P_PV_Utility_Opt,2037,5.66241,,GW,interpolated,,
DE_ST,P_PV_Utility_Opt,2038,5.66241,,GW,interpolated,,
DE_ST,P_PV_Utility_Opt,2039,5.66241,,GW,interpolated,,
DE_ST,P_Wind_Onshore_Avg,2026,2.46667,,GW,interpolated,,
DE_ST,P_Wind_Onshore_Avg,2027,2.46667,,GW,interpolated,,
DE_ST,P_Wind_Onshore_Avg,2028,2.46667,,GW,interpolated,,
DE_ST,P_Wind_Onshore_Avg,2029,2.46667,,GW,interpolated,,
DE_ST,P_Wind_Onshore_Avg,2031,2.46667,,GW,interpolated,,
DE_ST,P_Wind_Onshore_Avg,2032,2.46667,,GW,interpolated,,
DE_ST,P_Wind_Onshore_Avg,2033,2.46667,,GW,interpolated,,
DE_ST,P_Wind_Onshore_Avg,2034,2.46667,,GW,interpolated,,
DE_ST,P_Wind_Onshore_Avg,2036,2.46667,,GW,interpolated,,
DE_ST,P_Wind_Onshore_Avg,2037,2.46667,,GW,interpolated,,
DE_ST,P_Wind_Onshore_Avg,2038,2.46667,,GW,interpolated,,
DE_ST,P_Wind_Onshore_Avg,2039,2.46667,,GW,interpolated,,
DE_ST,P_Wind_Onshore_Inf,2026,2.46667,,GW,interpolated,,
DE_ST,P_Wind_Onshore_Inf,2027,2.46667,,GW,interpolated,,
DE_ST,P_Wind_Onshore_Inf,2028,2.46667,,GW,interpolated,,
DE_ST,P_Wind_Onshore_Inf,2029,2.46667,,GW,interpolated,,
DE_ST,P_Wind_Onshore_Inf,2031,2.46667,,GW,interpolated,,
DE_ST,P_Wind_Onshore_Inf,2032,2.46667,,GW,interpolated,,
DE_ST,P_Wind_Onshore_Inf,2033,2.46667,,GW,interpolated,,
DE_ST,P_Wind_Onshore_Inf,2034,2.46667,,GW,interpolated,,
DE_ST,P_Wind_Onshore_Inf,2036,2.46667,,GW,interpolated,,
DE_ST,P_Wind_Onshore_Inf,2037,2.46667,,GW,interpolated,,
DE_ST,P_Wind_Onshore_Inf,2038,2.46667,,GW,interpolated,,
DE_ST,P_Wind_Onshore_Inf,2039,2.46667,,GW,interpolated,,
DE_ST,P_Wind_Onshore_Opt,2026,4.71733,,GW,interpolated,,
DE_ST,P_Wind_Onshore_Opt,2027,4.15467,,GW,interpolated,,
DE_ST,P_Wind_Onshore_Opt,2028,3.592,,GW,interpolated,,
DE_ST,P_Wind_Onshore_Opt,2029,3.02934,,GW,interpolated,,
DE_ST,P_Wind_Onshore_Opt,2031,2.46667,,GW,interpolated,,
DE_ST,P_Wind_Onshore_Opt,2032,2.46667,,GW,interpolated,,
DE_ST,P_Wind_Onshore_Opt,2033,2.46667,,GW,interpolated,,
DE_ST,P_Wind_Onshore_Opt,2034,2.46667,,GW,interpolated,,
DE_ST,P_Wind_Onshore_Opt,2036,2.46667,,GW,interpolated,,
DE_ST,P_Wind_Onshore_Opt,2037,2.46667,,GW,interpolated,,
DE_ST,P_Wind_Onshore_Opt,2038,2.46667,,GW,interpolated,,
DE_ST,P_Wind_Onshore_Opt,2039,2.46667,,GW,interpolated,,
DE_SN,P_PV_Rooftop_Commercial,2026,4.4,,GW,interpolated,,
DE_SN,P_PV_Rooftop_Commercial,2027,4.4,,GW,interpolated,,
DE_SN,P_PV_Rooftop_Commercial,2028,4.4,,GW,interpolated,,
DE_SN,P_PV_Rooftop_Commercial,2029,4.4,,GW,interpolated,,
DE_SN,P_PV_Rooftop_Commercial,2031,4.4,,GW,interpolated,,
DE_SN,P_PV_Rooftop_Commercial,2032,4.4,,GW,interpolated,,
DE_SN,P_PV_Rooftop_Commercial,2033,4.4,,GW,interpolated,,
DE_SN,P_PV_Rooftop_Commercial,2034,4.4,,GW,interpolated,,
DE_SN,P_PV_Rooftop_Commercial,2036,4.4,,GW,interpolated,,
DE_SN,P_PV_Rooftop_Commercial,2037,4.4,,GW,interpolated,,
DE_SN,P_PV_Rooftop_Commercial,2038,4.4,,GW,interpolated,,
DE_SN,P_PV_Rooftop_Commercial,2039,4.4,,GW,interpolated,,
DE_SN,P_PV_Rooftop_Residential,2026,4.3,,GW,interpolated,,
DE_SN,P_PV_Rooftop_Residential,2027,4.3,,GW,interpolated,,
DE_SN,P_PV_Rooftop_Residential,2028,4.3,,GW,interpolated,,
DE_SN,P_PV_Rooftop_Residential,2029,4.3,,GW,interpolated,,
DE_SN,P_PV_Rooftop_Residential,2031,4.3,,GW,interpolated,,
DE_SN,P_PV_Rooftop_Residential,2032,4.3,,GW,interpolated,,
DE_SN,P_PV_Rooftop_Residential,2033,4.3,,GW,interpolated,,
DE_SN,P_PV_Rooftop_Residential,2034,4.3,,GW,interpolated,,
DE_SN,P_PV_Rooftop_Residential,2036,4.3,,GW,interpolated,,
DE_SN,P_PV_Rooftop_Residential,2037,4.3,,GW,interpolated,,
DE_SN,P_PV_Rooftop_Residential,2038,4.3,,GW,interpolated,,
DE_SN,P_PV_Rooftop_Residential,2039,4.3,,GW,interpolated,,
DE_SN,P_PV_Utility_Avg,2026,1.70271,,GW,interpolated,,
DE_SN,P_PV_Utility_Avg,2027,1.70271,,GW,interpolated,,
DE_SN,P_PV_Utility_Avg,2028,1.70271,,GW,interpolated,,
DE_SN,P_PV_Utility_Avg,2029,1.70271,,GW,interpolated,,
DE_SN,P_PV_Utility_Avg,2031,1.70271,,GW,interpolated,,
DE_SN,P_PV_Utility_Avg,2032,1.70271,,GW,interpolated,,
DE_SN,P_PV_Utility_Avg,2033,1.70271,,GW,interpolated,,
DE_SN,P_PV_Utility_Avg,2034,1.70271,,GW,interpolated,,
DE_SN,P_PV_Utility_Avg,2036,1.70271,,GW,interpolated,,
DE_SN,P_PV_Utility_Avg,2037,1.70271,,GW,interpolated,,
DE_SN,P_PV_Utility_Avg,2038,1.70271,,GW,interpolated,,
DE_SN,P_PV_Utility_Avg,2039,1.70271,,GW,interpolated,,
DE_SN,P_PV_Utility_Inf,2026,5.10813,,GW,interpolated,,
DE_SN,P_PV_Utility_Inf,2027,5.10813,,GW,interpolated,,
DE_SN,P_PV_Utility_Inf,2028,5.10813,,GW,interpolated,,
DE_SN,P_PV_Utility_Inf,2029,5.10813,,GW,interpolated,,
DE_SN,P_PV_Utility_Inf,2031,5.10813,,GW,interpolated,,
DE_SN,P_PV_Utility_Inf,2032,5.10813,,GW,interpolated,,
DE_SN,P_PV_Utility_Inf,2033,5.10813,,GW,interpolated,,
DE_SN,P_PV_Utility_Inf,2034,5.10813,,GW,interpolated,,
DE_SN,P_PV_Utility_Inf,2036,5.10813,,GW,interpolated,,
DE_SN,P_PV_Utility_Inf,2037,5.10813,,GW,interpolated,,
DE_SN,P_PV_Utility_Inf,2038,5.10813,,GW,interpolated,,
DE_SN,P_PV_Utility_Inf,2039,5.10813,,GW,interpolated,,
DE_SN,P_PV_Utility_Opt,2026,5.10813,,GW,interpolated,,
DE_SN,P_PV_Utility_Opt,2027,5.10813,,GW,interpolated,,
DE_SN,P_PV_Utility_Opt,2028,5.10813,,GW,interpolated,,
DE_SN,P_PV_Utility_Opt,2029,5.10813,,GW,interpolated,,
DE_SN,P_PV_Utility_Opt,2031,5.10813,,GW,interpolated,,
DE_SN,P_PV_Utility_Opt,2032,5.10813,,GW,interpolated,,
DE_SN,P_PV_Utility_Opt,2033,5.10813,,GW,interpolated,,
DE_SN,P_PV_Utility_Opt,2034,5.10813,,GW,interpolated,,
DE_SN,P_PV_Utility_Opt,2036,5.10813,,GW,interpolated,,
DE_SN,P_PV_Utility_Opt,2037,5.10813,,GW,interpolated,,
DE_SN,P_PV_Utility_Opt,2038,5.10813,,GW,interpolated,,
DE_SN,P_PV_Utility_Opt,2039,5.10813,,GW,interpolated,,
DE_SN,P_Wind_Onshore_Avg,2026,3.33333,,GW,interpolated,,
DE_SN,P_Wind_Onshore_Avg,2027,3.33333,,GW,interpolated,,
DE_SN,P_Wind_Onshore_Avg,2028,3.33333,,GW,interpolated,,
DE_SN,P_Wind_Onshore_Avg,2029,3.33333,,GW,interpolated,,
DE_SN,P_Wind_Onshore_Avg,2031,3.33333,,GW,interpolated,,
DE_SN,P_Wind_Onshore_Avg,2032,3.33333,,GW,interpolated,,
DE_SN,P_Wind_Onshore_Avg,2033,3.33333,,GW,interpolated,,
DE_SN,P_Wind_Onshore_Avg,2034,3.33333,,GW,interpolated,,
DE_SN,P_Wind_Onshore_Avg,2036,3.33333,,GW,interpolated,,
DE_SN,P_Wind_Onshore_Avg,2037,3.33333,,GW,interpolated,,
DE_SN,P_Wind_Onshore_Avg,2038,3.33333,,GW,interpolated,,
DE_SN,P_Wind_Onshore_Avg,2039,3.33333,,GW,interpolated,,
DE_SN,P_Wind_Onshore_Inf,2026,3.33333,,GW,interpolated,,
DE_SN,P_Wind_Onshore_Inf,2027,3.33333,,GW,interpolated,,
DE_SN,P_Wind_Onshore_Inf,2028,3.33333,,GW,interpolated,,
DE_SN,P_Wind_Onshore_Inf,2029,3.33333,,GW,interpolated,,
DE_SN,P_Wind_Onshore_Inf,2031,3.33333,,GW,interpolated,,
DE_SN,P_Wind_Onshore_Inf,2032,3.33333,,GW,interpolated,,
DE_SN,P_Wind_Onshore_Inf,2033,3.33333,,GW,interpolated,,
DE_SN,P_Wind_Onshore_Inf,2034,3.33333,,GW,interpolated,,
DE_SN,P_Wind_Onshore_Inf,2036,3.33333,,GW,interpolated,,
DE_SN,P_Wind_Onshore_Inf,2037,3.33333,,GW,interpolated,,
DE_SN,P_Wind_Onshore_Inf,2038,3.33333,,GW,interpolated,,
DE_SN,P_Wind_Onshore_Inf,2039,3.33333,,GW,interpolated,,
DE_SN,P_Wind_Onshore_Opt,2026,3.33333,,GW,interpolated,,
DE_SN,P_Wind_Onshore_Opt,2027,3.33333,,GW,interpolated,,
DE_SN,P_Wind_Onshore_Opt,2028,3.33333,,GW,interpolated,,
DE_SN,P_Wind_Onshore_Opt,2029,3.33333,,GW,interpolated,,
DE_SN,P_Wind_Onshore_Opt,2031,3.33333,,GW,interpolated,,
DE_SN,P_Wind_Onshore_Opt,2032,3.33333,,GW,interpolated,,
DE_SN,P_Wind_Onshore_Opt,2033,3.33333,,GW,interpolated,,
DE_SN,P_Wind_Onshore_Opt,2034,3.33333,,GW,interpolated,,
DE_SN,P_Wind_Onshore_Opt,2036,3.33333,,GW,interpolated,,
DE_SN,P_Wind_Onshore_Opt,2037,3.33333,,GW,interpolated,,
DE_SN,P_Wind_Onshore_Opt,2038,3.33333,,GW,interpolated,,
DE_SN,P_Wind_Onshore_Opt,2039,3.33333,,GW,interpolated,,
DE_SL,P_PV_Rooftop_Commercial,2026,0.8,,GW,interpolated,,
DE_SL,P_PV_Rooftop_Commercial,2027,0.8,,GW,interpolated,,
DE_SL,P_PV_Rooftop_Commercial,2028,0.8,,GW,interpolated,,
DE_SL,P_PV_Rooftop_Commercial,2029,0.8,,GW,interpolated,,
DE_SL,P_PV_Rooftop_Commercial,2031,0.8,,GW,interpolated,,
DE_SL,P_PV_Rooftop_Commercial,2032,0.8,,GW,interpolated,,
DE_SL,P_PV_Rooftop_Commercial,2033,0.8,,GW,interpolated,,
DE_SL,P_PV_Rooftop_Commercial,2034,0.8,,GW,interpolated,,
DE_SL,P_PV_Rooftop_Commercial,2036,0.8,,GW,interpolated,,
DE_SL,P_PV_Rooftop_Commercial,2037,0.8,,GW,interpolated,,
DE_SL,P_PV_Rooftop_Commercial,2038,0.8,,GW,interpolated,,
DE_SL,P_PV_Rooftop_Commercial,2039,0.8,,GW,interpolated,,
DE_SL,P_PV_Rooftop_Residential,2026,1.9,,GW,interpolated,,
DE_SL,P_PV_Rooftop_Residential,2027,1.9,,GW,interpolated,,
DE_SL,P_PV_Rooftop_Residential,2028,1.9,,GW,interpolated,,
DE_SL,P_PV_Rooftop_Residential,2029,1.9,,GW,interpolated,,
DE_SL,P_PV_Rooftop_Residential,2031,1.9,,GW,interpolated,,
DE_SL,P_PV_Rooftop_Residential,2032,1.9,,GW,interpolated,,
DE_SL,P_PV_Rooftop_Residential,2033,1.9,,GW,interpolated,,
DE_SL,P_PV_Rooftop_Residential,2034,1.9,,GW,interpolated,,
DE_SL,P_PV_Rooftop_Residential,2036,1.9,,GW,interpolated,,
DE_SL,P_PV_Rooftop_Residential,2037,1.9,,GW,interpolated,,
DE_SL,P_PV_Rooftop_Residential,2038,1.9,,GW,interpolated,,
DE_SL,P_PV_Rooftop_Residential,2039,1.9,,GW,interpolated,,
DE_SL,P_PV_Utility_Avg,2026,0.237272,,GW,interpolated,,
DE_SL,P_PV_Utility_Avg,2027,0.237272,,GW,interpolated,,
DE_SL,P_PV_Utility_Avg,2028,0.237272,,GW,interpolated,,
DE_SL,P_PV_Utility_Avg,2029,0.237272,,GW,interpolated,,
DE_SL,P_PV_Utility_Avg,2031,0.237272,,GW,interpolated,,
DE_SL,P_PV_Utility_Avg,2032,0.237272,,GW,interpolated,,
DE_SL,P_PV_Utility_Avg,2033,0.237272,,GW,interpolated,,
DE_SL,P_PV_Utility_Avg,2034,0.237272,,GW,interpolated,,
DE_SL,P_PV_Utility_Avg,2036,0.237272,,GW,interpolated,,
DE_SL,P_PV_Utility_Avg,2037,0.237272,,GW,interpolated,,
DE_SL,P_PV_Utility_Avg,2038,0.237272,,GW,interpolated,,
DE_SL,P_PV_Utility_Avg,2039,0.237272,,GW,interpolated,,
DE_SL,P_PV_Utility_Inf,2026,0.711816,,GW,interpolated,,
DE_SL,P_PV_Utility_Inf,2027,0.711816,,GW,interpolated,,
DE_SL,P_PV_Utility_Inf,2028,0.711816,,GW,interpolated,,
DE_SL,P_PV_Utility_Inf,2029,0.711816,,GW,interpolated,,
DE_SL,P_PV_Utility_Inf,2031,0.711816,,GW,interpolated,,
DE_SL,P_PV_Utility_Inf,2032,0.711816,,GW,interpolated,,
DE_SL,P_PV_Utility_Inf,2033,0.711816,,GW,interpolated,,
DE_SL,P_PV_Utility_Inf,2034,0.711816,,GW,interpolated,,
DE_SL,P_PV_Utility_Inf,2036,0.711816,,GW,interpolated,,
DE_SL,P_PV_Utility_Inf,2037,0.711816,,GW,interpolated,,
DE_SL,P_PV_Utility_Inf,2038,0.711816,,GW,interpolated,,
DE_SL,P_PV_Utility_Inf,2039,0.711816,,GW,interpolated,,
DE_SL,P_PV_Utility_Opt,2026,0.711816,,GW,interpolated,,
DE_SL,P_PV_Utility_Opt,2027,0.711816,,GW,interpolated,,
DE_SL,P_PV_Utility_Opt,2028,0.711816,,GW,interpolated,,
DE_SL,P_PV_Utility_Opt,2029,0.711816,,GW,interpolated,,
DE_SL,P_PV_Utility_Opt,2031,0.711816,,GW,interpolated,,
DE_SL,P_PV_Utility_Opt,2032,0.711816,,GW,interpolated,,
DE_SL,P_PV_Utility_Opt,2033,0.711816,,GW,interpolated,,
DE_SL,P_PV_Utility_Opt,2034,0.711816,,GW,interpolated,,
DE_SL,P_PV_Utility_Opt,2036,0.711816,,GW,interpolated,,
DE_SL,P_PV_Utility_Opt,2037,0.711816,,GW,interpolated,,
DE_SL,P_PV_Utility_Opt,2038,0.711816,,GW,interpolated,,
DE_SL,P_PV_Utility_Opt,2039,0.711816,,GW,interpolated,,
DE_SL,P_Wind_Onshore_Avg,2026,0.8,,GW,interpolated,,
DE_SL,P_Wind_Onshore_Avg,2027,0.8,,GW,interpolated,,
DE_SL,P_Wind_Onshore_Avg,2028,0.8,,GW,interpolated,,
DE_SL,P_Wind_Onshore_Avg,2029,0.8,,GW,interpolated,,
DE_SL,P_Wind_Onshore_Avg,2031,0.8,,GW,interpolated,,
DE_SL,P_Wind_Onshore_Avg,2032,0.8,,GW,interpolated,,
DE_SL,P_Wind_Onshore_Avg,2033,0.8,,GW,interpolated,,
DE_SL,P_Wind_Onshore_Avg,2034,0.8,,GW,interpolated,,
DE_SL,P_Wind_Onshore_Avg,2036,0.8,,GW,interpolated,,
DE_SL,P_Wind_Onshore_Avg,2037,0.8,,GW,interpolated,,
DE_SL,P_Wind_Onshore_Avg,2038,0.8,,GW,interpolated,,
DE_SL,P_Wind_Onshore_Avg,2039,0.8,,GW,interpolated,,
DE_SL,P_Wind_Onshore_Inf,2026,0.8,,GW,interpolated,,
DE_SL,P_Wind_Onshore_Inf,2027,0.8,,GW,interpolated,,
DE_SL,P_Wind_Onshore_Inf,2028,0.8,,GW,interpolated,,
DE_SL,P_Wind_Onshore_Inf,2029,0.8,,GW,interpolated,,
DE_SL,P_Wind_Onshore_Inf,2031,0.8,,GW,interpolated,,
DE_SL,P_Wind_Onshore_Inf,2032,0.8,,GW,interpolated,,
DE_SL,P_Wind_Onshore_Inf,2033,0.8,,GW,interpolated,,
DE_SL,P_Wind_Onshore_Inf,2034,0.8,,GW,interpolated,,
DE_SL,P_Wind_Onshore_Inf,2036,0.8,,GW,interpolated,,
DE_SL,P_Wind_Onshore_Inf,2037,0.8,,GW,interpolated,,
DE_SL,P_Wind_Onshore_Inf,2038,0.8,,GW,interpolated,,
DE_SL,P_Wind_Onshore_Inf,2039,0.8,,GW,interpolated,,
DE_SL,P_Wind_Onshore_Opt,2026,0.8,,GW,interpolated,,
DE_SL,P_Wind_Onshore_Opt,2027,0.8,,GW,interpolated,,
DE_SL,P_Wind_Onshore_Opt,2028,0.8,,GW,interpolated,,
DE_SL,P_Wind_Onshore_Opt,2029,0.8,,GW,interpolated,,
DE_SL,P_Wind_Onshore_Opt,2031,0.8,,GW,interpolated,,
DE_SL,P_Wind_Onshore_Opt,2032,0.8,,GW,interpolated,,
DE_SL,P_Wind_Onshore_Opt,2033,0.8,,GW,interpolated,,
DE_SL,P_Wind_Onshore_Opt,2034,0.8,,GW,interpolated,,
DE_SL,P_Wind_Onshore_Opt,2036,0.8,,GW,interpolated,,
DE_SL,P_Wind_Onshore_Opt,2037,0.8,,GW,interpolated,,
DE_SL,P_Wind_Onshore_Opt,2038,0.8,,GW,interpolated,,
DE_SL,P_Wind_Onshore_Opt,2039,0.8,,GW,interpolated,,
DE_SH,P_Ocean,2026,0.388179,,GW,interpolated,,
DE_SH,P_Ocean,2027,0.388179,,GW,interpolated,,
DE_SH,P_Ocean,2028,0.388179,,GW,interpolated,,
DE_SH,P_Ocean,2029,0.388179,,GW,interpolated,,
DE_SH,P_Ocean,2031,0.388179,,GW,interpolated,,
DE_SH,P_Ocean,2032,0.388179,,GW,interpolated,,
DE_SH,P_Ocean,2033,0.388179,,GW,interpolated,,
DE_SH,P_Ocean,2034,0.388179,,GW,interpolated,,
DE_SH,P_Ocean,2036,0.388179,,GW,interpolated,,
DE_SH,P_Ocean,2037,0.388179,,GW,interpolated,,
DE_SH,P_Ocean,2038,0.388179,,GW,interpolated,,
DE_SH,P_Ocean,2039,0.388179,,GW,interpolated,,
DE_SH,P_PV_Rooftop_Commercial,2026,4.6,,GW,interpolated,,
DE_SH,P_PV_Rooftop_Commercial,2027,4.6,,GW,interpolated,,
DE_SH,P_PV_Rooftop_Commercial,2028,4.6,,GW,interpolated,,
DE_SH,P_PV_Rooftop_Commercial,2029,4.6,,GW,interpolated,,
DE_SH,P_PV_Rooftop_Commercial,2031,4.6,,GW,interpolated,,
DE_SH,P_PV_Rooftop_Commercial,2032,4.6,,GW,interpolated,,
DE_SH,P_PV_Rooftop_Commercial,2033,4.6,,GW,interpolated,,
DE_SH,P_PV_Rooftop_Commercial,2034,4.6,,GW,interpolated,,
DE_SH,P_PV_Rooftop_Commercial,2036,4.6,,GW,interpolated,,
DE_SH,P_PV_Rooftop_Commercial,2037,4.6,,GW,interpolated,,
DE_SH,P_PV_Rooftop_Commercial,2038,4.6,,GW,interpolated,,
DE_SH,P_PV_Rooftop_Commercial,2039,4.6,,GW,interpolated,,
DE_SH,P_PV_Rooftop_Residential,2026,4.2,,GW,interpolated,,
DE_SH,P_PV_Rooftop_Residential,2027,4.2,,GW,interpolated,,
DE_SH,P_PV_Rooftop_Residential,2028,4.2,,GW,interpolated,,
DE_SH,P_PV_Rooftop_Residential,2029,4.2,,GW,interpolated,,
DE_SH,P_PV_Rooftop_Residential,2031,4.2,,GW,interpolated,,
DE_SH,P_PV_Rooftop_Residential,2032,4.2,,GW,interpolated,,
DE_SH,P_PV_Rooftop_Residential,2033,4.2,,GW,interpolated,,
DE_SH,P_PV_Rooftop_Residential,2034,4.2,,GW,interpolated,,
DE_SH,P_PV_Rooftop_Residential,2036,4.2,,GW,interpolated,,
DE_SH,P_PV_Rooftop_Residential,2037,4.2,,GW,interpolated,,
DE_SH,P_PV_Rooftop_Residential,2038,4.2,,GW,interpolated,,
DE_SH,P_PV_Rooftop_Residential,2039,4.2,,GW,interpolated,,
DE_SH,P_PV_Utility_Avg,2026,1.45833,,GW,interpolated,,
DE_SH,P_PV_Utility_Avg,2027,1.45833,,GW,interpolated,,
DE_SH,P_PV_Utility_Avg,2028,1.45833,,GW,interpolated,,
DE_SH,P_PV_Utility_Avg,2029,1.45833,,GW,interpolated,,
DE_SH,P_PV_Utility_Avg,2031,1.45833,,GW,interpolated,,
DE_SH,P_PV_Utility_Avg,2032,1.45833,,GW,interpolated,,
DE_SH,P_PV_Utility_Avg,2033,1.45833,,GW,interpolated,,
DE_SH,P_PV_Utility_Avg,2034,1.45833,,GW,interpolated,,
DE_SH,P_PV_Utility_Avg,2036,1.45833,,GW,interpolated,,
DE_SH,P_PV_Utility_Avg,2037,1.45833,,GW,interpolated,,
DE_SH,P_PV_Utility_Avg,2038,1.45833,,GW,interpolated,,
DE_SH,P_PV_Utility_Avg,2039,1.45833,,GW,interpolated,,
DE_SH,P_PV_Utility_Inf,2026,4.375,,GW,interpolated,,
DE_SH,P_PV_Utility_Inf,2027,4.375,,GW,interpolated,,
DE_SH,P_PV_Utility_Inf,2028,4.375,,GW,interpolated,,
DE_SH,P_PV_Utility_Inf,2029,4.375,,GW,interpolated,,
DE_SH,P_PV_Utility_Inf,2031,4.375,,GW,interpolated,,
DE_SH,P_PV_Utility_Inf,2032,4.375,,GW,interpolated,,
DE_SH,P_PV_Utility_Inf,2033,4.375,,GW,interpolated,,
DE_SH,P_PV_Utility_Inf,2034,4.375,,GW,interpolated,,
DE_SH,P_PV_Utility_Inf,2036,4.375,,GW,interpolated,,
DE_SH,P_PV_Utility_Inf,2037,4.375,,GW,interpolated,,
DE_SH,P_PV_Utility_Inf,2038,4.375,,GW,interpolated,,
DE_SH,P_PV_Utility_Inf,2039,4.375,,GW,interpolated,,
DE_SH,P_PV_Utility_Opt,2026,4.375,,GW,interpolated,,
DE_SH,P_PV_Utility_Opt,2027,4.375,,GW,interpolated,,
DE_SH,P_PV_Utility_Opt,2028,4.375,,GW,interpolated,,
DE_SH,P_PV_Utility_Opt,2029,4.375,,GW,interpolated,,
DE_SH,P_PV_Utility_Opt,2031,4.375,,GW,interpolated,,
DE_SH,P_PV_Utility_Opt,2032,4.375,,GW,interpolated,,
DE_SH,P_PV_Utility_Opt,2033,4.375,,GW,interpolated,,
DE_SH,P_PV_Utility_Opt,2034,4.375,,GW,interpolated,,
DE_SH,P_PV_Utility_Opt,2036,4.375,,GW,interpolated,,
DE_SH,P_PV_Utility_Opt,2037,4.375,,GW,interpolated,,
DE_SH,P_PV_Utility_Opt,2038,4.375,,GW,interpolated,,
DE_SH,P_PV_Utility_Opt,2039,4.375,,GW,interpolated,,
DE_SH,P_Wind_Offshore_Shallow,2026,9.5452,,GW,interpolated,,
DE_SH,P_Wind_Offshore_Shallow,2027,9.5452,,GW,interpolated,,
DE_SH,P_Wind_Offshore_Shallow,2028,9.5452,,GW,interpolated,,
DE_SH,P_Wind_Offshore_Shallow,2029,9.5452,,GW,interpolated,,
DE_SH,P_Wind_Offshore_Shallow,2031,9.5452,,GW,interpolated,,
DE_SH,P_Wind_Offshore_Shallow,2032,9.5452,,GW,interpolated,,
DE_SH,P_Wind_Offshore_Shallow,2033,9.5452,,GW,interpolated,,
DE_SH,P_Wind_Offshore_Shallow,2034,9.5452,,GW,interpolated,,
DE_SH,P_Wind_Offshore_Shallow,2036,9.5452,,GW,interpolated,,
DE_SH,P_Wind_Offshore_Shallow,2037,9.5452,,GW,interpolated,,
DE_SH,P_Wind_Offshore_Shallow,2038,9.5452,,GW,interpolated,,
DE_SH,P_Wind_Offshore_Shallow,2039,9.5452,,GW,interpolated,,
DE_SH,P_Wind_Offshore_Transitional,2026,2.445,,GW,interpolated,,
DE_SH,P_Wind_Offshore_Transitional,2027,2.445,,GW,interpolated,,
DE_SH,P_Wind_Offshore_Transitional,2028,2.445,,GW,interpolated,,
DE_SH,P_Wind_Offshore_Transitional,2029,2.445,,GW,interpolated,,
DE_SH,P_Wind_Offshore_Transitional,2031,2.445,,GW,interpolated,,
DE_SH,P_Wind_Offshore_Transitional,2032,2.445,,GW,interpolated,,
DE_SH,P_Wind_Offshore_Transitional,2033,2.445,,GW,interpolated,,
DE_SH,P_Wind_Offshore_Transitional,2034,2.445,,GW,interpolated,,
DE_SH,P_Wind_Offshore_Transitional,2036,2.445,,GW,interpolated,,
DE_SH,P_Wind_Offshore_Transitional,2037,2.445,,GW,interpolated,,
DE_SH,P_Wind_Offshore_Transitional,2038,2.445,,GW,interpolated,,
DE_SH,P_Wind_Offshore_Transitional,2039,2.445,,GW,interpolated,,
DE_SH,P_Wind_Onshore_Avg,2026,3,,GW,interpolated,,
DE_SH,P_Wind_Onshore_Avg,2027,3,,GW,interpolated,,
DE_SH,P_Wind_Onshore_Avg,2028,3,,GW,interpolated,,
DE_SH,P_Wind_Onshore_Avg,2029,3,,GW,interpolated,,
DE_SH,P_Wind_Onshore_Avg,2031,3,,GW,interpolated,,
DE_SH,P_Wind_Onshore_Avg,2032,3,,GW,interpolated,,
DE_SH,P_Wind_Onshore_Avg,2033,3,,GW,interpolated,,
DE_SH,P_Wind_Onshore_Avg,2034,3,,GW,interpolated,,
DE_SH,P_Wind_Onshore_Avg,2036,3,,GW,interpolated,,
DE_SH,P_Wind_Onshore_Avg,2037,3,,GW,interpolated,,
DE_SH,P_Wind_Onshore_Avg,2038,3,,GW,interpolated,,
DE_SH,P_Wind_Onshore_Avg,2039,3,,GW,interpolated,,
DE_SH,P_Wind_Onshore_Inf,2026,3,,GW,interpolated,,
DE_SH,P_Wind_Onshore_Inf,2027,3,,GW,interpolated,,
DE_SH,P_Wind_Onshore_Inf,2028,3,,GW,interpolated,,
DE_SH,P_Wind_Onshore_Inf,2029,3,,GW,interpolated,,
DE_SH,P_Wind_Onshore_Inf,2031,3,,GW,interpolated,,
DE_SH,P_Wind_Onshore_Inf,2032,3,,GW,interpolated,,
DE_SH,P_Wind_Onshore_Inf,2033,3,,GW,interpolated,,
DE_SH,P_Wind_Onshore_Inf,2034,3,,GW,interpolated,,
DE_SH,P_Wind_Onshore_Inf,2036,3,,GW,interpolated,,
DE_SH,P_Wind_Onshore_Inf,2037,3,,GW,interpolated,,
DE_SH,P_Wind_Onshore_Inf,2038,3,,GW,interpolated,,
DE_SH,P_Wind_Onshore_Inf,2039,3,,GW,interpolated,,
DE_SH,P_Wind_Onshore_Opt,2026,4.5225,,GW,interpolated,,
DE_SH,P_Wind_Onshore_Opt,2027,4.3855,,GW,interpolated,,
DE_SH,P_Wind_Onshore_Opt,2028,4.2485,,GW,interpolated,,
DE_SH,P_Wind_Onshore_Opt,2029,4.1115,,GW,interpolated,,
DE_SH,P_Wind_Onshore_Opt,2031,3.7796,,GW,interpolated,,
DE_SH,P_Wind_Onshore_Opt,2032,3.5847,,GW,interpolated,,
DE_SH,P_Wind_Onshore_Opt,2033,3.3898,,GW,interpolated,,
DE_SH,P_Wind_Onshore_Opt,2034,3.1949,,GW,interpolated,,
DE_SH,P_Wind_Onshore_Opt,2036,3,,GW,interpolated,,
DE_SH,P_Wind_Onshore_Opt,2037,3,,GW,interpolated,,
DE_SH,P_Wind_Onshore_Opt,2038,3,,GW,interpolated,,
DE_SH,P_Wind_Onshore_Opt,2039,3,,GW,interpolated,,
DE_RP,P_PV_Rooftop_Commercial,2026,3.8,,GW,interpolated,,
DE_RP,P_PV_Rooftop_Commercial,2027,3.8,,GW,interpolated,,
DE_RP,P_PV_Rooftop_Commercial,2028,3.8,,GW,interpolated,,
DE_RP,P_PV_Rooftop_Commercial,2029,3.8,,GW,interpolated,,
DE_RP,P_PV_Rooftop_Commercial,2031,3.8,,GW,interpolated,,
DE_RP,P_PV_Rooftop_Commercial,2032,3.8,,GW,interpolated,,
DE_RP,P_PV_Rooftop_Commercial,2033,3.8,,GW,interpolated,,
DE_RP,P_PV_Rooftop_Commercial,2034,3.8,,GW,interpolated,,
DE_RP,P_PV_Rooftop_Commercial,2036,3.8,,GW,interpolated,,
DE_RP,P_PV_Rooftop_Commercial,2037,3.8,,GW,interpolated,,
DE_RP,P_PV_Rooftop_Commercial,2038,3.8,,GW,interpolated,,
DE_RP,P_PV_Rooftop_Commercial,2039,3.8,,GW,interpolated,,
DE_RP,P_PV_Rooftop_Residential,2026,7.2,,GW,interpolated,,
DE_RP,P_PV_Rooftop_Residential,2027,7.2,,GW,interpolated,,
DE_RP,P_PV_Rooftop_Residential,2028,7.2,,GW,interpolated,,
DE_RP,P_PV_Rooftop_Residential,2029,7.2,,GW,interpolated,,
DE_RP,P_PV_Rooftop_Residential,2031,7.2,,GW,interpolated,,
DE_RP,P_PV_Rooftop_Residential,2032,7.2,,GW,interpolated,,
DE_RP,P_PV_Rooftop_Residential,2033,7.2,,GW,interpolated,,
DE_RP,P_PV_Rooftop_Residential,2034,7.2,,GW,interpolated,,
DE_RP,P_PV_Rooftop_Residential,2036,7.2,,GW,interpolated,,
DE_RP,P_PV_Rooftop_Residential,2037,7.2,,GW,interpolated,,
DE_RP,P_PV_Rooftop_Residential,2038,7.2,,GW,interpolated,,
DE_RP,P_PV_Rooftop_Residential,2039,7.2,,GW,interpolated,,
DE_RP,P_PV_Utility_Avg,2026,1.83265,,GW,interpolated,,
DE_RP,P_PV_Utility_Avg,2027,1.83265,,GW,interpolated,,
DE_RP,P_PV_Utility_Avg,2028,1.83265,,GW,interpolated,,
DE_RP,P_PV_Utility_Avg,2029,1.83265,,GW,interpolated,,
DE_RP,P_PV_Utility_Avg,2031,1.83265,,GW,interpolated,,
DE_RP,P_PV_Utility_Avg,2032,1.83265,,GW,interpolated,,
DE_RP,P_PV_Utility_Avg,2033,1.83265,,GW,interpolated,,
DE_RP,P_PV_Utility_Avg,2034,1.83265,,GW,interpolated,,
DE_RP,P_PV_Utility_Avg,2036,1.83265,,GW,interpolated,,
DE_RP,P_PV_Utility_Avg,2037,1.83265,,GW,interpolated,,
DE_RP,P_PV_Utility_Avg,2038,1.83265,,GW,interpolated,,
DE_RP,P_PV_Utility_Avg,2039,1.83265,,GW,interpolated,,
DE_RP,P_PV_Utility_Inf,2026,5.49795,,GW,interpolated,,
DE_RP,P_PV_Utility_Inf,2027,5.49795,,GW,interpolated,,
DE_RP,P_PV_Utility_Inf,2028,5.49795,,GW,interpolated,,
DE_RP,P_PV_Utility_Inf,2029,5.49795,,GW,interpolated,,
DE_RP,P_PV_Utility_Inf,2031,5.49795,,GW,interpolated,,
DE_RP,P_PV_Utility_Inf,2032,5.49795,,GW,interpolated,,
DE_RP,P_PV_Utility_Inf,2033,5.49795,,GW,interpolated,,
DE_RP,P_PV_Utility_Inf,2034,5.49795,,GW,interpolated,,
DE_RP,P_PV_Utility_Inf,2036,5.49795,,GW,interpolated,,
DE_RP,P_PV_Utility_Inf,2037,5.49795,,GW,interpolated,,
DE_RP,P_PV_Utility_Inf,2038,5.49795,,GW,interpolated,,
DE_RP,P_PV_Utility_Inf,2039,5.49795,,GW,interpolated,,
DE_RP,P_PV_Utility_Opt,2026,5.49795,,GW,interpolated,,
DE_RP,P_PV_Utility_Opt,2027,5.49795,,GW,interpolated,,
DE_RP,P_PV_Utility_Opt,2028,5.49795,,GW,interpolated,,
DE_RP,P_PV_Utility_Opt,2029,5.49795,,GW,interpolated,,
DE_RP,P_PV_Utility_Opt,2031,5.49795,,GW,interpolated,,
DE_RP,P_PV_Utility_Opt,2032,5.49795,,GW,interpolated,,
DE_RP,P_PV_Utility_Opt,2033,5.49795,,GW,interpolated,,
DE_RP,P_PV_Utility_Opt,2034,5.49795,,GW,interpolated,,
DE_RP,P_PV_Utility_Opt,2036,5.49795,,GW,interpolated,,
DE_RP,P_PV_Utility_Opt,2037,5.49795,,GW,interpolated,,
DE_RP,P_PV_Utility_Opt,2038,5.49795,,GW,interpolated,,
DE_RP,P_PV_Utility_Opt,2039,5.49795,,GW,interpolated,,
DE_RP,P_Wind_Onshore_Avg,2026,4,,GW,interpolated,,
DE_RP,P_Wind_Onshore_Avg,2027,4,,GW,interpolated,,
DE_RP,P_Wind_Onshore_Avg,2028,4,,GW,interpolated,,
DE_RP,P_Wind_Onshore_Avg,2029,4,,GW,interpolated,,
DE_RP,P_Wind_Onshore_Avg,2031,4,,GW,interpolated,,
DE_RP,P_Wind_Onshore_Avg,2032,4,,GW,interpolated,,
DE_RP,P_Wind_Onshore_Avg,2033,4,,GW,interpolated,,
DE_RP,P_Wind_Onshore_Avg,2034,4,,GW,interpolated,,
DE_RP,P_Wind_Onshore_Avg,2036,4,,GW,interpolated,,
DE_RP,P_Wind_Onshore_Avg,2037,4,,GW,interpolated,,
DE_RP,P_Wind_Onshore_Avg,2038,4,,GW,interpolated,,
DE_RP,P_Wind_Onshore_Avg,2039,4,,GW,interpolated,,
DE_RP,P_Wind_Onshore_Inf,2026,4,,GW,interpolated,,
DE_RP,P_Wind_Onshore_Inf,2027,4,,GW,interpolated,,
DE_RP,P_Wind_Onshore_Inf,2028,4,,GW,interpolated,,
DE_RP,P_Wind_Onshore_Inf,2029,4,,GW,interpolated,,
DE_RP,P_Wind_Onshore_Inf,2031,4,,GW,interpolated,,
DE_RP,P_Wind_Onshore_Inf,2032,4,,GW,interpolated,,
DE_RP,P_Wind_Onshore_Inf,2033,4,,GW,interpolated,,
DE_RP,P_Wind_Onshore_Inf,2034,4,,GW,interpolated,,
DE_RP,P_Wind_Onshore_Inf,2036,4,,GW,interpolated,,
DE_RP,P_Wind_Onshore_Inf,2037,4,,GW,interpolated,,
DE_RP,P_Wind_Onshore_Inf,2038,4,,GW,interpolated,,
DE_RP,P_Wind_Onshore_Inf,2039,4,,GW,interpolated,,
DE_RP,P_Wind_Onshore_Opt,2026,4,,GW,interpolated,,
DE_RP,P_Wind_Onshore_Opt,2027,4,,GW,interpolated,,
DE_RP,P_Wind_Onshore_Opt,2028,4,,GW,interpolated,,
DE_RP,P_Wind_Onshore_Opt,2029,4,,GW,interpolated,,
DE_RP,P_Wind_Onshore_Opt,2031,4,,GW,interpolated,,
DE_RP,P_Wind_Onshore_Opt,2032,4,,GW,interpolated,,
DE_RP,P_Wind_Onshore_Opt,2033,4,,GW,interpolated,,
DE_RP,P_Wind_Onshore_Opt,2034,4,,GW,interpolated,,
DE_RP,P_Wind_Onshore_Opt,2036,4,,GW,interpolated,,
DE_RP,P_Wind_Onshore_Opt,2037,4,,GW,interpolated,,
DE_RP,P_Wind_Onshore_Opt,2038,4,,GW,interpolated,,
DE_RP,P_Wind_Onshore_Opt,2039,4,,GW,interpolated,,
DE_NRW,P_PV_Rooftop_Commercial,2026,15.4,,GW,interpolated,,
DE_NRW,P_PV_Rooftop_Commercial,2027,15.4,,GW,interpolated,,
DE_NRW,P_PV_Rooftop_Commercial,2028,15.4,,GW,interpolated,,
DE_NRW,P_PV_Rooftop_Commercial,2029,15.4,,GW,interpolated,,
DE_NRW,P_PV_Rooftop_Commercial,2031,15.4,,GW,interpolated,,
DE_NRW,P_PV_Rooftop_Commercial,2032,15.4,,GW,interpolated,,
DE_NRW,P_PV_Rooftop_Commercial,2033,15.4,,GW,interpolated,,
DE_NRW,P_PV_Rooftop_Commercial,2034,15.4,,GW,interpolated,,
DE_NRW,P_PV_Rooftop_Commercial,2036,15.4,,GW,interpolated,,
DE_NRW,P_PV_Rooftop_Commercial,2037,15.4,,GW,interpolated,,
DE_NRW,P_PV_Rooftop_Commercial,2038,15.4,,GW,interpolated,,
DE_NRW,P_PV_Rooftop_Commercial,2039,15.4,,GW,interpolated,,
DE_NRW,P_PV_Rooftop_Residential,2026,24,,GW,interpolated,,
DE_NRW,P_PV_Rooftop_Residential,2027,24,,GW,interpolated,,
DE_NRW,P_PV_Rooftop_Residential,2028,24,,GW,interpolated,,
DE_NRW,P_PV_Rooftop_Residential,2029,24,,GW,interpolated,,
DE_NRW,P_PV_Rooftop_Residential,2031,24,,GW,interpolated,,
DE_NRW,P_PV_Rooftop_Residential,2032,24,,GW,interpolated,,
DE_NRW,P_PV_Rooftop_Residential,2033,24,,GW,interpolated,,
DE_NRW,P_PV_Rooftop_Residential,2034,24,,GW,interpolated,,
DE_NRW,P_PV_Rooftop_Residential,2036,24,,GW,interpolated,,
DE_NRW,P_PV_Rooftop_Residential,2037,24,,GW,interpolated,,
DE_NRW,P_PV_Rooftop_Residential,2038,24,,GW,interpolated,,
DE_NRW,P_PV_Rooftop_Residential,2039,24,,GW,interpolated,,
DE_NRW,P_PV_Utility_Avg,2026,3.14821,,GW,interpolated,,
DE_NRW,P_PV_Utility_Avg,2027,3.14821,,GW,interpolated,,
DE_NRW,P_PV_Utility_Avg,2028,3.14821,,GW,interpolated,,
DE_NRW,P_PV_Utility_Avg,2029,3.14821,,GW,interpolated,,
DE_NRW,P_PV_Utility_Avg,2031,3.14821,,GW,interpolated,,
DE_NRW,P_PV_Utility_Avg,2032,3.14821,,GW,interpolated,,
DE_NRW,P_PV_Utility_Avg,2033,3.14821,,GW,interpolated,,
DE_NRW,P_PV_Utility_Avg,2034,3.14821,,GW,interpolated,,
DE_NRW,P_PV_Utility_Avg,2036,3.14821,,GW,interpolated,,
DE_NRW,P_PV_Utility_Avg,2037,3.14821,,GW,interpolated,,
DE_NRW,P_PV_Utility_Avg,2038,3.14821,,GW,interpolated,,
DE_NRW,P_PV_Utility_Avg,2039,3.14821,,GW,interpolated,,
DE_NRW,P_PV_Utility_Inf,2026,9.44464,,GW,interpolated,,
DE_NRW,P_PV_Utility_Inf,2027,9.44464,,GW,interpolated,,
DE_NRW,P_PV_Utility_Inf,2028,9.44464,,GW,interpolated,,
DE_NRW,P_PV_Utility_Inf,2029,9.44464,,GW,interpolated,,
DE_NRW,P_PV_Utility_Inf,2031,9.44464,,GW,interpolated,,
DE_NRW,P_PV_Utility_Inf,2032,9.44464,,GW,interpolated,,
DE_NRW,P_PV_Utility_Inf,2033,9.44464,,GW,interpolated,,
DE_NRW,P_PV_Utility_Inf,2034,9.44464,,GW,interpolated,,
DE_NRW,P_PV_Utility_Inf,2036,9.44464,,GW,interpolated,,
DE_NRW,P_PV_Utility_Inf,2037,9.44464,,GW,interpolated,,
DE_NRW,P_PV_Utility_Inf,2038,9.44464,,GW,interpolated,,
DE_NRW,P_PV_Utility_Inf,2039,9.44464,,GW,interpolated,,
DE_NRW,P_PV_Utility_Opt,2026,9.44464,,GW,interpolated,,
DE_NRW,P_PV_Utility_Opt,2027,9.44464,,GW,interpolated,,
DE_NRW,P_PV_Utility_Opt,2028,9.44464,,GW,interpolated,,
DE_NRW,P_PV_Utility_Opt,2029,9.44464,,GW,interpolated,,
DE_NRW,P_PV_Utility_Opt,2031,9.44464,,GW,interpolated,,
DE_NRW,P_PV_Utility_Opt,2032,9.44464,,GW,interpolated,,
DE_NRW,P_PV_Utility_Opt,2033,9.44464,,GW,interpolated,,
DE_NRW,P_PV_Utility_Opt,2034,9.44464,,GW,interpolated,,
DE_NRW,P_PV_Utility_Opt,2036,9.44464,,GW,interpolated,,
DE_NRW,P_PV_Utility_Opt,2037,9.44464,,GW,interpolated,,
DE_NRW,P_PV_Utility_Opt,2038,9.44464,,GW,interpolated,,
DE_NRW,P_PV_Utility_Opt,2039,9.44464,,GW,interpolated,,
DE_NRW,P_Wind_Onshore_Avg,2026,6.66667,,GW,interpolated,,
DE_NRW,P_Wind_Onshore_Avg,2027,6.66667,,GW,interpolated,,
DE_NRW,P_Wind_Onshore_Avg,2028,6.66667,,GW,interpolated,,
DE_NRW,P_Wind_Onshore_Avg,2029,6.66667,,GW,interpolated,,
DE_NRW,P_Wind_Onshore_Avg,2031,6.66667,,GW,interpolated,,
DE_NRW,P_Wind_Onshore_Avg,2032,6.66667,,GW,interpolated,,
DE_NRW,P_Wind_Onshore_Avg,2033,6.66667,,GW,interpolated,,
DE_NRW,P_Wind_Onshore_Avg,2034,6.66667,,GW,interpolated,,
DE_NRW,P_Wind_Onshore_Avg,2036,6.66667,,GW,interpolated,,
DE_NRW,P_Wind_Onshore_Avg,2037,6.66667,,GW,interpolated,,
DE_NRW,P_Wind_Onshore_Avg,2038,6.66667,,GW,interpolated,,
DE_NRW,P_Wind_Onshore_Avg,2039,6.66667,,GW,interpolated,,
DE_NRW,P_Wind_Onshore_Inf,2026,6.66667,,GW,interpolated,,
DE_NRW,P_Wind_Onshore_Inf,2027,6.66667,,GW,interpolated,,
DE_NRW,P_Wind_Onshore_Inf,2028,6.66667,,GW,interpolated,,
DE_NRW,P_Wind_Onshore_Inf,2029,6.66667,,GW,interpolated,,
DE_NRW,P_Wind_Onshore_Inf,2031,6.66667,,GW,interpolated,,
DE_NRW,P_Wind_Onshore_Inf,2032,6.66667,,GW,interpolated,,
DE_NRW,P_Wind_Onshore_Inf,2033,6.66667,,GW,interpolated,,
DE_NRW,P_Wind_Onshore_Inf,2034,6.66667,,GW,interpolated,,
DE_NRW,P_Wind_Onshore_Inf,2036,6.66667,,GW,interpolated,,
DE_NRW,P_Wind_Onshore_Inf,2037,6.66667,,GW,interpolated,,
DE_NRW,P_Wind_Onshore_Inf,2038,6.66667,,GW,interpolated,,
DE_NRW,P_Wind_Onshore_Inf,2039,6.66667,,GW,interpolated,,
DE_NRW,P_Wind_Onshore_Opt,2026,6.66667,,GW,interpolated,,
DE_NRW,P_Wind_Onshore_Opt,2027,6.66667,,GW,interpolated,,
DE_NRW,P_Wind_Onshore_Opt,2028,6.66667,,GW,interpolated,,
DE_NRW,P_Wind_Onshore_Opt,2029,6.66667,,GW,interpolated,,
DE_NRW,P_Wind_Onshore_Opt,2031,6.66667,,GW,interpolated,,
DE_NRW,P_Wind_Onshore_Opt,2032,6.66667,,GW,interpolated,,
DE_NRW,P_Wind_Onshore_Opt,2033,6.66667,,GW,interpolated,,
DE_NRW,P_Wind_Onshore_Opt,2034,6.66667,,GW,interpolated,,
DE_NRW,P_Wind_Onshore_Opt,2036,6.66667,,GW,interpolated,,
DE_NRW,P_Wind_Onshore_Opt,2037,6.66667,,GW,interpolated,,
DE_NRW,P_Wind_Onshore_Opt,2038,6.66667,,GW,interpolated,,
DE_NRW,P_Wind_Onshore_Opt,2039,6.66667,,GW,interpolated,,
DE_Nord,P_Wind_Offshore_Deep,2026,60,,GW,interpolated,,
DE_Nord,P_Wind_Offshore_Deep,2027,60,,GW,interpolated,,
DE_Nord,P_Wind_Offshore_Deep,2028,60,,GW,interpolated,,
DE_Nord,P_Wind_Offshore_Deep,2029,60,,GW,interpolated,,
DE_Nord,P_Wind_Offshore_Deep,2031,60,,GW,interpolated,,
DE_Nord,P_Wind_Offshore_Deep,2032,60,,GW,interpolated,,
DE_Nord,P_Wind_Offshore_Deep,2033,60,,GW,interpolated,,
DE_Nord,P_Wind_Offshore_Deep,2034,60,,GW,interpolated,,
DE_Nord,P_Wind_Offshore_Deep,2036,60,,GW,interpolated,,
DE_Nord,P_Wind_Offshore_Deep,2037,60,,GW,interpolated,,
DE_Nord,P_Wind_Offshore_Deep,2038,60,,GW,interpolated,,
DE_Nord,P_Wind_Offshore_Deep,2039,60,,GW,interpolated,,
DE_NI,P_Ocean,2026,0.388179,,GW,interpolated,,
DE_NI,P_Ocean,2027,0.388179,,GW,interpolated,,
DE_NI,P_Ocean,2028,0.388179,,GW,interpolated,,
DE_NI,P_Ocean,2029,0.388179,,GW,interpolated,,
DE_NI,P_Ocean,2031,0.388179,,GW,interpolated,,
DE_NI,P_Ocean,2032,0.388179,,GW,interpolated,,
DE_NI,P_Ocean,2033,0.388179,,GW,interpolated,,
DE_NI,P_Ocean,2034,0.388179,,GW,interpolated,,
DE_NI,P_Ocean,2036,0.388179,,GW,interpolated,,
DE_NI,P_Ocean,2037,0.388179,,GW,interpolated,,
DE_NI,P_Ocean,2038,0.388179,,GW,interpolated,,
DE_NI,P_Ocean,2039,0.388179,,GW,interpolated,,
DE_NI,P_PV_Rooftop_Commercial,2026,13.3,,GW,interpolated,,
DE_NI,P_PV_Rooftop_Commercial,2027,13.3,,GW,interpolated,,
DE_NI,P_PV_Rooftop_Commercial,2028,13.3,,GW,interpolated,,
DE_NI,P_PV_Rooftop_Commercial,2029,13.3,,GW,interpolated,,
DE_NI,P_PV_Rooftop_Commercial,2031,13.3,,GW,interpolated,,
DE_NI,P_PV_Rooftop_Commercial,2032,13.3,,GW,interpolated,,
DE_NI,P_PV_Rooftop_Commercial,2033,13.3,,GW,interpolated,,
DE_NI,P_PV_Rooftop_Commercial,2034,13.3,,GW,interpolated,,
DE_NI,P_PV_Rooftop_Commercial,2036,13.3,,GW,interpolated,,
DE_NI,P_PV_Rooftop_Commercial,2037,13.3,,GW,interpolated,,
DE_NI,P_PV_Rooftop_Commercial,2038,13.3,,GW,interpolated,,
DE_NI,P_PV_Rooftop_Commercial,2039,13.3,,GW,interpolated,,
DE_NI,P_PV_Rooftop_Residential,2026,13.1,,GW,interpolated,,
DE_NI,P_PV_Rooftop_Residential,2027,13.1,,GW,interpolated,,
DE_NI,P_PV_Rooftop_Residential,2028,13.1,,GW,interpolated,,
DE_NI,P_PV_Rooftop_Residential,2029,13.1,,GW,interpolated,,
DE_NI,P_PV_Rooftop_Residential,2031,13.1,,GW,interpolated,,
DE_NI,P_PV_Rooftop_Residential,2032,13.1,,GW,interpolated,,
DE_NI,P_PV_Rooftop_Residential,2033,13.1,,GW,interpolated,,
DE_NI,P_PV_Rooftop_Residential,2034,13.1,,GW,interpolated,,
DE_NI,P_PV_Rooftop_Residential,2036,13.1,,GW,interpolated,,
DE_NI,P_PV_Rooftop_Residential,2037,13.1,,GW,interpolated,,
DE_NI,P_PV_Rooftop_Residential,2038,13.1,,GW,interpolated,,
DE_NI,P_PV_Rooftop_Residential,2039,13.1,,GW,interpolated,,
DE_NI,P_PV_Utility_Avg,2026,4.40305,,GW,interpolated,,
DE_NI,P_PV_Utility_Avg,2027,4.40305,,GW,interpolated,,
DE_NI,P_PV_Utility_Avg,2028,4.40305,,GW,interpolated,,
DE_NI,P_PV_Utility_Avg,2029,4.40305,,GW,interpolated,,
DE_NI,P_PV_Utility_Avg,2031,4.40305,,GW,interpolated,,
DE_NI,P_PV_Utility_Avg,2032,4.40305,,GW,interpolated,,
DE_NI,P_PV_Utility_Avg,2033,4.40305,,GW,interpolated,,
DE_NI,P_PV_Utility_Avg,2034,4.40305,,GW,interpolated,,
DE_NI,P_PV_Utility_Avg,2036,4.40305,,GW,interpolated,,
DE_NI,P_PV_Utility_Avg,2037,4.40305,,GW,interpolated,,
DE_NI,P_PV_Utility_Avg,2038,4.40305,,GW,interpolated,,
DE_NI,P_PV_Utility_Avg,2039,4.40305,,GW,interpolated,,
DE_NI,P_PV_Utility_Inf,2026,13.2092,,GW,interpolated,,
DE_NI,P_PV_Utility_Inf,2027,13.2092,,GW,interpolated,,
DE_NI,P_PV_Utility_Inf,2028,13.2092,,GW,interpolated,,
DE_NI,P_PV_Utility_Inf,2029,13.2092,,GW,interpolated,,
DE_NI,P_PV_Utility_Inf,2031,13.2092,,GW,interpolated,,
DE_NI,P_PV_Utility_Inf,2032,13.2092,,GW,interpolated,,
DE_NI,P_PV_Utility_Inf,2033,13.2092,,GW,interpolated,,
DE_NI,P_PV_Utility_Inf,2034,13.2092,,GW,interpolated,,
DE_NI,P_PV_Utility_Inf,2036,13.2092,,GW,interpolated,,
DE_NI,P_PV_Utility_Inf,2037,13.2092,,GW,interpolated,,
DE_NI,P_PV_Utility_Inf,2038,13.2092,,GW,interpolated,,
DE_NI,P_PV_Utility_Inf,2039,13.2092,,GW,interpolated,,
DE_NI,P_PV_Utility_Opt,2026,13.2092,,GW,interpolated,,
DE_NI,P_PV_Utility_Opt,2027,13.2092,,GW,interpolated,,
DE_NI,P_PV_Utility_Opt,2028,13.2092,,GW,interpolated,,
DE_NI,P_PV_Utility_Opt,2029,13.2092,,GW,interpolated,,
DE_NI,P_PV_Utility_Opt,2031,13.2092,,GW,interpolated,,
DE_NI,P_PV_Utility_Opt,2032,13.2092,,GW,interpolated,,
DE_NI,P_PV_Utility_Opt,2033,13.2092,,GW,interpolated,,
DE_NI,P_PV_Utility_Opt,2034,13.2092,,GW,interpolated,,
DE_NI,P_PV_Utility_Opt,2036,13.2092,,GW,interpolated,,
DE_NI,P_PV_Utility_Opt,2037,13.2092,,GW,interpolated,,
DE_NI,P_PV_Utility_Opt,2038,13.2092,,GW,interpolated,,
DE_NI,P_PV_Utility_Opt,2039,13.2092,,GW,interpolated,,
DE_NI,P_Wind_Offshore_Shallow,2026,16.6036,,GW,interpolated,,
DE_NI,P_Wind_Offshore_Shallow,2027,16.6036,,GW,interpolated,,
DE_NI,P_Wind_Offshore_Shallow,2028,16.6036,,GW,interpolated,,
DE_NI,P_Wind_Offshore_Shallow,2029,16.6036,,GW,interpolated,,
DE_NI,P_Wind_Offshore_Shallow,2031,16.6036,,GW,interpolated,,
DE_NI,P_Wind_Offshore_Shallow,2032,16.6036,,GW,interpolated,,
DE_NI,P_Wind_Offshore_Shallow,2033,16.6036,,GW,interpolated,,
DE_NI,P_Wind_Offshore_Shallow,2034,16.6036,,GW,interpolated,,
DE_NI,P_Wind_Offshore_Shallow,2036,16.6036,,GW,interpolated,,
DE_NI,P_Wind_Offshore_Shallow,2037,16.6036,,GW,interpolated,,
DE_NI,P_Wind_Offshore_Shallow,2038,16.6036,,GW,interpolated,,
DE_NI,P_Wind_Offshore_Shallow,2039,16.6036,,GW,interpolated,,
DE_NI,P_Wind_Offshore_Transitional,2026,4.253,,GW,interpolated,,
DE_NI,P_Wind_Offshore_Transitional,2027,4.253,,GW,interpolated,,
DE_NI,P_Wind_Offshore_Transitional,2028,4.253,,GW,interpolated,,
DE_NI,P_Wind_Offshore_Transitional,2029,4.253,,GW,interpolated,,
DE_NI,P_Wind_Offshore_Transitional,2031,4.253,,GW,interpolated,,
DE_NI,P_Wind_Offshore_Transitional,2032,4.253,,GW,interpolated,,
DE_NI,P_Wind_Offshore_Transitional,2033,4.253,,GW,interpolated,,
DE_NI,P_Wind_Offshore_Transitional,2034,4.253,,GW,interpolated,,
DE_NI,P_Wind_Offshore_Transitional,2036,4.253,,GW,interpolated,,
DE_NI,P_Wind_Offshore_Transitional,2037,4.253,,GW,interpolated,,
DE_NI,P_Wind_Offshore_Transitional,2038,4.253,,GW,interpolated,,
DE_NI,P_Wind_Offshore_Transitional,2039,4.253,,GW,interpolated,,
DE_NI,P_Wind_Onshore_Avg,2026,8.66667,,GW,interpolated,,
DE_NI,P_Wind_Onshore_Avg,2027,8.66667,,GW,interpolated,,
DE_NI,P_Wind_Onshore_Avg,2028,8.66667,,GW,interpolated,,
DE_NI,P_Wind_Onshore_Avg,2029,8.66667,,GW,interpolated,,
DE_NI,P_Wind_Onshore_Avg,2031,8.66667,,GW,interpolated,,
DE_NI,P_Wind_Onshore_Avg,2032,8.66667,,GW,interpolated,,
DE_NI,P_Wind_Onshore_Avg,2033,8.66667,,GW,interpolated,,
DE_NI,P_Wind_Onshore_Avg,2034,8.66667,,GW,interpolated,,
DE_NI,P_Wind_Onshore_Avg,2036,8.66667,,GW,interpolated,,
DE_NI,P_Wind_Onshore_Avg,2037,8.66667,,GW,interpolated,,
DE_NI,P_Wind_Onshore_Avg,2038,8.66667,,GW,interpolated,,
DE_NI,P_Wind_Onshore_Avg,2039,8.66667,,GW,interpolated,,
DE_NI,P_Wind_Onshore_Inf,2026,8.66667,,GW,interpolated,,
DE_NI,P_Wind_Onshore_Inf,2027,8.66667,,GW,interpolated,,
DE_NI,P_Wind_Onshore_Inf,2028,8.66667,,GW,interpolated,,
DE_NI,P_Wind_Onshore_Inf,2029,8.66667,,GW,interpolated,,
DE_NI,P_Wind_Onshore_Inf,2031,8.66667,,GW,interpolated,,
DE_NI,P_Wind_Onshore_Inf,2032,8.66667,,GW,interpolated,,
DE_NI,P_Wind_Onshore_Inf,2033,8.66667,,GW,interpolated,,
DE_NI,P_Wind_Onshore_Inf,2034,8.66667,,GW,interpolated,,
DE_NI,P_Wind_Onshore_Inf,2036,8.66667,,GW,interpolated,,
DE_NI,P_Wind_Onshore_Inf,2037,8.66667,,GW,interpolated,,
DE_NI,P_Wind_Onshore_Inf,2038,8.66667,,GW,interpolated,,
DE_NI,P_Wind_Onshore_Inf,2039,8.66667,,GW,interpolated,,
DE_NI,P_Wind_Onshore_Opt,2026,8.66667,,GW,interpolated,,
DE_NI,P_Wind_Onshore_Opt,2027,8.66667,,GW,interpolated,,
DE_NI,P_Wind_Onshore_Opt,2028,8.66667,,GW,interpolated,,
DE_NI,P_Wind_Onshore_Opt,2029,8.66667,,GW,interpolated,,
DE_NI,P_Wind_Onshore_Opt,2031,8.66667,,GW,interpolated,,
DE_NI,P_Wind_Onshore_Opt,2032,8.66667,,GW,interpolated,,
DE_NI,P_Wind_Onshore_Opt,2033,8.66667,,GW,interpolated,,
DE_NI,P_Wind_Onshore_Opt,2034,8.66667,,GW,interpolated,,
DE_NI,P_Wind_Onshore_Opt,2036,8.66667,,GW,interpolated,,
DE_NI,P_Wind_Onshore_Opt,2037,8.66667,,GW,interpolated,,
DE_NI,P_Wind_Onshore_Opt,2038,8.66667,,GW,interpolated,,
DE_NI,P_Wind_Onshore_Opt,2039,8.66667,,GW,interpolated,,
DE_MV,P_Ocean,2026,0.388179,,GW,interpolated,,
DE_MV,P_Ocean,2027,0.388179,,GW,interpolated,,
DE_MV,P_Ocean,2028,0.388179,,GW,interpolated,,
DE_MV,P_Ocean,2029,0.388179,,GW,interpolated,,
DE_MV,P_Ocean,2031,0.388179,,GW,interpolated,,
DE_MV,P_Ocean,2032,0.388179,,GW,interpolated,,
DE_MV,P_Ocean,2033,0.388179,,GW,interpolated,,
DE_MV,P_Ocean,2034,0.388179,,GW,interpolated,,
DE_MV,P_Ocean,2036,0.388179,,GW,interpolated,,
DE_MV,P_Ocean,2037,0.388179,,GW,interpolated,,
DE_MV,P_Ocean,2038,0.388179,,GW,interpolated,,
DE_MV,P_Ocean,2039,0.388179,,GW,interpolated,,
DE_MV,P_PV_Rooftop_Commercial,2026,3,,GW,interpolated,,
DE_MV,P_PV_Rooftop_Commercial,2027,3,,GW,interpolated,,
DE_MV,P_PV_Rooftop_Commercial,2028,3,,GW,interpolated,,
DE_MV,P_PV_Rooftop_Commercial,2029,3,,GW,interpolated,,
DE_MV,P_PV_Rooftop_Commercial,2031,3,,GW,interpolated,,
DE_MV,P_PV_Rooftop_Commercial,2032,3,,GW,interpolated,,
DE_MV,P_PV_Rooftop_Commercial,2033,3,,GW,interpolated,,
DE_MV,P_PV_Rooftop_Commercial,2034,3,,GW,interpolated,,
DE_MV,P_PV_Rooftop_Commercial,2036,3,,GW,interpolated,,
DE_MV,P_PV_Rooftop_Commercial,2037,3,,GW,interpolated,,
DE_MV,P_PV_Rooftop_Commercial,2038,3,,GW,interpolated,,
DE_MV,P_PV_Rooftop_Commercial,2039,3,,GW,interpolated,,
DE_MV,P_PV_Rooftop_Residential,2026,2,,GW,interpolated,,
DE_MV,P_PV_Rooftop_Residential,2027,2,,GW,interpolated,,
DE_MV,P_PV_Rooftop_Residential,2028,2,,GW,interpolated,,
DE_MV,P_PV_Rooftop_Residential,2029,2,,GW,interpolated,,
DE_MV,P_PV_Rooftop_Residential,2031,2,,GW,interpolated,,
DE_MV,P_PV_Rooftop_Residential,2032,2,,GW,interpolated,,
DE_MV,P_PV_Rooftop_Residential,2033,2,,GW,interpolated,,
DE_MV,P_PV_Rooftop_Residential,2034,2,,GW,interpolated,,
DE_MV,P_PV_Rooftop_Residential,2036,2,,GW,interpolated,,
DE_MV,P_PV_Rooftop_Residential,2037,2,,GW,interpolated,,
DE_MV,P_PV_Rooftop_Residential,2038,2,,GW,interpolated,,
DE_MV,P_PV_Rooftop_Residential,2039,2,,GW,interpolated,,
DE_MV,P_PV_Utility_Avg,2026,2.14975,,GW,interpolated,,
DE_MV,P_PV_Utility_Avg,2027,2.14975,,GW,interpolated,,
DE_MV,P_PV_Utility_Avg,2028,2.14975,,GW,interpolated,,
DE_MV,P_PV_Utility_Avg,2029,2.14975,,GW,interpolated,,
DE_MV,P_PV_Utility_Avg,2031,2.14975,,GW,interpolated,,
DE_MV,P_PV_Utility_Avg,2032,2.14975,,GW,interpolated,,
DE_MV,P_PV_Utility_Avg,2033,2.14975,,GW,interpolated,,
DE_MV,P_PV_Utility_Avg,2034,2.14975,,GW,interpolated,,
DE_MV,P_PV_Utility_Avg,2036,2.14975,,GW,interpolated,,
DE_MV,P_PV_Utility_Avg,2037,2.14975,,GW,interpolated,,
DE_MV,P_PV_Utility_Avg,2038,2.14975,,GW,interpolated,,
DE_MV,P_PV_Utility_Avg,2039,2.14975,,GW,interpolated,,
DE_MV,P_PV_Utility_Inf,2026,6.44926,,GW,interpolated,,
DE_MV,P_PV_Utility_Inf,2027,6.44926,,GW,interpolated,,
DE_MV,P_PV_Utility_Inf,2028,6.44926,,GW,interpolated,,
DE_MV,P_PV_Utility_Inf,2029,6.44926,,GW,interpolated,,
DE_MV,P_PV_Utility_Inf,2031,6.44926,,GW,interpolated,,
DE_MV,P_PV_Utility_Inf,2032,6.44926,,GW,interpolated,,
DE_MV,P_PV_Utility_Inf,2033,6.44926,,GW,interpolated,,
DE_MV,P_PV_Utility_Inf,2034,6.44926,,GW,interpolated,,
DE_MV,P_PV_Utility_Inf,2036,6.44926,,GW,interpolated,,
DE_MV,P_PV_Utility_Inf,2037,6.44926,,GW,interpolated,,
DE_MV,P_PV_Utility_Inf,2038,6.44926,,GW,interpolated,,
DE_MV,P_PV_Utility_Inf,2039,6.44926,,GW,interpolated,,
DE_MV,P_PV_Utility_Opt,2026,6.44926,,GW,interpolated,,
DE_MV,P_PV_Utility_Opt,2027,6.44926,,GW,interpolated,,
DE_MV,P_PV_Utility_Opt,2028,6.44926,,GW,interpolated,,
DE_MV,P_PV_Utility_Opt,2029,6.44926,,GW,interpolated,,
DE_MV,P_PV_Utility_Opt,2031,6.44926,,GW,interpolated,,
DE_MV,P_PV_Utility_Opt,2032,6.44926,,GW,interpolated,,
DE_MV,P_PV_Utility_Opt,2033,6.44926,,GW,interpolated,,
DE_MV,P_PV_Utility_Opt,2034,6.44926,,GW,interpolated,,
DE_MV,P_PV_Utility_Opt,2036,6.44926,,GW,interpolated,,
DE_MV,P_PV_Utility_Opt,2037,6.44926,,GW,interpolated,,
DE_MV,P_PV_Utility_Opt,2038,6.44926,,GW,interpolated,,
DE_MV,P_PV_Utility_Opt,2039,6.44926,,GW,interpolated,,
DE_MV,P_Wind_Offshore_Shallow,2026,2.18458,,GW,interpolated,,
DE_MV,P_Wind_Offshore_Shallow,2027,2.18458,,GW,interpolated,,
DE_MV,P_Wind_Offshore_Shallow,2028,2.18458,,GW,interpolated,,
DE_MV,P_Wind_Offshore_Shallow,2029,2.18458,,GW,interpolated,,
DE_MV,P_Wind_Offshore_Shallow,2031,2.18458,,GW,interpolated,,
DE_MV,P_Wind_Offshore_Shallow,2032,2.18458,,GW,interpolated,,
DE_MV,P_Wind_Offshore_Shallow,2033,2.18458,,GW,interpolated,,
DE_MV,P_Wind_Offshore_Shallow,2034,2.18458,,GW,interpolated,,
DE_MV,P_Wind_Offshore_Shallow,2036,2.18458,,GW,interpolated,,
DE_MV,P_Wind_Offshore_Shallow,2037,2.18458,,GW,interpolated,,
DE_MV,P_Wind_Offshore_Shallow,2038,2.18458,,GW,interpolated,,
DE_MV,P_Wind_Offshore_Shallow,2039,2.18458,,GW,interpolated,,
DE_MV,P_Wind_Offshore_Transitional,2026,1.072,,GW,interpolated,,
DE_MV,P_Wind_Offshore_Transitional,2027,1.072,,GW,interpolated,,
DE_MV,P_Wind_Offshore_Transitional,2028,1.072,,GW,interpolated,,
DE_MV,P_Wind_Offshore_Transitional,2029,1.072,,GW,interpolated,,
DE_MV,P_Wind_Offshore_Transitional,2031,1.072,,GW,interpolated,,
DE_MV,P_Wind_Offshore_Transitional,2032,1.072,,GW,interpolated,,
DE_MV,P_Wind_Offshore_Transitional,2033,1.072,,GW,interpolated,,
DE_MV,P_Wind_Offshore_Transitional,2034,1.072,,GW,interpolated,,
DE_MV,P_Wind_Offshore_Transitional,2036,1.072,,GW,interpolated,,
DE_MV,P_Wind_Offshore_Transitional,2037,1.072,,GW,interpolated,,
DE_MV,P_Wind_Offshore_Transitional,2038,1.072,,GW,interpolated,,
DE_MV,P_Wind_Offshore_Transitional,2039,1.072,,GW,interpolated,,
DE_MV,P_Wind_Onshore_Avg,2026,3.66667,,GW,interpolated,,
DE_MV,P_Wind_Onshore_Avg,2027,3.66667,,GW,interpolated,,
DE_MV,P_Wind_Onshore_Avg,2028,3.66667,,GW,interpolated,,
DE_MV,P_Wind_Onshore_Avg,2029,3.66667,,GW,interpolated,,
DE_MV,P_Wind_Onshore_Avg,2031,3.66667,,GW,interpolated,,
DE_MV,P_Wind_Onshore_Avg,2032,3.66667,,GW,interpolated,,
DE_MV,P_Wind_Onshore_Avg,2033,3.66667,,GW,interpolated,,
DE_MV,P_Wind_Onshore_Avg,2034,3.66667,,GW,interpolated,,
DE_MV,P_Wind_Onshore_Avg,2036,3.66667,,GW,interpolated,,
DE_MV,P_Wind_Onshore_Avg,2037,3.66667,,GW,interpolated,,
DE_MV,P_Wind_Onshore_Avg,2038,3.66667,,GW,interpolated,,
DE_MV,P_Wind_Onshore_Avg,2039,3.66667,,GW,interpolated,,
DE_MV,P_Wind_Onshore_Inf,2026,3.66667,,GW,interpolated,,
DE_MV,P_Wind_Onshore_Inf,2027,3.66667,,GW,interpolated,,
DE_MV,P_Wind_Onshore_Inf,2028,3.66667,,GW,interpolated,,
DE_MV,P_Wind_Onshore_Inf,2029,3.66667,,GW,interpolated,,
DE_MV,P_Wind_Onshore_Inf,2031,3.66667,,GW,interpolated,,
DE_MV,P_Wind_Onshore_Inf,2032,3.66667,,GW,interpolated,,
DE_MV,P_Wind_Onshore_Inf,2033,3.66667,,GW,interpolated,,
DE_MV,P_Wind_Onshore_Inf,2034,3.66667,,GW,interpolated,,
DE_MV,P_Wind_Onshore_Inf,2036,3.66667,,GW,interpolated,,
DE_MV,P_Wind_Onshore_Inf,2037,3.66667,,GW,interpolated,,
DE_MV,P_Wind_Onshore_Inf,2038,3.66667,,GW,interpolated,,
DE_MV,P_Wind_Onshore_Inf,2039,3.66667,,GW,interpolated,,
DE_MV,P_Wind_Onshore_Opt,2026,3.66667,,GW,interpolated,,
DE_MV,P_Wind_Onshore_Opt,2027,3.66667,,GW,interpolated,,
DE_MV,P_Wind_Onshore_Opt,2028,3.66667,,GW,interpolated,,
DE_MV,P_Wind_Onshore_Opt,2029,3.66667,,GW,interpolated,,
DE_MV,P_Wind_Onshore_Opt,2031,3.66667,,GW,interpolated,,
DE_MV,P_Wind_Onshore_Opt,2032,3.66667,,GW,interpolated,,
DE_MV,P_Wind_Onshore_Opt,2033,3.66667,,GW,interpolated,,
DE_MV,P_Wind_Onshore_Opt,2034,3.66667,,GW,interpolated,,
DE_MV,P_Wind_Onshore_Opt,2036,3.66667,,GW,interpolated,,
DE_MV,P_Wind_Onshore_Opt,2037,3.66667,,GW,interpolated,,
DE_MV,P_Wind_Onshore_Opt,2038,3.66667,,GW,interpolated,,
DE_MV,P_Wind_Onshore_Opt,2039,3.66667,,GW,interpolated,,
DE_HH,P_PV_Rooftop_Commercial,2026,1,,GW,interpolated,,
DE_HH,P_PV_Rooftop_Commercial,2027,1,,GW,interpolated,,
DE_HH,P_PV_Rooftop_Commercial,2028,1,,GW,interpolated,,
DE_HH,P_PV_Rooftop_Commercial,2029,1,,GW,interpolated,,
DE_HH,P_PV_Rooftop_Commercial,2031,1,,GW,interpolated,,
DE_HH,P_PV_Rooftop_Commercial,2032,1,,GW,interpolated,,
DE_HH,P_PV_Rooftop_Commercial,2033,1,,GW,interpolated,,
DE_HH,P_PV_Rooftop_Commercial,2034,1,,GW,interpolated,,
DE_HH,P_PV_Rooftop_Commercial,2036,1,,GW,interpolated,,
DE_HH,P_PV_Rooftop_Commercial,2037,1,,GW,interpolated,,
DE_HH,P_PV_Rooftop_Commercial,2038,1,,GW,interpolated,,
DE_HH,P_PV_Rooftop_Commercial,2039,1,,GW,interpolated,,
DE_HH,P_PV_Rooftop_Residential,2026,1.4,,GW,interpolated,,
DE_HH,P_PV_Rooftop_Residential,2027,1.4,,GW,interpolated,,
DE_HH,P_PV_Rooftop_Residential,2028,1.4,,GW,interpolated,,
DE_HH,P_PV_Rooftop_Residential,2029,1.4,,GW,interpolated,,
DE_HH,P_PV_Rooftop_Residential,2031,1.4,,GW,interpolated,,
DE_HH,P_PV_Rooftop_Residential,2032,1.4,,GW,interpolated,,
DE_HH,P_PV_Rooftop_Residential,2033,1.4,,GW,interpolated,,
DE_HH,P_PV_Rooftop_Residential,2034,1.4,,GW,interpolated,,
DE_HH,P_PV_Rooftop_Residential,2036,1.4,,GW,interpolated,,
DE_HH,P_PV_Rooftop_Residential,2037,1.4,,GW,interpolated,,
DE_HH,P_PV_Rooftop_Residential,2038,1.4,,GW,interpolated,,
DE_HH,P_PV_Rooftop_Residential,2039,1.4,,GW,interpolated,,
DE_HH,P_PV_Utility_Avg,2026,0.0696773,,GW,interpolated,,
DE_HH,P_PV_Utility_Avg,2027,0.0696773,,GW,interpolated,,
DE_HH,P_PV_Utility_Avg,2028,0.0696773,,GW,interpolated,,
DE_HH,P_PV_Utility_Avg,2029,0.0696773,,GW,interpolated,,
DE_HH,P_PV_Utility_Avg,2031,0.0696773,,GW,interpolated,,
DE_HH,P_PV_Utility_Avg,2032,0.0696773,,GW,interpolated,,
DE_HH,P_PV_Utility_Avg,2033,0.0696773,,GW,interpolated,,
DE_HH,P_PV_Utility_Avg,2034,0.0696773,,GW,interpolated,,
DE_HH,P_PV_Utility_Avg,2036,0.0696773,,GW,interpolated,,
DE_HH,P_PV_Utility_Avg,2037,0.0696773,,GW,interpolated,,
DE_HH,P_PV_Utility_Avg,2038,0.0696773,,GW,interpolated,,
DE_HH,P_PV_Utility_Avg,2039,0.0696773,,GW,interpolated,,
DE_HH,P_PV_Utility_Inf,2026,0.209032,,GW,interpolated,,
DE_HH,P_PV_Utility_Inf,2027,0.209032,,GW,interpolated,,
DE_HH,P_PV_Utility_Inf,2028,0.209032,,GW,interpolated,,
DE_HH,P_PV_Utility_Inf,2029,0.209032,,GW,interpolated,,
DE_HH,P_PV_Utility_Inf,2031,0.209032,,GW,interpolated,,
DE_HH,P_PV_Utility_Inf,2032,0.209032,,GW,interpolated,,
DE_HH,P_PV_Utility_Inf,2033,0.209032,,GW,interpolated,,
DE_HH,P_PV_Utility_Inf,2034,0.209032,,GW,interpolated,,
DE_HH,P_PV_Utility_Inf,2036,0.209032,,GW,interpolated,,
DE_HH,P_PV_Utility_Inf,2037,0.209032,,GW,interpolated,,
DE_HH,P_PV_Utility_Inf,2038,0.209032,,GW,interpolated,,
DE_HH,P_PV_Utility_Inf,2039,0.209032,,GW,interpolated,,
DE_HH,P_PV_Utility_Opt,2026,0.209032,,GW,interpolated,,
DE_HH,P_PV_Utility_Opt,2027,0.209032,,GW,interpolated,,
DE_HH,P_PV_Utility_Opt,2028,0.209032,,GW,interpolated,,
DE_HH,P_PV_Utility_Opt,2029,0.209032,,GW,interpolated,,
DE_HH,P_PV_Utility_Opt,2031,0.209032,,GW,interpolated,,
DE_HH,P_PV_Utility_Opt,2032,0.209032,,GW,interpolated,,
DE_HH,P_PV_Utility_Opt,2033,0.209032,,GW,interpolated,,
DE_HH,P_PV_Utility_Opt,2034,0.209032,,GW,interpolated,,
DE_HH,P_PV_Utility_Opt,2036,0.209032,,GW,interpolated,,
DE_HH,P_PV_Utility_Opt,2037,0.209032,,GW,interpolated,,
DE_HH,P_PV_Utility_Opt,2038,0.209032,,GW,interpolated,,
DE_HH,P_PV_Utility_Opt,2039,0.209032,,GW,interpolated,,
DE_HH,P_Wind_Onshore_Avg,2026,0.1,,GW,interpolated,,
DE_HH,P_Wind_Onshore_Avg,2027,0.1,,GW,interpolated,,
DE_HH,P_Wind_Onshore_Avg,2028,0.1,,GW,interpolated,,
DE_HH,P_Wind_Onshore_Avg,2029,0.1,,GW,interpolated,,
DE_HH,P_Wind_Onshore_Avg,2031,0.1,,GW,interpolated,,
DE_HH,P_Wind_Onshore_Avg,2032,0.1,,GW,interpolated,,
DE_HH,P_Wind_Onshore_Avg,2033,0.1,,GW,interpolated,,
DE_HH,P_Wind_Onshore_Avg,2034,0.1,,GW,interpolated,,
DE_HH,P_Wind_Onshore_Avg,2036,0.1,,GW,interpolated,,
DE_HH,P_Wind_Onshore_Avg,2037,0.1,,GW,interpolated,,
DE_HH,P_Wind_Onshore_Avg,2038,0.1,,GW,interpolated,,
DE_HH,P_Wind_Onshore_Avg,2039,0.1,,GW,interpolated,,
DE_HH,P_Wind_Onshore_Inf,2026,0.1,,GW,interpolated,,
DE_HH,P_Wind_Onshore_Inf,2027,0.1,,GW,interpolated,,
DE_HH,P_Wind_Onshore_Inf,2028,0.1,,GW,interpolated,,
DE_HH,P_Wind_Onshore_Inf,2029,0.1,,GW,interpolated,,
DE_HH,P_Wind_Onshore_Inf,2031,0.1,,GW,interpolated,,
DE_HH,P_Wind_Onshore_Inf,2032,0.1,,GW,interpolated,,
DE_HH,P_Wind_Onshore_Inf,2033,0.1,,GW,interpolated,,
DE_HH,P_Wind_Onshore_Inf,2034,0.1,,GW,interpolated,,
DE_HH,P_Wind_Onshore_Inf,2036,0.1,,GW,interpolated,,
DE_HH,P_Wind_Onshore_Inf,2037,0.1,,GW,interpolated,,
DE_HH,P_Wind_Onshore_Inf,2038,0.1,,GW,interpolated,,
DE_HH,P_Wind_Onshore_Inf,2039,0.1,,GW,interpolated,,
DE_HH,P_Wind_Onshore_Opt,2026,0.1,,GW,interpolated,,
DE_HH,P_Wind_Onshore_Opt,2027,0.1,,GW,interpolated,,
DE_HH,P_Wind_Onshore_Opt,2028,0.1,,GW,interpolated,,
DE_HH,P_Wind_Onshore_Opt,2029,0.1,,GW,interpolated,,
DE_HH,P_Wind_Onshore_Opt,2031,0.1,,GW,interpolated,,
DE_HH,P_Wind_Onshore_Opt,2032,0.1,,GW,interpolated,,
DE_HH,P_Wind_Onshore_Opt,2033,0.1,,GW,interpolated,,
DE_HH,P_Wind_Onshore_Opt,2034,0.1,,GW,interpolated,,
DE_HH,P_Wind_Onshore_Opt,2036,0.1,,GW,interpolated,,
DE_HH,P_Wind_Onshore_Opt,2037,0.1,,GW,interpolated,,
DE_HH,P_Wind_Onshore_Opt,2038,0.1,,GW,interpolated,,
DE_HH,P_Wind_Onshore_Opt,2039,0.1,,GW,interpolated,,
DE_HE,P_PV_Rooftop_Commercial,2026,5,,GW,interpolated,,
DE_HE,P_PV_Rooftop_Commercial,2027,5,,GW,interpolated,,
DE_HE,P_PV_Rooftop_Commercial,2028,5,,GW,interpolated,,
DE_HE,P_PV_Rooftop_Commercial,2029,5,,GW,interpolated,,
DE_HE,P_PV_Rooftop_Commercial,2031,5,,GW,interpolated,,
DE_HE,P_PV_Rooftop_Commercial,2032,5,,GW,interpolated,,
DE_HE,P_PV_Rooftop_Commercial,2033,5,,GW,interpolated,,
DE_HE,P_PV_Rooftop_Commercial,2034,5,,GW,interpolated,,
DE_HE,P_PV_Rooftop_Commercial,2036,5,,GW,interpolated,,
DE_HE,P_PV_Rooftop_Commercial,2037,5,,GW,interpolated,,
DE_HE,P_PV_Rooftop_Commercial,2038,5,,GW,interpolated,,
DE_HE,P_PV_Rooftop_Commercial,2039,5,,GW,interpolated,,
DE_HE,P_PV_Rooftop_Residential,2026,8.7,,GW,interpolated,,
DE_HE,P_PV_Rooftop_Residential,2027,8.7,,GW,interpolated,,
DE_HE,P_PV_Rooftop_Residential,2028,8.7,,GW,interpolated,,
DE_HE,P_PV_Rooftop_Residential,2029,8.7,,GW,interpolated,,
DE_HE,P_PV_Rooftop_Residential,2031,8.7,,GW,interpolated,,
DE_HE,P_PV_Rooftop_Residential,2032,8.7,,GW,interpolated,,
DE_HE,P_PV_Rooftop_Residential,2033,8.7,,GW,interpolated,,
DE_HE,P_PV_Rooftop_Residential,2034,8.7,,GW,interpolated,,
DE_HE,P_PV_Rooftop_Residential,2036,8.7,,GW,interpolated,,
DE_HE,P_PV_Rooftop_Residential,2037,8.7,,GW,interpolated,,
DE_HE,P_PV_Rooftop_Residential,2038,8.7,,GW,interpolated,,
DE_HE,P_PV_Rooftop_Residential,2039,8.7,,GW,interpolated,,
DE_HE,P_PV_Utility_Avg,2026,1.94866,,GW,interpolated,,
DE_HE,P_PV_Utility_Avg,2027,1.94866,,GW,interpolated,,
DE_HE,P_PV_Utility_Avg,2028,1.94866,,GW,interpolated,,
DE_HE,P_PV_Utility_Avg,2029,1.94866,,GW,interpolated,,
DE_HE,P_PV_Utility_Avg,2031,1.94866,,GW,interpolated,,
DE_HE,P_PV_Utility_Avg,2032,1.94866,,GW,interpolated,,
DE_HE,P_PV_Utility_Avg,2033,1.94866,,GW,interpolated,,
DE_HE,P_PV_Utility_Avg,2034,1.94866,,GW,interpolated,,
DE_HE,P_PV_Utility_Avg,2036,1.94866,,GW,interpolated,,
DE_HE,P_PV_Utility_Avg,2037,1.94866,,GW,interpolated,,
DE_HE,P_PV_Utility_Avg,2038,1.94866,,GW,interpolated,,
DE_HE,P_PV_Utility_Avg,2039,1.94866,,GW,interpolated,,
DE_HE,P_PV_Utility_Inf,2026,5.84597,,GW,interpolated,,
DE_HE,P_PV_Utility_Inf,2027,5.84597,,GW,interpolated,,
DE_HE,P_PV_Utility_Inf,2028,5.84597,,GW,interpolated,,
DE_HE,P_PV_Utility_Inf,2029,5.84597,,GW,interpolated,,
DE_HE,P_PV_Utility_Inf,2031,5.84597,,GW,interpolated,,
DE_HE,P_PV_Utility_Inf,2032,5.84597,,GW,interpolated,,
DE_HE,P_PV_Utility_Inf,2033,5.84597,,GW,interpolated,,
DE_HE,P_PV_Utility_Inf,2034,5.84597,,GW,interpolated,,
DE_HE,P_PV_Utility_Inf,2036,5.84597,,GW,interpolated,,
DE_HE,P_PV_Utility_Inf,2037,5.84597,,GW,interpolated,,
DE_HE,P_PV_Utility_Inf,2038,5.84597,,GW,interpolated,,
DE_HE,P_PV_Utility_Inf,2039,5.84597,,GW,interpolated,,
DE_HE,P_PV_Utility_Opt,2026,5.84597,,GW,interpolated,,
DE_HE,P_PV_Utility_Opt,2027,5.84597,,GW,interpolated,,
DE_HE,P_PV_Utility_Opt,2028,5.84597,,GW,interpolated,,
DE_HE,P_PV_Utility_Opt,2029,5.84597,,GW,interpolated,,
DE_HE,P_PV_Utility_Opt,2031,5.84597,,GW,interpolated,,
DE_HE,P_PV_Utility_Opt,2032,5.84597,,GW,interpolated,,
DE_HE,P_PV_Utility_Opt,2033,5.84597,,GW,interpolated,,
DE_HE,P_PV_Utility_Opt,2034,5.84597,,GW,interpolated,,
DE_HE,P_PV_Utility_Opt,2036,5.84597,,GW,interpolated,,
DE_HE,P_PV_Utility_Opt,2037,5.84597,,GW,interpolated,,
DE_HE,P_PV_Utility_Opt,2038,5.84597,,GW,interpolated,,
DE_HE,P_PV_Utility_Opt,2039,5.84597,,GW,interpolated,,
DE_HE,P_Wind_Onshore_Avg,2026,4.66667,,GW,interpolated,,
DE_HE,P_Wind_Onshore_Avg,2027,4.66667,,GW,interpolated,,
DE_HE,P_Wind_Onshore_Avg,2028,4.66667,,GW,interpolated,,
DE_HE,P_Wind_Onshore_Avg,2029,4.66667,,GW,interpolated,,
DE_HE,P_Wind_Onshore_Avg,2031,4.66667,,GW,interpolated,,
DE_HE,P_Wind_Onshore_Avg,2032,4.66667,,GW,interpolated,,
DE_HE,P_Wind_Onshore_Avg,2033,4.66667,,GW,interpolated,,
DE_HE,P_Wind_Onshore_Avg,2034,4.66667,,GW,interpolated,,
DE_HE,P_Wind_Onshore_Avg,2036,4.66667,,GW,interpolated,,
DE_HE,P_Wind_Onshore_Avg,2037,4.66667,,GW,interpolated,,
DE_HE,P_Wind_Onshore_Avg,2038,4.66667,,GW,interpolated,,
DE_HE,P_Wind_Onshore_Avg,2039,4.66667,,GW,interpolated,,
DE_HE,P_Wind_Onshore_Inf,2026,4.66667,,GW,interpolated,,
DE_HE,P_Wind_Onshore_Inf,2027,4.66667,,GW,interpolated,,
DE_HE,P_Wind_Onshore_Inf,2028,4.66667,,GW,interpolated,,
DE_HE,P_Wind_Onshore_Inf,2029,4.66667,,GW,interpolated,,
DE_HE,P_Wind_Onshore_Inf,2031,4.66667,,GW,interpolated,,
DE_HE,P_Wind_Onshore_Inf,2032,4.66667,,GW,interpolated,,
DE_HE,P_Wind_Onshore_Inf,2033,4.66667,,GW,interpolated,,
DE_HE,P_Wind_Onshore_Inf,2034,4.66667,,GW,interpolated,,
DE_HE,P_Wind_Onshore_Inf,2036,4.66667,,GW,interpolated,,
DE_HE,P_Wind_Onshore_Inf,2037,4.66667,,GW,interpolated,,
DE_HE,P_Wind_Onshore_Inf,2038,4.66667,,GW,interpolated,,
DE_HE,P_Wind_Onshore_Inf,2039,4.66667,,GW,interpolated,,
DE_HE,P_Wind_Onshore_Opt,2026,4.66667,,GW,interpolated,,
DE_HE,P_Wind_Onshore_Opt,2027,4.66667,,GW,interpolated,,
DE_HE,P_Wind_Onshore_Opt,2028,4.66667,,GW,interpolated,,
DE_HE,P_Wind_Onshore_Opt,2029,4.66667,,GW,interpolated,,
DE_HE,P_Wind_Onshore_Opt,2031,4.66667,,GW,interpolated,,
DE_HE,P_Wind_Onshore_Opt,2032,4.66667,,GW,interpolated,,
DE_HE,P_Wind_Onshore_Opt,2033,4.66667,,GW,interpolated,,
DE_HE,P_Wind_Onshore_Opt,2034,4.66667,,GW,interpolated,,
DE_HE,P_Wind_Onshore_Opt,2036,4.66667,,GW,interpolated,,
DE_HE,P_Wind_Onshore_Opt,2037,4.66667,,GW,interpolated,,
DE_HE,P_Wind_Onshore_Opt,2038,4.66667,,GW,interpolated,,
DE_HE,P_Wind_Onshore_Opt,2039,4.66667,,GW,interpolated,,
DE_HB,P_PV_Rooftop_Commercial,2026,0.4,,GW,interpolated,,
DE_HB,P_PV_Rooftop_Commercial,2027,0.4,,GW,interpolated,,
DE_HB,P_PV_Rooftop_Commercial,2028,0.4,,GW,interpolated,,
DE_HB,P_PV_Rooftop_Commercial,2029,0.4,,GW,interpolated,,
DE_HB,P_PV_Rooftop_Commercial,2031,0.4,,GW,interpolated,,
DE_HB,P_PV_Rooftop_Commercial,2032,0.4,,GW,interpolated,,
DE_HB,P_PV_Rooftop_Commercial,2033,0.4,,GW,interpolated,,
DE_HB,P_PV_Rooftop_Commercial,2034,0.4,,GW,interpolated,,
DE_HB,P_PV_Rooftop_Commercial,2036,0.4,,GW,interpolated,,
DE_HB,P_PV_Rooftop_Commercial,2037,0.4,,GW,interpolated,,
DE_HB,P_PV_Rooftop_Commercial,2038,0.4,,GW,interpolated,,
DE_HB,P_PV_Rooftop_Commercial,2039,0.4,,GW,interpolated,,
DE_HB,P_PV_Rooftop_Residential,2026,0.6,,GW,interpolated,,
DE_HB,P_PV_Rooftop_Residential,2027,0.6,,GW,interpolated,,
DE_HB,P_PV_Rooftop_Residential,2028,0.6,,GW,interpolated,,
DE_HB,P_PV_Rooftop_Residential,2029,0.6,,GW,interpolated,,
DE_HB,P_PV_Rooftop_Residential,2031,0.6,,GW,interpolated,,
DE_HB,P_PV_Rooftop_Residential,2032,0.6,,GW,interpolated,,
DE_HB,P_PV_Rooftop_Residential,2033,0.6,,GW,interpolated,,
DE_HB,P_PV_Rooftop_Residential,2034,0.6,,GW,interpolated,,
DE_HB,P_PV_Rooftop_Residential,2036,0.6,,GW,interpolated,,
DE_HB,P_PV_Rooftop_Residential,2037,0.6,,GW,interpolated,,
DE_HB,P_PV_Rooftop_Residential,2038,0.6,,GW,interpolated,,
DE_HB,P_PV_Rooftop_Residential,2039,0.6,,GW,interpolated,,
DE_HB,P_PV_Utility_Avg,2026,0.0387609,,GW,interpolated,,
DE_HB,P_PV_Utility_Avg,2027,0.0387609,,GW,interpolated,,
DE_HB,P_PV_Utility_Avg,2028,0.0387609,,GW,interpolated,,
DE_HB,P_PV_Utility_Avg,2029,0.0387609,,GW,interpolated,,
DE_HB,P_PV_Utility_Avg,2031,0.0387609,,GW,interpolated,,
DE_HB,P_PV_Utility_Avg,2032,0.0387609,,GW,interpolated,,
DE_HB,P_PV_Utility_Avg,2033,0.0387609,,GW,interpolated,,
DE_HB,P_PV_Utility_Avg,2034,0.0387609,,GW,interpolated,,
DE_HB,P_PV_Utility_Avg,2036,0.0387609,,GW,interpolated,,
DE_HB,P_PV_Utility_Avg,2037,0.0387609,,GW,interpolated,,
DE_HB,P_PV_Utility_Avg,2038,0.0387609,,GW,interpolated,,
DE_HB,P_PV_Utility_Avg,2039,0.0387609,,GW,interpolated,,
DE_HB,P_PV_Utility_Inf,2026,0.116283,,GW,interpolated,,
DE_HB,P_PV_Utility_Inf,2027,0.116283,,GW,interpolated,,
DE_HB,P_PV_Utility_Inf,2028,0.116283,,GW,interpolated,,
DE_HB,P_PV_Utility_Inf,2029,0.116283,,GW,interpolated,,
DE_HB,P_PV_Utility_Inf,2031,0.116283,,GW,interpolated,,
DE_HB,P_PV_Utility_Inf,2032,0.116283,,GW,interpolated,,
DE_HB,P_PV_Utility_Inf,2033,0.116283,,GW,interpolated,,
DE_HB,P_PV_Utility_Inf,2034,0.116283,,GW,interpolated,,
DE_HB,P_PV_Utility_Inf,2036,0.116283,,GW,interpolated,,
DE_HB,P_PV_Utility_Inf,2037,0.116283,,GW,interpolated,,
DE_HB,P_PV_Utility_Inf,2038,0.116283,,GW,interpolated,,
DE_HB,P_PV_Utility_Inf,2039,0.116283,,GW,interpolated,,
DE_HB,P_PV_Utility_Opt,2026,0.116283,,GW,interpolated,,
DE_HB,P_PV_Utility_Opt,2027,0.116283,,GW,interpolated,,
DE_HB,P_PV_Utility_Opt,2028,0.116283,,GW,interpolated,,
DE_HB,P_PV_Utility_Opt,2029,0.116283,,GW,interpolated,,
DE_HB,P_PV_Utility_Opt,2031,0.116283,,GW,interpolated,,
DE_HB,P_PV_Utility_Opt,2032,0.116283,,GW,interpolated,,
DE_HB,P_PV_Utility_Opt,2033,0.116283,,GW,interpolated,,
DE_HB,P_PV_Utility_Opt,2034,0.116283,,GW,interpolated,,
DE_HB,P_PV_Utility_Opt,2036,0.116283,,GW,interpolated,,
DE_HB,P_PV_Utility_Opt,2037,0.116283,,GW,interpolated,,
DE_HB,P_PV_Utility_Opt,2038,0.116283,,GW,interpolated,,
DE_HB,P_PV_Utility_Opt,2039,0.116283,,GW,interpolated,,
DE_HB,P_Wind_Onshore_Avg,2026,0.0666667,,GW,interpolated,,
DE_HB,P_Wind_Onshore_Avg,2027,0.0666667,,GW,interpolated,,
DE_HB,P_Wind_Onshore_Avg,2028,0.0666667,,GW,interpolated,,
DE_HB,P_Wind_Onshore_Avg,2029,0.0666667,,GW,interpolated,,
DE_HB,P_Wind_Onshore_Avg,2031,0.0666667,,GW,interpolated,,
DE_HB,P_Wind_Onshore_Avg,2032,0.0666667,,GW,interpolated,,
DE_HB,P_Wind_Onshore_Avg,2033,0.0666667,,GW,interpolated,,
DE_HB,P_Wind_Onshore_Avg,2034,0.0666667,,GW,interpolated,,
DE_HB,P_Wind_Onshore_Avg,2036,0.0666667,,GW,interpolated,,
DE_HB,P_Wind_Onshore_Avg,2037,0.0666667,,GW,interpolated,,
DE_HB,P_Wind_Onshore_Avg,2038,0.0666667,,GW,interpolated,,
DE_HB,P_Wind_Onshore_Avg,2039,0.0666667,,GW,interpolated,,
DE_HB,P_Wind_Onshore_Inf,2026,0.0666667,,GW,interpolated,,
DE_HB,P_Wind_Onshore_Inf,2027,0.0666667,,GW,interpolated,,
DE_HB,P_Wind_Onshore_Inf,2028,0.0666667,,GW,interpolated,,
DE_HB,P_Wind_Onshore_Inf,2029,0.0666667,,GW,interpolated,,
DE_HB,P_Wind_Onshore_Inf,2031,0.0666667,,GW,interpolated,,
DE_HB,P_Wind_Onshore_Inf,2032,0.0666667,,GW,interpolated,,
DE_HB,P_Wind_Onshore_Inf,2033,0.0666667,,GW,interpolated,,
DE_HB,P_Wind_Onshore_Inf,2034,0.0666667,,GW,interpolated,,
DE_HB,P_Wind_Onshore_Inf,2036,0.0666667,,GW,interpolated,,
DE_HB,P_Wind_Onshore_Inf,2037,0.0666667,,GW,interpolated,,
DE_HB,P_Wind_Onshore_Inf,2038,0.0666667,,GW,interpolated,,
DE_HB,P_Wind_Onshore_Inf,2039,0.0666667,,GW,interpolated,,
DE_HB,P_Wind_Onshore_Opt,2026,0.1442,,GW,interpolated,,
DE_HB,P_Wind_Onshore_Opt,2027,0.1346,,GW,interpolated,,
DE_HB,P_Wind_Onshore_Opt,2028,0.125,,GW,interpolated,,
DE_HB,P_Wind_Onshore_Opt,2029,0.1154,,GW,interpolated,,
DE_HB,P_Wind_Onshore_Opt,2031,0.0979733,,GW,interpolated,,
DE_HB,P_Wind_Onshore_Opt,2032,0.0901467,,GW,interpolated,,
DE_HB,P_Wind_Onshore_Opt,2033,0.08232,,GW,interpolated,,
DE_HB,P_Wind_Onshore_Opt,2034,0.0744934,,GW,interpolated,,
DE_HB,P_Wind_Onshore_Opt,2036,0.0666667,,GW,interpolated,,
DE_HB,P_Wind_Onshore_Opt,2037,0.0666667,,GW,interpolated,,
DE_HB,P_Wind_Onshore_Opt,2038,0.0666667,,GW,interpolated,,
DE_HB,P_Wind_Onshore_Opt,2039,0.0666667,,GW,interpolated,,
DE_BY,P_PV_Rooftop_Commercial,2026,16.8,,GW,interpolated,,
DE_BY,P_PV_Rooftop_Commercial,2027,16.8,,GW,interpolated,,
DE_BY,P_PV_Rooftop_Commercial,2028,16.8,,GW,interpolated,,
DE_BY,P_PV_Rooftop_Commercial,2029,16.8,,GW,interpolated,,
DE_BY,P_PV_Rooftop_Commercial,2031,16.8,,GW,interpolated,,
DE_BY,P_PV_Rooftop_Commercial,2032,16.8,,GW,interpolated,,
DE_BY,P_PV_Rooftop_Commercial,2033,16.8,,GW,interpolated,,
DE_BY,P_PV_Rooftop_Commercial,2034,16.8,,GW,interpolated,,
DE_BY,P_PV_Rooftop_Commercial,2036,16.8,,GW,interpolated,,
DE_BY,P_PV_Rooftop_Commercial,2037,16.8,,GW,interpolated,,
DE_BY,P_PV_Rooftop_Commercial,2038,16.8,,GW,interpolated,,
DE_BY,P_PV_Rooftop_Commercial,2039,16.8,,GW,interpolated,,
DE_BY,P_PV_Rooftop_Residential,2026,18.9,,GW,interpolated,,
DE_BY,P_PV_Rooftop_Residential,2027,18.9,,GW,interpolated,,
DE_BY,P_PV_Rooftop_Residential,2028,18.9,,GW,interpolated,,
DE_BY,P_PV_Rooftop_Residential,2029,18.9,,GW,interpolated,,
DE_BY,P_PV_Rooftop_Residential,2031,18.9,,GW,interpolated,,
DE_BY,P_PV_Rooftop_Residential,2032,18.9,,GW,interpolated,,
DE_BY,P_PV_Rooftop_Residential,2033,18.9,,GW,interpolated,,
DE_BY,P_PV_Rooftop_Residential,2034,18.9,,GW,interpolated,,
DE_BY,P_PV_Rooftop_Residential,2036,18.9,,GW,interpolated,,
DE_BY,P_PV_Rooftop_Residential,2037,18.9,,GW,interpolated,,
DE_BY,P_PV_Rooftop_Residential,2038,18.9,,GW,interpolated,,
DE_BY,P_PV_Rooftop_Residential,2039,18.9,,GW,interpolated,,
DE_BY,P_PV_Utility_Avg,2026,6.51017,,GW,interpolated,,
DE_BY,P_PV_Utility_Avg,2027,6.51017,,GW,interpolated,,
DE_BY,P_PV_Utility_Avg,2028,6.51017,,GW,interpolated,,
DE_BY,P_PV_Utility_Avg,2029,6.51017,,GW,interpolated,,
DE_BY,P_PV_Utility_Avg,2031,6.51017,,GW,interpolated,,
DE_BY,P_PV_Utility_Avg,2032,6.51017,,GW,interpolated,,
DE_BY,P_PV_Utility_Avg,2033,6.51017,,GW,interpolated,,
DE_BY,P_PV_Utility_Avg,2034,6.51017,,GW,interpolated,,
DE_BY,P_PV_Utility_Avg,2036,6.51017,,GW,interpolated,,
DE_BY,P_PV_Utility_Avg,2037,6.51017,,GW,interpolated,,
DE_BY,P_PV_Utility_Avg,2038,6.51017,,GW,interpolated,,
DE_BY,P_PV_Utility_Avg,2039,6.51017,,GW,interpolated,,
DE_BY,P_PV_Utility_Inf,2026,19.5305,,GW,interpolated,,
DE_BY,P_PV_Utility_Inf,2027,19.5305,,GW,interpolated,,
DE_BY,P_PV_Utility_Inf,2028,19.5305,,GW,interpolated,,
DE_BY,P_PV_Utility_Inf,2029,19.5305,,GW,interpolated,,
DE_BY,P_PV_Utility_Inf,2031,19.5305,,GW,interpolated,,
DE_BY,P_PV_Utility_Inf,2032,19.5305,,GW,interpolated,,
DE_BY,P_PV_Utility_Inf,2033,19.5305,,GW,interpolated,,
DE_BY,P_PV_Utility_Inf,2034,19.5305,,GW,interpolated,,
DE_BY,P_PV_Utility_Inf,2036,19.5305,,GW,interpolated,,
DE_BY,P_PV_Utility_Inf,2037,19.5305,,GW,interpolated,,
DE_BY,P_PV_Utility_Inf,2038,19.5305,,GW,interpolated,,
DE_BY,P_PV_Utility_Inf,2039,19.5305,,GW,interpolated,,
DE_BY,P_PV_Utility_Opt,2026,19.5305,,GW,interpolated,,
DE_BY,P_PV_Utility_Opt,2027,19.5305,,GW,interpolated,,
DE_BY,P_PV_Utility_Opt,2028,19.5305,,GW,interpolated,,
DE_BY,P_PV_Utility_Opt,2029,19.5305,,GW,interpolated,,
DE_BY,P_PV_Utility_Opt,2031,19.5305,,GW,interpolated,,
DE_BY,P_PV_Utility_Opt,2032,19.5305,,GW,interpolated,,
DE_BY,P_PV_Utility_Opt,2033,19.5305,,GW,interpolated,,
DE_BY,P_PV_Utility_Opt,2034,19.5305,,GW,interpolated,,
DE_BY,P_PV_Utility_Opt,2036,19.5305,,GW,interpolated,,
DE_BY,P_PV_Utility_Opt,2037,19.5305,,GW,interpolated,,
DE_BY,P_PV_Utility_Opt,2038,19.5305,,GW,interpolated,,
DE_BY,P_PV_Utility_Opt,2039,19.5305,,GW,interpolated,,
DE_BY,P_Wind_Onshore_Avg,2026,13.6667,,GW,interpolated,,
DE_BY,P_Wind_Onshore_Avg,2027,13.6667,,GW,interpolated,,
DE_BY,P_Wind_Onshore_Avg,2028,13.6667,,GW,interpolated,,
DE_BY,P_Wind_Onshore_Avg,2029,13.6667,,GW,interpolated,,
DE_BY,P_Wind_Onshore_Avg,2031,13.6667,,GW,interpolated,,
DE_BY,P_Wind_Onshore_Avg,2032,13.6667,,GW,interpolated,,
DE_BY,P_Wind_Onshore_Avg,2033,13.6667,,GW,interpolated,,
DE_BY,P_Wind_Onshore_Avg,2034,13.6667,,GW,interpolated,,
DE_BY,P_Wind_Onshore_Avg,2036,13.6667,,GW,interpolated,,
DE_BY,P_Wind_Onshore_Avg,2037,13.6667,,GW,interpolated,,
DE_BY,P_Wind_Onshore_Avg,2038,13.6667,,GW,interpolated,,
DE_BY,P_Wind_Onshore_Avg,2039,13.6667,,GW,interpolated,,
DE_BY,P_Wind_Onshore_Inf,2026,13.6667,,GW,interpolated,,
DE_BY,P_Wind_Onshore_Inf,2027,13.6667,,GW,interpolated,,
DE_BY,P_Wind_Onshore_Inf,2028,13.6667,,GW,interpolated,,
DE_BY,P_Wind_Onshore_Inf,2029,13.6667,,GW,interpolated,,
DE_BY,P_Wind_Onshore_Inf,2031,13.6667,,GW,interpolated,,
DE_BY,P_Wind_Onshore_Inf,2032,13.6667,,GW,interpolated,,
DE_BY,P_Wind_Onshore_Inf,2033,13.6667,,GW,interpolated,,
DE_BY,P_Wind_Onshore_Inf,2034,13.6667,,GW,interpolated,,
DE_BY,P_Wind_Onshore_Inf,2036,13.6667,,GW,interpolated,,
DE_BY,P_Wind_Onshore_Inf,2037,13.6667,,GW,interpolated,,
DE_BY,P_Wind_Onshore_Inf,2038,13.6667,,GW,interpolated,,
DE_BY,P_Wind_Onshore_Inf,2039,13.6667,,GW,interpolated,,
DE_BY,P_Wind_Onshore_Opt,2026,13.6667,,GW,interpolated,,
DE_BY,P_Wind_Onshore_Opt,2027,13.6667,,GW,interpolated,,
DE_BY,P_Wind_Onshore_Opt,2028,13.6667,,GW,interpolated,,
DE_BY,P_Wind_Onshore_Opt,2029,13.6667,,GW,interpolated,,
DE_BY,P_Wind_Onshore_Opt,2031,13.6667,,GW,interpolated,,
DE_BY,P_Wind_Onshore_Opt,2032,13.6667,,GW,interpolated,,
DE_BY,P_Wind_Onshore_Opt,2033,13.6667,,GW,interpolated,,
DE_BY,P_Wind_Onshore_Opt,2034,13.6667,,GW,interpolated,,
DE_BY,P_Wind_Onshore_Opt,2036,13.6667,,GW,interpolated,,
DE_BY,P_Wind_Onshore_Opt,2037,13.6667,,GW,interpolated,,
DE_BY,P_Wind_Onshore_Opt,2038,13.6667,,GW,interpolated,,
DE_BY,P_Wind_Onshore_Opt,2039,13.6667,,GW,interpolated,,
DE_BW,P_PV_Rooftop_Commercial,2026,11.5,,GW,interpolated,,
DE_BW,P_PV_Rooftop_Commercial,2027,11.5,,GW,interpolated,,
DE_BW,P_PV_Rooftop_Commercial,2028,11.5,,GW,interpolated,,
DE_BW,P_PV_Rooftop_Commercial,2029,11.5,,GW,interpolated,,
DE_BW,P_PV_Rooftop_Commercial,2031,11.5,,GW,interpolated,,
DE_BW,P_PV_Rooftop_Commercial,2032,11.5,,GW,interpolated,,
DE_BW,P_PV_Rooftop_Commercial,2033,11.5,,GW,interpolated,,
DE_BW,P_PV_Rooftop_Commercial,2034,11.5,,GW,interpolated,,
DE_BW,P_PV_Rooftop_Commercial,2036,11.5,,GW,interpolated,,
DE_BW,P_PV_Rooftop_Commercial,2037,11.5,,GW,interpolated,,
DE_BW,P_PV_Rooftop_Commercial,2038,11.5,,GW,interpolated,,
DE_BW,P_PV_Rooftop_Commercial,2039,11.5,,GW,interpolated,,
DE_BW,P_PV_Rooftop_Residential,2026,15.3,,GW,interpolated,,
DE_BW,P_PV_Rooftop_Residential,2027,15.3,,GW,interpolated,,
DE_BW,P_PV_Rooftop_Residential,2028,15.3,,GW,interpolated,,
DE_BW,P_PV_Rooftop_Residential,2029,15.3,,GW,interpolated,,
DE_BW,P_PV_Rooftop_Residential,2031,15.3,,GW,interpolated,,
DE_BW,P_PV_Rooftop_Residential,2032,15.3,,GW,interpolated,,
DE_BW,P_PV_Rooftop_Residential,2033,15.3,,GW,interpolated,,
DE_BW,P_PV_Rooftop_Residential,2034,15.3,,GW,interpolated,,
DE_BW,P_PV_Rooftop_Residential,2036,15.3,,GW,interpolated,,
DE_BW,P_PV_Rooftop_Residential,2037,15.3,,GW,interpolated,,
DE_BW,P_PV_Rooftop_Residential,2038,15.3,,GW,interpolated,,
DE_BW,P_PV_Rooftop_Residential,2039,15.3,,GW,interpolated,,
DE_BW,P_PV_Utility_Avg,2026,3.2991,,GW,interpolated,,
DE_BW,P_PV_Utility_Avg,2027,3.2991,,GW,interpolated,,
DE_BW,P_PV_Utility_Avg,2028,3.2991,,GW,interpolated,,
DE_BW,P_PV_Utility_Avg,2029,3.2991,,GW,interpolated,,
DE_BW,P_PV_Utility_Avg,2031,3.2991,,GW,interpolated,,
DE_BW,P_PV_Utility_Avg,2032,3.2991,,GW,interpolated,,
DE_BW,P_PV_Utility_Avg,2033,3.2991,,GW,interpolated,,
DE_BW,P_PV_Utility_Avg,2034,3.2991,,GW,interpolated,,
DE_BW,P_PV_Utility_Avg,2036,3.2991,,GW,interpolated,,
DE_BW,P_PV_Utility_Avg,2037,3.2991,,GW,interpolated,,
DE_BW,P_PV_Utility_Avg,2038,3.2991,,GW,interpolated,,
DE_BW,P_PV_Utility_Avg,2039,3.2991,,GW,interpolated,,
DE_BW,P_PV_Utility_Inf,2026,9.89731,,GW,interpolated,,
DE_BW,P_PV_Utility_Inf,2027,9.89731,,GW,interpolated,,
DE_BW,P_PV_Utility_Inf,2028,9.89731,,GW,interpolated,,
DE_BW,P_PV_Utility_Inf,2029,9.89731,,GW,interpolated,,
DE_BW,P_PV_Utility_Inf,2031,9.89731,,GW,interpolated,,
DE_BW,P_PV_Utility_Inf,2032,9.89731,,GW,interpolated,,
DE_BW,P_PV_Utility_Inf,2033,9.89731,,GW,interpolated,,
DE_BW,P_PV_Utility_Inf,2034,9.89731,,GW,interpolated,,
DE_BW,P_PV_Utility_Inf,2036,9.89731,,GW,interpolated,,
DE_BW,P_PV_Utility_Inf,2037,9.89731,,GW,interpolated,,
DE_BW,P_PV_Utility_Inf,2038,9.89731,,GW,interpolated,,
DE_BW,P_PV_Utility_Inf,2039,9.89731,,GW,interpolated,,
DE_BW,P_PV_Utility_Opt,2026,9.89731,,GW,interpolated,,
DE_BW,P_PV_Utility_Opt,2027,9.89731,,GW,interpolated,,
DE_BW,P_PV_Utility_Opt,2028,9.89731,,GW,interpolated,,
DE_BW,P_PV_Utility_Opt,2029,9.89731,,GW,interpolated,,
DE_BW,P_PV_Utility_Opt,2031,9.89731,,GW,interpolated,,
DE_BW,P_PV_Utility_Opt,2032,9.89731,,GW,interpolated,,
DE_BW,P_PV_Utility_Opt,2033,9.89731,,GW,interpolated,,
DE_BW,P_PV_Utility_Opt,2034,9.89731,,GW,interpolated,,
DE_BW,P_PV_Utility_Opt,2036,9.89731,,GW,interpolated,,
DE_BW,P_PV_Utility_Opt,2037,9.89731,,GW,interpolated,,
DE_BW,P_PV_Utility_Opt,2038,9.89731,,GW,interpolated,,
DE_BW,P_PV_Utility_Opt,2039,9.89731,,GW,interpolated,,
DE_BW,P_Wind_Onshore_Avg,2026,7.66667,,GW,interpolated,,
DE_BW,P_Wind_Onshore_Avg,2027,7.66667,,GW,interpolated,,
DE_BW,P_Wind_Onshore_Avg,2028,7.66667,,GW,interpolated,,
DE_BW,P_Wind_Onshore_Avg,2029,7.66667,,GW,interpolated,,
DE_BW,P_Wind_Onshore_Avg,2031,7.66667,,GW,interpolated,,
DE_BW,P_Wind_Onshore_Avg,2032,7.66667,,GW,interpolated,,
DE_BW,P_Wind_Onshore_Avg,2033,7.66667,,GW,interpolated,,
DE_BW,P_Wind_Onshore_Avg,2034,7.66667,,GW,interpolated,,
DE_BW,P_Wind_Onshore_Avg,2036,7.66667,,GW,interpolated,,
DE_BW,P_Wind_Onshore_Avg,2037,7.66667,,GW,interpolated,,
DE_BW,P_Wind_Onshore_Avg,2038,7.66667,,GW,interpolated,,
DE_BW,P_Wind_Onshore_Avg,2039,7.66667,,GW,interpolated,,
DE_BW,P_Wind_Onshore_Inf,2026,7.66667,,GW,interpolated,,
DE_BW,P_Wind_Onshore_Inf,2027,7.66667,,GW,interpolated,,
DE_BW,P_Wind_Onshore_Inf,2028,7.66667,,GW,interpolated,,
DE_BW,P_Wind_Onshore_Inf,2029,7.66667,,GW,interpolated,,
DE_BW,P_Wind_Onshore_Inf,2031,7.66667,,GW,interpolated,,
DE_BW,P_Wind_Onshore_Inf,2032,7.66667,,GW,interpolated,,
DE_BW,P_Wind_Onshore_Inf,2033,7.66667,,GW,interpolated,,
DE_BW,P_Wind_Onshore_Inf,2034,7.66667,,GW,interpolated,,
DE_BW,P_Wind_Onshore_Inf,2036,7.66667,,GW,interpolated,,
DE_BW,P_Wind_Onshore_Inf,2037,7.66667,,GW,interpolated,,
DE_BW,P_Wind_Onshore_Inf,2038,7.66667,,GW,interpolated,,
DE_BW,P_Wind_Onshore_Inf,2039,7.66667,,GW,interpolated,,
DE_BW,P_Wind_Onshore_Opt,2026,7.66667,,GW,interpolated,,
DE_BW,P_Wind_Onshore_Opt,2027,7.66667,,GW,interpolated,,
DE_BW,P_Wind_Onshore_Opt,2028,7.66667,,GW,interpolated,,
DE_BW,P_Wind_Onshore_Opt,2029,7.66667,,GW,interpolated,,
DE_BW,P_Wind_Onshore_Opt,2031,7.66667,,GW,interpolated,,
DE_BW,P_Wind_Onshore_Opt,2032,7.66667,,GW,interpolated,,
DE_BW,P_Wind_Onshore_Opt,2033,7.66667,,GW,interpolated,,
DE_BW,P_Wind_Onshore_Opt,2034,7.66667,,GW,interpolated,,
DE_BW,P_Wind_Onshore_Opt,2036,7.66667,,GW,interpolated,,
DE_BW,P_Wind_Onshore_Opt,2037,7.66667,,GW,interpolated,,
DE_BW,P_Wind_Onshore_Opt,2038,7.66667,,GW,interpolated,,
DE_BW,P_Wind_Onshore_Opt,2039,7.66667,,GW,interpolated,,
DE_BE,P_PV_Rooftop_Commercial,2026,1.3,,GW,interpolated,,
DE_BE,P_PV_Rooftop_Commercial,2027,1.3,,GW,interpolated,,
DE_BE,P_PV_Rooftop_Commercial,2028,1.3,,GW,interpolated,,
DE_BE,P_PV_Rooftop_Commercial,2029,1.3,,GW,interpolated,,
DE_BE,P_PV_Rooftop_Commercial,2031,1.3,,GW,interpolated,,
DE_BE,P_PV_Rooftop_Commercial,2032,1.3,,GW,interpolated,,
DE_BE,P_PV_Rooftop_Commercial,2033,1.3,,GW,interpolated,,
DE_BE,P_PV_Rooftop_Commercial,2034,1.3,,GW,interpolated,,
DE_BE,P_PV_Rooftop_Commercial,2036,1.3,,GW,interpolated,,
DE_BE,P_PV_Rooftop_Commercial,2037,1.3,,GW,interpolated,,
DE_BE,P_PV_Rooftop_Commercial,2038,1.3,,GW,interpolated,,
DE_BE,P_PV_Rooftop_Commercial,2039,1.3,,GW,interpolated,,
DE_BE,P_PV_Rooftop_Residential,2026,2.2,,GW,interpolated,,
DE_BE,P_PV_Rooftop_Residential,2027,2.2,,GW,interpolated,,
DE_BE,P_PV_Rooftop_Residential,2028,2.2,,GW,interpolated,,
DE_BE,P_PV_Rooftop_Residential,2029,2.2,,GW,interpolated,,
DE_BE,P_PV_Rooftop_Residential,2031,2.2,,GW,interpolated,,
DE_BE,P_PV_Rooftop_Residential,2032,2.2,,GW,interpolated,,
DE_BE,P_PV_Rooftop_Residential,2033,2.2,,GW,interpolated,,
DE_BE,P_PV_Rooftop_Residential,2034,2.2,,GW,interpolated,,
DE_BE,P_PV_Rooftop_Residential,2036,2.2,,GW,interpolated,,
DE_BE,P_PV_Rooftop_Residential,2037,2.2,,GW,interpolated,,
DE_BE,P_PV_Rooftop_Residential,2038,2.2,,GW,interpolated,,
DE_BE,P_PV_Rooftop_Residential,2039,2.2,,GW,interpolated,,
DE_BE,P_PV_Utility_Avg,2026,0.0822284,,GW,interpolated,,
DE_BE,P_PV_Utility_Avg,2027,0.0822284,,GW,interpolated,,
DE_BE,P_PV_Utility_Avg,2028,0.0822284,,GW,interpolated,,
DE_BE,P_PV_Utility_Avg,2029,0.0822284,,GW,interpolated,,
DE_BE,P_PV_Utility_Avg,2031,0.0822284,,GW,interpolated,,
DE_BE,P_PV_Utility_Avg,2032,0.0822284,,GW,interpolated,,
DE_BE,P_PV_Utility_Avg,2033,0.0822284,,GW,interpolated,,
DE_BE,P_PV_Utility_Avg,2034,0.0822284,,GW,interpolated,,
DE_BE,P_PV_Utility_Avg,2036,0.0822284,,GW,interpolated,,
DE_BE,P_PV_Utility_Avg,2037,0.0822284,,GW,interpolated,,
DE_BE,P_PV_Utility_Avg,2038,0.0822284,,GW,interpolated,,
DE_BE,P_PV_Utility_Avg,2039,0.0822284,,GW,interpolated,,
DE_BE,P_PV_Utility_Inf,2026,0.246685,,GW,interpolated,,
DE_BE,P_PV_Utility_Inf,2027,0.246685,,GW,interpolated,,
DE_BE,P_PV_Utility_Inf,2028,0.246685,,GW,interpolated,,
DE_BE,P_PV_Utility_Inf,2029,0.246685,,GW,interpolated,,
DE_BE,P_PV_Utility_Inf,2031,0.246685,,GW,interpolated,,
DE_BE,P_PV_Utility_Inf,2032,0.246685,,GW,interpolated,,
DE_BE,P_PV_Utility_Inf,2033,0.246685,,GW,interpolated,,
DE_BE,P_PV_Utility_Inf,2034,0.246685,,GW,interpolated,,
DE_BE,P_PV_Utility_Inf,2036,0.246685,,GW,interpolated,,
DE_BE,P_PV_Utility_Inf,2037,0.246685,,GW,interpolated,,
DE_BE,P_PV_Utility_Inf,2038,0.246685,,GW,interpolated,,
DE_BE,P_PV_Utility_Inf,2039,0.246685,,GW,interpolated,,
DE_BE,P_PV_Utility_Opt,2026,0.246685,,GW,interpolated,,
DE_BE,P_PV_Utility_Opt,2027,0.246685,,GW,interpolated,,
DE_BE,P_PV_Utility_Opt,2028,0.246685,,GW,interpolated,,
DE_BE,P_PV_Utility_Opt,2029,0.246685,,GW,interpolated,,
DE_BE,P_PV_Utility_Opt,2031,0.246685,,GW,interpolated,,
DE_BE,P_PV_Utility_Opt,2032,0.246685,,GW,interpolated,,
DE_BE,P_PV_Utility_Opt,2033,0.246685,,GW,interpolated,,
DE_BE,P_PV_Utility_Opt,2034,0.246685,,GW,interpolated,,
DE_BE,P_PV_Utility_Opt,2036,0.246685,,GW,interpolated,,
DE_BE,P_PV_Utility_Opt,2037,0.246685,,GW,interpolated,,
DE_BE,P_PV_Utility_Opt,2038,0.246685,,GW,interpolated,,
DE_BE,P_PV_Utility_Opt,2039,0.246685,,GW,interpolated,,
DE_BE,P_Wind_Onshore_Avg,2026,0.1,,GW,interpolated,,
DE_BE,P_Wind_Onshore_Avg,2027,0.1,,GW,interpolated,,
DE_BE,P_Wind_Onshore_Avg,2028,0.1,,GW,interpolated,,
DE_BE,P_Wind_Onshore_Avg,2029,0.1,,GW,interpolated,,
DE_BE,P_Wind_Onshore_Avg,2031,0.1,,GW,interpolated,,
DE_BE,P_Wind_Onshore_Avg,2032,0.1,,GW,interpolated,,
DE_BE,P_Wind_Onshore_Avg,2033,0.1,,GW,interpolated,,
DE_BE,P_Wind_Onshore_Avg,2034,0.1,,GW,interpolated,,
DE_BE,P_Wind_Onshore_Avg,2036,0.1,,GW,interpolated,,
DE_BE,P_Wind_Onshore_Avg,2037,0.1,,GW,interpolated,,
DE_BE,P_Wind_Onshore_Avg,2038,0.1,,GW,interpolated,,
DE_BE,P_Wind_Onshore_Avg,2039,0.1,,GW,interpolated,,
DE_BE,P_Wind_Onshore_Inf,2026,0.1,,GW,interpolated,,
DE_BE,P_Wind_Onshore_Inf,2027,0.1,,GW,interpolated,,
DE_BE,P_Wind_Onshore_Inf,2028,0.1,,GW,interpolated,,
DE_BE,P_Wind_Onshore_Inf,2029,0.1,,GW,interpolated,,
DE_BE,P_Wind_Onshore_Inf,2031,0.1,,GW,interpolated,,
DE_BE,P_Wind_Onshore_Inf,2032,0.1,,GW,interpolated,,
DE_BE,P_Wind_Onshore_Inf,2033,0.1,,GW,interpolated,,
DE_BE,P_Wind_Onshore_Inf,2034,0.1,,GW,interpolated,,
DE_BE,P_Wind_Onshore_Inf,2036,0.1,,GW,interpolated,,
DE_BE,P_Wind_Onshore_Inf,2037,0.1,,GW,interpolated,,
DE_BE,P_Wind_Onshore_Inf,2038,0.1,,GW,interpolated,,
DE_BE,P_Wind_Onshore_Inf,2039,0.1,,GW,interpolated,,
DE_BE,P_Wind_Onshore_Opt,2026,0.1,,GW,interpolated,,
DE_BE,P_Wind_Onshore_Opt,2027,0.1,,GW,interpolated,,
DE_BE,P_Wind_Onshore_Opt,2028,0.1,,GW,interpolated,,
DE_BE,P_Wind_Onshore_Opt,2029,0.1,,GW,interpolated,,
DE_BE,P_Wind_Onshore_Opt,2031,0.1,,GW,interpolated,,
DE_BE,P_Wind_Onshore_Opt,2032,0.1,,GW,interpolated,,
DE_BE,P_Wind_Onshore_Opt,2033,0.1,,GW,interpolated,,
DE_BE,P_Wind_Onshore_Opt,2034,0.1,,GW,interpolated,,
DE_BE,P_Wind_Onshore_Opt,2036,0.1,,GW,interpolated,,
DE_BE,P_Wind_Onshore_Opt,2037,0.1,,GW,interpolated,,
DE_BE,P_Wind_Onshore_Opt,2038,0.1,,GW,interpolated,,
DE_BE,P_Wind_Onshore_Opt,2039,0.1,,GW,interpolated,,
DE_BB,P_PV_Rooftop_Commercial,2026,5.2,,GW,interpolated,,
DE_BB,P_PV_Rooftop_Commercial,2027,5.2,,GW,interpolated,,
DE_BB,P_PV_Rooftop_Commercial,2028,5.2,,GW,interpolated,,
DE_BB,P_PV_Rooftop_Commercial,2029,5.2,,GW,interpolated,,
DE_BB,P_PV_Rooftop_Commercial,2031,5.2,,GW,interpolated,,
DE_BB,P_PV_Rooftop_Commercial,2032,5.2,,GW,interpolated,,
DE_BB,P_PV_Rooftop_Commercial,2033,5.2,,GW,interpolated,,
DE_BB,P_PV_Rooftop_Commercial,2034,5.2,,GW,interpolated,,
DE_BB,P_PV_Rooftop_Commercial,2036,5.2,,GW,interpolated,,
DE_BB,P_PV_Rooftop_Commercial,2037,5.2,,GW,interpolated,,
DE_BB,P_PV_Rooftop_Commercial,2038,5.2,,GW,interpolated,,
DE_BB,P_PV_Rooftop_Commercial,2039,5.2,,GW,interpolated,,
DE_BB,P_PV_Rooftop_Residential,2026,3.3,,GW,interpolated,,
DE_BB,P_PV_Rooftop_Residential,2027,3.3,,GW,interpolated,,
DE_BB,P_PV_Rooftop_Residential,2028,3.3,,GW,interpolated,,
DE_BB,P_PV_Rooftop_Residential,2029,3.3,,GW,interpolated,,
DE_BB,P_PV_Rooftop_Residential,2031,3.3,,GW,interpolated,,
DE_BB,P_PV_Rooftop_Residential,2032,3.3,,GW,interpolated,,
DE_BB,P_PV_Rooftop_Residential,2033,3.3,,GW,interpolated,,
DE_BB,P_PV_Rooftop_Residential,2034,3.3,,GW,interpolated,,
DE_BB,P_PV_Rooftop_Residential,2036,3.3,,GW,interpolated,,
DE_BB,P_PV_Rooftop_Residential,2037,3.3,,GW,interpolated,,
DE_BB,P_PV_Rooftop_Residential,2038,3.3,,GW,interpolated,,
DE_BB,P_PV_Rooftop_Residential,2039,3.3,,GW,interpolated,,
DE_BB,P_PV_Utility_Avg,2026,2.7367,,GW,interpolated,,
DE_BB,P_PV_Utility_Avg,2027,2.7367,,GW,interpolated,,
DE_BB,P_PV_Utility_Avg,2028,2.7367,,GW,interpolated,,
DE_BB,P_PV_Utility_Avg,2029,2.7367,,GW,interpolated,,
DE_BB,P_PV_Utility_Avg,2031,2.7367,,GW,interpolated,,
DE_BB,P_PV_Utility_Avg,2032,2.7367,,GW,interpolated,,
DE_BB,P_PV_Utility_Avg,2033,2.7367,,GW,interpolated,,
DE_BB,P_PV_Utility_Avg,2034,2.7367,,GW,interpolated,,
DE_BB,P_PV_Utility_Avg,2036,2.7367,,GW,interpolated,,
DE_BB,P_PV_Utility_Avg,2037,2.7367,,GW,interpolated,,
DE_BB,P_PV_Utility_Avg,2038,2.7367,,GW,interpolated,,
DE_BB,P_PV_Utility_Avg,2039,2.7367,,GW,interpolated,,
DE_BB,P_PV_Utility_Inf,2026,8.21011,,GW,interpolated,,
DE_BB,P_PV_Utility_Inf,2027,8.21011,,GW,interpolated,,
DE_BB,P_PV_Utility_Inf,2028,8.21011,,GW,interpolated,,
DE_BB,P_PV_Utility_Inf,2029,8.21011,,GW,interpolated,,
DE_BB,P_PV_Utility_Inf,2031,8.21011,,GW,interpolated,,
DE_BB,P_PV_Utility_Inf,2032,8.21011,,GW,interpolated,,
DE_BB,P_PV_Utility_Inf,2033,8.21011,,GW,interpolated,,
DE_BB,P_PV_Utility_Inf,2034,8.21011,,GW,interpolated,,
DE_BB,P_PV_Utility_Inf,2036,8.21011,,GW,interpolated,,
DE_BB,P_PV_Utility_Inf,2037,8.21011,,GW,interpolated,,
DE_BB,P_PV_Utility_Inf,2038,8.21011,,GW,interpolated,,
DE_BB,P_PV_Utility_Inf,2039,8.21011,,GW,interpolated,,
DE_BB,P_PV_Utility_Opt,2026,8.21011,,GW,interpolated,,
DE_BB,P_PV_Utility_Opt,2027,8.21011,,GW,interpolated,,
DE_BB,P_PV_Utility_Opt,2028,8.21011,,GW,interpolated,,
DE_BB,P_PV_Utility_Opt,2029,8.21011,,GW,interpolated,,
DE_BB,P_PV_Utility_Opt,2031,8.21011,,GW,interpolated,,
DE_BB,P_PV_Utility_Opt,2032,8.21011,,GW,interpolated,,
DE_BB,P_PV_Utility_Opt,2033,8.21011,,GW,interpolated,,
DE_BB,P_PV_Utility_Opt,2034,8.21011,,GW,interpolated,,
DE_BB,P_PV_Utility_Opt,2036,8.21011,,GW,interpolated,,
DE_BB,P_PV_Utility_Opt,2037,8.21011,,GW,interpolated,,
DE_BB,P_PV_Utility_Opt,2038,8.21011,,GW,interpolated,,
DE_BB,P_PV_Utility_Opt,2039,8.21011,,GW,interpolated,,
DE_BB,P_Wind_Onshore_Avg,2026,4.33333,,GW,interpolated,,
DE_BB,P_Wind_Onshore_Avg,2027,4.33333,,GW,interpolated,,
DE_BB,P_Wind_Onshore_Avg,2028,4.33333,,GW,interpolated,,
DE_BB,P_Wind_Onshore_Avg,2029,4.33333,,GW,interpolated,,
DE_BB,P_Wind_Onshore_Avg,2031,4.33333,,GW,interpolated,,
DE_BB,P_Wind_Onshore_Avg,2032,4.33333,,GW,interpolated,,
DE_BB,P_Wind_Onshore_Avg,2033,4.33333,,GW,interpolated,,
DE_BB,P_Wind_Onshore_Avg,2034,4.33333,,GW,interpolated,,
DE_BB,P_Wind_Onshore_Avg,2036,4.33333,,GW,interpolated,,
DE_BB,P_Wind_Onshore_Avg,2037,4.33333,,GW,interpolated,,
DE_BB,P_Wind_Onshore_Avg,2038,4.33333,,GW,interpolated,,
DE_BB,P_Wind_Onshore_Avg,2039,4.33333,,GW,interpolated,,
DE_BB,P_Wind_Onshore_Inf,2026,4.33333,,GW,interpolated,,
DE_BB,P_Wind_Onshore_Inf,2027,4.33333,,GW,interpolated,,
DE_BB,P_Wind_Onshore_Inf,2028,4.33333,,GW,interpolated,,
DE_BB,P_Wind_Onshore_Inf,2029,4.33333,,GW,interpolated,,
DE_BB,P_Wind_Onshore_Inf,2031,4.33333,,GW,interpolated,,
DE_BB,P_Wind_Onshore_Inf,2032,4.33333,,GW,interpolated,,
DE_BB,P_Wind_Onshore_Inf,2033,4.33333,,GW,interpolated,,
DE_BB,P_Wind_Onshore_Inf,2034,4.33333,,GW,interpolated,,
DE_BB,P_Wind_Onshore_Inf,2036,4.33333,,GW,interpolated,,
DE_BB,P_Wind_Onshore_Inf,2037,4.33333,,GW,interpolated,,
DE_BB,P_Wind_Onshore_Inf,2038,4.33333,,GW,interpolated,,
DE_BB,P_Wind_Onshore_Inf,2039,4.33333,,GW,interpolated,,
DE_BB,P_Wind_Onshore_Opt,2026,7.468,,GW,interpolated,,
DE_BB,P_Wind_Onshore_Opt,2027,7.468,,GW,interpolated,,
DE_BB,P_Wind_Onshore_Opt,2028,7.468,,GW,interpolated,,
DE_BB,P_Wind_Onshore_Opt,2029,7.468,,GW,interpolated,,
DE_BB,P_Wind_Onshore_Opt,2031,7.468,,GW,interpolated,,
DE_BB,P_Wind_Onshore_Opt,2032,7.468,,GW,interpolated,,
DE_BB,P_Wind_Onshore_Opt,2033,7.468,,GW,interpolated,,
DE_BB,P_Wind_Onshore_Opt,2034,7.468,,GW,interpolated,,
DE_BB,P_Wind_Onshore_Opt,2036,6.84107,,GW,interpolated,,
DE_BB,P_Wind_Onshore_Opt,2037,6.21413,,GW,interpolated,,
DE_BB,P_Wind_Onshore_Opt,2038,5.5872,,GW,interpolated,,
DE_BB,P_Wind_Onshore_Opt,2039,4.96026,,GW,interpolated,,
DE_Baltic,P_Wind_Offshore_Deep,2026,20,,GW,interpolated,,
DE_Baltic,P_Wind_Offshore_Deep,2027,20,,GW,interpolated,,
DE_Baltic,P_Wind_Offshore_Deep,2028,20,,GW,interpolated,,
DE_Baltic,P_Wind_Offshore_Deep,2029,20,,GW,interpolated,,
DE_Baltic,P_Wind_Offshore_Deep,2031,20,,GW,interpolated,,
DE_Baltic,P_Wind_Offshore_Deep,2032,20,,GW,interpolated,,
DE_Baltic,P_Wind_Offshore_Deep,2033,20,,GW,interpolated,,
DE_Baltic,P_Wind_Offshore_Deep,2034,20,,GW,interpolated,,
DE_Baltic,P_Wind_Offshore_Deep,2036,20,,GW,interpolated,,
DE_Baltic,P_Wind_Offshore_Deep,2037,20,,GW,interpolated,,
DE_Baltic,P_Wind_Offshore_Deep,2038,20,,GW,interpolated,,
DE_Baltic,P_Wind_Offshore_Deep,2039,20,,GW,interpolated,,
DE,P_Hydro_Reservoir,2026,1.44,,GW,interpolated,21.01.2025,Nikita Moskalenko <nim@wip.tu-berlin.de>
DE,P_Hydro_Reservoir,2027,1.44,,GW,interpolated,21.01.2025,Nikita Moskalenko <nim@wip.tu-berlin.de>
DE,P_Hydro_Reservoir,2028,1.44,,GW,interpolated,21.01.2025,Nikita Moskalenko <nim@wip.tu-berlin.de>
DE,P_Hydro_Reservoir,2029,1.44,,GW,interpolated,21.01.2025,Nikita Moskalenko <nim@wip.tu-berlin.de>
DE,P_Hydro_Reservoir,2031,1.44,,GW,interpolated,21.01.2025,Nikita Moskalenko <nim@wip.tu-berlin.de>
DE,P_Hydro_Reservoir,2032,1.44,,GW,interpolated,21.01.2025,Nikita Moskalenko <nim@wip.tu-berlin.de>
DE,P_Hydro_Reservoir,2033,1.44,,GW,interpolated,21.01.2025,Nikita Moskalenko <nim@wip.tu-berlin.de>
DE,P_Hydro_Reservoir,2034,1.44,,GW,interpolated,21.01.2025,Nikita Moskalenko <nim@wip.tu-berlin.de>
DE,P_Hydro_Reservoir,2036,1.44,,GW,interpolated,21.01.2025,Nikita Moskalenko <nim@wip.tu-berlin.de>
DE,P_Hydro_Reservoir,2037,1.44,,GW,interpolated,21.01.2025,Nikita Moskalenko <nim@wip.tu-berlin.de>
DE,P_Hydro_Reservoir,2038,1.44,,GW,interpolated,21.01.2025,Nikita Moskalenko <nim@wip.tu-berlin.de>
DE,P_Hydro_Reservoir,2039,1.44,,GW,interpolated,21.01.2025,Nikita Moskalenko <nim@wip.tu-berlin.de>
DE,P_Hydro_RoR,2026,3.86,,GW,interpolated,21.01.2025,Nikita Moskalenko <nim@wip.tu-berlin.de>
DE,P_Hydro_RoR,2027,3.86,,GW,interpolated,21.01.2025,Nikita Moskalenko <nim@wip.tu-berlin.de>
DE,P_Hydro_RoR,2028,3.86,,GW,interpolated,21.01.2025,Nikita Moskalenko <nim@wip.tu-berlin.de>
DE,P_Hydro_RoR,2029,3.86,,GW,interpolated,21.01.2025,Nikita Moskalenko <nim@wip.tu-berlin.de>
DE,P_Hydro_RoR,2031,3.86,,GW,interpolated,21.01.2025,Nikita Moskalenko <nim@wip.tu-berlin.de>
DE,P_Hydro_RoR,2032,3.86,,GW,interpolated,21.01.2025,Nikita Moskalenko <nim@wip.tu-berlin.de>
DE,P_Hydro_RoR,2033,3.86,,GW,interpolated,21.01.2025,Nikita Moskalenko <nim@wip.tu-berlin.de>
DE,P_Hydro_RoR,2034,3.86,,GW,interpolated,21.01.2025,Nikita Moskalenko <nim@wip.tu-berlin.de>
DE,P_Hydro_RoR,2036,3.86,,GW,interpolated,21.01.2025,Nikita Moskalenko <nim@wip.tu-berlin.de>
DE,P_Hydro_RoR,2037,3.86,,GW,interpolated,21.01.2025,Nikita Moskalenko <nim@wip.tu-berlin.de>
DE,P_Hydro_RoR,2038,3.86,,GW,interpolated,21.01.2025,Nikita Moskalenko <nim@wip.tu-berlin.de>
DE,P_Hydro_RoR,2039,3.86,,GW,interpolated,21.01.2025,Nikita Moskalenko <nim@wip.tu-berlin.de>
CZ,P_Hydro_Reservoir,2026,0.7661,,GW,interpolated,21.01.2025,Nikita Moskalenko <nim@wip.tu-berlin.de>
CZ,P_Hydro_Reservoir,2027,0.7661,,GW,interpolated,21.01.2025,Nikita Moskalenko <nim@wip.tu-berlin.de>
CZ,P_Hydro_Reservoir,2028,0.7661,,GW,interpolated,21.01.2025,Nikita Moskalenko <nim@wip.tu-berlin.de>
CZ,P_Hydro_Reservoir,2029,0.7661,,GW,interpolated,21.01.2025,Nikita Moskalenko <nim@wip.tu-berlin.de>
CZ,P_Hydro_Reservoir,2031,0.7661,,GW,interpolated,21.01.2025,Nikita Moskalenko <nim@wip.tu-berlin.de>
CZ,P_Hydro_Reservoir,2032,0.7661,,GW,interpolated,21.01.2025,Nikita Moskalenko <nim@wip.tu-berlin.de>
CZ,P_Hydro_Reservoir,2033,0.7661,,GW,interpolated,21.01.2025,Nikita Moskalenko <nim@wip.tu-berlin.de>
CZ,P_Hydro_Reservoir,2034,0.7661,,GW,interpolated,21.01.2025,Nikita Moskalenko <nim@wip.tu-berlin.de>
CZ,P_Hydro_Reservoir,2036,0.7661,,GW,interpolated,21.01.2025,Nikita Moskalenko <nim@wip.tu-berlin.de>
CZ,P_Hydro_Reservoir,2037,0.7661,,GW,interpolated,21.01.2025,Nikita Moskalenko <nim@wip.tu-berlin.de>
CZ,P_Hydro_Reservoir,2038,0.7661,,GW,interpolated,21.01.2025,Nikita Moskalenko <nim@wip.tu-berlin.de>
CZ,P_Hydro_Reservoir,2039,0.7661,,GW,interpolated,21.01.2025,Nikita Moskalenko <nim@wip.tu-berlin.de>
CZ,P_Hydro_RoR,2026,0.341,,GW,interpolated,21.01.2025,Nikita Moskalenko <nim@wip.tu-berlin.de>
CZ,P_Hydro_RoR,2027,0.341,,GW,interpolated,21.01.2025,Nikita Moskalenko <nim@wip.tu-berlin.de>
CZ,P_Hydro_RoR,2028,0.341,,GW,interpolated,21.01.2025,Nikita Moskalenko <nim@wip.tu-berlin.de>
CZ,P_Hydro_RoR,2029,0.341,,GW,interpolated,21.01.2025,Nikita Moskalenko <nim@wip.tu-berlin.de>
CZ,P_Hydro_RoR,2031,0.341,,GW,interpolated,21.01.2025,Nikita Moskalenko <nim@wip.tu-berlin.de>
CZ,P_Hydro_RoR,2032,0.341,,GW,interpolated,21.01.2025,Nikita Moskalenko <nim@wip.tu-berlin.de>
CZ,P_Hydro_RoR,2033,0.341,,GW,interpolated,21.01.2025,Nikita Moskalenko <nim@wip.tu-berlin.de>
CZ,P_Hydro_RoR,2034,0.341,,GW,interpolated,21.01.2025,Nikita Moskalenko <nim@wip.tu-berlin.de>
CZ,P_Hydro_RoR,2036,0.341,,GW,interpolated,21.01.2025,Nikita Moskalenko <nim@wip.tu-berlin.de>
CZ,P_Hydro_RoR,2037,0.341,,GW,interpolated,21.01.2025,Nikita Moskalenko <nim@wip.tu-berlin.de>
CZ,P_Hydro_RoR,2038,0.341,,GW,interpolated,21.01.2025,Nikita Moskalenko <nim@wip.tu-berlin.de>
CZ,P_Hydro_RoR,2039,0.341,,GW,interpolated,21.01.2025,Nikita Moskalenko <nim@wip.tu-berlin.de>
CH,P_Hydro_Reservoir,2026,5.7721,,GW,interpolated,21.01.2025,Nikita Moskalenko <nim@wip.tu-berlin.de>
CH,P_Hydro_Reservoir,2027,5.7721,,GW,interpolated,21.01.2025,Nikita Moskalenko <nim@wip.tu-berlin.de>
CH,P_Hydro_Reservoir,2028,5.7721,,GW,interpolated,21.01.2025,Nikita Moskalenko <nim@wip.tu-berlin.de>
CH,P_Hydro_Reservoir,2029,5.7721,,GW,interpolated,21.01.2025,Nikita Moskalenko <nim@wip.tu-berlin.de>
CH,P_Hydro_Reservoir,2031,5.7721,,GW,interpolated,21.01.2025,Nikita Moskalenko <nim@wip.tu-berlin.de>
CH,P_Hydro_Reservoir,2032,5.7721,,GW,interpolated,21.01.2025,Nikita Moskalenko <nim@wip.tu-berlin.de>
CH,P_Hydro_Reservoir,2033,5.7721,,GW,interpolated,21.01.2025,Nikita Moskalenko <nim@wip.tu-berlin.de>
CH,P_Hydro_Reservoir,2034,5.7721,,GW,interpolated,21.01.2025,Nikita Moskalenko <nim@wip.tu-berlin.de>
CH,P_Hydro_Reservoir,2036,5.7721,,GW,interpolated,21.01.2025,Nikita Moskalenko <nim@wip.tu-berlin.de>
CH,P_Hydro_Reservoir,2037,5.7721,,GW,interpolated,21.01.2025,Nikita Moskalenko <nim@wip.tu-berlin.de>
CH,P_Hydro_Reservoir,2038,5.7721,,GW,interpolated,21.01.2025,Nikita Moskalenko <nim@wip.tu-berlin.de>
CH,P_Hydro_Reservoir,2039,5.7721,,GW,interpolated,21.01.2025,Nikita Moskalenko <nim@wip.tu-berlin.de>
CH,P_Hydro_RoR,2026,0.6351,,GW,interpolated,21.01.2025,Nikita Moskalenko <nim@wip.tu-berlin.de>
CH,P_Hydro_RoR,2027,0.6351,,GW,interpolated,21.01.2025,Nikita Moskalenko <nim@wip.tu-berlin.de>
CH,P_Hydro_RoR,2028,0.6351,,GW,interpolated,21.01.2025,Nikita Moskalenko <nim@wip.tu-berlin.de>
CH,P_Hydro_RoR,2029,0.6351,,GW,interpolated,21.01.2025,Nikita Moskalenko <nim@wip.tu-berlin.de>
CH,P_Hydro_RoR,2031,0.6351,,GW,interpolated,21.01.2025,Nikita Moskalenko <nim@wip.tu-berlin.de>
CH,P_Hydro_RoR,2032,0.6351,,GW,interpolated,21.01.2025,Nikita Moskalenko <nim@wip.tu-berlin.de>
CH,P_Hydro_RoR,2033,0.6351,,GW,interpolated,21.01.2025,Nikita Moskalenko <nim@wip.tu-berlin.de>
CH,P_Hydro_RoR,2034,0.6351,,GW,interpolated,21.01.2025,Nikita Moskalenko <nim@wip.tu-berlin.de>
CH,P_Hydro_RoR,2036,0.6351,,GW,interpolated,21.01.2025,Nikita Moskalenko <nim@wip.tu-berlin.de>
CH,P_Hydro_RoR,2037,0.6351,,GW,interpolated,21.01.2025,Nikita Moskalenko <nim@wip.tu-berlin.de>
CH,P_Hydro_RoR,2038,0.6351,,GW,interpolated,21.01.2025,Nikita Moskalenko <nim@wip.tu-berlin.de>
CH,P_Hydro_RoR,2039,0.6351,,GW,interpolated,21.01.2025,Nikita Moskalenko <nim@wip.tu-berlin.de>
BG,P_Hydro_Reservoir,2026,1.81,,GW,interpolated,21.01.2025,Nikita Moskalenko <nim@wip.tu-berlin.de>
BG,P_Hydro_Reservoir,2027,1.81,,GW,interpolated,21.01.2025,Nikita Moskalenko <nim@wip.tu-berlin.de>
BG,P_Hydro_Reservoir,2028,1.81,,GW,interpolated,21.01.2025,Nikita Moskalenko <nim@wip.tu-berlin.de>
BG,P_Hydro_Reservoir,2029,1.81,,GW,interpolated,21.01.2025,Nikita Moskalenko <nim@wip.tu-berlin.de>
BG,P_Hydro_Reservoir,2031,1.81,,GW,interpolated,21.01.2025,Nikita Moskalenko <nim@wip.tu-berlin.de>
BG,P_Hydro_Reservoir,2032,1.81,,GW,interpolated,21.01.2025,Nikita Moskalenko <nim@wip.tu-berlin.de>
BG,P_Hydro_Reservoir,2033,1.81,,GW,interpolated,21.01.2025,Nikita Moskalenko <nim@wip.tu-berlin.de>
BG,P_Hydro_Reservoir,2034,1.81,,GW,interpolated,21.01.2025,Nikita Moskalenko <nim@wip.tu-berlin.de>
BG,P_Hydro_Reservoir,2036,1.81,,GW,interpolated,21.01.2025,Nikita Moskalenko <nim@wip.tu-berlin.de>
BG,P_Hydro_Reservoir,2037,1.81,,GW,interpolated,21.01.2025,Nikita Moskalenko <nim@wip.tu-berlin.de>
BG,P_Hydro_Reservoir,2038,1.81,,GW,interpolated,21.01.2025,Nikita Moskalenko <nim@wip.tu-berlin.de>
BG,P_Hydro_Reservoir,2039,1.81,,GW,interpolated,21.01.2025,Nikita Moskalenko <nim@wip.tu-berlin.de>
BG,P_Hydro_RoR,2026,0.5421,,GW,interpolated,21.01.2025,Nikita Moskalenko <nim@wip.tu-berlin.de>
BG,P_Hydro_RoR,2027,0.5421,,GW,interpolated,21.01.2025,Nikita Moskalenko <nim@wip.tu-berlin.de>
BG,P_Hydro_RoR,2028,0.5421,,GW,interpolated,21.01.2025,Nikita Moskalenko <nim@wip.tu-berlin.de>
BG,P_Hydro_RoR,2029,0.5421,,GW,interpolated,21.01.2025,Nikita Moskalenko <nim@wip.tu-berlin.de>
BG,P_Hydro_RoR,2031,0.5421,,GW,interpolated,21.01.2025,Nikita Moskalenko <nim@wip.tu-berlin.de>
BG,P_Hydro_RoR,2032,0.5421,,GW,interpolated,21.01.2025,Nikita Moskalenko <nim@wip.tu-berlin.de>
BG,P_Hydro_RoR,2033,0.5421,,GW,interpolated,21.01.2025,Nikita Moskalenko <nim@wip.tu-berlin.de>
BG,P_Hydro_RoR,2034,0.5421,,GW,interpolated,21.01.2025,Nikita Moskalenko <nim@wip.tu-berlin.de>
BG,P_Hydro_RoR,2036,0.5421,,GW,interpolated,21.01.2025,Nikita Moskalenko <nim@wip.tu-berlin.de>
BG,P_Hydro_RoR,2037,0.5421,,GW,interpolated,21.01.2025,Nikita Moskalenko <nim@wip.tu-berlin.de>
BG,P_Hydro_RoR,2038,0.5421,,GW,interpolated,21.01.2025,Nikita Moskalenko <nim@wip.tu-berlin.de>
BG,P_Hydro_RoR,2039,0.5421,,GW,interpolated,21.01.2025,Nikita Moskalenko <nim@wip.tu-berlin.de>
BE,P_Hydro_Reservoir,2026,0,,GW,interpolated,21.01.2025,Nikita Moskalenko <nim@wip.tu-berlin.de>
BE,P_Hydro_Reservoir,2027,0,,GW,interpolated,21.01.2025,Nikita Moskalenko <nim@wip.tu-berlin.de>
BE,P_Hydro_Reservoir,2028,0,,GW,interpolated,21.01.2025,Nikita Moskalenko <nim@wip.tu-berlin.de>
BE,P_Hydro_Reservoir,2029,0,,GW,interpolated,21.01.2025,Nikita Moskalenko <nim@wip.tu-berlin.de>
BE,P_Hydro_Reservoir,2031,0,,GW,interpolated,21.01.2025,Nikita Moskalenko <nim@wip.tu-berlin.de>
BE,P_Hydro_Reservoir,2032,0,,GW,interpolated,21.01.2025,Nikita Moskalenko <nim@wip.tu-berlin.de>
BE,P_Hydro_Reservoir,2033,0,,GW,interpolated,21.01.2025,Nikita Moskalenko <nim@wip.tu-berlin.de>
BE,P_Hydro_Reservoir,2034,0,,GW,interpolated,21.01.2025,Nikita Moskalenko <nim@wip.tu-berlin.de>
BE,P_Hydro_Reservoir,2036,0,,GW,interpolated,21.01.2025,Nikita Moskalenko <nim@wip.tu-berlin.de>
BE,P_Hydro_Reservoir,2037,0,,GW,interpolated,21.01.2025,Nikita Moskalenko <nim@wip.tu-berlin.de>
BE,P_Hydro_Reservoir,2038,0,,GW,interpolated,21.01.2025,Nikita Moskalenko <nim@wip.tu-berlin.de>
BE,P_Hydro_Reservoir,2039,0,,GW,interpolated,21.01.2025,Nikita Moskalenko <nim@wip.tu-berlin.de>
BE,P_Hydro_RoR,2026,0.1861,,GW,interpolated,21.01.2025,Nikita Moskalenko <nim@wip.tu-berlin.de>
BE,P_Hydro_RoR,2027,0.1861,,GW,interpolated,21.01.2025,Nikita Moskalenko <nim@wip.tu-berlin.de>
BE,P_Hydro_RoR,2028,0.1861,,GW,interpolated,21.01.2025,Nikita Moskalenko <nim@wip.tu-berlin.de>
BE,P_Hydro_RoR,2029,0.1861,,GW,interpolated,21.01.2025,Nikita Moskalenko <nim@wip.tu-berlin.de>
BE,P_Hydro_RoR,2031,0.1861,,GW,interpolated,21.01.2025,Nikita Moskalenko <nim@wip.tu-berlin.de>
BE,P_Hydro_RoR,2032,0.1861,,GW,interpolated,21.01.2025,Nikita Moskalenko <nim@wip.tu-berlin.de>
BE,P_Hydro_RoR,2033,0.1861,,GW,interpolated,21.01.2025,Nikita Moskalenko <nim@wip.tu-berlin.de>
BE,P_Hydro_RoR,2034,0.1861,,GW,interpolated,21.01.2025,Nikita Moskalenko <nim@wip.tu-berlin.de>
BE,P_Hydro_RoR,2036,0.1861,,GW,interpolated,21.01.2025,Nikita Moskalenko <nim@wip.tu-berlin.de>
BE,P_Hydro_RoR,2037,0.1861,,GW,interpolated,21.01.2025,Nikita Moskalenko <nim@wip.tu-berlin.de>
BE,P_Hydro_RoR,2038,0.1861,,GW,interpolated,21.01.2025,Nikita Moskalenko <nim@wip.tu-berlin.de>
BE,P_Hydro_RoR,2039,0.1861,,GW,interpolated,21.01.2025,Nikita Moskalenko <nim@wip.tu-berlin.de>
AT,P_Hydro_Reservoir,2026,2.519,,GW,interpolated,21.01.2025,Nikita Moskalenko <nim@wip.tu-berlin.de>
AT,P_Hydro_Reservoir,2027,2.519,,GW,interpolated,21.01.2025,Nikita Moskalenko <nim@wip.tu-berlin.de>
AT,P_Hydro_Reservoir,2028,2.519,,GW,interpolated,21.01.2025,Nikita Moskalenko <nim@wip.tu-berlin.de>
AT,P_Hydro_Reservoir,2029,2.519,,GW,interpolated,21.01.2025,Nikita Moskalenko <nim@wip.tu-berlin.de>
AT,P_Hydro_Reservoir,2031,2.519,,GW,interpolated,21.01.2025,Nikita Moskalenko <nim@wip.tu-berlin.de>
AT,P_Hydro_Reservoir,2032,2.519,,GW,interpolated,21.01.2025,Nikita Moskalenko <nim@wip.tu-berlin.de>
AT,P_Hydro_Reservoir,2033,2.519,,GW,interpolated,21.01.2025,Nikita Moskalenko <nim@wip.tu-berlin.de>
AT,P_Hydro_Reservoir,2034,2.519,,GW,interpolated,21.01.2025,Nikita Moskalenko <nim@wip.tu-berlin.de>
AT,P_Hydro_Reservoir,2036,2.519,,GW,interpolated,21.01.2025,Nikita Moskalenko <nim@wip.tu-berlin.de>
AT,P_Hydro_Reservoir,2037,2.519,,GW,interpolated,21.01.2025,Nikita Moskalenko <nim@wip.tu-berlin.de>
AT,P_Hydro_Reservoir,2038,2.519,,GW,interpolated,21.01.2025,Nikita Moskalenko <nim@wip.tu-berlin.de>
AT,P_Hydro_Reservoir,2039,2.519,,GW,interpolated,21.01.2025,Nikita Moskalenko <nim@wip.tu-berlin.de>
AT,P_Hydro_RoR,2026,5.8171,,GW,interpolated,21.01.2025,Nikita Moskalenko <nim@wip.tu-berlin.de>
AT,P_Hydro_RoR,2027,5.8171,,GW,interpolated,21.01.2025,Nikita Moskalenko <nim@wip.tu-berlin.de>
AT,P_Hydro_RoR,2028,5.8171,,GW,interpolated,21.01.2025,Nikita Moskalenko <nim@wip.tu-berlin.de>
AT,P_Hydro_RoR,2029,5.8171,,GW,interpolated,21.01.2025,Nikita Moskalenko <nim@wip.tu-berlin.de>
AT,P_Hydro_RoR,2031,5.8171,,GW,interpolated,21.01.2025,Nikita Moskalenko <nim@wip.tu-berlin.de>
AT,P_Hydro_RoR,2032,5.8171,,GW,interpolated,21.01.2025,Nikita Moskalenko <nim@wip.tu-berlin.de>
AT,P_Hydro_RoR,2033,5.8171,,GW,interpolated,21.01.2025,Nikita Moskalenko <nim@wip.tu-berlin.de>
AT,P_Hydro_RoR,2034,5.8171,,GW,interpolated,21.01.2025,Nikita Moskalenko <nim@wip.tu-berlin.de>
AT,P_Hydro_RoR,2036,5.8171,,GW,interpolated,21.01.2025,Nikita Moskalenko <nim@wip.tu-berlin.de>
AT,P_Hydro_RoR,2037,5.8171,,GW,interpolated,21.01.2025,Nikita Moskalenko <nim@wip.tu-berlin.de>
AT,P_Hydro_RoR,2038,5.8171,,GW,interpolated,21.01.2025,Nikita Moskalenko <nim@wip.tu-berlin.de>
AT,P_Hydro_RoR,2039,5.8171,,GW,interpolated,21.01.2025,Nikita Moskalenko <nim@wip.tu-berlin.de>
AL,P_Hydro_RoR,2026,1.492,,GW,interpolated,21.01.2025,Nikita Moskalenko <nim@wip.tu-berlin.de>
AL,P_Hydro_RoR,2027,1.492,,GW,interpolated,21.01.2025,Nikita Moskalenko <nim@wip.tu-berlin.de>
AL,P_Hydro_RoR,2028,1.492,,GW,interpolated,21.01.2025,Nikita Moskalenko <nim@wip.tu-berlin.de>
AL,P_Hydro_RoR,2029,1.492,,GW,interpolated,21.01.2025,Nikita Moskalenko <nim@wip.tu-berlin.de>
AL,P_Hydro_RoR,2031,1.492,,GW,interpolated,21.01.2025,Nikita Moskalenko <nim@wip.tu-berlin.de>
AL,P_Hydro_RoR,2032,1.492,,GW,interpolated,21.01.2025,Nikita Moskalenko <nim@wip.tu-berlin.de>
AL,P_Hydro_RoR,2033,1.492,,GW,interpolated,21.01.2025,Nikita Moskalenko <nim@wip.tu-berlin.de>
AL,P_Hydro_RoR,2034,1.492,,GW,interpolated,21.01.2025,Nikita Moskalenko <nim@wip.tu-berlin.de>
AL,P_Hydro_RoR,2036,1.492,,GW,interpolated,21.01.2025,Nikita Moskalenko <nim@wip.tu-berlin.de>
AL,P_Hydro_RoR,2037,1.492,,GW,interpolated,21.01.2025,Nikita Moskalenko <nim@wip.tu-berlin.de>
AL,P_Hydro_RoR,2038,1.492,,GW,interpolated,21.01.2025,Nikita Moskalenko <nim@wip.tu-berlin.de>
AL,P_Hydro_RoR,2039,1.492,,GW,interpolated,21.01.2025,Nikita Moskalenko <nim@wip.tu-berlin.de>
California,P_Hydro_Reservoir,2026,1.44,,GW,interpolated,21.01.2025,Nikita Moskalenko <nim@wip.tu-berlin.de>
California,P_Hydro_Reservoir,2027,1.44,,GW,interpolated,21.01.2025,Nikita Moskalenko <nim@wip.tu-berlin.de>
California,P_Hydro_Reservoir,2028,1.44,,GW,interpolated,21.01.2025,Nikita Moskalenko <nim@wip.tu-berlin.de>
California,P_Hydro_Reservoir,2029,1.44,,GW,interpolated,21.01.2025,Nikita Moskalenko <nim@wip.tu-berlin.de>
California,P_Hydro_Reservoir,2031,1.44,,GW,interpolated,21.01.2025,Nikita Moskalenko <nim@wip.tu-berlin.de>
California,P_Hydro_Reservoir,2032,1.44,,GW,interpolated,21.01.2025,Nikita Moskalenko <nim@wip.tu-berlin.de>
California,P_Hydro_Reservoir,2033,1.44,,GW,interpolated,21.01.2025,Nikita Moskalenko <nim@wip.tu-berlin.de>
California,P_Hydro_Reservoir,2034,1.44,,GW,interpolated,21.01.2025,Nikita Moskalenko <nim@wip.tu-berlin.de>
California,P_Hydro_Reservoir,2036,1.44,,GW,interpolated,21.01.2025,Nikita Moskalenko <nim@wip.tu-berlin.de>
California,P_Hydro_Reservoir,2037,1.44,,GW,interpolated,21.01.2025,Nikita Moskalenko <nim@wip.tu-berlin.de>
California,P_Hydro_Reservoir,2038,1.44,,GW,interpolated,21.01.2025,Nikita Moskalenko <nim@wip.tu-berlin.de>
California,P_Hydro_Reservoir,2039,1.44,,GW,interpolated,21.01.2025,Nikita Moskalenko <nim@wip.tu-berlin.de>
California,P_Hydro_RoR,2026,3.86,,GW,interpolated,21.01.2025,Nikita Moskalenko <nim@wip.tu-berlin.de>
California,P_Hydro_RoR,2027,3.86,,GW,interpolated,21.01.2025,Nikita Moskalenko <nim@wip.tu-berlin.de>
California,P_Hydro_RoR,2028,3.86,,GW,interpolated,21.01.2025,Nikita Moskalenko <nim@wip.tu-berlin.de>
California,P_Hydro_RoR,2029,3.86,,GW,interpolated,21.01.2025,Nikita Moskalenko <nim@wip.tu-berlin.de>
California,P_Hydro_RoR,2031,3.86,,GW,interpolated,21.01.2025,Nikita Moskalenko <nim@wip.tu-berlin.de>
California,P_Hydro_RoR,2032,3.86,,GW,interpolated,21.01.2025,Nikita Moskalenko <nim@wip.tu-berlin.de>
California,P_Hydro_RoR,2033,3.86,,GW,interpolated,21.01.2025,Nikita Moskalenko <nim@wip.tu-berlin.de>
California,P_Hydro_RoR,2034,3.86,,GW,interpolated,21.01.2025,Nikita Moskalenko <nim@wip.tu-berlin.de>
California,P_Hydro_RoR,2036,3.86,,GW,interpolated,21.01.2025,Nikita Moskalenko <nim@wip.tu-berlin.de>
California,P_Hydro_RoR,2037,3.86,,GW,interpolated,21.01.2025,Nikita Moskalenko <nim@wip.tu-berlin.de>
California,P_Hydro_RoR,2038,3.86,,GW,interpolated,21.01.2025,Nikita Moskalenko <nim@wip.tu-berlin.de>
California,P_Hydro_RoR,2039,3.86,,GW,interpolated,21.01.2025,Nikita Moskalenko <nim@wip.tu-berlin.de>
WECC,P_Hydro_Reservoir,2026,8.7871,,GW,interpolated,21.01.2025,Nikita Moskalenko <nim@wip.tu-berlin.de>
WECC,P_Hydro_Reservoir,2027,8.7871,,GW,interpolated,21.01.2025,Nikita Moskalenko <nim@wip.tu-berlin.de>
WECC,P_Hydro_Reservoir,2028,8.7871,,GW,interpolated,21.01.2025,Nikita Moskalenko <nim@wip.tu-berlin.de>
WECC,P_Hydro_Reservoir,2029,8.7871,,GW,interpolated,21.01.2025,Nikita Moskalenko <nim@wip.tu-berlin.de>
WECC,P_Hydro_Reservoir,2031,8.7871,,GW,interpolated,21.01.2025,Nikita Moskalenko <nim@wip.tu-berlin.de>
WECC,P_Hydro_Reservoir,2032,8.7871,,GW,interpolated,21.01.2025,Nikita Moskalenko <nim@wip.tu-berlin.de>
WECC,P_Hydro_Reservoir,2033,8.7871,,GW,interpolated,21.01.2025,Nikita Moskalenko <nim@wip.tu-berlin.de>
WECC,P_Hydro_Reservoir,2034,8.7871,,GW,interpolated,21.01.2025,Nikita Moskalenko <nim@wip.tu-berlin.de>
WECC,P_Hydro_Reservoir,2036,8.7871,,GW,interpolated,21.01.2025,Nikita Moskalenko <nim@wip.tu-berlin.de>
WECC,P_Hydro_Reservoir,2037,8.7871,,GW,interpolated,21.01.2025,Nikita Moskalenko <nim@wip.tu-berlin.de>
WECC,P_Hydro_Reservoir,2038,8.7871,,GW,interpolated,21.01.2025,Nikita Moskalenko <nim@wip.tu-berlin.de>
WECC,P_Hydro_Reservoir,2039,8.7871,,GW,interpolated,21.01.2025,Nikita Moskalenko <nim@wip.tu-berlin.de>
WECC,P_Hydro_RoR,2026,11.5981,,GW,interpolated,21.01.2025,Nikita Moskalenko <nim@wip.tu-berlin.de>
WECC,P_Hydro_RoR,2027,11.5981,,GW,interpolated,21.01.2025,Nikita Moskalenko <nim@wip.tu-berlin.de>
WECC,P_Hydro_RoR,2028,11.5981,,GW,interpolated,21.01.2025,Nikita Moskalenko <nim@wip.tu-berlin.de>
WECC,P_Hydro_RoR,2029,11.5981,,GW,interpolated,21.01.2025,Nikita Moskalenko <nim@wip.tu-berlin.de>
WECC,P_Hydro_RoR,2031,11.5981,,GW,interpolated,21.01.2025,Nikita Moskalenko <nim@wip.tu-berlin.de>
WECC,P_Hydro_RoR,2032,11.5981,,GW,interpolated,21.01.2025,Nikita Moskalenko <nim@wip.tu-berlin.de>
WECC,P_Hydro_RoR,2033,11.5981,,GW,interpolated,21.01.2025,Nikita Moskalenko <nim@wip.tu-berlin.de>
WECC,P_Hydro_RoR,2034,11.5981,,GW,interpolated,21.01.2025,Nikita Moskalenko <nim@wip.tu-berlin.de>
WECC,P_Hydro_RoR,2036,11.5981,,GW,interpolated,21.01.2025,Nikita Moskalenko <nim@wip.tu-berlin.de>
WECC,P_Hydro_RoR,2037,11.5981,,GW,interpolated,21.01.2025,Nikita Moskalenko <nim@wip.tu-berlin.de>
WECC,P_Hydro_RoR,2038,11.5981,,GW,interpolated,21.01.2025,Nikita Moskalenko <nim@wip.tu-berlin.de>
WECC,P_Hydro_RoR,2039,11.5981,,GW,interpolated,21.01.2025,Nikita Moskalenko <nim@wip.tu-berlin.de>
SPP,P_Hydro_Reservoir,2026,0,,GW,interpolated,21.01.2025,Nikita Moskalenko <nim@wip.tu-berlin.de>
SPP,P_Hydro_Reservoir,2027,0,,GW,interpolated,21.01.2025,Nikita Moskalenko <nim@wip.tu-berlin.de>
SPP,P_Hydro_Reservoir,2028,0,,GW,interpolated,21.01.2025,Nikita Moskalenko <nim@wip.tu-berlin.de>
SPP,P_Hydro_Reservoir,2029,0,,GW,interpolated,21.01.2025,Nikita Moskalenko <nim@wip.tu-berlin.de>
SPP,P_Hydro_Reservoir,2031,0,,GW,interpolated,21.01.2025,Nikita Moskalenko <nim@wip.tu-berlin.de>
SPP,P_Hydro_Reservoir,2032,0,,GW,interpolated,21.01.2025,Nikita Moskalenko <nim@wip.tu-berlin.de>
SPP,P_Hydro_Reservoir,2033,0,,GW,interpolated,21.01.2025,Nikita Moskalenko <nim@wip.tu-berlin.de>
SPP,P_Hydro_Reservoir,2034,0,,GW,interpolated,21.01.2025,Nikita Moskalenko <nim@wip.tu-berlin.de>
SPP,P_Hydro_Reservoir,2036,0,,GW,interpolated,21.01.2025,Nikita Moskalenko <nim@wip.tu-berlin.de>
SPP,P_Hydro_Reservoir,2037,0,,GW,interpolated,21.01.2025,Nikita Moskalenko <nim@wip.tu-berlin.de>
SPP,P_Hydro_Reservoir,2038,0,,GW,interpolated,21.01.2025,Nikita Moskalenko <nim@wip.tu-berlin.de>
SPP,P_Hydro_Reservoir,2039,0,,GW,interpolated,21.01.2025,Nikita Moskalenko <nim@wip.tu-berlin.de>
SPP,P_Hydro_RoR,2026,0.038,,GW,interpolated,21.01.2025,Nikita Moskalenko <nim@wip.tu-berlin.de>
SPP,P_Hydro_RoR,2027,0.038,,GW,interpolated,21.01.2025,Nikita Moskalenko <nim@wip.tu-berlin.de>
SPP,P_Hydro_RoR,2028,0.038,,GW,interpolated,21.01.2025,Nikita Moskalenko <nim@wip.tu-berlin.de>
SPP,P_Hydro_RoR,2029,0.038,,GW,interpolated,21.01.2025,Nikita Moskalenko <nim@wip.tu-berlin.de>
SPP,P_Hydro_RoR,2031,0.038,,GW,interpolated,21.01.2025,Nikita Moskalenko <nim@wip.tu-berlin.de>
SPP,P_Hydro_RoR,2032,0.038,,GW,interpolated,21.01.2025,Nikita Moskalenko <nim@wip.tu-berlin.de>
SPP,P_Hydro_RoR,2033,0.038,,GW,interpolated,21.01.2025,Nikita Moskalenko <nim@wip.tu-berlin.de>
SPP,P_Hydro_RoR,2034,0.038,,GW,interpolated,21.01.2025,Nikita Moskalenko <nim@wip.tu-berlin.de>
SPP,P_Hydro_RoR,2036,0.038,,GW,interpolated,21.01.2025,Nikita Moskalenko <nim@wip.tu-berlin.de>
SPP,P_Hydro_RoR,2037,0.038,,GW,interpolated,21.01.2025,Nikita Moskalenko <nim@wip.tu-berlin.de>
SPP,P_Hydro_RoR,2038,0.038,,GW,interpolated,21.01.2025,Nikita Moskalenko <nim@wip.tu-berlin.de>
SPP,P_Hydro_RoR,2039,0.038,,GW,interpolated,21.01.2025,Nikita Moskalenko <nim@wip.tu-berlin.de>
MISO,P_Hydro_Reservoir,2026,0,,GW,interpolated,21.01.2025,Nikita Moskalenko <nim@wip.tu-berlin.de>
MISO,P_Hydro_Reservoir,2027,0,,GW,interpolated,21.01.2025,Nikita Moskalenko <nim@wip.tu-berlin.de>
MISO,P_Hydro_Reservoir,2028,0,,GW,interpolated,21.01.2025,Nikita Moskalenko <nim@wip.tu-berlin.de>
MISO,P_Hydro_Reservoir,2029,0,,GW,interpolated,21.01.2025,Nikita Moskalenko <nim@wip.tu-berlin.de>
MISO,P_Hydro_Reservoir,2031,0,,GW,interpolated,21.01.2025,Nikita Moskalenko <nim@wip.tu-berlin.de>
MISO,P_Hydro_Reservoir,2032,0,,GW,interpolated,21.01.2025,Nikita Moskalenko <nim@wip.tu-berlin.de>
MISO,P_Hydro_Reservoir,2033,0,,GW,interpolated,21.01.2025,Nikita Moskalenko <nim@wip.tu-berlin.de>
MISO,P_Hydro_Reservoir,2034,0,,GW,interpolated,21.01.2025,Nikita Moskalenko <nim@wip.tu-berlin.de>
MISO,P_Hydro_Reservoir,2036,0,,GW,interpolated,21.01.2025,Nikita Moskalenko <nim@wip.tu-berlin.de>
MISO,P_Hydro_Reservoir,2037,0,,GW,interpolated,21.01.2025,Nikita Moskalenko <nim@wip.tu-berlin.de>
MISO,P_Hydro_Reservoir,2038,0,,GW,interpolated,21.01.2025,Nikita Moskalenko <nim@wip.tu-berlin.de>
MISO,P_Hydro_Reservoir,2039,0,,GW,interpolated,21.01.2025,Nikita Moskalenko <nim@wip.tu-berlin.de>
MISO,P_Hydro_RoR,2026,0.1861,,GW,interpolated,21.01.2025,Nikita Moskalenko <nim@wip.tu-berlin.de>
MISO,P_Hydro_RoR,2027,0.1861,,GW,interpolated,21.01.2025,Nikita Moskalenko <nim@wip.tu-berlin.de>
MISO,P_Hydro_RoR,2028,0.1861,,GW,interpolated,21.01.2025,Nikita Moskalenko <nim@wip.tu-berlin.de>
MISO,P_Hydro_RoR,2029,0.1861,,GW,interpolated,21.01.2025,Nikita Moskalenko <nim@wip.tu-berlin.de>
MISO,P_Hydro_RoR,2031,0.1861,,GW,interpolated,21.01.2025,Nikita Moskalenko <nim@wip.tu-berlin.de>
MISO,P_Hydro_RoR,2032,0.1861,,GW,interpolated,21.01.2025,Nikita Moskalenko <nim@wip.tu-berlin.de>
MISO,P_Hydro_RoR,2033,0.1861,,GW,interpolated,21.01.2025,Nikita Moskalenko <nim@wip.tu-berlin.de>
MISO,P_Hydro_RoR,2034,0.1861,,GW,interpolated,21.01.2025,Nikita Moskalenko <nim@wip.tu-berlin.de>
MISO,P_Hydro_RoR,2036,0.1861,,GW,interpolated,21.01.2025,Nikita Moskalenko <nim@wip.tu-berlin.de>
MISO,P_Hydro_RoR,2037,0.1861,,GW,interpolated,21.01.2025,Nikita Moskalenko <nim@wip.tu-berlin.de>
MISO,P_Hydro_RoR,2038,0.1861,,GW,interpolated,21.01.2025,Nikita Moskalenko <nim@wip.tu-berlin.de>
MISO,P_Hydro_RoR,2039,0.1861,,GW,interpolated,21.01.2025,Nikita Moskalenko <nim@wip.tu-berlin.de>
ERCOT,P_Hydro_Reservoir,2026,2.519,,GW,interpolated,21.01.2025,Nikita Moskalenko <nim@wip.tu-berlin.de>
ERCOT,P_Hydro_Reservoir,2027,2.519,,GW,interpolated,21.01.2025,Nikita Moskalenko <nim@wip.tu-berlin.de>
ERCOT,P_Hydro_Reservoir,2028,2.519,,GW,interpolated,21.01.2025,Nikita Moskalenko <nim@wip.tu-berlin.de>
ERCOT,P_Hydro_Reservoir,2029,2.519,,GW,interpolated,21.01.2025,Nikita Moskalenko <nim@wip.tu-berlin.de>
ERCOT,P_Hydro_Reservoir,2031,2.519,,GW,interpolated,21.01.2025,Nikita Moskalenko <nim@wip.tu-berlin.de>
ERCOT,P_Hydro_Reservoir,2032,2.519,,GW,interpolated,21.01.2025,Nikita Moskalenko <nim@wip.tu-berlin.de>
ERCOT,P_Hydro_Reservoir,2033,2.519,,GW,interpolated,21.01.2025,Nikita Moskalenko <nim@wip.tu-berlin.de>
ERCOT,P_Hydro_Reservoir,2034,2.519,,GW,interpolated,21.01.2025,Nikita Moskalenko <nim@wip.tu-berlin.de>
ERCOT,P_Hydro_Reservoir,2036,2.519,,GW,interpolated,21.01.2025,Nikita Moskalenko <nim@wip.tu-berlin.de>
ERCOT,P_Hydro_Reservoir,2037,2.519,,GW,interpolated,21.01.2025,Nikita Moskalenko <nim@wip.tu-berlin.de>
ERCOT,P_Hydro_Reservoir,2038,2.519,,GW,interpolated,21.01.2025,Nikita Moskalenko <nim@wip.tu-berlin.de>
ERCOT,P_Hydro_Reservoir,2039,2.519,,GW,interpolated,21.01.2025,Nikita Moskalenko <nim@wip.tu-berlin.de>
ERCOT,P_Hydro_RoR,2026,5.8171,,GW,interpolated,21.01.2025,Nikita Moskalenko <nim@wip.tu-berlin.de>
ERCOT,P_Hydro_RoR,2027,5.8171,,GW,interpolated,21.01.2025,Nikita Moskalenko <nim@wip.tu-berlin.de>
ERCOT,P_Hydro_RoR,2028,5.8171,,GW,interpolated,21.01.2025,Nikita Moskalenko <nim@wip.tu-berlin.de>
ERCOT,P_Hydro_RoR,2029,5.8171,,GW,interpolated,21.01.2025,Nikita Moskalenko <nim@wip.tu-berlin.de>
ERCOT,P_Hydro_RoR,2031,5.8171,,GW,interpolated,21.01.2025,Nikita Moskalenko <nim@wip.tu-berlin.de>
ERCOT,P_Hydro_RoR,2032,5.8171,,GW,interpolated,21.01.2025,Nikita Moskalenko <nim@wip.tu-berlin.de>
ERCOT,P_Hydro_RoR,2033,5.8171,,GW,interpolated,21.01.2025,Nikita Moskalenko <nim@wip.tu-berlin.de>
ERCOT,P_Hydro_RoR,2034,5.8171,,GW,interpolated,21.01.2025,Nikita Moskalenko <nim@wip.tu-berlin.de>
ERCOT,P_Hydro_RoR,2036,5.8171,,GW,interpolated,21.01.2025,Nikita Moskalenko <nim@wip.tu-berlin.de>
ERCOT,P_Hydro_RoR,2037,5.8171,,GW,interpolated,21.01.2025,Nikita Moskalenko <nim@wip.tu-berlin.de>
ERCOT,P_Hydro_RoR,2038,5.8171,,GW,interpolated,21.01.2025,Nikita Moskalenko <nim@wip.tu-berlin.de>
ERCOT,P_Hydro_RoR,2039,5.8171,,GW,interpolated,21.01.2025,Nikita Moskalenko <nim@wip.tu-berlin.de>
SERC,P_Hydro_Reservoir,2026,0.7661,,GW,interpolated,21.01.2025,Nikita Moskalenko <nim@wip.tu-berlin.de>
SERC,P_Hydro_Reservoir,2027,0.7661,,GW,interpolated,21.01.2025,Nikita Moskalenko <nim@wip.tu-berlin.de>
SERC,P_Hydro_Reservoir,2028,0.7661,,GW,interpolated,21.01.2025,Nikita Moskalenko <nim@wip.tu-berlin.de>
SERC,P_Hydro_Reservoir,2029,0.7661,,GW,interpolated,21.01.2025,Nikita Moskalenko <nim@wip.tu-berlin.de>
SERC,P_Hydro_Reservoir,2031,0.7661,,GW,interpolated,21.01.2025,Nikita Moskalenko <nim@wip.tu-berlin.de>
SERC,P_Hydro_Reservoir,2032,0.7661,,GW,interpolated,21.01.2025,Nikita Moskalenko <nim@wip.tu-berlin.de>
SERC,P_Hydro_Reservoir,2033,0.7661,,GW,interpolated,21.01.2025,Nikita Moskalenko <nim@wip.tu-berlin.de>
SERC,P_Hydro_Reservoir,2034,0.7661,,GW,interpolated,21.01.2025,Nikita Moskalenko <nim@wip.tu-berlin.de>
SERC,P_Hydro_Reservoir,2036,0.7661,,GW,interpolated,21.01.2025,Nikita Moskalenko <nim@wip.tu-berlin.de>
SERC,P_Hydro_Reservoir,2037,0.7661,,GW,interpolated,21.01.2025,Nikita Moskalenko <nim@wip.tu-berlin.de>
SERC,P_Hydro_Reservoir,2038,0.7661,,GW,interpolated,21.01.2025,Nikita Moskalenko <nim@wip.tu-berlin.de>
SERC,P_Hydro_Reservoir,2039,0.7661,,GW,interpolated,21.01.2025,Nikita Moskalenko <nim@wip.tu-berlin.de>
SERC,P_Hydro_RoR,2026,0.341,,GW,interpolated,21.01.2025,Nikita Moskalenko <nim@wip.tu-berlin.de>
SERC,P_Hydro_RoR,2027,0.341,,GW,interpolated,21.01.2025,Nikita Moskalenko <nim@wip.tu-berlin.de>
SERC,P_Hydro_RoR,2028,0.341,,GW,interpolated,21.01.2025,Nikita Moskalenko <nim@wip.tu-berlin.de>
SERC,P_Hydro_RoR,2029,0.341,,GW,interpolated,21.01.2025,Nikita Moskalenko <nim@wip.tu-berlin.de>
SERC,P_Hydro_RoR,2031,0.341,,GW,interpolated,21.01.2025,Nikita Moskalenko <nim@wip.tu-berlin.de>
SERC,P_Hydro_RoR,2032,0.341,,GW,interpolated,21.01.2025,Nikita Moskalenko <nim@wip.tu-berlin.de>
SERC,P_Hydro_RoR,2033,0.341,,GW,interpolated,21.01.2025,Nikita Moskalenko <nim@wip.tu-berlin.de>
SERC,P_Hydro_RoR,2034,0.341,,GW,interpolated,21.01.2025,Nikita Moskalenko <nim@wip.tu-berlin.de>
SERC,P_Hydro_RoR,2036,0.341,,GW,interpolated,21.01.2025,Nikita Moskalenko <nim@wip.tu-berlin.de>
SERC,P_Hydro_RoR,2037,0.341,,GW,interpolated,21.01.2025,Nikita Moskalenko <nim@wip.tu-berlin.de>
SERC,P_Hydro_RoR,2038,0.341,,GW,interpolated,21.01.2025,Nikita Moskalenko <nim@wip.tu-berlin.de>
SERC,P_Hydro_RoR,2039,0.341,,GW,interpolated,21.01.2025,Nikita Moskalenko <nim@wip.tu-berlin.de>
PJM,P_Hydro_Reservoir,2026,5.7721,,GW,interpolated,21.01.2025,Nikita Moskalenko <nim@wip.tu-berlin.de>
PJM,P_Hydro_Reservoir,2027,5.7721,,GW,interpolated,21.01.2025,Nikita Moskalenko <nim@wip.tu-berlin.de>
PJM,P_Hydro_Reservoir,2028,5.7721,,GW,interpolated,21.01.2025,Nikita Moskalenko <nim@wip.tu-berlin.de>
PJM,P_Hydro_Reservoir,2029,5.7721,,GW,interpolated,21.01.2025,Nikita Moskalenko <nim@wip.tu-berlin.de>
PJM,P_Hydro_Reservoir,2031,5.7721,,GW,interpolated,21.01.2025,Nikita Moskalenko <nim@wip.tu-berlin.de>
PJM,P_Hydro_Reservoir,2032,5.7721,,GW,interpolated,21.01.2025,Nikita Moskalenko <nim@wip.tu-berlin.de>
PJM,P_Hydro_Reservoir,2033,5.7721,,GW,interpolated,21.01.2025,Nikita Moskalenko <nim@wip.tu-berlin.de>
PJM,P_Hydro_Reservoir,2034,5.7721,,GW,interpolated,21.01.2025,Nikita Moskalenko <nim@wip.tu-berlin.de>
PJM,P_Hydro_Reservoir,2036,5.7721,,GW,interpolated,21.01.2025,Nikita Moskalenko <nim@wip.tu-berlin.de>
PJM,P_Hydro_Reservoir,2037,5.7721,,GW,interpolated,21.01.2025,Nikita Moskalenko <nim@wip.tu-berlin.de>
PJM,P_Hydro_Reservoir,2038,5.7721,,GW,interpolated,21.01.2025,Nikita Moskalenko <nim@wip.tu-berlin.de>
PJM,P_Hydro_Reservoir,2039,5.7721,,GW,interpolated,21.01.2025,Nikita Moskalenko <nim@wip.tu-berlin.de>
PJM,P_Hydro_RoR,2026,0.6351,,GW,interpolated,21.01.2025,Nikita Moskalenko <nim@wip.tu-berlin.de>
PJM,P_Hydro_RoR,2027,0.6351,,GW,interpolated,21.01.2025,Nikita Moskalenko <nim@wip.tu-berlin.de>
PJM,P_Hydro_RoR,2028,0.6351,,GW,interpolated,21.01.2025,Nikita Moskalenko <nim@wip.tu-berlin.de>
PJM,P_Hydro_RoR,2029,0.6351,,GW,interpolated,21.01.2025,Nikita Moskalenko <nim@wip.tu-berlin.de>
PJM,P_Hydro_RoR,2031,0.6351,,GW,interpolated,21.01.2025,Nikita Moskalenko <nim@wip.tu-berlin.de>
PJM,P_Hydro_RoR,2032,0.6351,,GW,interpolated,21.01.2025,Nikita Moskalenko <nim@wip.tu-berlin.de>
PJM,P_Hydro_RoR,2033,0.6351,,GW,interpolated,21.01.2025,Nikita Moskalenko <nim@wip.tu-berlin.de>
PJM,P_Hydro_RoR,2034,0.6351,,GW,interpolated,21.01.2025,Nikita Moskalenko <nim@wip.tu-berlin.de>
PJM,P_Hydro_RoR,2036,0.6351,,GW,interpolated,21.01.2025,Nikita Moskalenko <nim@wip.tu-berlin.de>
PJM,P_Hydro_RoR,2037,0.6351,,GW,interpolated,21.01.2025,Nikita Moskalenko <nim@wip.tu-berlin.de>
PJM,P_Hydro_RoR,2038,0.6351,,GW,interpolated,21.01.2025,Nikita Moskalenko <nim@wip.tu-berlin.de>
PJM,P_Hydro_RoR,2039,0.6351,,GW,interpolated,21.01.2025,Nikita Moskalenko <nim@wip.tu-berlin.de>
NewYork,P_Hydro_Reservoir,2026,2.391,,GW,interpolated,21.01.2025,Nikita Moskalenko <nim@wip.tu-berlin.de>
NewYork,P_Hydro_Reservoir,2027,2.391,,GW,interpolated,21.01.2025,Nikita Moskalenko <nim@wip.tu-berlin.de>
NewYork,P_Hydro_Reservoir,2028,2.391,,GW,interpolated,21.01.2025,Nikita Moskalenko <nim@wip.tu-berlin.de>
NewYork,P_Hydro_Reservoir,2029,2.391,,GW,interpolated,21.01.2025,Nikita Moskalenko <nim@wip.tu-berlin.de>
NewYork,P_Hydro_Reservoir,2031,2.391,,GW,interpolated,21.01.2025,Nikita Moskalenko <nim@wip.tu-berlin.de>
NewYork,P_Hydro_Reservoir,2032,2.391,,GW,interpolated,21.01.2025,Nikita Moskalenko <nim@wip.tu-berlin.de>
NewYork,P_Hydro_Reservoir,2033,2.391,,GW,interpolated,21.01.2025,Nikita Moskalenko <nim@wip.tu-berlin.de>
NewYork,P_Hydro_Reservoir,2034,2.391,,GW,interpolated,21.01.2025,Nikita Moskalenko <nim@wip.tu-berlin.de>
NewYork,P_Hydro_Reservoir,2036,2.391,,GW,interpolated,21.01.2025,Nikita Moskalenko <nim@wip.tu-berlin.de>
NewYork,P_Hydro_Reservoir,2037,2.391,,GW,interpolated,21.01.2025,Nikita Moskalenko <nim@wip.tu-berlin.de>
NewYork,P_Hydro_Reservoir,2038,2.391,,GW,interpolated,21.01.2025,Nikita Moskalenko <nim@wip.tu-berlin.de>
NewYork,P_Hydro_Reservoir,2039,2.391,,GW,interpolated,21.01.2025,Nikita Moskalenko <nim@wip.tu-berlin.de>
NewYork,P_Hydro_RoR,2026,0.455,,GW,interpolated,21.01.2025,Nikita Moskalenko <nim@wip.tu-berlin.de>
NewYork,P_Hydro_RoR,2027,0.455,,GW,interpolated,21.01.2025,Nikita Moskalenko <nim@wip.tu-berlin.de>
NewYork,P_Hydro_RoR,2028,0.455,,GW,interpolated,21.01.2025,Nikita Moskalenko <nim@wip.tu-berlin.de>
NewYork,P_Hydro_RoR,2029,0.455,,GW,interpolated,21.01.2025,Nikita Moskalenko <nim@wip.tu-berlin.de>
NewYork,P_Hydro_RoR,2031,0.455,,GW,interpolated,21.01.2025,Nikita Moskalenko <nim@wip.tu-berlin.de>
NewYork,P_Hydro_RoR,2032,0.455,,GW,interpolated,21.01.2025,Nikita Moskalenko <nim@wip.tu-berlin.de>
NewYork,P_Hydro_RoR,2033,0.455,,GW,interpolated,21.01.2025,Nikita Moskalenko <nim@wip.tu-berlin.de>
NewYork,P_Hydro_RoR,2034,0.455,,GW,interpolated,21.01.2025,Nikita Moskalenko <nim@wip.tu-berlin.de>
NewYork,P_Hydro_RoR,2036,0.455,,GW,interpolated,21.01.2025,Nikita Moskalenko <nim@wip.tu-berlin.de>
NewYork,P_Hydro_RoR,2037,0.455,,GW,interpolated,21.01.2025,Nikita Moskalenko <nim@wip.tu-berlin.de>
NewYork,P_Hydro_RoR,2038,0.455,,GW,interpolated,21.01.2025,Nikita Moskalenko <nim@wip.tu-berlin.de>
NewYork,P_Hydro_RoR,2039,0.455,,GW,interpolated,21.01.2025,Nikita Moskalenko <nim@wip.tu-berlin.de>
NewEngland,P_Hydro_Reservoir,2026,4.733,,GW,interpolated,21.01.2025,Nikita Moskalenko <nim@wip.tu-berlin.de>
NewEngland,P_Hydro_Reservoir,2027,4.733,,GW,interpolated,21.01.2025,Nikita Moskalenko <nim@wip.tu-berlin.de>
NewEngland,P_Hydro_Reservoir,2028,4.733,,GW,interpolated,21.01.2025,Nikita Moskalenko <nim@wip.tu-berlin.de>
NewEngland,P_Hydro_Reservoir,2029,4.733,,GW,interpolated,21.01.2025,Nikita Moskalenko <nim@wip.tu-berlin.de>
NewEngland,P_Hydro_Reservoir,2031,4.733,,GW,interpolated,21.01.2025,Nikita Moskalenko <nim@wip.tu-berlin.de>
NewEngland,P_Hydro_Reservoir,2032,4.733,,GW,interpolated,21.01.2025,Nikita Moskalenko <nim@wip.tu-berlin.de>
NewEngland,P_Hydro_Reservoir,2033,4.733,,GW,interpolated,21.01.2025,Nikita Moskalenko <nim@wip.tu-berlin.de>
NewEngland,P_Hydro_Reservoir,2034,4.733,,GW,interpolated,21.01.2025,Nikita Moskalenko <nim@wip.tu-berlin.de>
NewEngland,P_Hydro_Reservoir,2036,4.733,,GW,interpolated,21.01.2025,Nikita Moskalenko <nim@wip.tu-berlin.de>
NewEngland,P_Hydro_Reservoir,2037,4.733,,GW,interpolated,21.01.2025,Nikita Moskalenko <nim@wip.tu-berlin.de>
NewEngland,P_Hydro_Reservoir,2038,4.733,,GW,interpolated,21.01.2025,Nikita Moskalenko <nim@wip.tu-berlin.de>
NewEngland,P_Hydro_Reservoir,2039,4.733,,GW,interpolated,21.01.2025,Nikita Moskalenko <nim@wip.tu-berlin.de>
NewEngland,P_Hydro_RoR,2026,10.826,,GW,interpolated,21.01.2025,Nikita Moskalenko <nim@wip.tu-berlin.de>
NewEngland,P_Hydro_RoR,2027,10.826,,GW,interpolated,21.01.2025,Nikita Moskalenko <nim@wip.tu-berlin.de>
NewEngland,P_Hydro_RoR,2028,10.826,,GW,interpolated,21.01.2025,Nikita Moskalenko <nim@wip.tu-berlin.de>
NewEngland,P_Hydro_RoR,2029,10.826,,GW,interpolated,21.01.2025,Nikita Moskalenko <nim@wip.tu-berlin.de>
NewEngland,P_Hydro_RoR,2031,10.826,,GW,interpolated,21.01.2025,Nikita Moskalenko <nim@wip.tu-berlin.de>
NewEngland,P_Hydro_RoR,2032,10.826,,GW,interpolated,21.01.2025,Nikita Moskalenko <nim@wip.tu-berlin.de>
NewEngland,P_Hydro_RoR,2033,10.826,,GW,interpolated,21.01.2025,Nikita Moskalenko <nim@wip.tu-berlin.de>
NewEngland,P_Hydro_RoR,2034,10.826,,GW,interpolated,21.01.2025,Nikita Moskalenko <nim@wip.tu-berlin.de>
NewEngland,P_Hydro_RoR,2036,10.826,,GW,interpolated,21.01.2025,Nikita Moskalenko <nim@wip.tu-berlin.de>
NewEngland,P_Hydro_RoR,2037,10.826,,GW,interpolated,21.01.2025,Nikita Moskalenko <nim@wip.tu-berlin.de>
NewEngland,P_Hydro_RoR,2038,10.826,,GW,interpolated,21.01.2025,Nikita Moskalenko <nim@wip.tu-berlin.de>
NewEngland,P_Hydro_RoR,2039,10.826,,GW,interpolated,21.01.2025,Nikita Moskalenko <nim@wip.tu-berlin.de>
Canada,P_Hydro_Reservoir,2026,13.165,,GW,interpolated,21.01.2025,Nikita Moskalenko <nim@wip.tu-berlin.de>
Canada,P_Hydro_Reservoir,2027,13.225,,GW,interpolated,21.01.2025,Nikita Moskalenko <nim@wip.tu-berlin.de>
Canada,P_Hydro_Reservoir,2028,13.285,,GW,interpolated,21.01.2025,Nikita Moskalenko <nim@wip.tu-berlin.de>
Canada,P_Hydro_Reservoir,2029,13.345,,GW,interpolated,21.01.2025,Nikita Moskalenko <nim@wip.tu-berlin.de>
Canada,P_Hydro_Reservoir,2031,13.405,,GW,interpolated,21.01.2025,Nikita Moskalenko <nim@wip.tu-berlin.de>
Canada,P_Hydro_Reservoir,2032,13.405,,GW,interpolated,21.01.2025,Nikita Moskalenko <nim@wip.tu-berlin.de>
Canada,P_Hydro_Reservoir,2033,13.405,,GW,interpolated,21.01.2025,Nikita Moskalenko <nim@wip.tu-berlin.de>
Canada,P_Hydro_Reservoir,2034,13.405,,GW,interpolated,21.01.2025,Nikita Moskalenko <nim@wip.tu-berlin.de>
Canada,P_Hydro_Reservoir,2036,13.405,,GW,interpolated,21.01.2025,Nikita Moskalenko <nim@wip.tu-berlin.de>
Canada,P_Hydro_Reservoir,2037,13.405,,GW,interpolated,21.01.2025,Nikita Moskalenko <nim@wip.tu-berlin.de>
Canada,P_Hydro_Reservoir,2038,13.405,,GW,interpolated,21.01.2025,Nikita Moskalenko <nim@wip.tu-berlin.de>
Canada,P_Hydro_Reservoir,2039,13.405,,GW,interpolated,21.01.2025,Nikita Moskalenko <nim@wip.tu-berlin.de>
Canada,P_Hydro_RoR,2026,1.156,,GW,interpolated,21.01.2025,Nikita Moskalenko <nim@wip.tu-berlin.de>
Canada,P_Hydro_RoR,2027,1.156,,GW,interpolated,21.01.2025,Nikita Moskalenko <nim@wip.tu-berlin.de>
Canada,P_Hydro_RoR,2028,1.156,,GW,interpolated,21.01.2025,Nikita Moskalenko <nim@wip.tu-berlin.de>
Canada,P_Hydro_RoR,2029,1.156,,GW,interpolated,21.01.2025,Nikita Moskalenko <nim@wip.tu-berlin.de>
Canada,P_Hydro_RoR,2031,1.156,,GW,interpolated,21.01.2025,Nikita Moskalenko <nim@wip.tu-berlin.de>
Canada,P_Hydro_RoR,2032,1.156,,GW,interpolated,21.01.2025,Nikita Moskalenko <nim@wip.tu-berlin.de>
Canada,P_Hydro_RoR,2033,1.156,,GW,interpolated,21.01.2025,Nikita Moskalenko <nim@wip.tu-berlin.de>
Canada,P_Hydro_RoR,2034,1.156,,GW,interpolated,21.01.2025,Nikita Moskalenko <nim@wip.tu-berlin.de>
Canada,P_Hydro_RoR,2036,1.156,,GW,interpolated,21.01.2025,Nikita Moskalenko <nim@wip.tu-berlin.de>
Canada,P_Hydro_RoR,2037,1.156,,GW,interpolated,21.01.2025,Nikita Moskalenko <nim@wip.tu-berlin.de>
Canada,P_Hydro_RoR,2038,1.156,,GW,interpolated,21.01.2025,Nikita Moskalenko <nim@wip.tu-berlin.de>
Canada,P_Hydro_RoR,2039,1.156,,GW,interpolated,21.01.2025,Nikita Moskalenko <nim@wip.tu-berlin.de>
