Region,Region.1,Fuel,Year,Value,,Unit,Source,Updated at,Updated by
California,WECC,Power,2025,17.797,,GW,"IC transfer capability, High/NTP ceiling (MW/1000), floored at existing+commissioned",2026-06-25,Konstantin Loffler <kl@wip.tu-berlin.de>
California,WECC,Power,2026,17.930478,,GW,"IC transfer capability, High/NTP ceiling (MW/1000), floored at existing+commissioned",2026-06-25,Konstantin Loffler <kl@wip.tu-berlin.de>
California,WECC,Power,2027,18.064956,,GW,"IC transfer capability, High/NTP ceiling (MW/1000), floored at existing+commissioned",2026-06-25,Konstantin Loffler <kl@wip.tu-berlin.de>
California,WECC,Power,2028,18.200443,,GW,"IC transfer capability, High/NTP ceiling (MW/1000), floored at existing+commissioned",2026-06-25,Konstantin Loffler <kl@wip.tu-berlin.de>
California,WECC,Power,2029,18.336947,,GW,"IC transfer capability, High/NTP ceiling (MW/1000), floored at existing+commissioned",2026-06-25,Konstantin Loffler <kl@wip.tu-berlin.de>
California,WECC,Power,2030,18.474474,,GW,"IC transfer capability, High/NTP ceiling (MW/1000), floored at existing+commissioned",2026-06-25,Konstantin Loffler <kl@wip.tu-berlin.de>
California,WECC,Power,2031,18.613032,,GW,"IC transfer capability, High/NTP ceiling (MW/1000), floored at existing+commissioned",2026-06-25,Konstantin Loffler <kl@wip.tu-berlin.de>
California,WECC,Power,2032,18.75263,,GW,"IC transfer capability, High/NTP ceiling (MW/1000), floored at existing+commissioned",2026-06-25,Konstantin Loffler <kl@wip.tu-berlin.de>
California,WECC,Power,2033,18.893275,,GW,"IC transfer capability, High/NTP ceiling (MW/1000), floored at existing+commissioned",2026-06-25,Konstantin Loffler <kl@wip.tu-berlin.de>
California,WECC,Power,2034,19.034974,,GW,"IC transfer capability, High/NTP ceiling (MW/1000), floored at existing+commissioned",2026-06-25,Konstantin Loffler <kl@wip.tu-berlin.de>
California,WECC,Power,2035,19.177737,,GW,"IC transfer capability, High/NTP ceiling (MW/1000), floored at existing+commissioned",2026-06-25,Konstantin Loffler <kl@wip.tu-berlin.de>
California,WECC,Power,2036,19.32157,,GW,"IC transfer capability, High/NTP ceiling (MW/1000), floored at existing+commissioned",2026-06-25,Konstantin Loffler <kl@wip.tu-berlin.de>
California,WECC,Power,2037,19.466481,,GW,"IC transfer capability, High/NTP ceiling (MW/1000), floored at existing+commissioned",2026-06-25,Konstantin Loffler <kl@wip.tu-berlin.de>
California,WECC,Power,2038,19.61248,,GW,"IC transfer capability, High/NTP ceiling (MW/1000), floored at existing+commissioned",2026-06-25,Konstantin Loffler <kl@wip.tu-berlin.de>
California,WECC,Power,2039,19.759574,,GW,"IC transfer capability, High/NTP ceiling (MW/1000), floored at existing+commissioned",2026-06-25,Konstantin Loffler <kl@wip.tu-berlin.de>
California,WECC,Power,2040,19.90777,,GW,"IC transfer capability, High/NTP ceiling (MW/1000), floored at existing+commissioned",2026-06-25,Konstantin Loffler <kl@wip.tu-berlin.de>
Canada,NewEngland,Power,2025,2.395,,GW,"IC transfer capability, High/NTP ceiling (MW/1000), floored at existing+commissioned",2026-06-25,Konstantin Loffler <kl@wip.tu-berlin.de>
Canada,NewEngland,Power,2026,2.412963,,GW,"IC transfer capability, High/NTP ceiling (MW/1000), floored at existing+commissioned",2026-06-25,Konstantin Loffler <kl@wip.tu-berlin.de>
Canada,NewEngland,Power,2027,2.43106,,GW,"IC transfer capability, High/NTP ceiling (MW/1000), floored at existing+commissioned",2026-06-25,Konstantin Loffler <kl@wip.tu-berlin.de>
Canada,NewEngland,Power,2028,2.449293,,GW,"IC transfer capability, High/NTP ceiling (MW/1000), floored at existing+commissioned",2026-06-25,Konstantin Loffler <kl@wip.tu-berlin.de>
Canada,NewEngland,Power,2029,2.467662,,GW,"IC transfer capability, High/NTP ceiling (MW/1000), floored at existing+commissioned",2026-06-25,Konstantin Loffler <kl@wip.tu-berlin.de>
Canada,NewEngland,Power,2030,2.48617,,GW,"IC transfer capability, High/NTP ceiling (MW/1000), floored at existing+commissioned",2026-06-25,Konstantin Loffler <kl@wip.tu-berlin.de>
Canada,NewEngland,Power,2031,2.504816,,GW,"IC transfer capability, High/NTP ceiling (MW/1000), floored at existing+commissioned",2026-06-25,Konstantin Loffler <kl@wip.tu-berlin.de>
Canada,NewEngland,Power,2032,2.523602,,GW,"IC transfer capability, High/NTP ceiling (MW/1000), floored at existing+commissioned",2026-06-25,Konstantin Loffler <kl@wip.tu-berlin.de>
Canada,NewEngland,Power,2033,2.542529,,GW,"IC transfer capability, High/NTP ceiling (MW/1000), floored at existing+commissioned",2026-06-25,Konstantin Loffler <kl@wip.tu-berlin.de>
Canada,NewEngland,Power,2034,2.561598,,GW,"IC transfer capability, High/NTP ceiling (MW/1000), floored at existing+commissioned",2026-06-25,Konstantin Loffler <kl@wip.tu-berlin.de>
Canada,NewEngland,Power,2035,2.58081,,GW,"IC transfer capability, High/NTP ceiling (MW/1000), floored at existing+commissioned",2026-06-25,Konstantin Loffler <kl@wip.tu-berlin.de>
Canada,NewEngland,Power,2036,2.600166,,GW,"IC transfer capability, High/NTP ceiling (MW/1000), floored at existing+commissioned",2026-06-25,Konstantin Loffler <kl@wip.tu-berlin.de>
Canada,NewEngland,Power,2037,2.619668,,GW,"IC transfer capability, High/NTP ceiling (MW/1000), floored at existing+commissioned",2026-06-25,Konstantin Loffler <kl@wip.tu-berlin.de>
Canada,NewEngland,Power,2038,2.639315,,GW,"IC transfer capability, High/NTP ceiling (MW/1000), floored at existing+commissioned",2026-06-25,Konstantin Loffler <kl@wip.tu-berlin.de>
Canada,NewEngland,Power,2039,2.65911,,GW,"IC transfer capability, High/NTP ceiling (MW/1000), floored at existing+commissioned",2026-06-25,Konstantin Loffler <kl@wip.tu-berlin.de>
Canada,NewEngland,Power,2040,2.679053,,GW,"IC transfer capability, High/NTP ceiling (MW/1000), floored at existing+commissioned",2026-06-25,Konstantin Loffler <kl@wip.tu-berlin.de>
Canada,MISO,Power,2025,6.854,,GW,"IC transfer capability, High/NTP ceiling (MW/1000), floored at existing+commissioned",2026-06-25,Konstantin Loffler <kl@wip.tu-berlin.de>
Canada,MISO,Power,2026,6.854,,GW,"IC transfer capability, High/NTP ceiling (MW/1000), floored at existing+commissioned",2026-06-25,Konstantin Loffler <kl@wip.tu-berlin.de>
Canada,MISO,Power,2027,6.854,,GW,"IC transfer capability, High/NTP ceiling (MW/1000), floored at existing+commissioned",2026-06-25,Konstantin Loffler <kl@wip.tu-berlin.de>
Canada,MISO,Power,2028,6.854,,GW,"IC transfer capability, High/NTP ceiling (MW/1000), floored at existing+commissioned",2026-06-25,Konstantin Loffler <kl@wip.tu-berlin.de>
Canada,MISO,Power,2029,6.854,,GW,"IC transfer capability, High/NTP ceiling (MW/1000), floored at existing+commissioned",2026-06-25,Konstantin Loffler <kl@wip.tu-berlin.de>
Canada,MISO,Power,2030,6.854,,GW,"IC transfer capability, High/NTP ceiling (MW/1000), floored at existing+commissioned",2026-06-25,Konstantin Loffler <kl@wip.tu-berlin.de>
Canada,MISO,Power,2031,6.854,,GW,"IC transfer capability, High/NTP ceiling (MW/1000), floored at existing+commissioned",2026-06-25,Konstantin Loffler <kl@wip.tu-berlin.de>
Canada,MISO,Power,2032,6.854,,GW,"IC transfer capability, High/NTP ceiling (MW/1000), floored at existing+commissioned",2026-06-25,Konstantin Loffler <kl@wip.tu-berlin.de>
Canada,MISO,Power,2033,6.854,,GW,"IC transfer capability, High/NTP ceiling (MW/1000), floored at existing+commissioned",2026-06-25,Konstantin Loffler <kl@wip.tu-berlin.de>
Canada,MISO,Power,2034,6.854,,GW,"IC transfer capability, High/NTP ceiling (MW/1000), floored at existing+commissioned",2026-06-25,Konstantin Loffler <kl@wip.tu-berlin.de>
Canada,MISO,Power,2035,6.854,,GW,"IC transfer capability, High/NTP ceiling (MW/1000), floored at existing+commissioned",2026-06-25,Konstantin Loffler <kl@wip.tu-berlin.de>
Canada,MISO,Power,2036,6.854,,GW,"IC transfer capability, High/NTP ceiling (MW/1000), floored at existing+commissioned",2026-06-25,Konstantin Loffler <kl@wip.tu-berlin.de>
Canada,MISO,Power,2037,6.854,,GW,"IC transfer capability, High/NTP ceiling (MW/1000), floored at existing+commissioned",2026-06-25,Konstantin Loffler <kl@wip.tu-berlin.de>
Canada,MISO,Power,2038,6.854,,GW,"IC transfer capability, High/NTP ceiling (MW/1000), floored at existing+commissioned",2026-06-25,Konstantin Loffler <kl@wip.tu-berlin.de>
Canada,MISO,Power,2039,6.854,,GW,"IC transfer capability, High/NTP ceiling (MW/1000), floored at existing+commissioned",2026-06-25,Konstantin Loffler <kl@wip.tu-berlin.de>
Canada,MISO,Power,2040,6.854,,GW,"IC transfer capability, High/NTP ceiling (MW/1000), floored at existing+commissioned",2026-06-25,Konstantin Loffler <kl@wip.tu-berlin.de>
Canada,NewYork,Power,2025,4.626,,GW,"IC transfer capability, High/NTP ceiling (MW/1000), floored at existing+commissioned",2026-06-25,Konstantin Loffler <kl@wip.tu-berlin.de>
Canada,NewYork,Power,2026,4.626,,GW,"IC transfer capability, High/NTP ceiling (MW/1000), floored at existing+commissioned",2026-06-25,Konstantin Loffler <kl@wip.tu-berlin.de>
Canada,NewYork,Power,2027,4.626,,GW,"IC transfer capability, High/NTP ceiling (MW/1000), floored at existing+commissioned",2026-06-25,Konstantin Loffler <kl@wip.tu-berlin.de>
Canada,NewYork,Power,2028,4.626,,GW,"IC transfer capability, High/NTP ceiling (MW/1000), floored at existing+commissioned",2026-06-25,Konstantin Loffler <kl@wip.tu-berlin.de>
Canada,NewYork,Power,2029,4.719,,GW,"IC transfer capability, High/NTP ceiling (MW/1000), floored at existing+commissioned",2026-06-25,Konstantin Loffler <kl@wip.tu-berlin.de>
Canada,NewYork,Power,2030,4.802097,,GW,"IC transfer capability, High/NTP ceiling (MW/1000), floored at existing+commissioned",2026-06-25,Konstantin Loffler <kl@wip.tu-berlin.de>
Canada,NewYork,Power,2031,4.838112,,GW,"IC transfer capability, High/NTP ceiling (MW/1000), floored at existing+commissioned",2026-06-25,Konstantin Loffler <kl@wip.tu-berlin.de>
Canada,NewYork,Power,2032,4.874398,,GW,"IC transfer capability, High/NTP ceiling (MW/1000), floored at existing+commissioned",2026-06-25,Konstantin Loffler <kl@wip.tu-berlin.de>
Canada,NewYork,Power,2033,4.910956,,GW,"IC transfer capability, High/NTP ceiling (MW/1000), floored at existing+commissioned",2026-06-25,Konstantin Loffler <kl@wip.tu-berlin.de>
Canada,NewYork,Power,2034,4.947788,,GW,"IC transfer capability, High/NTP ceiling (MW/1000), floored at existing+commissioned",2026-06-25,Konstantin Loffler <kl@wip.tu-berlin.de>
Canada,NewYork,Power,2035,4.969,,GW,"IC transfer capability, High/NTP ceiling (MW/1000), floored at existing+commissioned",2026-06-25,Konstantin Loffler <kl@wip.tu-berlin.de>
Canada,NewYork,Power,2036,4.969,,GW,"IC transfer capability, High/NTP ceiling (MW/1000), floored at existing+commissioned",2026-06-25,Konstantin Loffler <kl@wip.tu-berlin.de>
Canada,NewYork,Power,2037,4.969,,GW,"IC transfer capability, High/NTP ceiling (MW/1000), floored at existing+commissioned",2026-06-25,Konstantin Loffler <kl@wip.tu-berlin.de>
Canada,NewYork,Power,2038,4.969,,GW,"IC transfer capability, High/NTP ceiling (MW/1000), floored at existing+commissioned",2026-06-25,Konstantin Loffler <kl@wip.tu-berlin.de>
Canada,NewYork,Power,2039,4.969,,GW,"IC transfer capability, High/NTP ceiling (MW/1000), floored at existing+commissioned",2026-06-25,Konstantin Loffler <kl@wip.tu-berlin.de>
Canada,NewYork,Power,2040,4.969,,GW,"IC transfer capability, High/NTP ceiling (MW/1000), floored at existing+commissioned",2026-06-25,Konstantin Loffler <kl@wip.tu-berlin.de>
Canada,PJM,Power,2025,0.0,,GW,"IC transfer capability, High/NTP ceiling (MW/1000), floored at existing+commissioned",2026-06-25,Konstantin Loffler <kl@wip.tu-berlin.de>
Canada,PJM,Power,2026,0.0,,GW,"IC transfer capability, High/NTP ceiling (MW/1000), floored at existing+commissioned",2026-06-25,Konstantin Loffler <kl@wip.tu-berlin.de>
Canada,PJM,Power,2027,0.0,,GW,"IC transfer capability, High/NTP ceiling (MW/1000), floored at existing+commissioned",2026-06-25,Konstantin Loffler <kl@wip.tu-berlin.de>
Canada,PJM,Power,2028,0.0,,GW,"IC transfer capability, High/NTP ceiling (MW/1000), floored at existing+commissioned",2026-06-25,Konstantin Loffler <kl@wip.tu-berlin.de>
Canada,PJM,Power,2029,0.0,,GW,"IC transfer capability, High/NTP ceiling (MW/1000), floored at existing+commissioned",2026-06-25,Konstantin Loffler <kl@wip.tu-berlin.de>
Canada,PJM,Power,2030,0.0,,GW,"IC transfer capability, High/NTP ceiling (MW/1000), floored at existing+commissioned",2026-06-25,Konstantin Loffler <kl@wip.tu-berlin.de>
Canada,PJM,Power,2031,0.2,,GW,"IC transfer capability, High/NTP ceiling (MW/1000), floored at existing+commissioned",2026-06-25,Konstantin Loffler <kl@wip.tu-berlin.de>
Canada,PJM,Power,2032,0.4,,GW,"IC transfer capability, High/NTP ceiling (MW/1000), floored at existing+commissioned",2026-06-25,Konstantin Loffler <kl@wip.tu-berlin.de>
Canada,PJM,Power,2033,0.6,,GW,"IC transfer capability, High/NTP ceiling (MW/1000), floored at existing+commissioned",2026-06-25,Konstantin Loffler <kl@wip.tu-berlin.de>
Canada,PJM,Power,2034,0.8,,GW,"IC transfer capability, High/NTP ceiling (MW/1000), floored at existing+commissioned",2026-06-25,Konstantin Loffler <kl@wip.tu-berlin.de>
Canada,PJM,Power,2035,1.0,,GW,"IC transfer capability, High/NTP ceiling (MW/1000), floored at existing+commissioned",2026-06-25,Konstantin Loffler <kl@wip.tu-berlin.de>
Canada,PJM,Power,2036,1.0,,GW,"IC transfer capability, High/NTP ceiling (MW/1000), floored at existing+commissioned",2026-06-25,Konstantin Loffler <kl@wip.tu-berlin.de>
Canada,PJM,Power,2037,1.0,,GW,"IC transfer capability, High/NTP ceiling (MW/1000), floored at existing+commissioned",2026-06-25,Konstantin Loffler <kl@wip.tu-berlin.de>
Canada,PJM,Power,2038,1.0,,GW,"IC transfer capability, High/NTP ceiling (MW/1000), floored at existing+commissioned",2026-06-25,Konstantin Loffler <kl@wip.tu-berlin.de>
Canada,PJM,Power,2039,1.0,,GW,"IC transfer capability, High/NTP ceiling (MW/1000), floored at existing+commissioned",2026-06-25,Konstantin Loffler <kl@wip.tu-berlin.de>
Canada,PJM,Power,2040,1.0,,GW,"IC transfer capability, High/NTP ceiling (MW/1000), floored at existing+commissioned",2026-06-25,Konstantin Loffler <kl@wip.tu-berlin.de>
Canada,SPP,Power,2025,0.2,,GW,"IC transfer capability, High/NTP ceiling (MW/1000), floored at existing+commissioned",2026-06-25,Konstantin Loffler <kl@wip.tu-berlin.de>
Canada,SPP,Power,2026,0.2015,,GW,"IC transfer capability, High/NTP ceiling (MW/1000), floored at existing+commissioned",2026-06-25,Konstantin Loffler <kl@wip.tu-berlin.de>
Canada,SPP,Power,2027,0.203011,,GW,"IC transfer capability, High/NTP ceiling (MW/1000), floored at existing+commissioned",2026-06-25,Konstantin Loffler <kl@wip.tu-berlin.de>
Canada,SPP,Power,2028,0.204534,,GW,"IC transfer capability, High/NTP ceiling (MW/1000), floored at existing+commissioned",2026-06-25,Konstantin Loffler <kl@wip.tu-berlin.de>
Canada,SPP,Power,2029,0.206068,,GW,"IC transfer capability, High/NTP ceiling (MW/1000), floored at existing+commissioned",2026-06-25,Konstantin Loffler <kl@wip.tu-berlin.de>
Canada,SPP,Power,2030,0.207613,,GW,"IC transfer capability, High/NTP ceiling (MW/1000), floored at existing+commissioned",2026-06-25,Konstantin Loffler <kl@wip.tu-berlin.de>
Canada,SPP,Power,2031,0.20917,,GW,"IC transfer capability, High/NTP ceiling (MW/1000), floored at existing+commissioned",2026-06-25,Konstantin Loffler <kl@wip.tu-berlin.de>
Canada,SPP,Power,2032,0.210739,,GW,"IC transfer capability, High/NTP ceiling (MW/1000), floored at existing+commissioned",2026-06-25,Konstantin Loffler <kl@wip.tu-berlin.de>
Canada,SPP,Power,2033,0.21232,,GW,"IC transfer capability, High/NTP ceiling (MW/1000), floored at existing+commissioned",2026-06-25,Konstantin Loffler <kl@wip.tu-berlin.de>
Canada,SPP,Power,2034,0.213912,,GW,"IC transfer capability, High/NTP ceiling (MW/1000), floored at existing+commissioned",2026-06-25,Konstantin Loffler <kl@wip.tu-berlin.de>
Canada,SPP,Power,2035,0.215517,,GW,"IC transfer capability, High/NTP ceiling (MW/1000), floored at existing+commissioned",2026-06-25,Konstantin Loffler <kl@wip.tu-berlin.de>
Canada,SPP,Power,2036,0.217133,,GW,"IC transfer capability, High/NTP ceiling (MW/1000), floored at existing+commissioned",2026-06-25,Konstantin Loffler <kl@wip.tu-berlin.de>
Canada,SPP,Power,2037,0.218761,,GW,"IC transfer capability, High/NTP ceiling (MW/1000), floored at existing+commissioned",2026-06-25,Konstantin Loffler <kl@wip.tu-berlin.de>
Canada,SPP,Power,2038,0.220402,,GW,"IC transfer capability, High/NTP ceiling (MW/1000), floored at existing+commissioned",2026-06-25,Konstantin Loffler <kl@wip.tu-berlin.de>
Canada,SPP,Power,2039,0.222055,,GW,"IC transfer capability, High/NTP ceiling (MW/1000), floored at existing+commissioned",2026-06-25,Konstantin Loffler <kl@wip.tu-berlin.de>
Canada,SPP,Power,2040,0.223721,,GW,"IC transfer capability, High/NTP ceiling (MW/1000), floored at existing+commissioned",2026-06-25,Konstantin Loffler <kl@wip.tu-berlin.de>
Canada,WECC,Power,2025,3.15,,GW,"IC transfer capability, High/NTP ceiling (MW/1000), floored at existing+commissioned",2026-06-25,Konstantin Loffler <kl@wip.tu-berlin.de>
Canada,WECC,Power,2026,3.173625,,GW,"IC transfer capability, High/NTP ceiling (MW/1000), floored at existing+commissioned",2026-06-25,Konstantin Loffler <kl@wip.tu-berlin.de>
Canada,WECC,Power,2027,3.197427,,GW,"IC transfer capability, High/NTP ceiling (MW/1000), floored at existing+commissioned",2026-06-25,Konstantin Loffler <kl@wip.tu-berlin.de>
Canada,WECC,Power,2028,3.221408,,GW,"IC transfer capability, High/NTP ceiling (MW/1000), floored at existing+commissioned",2026-06-25,Konstantin Loffler <kl@wip.tu-berlin.de>
Canada,WECC,Power,2029,3.245568,,GW,"IC transfer capability, High/NTP ceiling (MW/1000), floored at existing+commissioned",2026-06-25,Konstantin Loffler <kl@wip.tu-berlin.de>
Canada,WECC,Power,2030,3.26991,,GW,"IC transfer capability, High/NTP ceiling (MW/1000), floored at existing+commissioned",2026-06-25,Konstantin Loffler <kl@wip.tu-berlin.de>
Canada,WECC,Power,2031,3.294435,,GW,"IC transfer capability, High/NTP ceiling (MW/1000), floored at existing+commissioned",2026-06-25,Konstantin Loffler <kl@wip.tu-berlin.de>
Canada,WECC,Power,2032,3.319143,,GW,"IC transfer capability, High/NTP ceiling (MW/1000), floored at existing+commissioned",2026-06-25,Konstantin Loffler <kl@wip.tu-berlin.de>
Canada,WECC,Power,2033,3.344036,,GW,"IC transfer capability, High/NTP ceiling (MW/1000), floored at existing+commissioned",2026-06-25,Konstantin Loffler <kl@wip.tu-berlin.de>
Canada,WECC,Power,2034,3.369117,,GW,"IC transfer capability, High/NTP ceiling (MW/1000), floored at existing+commissioned",2026-06-25,Konstantin Loffler <kl@wip.tu-berlin.de>
Canada,WECC,Power,2035,3.394385,,GW,"IC transfer capability, High/NTP ceiling (MW/1000), floored at existing+commissioned",2026-06-25,Konstantin Loffler <kl@wip.tu-berlin.de>
Canada,WECC,Power,2036,3.419843,,GW,"IC transfer capability, High/NTP ceiling (MW/1000), floored at existing+commissioned",2026-06-25,Konstantin Loffler <kl@wip.tu-berlin.de>
Canada,WECC,Power,2037,3.445492,,GW,"IC transfer capability, High/NTP ceiling (MW/1000), floored at existing+commissioned",2026-06-25,Konstantin Loffler <kl@wip.tu-berlin.de>
Canada,WECC,Power,2038,3.45,,GW,"IC transfer capability, High/NTP ceiling (MW/1000), floored at existing+commissioned",2026-06-25,Konstantin Loffler <kl@wip.tu-berlin.de>
Canada,WECC,Power,2039,3.45,,GW,"IC transfer capability, High/NTP ceiling (MW/1000), floored at existing+commissioned",2026-06-25,Konstantin Loffler <kl@wip.tu-berlin.de>
Canada,WECC,Power,2040,3.45,,GW,"IC transfer capability, High/NTP ceiling (MW/1000), floored at existing+commissioned",2026-06-25,Konstantin Loffler <kl@wip.tu-berlin.de>
ERCOT,MISO,Power,2025,0.0,,GW,"IC transfer capability, High/NTP ceiling (MW/1000), floored at existing+commissioned",2026-06-25,Konstantin Loffler <kl@wip.tu-berlin.de>
ERCOT,MISO,Power,2026,1.1092,,GW,"IC transfer capability, High/NTP ceiling (MW/1000), floored at existing+commissioned",2026-06-25,Konstantin Loffler <kl@wip.tu-berlin.de>
ERCOT,MISO,Power,2027,2.030113,,GW,"IC transfer capability, High/NTP ceiling (MW/1000), floored at existing+commissioned",2026-06-25,Konstantin Loffler <kl@wip.tu-berlin.de>
ERCOT,MISO,Power,2028,2.045338,,GW,"IC transfer capability, High/NTP ceiling (MW/1000), floored at existing+commissioned",2026-06-25,Konstantin Loffler <kl@wip.tu-berlin.de>
ERCOT,MISO,Power,2029,2.060678,,GW,"IC transfer capability, High/NTP ceiling (MW/1000), floored at existing+commissioned",2026-06-25,Konstantin Loffler <kl@wip.tu-berlin.de>
ERCOT,MISO,Power,2030,2.076133,,GW,"IC transfer capability, High/NTP ceiling (MW/1000), floored at existing+commissioned",2026-06-25,Konstantin Loffler <kl@wip.tu-berlin.de>
ERCOT,MISO,Power,2031,2.091704,,GW,"IC transfer capability, High/NTP ceiling (MW/1000), floored at existing+commissioned",2026-06-25,Konstantin Loffler <kl@wip.tu-berlin.de>
ERCOT,MISO,Power,2032,2.107392,,GW,"IC transfer capability, High/NTP ceiling (MW/1000), floored at existing+commissioned",2026-06-25,Konstantin Loffler <kl@wip.tu-berlin.de>
ERCOT,MISO,Power,2033,2.123198,,GW,"IC transfer capability, High/NTP ceiling (MW/1000), floored at existing+commissioned",2026-06-25,Konstantin Loffler <kl@wip.tu-berlin.de>
ERCOT,MISO,Power,2034,2.139122,,GW,"IC transfer capability, High/NTP ceiling (MW/1000), floored at existing+commissioned",2026-06-25,Konstantin Loffler <kl@wip.tu-berlin.de>
ERCOT,MISO,Power,2035,2.155165,,GW,"IC transfer capability, High/NTP ceiling (MW/1000), floored at existing+commissioned",2026-06-25,Konstantin Loffler <kl@wip.tu-berlin.de>
ERCOT,MISO,Power,2036,2.171329,,GW,"IC transfer capability, High/NTP ceiling (MW/1000), floored at existing+commissioned",2026-06-25,Konstantin Loffler <kl@wip.tu-berlin.de>
ERCOT,MISO,Power,2037,2.187614,,GW,"IC transfer capability, High/NTP ceiling (MW/1000), floored at existing+commissioned",2026-06-25,Konstantin Loffler <kl@wip.tu-berlin.de>
ERCOT,MISO,Power,2038,2.204021,,GW,"IC transfer capability, High/NTP ceiling (MW/1000), floored at existing+commissioned",2026-06-25,Konstantin Loffler <kl@wip.tu-berlin.de>
ERCOT,MISO,Power,2039,2.220551,,GW,"IC transfer capability, High/NTP ceiling (MW/1000), floored at existing+commissioned",2026-06-25,Konstantin Loffler <kl@wip.tu-berlin.de>
ERCOT,MISO,Power,2040,2.237205,,GW,"IC transfer capability, High/NTP ceiling (MW/1000), floored at existing+commissioned",2026-06-25,Konstantin Loffler <kl@wip.tu-berlin.de>
ERCOT,SERC,Power,2025,0.0,,GW,"IC transfer capability, High/NTP ceiling (MW/1000), floored at existing+commissioned",2026-06-25,Konstantin Loffler <kl@wip.tu-berlin.de>
ERCOT,SERC,Power,2026,0.0,,GW,"IC transfer capability, High/NTP ceiling (MW/1000), floored at existing+commissioned",2026-06-25,Konstantin Loffler <kl@wip.tu-berlin.de>
ERCOT,SERC,Power,2027,0.0,,GW,"IC transfer capability, High/NTP ceiling (MW/1000), floored at existing+commissioned",2026-06-25,Konstantin Loffler <kl@wip.tu-berlin.de>
ERCOT,SERC,Power,2028,0.0,,GW,"IC transfer capability, High/NTP ceiling (MW/1000), floored at existing+commissioned",2026-06-25,Konstantin Loffler <kl@wip.tu-berlin.de>
ERCOT,SERC,Power,2029,0.0,,GW,"IC transfer capability, High/NTP ceiling (MW/1000), floored at existing+commissioned",2026-06-25,Konstantin Loffler <kl@wip.tu-berlin.de>
ERCOT,SERC,Power,2030,0.0,,GW,"IC transfer capability, High/NTP ceiling (MW/1000), floored at existing+commissioned",2026-06-25,Konstantin Loffler <kl@wip.tu-berlin.de>
ERCOT,SERC,Power,2031,0.0,,GW,"IC transfer capability, High/NTP ceiling (MW/1000), floored at existing+commissioned",2026-06-25,Konstantin Loffler <kl@wip.tu-berlin.de>
ERCOT,SERC,Power,2032,0.0,,GW,"IC transfer capability, High/NTP ceiling (MW/1000), floored at existing+commissioned",2026-06-25,Konstantin Loffler <kl@wip.tu-berlin.de>
ERCOT,SERC,Power,2033,0.0,,GW,"IC transfer capability, High/NTP ceiling (MW/1000), floored at existing+commissioned",2026-06-25,Konstantin Loffler <kl@wip.tu-berlin.de>
ERCOT,SERC,Power,2034,0.0,,GW,"IC transfer capability, High/NTP ceiling (MW/1000), floored at existing+commissioned",2026-06-25,Konstantin Loffler <kl@wip.tu-berlin.de>
ERCOT,SERC,Power,2035,0.0,,GW,"IC transfer capability, High/NTP ceiling (MW/1000), floored at existing+commissioned",2026-06-25,Konstantin Loffler <kl@wip.tu-berlin.de>
ERCOT,SERC,Power,2036,0.0,,GW,"IC transfer capability, High/NTP ceiling (MW/1000), floored at existing+commissioned",2026-06-25,Konstantin Loffler <kl@wip.tu-berlin.de>
ERCOT,SERC,Power,2037,0.0,,GW,"IC transfer capability, High/NTP ceiling (MW/1000), floored at existing+commissioned",2026-06-25,Konstantin Loffler <kl@wip.tu-berlin.de>
ERCOT,SERC,Power,2038,0.0,,GW,"IC transfer capability, High/NTP ceiling (MW/1000), floored at existing+commissioned",2026-06-25,Konstantin Loffler <kl@wip.tu-berlin.de>
ERCOT,SERC,Power,2039,0.0,,GW,"IC transfer capability, High/NTP ceiling (MW/1000), floored at existing+commissioned",2026-06-25,Konstantin Loffler <kl@wip.tu-berlin.de>
ERCOT,SERC,Power,2040,0.0,,GW,"IC transfer capability, High/NTP ceiling (MW/1000), floored at existing+commissioned",2026-06-25,Konstantin Loffler <kl@wip.tu-berlin.de>
ERCOT,SPP,Power,2025,3.0,,GW,"IC transfer capability, High/NTP ceiling (MW/1000), floored at existing+commissioned",2026-06-25,Konstantin Loffler <kl@wip.tu-berlin.de>
ERCOT,SPP,Power,2026,3.0225,,GW,"IC transfer capability, High/NTP ceiling (MW/1000), floored at existing+commissioned",2026-06-25,Konstantin Loffler <kl@wip.tu-berlin.de>
ERCOT,SPP,Power,2027,3.045169,,GW,"IC transfer capability, High/NTP ceiling (MW/1000), floored at existing+commissioned",2026-06-25,Konstantin Loffler <kl@wip.tu-berlin.de>
ERCOT,SPP,Power,2028,3.068008,,GW,"IC transfer capability, High/NTP ceiling (MW/1000), floored at existing+commissioned",2026-06-25,Konstantin Loffler <kl@wip.tu-berlin.de>
ERCOT,SPP,Power,2029,3.091018,,GW,"IC transfer capability, High/NTP ceiling (MW/1000), floored at existing+commissioned",2026-06-25,Konstantin Loffler <kl@wip.tu-berlin.de>
ERCOT,SPP,Power,2030,3.1142,,GW,"IC transfer capability, High/NTP ceiling (MW/1000), floored at existing+commissioned",2026-06-25,Konstantin Loffler <kl@wip.tu-berlin.de>
ERCOT,SPP,Power,2031,3.137557,,GW,"IC transfer capability, High/NTP ceiling (MW/1000), floored at existing+commissioned",2026-06-25,Konstantin Loffler <kl@wip.tu-berlin.de>
ERCOT,SPP,Power,2032,3.161088,,GW,"IC transfer capability, High/NTP ceiling (MW/1000), floored at existing+commissioned",2026-06-25,Konstantin Loffler <kl@wip.tu-berlin.de>
ERCOT,SPP,Power,2033,3.184797,,GW,"IC transfer capability, High/NTP ceiling (MW/1000), floored at existing+commissioned",2026-06-25,Konstantin Loffler <kl@wip.tu-berlin.de>
ERCOT,SPP,Power,2034,3.208683,,GW,"IC transfer capability, High/NTP ceiling (MW/1000), floored at existing+commissioned",2026-06-25,Konstantin Loffler <kl@wip.tu-berlin.de>
ERCOT,SPP,Power,2035,3.232748,,GW,"IC transfer capability, High/NTP ceiling (MW/1000), floored at existing+commissioned",2026-06-25,Konstantin Loffler <kl@wip.tu-berlin.de>
ERCOT,SPP,Power,2036,3.256993,,GW,"IC transfer capability, High/NTP ceiling (MW/1000), floored at existing+commissioned",2026-06-25,Konstantin Loffler <kl@wip.tu-berlin.de>
ERCOT,SPP,Power,2037,3.281421,,GW,"IC transfer capability, High/NTP ceiling (MW/1000), floored at existing+commissioned",2026-06-25,Konstantin Loffler <kl@wip.tu-berlin.de>
ERCOT,SPP,Power,2038,3.306031,,GW,"IC transfer capability, High/NTP ceiling (MW/1000), floored at existing+commissioned",2026-06-25,Konstantin Loffler <kl@wip.tu-berlin.de>
ERCOT,SPP,Power,2039,3.330827,,GW,"IC transfer capability, High/NTP ceiling (MW/1000), floored at existing+commissioned",2026-06-25,Konstantin Loffler <kl@wip.tu-berlin.de>
ERCOT,SPP,Power,2040,3.355808,,GW,"IC transfer capability, High/NTP ceiling (MW/1000), floored at existing+commissioned",2026-06-25,Konstantin Loffler <kl@wip.tu-berlin.de>
ERCOT,WECC,Power,2025,0.0,,GW,"IC transfer capability, High/NTP ceiling (MW/1000), floored at existing+commissioned",2026-06-25,Konstantin Loffler <kl@wip.tu-berlin.de>
ERCOT,WECC,Power,2026,2.015,,GW,"IC transfer capability, High/NTP ceiling (MW/1000), floored at existing+commissioned",2026-06-25,Konstantin Loffler <kl@wip.tu-berlin.de>
ERCOT,WECC,Power,2027,2.030113,,GW,"IC transfer capability, High/NTP ceiling (MW/1000), floored at existing+commissioned",2026-06-25,Konstantin Loffler <kl@wip.tu-berlin.de>
ERCOT,WECC,Power,2028,2.045338,,GW,"IC transfer capability, High/NTP ceiling (MW/1000), floored at existing+commissioned",2026-06-25,Konstantin Loffler <kl@wip.tu-berlin.de>
ERCOT,WECC,Power,2029,2.060678,,GW,"IC transfer capability, High/NTP ceiling (MW/1000), floored at existing+commissioned",2026-06-25,Konstantin Loffler <kl@wip.tu-berlin.de>
ERCOT,WECC,Power,2030,2.076133,,GW,"IC transfer capability, High/NTP ceiling (MW/1000), floored at existing+commissioned",2026-06-25,Konstantin Loffler <kl@wip.tu-berlin.de>
ERCOT,WECC,Power,2031,2.091704,,GW,"IC transfer capability, High/NTP ceiling (MW/1000), floored at existing+commissioned",2026-06-25,Konstantin Loffler <kl@wip.tu-berlin.de>
ERCOT,WECC,Power,2032,2.107392,,GW,"IC transfer capability, High/NTP ceiling (MW/1000), floored at existing+commissioned",2026-06-25,Konstantin Loffler <kl@wip.tu-berlin.de>
ERCOT,WECC,Power,2033,2.123198,,GW,"IC transfer capability, High/NTP ceiling (MW/1000), floored at existing+commissioned",2026-06-25,Konstantin Loffler <kl@wip.tu-berlin.de>
ERCOT,WECC,Power,2034,2.139122,,GW,"IC transfer capability, High/NTP ceiling (MW/1000), floored at existing+commissioned",2026-06-25,Konstantin Loffler <kl@wip.tu-berlin.de>
ERCOT,WECC,Power,2035,2.155165,,GW,"IC transfer capability, High/NTP ceiling (MW/1000), floored at existing+commissioned",2026-06-25,Konstantin Loffler <kl@wip.tu-berlin.de>
ERCOT,WECC,Power,2036,2.171329,,GW,"IC transfer capability, High/NTP ceiling (MW/1000), floored at existing+commissioned",2026-06-25,Konstantin Loffler <kl@wip.tu-berlin.de>
ERCOT,WECC,Power,2037,2.187614,,GW,"IC transfer capability, High/NTP ceiling (MW/1000), floored at existing+commissioned",2026-06-25,Konstantin Loffler <kl@wip.tu-berlin.de>
ERCOT,WECC,Power,2038,2.204021,,GW,"IC transfer capability, High/NTP ceiling (MW/1000), floored at existing+commissioned",2026-06-25,Konstantin Loffler <kl@wip.tu-berlin.de>
ERCOT,WECC,Power,2039,2.220551,,GW,"IC transfer capability, High/NTP ceiling (MW/1000), floored at existing+commissioned",2026-06-25,Konstantin Loffler <kl@wip.tu-berlin.de>
ERCOT,WECC,Power,2040,2.237205,,GW,"IC transfer capability, High/NTP ceiling (MW/1000), floored at existing+commissioned",2026-06-25,Konstantin Loffler <kl@wip.tu-berlin.de>
NewEngland,Canada,Power,2025,2.268,,GW,"IC transfer capability, High/NTP ceiling (MW/1000), floored at existing+commissioned",2026-06-25,Konstantin Loffler <kl@wip.tu-berlin.de>
NewEngland,Canada,Power,2026,2.28501,,GW,"IC transfer capability, High/NTP ceiling (MW/1000), floored at existing+commissioned",2026-06-25,Konstantin Loffler <kl@wip.tu-berlin.de>
NewEngland,Canada,Power,2027,2.302148,,GW,"IC transfer capability, High/NTP ceiling (MW/1000), floored at existing+commissioned",2026-06-25,Konstantin Loffler <kl@wip.tu-berlin.de>
NewEngland,Canada,Power,2028,2.319414,,GW,"IC transfer capability, High/NTP ceiling (MW/1000), floored at existing+commissioned",2026-06-25,Konstantin Loffler <kl@wip.tu-berlin.de>
NewEngland,Canada,Power,2029,2.336809,,GW,"IC transfer capability, High/NTP ceiling (MW/1000), floored at existing+commissioned",2026-06-25,Konstantin Loffler <kl@wip.tu-berlin.de>
NewEngland,Canada,Power,2030,2.354335,,GW,"IC transfer capability, High/NTP ceiling (MW/1000), floored at existing+commissioned",2026-06-25,Konstantin Loffler <kl@wip.tu-berlin.de>
NewEngland,Canada,Power,2031,2.371993,,GW,"IC transfer capability, High/NTP ceiling (MW/1000), floored at existing+commissioned",2026-06-25,Konstantin Loffler <kl@wip.tu-berlin.de>
NewEngland,Canada,Power,2032,2.389783,,GW,"IC transfer capability, High/NTP ceiling (MW/1000), floored at existing+commissioned",2026-06-25,Konstantin Loffler <kl@wip.tu-berlin.de>
NewEngland,Canada,Power,2033,2.407706,,GW,"IC transfer capability, High/NTP ceiling (MW/1000), floored at existing+commissioned",2026-06-25,Konstantin Loffler <kl@wip.tu-berlin.de>
NewEngland,Canada,Power,2034,2.425764,,GW,"IC transfer capability, High/NTP ceiling (MW/1000), floored at existing+commissioned",2026-06-25,Konstantin Loffler <kl@wip.tu-berlin.de>
NewEngland,Canada,Power,2035,2.443957,,GW,"IC transfer capability, High/NTP ceiling (MW/1000), floored at existing+commissioned",2026-06-25,Konstantin Loffler <kl@wip.tu-berlin.de>
NewEngland,Canada,Power,2036,2.462287,,GW,"IC transfer capability, High/NTP ceiling (MW/1000), floored at existing+commissioned",2026-06-25,Konstantin Loffler <kl@wip.tu-berlin.de>
NewEngland,Canada,Power,2037,2.480754,,GW,"IC transfer capability, High/NTP ceiling (MW/1000), floored at existing+commissioned",2026-06-25,Konstantin Loffler <kl@wip.tu-berlin.de>
NewEngland,Canada,Power,2038,2.49936,,GW,"IC transfer capability, High/NTP ceiling (MW/1000), floored at existing+commissioned",2026-06-25,Konstantin Loffler <kl@wip.tu-berlin.de>
NewEngland,Canada,Power,2039,2.518105,,GW,"IC transfer capability, High/NTP ceiling (MW/1000), floored at existing+commissioned",2026-06-25,Konstantin Loffler <kl@wip.tu-berlin.de>
NewEngland,Canada,Power,2040,2.536991,,GW,"IC transfer capability, High/NTP ceiling (MW/1000), floored at existing+commissioned",2026-06-25,Konstantin Loffler <kl@wip.tu-berlin.de>
NewEngland,NewYork,Power,2025,3.502,,GW,"IC transfer capability, High/NTP ceiling (MW/1000), floored at existing+commissioned",2026-06-25,Konstantin Loffler <kl@wip.tu-berlin.de>
NewEngland,NewYork,Power,2026,3.528265,,GW,"IC transfer capability, High/NTP ceiling (MW/1000), floored at existing+commissioned",2026-06-25,Konstantin Loffler <kl@wip.tu-berlin.de>
NewEngland,NewYork,Power,2027,3.554727,,GW,"IC transfer capability, High/NTP ceiling (MW/1000), floored at existing+commissioned",2026-06-25,Konstantin Loffler <kl@wip.tu-berlin.de>
NewEngland,NewYork,Power,2028,3.581387,,GW,"IC transfer capability, High/NTP ceiling (MW/1000), floored at existing+commissioned",2026-06-25,Konstantin Loffler <kl@wip.tu-berlin.de>
NewEngland,NewYork,Power,2029,3.608248,,GW,"IC transfer capability, High/NTP ceiling (MW/1000), floored at existing+commissioned",2026-06-25,Konstantin Loffler <kl@wip.tu-berlin.de>
NewEngland,NewYork,Power,2030,3.63531,,GW,"IC transfer capability, High/NTP ceiling (MW/1000), floored at existing+commissioned",2026-06-25,Konstantin Loffler <kl@wip.tu-berlin.de>
NewEngland,NewYork,Power,2031,3.662575,,GW,"IC transfer capability, High/NTP ceiling (MW/1000), floored at existing+commissioned",2026-06-25,Konstantin Loffler <kl@wip.tu-berlin.de>
NewEngland,NewYork,Power,2032,3.690044,,GW,"IC transfer capability, High/NTP ceiling (MW/1000), floored at existing+commissioned",2026-06-25,Konstantin Loffler <kl@wip.tu-berlin.de>
NewEngland,NewYork,Power,2033,3.717719,,GW,"IC transfer capability, High/NTP ceiling (MW/1000), floored at existing+commissioned",2026-06-25,Konstantin Loffler <kl@wip.tu-berlin.de>
NewEngland,NewYork,Power,2034,3.745602,,GW,"IC transfer capability, High/NTP ceiling (MW/1000), floored at existing+commissioned",2026-06-25,Konstantin Loffler <kl@wip.tu-berlin.de>
NewEngland,NewYork,Power,2035,3.773694,,GW,"IC transfer capability, High/NTP ceiling (MW/1000), floored at existing+commissioned",2026-06-25,Konstantin Loffler <kl@wip.tu-berlin.de>
NewEngland,NewYork,Power,2036,3.801997,,GW,"IC transfer capability, High/NTP ceiling (MW/1000), floored at existing+commissioned",2026-06-25,Konstantin Loffler <kl@wip.tu-berlin.de>
NewEngland,NewYork,Power,2037,3.830512,,GW,"IC transfer capability, High/NTP ceiling (MW/1000), floored at existing+commissioned",2026-06-25,Konstantin Loffler <kl@wip.tu-berlin.de>
NewEngland,NewYork,Power,2038,3.859241,,GW,"IC transfer capability, High/NTP ceiling (MW/1000), floored at existing+commissioned",2026-06-25,Konstantin Loffler <kl@wip.tu-berlin.de>
NewEngland,NewYork,Power,2039,3.888185,,GW,"IC transfer capability, High/NTP ceiling (MW/1000), floored at existing+commissioned",2026-06-25,Konstantin Loffler <kl@wip.tu-berlin.de>
NewEngland,NewYork,Power,2040,3.917346,,GW,"IC transfer capability, High/NTP ceiling (MW/1000), floored at existing+commissioned",2026-06-25,Konstantin Loffler <kl@wip.tu-berlin.de>
MISO,Canada,Power,2025,4.821,,GW,"IC transfer capability, High/NTP ceiling (MW/1000), floored at existing+commissioned",2026-06-25,Konstantin Loffler <kl@wip.tu-berlin.de>
MISO,Canada,Power,2026,4.857158,,GW,"IC transfer capability, High/NTP ceiling (MW/1000), floored at existing+commissioned",2026-06-25,Konstantin Loffler <kl@wip.tu-berlin.de>
MISO,Canada,Power,2027,4.893586,,GW,"IC transfer capability, High/NTP ceiling (MW/1000), floored at existing+commissioned",2026-06-25,Konstantin Loffler <kl@wip.tu-berlin.de>
MISO,Canada,Power,2028,4.930288,,GW,"IC transfer capability, High/NTP ceiling (MW/1000), floored at existing+commissioned",2026-06-25,Konstantin Loffler <kl@wip.tu-berlin.de>
MISO,Canada,Power,2029,4.967265,,GW,"IC transfer capability, High/NTP ceiling (MW/1000), floored at existing+commissioned",2026-06-25,Konstantin Loffler <kl@wip.tu-berlin.de>
MISO,Canada,Power,2030,5.00452,,GW,"IC transfer capability, High/NTP ceiling (MW/1000), floored at existing+commissioned",2026-06-25,Konstantin Loffler <kl@wip.tu-berlin.de>
MISO,Canada,Power,2031,5.042054,,GW,"IC transfer capability, High/NTP ceiling (MW/1000), floored at existing+commissioned",2026-06-25,Konstantin Loffler <kl@wip.tu-berlin.de>
MISO,Canada,Power,2032,5.045,,GW,"IC transfer capability, High/NTP ceiling (MW/1000), floored at existing+commissioned",2026-06-25,Konstantin Loffler <kl@wip.tu-berlin.de>
MISO,Canada,Power,2033,5.045,,GW,"IC transfer capability, High/NTP ceiling (MW/1000), floored at existing+commissioned",2026-06-25,Konstantin Loffler <kl@wip.tu-berlin.de>
MISO,Canada,Power,2034,5.045,,GW,"IC transfer capability, High/NTP ceiling (MW/1000), floored at existing+commissioned",2026-06-25,Konstantin Loffler <kl@wip.tu-berlin.de>
MISO,Canada,Power,2035,5.045,,GW,"IC transfer capability, High/NTP ceiling (MW/1000), floored at existing+commissioned",2026-06-25,Konstantin Loffler <kl@wip.tu-berlin.de>
MISO,Canada,Power,2036,5.045,,GW,"IC transfer capability, High/NTP ceiling (MW/1000), floored at existing+commissioned",2026-06-25,Konstantin Loffler <kl@wip.tu-berlin.de>
MISO,Canada,Power,2037,5.045,,GW,"IC transfer capability, High/NTP ceiling (MW/1000), floored at existing+commissioned",2026-06-25,Konstantin Loffler <kl@wip.tu-berlin.de>
MISO,Canada,Power,2038,5.045,,GW,"IC transfer capability, High/NTP ceiling (MW/1000), floored at existing+commissioned",2026-06-25,Konstantin Loffler <kl@wip.tu-berlin.de>
MISO,Canada,Power,2039,5.045,,GW,"IC transfer capability, High/NTP ceiling (MW/1000), floored at existing+commissioned",2026-06-25,Konstantin Loffler <kl@wip.tu-berlin.de>
MISO,Canada,Power,2040,5.045,,GW,"IC transfer capability, High/NTP ceiling (MW/1000), floored at existing+commissioned",2026-06-25,Konstantin Loffler <kl@wip.tu-berlin.de>
MISO,ERCOT,Power,2025,0.0,,GW,"IC transfer capability, High/NTP ceiling (MW/1000), floored at existing+commissioned",2026-06-25,Konstantin Loffler <kl@wip.tu-berlin.de>
MISO,ERCOT,Power,2026,1.1092,,GW,"IC transfer capability, High/NTP ceiling (MW/1000), floored at existing+commissioned",2026-06-25,Konstantin Loffler <kl@wip.tu-berlin.de>
MISO,ERCOT,Power,2027,2.030113,,GW,"IC transfer capability, High/NTP ceiling (MW/1000), floored at existing+commissioned",2026-06-25,Konstantin Loffler <kl@wip.tu-berlin.de>
MISO,ERCOT,Power,2028,2.045338,,GW,"IC transfer capability, High/NTP ceiling (MW/1000), floored at existing+commissioned",2026-06-25,Konstantin Loffler <kl@wip.tu-berlin.de>
MISO,ERCOT,Power,2029,2.060678,,GW,"IC transfer capability, High/NTP ceiling (MW/1000), floored at existing+commissioned",2026-06-25,Konstantin Loffler <kl@wip.tu-berlin.de>
MISO,ERCOT,Power,2030,2.076133,,GW,"IC transfer capability, High/NTP ceiling (MW/1000), floored at existing+commissioned",2026-06-25,Konstantin Loffler <kl@wip.tu-berlin.de>
MISO,ERCOT,Power,2031,2.091704,,GW,"IC transfer capability, High/NTP ceiling (MW/1000), floored at existing+commissioned",2026-06-25,Konstantin Loffler <kl@wip.tu-berlin.de>
MISO,ERCOT,Power,2032,2.107392,,GW,"IC transfer capability, High/NTP ceiling (MW/1000), floored at existing+commissioned",2026-06-25,Konstantin Loffler <kl@wip.tu-berlin.de>
MISO,ERCOT,Power,2033,2.123198,,GW,"IC transfer capability, High/NTP ceiling (MW/1000), floored at existing+commissioned",2026-06-25,Konstantin Loffler <kl@wip.tu-berlin.de>
MISO,ERCOT,Power,2034,2.139122,,GW,"IC transfer capability, High/NTP ceiling (MW/1000), floored at existing+commissioned",2026-06-25,Konstantin Loffler <kl@wip.tu-berlin.de>
MISO,ERCOT,Power,2035,2.155165,,GW,"IC transfer capability, High/NTP ceiling (MW/1000), floored at existing+commissioned",2026-06-25,Konstantin Loffler <kl@wip.tu-berlin.de>
MISO,ERCOT,Power,2036,2.171329,,GW,"IC transfer capability, High/NTP ceiling (MW/1000), floored at existing+commissioned",2026-06-25,Konstantin Loffler <kl@wip.tu-berlin.de>
MISO,ERCOT,Power,2037,2.187614,,GW,"IC transfer capability, High/NTP ceiling (MW/1000), floored at existing+commissioned",2026-06-25,Konstantin Loffler <kl@wip.tu-berlin.de>
MISO,ERCOT,Power,2038,2.204021,,GW,"IC transfer capability, High/NTP ceiling (MW/1000), floored at existing+commissioned",2026-06-25,Konstantin Loffler <kl@wip.tu-berlin.de>
MISO,ERCOT,Power,2039,2.220551,,GW,"IC transfer capability, High/NTP ceiling (MW/1000), floored at existing+commissioned",2026-06-25,Konstantin Loffler <kl@wip.tu-berlin.de>
MISO,ERCOT,Power,2040,2.237205,,GW,"IC transfer capability, High/NTP ceiling (MW/1000), floored at existing+commissioned",2026-06-25,Konstantin Loffler <kl@wip.tu-berlin.de>
MISO,PJM,Power,2025,2.0,,GW,"IC transfer capability, High/NTP ceiling (MW/1000), floored at existing+commissioned",2026-06-25,Konstantin Loffler <kl@wip.tu-berlin.de>
MISO,PJM,Power,2026,2.015,,GW,"IC transfer capability, High/NTP ceiling (MW/1000), floored at existing+commissioned",2026-06-25,Konstantin Loffler <kl@wip.tu-berlin.de>
MISO,PJM,Power,2027,2.030113,,GW,"IC transfer capability, High/NTP ceiling (MW/1000), floored at existing+commissioned",2026-06-25,Konstantin Loffler <kl@wip.tu-berlin.de>
MISO,PJM,Power,2028,2.045338,,GW,"IC transfer capability, High/NTP ceiling (MW/1000), floored at existing+commissioned",2026-06-25,Konstantin Loffler <kl@wip.tu-berlin.de>
MISO,PJM,Power,2029,2.1,,GW,"IC transfer capability, High/NTP ceiling (MW/1000), floored at existing+commissioned",2026-06-25,Konstantin Loffler <kl@wip.tu-berlin.de>
MISO,PJM,Power,2030,2.1,,GW,"IC transfer capability, High/NTP ceiling (MW/1000), floored at existing+commissioned",2026-06-25,Konstantin Loffler <kl@wip.tu-berlin.de>
MISO,PJM,Power,2031,2.1,,GW,"IC transfer capability, High/NTP ceiling (MW/1000), floored at existing+commissioned",2026-06-25,Konstantin Loffler <kl@wip.tu-berlin.de>
MISO,PJM,Power,2032,2.107392,,GW,"IC transfer capability, High/NTP ceiling (MW/1000), floored at existing+commissioned",2026-06-25,Konstantin Loffler <kl@wip.tu-berlin.de>
MISO,PJM,Power,2033,2.123198,,GW,"IC transfer capability, High/NTP ceiling (MW/1000), floored at existing+commissioned",2026-06-25,Konstantin Loffler <kl@wip.tu-berlin.de>
MISO,PJM,Power,2034,2.139122,,GW,"IC transfer capability, High/NTP ceiling (MW/1000), floored at existing+commissioned",2026-06-25,Konstantin Loffler <kl@wip.tu-berlin.de>
MISO,PJM,Power,2035,2.155165,,GW,"IC transfer capability, High/NTP ceiling (MW/1000), floored at existing+commissioned",2026-06-25,Konstantin Loffler <kl@wip.tu-berlin.de>
MISO,PJM,Power,2036,2.171329,,GW,"IC transfer capability, High/NTP ceiling (MW/1000), floored at existing+commissioned",2026-06-25,Konstantin Loffler <kl@wip.tu-berlin.de>
MISO,PJM,Power,2037,2.187614,,GW,"IC transfer capability, High/NTP ceiling (MW/1000), floored at existing+commissioned",2026-06-25,Konstantin Loffler <kl@wip.tu-berlin.de>
MISO,PJM,Power,2038,2.204021,,GW,"IC transfer capability, High/NTP ceiling (MW/1000), floored at existing+commissioned",2026-06-25,Konstantin Loffler <kl@wip.tu-berlin.de>
MISO,PJM,Power,2039,2.220551,,GW,"IC transfer capability, High/NTP ceiling (MW/1000), floored at existing+commissioned",2026-06-25,Konstantin Loffler <kl@wip.tu-berlin.de>
MISO,PJM,Power,2040,2.237205,,GW,"IC transfer capability, High/NTP ceiling (MW/1000), floored at existing+commissioned",2026-06-25,Konstantin Loffler <kl@wip.tu-berlin.de>
MISO,SERC,Power,2025,3.111,,GW,"IC transfer capability, High/NTP ceiling (MW/1000), floored at existing+commissioned",2026-06-25,Konstantin Loffler <kl@wip.tu-berlin.de>
MISO,SERC,Power,2026,3.134333,,GW,"IC transfer capability, High/NTP ceiling (MW/1000), floored at existing+commissioned",2026-06-25,Konstantin Loffler <kl@wip.tu-berlin.de>
MISO,SERC,Power,2027,3.15784,,GW,"IC transfer capability, High/NTP ceiling (MW/1000), floored at existing+commissioned",2026-06-25,Konstantin Loffler <kl@wip.tu-berlin.de>
MISO,SERC,Power,2028,3.181524,,GW,"IC transfer capability, High/NTP ceiling (MW/1000), floored at existing+commissioned",2026-06-25,Konstantin Loffler <kl@wip.tu-berlin.de>
MISO,SERC,Power,2029,3.205385,,GW,"IC transfer capability, High/NTP ceiling (MW/1000), floored at existing+commissioned",2026-06-25,Konstantin Loffler <kl@wip.tu-berlin.de>
MISO,SERC,Power,2030,3.229426,,GW,"IC transfer capability, High/NTP ceiling (MW/1000), floored at existing+commissioned",2026-06-25,Konstantin Loffler <kl@wip.tu-berlin.de>
MISO,SERC,Power,2031,3.253646,,GW,"IC transfer capability, High/NTP ceiling (MW/1000), floored at existing+commissioned",2026-06-25,Konstantin Loffler <kl@wip.tu-berlin.de>
MISO,SERC,Power,2032,3.278049,,GW,"IC transfer capability, High/NTP ceiling (MW/1000), floored at existing+commissioned",2026-06-25,Konstantin Loffler <kl@wip.tu-berlin.de>
MISO,SERC,Power,2033,3.302634,,GW,"IC transfer capability, High/NTP ceiling (MW/1000), floored at existing+commissioned",2026-06-25,Konstantin Loffler <kl@wip.tu-berlin.de>
MISO,SERC,Power,2034,3.327404,,GW,"IC transfer capability, High/NTP ceiling (MW/1000), floored at existing+commissioned",2026-06-25,Konstantin Loffler <kl@wip.tu-berlin.de>
MISO,SERC,Power,2035,3.352359,,GW,"IC transfer capability, High/NTP ceiling (MW/1000), floored at existing+commissioned",2026-06-25,Konstantin Loffler <kl@wip.tu-berlin.de>
MISO,SERC,Power,2036,3.377502,,GW,"IC transfer capability, High/NTP ceiling (MW/1000), floored at existing+commissioned",2026-06-25,Konstantin Loffler <kl@wip.tu-berlin.de>
MISO,SERC,Power,2037,3.402833,,GW,"IC transfer capability, High/NTP ceiling (MW/1000), floored at existing+commissioned",2026-06-25,Konstantin Loffler <kl@wip.tu-berlin.de>
MISO,SERC,Power,2038,3.428355,,GW,"IC transfer capability, High/NTP ceiling (MW/1000), floored at existing+commissioned",2026-06-25,Konstantin Loffler <kl@wip.tu-berlin.de>
MISO,SERC,Power,2039,3.454067,,GW,"IC transfer capability, High/NTP ceiling (MW/1000), floored at existing+commissioned",2026-06-25,Konstantin Loffler <kl@wip.tu-berlin.de>
MISO,SERC,Power,2040,3.479973,,GW,"IC transfer capability, High/NTP ceiling (MW/1000), floored at existing+commissioned",2026-06-25,Konstantin Loffler <kl@wip.tu-berlin.de>
MISO,SPP,Power,2025,4.382,,GW,"IC transfer capability, High/NTP ceiling (MW/1000), floored at existing+commissioned",2026-06-25,Konstantin Loffler <kl@wip.tu-berlin.de>
MISO,SPP,Power,2026,4.414865,,GW,"IC transfer capability, High/NTP ceiling (MW/1000), floored at existing+commissioned",2026-06-25,Konstantin Loffler <kl@wip.tu-berlin.de>
MISO,SPP,Power,2027,4.447976,,GW,"IC transfer capability, High/NTP ceiling (MW/1000), floored at existing+commissioned",2026-06-25,Konstantin Loffler <kl@wip.tu-berlin.de>
MISO,SPP,Power,2028,4.481336,,GW,"IC transfer capability, High/NTP ceiling (MW/1000), floored at existing+commissioned",2026-06-25,Konstantin Loffler <kl@wip.tu-berlin.de>
MISO,SPP,Power,2029,4.514946,,GW,"IC transfer capability, High/NTP ceiling (MW/1000), floored at existing+commissioned",2026-06-25,Konstantin Loffler <kl@wip.tu-berlin.de>
MISO,SPP,Power,2030,4.548808,,GW,"IC transfer capability, High/NTP ceiling (MW/1000), floored at existing+commissioned",2026-06-25,Konstantin Loffler <kl@wip.tu-berlin.de>
MISO,SPP,Power,2031,4.582924,,GW,"IC transfer capability, High/NTP ceiling (MW/1000), floored at existing+commissioned",2026-06-25,Konstantin Loffler <kl@wip.tu-berlin.de>
MISO,SPP,Power,2032,4.617296,,GW,"IC transfer capability, High/NTP ceiling (MW/1000), floored at existing+commissioned",2026-06-25,Konstantin Loffler <kl@wip.tu-berlin.de>
MISO,SPP,Power,2033,4.651926,,GW,"IC transfer capability, High/NTP ceiling (MW/1000), floored at existing+commissioned",2026-06-25,Konstantin Loffler <kl@wip.tu-berlin.de>
MISO,SPP,Power,2034,4.686816,,GW,"IC transfer capability, High/NTP ceiling (MW/1000), floored at existing+commissioned",2026-06-25,Konstantin Loffler <kl@wip.tu-berlin.de>
MISO,SPP,Power,2035,4.721967,,GW,"IC transfer capability, High/NTP ceiling (MW/1000), floored at existing+commissioned",2026-06-25,Konstantin Loffler <kl@wip.tu-berlin.de>
MISO,SPP,Power,2036,4.757381,,GW,"IC transfer capability, High/NTP ceiling (MW/1000), floored at existing+commissioned",2026-06-25,Konstantin Loffler <kl@wip.tu-berlin.de>
MISO,SPP,Power,2037,4.793062,,GW,"IC transfer capability, High/NTP ceiling (MW/1000), floored at existing+commissioned",2026-06-25,Konstantin Loffler <kl@wip.tu-berlin.de>
MISO,SPP,Power,2038,4.82901,,GW,"IC transfer capability, High/NTP ceiling (MW/1000), floored at existing+commissioned",2026-06-25,Konstantin Loffler <kl@wip.tu-berlin.de>
MISO,SPP,Power,2039,4.865227,,GW,"IC transfer capability, High/NTP ceiling (MW/1000), floored at existing+commissioned",2026-06-25,Konstantin Loffler <kl@wip.tu-berlin.de>
MISO,SPP,Power,2040,4.901717,,GW,"IC transfer capability, High/NTP ceiling (MW/1000), floored at existing+commissioned",2026-06-25,Konstantin Loffler <kl@wip.tu-berlin.de>
MISO,WECC,Power,2025,0.0,,GW,"IC transfer capability, High/NTP ceiling (MW/1000), floored at existing+commissioned",2026-06-25,Konstantin Loffler <kl@wip.tu-berlin.de>
MISO,WECC,Power,2026,0.0,,GW,"IC transfer capability, High/NTP ceiling (MW/1000), floored at existing+commissioned",2026-06-25,Konstantin Loffler <kl@wip.tu-berlin.de>
MISO,WECC,Power,2027,0.0,,GW,"IC transfer capability, High/NTP ceiling (MW/1000), floored at existing+commissioned",2026-06-25,Konstantin Loffler <kl@wip.tu-berlin.de>
MISO,WECC,Power,2028,0.0,,GW,"IC transfer capability, High/NTP ceiling (MW/1000), floored at existing+commissioned",2026-06-25,Konstantin Loffler <kl@wip.tu-berlin.de>
MISO,WECC,Power,2029,0.0,,GW,"IC transfer capability, High/NTP ceiling (MW/1000), floored at existing+commissioned",2026-06-25,Konstantin Loffler <kl@wip.tu-berlin.de>
MISO,WECC,Power,2030,0.0,,GW,"IC transfer capability, High/NTP ceiling (MW/1000), floored at existing+commissioned",2026-06-25,Konstantin Loffler <kl@wip.tu-berlin.de>
MISO,WECC,Power,2031,0.66,,GW,"IC transfer capability, High/NTP ceiling (MW/1000), floored at existing+commissioned",2026-06-25,Konstantin Loffler <kl@wip.tu-berlin.de>
MISO,WECC,Power,2032,3.0,,GW,"IC transfer capability, High/NTP ceiling (MW/1000), floored at existing+commissioned",2026-06-25,Konstantin Loffler <kl@wip.tu-berlin.de>
MISO,WECC,Power,2033,3.0,,GW,"IC transfer capability, High/NTP ceiling (MW/1000), floored at existing+commissioned",2026-06-25,Konstantin Loffler <kl@wip.tu-berlin.de>
MISO,WECC,Power,2034,3.0,,GW,"IC transfer capability, High/NTP ceiling (MW/1000), floored at existing+commissioned",2026-06-25,Konstantin Loffler <kl@wip.tu-berlin.de>
MISO,WECC,Power,2035,3.0,,GW,"IC transfer capability, High/NTP ceiling (MW/1000), floored at existing+commissioned",2026-06-25,Konstantin Loffler <kl@wip.tu-berlin.de>
MISO,WECC,Power,2036,3.0,,GW,"IC transfer capability, High/NTP ceiling (MW/1000), floored at existing+commissioned",2026-06-25,Konstantin Loffler <kl@wip.tu-berlin.de>
MISO,WECC,Power,2037,3.0,,GW,"IC transfer capability, High/NTP ceiling (MW/1000), floored at existing+commissioned",2026-06-25,Konstantin Loffler <kl@wip.tu-berlin.de>
MISO,WECC,Power,2038,3.0,,GW,"IC transfer capability, High/NTP ceiling (MW/1000), floored at existing+commissioned",2026-06-25,Konstantin Loffler <kl@wip.tu-berlin.de>
MISO,WECC,Power,2039,3.0,,GW,"IC transfer capability, High/NTP ceiling (MW/1000), floored at existing+commissioned",2026-06-25,Konstantin Loffler <kl@wip.tu-berlin.de>
MISO,WECC,Power,2040,3.0,,GW,"IC transfer capability, High/NTP ceiling (MW/1000), floored at existing+commissioned",2026-06-25,Konstantin Loffler <kl@wip.tu-berlin.de>
NewYork,Canada,Power,2025,6.421,,GW,"IC transfer capability, High/NTP ceiling (MW/1000), floored at existing+commissioned",2026-06-25,Konstantin Loffler <kl@wip.tu-berlin.de>
NewYork,Canada,Power,2026,6.421,,GW,"IC transfer capability, High/NTP ceiling (MW/1000), floored at existing+commissioned",2026-06-25,Konstantin Loffler <kl@wip.tu-berlin.de>
NewYork,Canada,Power,2027,6.421,,GW,"IC transfer capability, High/NTP ceiling (MW/1000), floored at existing+commissioned",2026-06-25,Konstantin Loffler <kl@wip.tu-berlin.de>
NewYork,Canada,Power,2028,6.421,,GW,"IC transfer capability, High/NTP ceiling (MW/1000), floored at existing+commissioned",2026-06-25,Konstantin Loffler <kl@wip.tu-berlin.de>
NewYork,Canada,Power,2029,6.421,,GW,"IC transfer capability, High/NTP ceiling (MW/1000), floored at existing+commissioned",2026-06-25,Konstantin Loffler <kl@wip.tu-berlin.de>
NewYork,Canada,Power,2030,6.421,,GW,"IC transfer capability, High/NTP ceiling (MW/1000), floored at existing+commissioned",2026-06-25,Konstantin Loffler <kl@wip.tu-berlin.de>
NewYork,Canada,Power,2031,6.421,,GW,"IC transfer capability, High/NTP ceiling (MW/1000), floored at existing+commissioned",2026-06-25,Konstantin Loffler <kl@wip.tu-berlin.de>
NewYork,Canada,Power,2032,6.421,,GW,"IC transfer capability, High/NTP ceiling (MW/1000), floored at existing+commissioned",2026-06-25,Konstantin Loffler <kl@wip.tu-berlin.de>
NewYork,Canada,Power,2033,6.421,,GW,"IC transfer capability, High/NTP ceiling (MW/1000), floored at existing+commissioned",2026-06-25,Konstantin Loffler <kl@wip.tu-berlin.de>
NewYork,Canada,Power,2034,6.421,,GW,"IC transfer capability, High/NTP ceiling (MW/1000), floored at existing+commissioned",2026-06-25,Konstantin Loffler <kl@wip.tu-berlin.de>
NewYork,Canada,Power,2035,6.421,,GW,"IC transfer capability, High/NTP ceiling (MW/1000), floored at existing+commissioned",2026-06-25,Konstantin Loffler <kl@wip.tu-berlin.de>
NewYork,Canada,Power,2036,6.421,,GW,"IC transfer capability, High/NTP ceiling (MW/1000), floored at existing+commissioned",2026-06-25,Konstantin Loffler <kl@wip.tu-berlin.de>
NewYork,Canada,Power,2037,6.421,,GW,"IC transfer capability, High/NTP ceiling (MW/1000), floored at existing+commissioned",2026-06-25,Konstantin Loffler <kl@wip.tu-berlin.de>
NewYork,Canada,Power,2038,6.421,,GW,"IC transfer capability, High/NTP ceiling (MW/1000), floored at existing+commissioned",2026-06-25,Konstantin Loffler <kl@wip.tu-berlin.de>
NewYork,Canada,Power,2039,6.421,,GW,"IC transfer capability, High/NTP ceiling (MW/1000), floored at existing+commissioned",2026-06-25,Konstantin Loffler <kl@wip.tu-berlin.de>
NewYork,Canada,Power,2040,6.421,,GW,"IC transfer capability, High/NTP ceiling (MW/1000), floored at existing+commissioned",2026-06-25,Konstantin Loffler <kl@wip.tu-berlin.de>
NewYork,NewEngland,Power,2025,3.02,,GW,"IC transfer capability, High/NTP ceiling (MW/1000), floored at existing+commissioned",2026-06-25,Konstantin Loffler <kl@wip.tu-berlin.de>
NewYork,NewEngland,Power,2026,3.04265,,GW,"IC transfer capability, High/NTP ceiling (MW/1000), floored at existing+commissioned",2026-06-25,Konstantin Loffler <kl@wip.tu-berlin.de>
NewYork,NewEngland,Power,2027,3.06547,,GW,"IC transfer capability, High/NTP ceiling (MW/1000), floored at existing+commissioned",2026-06-25,Konstantin Loffler <kl@wip.tu-berlin.de>
NewYork,NewEngland,Power,2028,3.088461,,GW,"IC transfer capability, High/NTP ceiling (MW/1000), floored at existing+commissioned",2026-06-25,Konstantin Loffler <kl@wip.tu-berlin.de>
NewYork,NewEngland,Power,2029,3.111624,,GW,"IC transfer capability, High/NTP ceiling (MW/1000), floored at existing+commissioned",2026-06-25,Konstantin Loffler <kl@wip.tu-berlin.de>
NewYork,NewEngland,Power,2030,3.134962,,GW,"IC transfer capability, High/NTP ceiling (MW/1000), floored at existing+commissioned",2026-06-25,Konstantin Loffler <kl@wip.tu-berlin.de>
NewYork,NewEngland,Power,2031,3.158474,,GW,"IC transfer capability, High/NTP ceiling (MW/1000), floored at existing+commissioned",2026-06-25,Konstantin Loffler <kl@wip.tu-berlin.de>
NewYork,NewEngland,Power,2032,3.182162,,GW,"IC transfer capability, High/NTP ceiling (MW/1000), floored at existing+commissioned",2026-06-25,Konstantin Loffler <kl@wip.tu-berlin.de>
NewYork,NewEngland,Power,2033,3.206029,,GW,"IC transfer capability, High/NTP ceiling (MW/1000), floored at existing+commissioned",2026-06-25,Konstantin Loffler <kl@wip.tu-berlin.de>
NewYork,NewEngland,Power,2034,3.230074,,GW,"IC transfer capability, High/NTP ceiling (MW/1000), floored at existing+commissioned",2026-06-25,Konstantin Loffler <kl@wip.tu-berlin.de>
NewYork,NewEngland,Power,2035,3.254299,,GW,"IC transfer capability, High/NTP ceiling (MW/1000), floored at existing+commissioned",2026-06-25,Konstantin Loffler <kl@wip.tu-berlin.de>
NewYork,NewEngland,Power,2036,3.278707,,GW,"IC transfer capability, High/NTP ceiling (MW/1000), floored at existing+commissioned",2026-06-25,Konstantin Loffler <kl@wip.tu-berlin.de>
NewYork,NewEngland,Power,2037,3.303297,,GW,"IC transfer capability, High/NTP ceiling (MW/1000), floored at existing+commissioned",2026-06-25,Konstantin Loffler <kl@wip.tu-berlin.de>
NewYork,NewEngland,Power,2038,3.328072,,GW,"IC transfer capability, High/NTP ceiling (MW/1000), floored at existing+commissioned",2026-06-25,Konstantin Loffler <kl@wip.tu-berlin.de>
NewYork,NewEngland,Power,2039,3.353032,,GW,"IC transfer capability, High/NTP ceiling (MW/1000), floored at existing+commissioned",2026-06-25,Konstantin Loffler <kl@wip.tu-berlin.de>
NewYork,NewEngland,Power,2040,3.37818,,GW,"IC transfer capability, High/NTP ceiling (MW/1000), floored at existing+commissioned",2026-06-25,Konstantin Loffler <kl@wip.tu-berlin.de>
NewYork,PJM,Power,2025,6.523,,GW,"IC transfer capability, High/NTP ceiling (MW/1000), floored at existing+commissioned",2026-06-25,Konstantin Loffler <kl@wip.tu-berlin.de>
NewYork,PJM,Power,2026,6.571923,,GW,"IC transfer capability, High/NTP ceiling (MW/1000), floored at existing+commissioned",2026-06-25,Konstantin Loffler <kl@wip.tu-berlin.de>
NewYork,PJM,Power,2027,6.604,,GW,"IC transfer capability, High/NTP ceiling (MW/1000), floored at existing+commissioned",2026-06-25,Konstantin Loffler <kl@wip.tu-berlin.de>
NewYork,PJM,Power,2028,6.604,,GW,"IC transfer capability, High/NTP ceiling (MW/1000), floored at existing+commissioned",2026-06-25,Konstantin Loffler <kl@wip.tu-berlin.de>
NewYork,PJM,Power,2029,6.604,,GW,"IC transfer capability, High/NTP ceiling (MW/1000), floored at existing+commissioned",2026-06-25,Konstantin Loffler <kl@wip.tu-berlin.de>
NewYork,PJM,Power,2030,6.604,,GW,"IC transfer capability, High/NTP ceiling (MW/1000), floored at existing+commissioned",2026-06-25,Konstantin Loffler <kl@wip.tu-berlin.de>
NewYork,PJM,Power,2031,6.822094,,GW,"IC transfer capability, High/NTP ceiling (MW/1000), floored at existing+commissioned",2026-06-25,Konstantin Loffler <kl@wip.tu-berlin.de>
NewYork,PJM,Power,2032,6.87326,,GW,"IC transfer capability, High/NTP ceiling (MW/1000), floored at existing+commissioned",2026-06-25,Konstantin Loffler <kl@wip.tu-berlin.de>
NewYork,PJM,Power,2033,6.924809,,GW,"IC transfer capability, High/NTP ceiling (MW/1000), floored at existing+commissioned",2026-06-25,Konstantin Loffler <kl@wip.tu-berlin.de>
NewYork,PJM,Power,2034,6.976745,,GW,"IC transfer capability, High/NTP ceiling (MW/1000), floored at existing+commissioned",2026-06-25,Konstantin Loffler <kl@wip.tu-berlin.de>
NewYork,PJM,Power,2035,7.029071,,GW,"IC transfer capability, High/NTP ceiling (MW/1000), floored at existing+commissioned",2026-06-25,Konstantin Loffler <kl@wip.tu-berlin.de>
NewYork,PJM,Power,2036,7.081789,,GW,"IC transfer capability, High/NTP ceiling (MW/1000), floored at existing+commissioned",2026-06-25,Konstantin Loffler <kl@wip.tu-berlin.de>
NewYork,PJM,Power,2037,7.134902,,GW,"IC transfer capability, High/NTP ceiling (MW/1000), floored at existing+commissioned",2026-06-25,Konstantin Loffler <kl@wip.tu-berlin.de>
NewYork,PJM,Power,2038,7.188414,,GW,"IC transfer capability, High/NTP ceiling (MW/1000), floored at existing+commissioned",2026-06-25,Konstantin Loffler <kl@wip.tu-berlin.de>
NewYork,PJM,Power,2039,7.242327,,GW,"IC transfer capability, High/NTP ceiling (MW/1000), floored at existing+commissioned",2026-06-25,Konstantin Loffler <kl@wip.tu-berlin.de>
NewYork,PJM,Power,2040,7.296645,,GW,"IC transfer capability, High/NTP ceiling (MW/1000), floored at existing+commissioned",2026-06-25,Konstantin Loffler <kl@wip.tu-berlin.de>
PJM,Canada,Power,2025,0.0,,GW,"IC transfer capability, High/NTP ceiling (MW/1000), floored at existing+commissioned",2026-06-25,Konstantin Loffler <kl@wip.tu-berlin.de>
PJM,Canada,Power,2026,0.0,,GW,"IC transfer capability, High/NTP ceiling (MW/1000), floored at existing+commissioned",2026-06-25,Konstantin Loffler <kl@wip.tu-berlin.de>
PJM,Canada,Power,2027,0.0,,GW,"IC transfer capability, High/NTP ceiling (MW/1000), floored at existing+commissioned",2026-06-25,Konstantin Loffler <kl@wip.tu-berlin.de>
PJM,Canada,Power,2028,0.0,,GW,"IC transfer capability, High/NTP ceiling (MW/1000), floored at existing+commissioned",2026-06-25,Konstantin Loffler <kl@wip.tu-berlin.de>
PJM,Canada,Power,2029,0.0,,GW,"IC transfer capability, High/NTP ceiling (MW/1000), floored at existing+commissioned",2026-06-25,Konstantin Loffler <kl@wip.tu-berlin.de>
PJM,Canada,Power,2030,0.0,,GW,"IC transfer capability, High/NTP ceiling (MW/1000), floored at existing+commissioned",2026-06-25,Konstantin Loffler <kl@wip.tu-berlin.de>
PJM,Canada,Power,2031,0.2,,GW,"IC transfer capability, High/NTP ceiling (MW/1000), floored at existing+commissioned",2026-06-25,Konstantin Loffler <kl@wip.tu-berlin.de>
PJM,Canada,Power,2032,0.4,,GW,"IC transfer capability, High/NTP ceiling (MW/1000), floored at existing+commissioned",2026-06-25,Konstantin Loffler <kl@wip.tu-berlin.de>
PJM,Canada,Power,2033,0.6,,GW,"IC transfer capability, High/NTP ceiling (MW/1000), floored at existing+commissioned",2026-06-25,Konstantin Loffler <kl@wip.tu-berlin.de>
PJM,Canada,Power,2034,0.8,,GW,"IC transfer capability, High/NTP ceiling (MW/1000), floored at existing+commissioned",2026-06-25,Konstantin Loffler <kl@wip.tu-berlin.de>
PJM,Canada,Power,2035,1.0,,GW,"IC transfer capability, High/NTP ceiling (MW/1000), floored at existing+commissioned",2026-06-25,Konstantin Loffler <kl@wip.tu-berlin.de>
PJM,Canada,Power,2036,1.0,,GW,"IC transfer capability, High/NTP ceiling (MW/1000), floored at existing+commissioned",2026-06-25,Konstantin Loffler <kl@wip.tu-berlin.de>
PJM,Canada,Power,2037,1.0,,GW,"IC transfer capability, High/NTP ceiling (MW/1000), floored at existing+commissioned",2026-06-25,Konstantin Loffler <kl@wip.tu-berlin.de>
PJM,Canada,Power,2038,1.0,,GW,"IC transfer capability, High/NTP ceiling (MW/1000), floored at existing+commissioned",2026-06-25,Konstantin Loffler <kl@wip.tu-berlin.de>
PJM,Canada,Power,2039,1.0,,GW,"IC transfer capability, High/NTP ceiling (MW/1000), floored at existing+commissioned",2026-06-25,Konstantin Loffler <kl@wip.tu-berlin.de>
PJM,Canada,Power,2040,1.0,,GW,"IC transfer capability, High/NTP ceiling (MW/1000), floored at existing+commissioned",2026-06-25,Konstantin Loffler <kl@wip.tu-berlin.de>
PJM,MISO,Power,2025,45.174,,GW,"IC transfer capability, High/NTP ceiling (MW/1000), floored at existing+commissioned",2026-06-25,Konstantin Loffler <kl@wip.tu-berlin.de>
PJM,MISO,Power,2026,45.512805,,GW,"IC transfer capability, High/NTP ceiling (MW/1000), floored at existing+commissioned",2026-06-25,Konstantin Loffler <kl@wip.tu-berlin.de>
PJM,MISO,Power,2027,45.854151,,GW,"IC transfer capability, High/NTP ceiling (MW/1000), floored at existing+commissioned",2026-06-25,Konstantin Loffler <kl@wip.tu-berlin.de>
PJM,MISO,Power,2028,46.198057,,GW,"IC transfer capability, High/NTP ceiling (MW/1000), floored at existing+commissioned",2026-06-25,Konstantin Loffler <kl@wip.tu-berlin.de>
PJM,MISO,Power,2029,46.544543,,GW,"IC transfer capability, High/NTP ceiling (MW/1000), floored at existing+commissioned",2026-06-25,Konstantin Loffler <kl@wip.tu-berlin.de>
PJM,MISO,Power,2030,46.893627,,GW,"IC transfer capability, High/NTP ceiling (MW/1000), floored at existing+commissioned",2026-06-25,Konstantin Loffler <kl@wip.tu-berlin.de>
PJM,MISO,Power,2031,47.245329,,GW,"IC transfer capability, High/NTP ceiling (MW/1000), floored at existing+commissioned",2026-06-25,Konstantin Loffler <kl@wip.tu-berlin.de>
PJM,MISO,Power,2032,47.599669,,GW,"IC transfer capability, High/NTP ceiling (MW/1000), floored at existing+commissioned",2026-06-25,Konstantin Loffler <kl@wip.tu-berlin.de>
PJM,MISO,Power,2033,47.956666,,GW,"IC transfer capability, High/NTP ceiling (MW/1000), floored at existing+commissioned",2026-06-25,Konstantin Loffler <kl@wip.tu-berlin.de>
PJM,MISO,Power,2034,48.316341,,GW,"IC transfer capability, High/NTP ceiling (MW/1000), floored at existing+commissioned",2026-06-25,Konstantin Loffler <kl@wip.tu-berlin.de>
PJM,MISO,Power,2035,48.678714,,GW,"IC transfer capability, High/NTP ceiling (MW/1000), floored at existing+commissioned",2026-06-25,Konstantin Loffler <kl@wip.tu-berlin.de>
PJM,MISO,Power,2036,49.043804,,GW,"IC transfer capability, High/NTP ceiling (MW/1000), floored at existing+commissioned",2026-06-25,Konstantin Loffler <kl@wip.tu-berlin.de>
PJM,MISO,Power,2037,49.411633,,GW,"IC transfer capability, High/NTP ceiling (MW/1000), floored at existing+commissioned",2026-06-25,Konstantin Loffler <kl@wip.tu-berlin.de>
PJM,MISO,Power,2038,49.78222,,GW,"IC transfer capability, High/NTP ceiling (MW/1000), floored at existing+commissioned",2026-06-25,Konstantin Loffler <kl@wip.tu-berlin.de>
PJM,MISO,Power,2039,50.155587,,GW,"IC transfer capability, High/NTP ceiling (MW/1000), floored at existing+commissioned",2026-06-25,Konstantin Loffler <kl@wip.tu-berlin.de>
PJM,MISO,Power,2040,50.531754,,GW,"IC transfer capability, High/NTP ceiling (MW/1000), floored at existing+commissioned",2026-06-25,Konstantin Loffler <kl@wip.tu-berlin.de>
PJM,NewYork,Power,2025,4.399,,GW,"IC transfer capability, High/NTP ceiling (MW/1000), floored at existing+commissioned",2026-06-25,Konstantin Loffler <kl@wip.tu-berlin.de>
PJM,NewYork,Power,2026,4.431993,,GW,"IC transfer capability, High/NTP ceiling (MW/1000), floored at existing+commissioned",2026-06-25,Konstantin Loffler <kl@wip.tu-berlin.de>
PJM,NewYork,Power,2027,4.465232,,GW,"IC transfer capability, High/NTP ceiling (MW/1000), floored at existing+commissioned",2026-06-25,Konstantin Loffler <kl@wip.tu-berlin.de>
PJM,NewYork,Power,2028,4.498722,,GW,"IC transfer capability, High/NTP ceiling (MW/1000), floored at existing+commissioned",2026-06-25,Konstantin Loffler <kl@wip.tu-berlin.de>
PJM,NewYork,Power,2029,4.532462,,GW,"IC transfer capability, High/NTP ceiling (MW/1000), floored at existing+commissioned",2026-06-25,Konstantin Loffler <kl@wip.tu-berlin.de>
PJM,NewYork,Power,2030,4.566456,,GW,"IC transfer capability, High/NTP ceiling (MW/1000), floored at existing+commissioned",2026-06-25,Konstantin Loffler <kl@wip.tu-berlin.de>
PJM,NewYork,Power,2031,4.600704,,GW,"IC transfer capability, High/NTP ceiling (MW/1000), floored at existing+commissioned",2026-06-25,Konstantin Loffler <kl@wip.tu-berlin.de>
PJM,NewYork,Power,2032,4.635209,,GW,"IC transfer capability, High/NTP ceiling (MW/1000), floored at existing+commissioned",2026-06-25,Konstantin Loffler <kl@wip.tu-berlin.de>
PJM,NewYork,Power,2033,4.669973,,GW,"IC transfer capability, High/NTP ceiling (MW/1000), floored at existing+commissioned",2026-06-25,Konstantin Loffler <kl@wip.tu-berlin.de>
PJM,NewYork,Power,2034,4.704998,,GW,"IC transfer capability, High/NTP ceiling (MW/1000), floored at existing+commissioned",2026-06-25,Konstantin Loffler <kl@wip.tu-berlin.de>
PJM,NewYork,Power,2035,4.740286,,GW,"IC transfer capability, High/NTP ceiling (MW/1000), floored at existing+commissioned",2026-06-25,Konstantin Loffler <kl@wip.tu-berlin.de>
PJM,NewYork,Power,2036,4.775838,,GW,"IC transfer capability, High/NTP ceiling (MW/1000), floored at existing+commissioned",2026-06-25,Konstantin Loffler <kl@wip.tu-berlin.de>
PJM,NewYork,Power,2037,4.811657,,GW,"IC transfer capability, High/NTP ceiling (MW/1000), floored at existing+commissioned",2026-06-25,Konstantin Loffler <kl@wip.tu-berlin.de>
PJM,NewYork,Power,2038,4.847744,,GW,"IC transfer capability, High/NTP ceiling (MW/1000), floored at existing+commissioned",2026-06-25,Konstantin Loffler <kl@wip.tu-berlin.de>
PJM,NewYork,Power,2039,4.884102,,GW,"IC transfer capability, High/NTP ceiling (MW/1000), floored at existing+commissioned",2026-06-25,Konstantin Loffler <kl@wip.tu-berlin.de>
PJM,NewYork,Power,2040,4.920733,,GW,"IC transfer capability, High/NTP ceiling (MW/1000), floored at existing+commissioned",2026-06-25,Konstantin Loffler <kl@wip.tu-berlin.de>
PJM,SERC,Power,2025,17.278,,GW,"IC transfer capability, High/NTP ceiling (MW/1000), floored at existing+commissioned",2026-06-25,Konstantin Loffler <kl@wip.tu-berlin.de>
PJM,SERC,Power,2026,17.278,,GW,"IC transfer capability, High/NTP ceiling (MW/1000), floored at existing+commissioned",2026-06-25,Konstantin Loffler <kl@wip.tu-berlin.de>
PJM,SERC,Power,2027,17.278,,GW,"IC transfer capability, High/NTP ceiling (MW/1000), floored at existing+commissioned",2026-06-25,Konstantin Loffler <kl@wip.tu-berlin.de>
PJM,SERC,Power,2028,17.278,,GW,"IC transfer capability, High/NTP ceiling (MW/1000), floored at existing+commissioned",2026-06-25,Konstantin Loffler <kl@wip.tu-berlin.de>
PJM,SERC,Power,2029,17.278,,GW,"IC transfer capability, High/NTP ceiling (MW/1000), floored at existing+commissioned",2026-06-25,Konstantin Loffler <kl@wip.tu-berlin.de>
PJM,SERC,Power,2030,17.596,,GW,"IC transfer capability, High/NTP ceiling (MW/1000), floored at existing+commissioned",2026-06-25,Konstantin Loffler <kl@wip.tu-berlin.de>
PJM,SERC,Power,2031,18.070235,,GW,"IC transfer capability, High/NTP ceiling (MW/1000), floored at existing+commissioned",2026-06-25,Konstantin Loffler <kl@wip.tu-berlin.de>
PJM,SERC,Power,2032,18.205762,,GW,"IC transfer capability, High/NTP ceiling (MW/1000), floored at existing+commissioned",2026-06-25,Konstantin Loffler <kl@wip.tu-berlin.de>
PJM,SERC,Power,2033,18.342305,,GW,"IC transfer capability, High/NTP ceiling (MW/1000), floored at existing+commissioned",2026-06-25,Konstantin Loffler <kl@wip.tu-berlin.de>
PJM,SERC,Power,2034,18.479872,,GW,"IC transfer capability, High/NTP ceiling (MW/1000), floored at existing+commissioned",2026-06-25,Konstantin Loffler <kl@wip.tu-berlin.de>
PJM,SERC,Power,2035,18.618471,,GW,"IC transfer capability, High/NTP ceiling (MW/1000), floored at existing+commissioned",2026-06-25,Konstantin Loffler <kl@wip.tu-berlin.de>
PJM,SERC,Power,2036,18.75811,,GW,"IC transfer capability, High/NTP ceiling (MW/1000), floored at existing+commissioned",2026-06-25,Konstantin Loffler <kl@wip.tu-berlin.de>
PJM,SERC,Power,2037,18.898796,,GW,"IC transfer capability, High/NTP ceiling (MW/1000), floored at existing+commissioned",2026-06-25,Konstantin Loffler <kl@wip.tu-berlin.de>
PJM,SERC,Power,2038,19.040537,,GW,"IC transfer capability, High/NTP ceiling (MW/1000), floored at existing+commissioned",2026-06-25,Konstantin Loffler <kl@wip.tu-berlin.de>
PJM,SERC,Power,2039,19.183341,,GW,"IC transfer capability, High/NTP ceiling (MW/1000), floored at existing+commissioned",2026-06-25,Konstantin Loffler <kl@wip.tu-berlin.de>
PJM,SERC,Power,2040,19.327216,,GW,"IC transfer capability, High/NTP ceiling (MW/1000), floored at existing+commissioned",2026-06-25,Konstantin Loffler <kl@wip.tu-berlin.de>
PJM,SPP,Power,2025,0.0,,GW,"IC transfer capability, High/NTP ceiling (MW/1000), floored at existing+commissioned",2026-06-25,Konstantin Loffler <kl@wip.tu-berlin.de>
PJM,SPP,Power,2026,0.0,,GW,"IC transfer capability, High/NTP ceiling (MW/1000), floored at existing+commissioned",2026-06-25,Konstantin Loffler <kl@wip.tu-berlin.de>
PJM,SPP,Power,2027,0.0,,GW,"IC transfer capability, High/NTP ceiling (MW/1000), floored at existing+commissioned",2026-06-25,Konstantin Loffler <kl@wip.tu-berlin.de>
PJM,SPP,Power,2028,0.0,,GW,"IC transfer capability, High/NTP ceiling (MW/1000), floored at existing+commissioned",2026-06-25,Konstantin Loffler <kl@wip.tu-berlin.de>
PJM,SPP,Power,2029,0.0,,GW,"IC transfer capability, High/NTP ceiling (MW/1000), floored at existing+commissioned",2026-06-25,Konstantin Loffler <kl@wip.tu-berlin.de>
PJM,SPP,Power,2030,0.0,,GW,"IC transfer capability, High/NTP ceiling (MW/1000), floored at existing+commissioned",2026-06-25,Konstantin Loffler <kl@wip.tu-berlin.de>
PJM,SPP,Power,2031,0.5,,GW,"IC transfer capability, High/NTP ceiling (MW/1000), floored at existing+commissioned",2026-06-25,Konstantin Loffler <kl@wip.tu-berlin.de>
PJM,SPP,Power,2032,1.0,,GW,"IC transfer capability, High/NTP ceiling (MW/1000), floored at existing+commissioned",2026-06-25,Konstantin Loffler <kl@wip.tu-berlin.de>
PJM,SPP,Power,2033,1.5,,GW,"IC transfer capability, High/NTP ceiling (MW/1000), floored at existing+commissioned",2026-06-25,Konstantin Loffler <kl@wip.tu-berlin.de>
PJM,SPP,Power,2034,2.0,,GW,"IC transfer capability, High/NTP ceiling (MW/1000), floored at existing+commissioned",2026-06-25,Konstantin Loffler <kl@wip.tu-berlin.de>
PJM,SPP,Power,2035,2.155165,,GW,"IC transfer capability, High/NTP ceiling (MW/1000), floored at existing+commissioned",2026-06-25,Konstantin Loffler <kl@wip.tu-berlin.de>
PJM,SPP,Power,2036,2.171329,,GW,"IC transfer capability, High/NTP ceiling (MW/1000), floored at existing+commissioned",2026-06-25,Konstantin Loffler <kl@wip.tu-berlin.de>
PJM,SPP,Power,2037,2.187614,,GW,"IC transfer capability, High/NTP ceiling (MW/1000), floored at existing+commissioned",2026-06-25,Konstantin Loffler <kl@wip.tu-berlin.de>
PJM,SPP,Power,2038,2.204021,,GW,"IC transfer capability, High/NTP ceiling (MW/1000), floored at existing+commissioned",2026-06-25,Konstantin Loffler <kl@wip.tu-berlin.de>
PJM,SPP,Power,2039,2.220551,,GW,"IC transfer capability, High/NTP ceiling (MW/1000), floored at existing+commissioned",2026-06-25,Konstantin Loffler <kl@wip.tu-berlin.de>
PJM,SPP,Power,2040,2.237205,,GW,"IC transfer capability, High/NTP ceiling (MW/1000), floored at existing+commissioned",2026-06-25,Konstantin Loffler <kl@wip.tu-berlin.de>
SERC,ERCOT,Power,2025,0.0,,GW,"IC transfer capability, High/NTP ceiling (MW/1000), floored at existing+commissioned",2026-06-25,Konstantin Loffler <kl@wip.tu-berlin.de>
SERC,ERCOT,Power,2026,0.0,,GW,"IC transfer capability, High/NTP ceiling (MW/1000), floored at existing+commissioned",2026-06-25,Konstantin Loffler <kl@wip.tu-berlin.de>
SERC,ERCOT,Power,2027,0.0,,GW,"IC transfer capability, High/NTP ceiling (MW/1000), floored at existing+commissioned",2026-06-25,Konstantin Loffler <kl@wip.tu-berlin.de>
SERC,ERCOT,Power,2028,0.0,,GW,"IC transfer capability, High/NTP ceiling (MW/1000), floored at existing+commissioned",2026-06-25,Konstantin Loffler <kl@wip.tu-berlin.de>
SERC,ERCOT,Power,2029,0.0,,GW,"IC transfer capability, High/NTP ceiling (MW/1000), floored at existing+commissioned",2026-06-25,Konstantin Loffler <kl@wip.tu-berlin.de>
SERC,ERCOT,Power,2030,0.0,,GW,"IC transfer capability, High/NTP ceiling (MW/1000), floored at existing+commissioned",2026-06-25,Konstantin Loffler <kl@wip.tu-berlin.de>
SERC,ERCOT,Power,2031,0.0,,GW,"IC transfer capability, High/NTP ceiling (MW/1000), floored at existing+commissioned",2026-06-25,Konstantin Loffler <kl@wip.tu-berlin.de>
SERC,ERCOT,Power,2032,0.0,,GW,"IC transfer capability, High/NTP ceiling (MW/1000), floored at existing+commissioned",2026-06-25,Konstantin Loffler <kl@wip.tu-berlin.de>
SERC,ERCOT,Power,2033,0.0,,GW,"IC transfer capability, High/NTP ceiling (MW/1000), floored at existing+commissioned",2026-06-25,Konstantin Loffler <kl@wip.tu-berlin.de>
SERC,ERCOT,Power,2034,0.0,,GW,"IC transfer capability, High/NTP ceiling (MW/1000), floored at existing+commissioned",2026-06-25,Konstantin Loffler <kl@wip.tu-berlin.de>
SERC,ERCOT,Power,2035,0.0,,GW,"IC transfer capability, High/NTP ceiling (MW/1000), floored at existing+commissioned",2026-06-25,Konstantin Loffler <kl@wip.tu-berlin.de>
SERC,ERCOT,Power,2036,0.0,,GW,"IC transfer capability, High/NTP ceiling (MW/1000), floored at existing+commissioned",2026-06-25,Konstantin Loffler <kl@wip.tu-berlin.de>
SERC,ERCOT,Power,2037,0.0,,GW,"IC transfer capability, High/NTP ceiling (MW/1000), floored at existing+commissioned",2026-06-25,Konstantin Loffler <kl@wip.tu-berlin.de>
SERC,ERCOT,Power,2038,0.0,,GW,"IC transfer capability, High/NTP ceiling (MW/1000), floored at existing+commissioned",2026-06-25,Konstantin Loffler <kl@wip.tu-berlin.de>
SERC,ERCOT,Power,2039,0.0,,GW,"IC transfer capability, High/NTP ceiling (MW/1000), floored at existing+commissioned",2026-06-25,Konstantin Loffler <kl@wip.tu-berlin.de>
SERC,ERCOT,Power,2040,0.0,,GW,"IC transfer capability, High/NTP ceiling (MW/1000), floored at existing+commissioned",2026-06-25,Konstantin Loffler <kl@wip.tu-berlin.de>
SERC,MISO,Power,2025,20.71,,GW,"IC transfer capability, High/NTP ceiling (MW/1000), floored at existing+commissioned",2026-06-25,Konstantin Loffler <kl@wip.tu-berlin.de>
SERC,MISO,Power,2026,20.71,,GW,"IC transfer capability, High/NTP ceiling (MW/1000), floored at existing+commissioned",2026-06-25,Konstantin Loffler <kl@wip.tu-berlin.de>
SERC,MISO,Power,2027,20.71,,GW,"IC transfer capability, High/NTP ceiling (MW/1000), floored at existing+commissioned",2026-06-25,Konstantin Loffler <kl@wip.tu-berlin.de>
SERC,MISO,Power,2028,20.71,,GW,"IC transfer capability, High/NTP ceiling (MW/1000), floored at existing+commissioned",2026-06-25,Konstantin Loffler <kl@wip.tu-berlin.de>
SERC,MISO,Power,2029,21.338325,,GW,"IC transfer capability, High/NTP ceiling (MW/1000), floored at existing+commissioned",2026-06-25,Konstantin Loffler <kl@wip.tu-berlin.de>
SERC,MISO,Power,2030,21.498362,,GW,"IC transfer capability, High/NTP ceiling (MW/1000), floored at existing+commissioned",2026-06-25,Konstantin Loffler <kl@wip.tu-berlin.de>
SERC,MISO,Power,2031,21.6596,,GW,"IC transfer capability, High/NTP ceiling (MW/1000), floored at existing+commissioned",2026-06-25,Konstantin Loffler <kl@wip.tu-berlin.de>
SERC,MISO,Power,2032,21.822047,,GW,"IC transfer capability, High/NTP ceiling (MW/1000), floored at existing+commissioned",2026-06-25,Konstantin Loffler <kl@wip.tu-berlin.de>
SERC,MISO,Power,2033,21.985712,,GW,"IC transfer capability, High/NTP ceiling (MW/1000), floored at existing+commissioned",2026-06-25,Konstantin Loffler <kl@wip.tu-berlin.de>
SERC,MISO,Power,2034,22.150605,,GW,"IC transfer capability, High/NTP ceiling (MW/1000), floored at existing+commissioned",2026-06-25,Konstantin Loffler <kl@wip.tu-berlin.de>
SERC,MISO,Power,2035,22.316735,,GW,"IC transfer capability, High/NTP ceiling (MW/1000), floored at existing+commissioned",2026-06-25,Konstantin Loffler <kl@wip.tu-berlin.de>
SERC,MISO,Power,2036,22.48411,,GW,"IC transfer capability, High/NTP ceiling (MW/1000), floored at existing+commissioned",2026-06-25,Konstantin Loffler <kl@wip.tu-berlin.de>
SERC,MISO,Power,2037,22.652741,,GW,"IC transfer capability, High/NTP ceiling (MW/1000), floored at existing+commissioned",2026-06-25,Konstantin Loffler <kl@wip.tu-berlin.de>
SERC,MISO,Power,2038,22.822636,,GW,"IC transfer capability, High/NTP ceiling (MW/1000), floored at existing+commissioned",2026-06-25,Konstantin Loffler <kl@wip.tu-berlin.de>
SERC,MISO,Power,2039,22.993806,,GW,"IC transfer capability, High/NTP ceiling (MW/1000), floored at existing+commissioned",2026-06-25,Konstantin Loffler <kl@wip.tu-berlin.de>
SERC,MISO,Power,2040,23.16626,,GW,"IC transfer capability, High/NTP ceiling (MW/1000), floored at existing+commissioned",2026-06-25,Konstantin Loffler <kl@wip.tu-berlin.de>
SERC,PJM,Power,2025,15.938,,GW,"IC transfer capability, High/NTP ceiling (MW/1000), floored at existing+commissioned",2026-06-25,Konstantin Loffler <kl@wip.tu-berlin.de>
SERC,PJM,Power,2026,15.938,,GW,"IC transfer capability, High/NTP ceiling (MW/1000), floored at existing+commissioned",2026-06-25,Konstantin Loffler <kl@wip.tu-berlin.de>
SERC,PJM,Power,2027,15.938,,GW,"IC transfer capability, High/NTP ceiling (MW/1000), floored at existing+commissioned",2026-06-25,Konstantin Loffler <kl@wip.tu-berlin.de>
SERC,PJM,Power,2028,15.938,,GW,"IC transfer capability, High/NTP ceiling (MW/1000), floored at existing+commissioned",2026-06-25,Konstantin Loffler <kl@wip.tu-berlin.de>
SERC,PJM,Power,2029,16.2612,,GW,"IC transfer capability, High/NTP ceiling (MW/1000), floored at existing+commissioned",2026-06-25,Konstantin Loffler <kl@wip.tu-berlin.de>
SERC,PJM,Power,2030,16.544708,,GW,"IC transfer capability, High/NTP ceiling (MW/1000), floored at existing+commissioned",2026-06-25,Konstantin Loffler <kl@wip.tu-berlin.de>
SERC,PJM,Power,2031,16.668793,,GW,"IC transfer capability, High/NTP ceiling (MW/1000), floored at existing+commissioned",2026-06-25,Konstantin Loffler <kl@wip.tu-berlin.de>
SERC,PJM,Power,2032,16.793809,,GW,"IC transfer capability, High/NTP ceiling (MW/1000), floored at existing+commissioned",2026-06-25,Konstantin Loffler <kl@wip.tu-berlin.de>
SERC,PJM,Power,2033,16.919762,,GW,"IC transfer capability, High/NTP ceiling (MW/1000), floored at existing+commissioned",2026-06-25,Konstantin Loffler <kl@wip.tu-berlin.de>
SERC,PJM,Power,2034,17.046661,,GW,"IC transfer capability, High/NTP ceiling (MW/1000), floored at existing+commissioned",2026-06-25,Konstantin Loffler <kl@wip.tu-berlin.de>
SERC,PJM,Power,2035,17.174511,,GW,"IC transfer capability, High/NTP ceiling (MW/1000), floored at existing+commissioned",2026-06-25,Konstantin Loffler <kl@wip.tu-berlin.de>
SERC,PJM,Power,2036,17.303319,,GW,"IC transfer capability, High/NTP ceiling (MW/1000), floored at existing+commissioned",2026-06-25,Konstantin Loffler <kl@wip.tu-berlin.de>
SERC,PJM,Power,2037,17.433094,,GW,"IC transfer capability, High/NTP ceiling (MW/1000), floored at existing+commissioned",2026-06-25,Konstantin Loffler <kl@wip.tu-berlin.de>
SERC,PJM,Power,2038,17.563843,,GW,"IC transfer capability, High/NTP ceiling (MW/1000), floored at existing+commissioned",2026-06-25,Konstantin Loffler <kl@wip.tu-berlin.de>
SERC,PJM,Power,2039,17.695571,,GW,"IC transfer capability, High/NTP ceiling (MW/1000), floored at existing+commissioned",2026-06-25,Konstantin Loffler <kl@wip.tu-berlin.de>
SERC,PJM,Power,2040,17.828288,,GW,"IC transfer capability, High/NTP ceiling (MW/1000), floored at existing+commissioned",2026-06-25,Konstantin Loffler <kl@wip.tu-berlin.de>
SERC,SPP,Power,2025,0.707,,GW,"IC transfer capability, High/NTP ceiling (MW/1000), floored at existing+commissioned",2026-06-25,Konstantin Loffler <kl@wip.tu-berlin.de>
SERC,SPP,Power,2026,0.712303,,GW,"IC transfer capability, High/NTP ceiling (MW/1000), floored at existing+commissioned",2026-06-25,Konstantin Loffler <kl@wip.tu-berlin.de>
SERC,SPP,Power,2027,0.717645,,GW,"IC transfer capability, High/NTP ceiling (MW/1000), floored at existing+commissioned",2026-06-25,Konstantin Loffler <kl@wip.tu-berlin.de>
SERC,SPP,Power,2028,0.723027,,GW,"IC transfer capability, High/NTP ceiling (MW/1000), floored at existing+commissioned",2026-06-25,Konstantin Loffler <kl@wip.tu-berlin.de>
SERC,SPP,Power,2029,0.72845,,GW,"IC transfer capability, High/NTP ceiling (MW/1000), floored at existing+commissioned",2026-06-25,Konstantin Loffler <kl@wip.tu-berlin.de>
SERC,SPP,Power,2030,0.733913,,GW,"IC transfer capability, High/NTP ceiling (MW/1000), floored at existing+commissioned",2026-06-25,Konstantin Loffler <kl@wip.tu-berlin.de>
SERC,SPP,Power,2031,0.739418,,GW,"IC transfer capability, High/NTP ceiling (MW/1000), floored at existing+commissioned",2026-06-25,Konstantin Loffler <kl@wip.tu-berlin.de>
SERC,SPP,Power,2032,0.744963,,GW,"IC transfer capability, High/NTP ceiling (MW/1000), floored at existing+commissioned",2026-06-25,Konstantin Loffler <kl@wip.tu-berlin.de>
SERC,SPP,Power,2033,0.75055,,GW,"IC transfer capability, High/NTP ceiling (MW/1000), floored at existing+commissioned",2026-06-25,Konstantin Loffler <kl@wip.tu-berlin.de>
SERC,SPP,Power,2034,0.75618,,GW,"IC transfer capability, High/NTP ceiling (MW/1000), floored at existing+commissioned",2026-06-25,Konstantin Loffler <kl@wip.tu-berlin.de>
SERC,SPP,Power,2035,0.761851,,GW,"IC transfer capability, High/NTP ceiling (MW/1000), floored at existing+commissioned",2026-06-25,Konstantin Loffler <kl@wip.tu-berlin.de>
SERC,SPP,Power,2036,0.767565,,GW,"IC transfer capability, High/NTP ceiling (MW/1000), floored at existing+commissioned",2026-06-25,Konstantin Loffler <kl@wip.tu-berlin.de>
SERC,SPP,Power,2037,0.773321,,GW,"IC transfer capability, High/NTP ceiling (MW/1000), floored at existing+commissioned",2026-06-25,Konstantin Loffler <kl@wip.tu-berlin.de>
SERC,SPP,Power,2038,0.779121,,GW,"IC transfer capability, High/NTP ceiling (MW/1000), floored at existing+commissioned",2026-06-25,Konstantin Loffler <kl@wip.tu-berlin.de>
SERC,SPP,Power,2039,0.784965,,GW,"IC transfer capability, High/NTP ceiling (MW/1000), floored at existing+commissioned",2026-06-25,Konstantin Loffler <kl@wip.tu-berlin.de>
SERC,SPP,Power,2040,0.790852,,GW,"IC transfer capability, High/NTP ceiling (MW/1000), floored at existing+commissioned",2026-06-25,Konstantin Loffler <kl@wip.tu-berlin.de>
SPP,Canada,Power,2025,0.3,,GW,"IC transfer capability, High/NTP ceiling (MW/1000), floored at existing+commissioned",2026-06-25,Konstantin Loffler <kl@wip.tu-berlin.de>
SPP,Canada,Power,2026,0.30225,,GW,"IC transfer capability, High/NTP ceiling (MW/1000), floored at existing+commissioned",2026-06-25,Konstantin Loffler <kl@wip.tu-berlin.de>
SPP,Canada,Power,2027,0.304517,,GW,"IC transfer capability, High/NTP ceiling (MW/1000), floored at existing+commissioned",2026-06-25,Konstantin Loffler <kl@wip.tu-berlin.de>
SPP,Canada,Power,2028,0.306801,,GW,"IC transfer capability, High/NTP ceiling (MW/1000), floored at existing+commissioned",2026-06-25,Konstantin Loffler <kl@wip.tu-berlin.de>
SPP,Canada,Power,2029,0.309102,,GW,"IC transfer capability, High/NTP ceiling (MW/1000), floored at existing+commissioned",2026-06-25,Konstantin Loffler <kl@wip.tu-berlin.de>
SPP,Canada,Power,2030,0.31142,,GW,"IC transfer capability, High/NTP ceiling (MW/1000), floored at existing+commissioned",2026-06-25,Konstantin Loffler <kl@wip.tu-berlin.de>
SPP,Canada,Power,2031,0.313756,,GW,"IC transfer capability, High/NTP ceiling (MW/1000), floored at existing+commissioned",2026-06-25,Konstantin Loffler <kl@wip.tu-berlin.de>
SPP,Canada,Power,2032,0.316109,,GW,"IC transfer capability, High/NTP ceiling (MW/1000), floored at existing+commissioned",2026-06-25,Konstantin Loffler <kl@wip.tu-berlin.de>
SPP,Canada,Power,2033,0.31848,,GW,"IC transfer capability, High/NTP ceiling (MW/1000), floored at existing+commissioned",2026-06-25,Konstantin Loffler <kl@wip.tu-berlin.de>
SPP,Canada,Power,2034,0.320868,,GW,"IC transfer capability, High/NTP ceiling (MW/1000), floored at existing+commissioned",2026-06-25,Konstantin Loffler <kl@wip.tu-berlin.de>
SPP,Canada,Power,2035,0.323275,,GW,"IC transfer capability, High/NTP ceiling (MW/1000), floored at existing+commissioned",2026-06-25,Konstantin Loffler <kl@wip.tu-berlin.de>
SPP,Canada,Power,2036,0.325699,,GW,"IC transfer capability, High/NTP ceiling (MW/1000), floored at existing+commissioned",2026-06-25,Konstantin Loffler <kl@wip.tu-berlin.de>
SPP,Canada,Power,2037,0.328142,,GW,"IC transfer capability, High/NTP ceiling (MW/1000), floored at existing+commissioned",2026-06-25,Konstantin Loffler <kl@wip.tu-berlin.de>
SPP,Canada,Power,2038,0.330603,,GW,"IC transfer capability, High/NTP ceiling (MW/1000), floored at existing+commissioned",2026-06-25,Konstantin Loffler <kl@wip.tu-berlin.de>
SPP,Canada,Power,2039,0.333083,,GW,"IC transfer capability, High/NTP ceiling (MW/1000), floored at existing+commissioned",2026-06-25,Konstantin Loffler <kl@wip.tu-berlin.de>
SPP,Canada,Power,2040,0.335581,,GW,"IC transfer capability, High/NTP ceiling (MW/1000), floored at existing+commissioned",2026-06-25,Konstantin Loffler <kl@wip.tu-berlin.de>
SPP,ERCOT,Power,2025,3.0,,GW,"IC transfer capability, High/NTP ceiling (MW/1000), floored at existing+commissioned",2026-06-25,Konstantin Loffler <kl@wip.tu-berlin.de>
SPP,ERCOT,Power,2026,3.0225,,GW,"IC transfer capability, High/NTP ceiling (MW/1000), floored at existing+commissioned",2026-06-25,Konstantin Loffler <kl@wip.tu-berlin.de>
SPP,ERCOT,Power,2027,3.045169,,GW,"IC transfer capability, High/NTP ceiling (MW/1000), floored at existing+commissioned",2026-06-25,Konstantin Loffler <kl@wip.tu-berlin.de>
SPP,ERCOT,Power,2028,3.068008,,GW,"IC transfer capability, High/NTP ceiling (MW/1000), floored at existing+commissioned",2026-06-25,Konstantin Loffler <kl@wip.tu-berlin.de>
SPP,ERCOT,Power,2029,3.091018,,GW,"IC transfer capability, High/NTP ceiling (MW/1000), floored at existing+commissioned",2026-06-25,Konstantin Loffler <kl@wip.tu-berlin.de>
SPP,ERCOT,Power,2030,3.1142,,GW,"IC transfer capability, High/NTP ceiling (MW/1000), floored at existing+commissioned",2026-06-25,Konstantin Loffler <kl@wip.tu-berlin.de>
SPP,ERCOT,Power,2031,3.137557,,GW,"IC transfer capability, High/NTP ceiling (MW/1000), floored at existing+commissioned",2026-06-25,Konstantin Loffler <kl@wip.tu-berlin.de>
SPP,ERCOT,Power,2032,3.161088,,GW,"IC transfer capability, High/NTP ceiling (MW/1000), floored at existing+commissioned",2026-06-25,Konstantin Loffler <kl@wip.tu-berlin.de>
SPP,ERCOT,Power,2033,3.184797,,GW,"IC transfer capability, High/NTP ceiling (MW/1000), floored at existing+commissioned",2026-06-25,Konstantin Loffler <kl@wip.tu-berlin.de>
SPP,ERCOT,Power,2034,3.208683,,GW,"IC transfer capability, High/NTP ceiling (MW/1000), floored at existing+commissioned",2026-06-25,Konstantin Loffler <kl@wip.tu-berlin.de>
SPP,ERCOT,Power,2035,3.232748,,GW,"IC transfer capability, High/NTP ceiling (MW/1000), floored at existing+commissioned",2026-06-25,Konstantin Loffler <kl@wip.tu-berlin.de>
SPP,ERCOT,Power,2036,3.256993,,GW,"IC transfer capability, High/NTP ceiling (MW/1000), floored at existing+commissioned",2026-06-25,Konstantin Loffler <kl@wip.tu-berlin.de>
SPP,ERCOT,Power,2037,3.281421,,GW,"IC transfer capability, High/NTP ceiling (MW/1000), floored at existing+commissioned",2026-06-25,Konstantin Loffler <kl@wip.tu-berlin.de>
SPP,ERCOT,Power,2038,3.306031,,GW,"IC transfer capability, High/NTP ceiling (MW/1000), floored at existing+commissioned",2026-06-25,Konstantin Loffler <kl@wip.tu-berlin.de>
SPP,ERCOT,Power,2039,3.330827,,GW,"IC transfer capability, High/NTP ceiling (MW/1000), floored at existing+commissioned",2026-06-25,Konstantin Loffler <kl@wip.tu-berlin.de>
SPP,ERCOT,Power,2040,3.355808,,GW,"IC transfer capability, High/NTP ceiling (MW/1000), floored at existing+commissioned",2026-06-25,Konstantin Loffler <kl@wip.tu-berlin.de>
SPP,MISO,Power,2025,3.152,,GW,"IC transfer capability, High/NTP ceiling (MW/1000), floored at existing+commissioned",2026-06-25,Konstantin Loffler <kl@wip.tu-berlin.de>
SPP,MISO,Power,2026,3.17564,,GW,"IC transfer capability, High/NTP ceiling (MW/1000), floored at existing+commissioned",2026-06-25,Konstantin Loffler <kl@wip.tu-berlin.de>
SPP,MISO,Power,2027,3.199457,,GW,"IC transfer capability, High/NTP ceiling (MW/1000), floored at existing+commissioned",2026-06-25,Konstantin Loffler <kl@wip.tu-berlin.de>
SPP,MISO,Power,2028,3.223453,,GW,"IC transfer capability, High/NTP ceiling (MW/1000), floored at existing+commissioned",2026-06-25,Konstantin Loffler <kl@wip.tu-berlin.de>
SPP,MISO,Power,2029,3.247629,,GW,"IC transfer capability, High/NTP ceiling (MW/1000), floored at existing+commissioned",2026-06-25,Konstantin Loffler <kl@wip.tu-berlin.de>
SPP,MISO,Power,2030,3.271986,,GW,"IC transfer capability, High/NTP ceiling (MW/1000), floored at existing+commissioned",2026-06-25,Konstantin Loffler <kl@wip.tu-berlin.de>
SPP,MISO,Power,2031,3.296526,,GW,"IC transfer capability, High/NTP ceiling (MW/1000), floored at existing+commissioned",2026-06-25,Konstantin Loffler <kl@wip.tu-berlin.de>
SPP,MISO,Power,2032,3.32125,,GW,"IC transfer capability, High/NTP ceiling (MW/1000), floored at existing+commissioned",2026-06-25,Konstantin Loffler <kl@wip.tu-berlin.de>
SPP,MISO,Power,2033,3.34616,,GW,"IC transfer capability, High/NTP ceiling (MW/1000), floored at existing+commissioned",2026-06-25,Konstantin Loffler <kl@wip.tu-berlin.de>
SPP,MISO,Power,2034,3.371256,,GW,"IC transfer capability, High/NTP ceiling (MW/1000), floored at existing+commissioned",2026-06-25,Konstantin Loffler <kl@wip.tu-berlin.de>
SPP,MISO,Power,2035,3.39654,,GW,"IC transfer capability, High/NTP ceiling (MW/1000), floored at existing+commissioned",2026-06-25,Konstantin Loffler <kl@wip.tu-berlin.de>
SPP,MISO,Power,2036,3.422014,,GW,"IC transfer capability, High/NTP ceiling (MW/1000), floored at existing+commissioned",2026-06-25,Konstantin Loffler <kl@wip.tu-berlin.de>
SPP,MISO,Power,2037,3.447679,,GW,"IC transfer capability, High/NTP ceiling (MW/1000), floored at existing+commissioned",2026-06-25,Konstantin Loffler <kl@wip.tu-berlin.de>
SPP,MISO,Power,2038,3.473537,,GW,"IC transfer capability, High/NTP ceiling (MW/1000), floored at existing+commissioned",2026-06-25,Konstantin Loffler <kl@wip.tu-berlin.de>
SPP,MISO,Power,2039,3.499588,,GW,"IC transfer capability, High/NTP ceiling (MW/1000), floored at existing+commissioned",2026-06-25,Konstantin Loffler <kl@wip.tu-berlin.de>
SPP,MISO,Power,2040,3.525835,,GW,"IC transfer capability, High/NTP ceiling (MW/1000), floored at existing+commissioned",2026-06-25,Konstantin Loffler <kl@wip.tu-berlin.de>
SPP,PJM,Power,2025,0.0,,GW,"IC transfer capability, High/NTP ceiling (MW/1000), floored at existing+commissioned",2026-06-25,Konstantin Loffler <kl@wip.tu-berlin.de>
SPP,PJM,Power,2026,0.0,,GW,"IC transfer capability, High/NTP ceiling (MW/1000), floored at existing+commissioned",2026-06-25,Konstantin Loffler <kl@wip.tu-berlin.de>
SPP,PJM,Power,2027,0.0,,GW,"IC transfer capability, High/NTP ceiling (MW/1000), floored at existing+commissioned",2026-06-25,Konstantin Loffler <kl@wip.tu-berlin.de>
SPP,PJM,Power,2028,0.0,,GW,"IC transfer capability, High/NTP ceiling (MW/1000), floored at existing+commissioned",2026-06-25,Konstantin Loffler <kl@wip.tu-berlin.de>
SPP,PJM,Power,2029,0.0,,GW,"IC transfer capability, High/NTP ceiling (MW/1000), floored at existing+commissioned",2026-06-25,Konstantin Loffler <kl@wip.tu-berlin.de>
SPP,PJM,Power,2030,0.0,,GW,"IC transfer capability, High/NTP ceiling (MW/1000), floored at existing+commissioned",2026-06-25,Konstantin Loffler <kl@wip.tu-berlin.de>
SPP,PJM,Power,2031,0.5,,GW,"IC transfer capability, High/NTP ceiling (MW/1000), floored at existing+commissioned",2026-06-25,Konstantin Loffler <kl@wip.tu-berlin.de>
SPP,PJM,Power,2032,1.0,,GW,"IC transfer capability, High/NTP ceiling (MW/1000), floored at existing+commissioned",2026-06-25,Konstantin Loffler <kl@wip.tu-berlin.de>
SPP,PJM,Power,2033,1.5,,GW,"IC transfer capability, High/NTP ceiling (MW/1000), floored at existing+commissioned",2026-06-25,Konstantin Loffler <kl@wip.tu-berlin.de>
SPP,PJM,Power,2034,2.0,,GW,"IC transfer capability, High/NTP ceiling (MW/1000), floored at existing+commissioned",2026-06-25,Konstantin Loffler <kl@wip.tu-berlin.de>
SPP,PJM,Power,2035,2.155165,,GW,"IC transfer capability, High/NTP ceiling (MW/1000), floored at existing+commissioned",2026-06-25,Konstantin Loffler <kl@wip.tu-berlin.de>
SPP,PJM,Power,2036,2.171329,,GW,"IC transfer capability, High/NTP ceiling (MW/1000), floored at existing+commissioned",2026-06-25,Konstantin Loffler <kl@wip.tu-berlin.de>
SPP,PJM,Power,2037,2.187614,,GW,"IC transfer capability, High/NTP ceiling (MW/1000), floored at existing+commissioned",2026-06-25,Konstantin Loffler <kl@wip.tu-berlin.de>
SPP,PJM,Power,2038,2.204021,,GW,"IC transfer capability, High/NTP ceiling (MW/1000), floored at existing+commissioned",2026-06-25,Konstantin Loffler <kl@wip.tu-berlin.de>
SPP,PJM,Power,2039,2.220551,,GW,"IC transfer capability, High/NTP ceiling (MW/1000), floored at existing+commissioned",2026-06-25,Konstantin Loffler <kl@wip.tu-berlin.de>
SPP,PJM,Power,2040,2.237205,,GW,"IC transfer capability, High/NTP ceiling (MW/1000), floored at existing+commissioned",2026-06-25,Konstantin Loffler <kl@wip.tu-berlin.de>
SPP,SERC,Power,2025,0.707,,GW,"IC transfer capability, High/NTP ceiling (MW/1000), floored at existing+commissioned",2026-06-25,Konstantin Loffler <kl@wip.tu-berlin.de>
SPP,SERC,Power,2026,0.712303,,GW,"IC transfer capability, High/NTP ceiling (MW/1000), floored at existing+commissioned",2026-06-25,Konstantin Loffler <kl@wip.tu-berlin.de>
SPP,SERC,Power,2027,0.717645,,GW,"IC transfer capability, High/NTP ceiling (MW/1000), floored at existing+commissioned",2026-06-25,Konstantin Loffler <kl@wip.tu-berlin.de>
SPP,SERC,Power,2028,0.723027,,GW,"IC transfer capability, High/NTP ceiling (MW/1000), floored at existing+commissioned",2026-06-25,Konstantin Loffler <kl@wip.tu-berlin.de>
SPP,SERC,Power,2029,0.72845,,GW,"IC transfer capability, High/NTP ceiling (MW/1000), floored at existing+commissioned",2026-06-25,Konstantin Loffler <kl@wip.tu-berlin.de>
SPP,SERC,Power,2030,0.733913,,GW,"IC transfer capability, High/NTP ceiling (MW/1000), floored at existing+commissioned",2026-06-25,Konstantin Loffler <kl@wip.tu-berlin.de>
SPP,SERC,Power,2031,0.739418,,GW,"IC transfer capability, High/NTP ceiling (MW/1000), floored at existing+commissioned",2026-06-25,Konstantin Loffler <kl@wip.tu-berlin.de>
SPP,SERC,Power,2032,0.744963,,GW,"IC transfer capability, High/NTP ceiling (MW/1000), floored at existing+commissioned",2026-06-25,Konstantin Loffler <kl@wip.tu-berlin.de>
SPP,SERC,Power,2033,0.75055,,GW,"IC transfer capability, High/NTP ceiling (MW/1000), floored at existing+commissioned",2026-06-25,Konstantin Loffler <kl@wip.tu-berlin.de>
SPP,SERC,Power,2034,0.75618,,GW,"IC transfer capability, High/NTP ceiling (MW/1000), floored at existing+commissioned",2026-06-25,Konstantin Loffler <kl@wip.tu-berlin.de>
SPP,SERC,Power,2035,0.761851,,GW,"IC transfer capability, High/NTP ceiling (MW/1000), floored at existing+commissioned",2026-06-25,Konstantin Loffler <kl@wip.tu-berlin.de>
SPP,SERC,Power,2036,0.767565,,GW,"IC transfer capability, High/NTP ceiling (MW/1000), floored at existing+commissioned",2026-06-25,Konstantin Loffler <kl@wip.tu-berlin.de>
SPP,SERC,Power,2037,0.773321,,GW,"IC transfer capability, High/NTP ceiling (MW/1000), floored at existing+commissioned",2026-06-25,Konstantin Loffler <kl@wip.tu-berlin.de>
SPP,SERC,Power,2038,0.779121,,GW,"IC transfer capability, High/NTP ceiling (MW/1000), floored at existing+commissioned",2026-06-25,Konstantin Loffler <kl@wip.tu-berlin.de>
SPP,SERC,Power,2039,0.784965,,GW,"IC transfer capability, High/NTP ceiling (MW/1000), floored at existing+commissioned",2026-06-25,Konstantin Loffler <kl@wip.tu-berlin.de>
SPP,SERC,Power,2040,0.790852,,GW,"IC transfer capability, High/NTP ceiling (MW/1000), floored at existing+commissioned",2026-06-25,Konstantin Loffler <kl@wip.tu-berlin.de>
SPP,WECC,Power,2025,0.61,,GW,"IC transfer capability, High/NTP ceiling (MW/1000), floored at existing+commissioned",2026-06-25,Konstantin Loffler <kl@wip.tu-berlin.de>
SPP,WECC,Power,2026,0.614575,,GW,"IC transfer capability, High/NTP ceiling (MW/1000), floored at existing+commissioned",2026-06-25,Konstantin Loffler <kl@wip.tu-berlin.de>
SPP,WECC,Power,2027,0.619184,,GW,"IC transfer capability, High/NTP ceiling (MW/1000), floored at existing+commissioned",2026-06-25,Konstantin Loffler <kl@wip.tu-berlin.de>
SPP,WECC,Power,2028,0.623828,,GW,"IC transfer capability, High/NTP ceiling (MW/1000), floored at existing+commissioned",2026-06-25,Konstantin Loffler <kl@wip.tu-berlin.de>
SPP,WECC,Power,2029,0.628507,,GW,"IC transfer capability, High/NTP ceiling (MW/1000), floored at existing+commissioned",2026-06-25,Konstantin Loffler <kl@wip.tu-berlin.de>
SPP,WECC,Power,2030,0.633221,,GW,"IC transfer capability, High/NTP ceiling (MW/1000), floored at existing+commissioned",2026-06-25,Konstantin Loffler <kl@wip.tu-berlin.de>
SPP,WECC,Power,2031,0.63797,,GW,"IC transfer capability, High/NTP ceiling (MW/1000), floored at existing+commissioned",2026-06-25,Konstantin Loffler <kl@wip.tu-berlin.de>
SPP,WECC,Power,2032,0.642755,,GW,"IC transfer capability, High/NTP ceiling (MW/1000), floored at existing+commissioned",2026-06-25,Konstantin Loffler <kl@wip.tu-berlin.de>
SPP,WECC,Power,2033,0.647575,,GW,"IC transfer capability, High/NTP ceiling (MW/1000), floored at existing+commissioned",2026-06-25,Konstantin Loffler <kl@wip.tu-berlin.de>
SPP,WECC,Power,2034,0.652432,,GW,"IC transfer capability, High/NTP ceiling (MW/1000), floored at existing+commissioned",2026-06-25,Konstantin Loffler <kl@wip.tu-berlin.de>
SPP,WECC,Power,2035,0.657325,,GW,"IC transfer capability, High/NTP ceiling (MW/1000), floored at existing+commissioned",2026-06-25,Konstantin Loffler <kl@wip.tu-berlin.de>
SPP,WECC,Power,2036,0.662255,,GW,"IC transfer capability, High/NTP ceiling (MW/1000), floored at existing+commissioned",2026-06-25,Konstantin Loffler <kl@wip.tu-berlin.de>
SPP,WECC,Power,2037,0.667222,,GW,"IC transfer capability, High/NTP ceiling (MW/1000), floored at existing+commissioned",2026-06-25,Konstantin Loffler <kl@wip.tu-berlin.de>
SPP,WECC,Power,2038,0.672226,,GW,"IC transfer capability, High/NTP ceiling (MW/1000), floored at existing+commissioned",2026-06-25,Konstantin Loffler <kl@wip.tu-berlin.de>
SPP,WECC,Power,2039,0.677268,,GW,"IC transfer capability, High/NTP ceiling (MW/1000), floored at existing+commissioned",2026-06-25,Konstantin Loffler <kl@wip.tu-berlin.de>
SPP,WECC,Power,2040,0.682348,,GW,"IC transfer capability, High/NTP ceiling (MW/1000), floored at existing+commissioned",2026-06-25,Konstantin Loffler <kl@wip.tu-berlin.de>
WECC,California,Power,2025,16.914,,GW,"IC transfer capability, High/NTP ceiling (MW/1000), floored at existing+commissioned",2026-06-25,Konstantin Loffler <kl@wip.tu-berlin.de>
WECC,California,Power,2026,17.040855,,GW,"IC transfer capability, High/NTP ceiling (MW/1000), floored at existing+commissioned",2026-06-25,Konstantin Loffler <kl@wip.tu-berlin.de>
WECC,California,Power,2027,17.168661,,GW,"IC transfer capability, High/NTP ceiling (MW/1000), floored at existing+commissioned",2026-06-25,Konstantin Loffler <kl@wip.tu-berlin.de>
WECC,California,Power,2028,17.297426,,GW,"IC transfer capability, High/NTP ceiling (MW/1000), floored at existing+commissioned",2026-06-25,Konstantin Loffler <kl@wip.tu-berlin.de>
WECC,California,Power,2029,17.427157,,GW,"IC transfer capability, High/NTP ceiling (MW/1000), floored at existing+commissioned",2026-06-25,Konstantin Loffler <kl@wip.tu-berlin.de>
WECC,California,Power,2030,17.557861,,GW,"IC transfer capability, High/NTP ceiling (MW/1000), floored at existing+commissioned",2026-06-25,Konstantin Loffler <kl@wip.tu-berlin.de>
WECC,California,Power,2031,17.689545,,GW,"IC transfer capability, High/NTP ceiling (MW/1000), floored at existing+commissioned",2026-06-25,Konstantin Loffler <kl@wip.tu-berlin.de>
WECC,California,Power,2032,17.822216,,GW,"IC transfer capability, High/NTP ceiling (MW/1000), floored at existing+commissioned",2026-06-25,Konstantin Loffler <kl@wip.tu-berlin.de>
WECC,California,Power,2033,17.955883,,GW,"IC transfer capability, High/NTP ceiling (MW/1000), floored at existing+commissioned",2026-06-25,Konstantin Loffler <kl@wip.tu-berlin.de>
WECC,California,Power,2034,18.090552,,GW,"IC transfer capability, High/NTP ceiling (MW/1000), floored at existing+commissioned",2026-06-25,Konstantin Loffler <kl@wip.tu-berlin.de>
WECC,California,Power,2035,18.226231,,GW,"IC transfer capability, High/NTP ceiling (MW/1000), floored at existing+commissioned",2026-06-25,Konstantin Loffler <kl@wip.tu-berlin.de>
WECC,California,Power,2036,18.362928,,GW,"IC transfer capability, High/NTP ceiling (MW/1000), floored at existing+commissioned",2026-06-25,Konstantin Loffler <kl@wip.tu-berlin.de>
WECC,California,Power,2037,18.50065,,GW,"IC transfer capability, High/NTP ceiling (MW/1000), floored at existing+commissioned",2026-06-25,Konstantin Loffler <kl@wip.tu-berlin.de>
WECC,California,Power,2038,18.639405,,GW,"IC transfer capability, High/NTP ceiling (MW/1000), floored at existing+commissioned",2026-06-25,Konstantin Loffler <kl@wip.tu-berlin.de>
WECC,California,Power,2039,18.7792,,GW,"IC transfer capability, High/NTP ceiling (MW/1000), floored at existing+commissioned",2026-06-25,Konstantin Loffler <kl@wip.tu-berlin.de>
WECC,California,Power,2040,18.920044,,GW,"IC transfer capability, High/NTP ceiling (MW/1000), floored at existing+commissioned",2026-06-25,Konstantin Loffler <kl@wip.tu-berlin.de>
WECC,Canada,Power,2025,3.25,,GW,"IC transfer capability, High/NTP ceiling (MW/1000), floored at existing+commissioned",2026-06-25,Konstantin Loffler <kl@wip.tu-berlin.de>
WECC,Canada,Power,2026,3.274375,,GW,"IC transfer capability, High/NTP ceiling (MW/1000), floored at existing+commissioned",2026-06-25,Konstantin Loffler <kl@wip.tu-berlin.de>
WECC,Canada,Power,2027,3.298933,,GW,"IC transfer capability, High/NTP ceiling (MW/1000), floored at existing+commissioned",2026-06-25,Konstantin Loffler <kl@wip.tu-berlin.de>
WECC,Canada,Power,2028,3.323675,,GW,"IC transfer capability, High/NTP ceiling (MW/1000), floored at existing+commissioned",2026-06-25,Konstantin Loffler <kl@wip.tu-berlin.de>
WECC,Canada,Power,2029,3.348602,,GW,"IC transfer capability, High/NTP ceiling (MW/1000), floored at existing+commissioned",2026-06-25,Konstantin Loffler <kl@wip.tu-berlin.de>
WECC,Canada,Power,2030,3.373717,,GW,"IC transfer capability, High/NTP ceiling (MW/1000), floored at existing+commissioned",2026-06-25,Konstantin Loffler <kl@wip.tu-berlin.de>
WECC,Canada,Power,2031,3.39902,,GW,"IC transfer capability, High/NTP ceiling (MW/1000), floored at existing+commissioned",2026-06-25,Konstantin Loffler <kl@wip.tu-berlin.de>
WECC,Canada,Power,2032,3.422,,GW,"IC transfer capability, High/NTP ceiling (MW/1000), floored at existing+commissioned",2026-06-25,Konstantin Loffler <kl@wip.tu-berlin.de>
WECC,Canada,Power,2033,3.422,,GW,"IC transfer capability, High/NTP ceiling (MW/1000), floored at existing+commissioned",2026-06-25,Konstantin Loffler <kl@wip.tu-berlin.de>
WECC,Canada,Power,2034,3.422,,GW,"IC transfer capability, High/NTP ceiling (MW/1000), floored at existing+commissioned",2026-06-25,Konstantin Loffler <kl@wip.tu-berlin.de>
WECC,Canada,Power,2035,3.422,,GW,"IC transfer capability, High/NTP ceiling (MW/1000), floored at existing+commissioned",2026-06-25,Konstantin Loffler <kl@wip.tu-berlin.de>
WECC,Canada,Power,2036,3.422,,GW,"IC transfer capability, High/NTP ceiling (MW/1000), floored at existing+commissioned",2026-06-25,Konstantin Loffler <kl@wip.tu-berlin.de>
WECC,Canada,Power,2037,3.422,,GW,"IC transfer capability, High/NTP ceiling (MW/1000), floored at existing+commissioned",2026-06-25,Konstantin Loffler <kl@wip.tu-berlin.de>
WECC,Canada,Power,2038,3.422,,GW,"IC transfer capability, High/NTP ceiling (MW/1000), floored at existing+commissioned",2026-06-25,Konstantin Loffler <kl@wip.tu-berlin.de>
WECC,Canada,Power,2039,3.422,,GW,"IC transfer capability, High/NTP ceiling (MW/1000), floored at existing+commissioned",2026-06-25,Konstantin Loffler <kl@wip.tu-berlin.de>
WECC,Canada,Power,2040,3.422,,GW,"IC transfer capability, High/NTP ceiling (MW/1000), floored at existing+commissioned",2026-06-25,Konstantin Loffler <kl@wip.tu-berlin.de>
WECC,ERCOT,Power,2025,0.0,,GW,"IC transfer capability, High/NTP ceiling (MW/1000), floored at existing+commissioned",2026-06-25,Konstantin Loffler <kl@wip.tu-berlin.de>
WECC,ERCOT,Power,2026,2.015,,GW,"IC transfer capability, High/NTP ceiling (MW/1000), floored at existing+commissioned",2026-06-25,Konstantin Loffler <kl@wip.tu-berlin.de>
WECC,ERCOT,Power,2027,2.030113,,GW,"IC transfer capability, High/NTP ceiling (MW/1000), floored at existing+commissioned",2026-06-25,Konstantin Loffler <kl@wip.tu-berlin.de>
WECC,ERCOT,Power,2028,2.045338,,GW,"IC transfer capability, High/NTP ceiling (MW/1000), floored at existing+commissioned",2026-06-25,Konstantin Loffler <kl@wip.tu-berlin.de>
WECC,ERCOT,Power,2029,2.060678,,GW,"IC transfer capability, High/NTP ceiling (MW/1000), floored at existing+commissioned",2026-06-25,Konstantin Loffler <kl@wip.tu-berlin.de>
WECC,ERCOT,Power,2030,2.076133,,GW,"IC transfer capability, High/NTP ceiling (MW/1000), floored at existing+commissioned",2026-06-25,Konstantin Loffler <kl@wip.tu-berlin.de>
WECC,ERCOT,Power,2031,2.091704,,GW,"IC transfer capability, High/NTP ceiling (MW/1000), floored at existing+commissioned",2026-06-25,Konstantin Loffler <kl@wip.tu-berlin.de>
WECC,ERCOT,Power,2032,2.107392,,GW,"IC transfer capability, High/NTP ceiling (MW/1000), floored at existing+commissioned",2026-06-25,Konstantin Loffler <kl@wip.tu-berlin.de>
WECC,ERCOT,Power,2033,2.123198,,GW,"IC transfer capability, High/NTP ceiling (MW/1000), floored at existing+commissioned",2026-06-25,Konstantin Loffler <kl@wip.tu-berlin.de>
WECC,ERCOT,Power,2034,2.139122,,GW,"IC transfer capability, High/NTP ceiling (MW/1000), floored at existing+commissioned",2026-06-25,Konstantin Loffler <kl@wip.tu-berlin.de>
WECC,ERCOT,Power,2035,2.155165,,GW,"IC transfer capability, High/NTP ceiling (MW/1000), floored at existing+commissioned",2026-06-25,Konstantin Loffler <kl@wip.tu-berlin.de>
WECC,ERCOT,Power,2036,2.171329,,GW,"IC transfer capability, High/NTP ceiling (MW/1000), floored at existing+commissioned",2026-06-25,Konstantin Loffler <kl@wip.tu-berlin.de>
WECC,ERCOT,Power,2037,2.187614,,GW,"IC transfer capability, High/NTP ceiling (MW/1000), floored at existing+commissioned",2026-06-25,Konstantin Loffler <kl@wip.tu-berlin.de>
WECC,ERCOT,Power,2038,2.204021,,GW,"IC transfer capability, High/NTP ceiling (MW/1000), floored at existing+commissioned",2026-06-25,Konstantin Loffler <kl@wip.tu-berlin.de>
WECC,ERCOT,Power,2039,2.220551,,GW,"IC transfer capability, High/NTP ceiling (MW/1000), floored at existing+commissioned",2026-06-25,Konstantin Loffler <kl@wip.tu-berlin.de>
WECC,ERCOT,Power,2040,2.237205,,GW,"IC transfer capability, High/NTP ceiling (MW/1000), floored at existing+commissioned",2026-06-25,Konstantin Loffler <kl@wip.tu-berlin.de>
WECC,MISO,Power,2025,0.0,,GW,"IC transfer capability, High/NTP ceiling (MW/1000), floored at existing+commissioned",2026-06-25,Konstantin Loffler <kl@wip.tu-berlin.de>
WECC,MISO,Power,2026,0.0,,GW,"IC transfer capability, High/NTP ceiling (MW/1000), floored at existing+commissioned",2026-06-25,Konstantin Loffler <kl@wip.tu-berlin.de>
WECC,MISO,Power,2027,0.0,,GW,"IC transfer capability, High/NTP ceiling (MW/1000), floored at existing+commissioned",2026-06-25,Konstantin Loffler <kl@wip.tu-berlin.de>
WECC,MISO,Power,2028,0.0,,GW,"IC transfer capability, High/NTP ceiling (MW/1000), floored at existing+commissioned",2026-06-25,Konstantin Loffler <kl@wip.tu-berlin.de>
WECC,MISO,Power,2029,0.0,,GW,"IC transfer capability, High/NTP ceiling (MW/1000), floored at existing+commissioned",2026-06-25,Konstantin Loffler <kl@wip.tu-berlin.de>
WECC,MISO,Power,2030,0.0,,GW,"IC transfer capability, High/NTP ceiling (MW/1000), floored at existing+commissioned",2026-06-25,Konstantin Loffler <kl@wip.tu-berlin.de>
WECC,MISO,Power,2031,0.66,,GW,"IC transfer capability, High/NTP ceiling (MW/1000), floored at existing+commissioned",2026-06-25,Konstantin Loffler <kl@wip.tu-berlin.de>
WECC,MISO,Power,2032,3.0,,GW,"IC transfer capability, High/NTP ceiling (MW/1000), floored at existing+commissioned",2026-06-25,Konstantin Loffler <kl@wip.tu-berlin.de>
WECC,MISO,Power,2033,3.0,,GW,"IC transfer capability, High/NTP ceiling (MW/1000), floored at existing+commissioned",2026-06-25,Konstantin Loffler <kl@wip.tu-berlin.de>
WECC,MISO,Power,2034,3.0,,GW,"IC transfer capability, High/NTP ceiling (MW/1000), floored at existing+commissioned",2026-06-25,Konstantin Loffler <kl@wip.tu-berlin.de>
WECC,MISO,Power,2035,3.0,,GW,"IC transfer capability, High/NTP ceiling (MW/1000), floored at existing+commissioned",2026-06-25,Konstantin Loffler <kl@wip.tu-berlin.de>
WECC,MISO,Power,2036,3.0,,GW,"IC transfer capability, High/NTP ceiling (MW/1000), floored at existing+commissioned",2026-06-25,Konstantin Loffler <kl@wip.tu-berlin.de>
WECC,MISO,Power,2037,3.0,,GW,"IC transfer capability, High/NTP ceiling (MW/1000), floored at existing+commissioned",2026-06-25,Konstantin Loffler <kl@wip.tu-berlin.de>
WECC,MISO,Power,2038,3.0,,GW,"IC transfer capability, High/NTP ceiling (MW/1000), floored at existing+commissioned",2026-06-25,Konstantin Loffler <kl@wip.tu-berlin.de>
WECC,MISO,Power,2039,3.0,,GW,"IC transfer capability, High/NTP ceiling (MW/1000), floored at existing+commissioned",2026-06-25,Konstantin Loffler <kl@wip.tu-berlin.de>
WECC,MISO,Power,2040,3.0,,GW,"IC transfer capability, High/NTP ceiling (MW/1000), floored at existing+commissioned",2026-06-25,Konstantin Loffler <kl@wip.tu-berlin.de>
WECC,SPP,Power,2025,0.61,,GW,"IC transfer capability, High/NTP ceiling (MW/1000), floored at existing+commissioned",2026-06-25,Konstantin Loffler <kl@wip.tu-berlin.de>
WECC,SPP,Power,2026,0.614575,,GW,"IC transfer capability, High/NTP ceiling (MW/1000), floored at existing+commissioned",2026-06-25,Konstantin Loffler <kl@wip.tu-berlin.de>
WECC,SPP,Power,2027,0.619184,,GW,"IC transfer capability, High/NTP ceiling (MW/1000), floored at existing+commissioned",2026-06-25,Konstantin Loffler <kl@wip.tu-berlin.de>
WECC,SPP,Power,2028,0.623828,,GW,"IC transfer capability, High/NTP ceiling (MW/1000), floored at existing+commissioned",2026-06-25,Konstantin Loffler <kl@wip.tu-berlin.de>
WECC,SPP,Power,2029,0.628507,,GW,"IC transfer capability, High/NTP ceiling (MW/1000), floored at existing+commissioned",2026-06-25,Konstantin Loffler <kl@wip.tu-berlin.de>
WECC,SPP,Power,2030,0.633221,,GW,"IC transfer capability, High/NTP ceiling (MW/1000), floored at existing+commissioned",2026-06-25,Konstantin Loffler <kl@wip.tu-berlin.de>
WECC,SPP,Power,2031,0.63797,,GW,"IC transfer capability, High/NTP ceiling (MW/1000), floored at existing+commissioned",2026-06-25,Konstantin Loffler <kl@wip.tu-berlin.de>
WECC,SPP,Power,2032,0.642755,,GW,"IC transfer capability, High/NTP ceiling (MW/1000), floored at existing+commissioned",2026-06-25,Konstantin Loffler <kl@wip.tu-berlin.de>
WECC,SPP,Power,2033,0.647575,,GW,"IC transfer capability, High/NTP ceiling (MW/1000), floored at existing+commissioned",2026-06-25,Konstantin Loffler <kl@wip.tu-berlin.de>
WECC,SPP,Power,2034,0.652432,,GW,"IC transfer capability, High/NTP ceiling (MW/1000), floored at existing+commissioned",2026-06-25,Konstantin Loffler <kl@wip.tu-berlin.de>
WECC,SPP,Power,2035,0.657325,,GW,"IC transfer capability, High/NTP ceiling (MW/1000), floored at existing+commissioned",2026-06-25,Konstantin Loffler <kl@wip.tu-berlin.de>
WECC,SPP,Power,2036,0.662255,,GW,"IC transfer capability, High/NTP ceiling (MW/1000), floored at existing+commissioned",2026-06-25,Konstantin Loffler <kl@wip.tu-berlin.de>
WECC,SPP,Power,2037,0.667222,,GW,"IC transfer capability, High/NTP ceiling (MW/1000), floored at existing+commissioned",2026-06-25,Konstantin Loffler <kl@wip.tu-berlin.de>
WECC,SPP,Power,2038,0.672226,,GW,"IC transfer capability, High/NTP ceiling (MW/1000), floored at existing+commissioned",2026-06-25,Konstantin Loffler <kl@wip.tu-berlin.de>
WECC,SPP,Power,2039,0.677268,,GW,"IC transfer capability, High/NTP ceiling (MW/1000), floored at existing+commissioned",2026-06-25,Konstantin Loffler <kl@wip.tu-berlin.de>
WECC,SPP,Power,2040,0.682348,,GW,"IC transfer capability, High/NTP ceiling (MW/1000), floored at existing+commissioned",2026-06-25,Konstantin Loffler <kl@wip.tu-berlin.de>
