Region,Technology,Year,Value,Unnamed: 4,Unit,Source,Updated at,Updated by,Unnamed: 9
World,CHP_Biomass_Solid,2018,75.9,,MEUR/GW,,,,
World,CHP_Biomass_Solid,2020,75.9,,MEUR/GW,,,,
World,CHP_Biomass_Solid,2021,75.9,,MEUR/GW,Biomass CHP - Energy Technology Reference Indicator (ETRI) projections for 2010-2050 - Publications Office of the EU (europa.eu),02.09.2024,Alena Diesing <ad@wip.tu-berlin.de>,
World,CHP_Biomass_Solid,2025,72.335,,MEUR/GW,Biomass CHP - Energy Technology Reference Indicator (ETRI) projections for 2010-2050 - Publications Office of the EU (europa.eu),02.09.2024,Alena Diesing <ad@wip.tu-berlin.de>,
World,CHP_Biomass_Solid,2030,68.77,,MEUR/GW,Biomass CHP - Energy Technology Reference Indicator (ETRI) projections for 2010-2050 - Publications Office of the EU (europa.eu),02.09.2024,Alena Diesing <ad@wip.tu-berlin.de>,
World,CHP_Biomass_Solid,2035,66.01,,MEUR/GW,Biomass CHP - Energy Technology Reference Indicator (ETRI) projections for 2010-2050 - Publications Office of the EU (europa.eu),02.09.2024,Alena Diesing <ad@wip.tu-berlin.de>,
World,CHP_Biomass_Solid,2040,63.25,,MEUR/GW,Biomass CHP - Energy Technology Reference Indicator (ETRI) projections for 2010-2050 - Publications Office of the EU (europa.eu),02.09.2024,Alena Diesing <ad@wip.tu-berlin.de>,
World,CHP_Biomass_Solid,2045,60.835,,MEUR/GW,Biomass CHP - Energy Technology Reference Indicator (ETRI) projections for 2010-2050 - Publications Office of the EU (europa.eu),02.09.2024,Alena Diesing <ad@wip.tu-berlin.de>,
World,CHP_Biomass_Solid,2050,58.42,,MEUR/GW,Biomass CHP - Energy Technology Reference Indicator (ETRI) projections for 2010-2050 - Publications Office of the EU (europa.eu),02.09.2024,Alena Diesing <ad@wip.tu-berlin.de>,
World,CHP_Biomass_Solid,2055,58.42,,MEUR/GW,same as 2050 for now,29.01.2025,Nikita Moskalenko <nim@wip.tu-berlin.de>,
World,CHP_Biomass_Solid,2060,58.42,,MEUR/GW,same as 2050 for now,29.01.2025,Nikita Moskalenko <nim@wip.tu-berlin.de>,
World,CHP_Biomass_Solid_CCS,2018,133.584,,MEUR/GW,,,,
World,CHP_Biomass_Solid_CCS,2020,133.584,,MEUR/GW,,,,
World,CHP_Biomass_Solid_CCS,2021,133.584,,MEUR/GW,"76% increase for ccs- https://www.sciencedirect.com/science/article/pii/S1750583615001814#sec0060(post-combustion capture at new NGCC power plant, SRCCS Rep. value)",02.09.2024,Alena Diesing <ad@wip.tu-berlin.de>,
World,CHP_Biomass_Solid_CCS,2025,127.3096,,MEUR/GW,"76% increase for ccs- https://www.sciencedirect.com/science/article/pii/S1750583615001814#sec0060(post-combustion capture at new NGCC power plant, SRCCS Rep. value)",02.09.2024,Alena Diesing <ad@wip.tu-berlin.de>,
World,CHP_Biomass_Solid_CCS,2030,121.0352,,MEUR/GW,"76% increase for ccs- https://www.sciencedirect.com/science/article/pii/S1750583615001814#sec0060(post-combustion capture at new NGCC power plant, SRCCS Rep. value)",02.09.2024,Alena Diesing <ad@wip.tu-berlin.de>,
World,CHP_Biomass_Solid_CCS,2035,116.1776,,MEUR/GW,"76% increase for ccs- https://www.sciencedirect.com/science/article/pii/S1750583615001814#sec0060(post-combustion capture at new NGCC power plant, SRCCS Rep. value)",02.09.2024,Alena Diesing <ad@wip.tu-berlin.de>,
World,CHP_Biomass_Solid_CCS,2040,111.32,,MEUR/GW,"76% increase for ccs- https://www.sciencedirect.com/science/article/pii/S1750583615001814#sec0060(post-combustion capture at new NGCC power plant, SRCCS Rep. value)",02.09.2024,Alena Diesing <ad@wip.tu-berlin.de>,
World,CHP_Biomass_Solid_CCS,2045,107.0696,,MEUR/GW,"76% increase for ccs- https://www.sciencedirect.com/science/article/pii/S1750583615001814#sec0060(post-combustion capture at new NGCC power plant, SRCCS Rep. value)",02.09.2024,Alena Diesing <ad@wip.tu-berlin.de>,
World,CHP_Biomass_Solid_CCS,2050,102.8192,,MEUR/GW,"76% increase for ccs- https://www.sciencedirect.com/science/article/pii/S1750583615001814#sec0060(post-combustion capture at new NGCC power plant, SRCCS Rep. value)",02.09.2024,Alena Diesing <ad@wip.tu-berlin.de>,
World,CHP_Biomass_Solid_CCS,2055,102.8192,,MEUR/GW,same as 2050 for now,29.01.2025,Nikita Moskalenko <nim@wip.tu-berlin.de>,
World,CHP_Biomass_Solid_CCS,2060,102.8192,,MEUR/GW,same as 2050 for now,29.01.2025,Nikita Moskalenko <nim@wip.tu-berlin.de>,
World,CHP_Coal_Hardcoal,2018,46.7,,MEUR/GW,CHP Coal- Table 1.7- High cost of slow energy transitions for emerging countries: On the case of Egypt's pathway options- Appendix A Supplementary data,08.09.2023,Luka Garibashvili <lukaga@stud.ntnu.no>,
World,CHP_Coal_Hardcoal,2020,46.7,,MEUR/GW,CHP Coal- Table 1.7- High cost of slow energy transitions for emerging countries: On the case of Egypt's pathway options- Appendix A Supplementary data,08.09.2023,Luka Garibashvili <lukaga@stud.ntnu.no>,
World,CHP_Coal_Hardcoal,2021,46.7,,MEUR/GW,Steam turbine coal supercritical CHP - Energy Technology Reference Indicator (ETRI) projections for 2010-2050 - Publications Office of the EU (europa.eu),02.09.2024,Alena Diesing <ad@wip.tu-berlin.de>,
World,CHP_Coal_Hardcoal,2025,46.7,,MEUR/GW,Steam turbine coal supercritical CHP - Energy Technology Reference Indicator (ETRI) projections for 2010-2050 - Publications Office of the EU (europa.eu),02.09.2024,Alena Diesing <ad@wip.tu-berlin.de>,
World,CHP_Coal_Hardcoal,2030,46.7,,MEUR/GW,Steam turbine coal supercritical CHP - Energy Technology Reference Indicator (ETRI) projections for 2010-2050 - Publications Office of the EU (europa.eu),02.09.2024,Alena Diesing <ad@wip.tu-berlin.de>,
World,CHP_Coal_Hardcoal,2035,46.7,,MEUR/GW,Steam turbine coal supercritical CHP - Energy Technology Reference Indicator (ETRI) projections for 2010-2050 - Publications Office of the EU (europa.eu),02.09.2024,Alena Diesing <ad@wip.tu-berlin.de>,
World,CHP_Coal_Hardcoal,2040,46.7,,MEUR/GW,Steam turbine coal supercritical CHP - Energy Technology Reference Indicator (ETRI) projections for 2010-2050 - Publications Office of the EU (europa.eu),02.09.2024,Alena Diesing <ad@wip.tu-berlin.de>,
World,CHP_Coal_Hardcoal,2045,46.7,,MEUR/GW,Steam turbine coal supercritical CHP - Energy Technology Reference Indicator (ETRI) projections for 2010-2050 - Publications Office of the EU (europa.eu),02.09.2024,Alena Diesing <ad@wip.tu-berlin.de>,
World,CHP_Coal_Hardcoal,2050,46.7,,MEUR/GW,Steam turbine coal supercritical CHP - Energy Technology Reference Indicator (ETRI) projections for 2010-2050 - Publications Office of the EU (europa.eu),02.09.2024,Alena Diesing <ad@wip.tu-berlin.de>,
World,CHP_Coal_Hardcoal,2055,46.7,,MEUR/GW,same as 2050 for now,29.01.2025,Nikita Moskalenko <nim@wip.tu-berlin.de>,
World,CHP_Coal_Hardcoal,2060,46.7,,MEUR/GW,same as 2050 for now,29.01.2025,Nikita Moskalenko <nim@wip.tu-berlin.de>,
World,CHP_Coal_Hardcoal_CCS,2018,76.121,,MEUR/GW,,,,
World,CHP_Coal_Hardcoal_CCS,2020,76.121,,MEUR/GW,,,,
World,CHP_Coal_Hardcoal_CCS,2021,76.121,,MEUR/GW,"63% increase for ccs- https://www.sciencedirect.com/science/article/pii/S1750583615001814#sec0060 (post-combustion capture at SCPC power plants using bituminous coals, SRCCS Rep.value)",02.09.2024,Alena Diesing <ad@wip.tu-berlin.de>,
World,CHP_Coal_Hardcoal_CCS,2025,76.121,,MEUR/GW,"63% increase for ccs- https://www.sciencedirect.com/science/article/pii/S1750583615001814#sec0060 (post-combustion capture at SCPC power plants using bituminous coals, SRCCS Rep.value)",02.09.2024,Alena Diesing <ad@wip.tu-berlin.de>,
World,CHP_Coal_Hardcoal_CCS,2030,76.121,,MEUR/GW,"63% increase for ccs- https://www.sciencedirect.com/science/article/pii/S1750583615001814#sec0060 (post-combustion capture at SCPC power plants using bituminous coals, SRCCS Rep.value)",02.09.2024,Alena Diesing <ad@wip.tu-berlin.de>,
World,CHP_Coal_Hardcoal_CCS,2035,76.121,,MEUR/GW,"63% increase for ccs- https://www.sciencedirect.com/science/article/pii/S1750583615001814#sec0060 (post-combustion capture at SCPC power plants using bituminous coals, SRCCS Rep.value)",02.09.2024,Alena Diesing <ad@wip.tu-berlin.de>,
World,CHP_Coal_Hardcoal_CCS,2040,76.121,,MEUR/GW,"63% increase for ccs- https://www.sciencedirect.com/science/article/pii/S1750583615001814#sec0060 (post-combustion capture at SCPC power plants using bituminous coals, SRCCS Rep.value)",02.09.2024,Alena Diesing <ad@wip.tu-berlin.de>,
World,CHP_Coal_Hardcoal_CCS,2045,76.121,,MEUR/GW,"63% increase for ccs- https://www.sciencedirect.com/science/article/pii/S1750583615001814#sec0060 (post-combustion capture at SCPC power plants using bituminous coals, SRCCS Rep.value)",02.09.2024,Alena Diesing <ad@wip.tu-berlin.de>,
World,CHP_Coal_Hardcoal_CCS,2050,76.121,,MEUR/GW,"63% increase for ccs- https://www.sciencedirect.com/science/article/pii/S1750583615001814#sec0060 (post-combustion capture at SCPC power plants using bituminous coals, SRCCS Rep.value)",02.09.2024,Alena Diesing <ad@wip.tu-berlin.de>,
World,CHP_Coal_Hardcoal_CCS,2055,76.121,,MEUR/GW,same as 2050 for now,29.01.2025,Nikita Moskalenko <nim@wip.tu-berlin.de>,
World,CHP_Coal_Hardcoal_CCS,2060,76.121,,MEUR/GW,same as 2050 for now,29.01.2025,Nikita Moskalenko <nim@wip.tu-berlin.de>,
World,CHP_Coal_Lignite,2018,46.7,,MEUR/GW,,,,
World,CHP_Coal_Lignite,2020,46.7,,MEUR/GW,,,,
World,CHP_Coal_Lignite,2021,46.7,,MEUR/GW,Steam turbine coal supercritical CHP - Energy Technology Reference Indicator (ETRI) projections for 2010-2050 - Publications Office of the EU (europa.eu),02.09.2024,Alena Diesing <ad@wip.tu-berlin.de>,
World,CHP_Coal_Lignite,2025,46.7,,MEUR/GW,Steam turbine coal supercritical CHP - Energy Technology Reference Indicator (ETRI) projections for 2010-2050 - Publications Office of the EU (europa.eu),02.09.2024,Alena Diesing <ad@wip.tu-berlin.de>,
World,CHP_Coal_Lignite,2030,46.7,,MEUR/GW,Steam turbine coal supercritical CHP - Energy Technology Reference Indicator (ETRI) projections for 2010-2050 - Publications Office of the EU (europa.eu),02.09.2024,Alena Diesing <ad@wip.tu-berlin.de>,
World,CHP_Coal_Lignite,2035,46.7,,MEUR/GW,Steam turbine coal supercritical CHP - Energy Technology Reference Indicator (ETRI) projections for 2010-2050 - Publications Office of the EU (europa.eu),02.09.2024,Alena Diesing <ad@wip.tu-berlin.de>,
World,CHP_Coal_Lignite,2040,46.7,,MEUR/GW,Steam turbine coal supercritical CHP - Energy Technology Reference Indicator (ETRI) projections for 2010-2050 - Publications Office of the EU (europa.eu),02.09.2024,Alena Diesing <ad@wip.tu-berlin.de>,
World,CHP_Coal_Lignite,2045,46.7,,MEUR/GW,Steam turbine coal supercritical CHP - Energy Technology Reference Indicator (ETRI) projections for 2010-2050 - Publications Office of the EU (europa.eu),02.09.2024,Alena Diesing <ad@wip.tu-berlin.de>,
World,CHP_Coal_Lignite,2050,46.7,,MEUR/GW,Steam turbine coal supercritical CHP - Energy Technology Reference Indicator (ETRI) projections for 2010-2050 - Publications Office of the EU (europa.eu),02.09.2024,Alena Diesing <ad@wip.tu-berlin.de>,
World,CHP_Coal_Lignite,2055,46.7,,MEUR/GW,same as 2050 for now,29.01.2025,Nikita Moskalenko <nim@wip.tu-berlin.de>,
World,CHP_Coal_Lignite,2060,46.7,,MEUR/GW,same as 2050 for now,29.01.2025,Nikita Moskalenko <nim@wip.tu-berlin.de>,
World,CHP_Coal_Lignite_CCS,2018,76.121,,MEUR/GW,,,,
World,CHP_Coal_Lignite_CCS,2020,76.121,,MEUR/GW,,,,
World,CHP_Coal_Lignite_CCS,2021,76.121,,MEUR/GW,"63% increase for ccs- https://www.sciencedirect.com/science/article/pii/S1750583615001814#sec0060 (post-combustion capture at SCPC power plants using bituminous coals, SRCCS Rep.value)",02.09.2024,Alena Diesing <ad@wip.tu-berlin.de>,
World,CHP_Coal_Lignite_CCS,2025,76.121,,MEUR/GW,"63% increase for ccs- https://www.sciencedirect.com/science/article/pii/S1750583615001814#sec0060 (post-combustion capture at SCPC power plants using bituminous coals, SRCCS Rep.value)",02.09.2024,Alena Diesing <ad@wip.tu-berlin.de>,
World,CHP_Coal_Lignite_CCS,2030,76.121,,MEUR/GW,"63% increase for ccs- https://www.sciencedirect.com/science/article/pii/S1750583615001814#sec0060 (post-combustion capture at SCPC power plants using bituminous coals, SRCCS Rep.value)",02.09.2024,Alena Diesing <ad@wip.tu-berlin.de>,
World,CHP_Coal_Lignite_CCS,2035,76.121,,MEUR/GW,"63% increase for ccs- https://www.sciencedirect.com/science/article/pii/S1750583615001814#sec0060 (post-combustion capture at SCPC power plants using bituminous coals, SRCCS Rep.value)",02.09.2024,Alena Diesing <ad@wip.tu-berlin.de>,
World,CHP_Coal_Lignite_CCS,2040,76.121,,MEUR/GW,"63% increase for ccs- https://www.sciencedirect.com/science/article/pii/S1750583615001814#sec0060 (post-combustion capture at SCPC power plants using bituminous coals, SRCCS Rep.value)",02.09.2024,Alena Diesing <ad@wip.tu-berlin.de>,
World,CHP_Coal_Lignite_CCS,2045,76.121,,MEUR/GW,"63% increase for ccs- https://www.sciencedirect.com/science/article/pii/S1750583615001814#sec0060 (post-combustion capture at SCPC power plants using bituminous coals, SRCCS Rep.value)",02.09.2024,Alena Diesing <ad@wip.tu-berlin.de>,
World,CHP_Coal_Lignite_CCS,2050,76.121,,MEUR/GW,"63% increase for ccs- https://www.sciencedirect.com/science/article/pii/S1750583615001814#sec0060 (post-combustion capture at SCPC power plants using bituminous coals, SRCCS Rep.value)",02.09.2024,Alena Diesing <ad@wip.tu-berlin.de>,
World,CHP_Coal_Lignite_CCS,2055,76.121,,MEUR/GW,same as 2050 for now,29.01.2025,Nikita Moskalenko <nim@wip.tu-berlin.de>,
World,CHP_Coal_Lignite_CCS,2060,76.121,,MEUR/GW,same as 2050 for now,29.01.2025,Nikita Moskalenko <nim@wip.tu-berlin.de>,
World,CHP_Gas_CCGT_Biogas,2018,39,,MEUR/GW,,,,
World,CHP_Gas_CCGT_Biogas,2020,39,,MEUR/GW,,,,
World,CHP_Gas_CCGT_Biogas,2021,39,,MEUR/GW,CCGT advanced CHP - Energy Technology Reference Indicator (ETRI) projections for 2010-2050 - Publications Office of the EU (europa.eu),02.09.2024,Alena Diesing <ad@wip.tu-berlin.de>,
World,CHP_Gas_CCGT_Biogas,2025,38.805,,MEUR/GW,CCGT advanced CHP - Energy Technology Reference Indicator (ETRI) projections for 2010-2050 - Publications Office of the EU (europa.eu),02.09.2024,Alena Diesing <ad@wip.tu-berlin.de>,
World,CHP_Gas_CCGT_Biogas,2030,38.61,,MEUR/GW,CCGT advanced CHP - Energy Technology Reference Indicator (ETRI) projections for 2010-2050 - Publications Office of the EU (europa.eu),02.09.2024,Alena Diesing <ad@wip.tu-berlin.de>,
World,CHP_Gas_CCGT_Biogas,2035,38.415,,MEUR/GW,CCGT advanced CHP - Energy Technology Reference Indicator (ETRI) projections for 2010-2050 - Publications Office of the EU (europa.eu),02.09.2024,Alena Diesing <ad@wip.tu-berlin.de>,
World,CHP_Gas_CCGT_Biogas,2040,38.22,,MEUR/GW,CCGT advanced CHP - Energy Technology Reference Indicator (ETRI) projections for 2010-2050 - Publications Office of the EU (europa.eu),02.09.2024,Alena Diesing <ad@wip.tu-berlin.de>,
World,CHP_Gas_CCGT_Biogas,2045,38.025,,MEUR/GW,CCGT advanced CHP - Energy Technology Reference Indicator (ETRI) projections for 2010-2050 - Publications Office of the EU (europa.eu),02.09.2024,Alena Diesing <ad@wip.tu-berlin.de>,
World,CHP_Gas_CCGT_Biogas,2050,37.83,,MEUR/GW,CCGT advanced CHP - Energy Technology Reference Indicator (ETRI) projections for 2010-2050 - Publications Office of the EU (europa.eu),02.09.2024,Alena Diesing <ad@wip.tu-berlin.de>,
World,CHP_Gas_CCGT_Biogas,2055,37.83,,MEUR/GW,same as 2050 for now,29.01.2025,Nikita Moskalenko <nim@wip.tu-berlin.de>,
World,CHP_Gas_CCGT_Biogas,2060,37.83,,MEUR/GW,same as 2050 for now,29.01.2025,Nikita Moskalenko <nim@wip.tu-berlin.de>,
World,CHP_Gas_CCGT_Biogas_CCS,2018,68.64,,MEUR/GW,,,,
World,CHP_Gas_CCGT_Biogas_CCS,2020,68.64,,MEUR/GW,,,,
World,CHP_Gas_CCGT_Biogas_CCS,2021,68.64,,MEUR/GW,"76% increase for ccs- https://www.sciencedirect.com/science/article/pii/S1750583615001814#sec0060(post-combustion capture at new NGCC power plant, SRCCS Rep. value)",02.09.2024,Alena Diesing <ad@wip.tu-berlin.de>,
World,CHP_Gas_CCGT_Biogas_CCS,2025,68.64,,MEUR/GW,"76% increase for ccs- https://www.sciencedirect.com/science/article/pii/S1750583615001814#sec0060(post-combustion capture at new NGCC power plant, SRCCS Rep. value)",02.09.2024,Alena Diesing <ad@wip.tu-berlin.de>,
World,CHP_Gas_CCGT_Biogas_CCS,2030,68.64,,MEUR/GW,"76% increase for ccs- https://www.sciencedirect.com/science/article/pii/S1750583615001814#sec0060(post-combustion capture at new NGCC power plant, SRCCS Rep. value)",02.09.2024,Alena Diesing <ad@wip.tu-berlin.de>,
World,CHP_Gas_CCGT_Biogas_CCS,2035,68.64,,MEUR/GW,"76% increase for ccs- https://www.sciencedirect.com/science/article/pii/S1750583615001814#sec0060(post-combustion capture at new NGCC power plant, SRCCS Rep. value)",02.09.2024,Alena Diesing <ad@wip.tu-berlin.de>,
World,CHP_Gas_CCGT_Biogas_CCS,2040,68.64,,MEUR/GW,"76% increase for ccs- https://www.sciencedirect.com/science/article/pii/S1750583615001814#sec0060(post-combustion capture at new NGCC power plant, SRCCS Rep. value)",02.09.2024,Alena Diesing <ad@wip.tu-berlin.de>,
World,CHP_Gas_CCGT_Biogas_CCS,2045,68.64,,MEUR/GW,"76% increase for ccs- https://www.sciencedirect.com/science/article/pii/S1750583615001814#sec0060(post-combustion capture at new NGCC power plant, SRCCS Rep. value)",02.09.2024,Alena Diesing <ad@wip.tu-berlin.de>,
World,CHP_Gas_CCGT_Biogas_CCS,2050,68.64,,MEUR/GW,"76% increase for ccs- https://www.sciencedirect.com/science/article/pii/S1750583615001814#sec0060(post-combustion capture at new NGCC power plant, SRCCS Rep. value)",02.09.2024,Alena Diesing <ad@wip.tu-berlin.de>,
World,CHP_Gas_CCGT_Biogas_CCS,2055,68.64,,MEUR/GW,same as 2050 for now,29.01.2025,Nikita Moskalenko <nim@wip.tu-berlin.de>,
World,CHP_Gas_CCGT_Biogas_CCS,2060,68.64,,MEUR/GW,same as 2050 for now,29.01.2025,Nikita Moskalenko <nim@wip.tu-berlin.de>,
World,CHP_Gas_CCGT_Natural,2018,39,,MEUR/GW,,,,
World,CHP_Gas_CCGT_Natural,2020,39,,MEUR/GW,,,,
World,CHP_Gas_CCGT_Natural,2021,39,,MEUR/GW,CCGT advanced CHP - Energy Technology Reference Indicator (ETRI) projections for 2010-2050 - Publications Office of the EU (europa.eu),02.09.2024,Alena Diesing <ad@wip.tu-berlin.de>,
World,CHP_Gas_CCGT_Natural,2025,38.805,,MEUR/GW,CCGT advanced CHP - Energy Technology Reference Indicator (ETRI) projections for 2010-2050 - Publications Office of the EU (europa.eu),02.09.2024,Alena Diesing <ad@wip.tu-berlin.de>,
World,CHP_Gas_CCGT_Natural,2030,38.61,,MEUR/GW,CCGT advanced CHP - Energy Technology Reference Indicator (ETRI) projections for 2010-2050 - Publications Office of the EU (europa.eu),02.09.2024,Alena Diesing <ad@wip.tu-berlin.de>,
World,CHP_Gas_CCGT_Natural,2035,38.415,,MEUR/GW,CCGT advanced CHP - Energy Technology Reference Indicator (ETRI) projections for 2010-2050 - Publications Office of the EU (europa.eu),02.09.2024,Alena Diesing <ad@wip.tu-berlin.de>,
World,CHP_Gas_CCGT_Natural,2040,38.22,,MEUR/GW,CCGT advanced CHP - Energy Technology Reference Indicator (ETRI) projections for 2010-2050 - Publications Office of the EU (europa.eu),02.09.2024,Alena Diesing <ad@wip.tu-berlin.de>,
World,CHP_Gas_CCGT_Natural,2045,38.025,,MEUR/GW,CCGT advanced CHP - Energy Technology Reference Indicator (ETRI) projections for 2010-2050 - Publications Office of the EU (europa.eu),02.09.2024,Alena Diesing <ad@wip.tu-berlin.de>,
World,CHP_Gas_CCGT_Natural,2050,37.83,,MEUR/GW,CCGT advanced CHP - Energy Technology Reference Indicator (ETRI) projections for 2010-2050 - Publications Office of the EU (europa.eu),02.09.2024,Alena Diesing <ad@wip.tu-berlin.de>,
World,CHP_Gas_CCGT_Natural,2055,37.83,,MEUR/GW,same as 2050 for now,29.01.2025,Nikita Moskalenko <nim@wip.tu-berlin.de>,
World,CHP_Gas_CCGT_Natural,2060,37.83,,MEUR/GW,same as 2050 for now,29.01.2025,Nikita Moskalenko <nim@wip.tu-berlin.de>,
World,CHP_Gas_CCGT_Natural_CCS,2018,68.64,,MEUR/GW,,,,
World,CHP_Gas_CCGT_Natural_CCS,2020,68.64,,MEUR/GW,,,,
World,CHP_Gas_CCGT_Natural_CCS,2021,68.64,,MEUR/GW,"76% increase for ccs- https://www.sciencedirect.com/science/article/pii/S1750583615001814#sec0060(post-combustion capture at new NGCC power plant, SRCCS Rep. value)",02.09.2024,Alena Diesing <ad@wip.tu-berlin.de>,
World,CHP_Gas_CCGT_Natural_CCS,2025,68.64,,MEUR/GW,"76% increase for ccs- https://www.sciencedirect.com/science/article/pii/S1750583615001814#sec0060(post-combustion capture at new NGCC power plant, SRCCS Rep. value)",02.09.2024,Alena Diesing <ad@wip.tu-berlin.de>,
World,CHP_Gas_CCGT_Natural_CCS,2030,68.64,,MEUR/GW,"76% increase for ccs- https://www.sciencedirect.com/science/article/pii/S1750583615001814#sec0060(post-combustion capture at new NGCC power plant, SRCCS Rep. value)",02.09.2024,Alena Diesing <ad@wip.tu-berlin.de>,
World,CHP_Gas_CCGT_Natural_CCS,2035,68.64,,MEUR/GW,"76% increase for ccs- https://www.sciencedirect.com/science/article/pii/S1750583615001814#sec0060(post-combustion capture at new NGCC power plant, SRCCS Rep. value)",02.09.2024,Alena Diesing <ad@wip.tu-berlin.de>,
World,CHP_Gas_CCGT_Natural_CCS,2040,68.64,,MEUR/GW,"76% increase for ccs- https://www.sciencedirect.com/science/article/pii/S1750583615001814#sec0060(post-combustion capture at new NGCC power plant, SRCCS Rep. value)",02.09.2024,Alena Diesing <ad@wip.tu-berlin.de>,
World,CHP_Gas_CCGT_Natural_CCS,2045,68.64,,MEUR/GW,"76% increase for ccs- https://www.sciencedirect.com/science/article/pii/S1750583615001814#sec0060(post-combustion capture at new NGCC power plant, SRCCS Rep. value)",02.09.2024,Alena Diesing <ad@wip.tu-berlin.de>,
World,CHP_Gas_CCGT_Natural_CCS,2050,68.64,,MEUR/GW,"76% increase for ccs- https://www.sciencedirect.com/science/article/pii/S1750583615001814#sec0060(post-combustion capture at new NGCC power plant, SRCCS Rep. value)",02.09.2024,Alena Diesing <ad@wip.tu-berlin.de>,
World,CHP_Gas_CCGT_Natural_CCS,2055,68.64,,MEUR/GW,same as 2050 for now,29.01.2025,Nikita Moskalenko <nim@wip.tu-berlin.de>,
World,CHP_Gas_CCGT_Natural_CCS,2060,68.64,,MEUR/GW,same as 2050 for now,29.01.2025,Nikita Moskalenko <nim@wip.tu-berlin.de>,
World,CHP_Gas_CCGT_SynGas,2018,39,,MEUR/GW,,,,
World,CHP_Gas_CCGT_SynGas,2020,39,,MEUR/GW,,,,
World,CHP_Gas_CCGT_SynGas,2021,39,,MEUR/GW,CCGT advanced CHP - Energy Technology Reference Indicator (ETRI) projections for 2010-2050 - Publications Office of the EU (europa.eu),02.09.2024,Alena Diesing <ad@wip.tu-berlin.de>,
World,CHP_Gas_CCGT_SynGas,2025,38.805,,MEUR/GW,CCGT advanced CHP - Energy Technology Reference Indicator (ETRI) projections for 2010-2050 - Publications Office of the EU (europa.eu),02.09.2024,Alena Diesing <ad@wip.tu-berlin.de>,
World,CHP_Gas_CCGT_SynGas,2030,38.61,,MEUR/GW,CCGT advanced CHP - Energy Technology Reference Indicator (ETRI) projections for 2010-2050 - Publications Office of the EU (europa.eu),02.09.2024,Alena Diesing <ad@wip.tu-berlin.de>,
World,CHP_Gas_CCGT_SynGas,2035,38.415,,MEUR/GW,CCGT advanced CHP - Energy Technology Reference Indicator (ETRI) projections for 2010-2050 - Publications Office of the EU (europa.eu),02.09.2024,Alena Diesing <ad@wip.tu-berlin.de>,
World,CHP_Gas_CCGT_SynGas,2040,38.22,,MEUR/GW,CCGT advanced CHP - Energy Technology Reference Indicator (ETRI) projections for 2010-2050 - Publications Office of the EU (europa.eu),02.09.2024,Alena Diesing <ad@wip.tu-berlin.de>,
World,CHP_Gas_CCGT_SynGas,2045,38.025,,MEUR/GW,CCGT advanced CHP - Energy Technology Reference Indicator (ETRI) projections for 2010-2050 - Publications Office of the EU (europa.eu),02.09.2024,Alena Diesing <ad@wip.tu-berlin.de>,
World,CHP_Gas_CCGT_SynGas,2050,37.83,,MEUR/GW,CCGT advanced CHP - Energy Technology Reference Indicator (ETRI) projections for 2010-2050 - Publications Office of the EU (europa.eu),02.09.2024,Alena Diesing <ad@wip.tu-berlin.de>,
World,CHP_Gas_CCGT_SynGas,2055,37.83,,MEUR/GW,same as 2050 for now,29.01.2025,Nikita Moskalenko <nim@wip.tu-berlin.de>,
World,CHP_Gas_CCGT_SynGas,2060,37.83,,MEUR/GW,same as 2050 for now,29.01.2025,Nikita Moskalenko <nim@wip.tu-berlin.de>,
World,CHP_Hydrogen_FuelCell,2018,0.001,,MEUR/GW,,,,
World,CHP_Hydrogen_FuelCell,2020,0.001,,MEUR/GW,,,,
World,CHP_Hydrogen_FuelCell,2021,0.001,,MEUR/GW,Solid oxide fuel cells CHP- Energy Technology Reference Indicator (ETRI) projections for 2010-2050 - Publications Office of the EU (europa.eu),02.09.2024,Alena Diesing <ad@wip.tu-berlin.de>,
World,CHP_Hydrogen_FuelCell,2025,0.001,,MEUR/GW,Solid oxide fuel cells CHP- Energy Technology Reference Indicator (ETRI) projections for 2010-2050 - Publications Office of the EU (europa.eu),02.09.2024,Alena Diesing <ad@wip.tu-berlin.de>,
World,CHP_Hydrogen_FuelCell,2030,0.001,,MEUR/GW,Solid oxide fuel cells CHP- Energy Technology Reference Indicator (ETRI) projections for 2010-2050 - Publications Office of the EU (europa.eu),02.09.2024,Alena Diesing <ad@wip.tu-berlin.de>,
World,CHP_Hydrogen_FuelCell,2035,0.001,,MEUR/GW,Solid oxide fuel cells CHP- Energy Technology Reference Indicator (ETRI) projections for 2010-2050 - Publications Office of the EU (europa.eu),02.09.2024,Alena Diesing <ad@wip.tu-berlin.de>,
World,CHP_Hydrogen_FuelCell,2040,0.001,,MEUR/GW,Solid oxide fuel cells CHP- Energy Technology Reference Indicator (ETRI) projections for 2010-2050 - Publications Office of the EU (europa.eu),02.09.2024,Alena Diesing <ad@wip.tu-berlin.de>,
World,CHP_Hydrogen_FuelCell,2045,0.001,,MEUR/GW,Solid oxide fuel cells CHP- Energy Technology Reference Indicator (ETRI) projections for 2010-2050 - Publications Office of the EU (europa.eu),02.09.2024,Alena Diesing <ad@wip.tu-berlin.de>,
World,CHP_Hydrogen_FuelCell,2050,0.001,,MEUR/GW,Solid oxide fuel cells CHP- Energy Technology Reference Indicator (ETRI) projections for 2010-2050 - Publications Office of the EU (europa.eu),02.09.2024,Alena Diesing <ad@wip.tu-berlin.de>,
World,CHP_Hydrogen_FuelCell,2055,0.001,,MEUR/GW,same as 2050 for now,29.01.2025,Nikita Moskalenko <nim@wip.tu-berlin.de>,
World,CHP_Hydrogen_FuelCell,2060,0.001,,MEUR/GW,same as 2050 for now,29.01.2025,Nikita Moskalenko <nim@wip.tu-berlin.de>,
World,CHP_Oil,2018,39,,MEUR/GW,,,,
World,CHP_Oil,2020,39,,MEUR/GW,,,,
World,CHP_Oil,2021,39,,MEUR/GW,assumend equal chp gas -https://ars.els-cdn.com/content/image/1-s2.0-S096014812300486X-mmc1.pdf,02.09.2024,Alena Diesing <ad@wip.tu-berlin.de>,
World,CHP_Oil,2025,38.805,,MEUR/GW,assumend equal chp gas -https://ars.els-cdn.com/content/image/1-s2.0-S096014812300486X-mmc1.pdf,02.09.2024,Alena Diesing <ad@wip.tu-berlin.de>,
World,CHP_Oil,2030,38.61,,MEUR/GW,assumend equal chp gas -https://ars.els-cdn.com/content/image/1-s2.0-S096014812300486X-mmc1.pdf,02.09.2024,Alena Diesing <ad@wip.tu-berlin.de>,
World,CHP_Oil,2035,38.415,,MEUR/GW,assumend equal chp gas -https://ars.els-cdn.com/content/image/1-s2.0-S096014812300486X-mmc1.pdf,02.09.2024,Alena Diesing <ad@wip.tu-berlin.de>,
World,CHP_Oil,2040,38.22,,MEUR/GW,assumend equal chp gas -https://ars.els-cdn.com/content/image/1-s2.0-S096014812300486X-mmc1.pdf,02.09.2024,Alena Diesing <ad@wip.tu-berlin.de>,
World,CHP_Oil,2045,38.025,,MEUR/GW,assumend equal chp gas -https://ars.els-cdn.com/content/image/1-s2.0-S096014812300486X-mmc1.pdf,02.09.2024,Alena Diesing <ad@wip.tu-berlin.de>,
World,CHP_Oil,2050,37.83,,MEUR/GW,assumend equal chp gas -https://ars.els-cdn.com/content/image/1-s2.0-S096014812300486X-mmc1.pdf,02.09.2024,Alena Diesing <ad@wip.tu-berlin.de>,
World,CHP_Oil,2055,37.83,,MEUR/GW,same as 2050 for now,29.01.2025,Nikita Moskalenko <nim@wip.tu-berlin.de>,
World,CHP_Oil,2060,37.83,,MEUR/GW,same as 2050 for now,29.01.2025,Nikita Moskalenko <nim@wip.tu-berlin.de>,
World,CHP_WasteToEnergy,2018,320.61,,MEUR/GW,DEA – Technology data for El and DH - WtE CHP - see Assumption.txt ,13.12.2023,Frida Sather <frida.sather@sintef.no>,
World,CHP_WasteToEnergy,2020,283.12,,MEUR/GW,DEA – Technology data for El and DH - WtE CHP - see Assumption.txt ,13.12.2023,Frida Sather <frida.sather@sintef.no>,
World,CHP_WasteToEnergy,2021,283.12,,MEUR/GW,DEA – Technology data for El and DH - WtE CHP - see Assumption.txt ,13.12.2023,Frida Sather <frida.sather@sintef.no>,
World,CHP_WasteToEnergy,2025,273.42,,MEUR/GW,DEA – Technology data for El and DH - WtE CHP - see Assumption.txt ,13.12.2023,Frida Sather <frida.sather@sintef.no>,
World,CHP_WasteToEnergy,2030,263.72,,MEUR/GW,DEA – Technology data for El and DH - WtE CHP - see Assumption.txt ,13.12.2023,Frida Sather <frida.sather@sintef.no>,
World,CHP_WasteToEnergy,2035,254.079623,,MEUR/GW,DEA – Technology data for El and DH - WtE CHP - see Assumption.txt ,13.12.2023,Frida Sather <frida.sather@sintef.no>,
World,CHP_WasteToEnergy,2040,244.4428106,,MEUR/GW,DEA – Technology data for El and DH - WtE CHP - see Assumption.txt ,13.12.2023,Frida Sather <frida.sather@sintef.no>,
World,CHP_WasteToEnergy,2045,234.8059981,,MEUR/GW,DEA – Technology data for El and DH - WtE CHP - see Assumption.txt ,13.12.2023,Frida Sather <frida.sather@sintef.no>,
World,CHP_WasteToEnergy,2050,225.1691857,,MEUR/GW,DEA – Technology data for El and DH - WtE CHP - see Assumption.txt ,13.12.2023,Frida Sather <frida.sather@sintef.no>,
World,CHP_WasteToEnergy,2055,225.1691857,,MEUR/GW,same as 2050 for now,29.01.2025,Nikita Moskalenko <nim@wip.tu-berlin.de>,
World,CHP_WasteToEnergy,2060,225.1691857,,MEUR/GW,same as 2050 for now,29.01.2025,Nikita Moskalenko <nim@wip.tu-berlin.de>,
World,D_Battery_Li-Ion,2018,0.686,,MEUR/GW,assumend equal chp gas -https://ars.els-cdn.com/content/image/1-s2.0-S096014812300486X-mmc1.pdf,02.09.2024,Alena Diesing <ad@wip.tu-berlin.de>,
World,D_Battery_Li-Ion,2020,0.34,,MEUR/GW,assumend equal chp gas -https://ars.els-cdn.com/content/image/1-s2.0-S096014812300486X-mmc1.pdf,02.09.2024,Alena Diesing <ad@wip.tu-berlin.de>,
World,D_Battery_Li-Ion,2021,,,MEUR/GW,,,,
World,D_Battery_Li-Ion,2025,0.31,,MEUR/GW,,,,
World,D_Battery_Li-Ion,2030,0.28,,MEUR/GW,,,,
World,D_Battery_Li-Ion,2035,0.28,,MEUR/GW,,,,
World,D_Battery_Li-Ion,2040,0.28,,MEUR/GW,,,,
World,D_Battery_Li-Ion,2045,0.28,,MEUR/GW,,,,
World,D_Battery_Li-Ion,2050,0.28,,MEUR/GW,,,,
World,D_Battery_Li-Ion,2055,0.28,,MEUR/GW,same as 2050 for now,29.01.2025,Nikita Moskalenko <nim@wip.tu-berlin.de>,
World,D_Battery_Li-Ion,2060,0.28,,MEUR/GW,same as 2050 for now,29.01.2025,Nikita Moskalenko <nim@wip.tu-berlin.de>,
World,D_Battery_Redox,2018,24.8,,MEUR/GW,,,,
World,D_Battery_Redox,2020,16.2,,MEUR/GW,,,,
World,D_Battery_Redox,2021,,,MEUR/GW,,,,
World,D_Battery_Redox,2025,15.4,,MEUR/GW,,,,
World,D_Battery_Redox,2030,14.6,,MEUR/GW,,,,
World,D_Battery_Redox,2035,10.4,,MEUR/GW,,,,
World,D_Battery_Redox,2040,6.2,,MEUR/GW,,,,
World,D_Battery_Redox,2045,6.2,,MEUR/GW,,,,
World,D_Battery_Redox,2050,6.2,,MEUR/GW,,,,
World,D_Battery_Redox,2055,6.2,,MEUR/GW,same as 2050 for now,29.01.2025,Nikita Moskalenko <nim@wip.tu-berlin.de>,
World,D_Battery_Redox,2060,6.2,,MEUR/GW,same as 2050 for now,29.01.2025,Nikita Moskalenko <nim@wip.tu-berlin.de>,
World,D_CAES,2018,7.8,,MEUR/GW,,,,
World,D_CAES,2020,7.8,,MEUR/GW,,,,
World,D_CAES,2021,,,MEUR/GW,,,,
World,D_CAES,2025,7.345,,MEUR/GW,,,,
World,D_CAES,2030,6.89,,MEUR/GW,,,,
World,D_CAES,2035,6.76,,MEUR/GW,,,,
World,D_CAES,2040,6.63,,MEUR/GW,,,,
World,D_CAES,2045,6.24,,MEUR/GW,,,,
World,D_CAES,2050,5.85,,MEUR/GW,,,,
World,D_CAES,2055,5.85,,MEUR/GW,same as 2050 for now,29.01.2025,Nikita Moskalenko <nim@wip.tu-berlin.de>,
World,D_CAES,2060,5.85,,MEUR/GW,same as 2050 for now,29.01.2025,Nikita Moskalenko <nim@wip.tu-berlin.de>,
World,D_Gas_H2,2018,7.8,,MEUR/GW,,,,
World,D_Gas_H2,2020,7.8,,MEUR/GW,,,,
World,D_Gas_H2,2021,,,MEUR/GW,,,,
World,D_Gas_H2,2025,7.345,,MEUR/GW,,,,
World,D_Gas_H2,2030,6.89,,MEUR/GW,,,,
World,D_Gas_H2,2035,6.76,,MEUR/GW,,,,
World,D_Gas_H2,2040,6.63,,MEUR/GW,,,,
World,D_Gas_H2,2045,6.24,,MEUR/GW,,,,
World,D_Gas_H2,2050,5.85,,MEUR/GW,,,,
World,D_Gas_H2,2055,5.85,,MEUR/GW,same as 2050 for now,29.01.2025,Nikita Moskalenko <nim@wip.tu-berlin.de>,
World,D_Gas_H2,2060,5.85,,MEUR/GW,same as 2050 for now,29.01.2025,Nikita Moskalenko <nim@wip.tu-berlin.de>,
World,D_Gas_Methane,2018,7.8,,MEUR/GW,,,,
World,D_Gas_Methane,2020,7.8,,MEUR/GW,,,,
World,D_Gas_Methane,2021,,,MEUR/GW,,,,
World,D_Gas_Methane,2025,7.345,,MEUR/GW,,,,
World,D_Gas_Methane,2030,6.89,,MEUR/GW,,,,
World,D_Gas_Methane,2035,6.76,,MEUR/GW,,,,
World,D_Gas_Methane,2040,6.63,,MEUR/GW,,,,
World,D_Gas_Methane,2045,6.24,,MEUR/GW,,,,
World,D_Gas_Methane,2050,5.85,,MEUR/GW,,,,
World,D_Gas_Methane,2055,5.85,,MEUR/GW,same as 2050 for now,29.01.2025,Nikita Moskalenko <nim@wip.tu-berlin.de>,
World,D_Gas_Methane,2060,5.85,,MEUR/GW,same as 2050 for now,29.01.2025,Nikita Moskalenko <nim@wip.tu-berlin.de>,
World,D_HB_Tank_Small,2018,17,,MEUR/GW,Danish Energy Agency Storage Data https://ens.dk/en/our-services/technology-catalogues/technology-data-energy-storage,26.11.2024,Stian Backe <stian.backe@sintef.no>,
World,D_HB_Tank_Small,2020,17,,MEUR/GW,Danish Energy Agency Storage Data https://ens.dk/en/our-services/technology-catalogues/technology-data-energy-storage,26.11.2024,Stian Backe <stian.backe@sintef.no>,
World,D_HB_Tank_Small,2021,17,,MEUR/GW,Danish Energy Agency Storage Data https://ens.dk/en/our-services/technology-catalogues/technology-data-energy-storage,26.11.2024,Stian Backe <stian.backe@sintef.no>,
World,D_HB_Tank_Small,2025,17,,MEUR/GW,Danish Energy Agency Storage Data https://ens.dk/en/our-services/technology-catalogues/technology-data-energy-storage,26.11.2024,Stian Backe <stian.backe@sintef.no>,
World,D_HB_Tank_Small,2030,17,,MEUR/GW,Danish Energy Agency Storage Data https://ens.dk/en/our-services/technology-catalogues/technology-data-energy-storage,26.11.2024,Stian Backe <stian.backe@sintef.no>,
World,D_HB_Tank_Small,2035,17,,MEUR/GW,Danish Energy Agency Storage Data https://ens.dk/en/our-services/technology-catalogues/technology-data-energy-storage,26.11.2024,Stian Backe <stian.backe@sintef.no>,
World,D_HB_Tank_Small,2040,17,,MEUR/GW,Danish Energy Agency Storage Data https://ens.dk/en/our-services/technology-catalogues/technology-data-energy-storage,26.11.2024,Stian Backe <stian.backe@sintef.no>,
World,D_HB_Tank_Small,2045,17,,MEUR/GW,Danish Energy Agency Storage Data https://ens.dk/en/our-services/technology-catalogues/technology-data-energy-storage,26.11.2024,Stian Backe <stian.backe@sintef.no>,
World,D_HB_Tank_Small,2050,17,,MEUR/GW,Danish Energy Agency Storage Data https://ens.dk/en/our-services/technology-catalogues/technology-data-energy-storage,26.11.2024,Stian Backe <stian.backe@sintef.no>,
World,D_HB_Tank_Small,2055,17,,MEUR/GW,same as 2050 for now,29.01.2025,Nikita Moskalenko <nim@wip.tu-berlin.de>,
World,D_HB_Tank_Small,2060,17,,MEUR/GW,same as 2050 for now,29.01.2025,Nikita Moskalenko <nim@wip.tu-berlin.de>,
World,D_HD_Pit,2018,0.46,,MEUR/GW,Danish Energy Agency Storage Data https://ens.dk/en/our-services/technology-catalogues/technology-data-energy-storage,26.11.2024,Stian Backe <stian.backe@sintef.no>,
World,D_HD_Pit,2020,0.46,,MEUR/GW,Danish Energy Agency Storage Data https://ens.dk/en/our-services/technology-catalogues/technology-data-energy-storage,26.11.2024,Stian Backe <stian.backe@sintef.no>,
World,D_HD_Pit,2021,0.46,,MEUR/GW,Danish Energy Agency Storage Data https://ens.dk/en/our-services/technology-catalogues/technology-data-energy-storage,26.11.2024,Stian Backe <stian.backe@sintef.no>,
World,D_HD_Pit,2025,0.46,,MEUR/GW,Danish Energy Agency Storage Data https://ens.dk/en/our-services/technology-catalogues/technology-data-energy-storage,26.11.2024,Stian Backe <stian.backe@sintef.no>,
World,D_HD_Pit,2030,0.46,,MEUR/GW,Danish Energy Agency Storage Data https://ens.dk/en/our-services/technology-catalogues/technology-data-energy-storage,26.11.2024,Stian Backe <stian.backe@sintef.no>,
World,D_HD_Pit,2035,0.46,,MEUR/GW,Danish Energy Agency Storage Data https://ens.dk/en/our-services/technology-catalogues/technology-data-energy-storage,26.11.2024,Stian Backe <stian.backe@sintef.no>,
World,D_HD_Pit,2040,0.46,,MEUR/GW,Danish Energy Agency Storage Data https://ens.dk/en/our-services/technology-catalogues/technology-data-energy-storage,26.11.2024,Stian Backe <stian.backe@sintef.no>,
World,D_HD_Pit,2045,0.46,,MEUR/GW,Danish Energy Agency Storage Data https://ens.dk/en/our-services/technology-catalogues/technology-data-energy-storage,26.11.2024,Stian Backe <stian.backe@sintef.no>,
World,D_HD_Pit,2050,0.46,,MEUR/GW,Danish Energy Agency Storage Data https://ens.dk/en/our-services/technology-catalogues/technology-data-energy-storage,26.11.2024,Stian Backe <stian.backe@sintef.no>,
World,D_HD_Pit,2055,0.46,,MEUR/GW,same as 2050 for now,29.01.2025,Nikita Moskalenko <nim@wip.tu-berlin.de>,
World,D_HD_Pit,2060,0.46,,MEUR/GW,same as 2050 for now,29.01.2025,Nikita Moskalenko <nim@wip.tu-berlin.de>,
World,D_HLI_Tank_Large,2018,0.53,,MEUR/GW,Danish Energy Agency Storage Data https://ens.dk/en/our-services/technology-catalogues/technology-data-energy-storage,26.11.2024,Stian Backe <stian.backe@sintef.no>,
World,D_HLI_Tank_Large,2020,0.53,,MEUR/GW,Danish Energy Agency Storage Data https://ens.dk/en/our-services/technology-catalogues/technology-data-energy-storage,26.11.2024,Stian Backe <stian.backe@sintef.no>,
World,D_HLI_Tank_Large,2021,0.53,,MEUR/GW,Danish Energy Agency Storage Data https://ens.dk/en/our-services/technology-catalogues/technology-data-energy-storage,26.11.2024,Stian Backe <stian.backe@sintef.no>,
World,D_HLI_Tank_Large,2025,0.53,,MEUR/GW,Danish Energy Agency Storage Data https://ens.dk/en/our-services/technology-catalogues/technology-data-energy-storage,26.11.2024,Stian Backe <stian.backe@sintef.no>,
World,D_HLI_Tank_Large,2030,0.53,,MEUR/GW,Danish Energy Agency Storage Data https://ens.dk/en/our-services/technology-catalogues/technology-data-energy-storage,26.11.2024,Stian Backe <stian.backe@sintef.no>,
World,D_HLI_Tank_Large,2035,0.53,,MEUR/GW,Danish Energy Agency Storage Data https://ens.dk/en/our-services/technology-catalogues/technology-data-energy-storage,26.11.2024,Stian Backe <stian.backe@sintef.no>,
World,D_HLI_Tank_Large,2040,0.53,,MEUR/GW,Danish Energy Agency Storage Data https://ens.dk/en/our-services/technology-catalogues/technology-data-energy-storage,26.11.2024,Stian Backe <stian.backe@sintef.no>,
World,D_HLI_Tank_Large,2045,0.53,,MEUR/GW,Danish Energy Agency Storage Data https://ens.dk/en/our-services/technology-catalogues/technology-data-energy-storage,26.11.2024,Stian Backe <stian.backe@sintef.no>,
World,D_HLI_Tank_Large,2050,0.53,,MEUR/GW,Danish Energy Agency Storage Data https://ens.dk/en/our-services/technology-catalogues/technology-data-energy-storage,26.11.2024,Stian Backe <stian.backe@sintef.no>,
World,D_HLI_Tank_Large,2055,0.53,,MEUR/GW,same as 2050 for now,29.01.2025,Nikita Moskalenko <nim@wip.tu-berlin.de>,
World,D_HLI_Tank_Large,2060,0.53,,MEUR/GW,same as 2050 for now,29.01.2025,Nikita Moskalenko <nim@wip.tu-berlin.de>,
World,D_PHS,2018,22.5,,MEUR/GW,,,,
World,D_PHS,2020,22.5,,MEUR/GW,,,,
World,D_PHS,2021,,,MEUR/GW,,,,
World,D_PHS,2025,22.5,,MEUR/GW,,,,
World,D_PHS,2030,22.5,,MEUR/GW,,,,
World,D_PHS,2035,22.5,,MEUR/GW,,,,
World,D_PHS,2040,22.5,,MEUR/GW,,,,
World,D_PHS,2045,22.5,,MEUR/GW,,,,
World,D_PHS,2050,22.5,,MEUR/GW,,,,
World,D_PHS,2055,22.5,,MEUR/GW,same as 2050 for now,29.01.2025,Nikita Moskalenko <nim@wip.tu-berlin.de>,
World,D_PHS,2060,22.5,,MEUR/GW,same as 2050 for now,29.01.2025,Nikita Moskalenko <nim@wip.tu-berlin.de>,
World,D_PHS_Residual,2018,22.5,,MEUR/GW,,,,
World,D_PHS_Residual,2020,22.5,,MEUR/GW,,,,
World,D_PHS_Residual,2021,,,MEUR/GW,,,,
World,D_PHS_Residual,2025,22.5,,MEUR/GW,,,,
World,D_PHS_Residual,2030,22.5,,MEUR/GW,,,,
World,D_PHS_Residual,2035,22.5,,MEUR/GW,,,,
World,D_PHS_Residual,2040,22.5,,MEUR/GW,,,,
World,D_PHS_Residual,2045,22.5,,MEUR/GW,,,,
World,D_PHS_Residual,2050,22.5,,MEUR/GW,,,,
World,D_PHS_Residual,2055,22.5,,MEUR/GW,same as 2050 for now,29.01.2025,Nikita Moskalenko <nim@wip.tu-berlin.de>,
World,D_PHS_Residual,2060,22.5,,MEUR/GW,same as 2050 for now,29.01.2025,Nikita Moskalenko <nim@wip.tu-berlin.de>,
World,FRT_Rail_Conv,2018,18.91653432,,MEUR/Gtkm/year,,,,
World,FRT_Rail_Conv,2020,18.91653432,,MEUR/Gtkm/year,,,,
World,FRT_Rail_Conv,2021,18.91653432,,MEUR/Gtkm/year,5% of CAPEX,26.08.2024,Alena Diesing <ad@wip.tu-berlin.de>,
World,FRT_Rail_Conv,2025,18.91653432,,MEUR/Gtkm/year,5% of CAPEX,26.08.2024,Alena Diesing <ad@wip.tu-berlin.de>,
World,FRT_Rail_Conv,2030,17.89188871,,MEUR/Gtkm/year,5% of CAPEX,26.08.2024,Alena Diesing <ad@wip.tu-berlin.de>,
World,FRT_Rail_Conv,2035,16.8672431,,MEUR/Gtkm/year,5% of CAPEX,26.08.2024,Alena Diesing <ad@wip.tu-berlin.de>,
World,FRT_Rail_Conv,2040,16.8672431,,MEUR/Gtkm/year,5% of CAPEX,26.08.2024,Alena Diesing <ad@wip.tu-berlin.de>,
World,FRT_Rail_Conv,2045,16.8672431,,MEUR/Gtkm/year,5% of CAPEX,26.08.2024,Alena Diesing <ad@wip.tu-berlin.de>,
World,FRT_Rail_Conv,2050,16.8672431,,MEUR/Gtkm/year,5% of CAPEX,26.08.2024,Alena Diesing <ad@wip.tu-berlin.de>,
World,FRT_Rail_Conv,2055,16.8672431,,MEUR/Gtkm/year,same as 2050 for now,29.01.2025,Nikita Moskalenko <nim@wip.tu-berlin.de>,
World,FRT_Rail_Conv,2060,16.8672431,,MEUR/Gtkm/year,same as 2050 for now,29.01.2025,Nikita Moskalenko <nim@wip.tu-berlin.de>,
World,FRT_Rail_Electric,2018,22.69984119,,MEUR/Gtkm/year,,,,
World,FRT_Rail_Electric,2020,22.69984119,,MEUR/Gtkm/year,,,,
World,FRT_Rail_Electric,2021,22.69984119,,MEUR/Gtkm/year,5% of CAPEX,26.08.2024,Alena Diesing <ad@wip.tu-berlin.de>,
World,FRT_Rail_Electric,2025,22.69984119,,MEUR/Gtkm/year,5% of CAPEX,26.08.2024,Alena Diesing <ad@wip.tu-berlin.de>,
World,FRT_Rail_Electric,2030,21.83283336,,MEUR/Gtkm/year,5% of CAPEX,26.08.2024,Alena Diesing <ad@wip.tu-berlin.de>,
World,FRT_Rail_Electric,2035,20.96582554,,MEUR/Gtkm/year,5% of CAPEX,26.08.2024,Alena Diesing <ad@wip.tu-berlin.de>,
World,FRT_Rail_Electric,2040,20.96582554,,MEUR/Gtkm/year,5% of CAPEX,26.08.2024,Alena Diesing <ad@wip.tu-berlin.de>,
World,FRT_Rail_Electric,2045,20.96582554,,MEUR/Gtkm/year,5% of CAPEX,26.08.2024,Alena Diesing <ad@wip.tu-berlin.de>,
World,FRT_Rail_Electric,2050,20.96582554,,MEUR/Gtkm/year,5% of CAPEX,26.08.2024,Alena Diesing <ad@wip.tu-berlin.de>,
World,FRT_Rail_Electric,2055,20.96582554,,MEUR/Gtkm/year,same as 2050 for now,29.01.2025,Nikita Moskalenko <nim@wip.tu-berlin.de>,
World,FRT_Rail_Electric,2060,20.96582554,,MEUR/Gtkm/year,same as 2050 for now,29.01.2025,Nikita Moskalenko <nim@wip.tu-berlin.de>,
World,FRT_Road_BEV,2018,36.56336283,,MEUR/Gtkm/year,,,,
World,FRT_Road_BEV,2020,36.56336283,,MEUR/Gtkm/year,,,,
World,FRT_Road_BEV,2021,36.56336283,,MEUR/Gtkm/year,5% of CAPEX,26.08.2024,Alena Diesing <ad@wip.tu-berlin.de>,
World,FRT_Road_BEV,2025,36.56336283,,MEUR/Gtkm/year,5% of CAPEX,26.08.2024,Alena Diesing <ad@wip.tu-berlin.de>,
World,FRT_Road_BEV,2030,31.14849558,,MEUR/Gtkm/year,5% of CAPEX,26.08.2024,Alena Diesing <ad@wip.tu-berlin.de>,
World,FRT_Road_BEV,2035,25.73362832,,MEUR/Gtkm/year,5% of CAPEX,26.08.2024,Alena Diesing <ad@wip.tu-berlin.de>,
World,FRT_Road_BEV,2040,24.50495575,,MEUR/Gtkm/year,5% of CAPEX,26.08.2024,Alena Diesing <ad@wip.tu-berlin.de>,
World,FRT_Road_BEV,2045,23.27628319,,MEUR/Gtkm/year,5% of CAPEX,26.08.2024,Alena Diesing <ad@wip.tu-berlin.de>,
World,FRT_Road_BEV,2050,22.86460177,,MEUR/Gtkm/year,5% of CAPEX,26.08.2024,Alena Diesing <ad@wip.tu-berlin.de>,
World,FRT_Road_BEV,2055,22.86460177,,MEUR/Gtkm/year,same as 2050 for now,29.01.2025,Nikita Moskalenko <nim@wip.tu-berlin.de>,
World,FRT_Road_BEV,2060,22.86460177,,MEUR/Gtkm/year,same as 2050 for now,29.01.2025,Nikita Moskalenko <nim@wip.tu-berlin.de>,
World,FRT_Road_H2,2018,64.97946903,,MEUR/Gtkm/year,,,,
World,FRT_Road_H2,2020,64.97946903,,MEUR/Gtkm/year,,,,
World,FRT_Road_H2,2021,64.97946903,,MEUR/Gtkm/year,5% of CAPEX,26.08.2024,Alena Diesing <ad@wip.tu-berlin.de>,
World,FRT_Road_H2,2025,64.97946903,,MEUR/Gtkm/year,5% of CAPEX,26.08.2024,Alena Diesing <ad@wip.tu-berlin.de>,
World,FRT_Road_H2,2030,51.70185841,,MEUR/Gtkm/year,5% of CAPEX,26.08.2024,Alena Diesing <ad@wip.tu-berlin.de>,
World,FRT_Road_H2,2035,38.42424779,,MEUR/Gtkm/year,5% of CAPEX,26.08.2024,Alena Diesing <ad@wip.tu-berlin.de>,
World,FRT_Road_H2,2040,38.52823009,,MEUR/Gtkm/year,5% of CAPEX,26.08.2024,Alena Diesing <ad@wip.tu-berlin.de>,
World,FRT_Road_H2,2045,38.63221239,,MEUR/Gtkm/year,5% of CAPEX,26.08.2024,Alena Diesing <ad@wip.tu-berlin.de>,
World,FRT_Road_H2,2050,28.76283186,,MEUR/Gtkm/year,5% of CAPEX,26.08.2024,Alena Diesing <ad@wip.tu-berlin.de>,
World,FRT_Road_H2,2055,28.76283186,,MEUR/Gtkm/year,same as 2050 for now,29.01.2025,Nikita Moskalenko <nim@wip.tu-berlin.de>,
World,FRT_Road_H2,2060,28.76283186,,MEUR/Gtkm/year,same as 2050 for now,29.01.2025,Nikita Moskalenko <nim@wip.tu-berlin.de>,
World,FRT_Road_ICE,2018,20.6359292,,MEUR/Gtkm/year,,,,
World,FRT_Road_ICE,2020,20.6359292,,MEUR/Gtkm/year,,,,
World,FRT_Road_ICE,2021,20.6359292,,MEUR/Gtkm/year,5% of CAPEX,26.08.2024,Alena Diesing <ad@wip.tu-berlin.de>,
World,FRT_Road_ICE,2025,20.6359292,,MEUR/Gtkm/year,5% of CAPEX,26.08.2024,Alena Diesing <ad@wip.tu-berlin.de>,
World,FRT_Road_ICE,2030,19.66920354,,MEUR/Gtkm/year,5% of CAPEX,26.08.2024,Alena Diesing <ad@wip.tu-berlin.de>,
World,FRT_Road_ICE,2035,18.70247788,,MEUR/Gtkm/year,5% of CAPEX,26.08.2024,Alena Diesing <ad@wip.tu-berlin.de>,
World,FRT_Road_ICE,2040,18.68336283,,MEUR/Gtkm/year,5% of CAPEX,26.08.2024,Alena Diesing <ad@wip.tu-berlin.de>,
World,FRT_Road_ICE,2045,18.66424779,,MEUR/Gtkm/year,5% of CAPEX,26.08.2024,Alena Diesing <ad@wip.tu-berlin.de>,
World,FRT_Road_ICE,2050,18.64823009,,MEUR/Gtkm/year,5% of CAPEX,26.08.2024,Alena Diesing <ad@wip.tu-berlin.de>,
World,FRT_Road_ICE,2055,18.64823009,,MEUR/Gtkm/year,same as 2050 for now,29.01.2025,Nikita Moskalenko <nim@wip.tu-berlin.de>,
World,FRT_Road_ICE,2060,18.64823009,,MEUR/Gtkm/year,same as 2050 for now,29.01.2025,Nikita Moskalenko <nim@wip.tu-berlin.de>,
World,FRT_Road_LNG,2018,26.1320354,,MEUR/Gtkm/year,,,,
World,FRT_Road_LNG,2020,26.1320354,,MEUR/Gtkm/year,,,,
World,FRT_Road_LNG,2021,26.1320354,,MEUR/Gtkm/year,5% of CAPEX,26.08.2024,Alena Diesing <ad@wip.tu-berlin.de>,
World,FRT_Road_LNG,2025,26.1320354,,MEUR/Gtkm/year,5% of CAPEX,26.08.2024,Alena Diesing <ad@wip.tu-berlin.de>,
World,FRT_Road_LNG,2030,25.16530973,,MEUR/Gtkm/year,5% of CAPEX,26.08.2024,Alena Diesing <ad@wip.tu-berlin.de>,
World,FRT_Road_LNG,2035,24.19858407,,MEUR/Gtkm/year,5% of CAPEX,26.08.2024,Alena Diesing <ad@wip.tu-berlin.de>,
World,FRT_Road_LNG,2040,24.17955752,,MEUR/Gtkm/year,5% of CAPEX,26.08.2024,Alena Diesing <ad@wip.tu-berlin.de>,
World,FRT_Road_LNG,2045,24.16053097,,MEUR/Gtkm/year,5% of CAPEX,26.08.2024,Alena Diesing <ad@wip.tu-berlin.de>,
World,FRT_Road_LNG,2050,24.12831858,,MEUR/Gtkm/year,5% of CAPEX,26.08.2024,Alena Diesing <ad@wip.tu-berlin.de>,
World,FRT_Road_LNG,2055,24.12831858,,MEUR/Gtkm/year,same as 2050 for now,29.01.2025,Nikita Moskalenko <nim@wip.tu-berlin.de>,
World,FRT_Road_LNG,2060,24.12831858,,MEUR/Gtkm/year,same as 2050 for now,29.01.2025,Nikita Moskalenko <nim@wip.tu-berlin.de>,
World,FRT_Road_OH,2018,29.33699115,,MEUR/Gtkm/year,,,,
World,FRT_Road_OH,2020,29.33699115,,MEUR/Gtkm/year,,,,
World,FRT_Road_OH,2021,29.33699115,,MEUR/Gtkm/year,5% of CAPEX,26.08.2024,Alena Diesing <ad@wip.tu-berlin.de>,
World,FRT_Road_OH,2025,29.33699115,,MEUR/Gtkm/year,5% of CAPEX,26.08.2024,Alena Diesing <ad@wip.tu-berlin.de>,
World,FRT_Road_OH,2030,29.33699115,,MEUR/Gtkm/year,5% of CAPEX,26.08.2024,Alena Diesing <ad@wip.tu-berlin.de>,
World,FRT_Road_OH,2035,29.33699115,,MEUR/Gtkm/year,5% of CAPEX,26.08.2024,Alena Diesing <ad@wip.tu-berlin.de>,
World,FRT_Road_OH,2040,28.99283186,,MEUR/Gtkm/year,5% of CAPEX,26.08.2024,Alena Diesing <ad@wip.tu-berlin.de>,
World,FRT_Road_OH,2045,28.64867257,,MEUR/Gtkm/year,5% of CAPEX,26.08.2024,Alena Diesing <ad@wip.tu-berlin.de>,
World,FRT_Road_OH,2050,28.4639823,,MEUR/Gtkm/year,5% of CAPEX,26.08.2024,Alena Diesing <ad@wip.tu-berlin.de>,
World,FRT_Road_OH,2055,28.4639823,,MEUR/Gtkm/year,same as 2050 for now,29.01.2025,Nikita Moskalenko <nim@wip.tu-berlin.de>,
World,FRT_Road_OH,2060,28.4639823,,MEUR/Gtkm/year,same as 2050 for now,29.01.2025,Nikita Moskalenko <nim@wip.tu-berlin.de>,
World,FRT_Road_PHEV,2018,22.03380531,,MEUR/Gtkm/year,,,,
World,FRT_Road_PHEV,2020,22.03380531,,MEUR/Gtkm/year,,,,
World,FRT_Road_PHEV,2021,22.03380531,,MEUR/Gtkm/year,5% of CAPEX,26.08.2024,Alena Diesing <ad@wip.tu-berlin.de>,
World,FRT_Road_PHEV,2025,22.03380531,,MEUR/Gtkm/year,5% of CAPEX,26.08.2024,Alena Diesing <ad@wip.tu-berlin.de>,
World,FRT_Road_PHEV,2030,21.14247788,,MEUR/Gtkm/year,5% of CAPEX,26.08.2024,Alena Diesing <ad@wip.tu-berlin.de>,
World,FRT_Road_PHEV,2035,20.25115044,,MEUR/Gtkm/year,5% of CAPEX,26.08.2024,Alena Diesing <ad@wip.tu-berlin.de>,
World,FRT_Road_PHEV,2040,20.12849558,,MEUR/Gtkm/year,5% of CAPEX,26.08.2024,Alena Diesing <ad@wip.tu-berlin.de>,
World,FRT_Road_PHEV,2045,20.00584071,,MEUR/Gtkm/year,5% of CAPEX,26.08.2024,Alena Diesing <ad@wip.tu-berlin.de>,
World,FRT_Road_PHEV,2050,19.90495575,,MEUR/Gtkm/year,5% of CAPEX,26.08.2024,Alena Diesing <ad@wip.tu-berlin.de>,
World,FRT_Road_PHEV,2055,19.90495575,,MEUR/Gtkm/year,same as 2050 for now,29.01.2025,Nikita Moskalenko <nim@wip.tu-berlin.de>,
World,FRT_Road_PHEV,2060,19.90495575,,MEUR/Gtkm/year,same as 2050 for now,29.01.2025,Nikita Moskalenko <nim@wip.tu-berlin.de>,
World,FRT_Ship_Bio,2018,0.75190409,,MEUR/Gtkm/year,,,,
World,FRT_Ship_Bio,2020,0.75190409,,MEUR/Gtkm/year,,,,
World,FRT_Ship_Bio,2021,0.75190409,,MEUR/Gtkm/year,5% of CAPEX,26.08.2024,Alena Diesing <ad@wip.tu-berlin.de>,
World,FRT_Ship_Bio,2025,0.75190409,,MEUR/Gtkm/year,5% of CAPEX,26.08.2024,Alena Diesing <ad@wip.tu-berlin.de>,
World,FRT_Ship_Bio,2030,0.748620666,,MEUR/Gtkm/year,5% of CAPEX,26.08.2024,Alena Diesing <ad@wip.tu-berlin.de>,
World,FRT_Ship_Bio,2035,0.745337242,,MEUR/Gtkm/year,5% of CAPEX,26.08.2024,Alena Diesing <ad@wip.tu-berlin.de>,
World,FRT_Ship_Bio,2040,0.74369553,,MEUR/Gtkm/year,5% of CAPEX,26.08.2024,Alena Diesing <ad@wip.tu-berlin.de>,
World,FRT_Ship_Bio,2045,0.742053818,,MEUR/Gtkm/year,5% of CAPEX,26.08.2024,Alena Diesing <ad@wip.tu-berlin.de>,
World,FRT_Ship_Bio,2050,0.742053818,,MEUR/Gtkm/year,5% of CAPEX,26.08.2024,Alena Diesing <ad@wip.tu-berlin.de>,
World,FRT_Ship_Bio,2055,0.742053818,,MEUR/Gtkm/year,same as 2050 for now,29.01.2025,Nikita Moskalenko <nim@wip.tu-berlin.de>,
World,FRT_Ship_Bio,2060,0.742053818,,MEUR/Gtkm/year,same as 2050 for now,29.01.2025,Nikita Moskalenko <nim@wip.tu-berlin.de>,
World,FRT_Ship_Conv,2018,0.75190409,,MEUR/Gtkm/year,,,,
World,FRT_Ship_Conv,2020,0.75190409,,MEUR/Gtkm/year,,,,
World,FRT_Ship_Conv,2021,0.75190409,,MEUR/Gtkm/year,5% of CAPEX,26.08.2024,Alena Diesing <ad@wip.tu-berlin.de>,
World,FRT_Ship_Conv,2025,0.75190409,,MEUR/Gtkm/year,5% of CAPEX,26.08.2024,Alena Diesing <ad@wip.tu-berlin.de>,
World,FRT_Ship_Conv,2030,0.748620666,,MEUR/Gtkm/year,5% of CAPEX,26.08.2024,Alena Diesing <ad@wip.tu-berlin.de>,
World,FRT_Ship_Conv,2035,0.745337242,,MEUR/Gtkm/year,5% of CAPEX,26.08.2024,Alena Diesing <ad@wip.tu-berlin.de>,
World,FRT_Ship_Conv,2040,0.74369553,,MEUR/Gtkm/year,5% of CAPEX,26.08.2024,Alena Diesing <ad@wip.tu-berlin.de>,
World,FRT_Ship_Conv,2045,0.742053818,,MEUR/Gtkm/year,5% of CAPEX,26.08.2024,Alena Diesing <ad@wip.tu-berlin.de>,
World,FRT_Ship_Conv,2050,0.742053818,,MEUR/Gtkm/year,5% of CAPEX,26.08.2024,Alena Diesing <ad@wip.tu-berlin.de>,
World,FRT_Ship_Conv,2055,0.742053818,,MEUR/Gtkm/year,same as 2050 for now,29.01.2025,Nikita Moskalenko <nim@wip.tu-berlin.de>,
World,FRT_Ship_Conv,2060,0.742053818,,MEUR/Gtkm/year,same as 2050 for now,29.01.2025,Nikita Moskalenko <nim@wip.tu-berlin.de>,
World,FRT_Ship_LNG,2018,0.83398969,,MEUR/Gtkm/year,,,,
World,FRT_Ship_LNG,2020,0.83398969,,MEUR/Gtkm/year,,,,
World,FRT_Ship_LNG,2021,0.83398969,,MEUR/Gtkm/year,5% of CAPEX,26.08.2024,Alena Diesing <ad@wip.tu-berlin.de>,
World,FRT_Ship_LNG,2025,0.83398969,,MEUR/Gtkm/year,5% of CAPEX,26.08.2024,Alena Diesing <ad@wip.tu-berlin.de>,
World,FRT_Ship_LNG,2030,0.830706266,,MEUR/Gtkm/year,5% of CAPEX,26.08.2024,Alena Diesing <ad@wip.tu-berlin.de>,
World,FRT_Ship_LNG,2035,0.827422842,,MEUR/Gtkm/year,5% of CAPEX,26.08.2024,Alena Diesing <ad@wip.tu-berlin.de>,
World,FRT_Ship_LNG,2040,0.82578113,,MEUR/Gtkm/year,5% of CAPEX,26.08.2024,Alena Diesing <ad@wip.tu-berlin.de>,
World,FRT_Ship_LNG,2045,0.824139418,,MEUR/Gtkm/year,5% of CAPEX,26.08.2024,Alena Diesing <ad@wip.tu-berlin.de>,
World,FRT_Ship_LNG,2050,0.824139418,,MEUR/Gtkm/year,5% of CAPEX,26.08.2024,Alena Diesing <ad@wip.tu-berlin.de>,
World,FRT_Ship_LNG,2055,0.824139418,,MEUR/Gtkm/year,same as 2050 for now,29.01.2025,Nikita Moskalenko <nim@wip.tu-berlin.de>,
World,FRT_Ship_LNG,2060,0.824139418,,MEUR/Gtkm/year,same as 2050 for now,29.01.2025,Nikita Moskalenko <nim@wip.tu-berlin.de>,
World,HB_Biomass,2018,21.225625,,MEUR/GW,,,,
World,HB_Biomass,2020,21.225625,,MEUR/GW,,,,
World,HB_Biomass,2021,21.225625,,MEUR/GW,biomass auto - https://ens.dk/en/our-services/technology-catalogues/technology-data-individual-heating-plants,20.08.2024,Alena Diesing <ad@wip.tu-berlin.de>,
World,HB_Biomass,2025,23.1803125,,MEUR/GW,biomass auto - https://ens.dk/en/our-services/technology-catalogues/technology-data-individual-heating-plants,20.08.2024,Alena Diesing <ad@wip.tu-berlin.de>,
World,HB_Biomass,2030,22.9028125,,MEUR/GW,biomass auto - https://ens.dk/en/our-services/technology-catalogues/technology-data-individual-heating-plants,20.08.2024,Alena Diesing <ad@wip.tu-berlin.de>,
World,HB_Biomass,2035,22.39359375,,MEUR/GW,biomass auto - https://ens.dk/en/our-services/technology-catalogues/technology-data-individual-heating-plants,20.08.2024,Alena Diesing <ad@wip.tu-berlin.de>,
World,HB_Biomass,2040,21.884375,,MEUR/GW,biomass auto - https://ens.dk/en/our-services/technology-catalogues/technology-data-individual-heating-plants,20.08.2024,Alena Diesing <ad@wip.tu-berlin.de>,
World,HB_Biomass,2045,22.42015625,,MEUR/GW,biomass auto - https://ens.dk/en/our-services/technology-catalogues/technology-data-individual-heating-plants,20.08.2024,Alena Diesing <ad@wip.tu-berlin.de>,
World,HB_Biomass,2050,22.9559375,,MEUR/GW,biomass auto - https://ens.dk/en/our-services/technology-catalogues/technology-data-individual-heating-plants,20.08.2024,Alena Diesing <ad@wip.tu-berlin.de>,
World,HB_Biomass,2055,22.9559375,,MEUR/GW,same as 2050 for now,29.01.2025,Nikita Moskalenko <nim@wip.tu-berlin.de>,
World,HB_Biomass,2060,22.9559375,,MEUR/GW,same as 2050 for now,29.01.2025,Nikita Moskalenko <nim@wip.tu-berlin.de>,
World,X_Convert_HD,2018,1,,MEUR/GW,,,,
World,X_Convert_HD,2020,1,,MEUR/GW,,,,
World,X_Convert_HD,2021,1,,MEUR/GW,,,,
World,X_Convert_HD,2025,1,,MEUR/GW,,,,
World,X_Convert_HD,2030,1,,MEUR/GW,,,,
World,X_Convert_HD,2035,1,,MEUR/GW,,,,
World,X_Convert_HD,2040,1,,MEUR/GW,,,,
World,X_Convert_HD,2045,1,,MEUR/GW,,,,
World,X_Convert_HD,2050,1,,MEUR/GW,,,,
World,X_Convert_HD,2055,1,,MEUR/GW,same as 2050 for now,29.01.2025,Nikita Moskalenko <nim@wip.tu-berlin.de>,
World,X_Convert_HD,2060,1,,MEUR/GW,same as 2050 for now,29.01.2025,Nikita Moskalenko <nim@wip.tu-berlin.de>,
World,HB_Direct_Electric,2018,4.153125,,MEUR/GW,,,,
World,HB_Direct_Electric,2020,4.153125,,MEUR/GW,,,,
World,HB_Direct_Electric,2021,4.153125,,MEUR/GW,electric heating- https://ens.dk/en/our-services/technology-catalogues/technology-data-individual-heating-plants,20.08.2024,Alena Diesing <ad@wip.tu-berlin.de>,
World,HB_Direct_Electric,2025,4.146875,,MEUR/GW,electric heating- https://ens.dk/en/our-services/technology-catalogues/technology-data-individual-heating-plants,20.08.2024,Alena Diesing <ad@wip.tu-berlin.de>,
World,HB_Direct_Electric,2030,3.977083333,,MEUR/GW,electric heating- https://ens.dk/en/our-services/technology-catalogues/technology-data-individual-heating-plants,20.08.2024,Alena Diesing <ad@wip.tu-berlin.de>,
World,HB_Direct_Electric,2035,3.890625,,MEUR/GW,electric heating- https://ens.dk/en/our-services/technology-catalogues/technology-data-individual-heating-plants,20.08.2024,Alena Diesing <ad@wip.tu-berlin.de>,
World,HB_Direct_Electric,2040,3.804166667,,MEUR/GW,electric heating- https://ens.dk/en/our-services/technology-catalogues/technology-data-individual-heating-plants,20.08.2024,Alena Diesing <ad@wip.tu-berlin.de>,
World,HB_Direct_Electric,2045,3.717708333,,MEUR/GW,electric heating- https://ens.dk/en/our-services/technology-catalogues/technology-data-individual-heating-plants,20.08.2024,Alena Diesing <ad@wip.tu-berlin.de>,
World,HB_Direct_Electric,2050,3.63125,,MEUR/GW,electric heating- https://ens.dk/en/our-services/technology-catalogues/technology-data-individual-heating-plants,20.08.2024,Alena Diesing <ad@wip.tu-berlin.de>,
World,HB_Direct_Electric,2055,3.63125,,MEUR/GW,same as 2050 for now,29.01.2025,Nikita Moskalenko <nim@wip.tu-berlin.de>,
World,HB_Direct_Electric,2060,3.63125,,MEUR/GW,same as 2050 for now,29.01.2025,Nikita Moskalenko <nim@wip.tu-berlin.de>,
World,HB_Gas_Boiler,2018,13.6843,,MEUR/GW,Natural gas boiler- https://ens.dk/en/our-services/technology-catalogues/technology-data-individual-heating-plants,31.01.2025,Konstantin Loffler <kl@wip.tu-berlin.de>,
World,HB_Gas_Boiler,2020,13.6843,,MEUR/GW,Natural gas boiler- https://ens.dk/en/our-services/technology-catalogues/technology-data-individual-heating-plants,31.01.2025,Konstantin Loffler <kl@wip.tu-berlin.de>,
World,HB_Gas_Boiler,2021,13.6843,,MEUR/GW,Natural gas boiler- https://ens.dk/en/our-services/technology-catalogues/technology-data-individual-heating-plants,31.01.2025,Konstantin Loffler <kl@wip.tu-berlin.de>,
World,HB_Gas_Boiler,2025,13.4533,,MEUR/GW,Natural gas boiler- https://ens.dk/en/our-services/technology-catalogues/technology-data-individual-heating-plants,31.01.2025,Konstantin Loffler <kl@wip.tu-berlin.de>,
World,HB_Gas_Boiler,2030,13.338,,MEUR/GW,Natural gas boiler- https://ens.dk/en/our-services/technology-catalogues/technology-data-individual-heating-plants,31.01.2025,Konstantin Loffler <kl@wip.tu-berlin.de>,
World,HB_Gas_Boiler,2035,13.338,,MEUR/GW,Natural gas boiler- https://ens.dk/en/our-services/technology-catalogues/technology-data-individual-heating-plants,31.01.2025,Konstantin Loffler <kl@wip.tu-berlin.de>,
World,HB_Gas_Boiler,2040,12.61,,MEUR/GW,Natural gas boiler- https://ens.dk/en/our-services/technology-catalogues/technology-data-individual-heating-plants,31.01.2025,Konstantin Loffler <kl@wip.tu-berlin.de>,
World,HB_Gas_Boiler,2045,12.61,,MEUR/GW,Natural gas boiler- https://ens.dk/en/our-services/technology-catalogues/technology-data-individual-heating-plants,31.01.2025,Konstantin Loffler <kl@wip.tu-berlin.de>,
World,HB_Gas_Boiler,2050,12.158,,MEUR/GW,Natural gas boiler- https://ens.dk/en/our-services/technology-catalogues/technology-data-individual-heating-plants,31.01.2025,Konstantin Loffler <kl@wip.tu-berlin.de>,
World,HB_Gas_Boiler,2055,12.158,,MEUR/GW,same as 2050 for now,29.01.2025,Nikita Moskalenko <nim@wip.tu-berlin.de>,
World,HB_Gas_Boiler,2060,12.158,,MEUR/GW,same as 2050 for now,29.01.2025,Nikita Moskalenko <nim@wip.tu-berlin.de>,
World,HB_Geothermal,2018,24.03222,,MEUR/GW,,,,
World,HB_Geothermal,2020,24.03222,,MEUR/GW,,,,
World,HB_Geothermal,2021,24.03222,,MEUR/GW,"Geothermal DH, 1200m, E-https://ens.dk/en/our-services/technology-catalogues/technology-data-generation-electricity-and-district-heating",20.08.2024,Alena Diesing <ad@wip.tu-berlin.de>,
World,HB_Geothermal,2025,23.28786,,MEUR/GW,"Geothermal DH, 1200m, E-https://ens.dk/en/our-services/technology-catalogues/technology-data-generation-electricity-and-district-heating",20.08.2024,Alena Diesing <ad@wip.tu-berlin.de>,
World,HB_Geothermal,2030,22.64984,,MEUR/GW,"Geothermal DH, 1200m, E-https://ens.dk/en/our-services/technology-catalogues/technology-data-generation-electricity-and-district-heating",20.08.2024,Alena Diesing <ad@wip.tu-berlin.de>,
World,HB_Geothermal,2035,22.27766,,MEUR/GW,"Geothermal DH, 1200m, E-https://ens.dk/en/our-services/technology-catalogues/technology-data-generation-electricity-and-district-heating",20.08.2024,Alena Diesing <ad@wip.tu-berlin.de>,
World,HB_Geothermal,2040,21.90548,,MEUR/GW,"Geothermal DH, 1200m, E-https://ens.dk/en/our-services/technology-catalogues/technology-data-generation-electricity-and-district-heating",20.08.2024,Alena Diesing <ad@wip.tu-berlin.de>,
World,HB_Geothermal,2045,21.5333,,MEUR/GW,"Geothermal DH, 1200m, E-https://ens.dk/en/our-services/technology-catalogues/technology-data-generation-electricity-and-district-heating",20.08.2024,Alena Diesing <ad@wip.tu-berlin.de>,
World,HB_Geothermal,2050,21.16112,,MEUR/GW,"Geothermal DH, 1200m, E-https://ens.dk/en/our-services/technology-catalogues/technology-data-generation-electricity-and-district-heating",20.08.2024,Alena Diesing <ad@wip.tu-berlin.de>,
World,HB_Geothermal,2055,21.16112,,MEUR/GW,same as 2050 for now,29.01.2025,Nikita Moskalenko <nim@wip.tu-berlin.de>,
World,HB_Geothermal,2060,21.16112,,MEUR/GW,same as 2050 for now,29.01.2025,Nikita Moskalenko <nim@wip.tu-berlin.de>,
World,HB_H2_Boiler,2018,20.52645,,MEUR/GW,assumption: 50% higher than nat gas due to grid fees,31.01.2025,Konstantin Loffler <kl@wip.tu-berlin.de>,
World,HB_H2_Boiler,2020,20.52645,,MEUR/GW,assumption: 50% higher than nat gas due to grid fees,31.01.2025,Konstantin Loffler <kl@wip.tu-berlin.de>,
World,HB_H2_Boiler,2021,20.52645,,MEUR/GW,assumption: 50% higher than nat gas due to grid fees,31.01.2025,Konstantin Loffler <kl@wip.tu-berlin.de>,
World,HB_H2_Boiler,2025,20.17995,,MEUR/GW,assumption: 50% higher than nat gas due to grid fees,31.01.2025,Konstantin Loffler <kl@wip.tu-berlin.de>,
World,HB_H2_Boiler,2030,20.007,,MEUR/GW,assumption: 50% higher than nat gas due to grid fees,31.01.2025,Konstantin Loffler <kl@wip.tu-berlin.de>,
World,HB_H2_Boiler,2035,20.007,,MEUR/GW,assumption: 50% higher than nat gas due to grid fees,31.01.2025,Konstantin Loffler <kl@wip.tu-berlin.de>,
World,HB_H2_Boiler,2040,18.915,,MEUR/GW,assumption: 50% higher than nat gas due to grid fees,31.01.2025,Konstantin Loffler <kl@wip.tu-berlin.de>,
World,HB_H2_Boiler,2045,18.915,,MEUR/GW,assumption: 50% higher than nat gas due to grid fees,31.01.2025,Konstantin Loffler <kl@wip.tu-berlin.de>,
World,HB_H2_Boiler,2050,18.237,,MEUR/GW,assumption: 50% higher than nat gas due to grid fees,31.01.2025,Konstantin Loffler <kl@wip.tu-berlin.de>,
World,HB_H2_Boiler,2055,18.237,,MEUR/GW,same as 2050 for now,29.01.2025,Nikita Moskalenko <nim@wip.tu-berlin.de>,
World,HB_H2_Boiler,2060,18.237,,MEUR/GW,same as 2050 for now,29.01.2025,Nikita Moskalenko <nim@wip.tu-berlin.de>,
World,HB_Hardcoal,2018,1.3,,MEUR/GW,,,,
World,HB_Hardcoal,2020,1.3,,MEUR/GW,,,,
World,HB_Hardcoal,2021,1.3,,MEUR/GW,District heating boilers coal - https://energy.ec.europa.eu/data-and-analysis/energy-modelling/eu-reference-scenario-2020_en,20.08.2024,Alena Diesing <ad@wip.tu-berlin.de>,
World,HB_Hardcoal,2025,1.3,,MEUR/GW,District heating boilers coal - https://energy.ec.europa.eu/data-and-analysis/energy-modelling/eu-reference-scenario-2020_en,20.08.2024,Alena Diesing <ad@wip.tu-berlin.de>,
World,HB_Hardcoal,2030,1.3,,MEUR/GW,District heating boilers coal - https://energy.ec.europa.eu/data-and-analysis/energy-modelling/eu-reference-scenario-2020_en,20.08.2024,Alena Diesing <ad@wip.tu-berlin.de>,
World,HB_Hardcoal,2035,1.3,,MEUR/GW,District heating boilers coal - https://energy.ec.europa.eu/data-and-analysis/energy-modelling/eu-reference-scenario-2020_en,20.08.2024,Alena Diesing <ad@wip.tu-berlin.de>,
World,HB_Hardcoal,2040,1.3,,MEUR/GW,District heating boilers coal - https://energy.ec.europa.eu/data-and-analysis/energy-modelling/eu-reference-scenario-2020_en,20.08.2024,Alena Diesing <ad@wip.tu-berlin.de>,
World,HB_Hardcoal,2045,1.3,,MEUR/GW,District heating boilers coal - https://energy.ec.europa.eu/data-and-analysis/energy-modelling/eu-reference-scenario-2020_en,20.08.2024,Alena Diesing <ad@wip.tu-berlin.de>,
World,HB_Hardcoal,2050,1.3,,MEUR/GW,District heating boilers coal - https://energy.ec.europa.eu/data-and-analysis/energy-modelling/eu-reference-scenario-2020_en,20.08.2024,Alena Diesing <ad@wip.tu-berlin.de>,
World,HB_Hardcoal,2055,1.3,,MEUR/GW,same as 2050 for now,29.01.2025,Nikita Moskalenko <nim@wip.tu-berlin.de>,
World,HB_Hardcoal,2060,1.3,,MEUR/GW,same as 2050 for now,29.01.2025,Nikita Moskalenko <nim@wip.tu-berlin.de>,
World,HB_Heatpump_Aerial,2018,41.5,,MEUR/GW,DEA - Technology data heating installations - Heat pump Air-air - see Assumption.txt,13.12.2023,Frida Sather <frida.sather@sintef.no>,
World,HB_Heatpump_Aerial,2020,41.5,,MEUR/GW,DEA - Technology data heating installations - Heat pump Air-air - see Assumption.txt,13.12.2023,Frida Sather <frida.sather@sintef.no>,
World,HB_Heatpump_Aerial,2021,41.5,,MEUR/GW,DEA - Technology data heating installations - Heat pump Air-air - see Assumption.txt,13.12.2023,Frida Sather <frida.sather@sintef.no>,
World,HB_Heatpump_Aerial,2025,28.2,,MEUR/GW,DEA - Technology data heating installations - Heat pump Air-air - see Assumption.txt,13.12.2023,Frida Sather <frida.sather@sintef.no>,
World,HB_Heatpump_Aerial,2030,27.7,,MEUR/GW,DEA - Technology data heating installations - Heat pump Air-air - see Assumption.txt,13.12.2023,Frida Sather <frida.sather@sintef.no>,
World,HB_Heatpump_Aerial,2035,27.3,,MEUR/GW,DEA - Technology data heating installations - Heat pump Air-air - see Assumption.txt,13.12.2023,Frida Sather <frida.sather@sintef.no>,
World,HB_Heatpump_Aerial,2040,26.9,,MEUR/GW,DEA - Technology data heating installations - Heat pump Air-air - see Assumption.txt,13.12.2023,Frida Sather <frida.sather@sintef.no>,
World,HB_Heatpump_Aerial,2045,26.35,,MEUR/GW,DEA - Technology data heating installations - Heat pump Air-air - see Assumption.txt,13.12.2023,Frida Sather <frida.sather@sintef.no>,
World,HB_Heatpump_Aerial,2050,25.8,,MEUR/GW,DEA - Technology data heating installations - Heat pump Air-air - see Assumption.txt,13.12.2023,Frida Sather <frida.sather@sintef.no>,
World,HB_Heatpump_Aerial,2055,25.8,,MEUR/GW,same as 2050 for now,29.01.2025,Nikita Moskalenko <nim@wip.tu-berlin.de>,
World,HB_Heatpump_Aerial,2060,25.8,,MEUR/GW,same as 2050 for now,29.01.2025,Nikita Moskalenko <nim@wip.tu-berlin.de>,
World,HB_Heatpump_Ground,2018,28.1,,MEUR/GW,DEA - Technology data heating installations - Heat pump Ground-water - see Assumption.txt,13.12.2023,Frida Sather <frida.sather@sintef.no>,
World,HB_Heatpump_Ground,2020,28.1,,MEUR/GW,DEA - Technology data heating installations - Heat pump Ground-water - see Assumption.txt,13.12.2023,Frida Sather <frida.sather@sintef.no>,
World,HB_Heatpump_Ground,2021,28.1,,MEUR/GW,DEA - Technology data heating installations - Heat pump Ground-water - see Assumption.txt,13.12.2023,Frida Sather <frida.sather@sintef.no>,
World,HB_Heatpump_Ground,2025,20.8,,MEUR/GW,DEA - Technology data heating installations - Heat pump Ground-water - see Assumption.txt,13.12.2023,Frida Sather <frida.sather@sintef.no>,
World,HB_Heatpump_Ground,2030,20.5,,MEUR/GW,DEA - Technology data heating installations - Heat pump Ground-water - see Assumption.txt,13.12.2023,Frida Sather <frida.sather@sintef.no>,
World,HB_Heatpump_Ground,2035,20.2,,MEUR/GW,DEA - Technology data heating installations - Heat pump Ground-water - see Assumption.txt,13.12.2023,Frida Sather <frida.sather@sintef.no>,
World,HB_Heatpump_Ground,2040,19.9,,MEUR/GW,DEA - Technology data heating installations - Heat pump Ground-water - see Assumption.txt,13.12.2023,Frida Sather <frida.sather@sintef.no>,
World,HB_Heatpump_Ground,2045,19.6,,MEUR/GW,DEA - Technology data heating installations - Heat pump Ground-water - see Assumption.txt,13.12.2023,Frida Sather <frida.sather@sintef.no>,
World,HB_Heatpump_Ground,2050,19.3,,MEUR/GW,DEA - Technology data heating installations - Heat pump Ground-water - see Assumption.txt,13.12.2023,Frida Sather <frida.sather@sintef.no>,
World,HB_Heatpump_Ground,2055,19.3,,MEUR/GW,same as 2050 for now,29.01.2025,Nikita Moskalenko <nim@wip.tu-berlin.de>,
World,HB_Heatpump_Ground,2060,19.3,,MEUR/GW,same as 2050 for now,29.01.2025,Nikita Moskalenko <nim@wip.tu-berlin.de>,
World,HB_Lignite,2018,1.3,,MEUR/GW,,,,
World,HB_Lignite,2020,1.3,,MEUR/GW,,,,
World,HB_Lignite,2021,1.3,,MEUR/GW,District heating boilers lignite - https://energy.ec.europa.eu/data-and-analysis/energy-modelling/eu-reference-scenario-2020_en,20.08.2024,Alena Diesing <ad@wip.tu-berlin.de>,
World,HB_Lignite,2025,1.3,,MEUR/GW,District heating boilers lignite - https://energy.ec.europa.eu/data-and-analysis/energy-modelling/eu-reference-scenario-2020_en,20.08.2024,Alena Diesing <ad@wip.tu-berlin.de>,
World,HB_Lignite,2030,1.3,,MEUR/GW,District heating boilers lignite - https://energy.ec.europa.eu/data-and-analysis/energy-modelling/eu-reference-scenario-2020_en,20.08.2024,Alena Diesing <ad@wip.tu-berlin.de>,
World,HB_Lignite,2035,1.3,,MEUR/GW,District heating boilers lignite - https://energy.ec.europa.eu/data-and-analysis/energy-modelling/eu-reference-scenario-2020_en,20.08.2024,Alena Diesing <ad@wip.tu-berlin.de>,
World,HB_Lignite,2040,1.3,,MEUR/GW,District heating boilers lignite - https://energy.ec.europa.eu/data-and-analysis/energy-modelling/eu-reference-scenario-2020_en,20.08.2024,Alena Diesing <ad@wip.tu-berlin.de>,
World,HB_Lignite,2045,1.3,,MEUR/GW,District heating boilers lignite - https://energy.ec.europa.eu/data-and-analysis/energy-modelling/eu-reference-scenario-2020_en,20.08.2024,Alena Diesing <ad@wip.tu-berlin.de>,
World,HB_Lignite,2050,1.3,,MEUR/GW,District heating boilers lignite - https://energy.ec.europa.eu/data-and-analysis/energy-modelling/eu-reference-scenario-2020_en,20.08.2024,Alena Diesing <ad@wip.tu-berlin.de>,
World,HB_Lignite,2055,1.3,,MEUR/GW,same as 2050 for now,29.01.2025,Nikita Moskalenko <nim@wip.tu-berlin.de>,
World,HB_Lignite,2060,1.3,,MEUR/GW,same as 2050 for now,29.01.2025,Nikita Moskalenko <nim@wip.tu-berlin.de>,
World,HB_Oil_Boiler,2018,6.4603125,,MEUR/GW,,,,
World,HB_Oil_Boiler,2020,6.4603125,,MEUR/GW,,,,
World,HB_Oil_Boiler,2021,6.4603125,,MEUR/GW,oil boiler - https://ens.dk/en/our-services/technology-catalogues/technology-data-individual-heating-plants,20.08.2024,Alena Diesing <ad@wip.tu-berlin.de>,
World,HB_Oil_Boiler,2025,6.345625,,MEUR/GW,oil boiler - https://ens.dk/en/our-services/technology-catalogues/technology-data-individual-heating-plants,20.08.2024,Alena Diesing <ad@wip.tu-berlin.de>,
World,HB_Oil_Boiler,2030,6.2815625,,MEUR/GW,oil boiler - https://ens.dk/en/our-services/technology-catalogues/technology-data-individual-heating-plants,20.08.2024,Alena Diesing <ad@wip.tu-berlin.de>,
World,HB_Oil_Boiler,2035,6.1690625,,MEUR/GW,oil boiler - https://ens.dk/en/our-services/technology-catalogues/technology-data-individual-heating-plants,20.08.2024,Alena Diesing <ad@wip.tu-berlin.de>,
World,HB_Oil_Boiler,2040,6.0565625,,MEUR/GW,oil boiler - https://ens.dk/en/our-services/technology-catalogues/technology-data-individual-heating-plants,20.08.2024,Alena Diesing <ad@wip.tu-berlin.de>,
World,HB_Oil_Boiler,2045,5.94375,,MEUR/GW,oil boiler - https://ens.dk/en/our-services/technology-catalogues/technology-data-individual-heating-plants,20.08.2024,Alena Diesing <ad@wip.tu-berlin.de>,
World,HB_Oil_Boiler,2050,5.8309375,,MEUR/GW,oil boiler - https://ens.dk/en/our-services/technology-catalogues/technology-data-individual-heating-plants,20.08.2024,Alena Diesing <ad@wip.tu-berlin.de>,
World,HB_Oil_Boiler,2055,5.8309375,,MEUR/GW,same as 2050 for now,29.01.2025,Nikita Moskalenko <nim@wip.tu-berlin.de>,
World,HB_Oil_Boiler,2060,5.8309375,,MEUR/GW,same as 2050 for now,29.01.2025,Nikita Moskalenko <nim@wip.tu-berlin.de>,
World,HB_Solar_Thermal,2018,8.507738095,,MEUR/GW,,,,
World,HB_Solar_Thermal,2020,8.507738095,,MEUR/GW,,,,
World,HB_Solar_Thermal,2021,8.507738095,,MEUR/GW,solar heating - https://ens.dk/en/our-services/technology-catalogues/technology-data-individual-heating-plants,20.08.2024,Alena Diesing <ad@wip.tu-berlin.de>,
World,HB_Solar_Thermal,2025,8.432142857,,MEUR/GW,solar heating - https://ens.dk/en/our-services/technology-catalogues/technology-data-individual-heating-plants,20.08.2024,Alena Diesing <ad@wip.tu-berlin.de>,
World,HB_Solar_Thermal,2030,8.470833333,,MEUR/GW,solar heating - https://ens.dk/en/our-services/technology-catalogues/technology-data-individual-heating-plants,20.08.2024,Alena Diesing <ad@wip.tu-berlin.de>,
World,HB_Solar_Thermal,2035,8.261011905,,MEUR/GW,solar heating - https://ens.dk/en/our-services/technology-catalogues/technology-data-individual-heating-plants,20.08.2024,Alena Diesing <ad@wip.tu-berlin.de>,
World,HB_Solar_Thermal,2040,8.051190476,,MEUR/GW,solar heating - https://ens.dk/en/our-services/technology-catalogues/technology-data-individual-heating-plants,20.08.2024,Alena Diesing <ad@wip.tu-berlin.de>,
World,HB_Solar_Thermal,2045,7.897321429,,MEUR/GW,solar heating - https://ens.dk/en/our-services/technology-catalogues/technology-data-individual-heating-plants,20.08.2024,Alena Diesing <ad@wip.tu-berlin.de>,
World,HB_Solar_Thermal,2050,7.743452381,,MEUR/GW,solar heating - https://ens.dk/en/our-services/technology-catalogues/technology-data-individual-heating-plants,20.08.2024,Alena Diesing <ad@wip.tu-berlin.de>,
World,HB_Solar_Thermal,2055,7.743452381,,MEUR/GW,same as 2050 for now,29.01.2025,Nikita Moskalenko <nim@wip.tu-berlin.de>,
World,HB_Solar_Thermal,2060,7.743452381,,MEUR/GW,same as 2050 for now,29.01.2025,Nikita Moskalenko <nim@wip.tu-berlin.de>,
World,HD_Electric_Boiler,2018,1.17,,MEUR/GW,DEA – Technology data for El and DH - Electric boiler - see Assumption.txt,13.12.2023,Frida Sather <frida.sather@sintef.no>,
World,HD_Electric_Boiler,2020,1.14,,MEUR/GW,DEA – Technology data for El and DH - Electric boiler - see Assumption.txt,13.12.2023,Frida Sather <frida.sather@sintef.no>,
World,HD_Electric_Boiler,2021,1.14,,MEUR/GW,DEA – Technology data for El and DH - Electric boiler - see Assumption.txt,13.12.2023,Frida Sather <frida.sather@sintef.no>,
World,HD_Electric_Boiler,2025,1.11,,MEUR/GW,DEA – Technology data for El and DH - Electric boiler - see Assumption.txt,13.12.2023,Frida Sather <frida.sather@sintef.no>,
World,HD_Electric_Boiler,2030,1.08,,MEUR/GW,DEA – Technology data for El and DH - Electric boiler - see Assumption.txt,13.12.2023,Frida Sather <frida.sather@sintef.no>,
World,HD_Electric_Boiler,2035,1.058055,,MEUR/GW,DEA – Technology data for El and DH - Electric boiler - see Assumption.txt,13.12.2023,Frida Sather <frida.sather@sintef.no>,
World,HD_Electric_Boiler,2040,1.03147,,MEUR/GW,DEA – Technology data for El and DH - Electric boiler - see Assumption.txt,13.12.2023,Frida Sather <frida.sather@sintef.no>,
World,HD_Electric_Boiler,2045,1.004885,,MEUR/GW,DEA – Technology data for El and DH - Electric boiler - see Assumption.txt,13.12.2023,Frida Sather <frida.sather@sintef.no>,
World,HD_Electric_Boiler,2050,0.9783,,MEUR/GW,DEA – Technology data for El and DH - Electric boiler - see Assumption.txt,13.12.2023,Frida Sather <frida.sather@sintef.no>,
World,HD_Electric_Boiler,2055,0.9783,,MEUR/GW,same as 2050 for now,29.01.2025,Nikita Moskalenko <nim@wip.tu-berlin.de>,
World,HD_Electric_Boiler,2060,0.9783,,MEUR/GW,same as 2050 for now,29.01.2025,Nikita Moskalenko <nim@wip.tu-berlin.de>,
World,HD_Geothermal,2018,23.79,,MEUR/GW,DEA – Technology data for El and DH - Geoth. DH electric heat pump (not incl. absorption HP) - see Assumption.txt,13.12.2023,Frida Sather <frida.sather@sintef.no>,
World,HD_Geothermal,2020,23.79,,MEUR/GW,DEA – Technology data for El and DH - Geoth. DH electric heat pump (not incl. absorption HP) - see Assumption.txt,13.12.2023,Frida Sather <frida.sather@sintef.no>,
World,HD_Geothermal,2021,23.79,,MEUR/GW,DEA – Technology data for El and DH - Geoth. DH electric heat pump (not incl. absorption HP) - see Assumption.txt,13.12.2023,Frida Sather <frida.sather@sintef.no>,
World,HD_Geothermal,2025,23.09,,MEUR/GW,DEA – Technology data for El and DH - Geoth. DH electric heat pump (not incl. absorption HP) - see Assumption.txt,13.12.2023,Frida Sather <frida.sather@sintef.no>,
World,HD_Geothermal,2030,22.41,,MEUR/GW,DEA – Technology data for El and DH - Geoth. DH electric heat pump (not incl. absorption HP) - see Assumption.txt,13.12.2023,Frida Sather <frida.sather@sintef.no>,
World,HD_Geothermal,2035,22.038118,,MEUR/GW,DEA – Technology data for El and DH - Geoth. DH electric heat pump (not incl. absorption HP) - see Assumption.txt,13.12.2023,Frida Sather <frida.sather@sintef.no>,
World,HD_Geothermal,2040,21.668378,,MEUR/GW,DEA – Technology data for El and DH - Geoth. DH electric heat pump (not incl. absorption HP) - see Assumption.txt,13.12.2023,Frida Sather <frida.sather@sintef.no>,
World,HD_Geothermal,2045,21.327575,,MEUR/GW,DEA – Technology data for El and DH - Geoth. DH electric heat pump (not incl. absorption HP) - see Assumption.txt,13.12.2023,Frida Sather <frida.sather@sintef.no>,
World,HD_Geothermal,2050,20.986772,,MEUR/GW,DEA – Technology data for El and DH - Geoth. DH electric heat pump (not incl. absorption HP) - see Assumption.txt,13.12.2023,Frida Sather <frida.sather@sintef.no>,
World,HD_Geothermal,2055,20.986772,,MEUR/GW,same as 2050 for now,29.01.2025,Nikita Moskalenko <nim@wip.tu-berlin.de>,
World,HD_Geothermal,2060,20.986772,,MEUR/GW,same as 2050 for now,29.01.2025,Nikita Moskalenko <nim@wip.tu-berlin.de>,
World,HD_Heatpump_Air,2018,2.13,,MEUR/GW,"DEA – Technology data for El and DH - Comp. hp, airsource 10MW - see Assumption.txt ",13.12.2023,Frida Sather <frida.sather@sintef.no>,
World,HD_Heatpump_Air,2020,2.13,,MEUR/GW,"DEA – Technology data for El and DH - Comp. hp, airsource 10MW - see Assumption.txt ",13.12.2023,Frida Sather <frida.sather@sintef.no>,
World,HD_Heatpump_Air,2021,2.13,,MEUR/GW,"DEA – Technology data for El and DH - Comp. hp, airsource 10MW - see Assumption.txt ",13.12.2023,Frida Sather <frida.sather@sintef.no>,
World,HD_Heatpump_Air,2025,2.13,,MEUR/GW,"DEA – Technology data for El and DH - Comp. hp, airsource 10MW - see Assumption.txt ",13.12.2023,Frida Sather <frida.sather@sintef.no>,
World,HD_Heatpump_Air,2030,2.13,,MEUR/GW,"DEA – Technology data for El and DH - Comp. hp, airsource 10MW - see Assumption.txt ",13.12.2023,Frida Sather <frida.sather@sintef.no>,
World,HD_Heatpump_Air,2035,2.13,,MEUR/GW,"DEA – Technology data for El and DH - Comp. hp, airsource 10MW - see Assumption.txt ",13.12.2023,Frida Sather <frida.sather@sintef.no>,
World,HD_Heatpump_Air,2040,2.13,,MEUR/GW,"DEA – Technology data for El and DH - Comp. hp, airsource 10MW - see Assumption.txt ",13.12.2023,Frida Sather <frida.sather@sintef.no>,
World,HD_Heatpump_Air,2045,2.13,,MEUR/GW,"DEA – Technology data for El and DH - Comp. hp, airsource 10MW - see Assumption.txt ",13.12.2023,Frida Sather <frida.sather@sintef.no>,
World,HD_Heatpump_Air,2050,2.13,,MEUR/GW,"DEA – Technology data for El and DH - Comp. hp, airsource 10MW - see Assumption.txt ",13.12.2023,Frida Sather <frida.sather@sintef.no>,
World,HD_Heatpump_Air,2055,2.13,,MEUR/GW,same as 2050 for now,29.01.2025,Nikita Moskalenko <nim@wip.tu-berlin.de>,
World,HD_Heatpump_Air,2060,2.13,,MEUR/GW,same as 2050 for now,29.01.2025,Nikita Moskalenko <nim@wip.tu-berlin.de>,
World,HD_Heatpump_ExcessHeat,2018,2.13,,MEUR/GW,"DEA – Technology data for El and DH - Comp. hp, excess heat 10MW - see Assumption.txt ",13.12.2023,Frida Sather <frida.sather@sintef.no>,
World,HD_Heatpump_ExcessHeat,2020,2.13,,MEUR/GW,"DEA – Technology data for El and DH - Comp. hp, excess heat 10MW - see Assumption.txt ",13.12.2023,Frida Sather <frida.sather@sintef.no>,
World,HD_Heatpump_ExcessHeat,2021,2.13,,MEUR/GW,"DEA – Technology data for El and DH - Comp. hp, excess heat 10MW - see Assumption.txt ",13.12.2023,Frida Sather <frida.sather@sintef.no>,
World,HD_Heatpump_ExcessHeat,2025,2.13,,MEUR/GW,"DEA – Technology data for El and DH - Comp. hp, excess heat 10MW - see Assumption.txt ",13.12.2023,Frida Sather <frida.sather@sintef.no>,
World,HD_Heatpump_ExcessHeat,2030,2.13,,MEUR/GW,"DEA – Technology data for El and DH - Comp. hp, excess heat 10MW - see Assumption.txt ",13.12.2023,Frida Sather <frida.sather@sintef.no>,
World,HD_Heatpump_ExcessHeat,2035,2.13,,MEUR/GW,"DEA – Technology data for El and DH - Comp. hp, excess heat 10MW - see Assumption.txt ",13.12.2023,Frida Sather <frida.sather@sintef.no>,
World,HD_Heatpump_ExcessHeat,2040,2.13,,MEUR/GW,"DEA – Technology data for El and DH - Comp. hp, excess heat 10MW - see Assumption.txt ",13.12.2023,Frida Sather <frida.sather@sintef.no>,
World,HD_Heatpump_ExcessHeat,2045,2.13,,MEUR/GW,"DEA – Technology data for El and DH - Comp. hp, excess heat 10MW - see Assumption.txt ",13.12.2023,Frida Sather <frida.sather@sintef.no>,
World,HD_Heatpump_ExcessHeat,2050,2.13,,MEUR/GW,"DEA – Technology data for El and DH - Comp. hp, excess heat 10MW - see Assumption.txt ",13.12.2023,Frida Sather <frida.sather@sintef.no>,
World,HD_Heatpump_ExcessHeat,2055,2.13,,MEUR/GW,same as 2050 for now,29.01.2025,Nikita Moskalenko <nim@wip.tu-berlin.de>,
World,HD_Heatpump_ExcessHeat,2060,2.13,,MEUR/GW,same as 2050 for now,29.01.2025,Nikita Moskalenko <nim@wip.tu-berlin.de>,
World,HD_Solar_Thermal,2018,0.06,,MEUR/GW,DEA – Technology data for El and DH - Solar district heating - see Assumption.txt,13.12.2023,Frida Sather <frida.sather@sintef.no>,
World,HD_Solar_Thermal,2020,0.06,,MEUR/GW,DEA – Technology data for El and DH - Solar district heating - see Assumption.txt,13.12.2023,Frida Sather <frida.sather@sintef.no>,
World,HD_Solar_Thermal,2021,0.06,,MEUR/GW,DEA – Technology data for El and DH - Solar district heating - see Assumption.txt,13.12.2023,Frida Sather <frida.sather@sintef.no>,
World,HD_Solar_Thermal,2025,0.06,,MEUR/GW,DEA – Technology data for El and DH - Solar district heating - see Assumption.txt,13.12.2023,Frida Sather <frida.sather@sintef.no>,
World,HD_Solar_Thermal,2030,0.06,,MEUR/GW,DEA – Technology data for El and DH - Solar district heating - see Assumption.txt,13.12.2023,Frida Sather <frida.sather@sintef.no>,
World,HD_Solar_Thermal,2035,0.061181149,,MEUR/GW,DEA – Technology data for El and DH - Solar district heating - see Assumption.txt,13.12.2023,Frida Sather <frida.sather@sintef.no>,
World,HD_Solar_Thermal,2040,0.061952095,,MEUR/GW,DEA – Technology data for El and DH - Solar district heating - see Assumption.txt,13.12.2023,Frida Sather <frida.sather@sintef.no>,
World,HD_Solar_Thermal,2045,0.06272304,,MEUR/GW,DEA – Technology data for El and DH - Solar district heating - see Assumption.txt,13.12.2023,Frida Sather <frida.sather@sintef.no>,
World,HD_Solar_Thermal,2050,0.063493985,,MEUR/GW,DEA – Technology data for El and DH - Solar district heating - see Assumption.txt,13.12.2023,Frida Sather <frida.sather@sintef.no>,
World,HD_Solar_Thermal,2055,0.063493985,,MEUR/GW,same as 2050 for now,29.01.2025,Nikita Moskalenko <nim@wip.tu-berlin.de>,
World,HD_Solar_Thermal,2060,0.063493985,,MEUR/GW,same as 2050 for now,29.01.2025,Nikita Moskalenko <nim@wip.tu-berlin.de>,
World,HHI_BF_BOF,2018,101.66,,MEUR/GW,,,,
World,HHI_BF_BOF,2020,101.66,,MEUR/GW,,,,
World,HHI_BF_BOF,2021,,,MEUR/GW,,,,
World,HHI_BF_BOF,2025,101.66,,MEUR/GW,,,,
World,HHI_BF_BOF,2030,101.66,,MEUR/GW,,,,
World,HHI_BF_BOF,2035,101.66,,MEUR/GW,,,,
World,HHI_BF_BOF,2040,101.66,,MEUR/GW,,,,
World,HHI_BF_BOF,2045,101.66,,MEUR/GW,,,,
World,HHI_BF_BOF,2050,101.66,,MEUR/GW,,,,
World,HHI_BF_BOF,2055,101.66,,MEUR/GW,same as 2050 for now,29.01.2025,Nikita Moskalenko <nim@wip.tu-berlin.de>,
World,HHI_BF_BOF,2060,101.66,,MEUR/GW,same as 2050 for now,29.01.2025,Nikita Moskalenko <nim@wip.tu-berlin.de>,
World,HHI_BF_BOF_CCS,2018,130.18,,MEUR/GW,,,,
World,HHI_BF_BOF_CCS,2020,130.18,,MEUR/GW,,,,
World,HHI_BF_BOF_CCS,2021,,,MEUR/GW,,,,
World,HHI_BF_BOF_CCS,2025,130.18,,MEUR/GW,,,,
World,HHI_BF_BOF_CCS,2030,130.18,,MEUR/GW,,,,
World,HHI_BF_BOF_CCS,2035,130.18,,MEUR/GW,,,,
World,HHI_BF_BOF_CCS,2040,130.18,,MEUR/GW,,,,
World,HHI_BF_BOF_CCS,2045,130.18,,MEUR/GW,,,,
World,HHI_BF_BOF_CCS,2050,130.18,,MEUR/GW,,,,
World,HHI_BF_BOF_CCS,2055,130.18,,MEUR/GW,same as 2050 for now,29.01.2025,Nikita Moskalenko <nim@wip.tu-berlin.de>,
World,HHI_BF_BOF_CCS,2060,130.18,,MEUR/GW,same as 2050 for now,29.01.2025,Nikita Moskalenko <nim@wip.tu-berlin.de>,
World,HHI_Bio_BF_BOF,2018,111.826,,MEUR/GW,,,,
World,HHI_Bio_BF_BOF,2020,111.826,,MEUR/GW,,,,
World,HHI_Bio_BF_BOF,2021,,,MEUR/GW,,,,
World,HHI_Bio_BF_BOF,2025,111.826,,MEUR/GW,,,,
World,HHI_Bio_BF_BOF,2030,111.826,,MEUR/GW,,,,
World,HHI_Bio_BF_BOF,2035,111.826,,MEUR/GW,,,,
World,HHI_Bio_BF_BOF,2040,111.826,,MEUR/GW,,,,
World,HHI_Bio_BF_BOF,2045,111.826,,MEUR/GW,,,,
World,HHI_Bio_BF_BOF,2050,111.826,,MEUR/GW,,,,
World,HHI_Bio_BF_BOF,2055,111.826,,MEUR/GW,same as 2050 for now,29.01.2025,Nikita Moskalenko <nim@wip.tu-berlin.de>,
World,HHI_Bio_BF_BOF,2060,111.826,,MEUR/GW,same as 2050 for now,29.01.2025,Nikita Moskalenko <nim@wip.tu-berlin.de>,
World,HHI_DRI_EAF,2018,165.6,,MEUR/GW,,,,
World,HHI_DRI_EAF,2020,155.5457143,,MEUR/GW,,,,
World,HHI_DRI_EAF,2021,,,MEUR/GW,,,,
World,HHI_DRI_EAF,2025,145.4914286,,MEUR/GW,,,,
World,HHI_DRI_EAF,2030,135.4371429,,MEUR/GW,,,,
World,HHI_DRI_EAF,2035,125.3828571,,MEUR/GW,,,,
World,HHI_DRI_EAF,2040,115.3285714,,MEUR/GW,,,,
World,HHI_DRI_EAF,2045,105.2742857,,MEUR/GW,,,,
World,HHI_DRI_EAF,2050,95.22,,MEUR/GW,,,,
World,HHI_DRI_EAF,2055,95.22,,MEUR/GW,same as 2050 for now,29.01.2025,Nikita Moskalenko <nim@wip.tu-berlin.de>,
World,HHI_DRI_EAF,2060,95.22,,MEUR/GW,same as 2050 for now,29.01.2025,Nikita Moskalenko <nim@wip.tu-berlin.de>,
World,HHI_DRI_EAF_CCS,2018,215.2,,MEUR/GW,,,,
World,HHI_DRI_EAF_CCS,2020,202.1342857,,MEUR/GW,,,,
World,HHI_DRI_EAF_CCS,2021,,,MEUR/GW,,,,
World,HHI_DRI_EAF_CCS,2025,189.0685714,,MEUR/GW,,,,
World,HHI_DRI_EAF_CCS,2030,176.0028571,,MEUR/GW,,,,
World,HHI_DRI_EAF_CCS,2035,162.9371429,,MEUR/GW,,,,
World,HHI_DRI_EAF_CCS,2040,149.8714286,,MEUR/GW,,,,
World,HHI_DRI_EAF_CCS,2045,136.8057143,,MEUR/GW,,,,
World,HHI_DRI_EAF_CCS,2050,123.74,,MEUR/GW,,,,
World,HHI_DRI_EAF_CCS,2055,123.74,,MEUR/GW,same as 2050 for now,29.01.2025,Nikita Moskalenko <nim@wip.tu-berlin.de>,
World,HHI_DRI_EAF_CCS,2060,123.74,,MEUR/GW,same as 2050 for now,29.01.2025,Nikita Moskalenko <nim@wip.tu-berlin.de>,
World,HHI_H2DRI_EAF,2018,169.6,,MEUR/GW,,,,
World,HHI_H2DRI_EAF,2020,163.5428571,,MEUR/GW,,,,
World,HHI_H2DRI_EAF,2021,,,MEUR/GW,,,,
World,HHI_H2DRI_EAF,2025,157.4857143,,MEUR/GW,,,,
World,HHI_H2DRI_EAF,2030,151.4285714,,MEUR/GW,,,,
World,HHI_H2DRI_EAF,2035,145.3714286,,MEUR/GW,,,,
World,HHI_H2DRI_EAF,2040,139.3142857,,MEUR/GW,,,,
World,HHI_H2DRI_EAF,2045,133.2571429,,MEUR/GW,,,,
World,HHI_H2DRI_EAF,2050,127.2,,MEUR/GW,,,,
World,HHI_H2DRI_EAF,2055,127.2,,MEUR/GW,same as 2050 for now,29.01.2025,Nikita Moskalenko <nim@wip.tu-berlin.de>,
World,HHI_H2DRI_EAF,2060,127.2,,MEUR/GW,same as 2050 for now,29.01.2025,Nikita Moskalenko <nim@wip.tu-berlin.de>,
World,HHI_Molten_Electrolysis,2018,255.6,,MEUR/GW,,,,
World,HHI_Molten_Electrolysis,2020,240.0814286,,MEUR/GW,,,,
World,HHI_Molten_Electrolysis,2021,,,MEUR/GW,,,,
World,HHI_Molten_Electrolysis,2025,224.5628571,,MEUR/GW,,,,
World,HHI_Molten_Electrolysis,2030,209.0442857,,MEUR/GW,,,,
World,HHI_Molten_Electrolysis,2035,193.5257143,,MEUR/GW,,,,
World,HHI_Molten_Electrolysis,2040,178.0071429,,MEUR/GW,,,,
World,HHI_Molten_Electrolysis,2045,162.4885714,,MEUR/GW,,,,
World,HHI_Molten_Electrolysis,2050,146.97,,MEUR/GW,,,,
World,HHI_Molten_Electrolysis,2055,146.97,,MEUR/GW,same as 2050 for now,29.01.2025,Nikita Moskalenko <nim@wip.tu-berlin.de>,
World,HHI_Molten_Electrolysis,2060,146.97,,MEUR/GW,same as 2050 for now,29.01.2025,Nikita Moskalenko <nim@wip.tu-berlin.de>,
World,HHI_Scrap_EAF,2018,73.6,,MEUR/GW,,,,
World,HHI_Scrap_EAF,2020,70.97142857,,MEUR/GW,,,,
World,HHI_Scrap_EAF,2021,,,MEUR/GW,,,,
World,HHI_Scrap_EAF,2025,68.34285714,,MEUR/GW,,,,
World,HHI_Scrap_EAF,2030,65.71428571,,MEUR/GW,,,,
World,HHI_Scrap_EAF,2035,63.08571429,,MEUR/GW,,,,
World,HHI_Scrap_EAF,2040,60.45714286,,MEUR/GW,,,,
World,HHI_Scrap_EAF,2045,57.82857143,,MEUR/GW,,,,
World,HHI_Scrap_EAF,2050,55.2,,MEUR/GW,,,,
World,HHI_Scrap_EAF,2055,55.2,,MEUR/GW,same as 2050 for now,29.01.2025,Nikita Moskalenko <nim@wip.tu-berlin.de>,
World,HHI_Scrap_EAF,2060,55.2,,MEUR/GW,same as 2050 for now,29.01.2025,Nikita Moskalenko <nim@wip.tu-berlin.de>,
World,HLI_Biomass,2018,33.7,,MEUR/GW,,,,
World,HLI_Biomass,2020,33.7,,MEUR/GW,,,,
World,HLI_Biomass,2021,33.7,,MEUR/GW,Energy Agency Denmark (2022): Hot water boiler wood,30.08.2024,Alena Diesing <ad@wip.tu-berlin.de>,
World,HLI_Biomass,2025,34.8,,MEUR/GW,Energy Agency Denmark (2022): Hot water boiler wood,30.08.2024,Alena Diesing <ad@wip.tu-berlin.de>,
World,HLI_Biomass,2030,35.9,,MEUR/GW,Energy Agency Denmark (2022): Hot water boiler wood,30.08.2024,Alena Diesing <ad@wip.tu-berlin.de>,
World,HLI_Biomass,2035,35.35,,MEUR/GW,Energy Agency Denmark (2022): Hot water boiler wood,30.08.2024,Alena Diesing <ad@wip.tu-berlin.de>,
World,HLI_Biomass,2040,34.8,,MEUR/GW,Energy Agency Denmark (2022): Hot water boiler wood,30.08.2024,Alena Diesing <ad@wip.tu-berlin.de>,
World,HLI_Biomass,2045,34.25,,MEUR/GW,Energy Agency Denmark (2022): Hot water boiler wood,30.08.2024,Alena Diesing <ad@wip.tu-berlin.de>,
World,HLI_Biomass,2050,33.7,,MEUR/GW,,,,
World,HLI_Biomass,2055,33.7,,MEUR/GW,same as 2050 for now,29.01.2025,Nikita Moskalenko <nim@wip.tu-berlin.de>,
World,HLI_Biomass,2060,33.7,,MEUR/GW,same as 2050 for now,29.01.2025,Nikita Moskalenko <nim@wip.tu-berlin.de>,
World,HLI_Direct_Electric,2018,0.963,,MEUR/GW,,,,
World,HLI_Direct_Electric,2020,0.963,,MEUR/GW,,,,
World,HLI_Direct_Electric,2021,0.963,,MEUR/GW,Energy Agency Denmark (2022): Electric boiler hot water 10kV,30.08.2024,Alena Diesing <ad@wip.tu-berlin.de>,
World,HLI_Direct_Electric,2025,0.9405,,MEUR/GW,Energy Agency Denmark (2022): Electric boiler hot water 10kV,30.08.2024,Alena Diesing <ad@wip.tu-berlin.de>,
World,HLI_Direct_Electric,2030,0.918,,MEUR/GW,Energy Agency Denmark (2022): Electric boiler hot water 10kV,30.08.2024,Alena Diesing <ad@wip.tu-berlin.de>,
World,HLI_Direct_Electric,2035,0.8955,,MEUR/GW,Energy Agency Denmark (2022): Electric boiler hot water 10kV,30.08.2024,Alena Diesing <ad@wip.tu-berlin.de>,
World,HLI_Direct_Electric,2040,0.873,,MEUR/GW,Energy Agency Denmark (2022): Electric boiler hot water 10kV,30.08.2024,Alena Diesing <ad@wip.tu-berlin.de>,
World,HLI_Direct_Electric,2045,0.8505,,MEUR/GW,Energy Agency Denmark (2022): Electric boiler hot water 10kV,30.08.2024,Alena Diesing <ad@wip.tu-berlin.de>,
World,HLI_Direct_Electric,2050,0.828,,MEUR/GW,Energy Agency Denmark (2022): Electric boiler hot water 10kV,30.08.2024,Alena Diesing <ad@wip.tu-berlin.de>,
World,HLI_Direct_Electric,2055,0.828,,MEUR/GW,same as 2050 for now,29.01.2025,Nikita Moskalenko <nim@wip.tu-berlin.de>,
World,HLI_Direct_Electric,2060,0.828,,MEUR/GW,same as 2050 for now,29.01.2025,Nikita Moskalenko <nim@wip.tu-berlin.de>,
World,HLI_Gas_Boiler,2018,2,,MEUR/GW,,,,
World,HLI_Gas_Boiler,2020,2,,MEUR/GW,,,,
World,HLI_Gas_Boiler,2021,2,,MEUR/GW,Energy Agency Denmark (2022): Hot water boiler gas,30.08.2024,Alena Diesing <ad@wip.tu-berlin.de>,
World,HLI_Gas_Boiler,2025,1.95,,MEUR/GW,Energy Agency Denmark (2022): Hot water boiler gas,30.08.2024,Alena Diesing <ad@wip.tu-berlin.de>,
World,HLI_Gas_Boiler,2030,1.9,,MEUR/GW,Energy Agency Denmark (2022): Hot water boiler gas,30.08.2024,Alena Diesing <ad@wip.tu-berlin.de>,
World,HLI_Gas_Boiler,2035,1.85,,MEUR/GW,Energy Agency Denmark (2022): Hot water boiler gas,30.08.2024,Alena Diesing <ad@wip.tu-berlin.de>,
World,HLI_Gas_Boiler,2040,1.8,,MEUR/GW,Energy Agency Denmark (2022): Hot water boiler gas,30.08.2024,Alena Diesing <ad@wip.tu-berlin.de>,
World,HLI_Gas_Boiler,2045,1.75,,MEUR/GW,Energy Agency Denmark (2022): Hot water boiler gas,30.08.2024,Alena Diesing <ad@wip.tu-berlin.de>,
World,HLI_Gas_Boiler,2050,1.7,,MEUR/GW,Energy Agency Denmark (2022): Hot water boiler gas,30.08.2024,Alena Diesing <ad@wip.tu-berlin.de>,
World,HLI_Gas_Boiler,2055,1.7,,MEUR/GW,same as 2050 for now,29.01.2025,Nikita Moskalenko <nim@wip.tu-berlin.de>,
World,HLI_Gas_Boiler,2060,1.7,,MEUR/GW,same as 2050 for now,29.01.2025,Nikita Moskalenko <nim@wip.tu-berlin.de>,
World,HLI_Geothermal,2018,24.03222,,MEUR/GW,,,,
World,HLI_Geothermal,2020,24.03222,,MEUR/GW,,,,
World,HLI_Geothermal,2021,24.03222,,MEUR/GW,"Geothermal DH, 1200m, E-https://ens.dk/en/our-services/technology-catalogues/technology-data-generation-electricity-and-district-heating",20.08.2024,Alena Diesing <ad@wip.tu-berlin.de>,
World,HLI_Geothermal,2025,23.28786,,MEUR/GW,"Geothermal DH, 1200m, E-https://ens.dk/en/our-services/technology-catalogues/technology-data-generation-electricity-and-district-heating",20.08.2024,Alena Diesing <ad@wip.tu-berlin.de>,
World,HLI_Geothermal,2030,22.64984,,MEUR/GW,"Geothermal DH, 1200m, E-https://ens.dk/en/our-services/technology-catalogues/technology-data-generation-electricity-and-district-heating",20.08.2024,Alena Diesing <ad@wip.tu-berlin.de>,
World,HLI_Geothermal,2035,22.27766,,MEUR/GW,"Geothermal DH, 1200m, E-https://ens.dk/en/our-services/technology-catalogues/technology-data-generation-electricity-and-district-heating",20.08.2024,Alena Diesing <ad@wip.tu-berlin.de>,
World,HLI_Geothermal,2040,21.90548,,MEUR/GW,"Geothermal DH, 1200m, E-https://ens.dk/en/our-services/technology-catalogues/technology-data-generation-electricity-and-district-heating",20.08.2024,Alena Diesing <ad@wip.tu-berlin.de>,
World,HLI_Geothermal,2045,21.5333,,MEUR/GW,"Geothermal DH, 1200m, E-https://ens.dk/en/our-services/technology-catalogues/technology-data-generation-electricity-and-district-heating",20.08.2024,Alena Diesing <ad@wip.tu-berlin.de>,
World,HLI_Geothermal,2050,21.16112,,MEUR/GW,"Geothermal DH, 1200m, E-https://ens.dk/en/our-services/technology-catalogues/technology-data-generation-electricity-and-district-heating",20.08.2024,Alena Diesing <ad@wip.tu-berlin.de>,
World,HLI_Geothermal,2055,21.16112,,MEUR/GW,same as 2050 for now,29.01.2025,Nikita Moskalenko <nim@wip.tu-berlin.de>,
World,HLI_Geothermal,2060,21.16112,,MEUR/GW,same as 2050 for now,29.01.2025,Nikita Moskalenko <nim@wip.tu-berlin.de>,
World,HLI_H2_Boiler,2018,2,,MEUR/GW,,,,
World,HLI_H2_Boiler,2020,2,,MEUR/GW,,,,
World,HLI_H2_Boiler,2021,2,,MEUR/GW,equal to  HLI_Gas_Boiler - Ricardo-AEA (2012),30.08.2024,Alena Diesing <ad@wip.tu-berlin.de>,
World,HLI_H2_Boiler,2025,1.95,,MEUR/GW,equal to  HLI_Gas_Boiler - Ricardo-AEA (2012),30.08.2024,Alena Diesing <ad@wip.tu-berlin.de>,
World,HLI_H2_Boiler,2030,1.9,,MEUR/GW,equal to  HLI_Gas_Boiler - Ricardo-AEA (2012),30.08.2024,Alena Diesing <ad@wip.tu-berlin.de>,
World,HLI_H2_Boiler,2035,1.85,,MEUR/GW,equal to  HLI_Gas_Boiler - Ricardo-AEA (2012),30.08.2024,Alena Diesing <ad@wip.tu-berlin.de>,
World,HLI_H2_Boiler,2040,1.8,,MEUR/GW,equal to  HLI_Gas_Boiler - Ricardo-AEA (2012),30.08.2024,Alena Diesing <ad@wip.tu-berlin.de>,
World,HLI_H2_Boiler,2045,1.75,,MEUR/GW,equal to  HLI_Gas_Boiler - Ricardo-AEA (2012),30.08.2024,Alena Diesing <ad@wip.tu-berlin.de>,
World,HLI_H2_Boiler,2050,1.7,,MEUR/GW,equal to  HLI_Gas_Boiler - Ricardo-AEA (2012),30.08.2024,Alena Diesing <ad@wip.tu-berlin.de>,
World,HLI_H2_Boiler,2055,1.7,,MEUR/GW,same as 2050 for now,29.01.2025,Nikita Moskalenko <nim@wip.tu-berlin.de>,
World,HLI_H2_Boiler,2060,1.7,,MEUR/GW,same as 2050 for now,29.01.2025,Nikita Moskalenko <nim@wip.tu-berlin.de>,
World,HLI_Hardcoal,2018,33.7,,MEUR/GW,,,,
World,HLI_Hardcoal,2020,33.7,,MEUR/GW,,,,
World,HLI_Hardcoal,2021,33.7,,MEUR/GW,Energy Agency Denmark (2022): Hot water boiler coal,30.08.2024,Alena Diesing <ad@wip.tu-berlin.de>,
World,HLI_Hardcoal,2025,33.15,,MEUR/GW,Energy Agency Denmark (2022): Hot water boiler coal,30.08.2024,Alena Diesing <ad@wip.tu-berlin.de>,
World,HLI_Hardcoal,2030,32.6,,MEUR/GW,Energy Agency Denmark (2022): Hot water boiler coal,30.08.2024,Alena Diesing <ad@wip.tu-berlin.de>,
World,HLI_Hardcoal,2035,32.1,,MEUR/GW,Energy Agency Denmark (2022): Hot water boiler coal,30.08.2024,Alena Diesing <ad@wip.tu-berlin.de>,
World,HLI_Hardcoal,2040,31.6,,MEUR/GW,Energy Agency Denmark (2022): Hot water boiler coal,30.08.2024,Alena Diesing <ad@wip.tu-berlin.de>,
World,HLI_Hardcoal,2045,31.1,,MEUR/GW,Energy Agency Denmark (2022): Hot water boiler coal,30.08.2024,Alena Diesing <ad@wip.tu-berlin.de>,
World,HLI_Hardcoal,2050,30.6,,MEUR/GW,Energy Agency Denmark (2022): Hot water boiler coal,30.08.2024,Alena Diesing <ad@wip.tu-berlin.de>,
World,HLI_Hardcoal,2055,30.6,,MEUR/GW,same as 2050 for now,29.01.2025,Nikita Moskalenko <nim@wip.tu-berlin.de>,
World,HLI_Hardcoal,2060,30.6,,MEUR/GW,same as 2050 for now,29.01.2025,Nikita Moskalenko <nim@wip.tu-berlin.de>,
World,HLI_Heatpump,2018,2,,MEUR/GW,DEA – Technology data for industrial process heat - heat pump 60 to 80 C - see Assumption.txt,13.12.2023,Frida Sather <frida.sather@sintef.no>,
World,HLI_Heatpump,2020,2,,MEUR/GW,DEA – Technology data for industrial process heat - heat pump 60 to 80 C - see Assumption.txt,13.12.2023,Frida Sather <frida.sather@sintef.no>,
World,HLI_Heatpump,2021,2,,MEUR/GW,DEA – Technology data for industrial process heat - heat pump 60 to 80 C - see Assumption.txt,13.12.2023,Frida Sather <frida.sather@sintef.no>,
World,HLI_Heatpump,2025,2,,MEUR/GW,DEA – Technology data for industrial process heat - heat pump 60 to 80 C - see Assumption.txt,13.12.2023,Frida Sather <frida.sather@sintef.no>,
World,HLI_Heatpump,2030,2,,MEUR/GW,DEA – Technology data for industrial process heat - heat pump 60 to 80 C - see Assumption.txt,13.12.2023,Frida Sather <frida.sather@sintef.no>,
World,HLI_Heatpump,2035,2,,MEUR/GW,DEA – Technology data for industrial process heat - heat pump 60 to 80 C - see Assumption.txt,13.12.2023,Frida Sather <frida.sather@sintef.no>,
World,HLI_Heatpump,2040,2,,MEUR/GW,DEA – Technology data for industrial process heat - heat pump 60 to 80 C - see Assumption.txt,13.12.2023,Frida Sather <frida.sather@sintef.no>,
World,HLI_Heatpump,2045,2,,MEUR/GW,DEA – Technology data for industrial process heat - heat pump 60 to 80 C - see Assumption.txt,13.12.2023,Frida Sather <frida.sather@sintef.no>,
World,HLI_Heatpump,2050,2,,MEUR/GW,DEA – Technology data for industrial process heat - heat pump 60 to 80 C - see Assumption.txt,13.12.2023,Frida Sather <frida.sather@sintef.no>,
World,HLI_Heatpump,2055,2,,MEUR/GW,same as 2050 for now,29.01.2025,Nikita Moskalenko <nim@wip.tu-berlin.de>,
World,HLI_Heatpump,2060,2,,MEUR/GW,same as 2050 for now,29.01.2025,Nikita Moskalenko <nim@wip.tu-berlin.de>,
World,HLI_Lignite,2018,36.059,,MEUR/GW,,,,
World,HLI_Lignite,2020,36.059,,MEUR/GW,,,,
World,HLI_Lignite,2021,36.059,,MEUR/GW,107% of HLI_Hardcoal - https://energy.ec.europa.eu/data-and-analysis/energy-modelling/eu-reference-scenario-2020_en,30.08.2024,Alena Diesing <ad@wip.tu-berlin.de>,
World,HLI_Lignite,2025,35.4705,,MEUR/GW,107% of HLI_Hardcoal - https://energy.ec.europa.eu/data-and-analysis/energy-modelling/eu-reference-scenario-2020_en,30.08.2024,Alena Diesing <ad@wip.tu-berlin.de>,
World,HLI_Lignite,2030,34.882,,MEUR/GW,107% of HLI_Hardcoal - https://energy.ec.europa.eu/data-and-analysis/energy-modelling/eu-reference-scenario-2020_en,30.08.2024,Alena Diesing <ad@wip.tu-berlin.de>,
World,HLI_Lignite,2035,34.347,,MEUR/GW,107% of HLI_Hardcoal - https://energy.ec.europa.eu/data-and-analysis/energy-modelling/eu-reference-scenario-2020_en,30.08.2024,Alena Diesing <ad@wip.tu-berlin.de>,
World,HLI_Lignite,2040,33.812,,MEUR/GW,107% of HLI_Hardcoal - https://energy.ec.europa.eu/data-and-analysis/energy-modelling/eu-reference-scenario-2020_en,30.08.2024,Alena Diesing <ad@wip.tu-berlin.de>,
World,HLI_Lignite,2045,33.277,,MEUR/GW,107% of HLI_Hardcoal - https://energy.ec.europa.eu/data-and-analysis/energy-modelling/eu-reference-scenario-2020_en,30.08.2024,Alena Diesing <ad@wip.tu-berlin.de>,
World,HLI_Lignite,2050,32.742,,MEUR/GW,107% of HLI_Hardcoal - https://energy.ec.europa.eu/data-and-analysis/energy-modelling/eu-reference-scenario-2020_en,30.08.2024,Alena Diesing <ad@wip.tu-berlin.de>,
World,HLI_Lignite,2055,32.742,,MEUR/GW,same as 2050 for now,29.01.2025,Nikita Moskalenko <nim@wip.tu-berlin.de>,
World,HLI_Lignite,2060,32.742,,MEUR/GW,same as 2050 for now,29.01.2025,Nikita Moskalenko <nim@wip.tu-berlin.de>,
World,HLI_Oil_Boiler,2018,1.8,,MEUR/GW,,,,
World,HLI_Oil_Boiler,2020,1.8,,MEUR/GW,,,,
World,HLI_Oil_Boiler,2021,1.8,,MEUR/GW,Energy Agency Denmark (2022): Hot water boiler oil,30.08.2024,Alena Diesing <ad@wip.tu-berlin.de>,
World,HLI_Oil_Boiler,2025,1.75,,MEUR/GW,Energy Agency Denmark (2022): Hot water boiler oil,30.08.2024,Alena Diesing <ad@wip.tu-berlin.de>,
World,HLI_Oil_Boiler,2030,1.7,,MEUR/GW,Energy Agency Denmark (2022): Hot water boiler oil,30.08.2024,Alena Diesing <ad@wip.tu-berlin.de>,
World,HLI_Oil_Boiler,2035,1.65,,MEUR/GW,Energy Agency Denmark (2022): Hot water boiler oil,30.08.2024,Alena Diesing <ad@wip.tu-berlin.de>,
World,HLI_Oil_Boiler,2040,1.6,,MEUR/GW,Energy Agency Denmark (2022): Hot water boiler oil,30.08.2024,Alena Diesing <ad@wip.tu-berlin.de>,
World,HLI_Oil_Boiler,2045,1.55,,MEUR/GW,Energy Agency Denmark (2022): Hot water boiler oil,30.08.2024,Alena Diesing <ad@wip.tu-berlin.de>,
World,HLI_Oil_Boiler,2050,1.5,,MEUR/GW,Energy Agency Denmark (2022): Hot water boiler oil,30.08.2024,Alena Diesing <ad@wip.tu-berlin.de>,
World,HLI_Oil_Boiler,2055,1.5,,MEUR/GW,same as 2050 for now,29.01.2025,Nikita Moskalenko <nim@wip.tu-berlin.de>,
World,HLI_Oil_Boiler,2060,1.5,,MEUR/GW,same as 2050 for now,29.01.2025,Nikita Moskalenko <nim@wip.tu-berlin.de>,
World,HLI_Solar_Thermal,2018,8.507738095,,MEUR/GW,,,,
World,HLI_Solar_Thermal,2020,8.507738095,,MEUR/GW,,,,
World,HLI_Solar_Thermal,2021,8.507738095,,MEUR/GW,solar heating - https://ens.dk/en/our-services/technology-catalogues/technology-data-individual-heating-plants,20.08.2024,Alena Diesing <ad@wip.tu-berlin.de>,
World,HLI_Solar_Thermal,2025,8.432142857,,MEUR/GW,solar heating - https://ens.dk/en/our-services/technology-catalogues/technology-data-individual-heating-plants,20.08.2024,Alena Diesing <ad@wip.tu-berlin.de>,
World,HLI_Solar_Thermal,2030,8.470833333,,MEUR/GW,solar heating - https://ens.dk/en/our-services/technology-catalogues/technology-data-individual-heating-plants,20.08.2024,Alena Diesing <ad@wip.tu-berlin.de>,
World,HLI_Solar_Thermal,2035,8.261011905,,MEUR/GW,solar heating - https://ens.dk/en/our-services/technology-catalogues/technology-data-individual-heating-plants,20.08.2024,Alena Diesing <ad@wip.tu-berlin.de>,
World,HLI_Solar_Thermal,2040,8.051190476,,MEUR/GW,solar heating - https://ens.dk/en/our-services/technology-catalogues/technology-data-individual-heating-plants,20.08.2024,Alena Diesing <ad@wip.tu-berlin.de>,
World,HLI_Solar_Thermal,2045,7.897321429,,MEUR/GW,solar heating - https://ens.dk/en/our-services/technology-catalogues/technology-data-individual-heating-plants,20.08.2024,Alena Diesing <ad@wip.tu-berlin.de>,
World,HLI_Solar_Thermal,2050,7.743452381,,MEUR/GW,solar heating - https://ens.dk/en/our-services/technology-catalogues/technology-data-individual-heating-plants,20.08.2024,Alena Diesing <ad@wip.tu-berlin.de>,
World,HLI_Solar_Thermal,2055,7.743452381,,MEUR/GW,same as 2050 for now,29.01.2025,Nikita Moskalenko <nim@wip.tu-berlin.de>,
World,HLI_Solar_Thermal,2060,7.743452381,,MEUR/GW,same as 2050 for now,29.01.2025,Nikita Moskalenko <nim@wip.tu-berlin.de>,
World,HMHI_Biomass,2018,33.7,,MEUR/GW,,,,
World,HMHI_Biomass,2020,33.7,,MEUR/GW,,,,
World,HMHI_Biomass,2021,33.7,,MEUR/GW,Energy Agency Denmark (2022): Steam boiler wood,30.08.2024,Alena Diesing <ad@wip.tu-berlin.de>,
World,HMHI_Biomass,2025,34.8,,MEUR/GW,Energy Agency Denmark (2022): Steam boiler wood,30.08.2024,Alena Diesing <ad@wip.tu-berlin.de>,
World,HMHI_Biomass,2030,35.9,,MEUR/GW,Energy Agency Denmark (2022): Steam boiler wood,30.08.2024,Alena Diesing <ad@wip.tu-berlin.de>,
World,HMHI_Biomass,2035,35.35,,MEUR/GW,Energy Agency Denmark (2022): Steam boiler wood,30.08.2024,Alena Diesing <ad@wip.tu-berlin.de>,
World,HMHI_Biomass,2040,34.8,,MEUR/GW,Energy Agency Denmark (2022): Steam boiler wood,30.08.2024,Alena Diesing <ad@wip.tu-berlin.de>,
World,HMHI_Biomass,2045,34.25,,MEUR/GW,Energy Agency Denmark (2022): Steam boiler wood,30.08.2024,Alena Diesing <ad@wip.tu-berlin.de>,
World,HMHI_Biomass,2050,33.7,,MEUR/GW,Energy Agency Denmark (2022): Steam boiler wood,30.08.2024,Alena Diesing <ad@wip.tu-berlin.de>,
World,HMHI_Biomass,2055,33.7,,MEUR/GW,same as 2050 for now,29.01.2025,Nikita Moskalenko <nim@wip.tu-berlin.de>,
World,HMHI_Biomass,2060,33.7,,MEUR/GW,same as 2050 for now,29.01.2025,Nikita Moskalenko <nim@wip.tu-berlin.de>,
World,HMHI_Gas,2018,2,,MEUR/GW,,,,
World,HMHI_Gas,2020,2,,MEUR/GW,,,,
World,HMHI_Gas,2021,2,,MEUR/GW,Energy Agency Denmark (2022): Steam boiler gas,30.08.2024,Alena Diesing <ad@wip.tu-berlin.de>,
World,HMHI_Gas,2025,1.95,,MEUR/GW,Energy Agency Denmark (2022): Steam boiler gas,30.08.2024,Alena Diesing <ad@wip.tu-berlin.de>,
World,HMHI_Gas,2030,1.9,,MEUR/GW,Energy Agency Denmark (2022): Steam boiler gas,30.08.2024,Alena Diesing <ad@wip.tu-berlin.de>,
World,HMHI_Gas,2035,1.85,,MEUR/GW,Energy Agency Denmark (2022): Steam boiler gas,30.08.2024,Alena Diesing <ad@wip.tu-berlin.de>,
World,HMHI_Gas,2040,1.8,,MEUR/GW,Energy Agency Denmark (2022): Steam boiler gas,30.08.2024,Alena Diesing <ad@wip.tu-berlin.de>,
World,HMHI_Gas,2045,1.75,,MEUR/GW,Energy Agency Denmark (2022): Steam boiler gas,30.08.2024,Alena Diesing <ad@wip.tu-berlin.de>,
World,HMHI_Gas,2050,1.7,,MEUR/GW,Energy Agency Denmark (2022): Steam boiler gas,30.08.2024,Alena Diesing <ad@wip.tu-berlin.de>,
World,HMHI_Gas,2055,1.7,,MEUR/GW,same as 2050 for now,29.01.2025,Nikita Moskalenko <nim@wip.tu-berlin.de>,
World,HMHI_Gas,2060,1.7,,MEUR/GW,same as 2050 for now,29.01.2025,Nikita Moskalenko <nim@wip.tu-berlin.de>,
World,HMHI_Gas_CCS,2018,3.52,,MEUR/GW,,,,
World,HMHI_Gas_CCS,2020,3.52,,MEUR/GW,,,,
World,HMHI_Gas_CCS,2021,3.52,,MEUR/GW,Assumption: same increase for CCS like CHP_Gas_CCGT_Natural,04.09.2024,Alena Diesing <ad@wip.tu-berlin.de>,
World,HMHI_Gas_CCS,2025,3.432,,MEUR/GW,Assumption: same increase for CCS like CHP_Gas_CCGT_Natural,04.09.2024,Alena Diesing <ad@wip.tu-berlin.de>,
World,HMHI_Gas_CCS,2030,3.344,,MEUR/GW,Assumption: same increase for CCS like CHP_Gas_CCGT_Natural,04.09.2024,Alena Diesing <ad@wip.tu-berlin.de>,
World,HMHI_Gas_CCS,2035,3.256,,MEUR/GW,Assumption: same increase for CCS like CHP_Gas_CCGT_Natural,04.09.2024,Alena Diesing <ad@wip.tu-berlin.de>,
World,HMHI_Gas_CCS,2040,3.168,,MEUR/GW,Assumption: same increase for CCS like CHP_Gas_CCGT_Natural,04.09.2024,Alena Diesing <ad@wip.tu-berlin.de>,
World,HMHI_Gas_CCS,2045,3.08,,MEUR/GW,Assumption: same increase for CCS like CHP_Gas_CCGT_Natural,04.09.2024,Alena Diesing <ad@wip.tu-berlin.de>,
World,HMHI_Gas_CCS,2050,2.992,,MEUR/GW,Assumption: same increase for CCS like CHP_Gas_CCGT_Natural,04.09.2024,Alena Diesing <ad@wip.tu-berlin.de>,
World,HMHI_Gas_CCS,2055,2.992,,MEUR/GW,same as 2050 for now,29.01.2025,Nikita Moskalenko <nim@wip.tu-berlin.de>,
World,HMHI_Gas_CCS,2060,2.992,,MEUR/GW,same as 2050 for now,29.01.2025,Nikita Moskalenko <nim@wip.tu-berlin.de>,
World,HMHI_H2,2018,2,,MEUR/GW,,,,
World,HMHI_H2,2020,2,,MEUR/GW,,,,
World,HMHI_H2,2021,2,,MEUR/GW,equal to HMHI_Gas - Ricardo-AEA (2012),30.08.2024,Alena Diesing <ad@wip.tu-berlin.de>,
World,HMHI_H2,2025,1.95,,MEUR/GW,equal to HMHI_Gas - Ricardo-AEA (2012),30.08.2024,Alena Diesing <ad@wip.tu-berlin.de>,
World,HMHI_H2,2030,1.9,,MEUR/GW,equal to HMHI_Gas - Ricardo-AEA (2012),30.08.2024,Alena Diesing <ad@wip.tu-berlin.de>,
World,HMHI_H2,2035,1.85,,MEUR/GW,equal to HMHI_Gas - Ricardo-AEA (2012),30.08.2024,Alena Diesing <ad@wip.tu-berlin.de>,
World,HMHI_H2,2040,1.8,,MEUR/GW,equal to HMHI_Gas - Ricardo-AEA (2012),30.08.2024,Alena Diesing <ad@wip.tu-berlin.de>,
World,HMHI_H2,2045,1.75,,MEUR/GW,equal to HMHI_Gas - Ricardo-AEA (2012),30.08.2024,Alena Diesing <ad@wip.tu-berlin.de>,
World,HMHI_H2,2050,1.7,,MEUR/GW,equal to HMHI_Gas - Ricardo-AEA (2012),30.08.2024,Alena Diesing <ad@wip.tu-berlin.de>,
World,HMHI_H2,2055,1.7,,MEUR/GW,same as 2050 for now,29.01.2025,Nikita Moskalenko <nim@wip.tu-berlin.de>,
World,HMHI_H2,2060,1.7,,MEUR/GW,same as 2050 for now,29.01.2025,Nikita Moskalenko <nim@wip.tu-berlin.de>,
World,HMHI_HardCoal,2018,33.7,,MEUR/GW,,,,
World,HMHI_HardCoal,2020,33.7,,MEUR/GW,,,,
World,HMHI_HardCoal,2021,33.7,,MEUR/GW,Energy Agency Denmark (2022): Steam boiler Coal,30.08.2024,Alena Diesing <ad@wip.tu-berlin.de>,
World,HMHI_HardCoal,2025,33.15,,MEUR/GW,Energy Agency Denmark (2022): Steam boiler Coal,30.08.2024,Alena Diesing <ad@wip.tu-berlin.de>,
World,HMHI_HardCoal,2030,32.6,,MEUR/GW,Energy Agency Denmark (2022): Steam boiler Coal,30.08.2024,Alena Diesing <ad@wip.tu-berlin.de>,
World,HMHI_HardCoal,2035,32.1,,MEUR/GW,Energy Agency Denmark (2022): Steam boiler Coal,30.08.2024,Alena Diesing <ad@wip.tu-berlin.de>,
World,HMHI_HardCoal,2040,31.6,,MEUR/GW,Energy Agency Denmark (2022): Steam boiler Coal,30.08.2024,Alena Diesing <ad@wip.tu-berlin.de>,
World,HMHI_HardCoal,2045,31.1,,MEUR/GW,Energy Agency Denmark (2022): Steam boiler Coal,30.08.2024,Alena Diesing <ad@wip.tu-berlin.de>,
World,HMHI_HardCoal,2050,30.6,,MEUR/GW,Energy Agency Denmark (2022): Steam boiler Coal,30.08.2024,Alena Diesing <ad@wip.tu-berlin.de>,
World,HMHI_HardCoal,2055,30.6,,MEUR/GW,same as 2050 for now,29.01.2025,Nikita Moskalenko <nim@wip.tu-berlin.de>,
World,HMHI_HardCoal,2060,30.6,,MEUR/GW,same as 2050 for now,29.01.2025,Nikita Moskalenko <nim@wip.tu-berlin.de>,
World,HMHI_HardCoal_CCS,2018,54.931,,MEUR/GW,,,,
World,HMHI_HardCoal_CCS,2020,54.931,,MEUR/GW,,,,
World,HMHI_HardCoal_CCS,2021,54.931,,MEUR/GW,Assumption: same increase for CCS like CHP_Hardcoal,04.09.2024,Alena Diesing <ad@wip.tu-berlin.de>,
World,HMHI_HardCoal_CCS,2025,54.0345,,MEUR/GW,Assumption: same increase for CCS like CHP_Hardcoal,04.09.2024,Alena Diesing <ad@wip.tu-berlin.de>,
World,HMHI_HardCoal_CCS,2030,53.138,,MEUR/GW,Assumption: same increase for CCS like CHP_Hardcoal,04.09.2024,Alena Diesing <ad@wip.tu-berlin.de>,
World,HMHI_HardCoal_CCS,2035,52.323,,MEUR/GW,Assumption: same increase for CCS like CHP_Hardcoal,04.09.2024,Alena Diesing <ad@wip.tu-berlin.de>,
World,HMHI_HardCoal_CCS,2040,51.508,,MEUR/GW,Assumption: same increase for CCS like CHP_Hardcoal,04.09.2024,Alena Diesing <ad@wip.tu-berlin.de>,
World,HMHI_HardCoal_CCS,2045,50.693,,MEUR/GW,Assumption: same increase for CCS like CHP_Hardcoal,04.09.2024,Alena Diesing <ad@wip.tu-berlin.de>,
World,HMHI_HardCoal_CCS,2050,49.878,,MEUR/GW,Assumption: same increase for CCS like CHP_Hardcoal,04.09.2024,Alena Diesing <ad@wip.tu-berlin.de>,
World,HMHI_HardCoal_CCS,2055,49.878,,MEUR/GW,same as 2050 for now,29.01.2025,Nikita Moskalenko <nim@wip.tu-berlin.de>,
World,HMHI_HardCoal_CCS,2060,49.878,,MEUR/GW,same as 2050 for now,29.01.2025,Nikita Moskalenko <nim@wip.tu-berlin.de>,
World,HMHI_Oil,2018,1.8,,MEUR/GW,,,,
World,HMHI_Oil,2020,1.8,,MEUR/GW,,,,
World,HMHI_Oil,2021,1.8,,MEUR/GW,Energy Agency Denmark (2022): Steam boiler Oil,30.08.2024,Alena Diesing <ad@wip.tu-berlin.de>,
World,HMHI_Oil,2025,1.75,,MEUR/GW,Energy Agency Denmark (2022): Steam boiler Oil,30.08.2024,Alena Diesing <ad@wip.tu-berlin.de>,
World,HMHI_Oil,2030,1.7,,MEUR/GW,Energy Agency Denmark (2022): Steam boiler Oil,30.08.2024,Alena Diesing <ad@wip.tu-berlin.de>,
World,HMHI_Oil,2035,1.65,,MEUR/GW,Energy Agency Denmark (2022): Steam boiler Oil,30.08.2024,Alena Diesing <ad@wip.tu-berlin.de>,
World,HMHI_Oil,2040,1.6,,MEUR/GW,Energy Agency Denmark (2022): Steam boiler Oil,30.08.2024,Alena Diesing <ad@wip.tu-berlin.de>,
World,HMHI_Oil,2045,1.55,,MEUR/GW,Energy Agency Denmark (2022): Steam boiler Oil,30.08.2024,Alena Diesing <ad@wip.tu-berlin.de>,
World,HMHI_Oil,2050,1.5,,MEUR/GW,Energy Agency Denmark (2022): Steam boiler Oil,30.08.2024,Alena Diesing <ad@wip.tu-berlin.de>,
World,HMHI_Oil,2055,1.5,,MEUR/GW,same as 2050 for now,29.01.2025,Nikita Moskalenko <nim@wip.tu-berlin.de>,
World,HMHI_Oil,2060,1.5,,MEUR/GW,same as 2050 for now,29.01.2025,Nikita Moskalenko <nim@wip.tu-berlin.de>,
World,HMHI_Steam_Electric,2018,1.10745,,MEUR/GW,,,,
World,HMHI_Steam_Electric,2020,1.10745,,MEUR/GW,,,,
World,HMHI_Steam_Electric,2021,1.10745,,MEUR/GW,Energy Agency Denmark (2022): Electric boiler steam 10kV,30.08.2024,Alena Diesing <ad@wip.tu-berlin.de>,
World,HMHI_Steam_Electric,2025,1.081575,,MEUR/GW,Energy Agency Denmark (2022): Electric boiler steam 10kV,30.08.2024,Alena Diesing <ad@wip.tu-berlin.de>,
World,HMHI_Steam_Electric,2030,1.0557,,MEUR/GW,Energy Agency Denmark (2022): Electric boiler steam 10kV,30.08.2024,Alena Diesing <ad@wip.tu-berlin.de>,
World,HMHI_Steam_Electric,2035,0.528274568,,MEUR/GW,Energy Agency Denmark (2022): Electric boiler steam 10kV,30.08.2024,Alena Diesing <ad@wip.tu-berlin.de>,
World,HMHI_Steam_Electric,2040,0.000849136,,MEUR/GW,Energy Agency Denmark (2022): Electric boiler steam 10kV,30.08.2024,Alena Diesing <ad@wip.tu-berlin.de>,
World,HMHI_Steam_Electric,2045,0.476524568,,MEUR/GW,Energy Agency Denmark (2022): Electric boiler steam 10kV,30.08.2024,Alena Diesing <ad@wip.tu-berlin.de>,
World,HMHI_Steam_Electric,2050,0.9522,,MEUR/GW,Energy Agency Denmark (2022): Electric boiler steam 10kV,30.08.2024,Alena Diesing <ad@wip.tu-berlin.de>,
World,HMHI_Steam_Electric,2055,0.9522,,MEUR/GW,same as 2050 for now,29.01.2025,Nikita Moskalenko <nim@wip.tu-berlin.de>,
World,HMHI_Steam_Electric,2060,0.9522,,MEUR/GW,same as 2050 for now,29.01.2025,Nikita Moskalenko <nim@wip.tu-berlin.de>,
World,HMLI_Heatpump,2018,1.313333333,,MEUR/GW,DEA – Technology data for industrial process heat - heat pump up to 125 to 150 C - see Assumption.txt ,13.12.2023,Frida Sather <frida.sather@sintef.no>,
World,HMLI_Heatpump,2020,1.313333333,,MEUR/GW,DEA – Technology data for industrial process heat - heat pump up to 125 to 150 C - see Assumption.txt ,13.12.2023,Frida Sather <frida.sather@sintef.no>,
World,HMLI_Heatpump,2021,1.313333333,,MEUR/GW,DEA – Technology data for industrial process heat - heat pump up to 125 to 150 C - see Assumption.txt ,13.12.2023,Frida Sather <frida.sather@sintef.no>,
World,HMLI_Heatpump,2025,1.28,,MEUR/GW,DEA – Technology data for industrial process heat - heat pump up to 125 to 150 C - see Assumption.txt ,13.12.2023,Frida Sather <frida.sather@sintef.no>,
World,HMLI_Heatpump,2030,1.246666667,,MEUR/GW,DEA – Technology data for industrial process heat - heat pump up to 125 to 150 C - see Assumption.txt ,13.12.2023,Frida Sather <frida.sather@sintef.no>,
World,HMLI_Heatpump,2035,1.223333333,,MEUR/GW,DEA – Technology data for industrial process heat - heat pump up to 125 to 150 C - see Assumption.txt ,13.12.2023,Frida Sather <frida.sather@sintef.no>,
World,HMLI_Heatpump,2040,1.2,,MEUR/GW,DEA – Technology data for industrial process heat - heat pump up to 125 to 150 C - see Assumption.txt ,13.12.2023,Frida Sather <frida.sather@sintef.no>,
World,HMLI_Heatpump,2045,1.173333333,,MEUR/GW,DEA – Technology data for industrial process heat - heat pump up to 125 to 150 C - see Assumption.txt ,13.12.2023,Frida Sather <frida.sather@sintef.no>,
World,HMLI_Heatpump,2050,1.146666667,,MEUR/GW,DEA – Technology data for industrial process heat - heat pump up to 125 to 150 C - see Assumption.txt ,13.12.2023,Frida Sather <frida.sather@sintef.no>,
World,HMLI_Heatpump,2055,1.146666667,,MEUR/GW,same as 2050 for now,29.01.2025,Nikita Moskalenko <nim@wip.tu-berlin.de>,
World,HMLI_Heatpump,2060,1.146666667,,MEUR/GW,same as 2050 for now,29.01.2025,Nikita Moskalenko <nim@wip.tu-berlin.de>,
World,PSNG_Air_Bio,2018,19.75901452,,MEUR/Gpkm/year,,,,
World,PSNG_Air_Bio,2020,19.75901452,,MEUR/Gpkm/year,,,,
World,PSNG_Air_Bio,2021,19.75901452,,MEUR/Gpkm/year,5% of CAPEX,26.08.2024,Alena Diesing <ad@wip.tu-berlin.de>,
World,PSNG_Air_Bio,2025,19.75901452,,MEUR/Gpkm/year,5% of CAPEX,26.08.2024,Alena Diesing <ad@wip.tu-berlin.de>,
World,PSNG_Air_Bio,2030,18.95993672,,MEUR/Gpkm/year,5% of CAPEX,26.08.2024,Alena Diesing <ad@wip.tu-berlin.de>,
World,PSNG_Air_Bio,2035,18.16085893,,MEUR/Gpkm/year,5% of CAPEX,26.08.2024,Alena Diesing <ad@wip.tu-berlin.de>,
World,PSNG_Air_Bio,2040,18.16085893,,MEUR/Gpkm/year,5% of CAPEX,26.08.2024,Alena Diesing <ad@wip.tu-berlin.de>,
World,PSNG_Air_Bio,2045,18.16085893,,MEUR/Gpkm/year,5% of CAPEX,26.08.2024,Alena Diesing <ad@wip.tu-berlin.de>,
World,PSNG_Air_Bio,2050,18.16085893,,MEUR/Gpkm/year,5% of CAPEX,26.08.2024,Alena Diesing <ad@wip.tu-berlin.de>,
World,PSNG_Air_Bio,2055,18.16085893,,MEUR/Gpkm/year,same as 2050 for now,29.01.2025,Nikita Moskalenko <nim@wip.tu-berlin.de>,
World,PSNG_Air_Bio,2060,18.16085893,,MEUR/Gpkm/year,same as 2050 for now,29.01.2025,Nikita Moskalenko <nim@wip.tu-berlin.de>,
World,PSNG_Air_Conv,2018,19.75901452,,MEUR/Gpkm/year,,,,
World,PSNG_Air_Conv,2020,19.75901452,,MEUR/Gpkm/year,,,,
World,PSNG_Air_Conv,2021,19.75901452,,MEUR/Gpkm/year,5% of CAPEX,26.08.2024,Alena Diesing <ad@wip.tu-berlin.de>,
World,PSNG_Air_Conv,2025,19.75901452,,MEUR/Gpkm/year,5% of CAPEX,26.08.2024,Alena Diesing <ad@wip.tu-berlin.de>,
World,PSNG_Air_Conv,2030,18.95993672,,MEUR/Gpkm/year,5% of CAPEX,26.08.2024,Alena Diesing <ad@wip.tu-berlin.de>,
World,PSNG_Air_Conv,2035,18.16085893,,MEUR/Gpkm/year,5% of CAPEX,26.08.2024,Alena Diesing <ad@wip.tu-berlin.de>,
World,PSNG_Air_Conv,2040,18.16085893,,MEUR/Gpkm/year,5% of CAPEX,26.08.2024,Alena Diesing <ad@wip.tu-berlin.de>,
World,PSNG_Air_Conv,2045,18.16085893,,MEUR/Gpkm/year,5% of CAPEX,26.08.2024,Alena Diesing <ad@wip.tu-berlin.de>,
World,PSNG_Air_Conv,2050,18.16085893,,MEUR/Gpkm/year,5% of CAPEX,26.08.2024,Alena Diesing <ad@wip.tu-berlin.de>,
World,PSNG_Air_Conv,2055,18.16085893,,MEUR/Gpkm/year,same as 2050 for now,29.01.2025,Nikita Moskalenko <nim@wip.tu-berlin.de>,
World,PSNG_Air_Conv,2060,18.16085893,,MEUR/Gpkm/year,same as 2050 for now,29.01.2025,Nikita Moskalenko <nim@wip.tu-berlin.de>,
World,PSNG_Air_H2,2018,23.24589943,,MEUR/Gpkm/year,,,,
World,PSNG_Air_H2,2020,23.24589943,,MEUR/Gpkm/year,,,,
World,PSNG_Air_H2,2021,23.24589943,,MEUR/Gpkm/year,5% of CAPEX,26.08.2024,Alena Diesing <ad@wip.tu-berlin.de>,
World,PSNG_Air_H2,2025,23.24589943,,MEUR/Gpkm/year,5% of CAPEX,26.08.2024,Alena Diesing <ad@wip.tu-berlin.de>,
World,PSNG_Air_H2,2030,23.24589943,,MEUR/Gpkm/year,5% of CAPEX,26.08.2024,Alena Diesing <ad@wip.tu-berlin.de>,
World,PSNG_Air_H2,2035,23.24589943,,MEUR/Gpkm/year,5% of CAPEX,26.08.2024,Alena Diesing <ad@wip.tu-berlin.de>,
World,PSNG_Air_H2,2040,22.51946508,,MEUR/Gpkm/year,5% of CAPEX,26.08.2024,Alena Diesing <ad@wip.tu-berlin.de>,
World,PSNG_Air_H2,2045,21.79303072,,MEUR/Gpkm/year,5% of CAPEX,26.08.2024,Alena Diesing <ad@wip.tu-berlin.de>,
World,PSNG_Air_H2,2050,21.57510041,,MEUR/Gpkm/year,5% of CAPEX,26.08.2024,Alena Diesing <ad@wip.tu-berlin.de>,
World,PSNG_Air_H2,2055,21.57510041,,MEUR/Gpkm/year,same as 2050 for now,29.01.2025,Nikita Moskalenko <nim@wip.tu-berlin.de>,
World,PSNG_Air_H2,2060,21.57510041,,MEUR/Gpkm/year,same as 2050 for now,29.01.2025,Nikita Moskalenko <nim@wip.tu-berlin.de>,
World,PSNG_Rail_Conv,2018,6.041493059,,MEUR/Gpkm/year,,,,
World,PSNG_Rail_Conv,2020,6.041493059,,MEUR/Gpkm/year,,,,
World,PSNG_Rail_Conv,2021,6.041493059,,MEUR/Gpkm/year,5% of CAPEX,26.08.2024,Alena Diesing <ad@wip.tu-berlin.de>,
World,PSNG_Rail_Conv,2025,6.041493059,,MEUR/Gpkm/year,5% of CAPEX,26.08.2024,Alena Diesing <ad@wip.tu-berlin.de>,
World,PSNG_Rail_Conv,2030,5.858417512,,MEUR/Gpkm/year,5% of CAPEX,26.08.2024,Alena Diesing <ad@wip.tu-berlin.de>,
World,PSNG_Rail_Conv,2035,5.675341965,,MEUR/Gpkm/year,5% of CAPEX,26.08.2024,Alena Diesing <ad@wip.tu-berlin.de>,
World,PSNG_Rail_Conv,2040,5.675341965,,MEUR/Gpkm/year,5% of CAPEX,26.08.2024,Alena Diesing <ad@wip.tu-berlin.de>,
World,PSNG_Rail_Conv,2045,5.675341965,,MEUR/Gpkm/year,5% of CAPEX,26.08.2024,Alena Diesing <ad@wip.tu-berlin.de>,
World,PSNG_Rail_Conv,2050,5.675341965,,MEUR/Gpkm/year,5% of CAPEX,26.08.2024,Alena Diesing <ad@wip.tu-berlin.de>,
World,PSNG_Rail_Conv,2055,5.675341965,,MEUR/Gpkm/year,same as 2050 for now,29.01.2025,Nikita Moskalenko <nim@wip.tu-berlin.de>,
World,PSNG_Rail_Conv,2060,5.675341965,,MEUR/Gpkm/year,same as 2050 for now,29.01.2025,Nikita Moskalenko <nim@wip.tu-berlin.de>,
World,PSNG_Rail_Electric,2018,8.177374444,,MEUR/Gpkm/year,,,,
World,PSNG_Rail_Electric,2020,8.177374444,,MEUR/Gpkm/year,,,,
World,PSNG_Rail_Electric,2021,8.177374444,,MEUR/Gpkm/year,5% of CAPEX,26.08.2024,Alena Diesing <ad@wip.tu-berlin.de>,
World,PSNG_Rail_Electric,2025,8.177374444,,MEUR/Gpkm/year,5% of CAPEX,26.08.2024,Alena Diesing <ad@wip.tu-berlin.de>,
World,PSNG_Rail_Electric,2030,7.963786305,,MEUR/Gpkm/year,5% of CAPEX,26.08.2024,Alena Diesing <ad@wip.tu-berlin.de>,
World,PSNG_Rail_Electric,2035,7.750198167,,MEUR/Gpkm/year,5% of CAPEX,26.08.2024,Alena Diesing <ad@wip.tu-berlin.de>,
World,PSNG_Rail_Electric,2040,7.750198167,,MEUR/Gpkm/year,5% of CAPEX,26.08.2024,Alena Diesing <ad@wip.tu-berlin.de>,
World,PSNG_Rail_Electric,2045,7.750198167,,MEUR/Gpkm/year,5% of CAPEX,26.08.2024,Alena Diesing <ad@wip.tu-berlin.de>,
World,PSNG_Rail_Electric,2050,7.750198167,,MEUR/Gpkm/year,5% of CAPEX,26.08.2024,Alena Diesing <ad@wip.tu-berlin.de>,
World,PSNG_Rail_Electric,2055,7.750198167,,MEUR/Gpkm/year,same as 2050 for now,29.01.2025,Nikita Moskalenko <nim@wip.tu-berlin.de>,
World,PSNG_Rail_Electric,2060,7.750198167,,MEUR/Gpkm/year,same as 2050 for now,29.01.2025,Nikita Moskalenko <nim@wip.tu-berlin.de>,
World,PSNG_Road_BEV,2018,66.12037037,,MEUR/Gpkm/year,,,,
World,PSNG_Road_BEV,2020,66.12037037,,MEUR/Gpkm/year,,,,
World,PSNG_Road_BEV,2021,66.12037037,,MEUR/Gpkm/year,5% of CAPEX,26.08.2024,Alena Diesing <ad@wip.tu-berlin.de>,
World,PSNG_Road_BEV,2025,66.12037037,,MEUR/Gpkm/year,5% of CAPEX,26.08.2024,Alena Diesing <ad@wip.tu-berlin.de>,
World,PSNG_Road_BEV,2030,58.27430556,,MEUR/Gpkm/year,5% of CAPEX,26.08.2024,Alena Diesing <ad@wip.tu-berlin.de>,
World,PSNG_Road_BEV,2035,50.42824074,,MEUR/Gpkm/year,5% of CAPEX,26.08.2024,Alena Diesing <ad@wip.tu-berlin.de>,
World,PSNG_Road_BEV,2040,49.42013889,,MEUR/Gpkm/year,5% of CAPEX,26.08.2024,Alena Diesing <ad@wip.tu-berlin.de>,
World,PSNG_Road_BEV,2045,48.41203704,,MEUR/Gpkm/year,5% of CAPEX,26.08.2024,Alena Diesing <ad@wip.tu-berlin.de>,
World,PSNG_Road_BEV,2050,48.0625,,MEUR/Gpkm/year,5% of CAPEX,26.08.2024,Alena Diesing <ad@wip.tu-berlin.de>,
World,PSNG_Road_BEV,2055,48.0625,,MEUR/Gpkm/year,same as 2050 for now,29.01.2025,Nikita Moskalenko <nim@wip.tu-berlin.de>,
World,PSNG_Road_BEV,2060,48.0625,,MEUR/Gpkm/year,same as 2050 for now,29.01.2025,Nikita Moskalenko <nim@wip.tu-berlin.de>,
World,PSNG_Road_H2,2018,125.1342593,,MEUR/Gpkm/year,,,,
World,PSNG_Road_H2,2020,125.1342593,,MEUR/Gpkm/year,,,,
World,PSNG_Road_H2,2021,125.1342593,,MEUR/Gpkm/year,5% of CAPEX,26.08.2024,Alena Diesing <ad@wip.tu-berlin.de>,
World,PSNG_Road_H2,2025,125.1342593,,MEUR/Gpkm/year,5% of CAPEX,26.08.2024,Alena Diesing <ad@wip.tu-berlin.de>,
World,PSNG_Road_H2,2030,104.8032407,,MEUR/Gpkm/year,5% of CAPEX,26.08.2024,Alena Diesing <ad@wip.tu-berlin.de>,
World,PSNG_Road_H2,2035,84.47222222,,MEUR/Gpkm/year,5% of CAPEX,26.08.2024,Alena Diesing <ad@wip.tu-berlin.de>,
World,PSNG_Road_H2,2040,77.46064815,,MEUR/Gpkm/year,5% of CAPEX,26.08.2024,Alena Diesing <ad@wip.tu-berlin.de>,
World,PSNG_Road_H2,2045,70.44907407,,MEUR/Gpkm/year,5% of CAPEX,26.08.2024,Alena Diesing <ad@wip.tu-berlin.de>,
World,PSNG_Road_H2,2050,68.73263889,,MEUR/Gpkm/year,5% of CAPEX,26.08.2024,Alena Diesing <ad@wip.tu-berlin.de>,
World,PSNG_Road_H2,2055,68.73263889,,MEUR/Gpkm/year,same as 2050 for now,29.01.2025,Nikita Moskalenko <nim@wip.tu-berlin.de>,
World,PSNG_Road_H2,2060,68.73263889,,MEUR/Gpkm/year,same as 2050 for now,29.01.2025,Nikita Moskalenko <nim@wip.tu-berlin.de>,
World,PSNG_Road_ICE,2018,50.82638889,,MEUR/Gpkm/year,,,,
World,PSNG_Road_ICE,2020,50.82638889,,MEUR/Gpkm/year,,,,
World,PSNG_Road_ICE,2021,50.82638889,,MEUR/Gpkm/year,5% of CAPEX,26.08.2024,Alena Diesing <ad@wip.tu-berlin.de>,
World,PSNG_Road_ICE,2025,50.82638889,,MEUR/Gpkm/year,5% of CAPEX,26.08.2024,Alena Diesing <ad@wip.tu-berlin.de>,
World,PSNG_Road_ICE,2030,48.65046296,,MEUR/Gpkm/year,5% of CAPEX,26.08.2024,Alena Diesing <ad@wip.tu-berlin.de>,
World,PSNG_Road_ICE,2035,46.47453704,,MEUR/Gpkm/year,5% of CAPEX,26.08.2024,Alena Diesing <ad@wip.tu-berlin.de>,
World,PSNG_Road_ICE,2040,46.47453704,,MEUR/Gpkm/year,5% of CAPEX,26.08.2024,Alena Diesing <ad@wip.tu-berlin.de>,
World,PSNG_Road_ICE,2045,46.47453704,,MEUR/Gpkm/year,5% of CAPEX,26.08.2024,Alena Diesing <ad@wip.tu-berlin.de>,
World,PSNG_Road_ICE,2050,46.47453704,,MEUR/Gpkm/year,5% of CAPEX,26.08.2024,Alena Diesing <ad@wip.tu-berlin.de>,
World,PSNG_Road_ICE,2055,46.47453704,,MEUR/Gpkm/year,same as 2050 for now,29.01.2025,Nikita Moskalenko <nim@wip.tu-berlin.de>,
World,PSNG_Road_ICE,2060,46.47453704,,MEUR/Gpkm/year,same as 2050 for now,29.01.2025,Nikita Moskalenko <nim@wip.tu-berlin.de>,
World,PSNG_Road_LNG,2018,54.33101852,,MEUR/Gpkm/year,,,,
World,PSNG_Road_LNG,2020,54.33101852,,MEUR/Gpkm/year,,,,
World,PSNG_Road_LNG,2021,54.33101852,,MEUR/Gpkm/year,5% of CAPEX,26.08.2024,Alena Diesing <ad@wip.tu-berlin.de>,
World,PSNG_Road_LNG,2025,54.33101852,,MEUR/Gpkm/year,5% of CAPEX,26.08.2024,Alena Diesing <ad@wip.tu-berlin.de>,
World,PSNG_Road_LNG,2030,52.15509259,,MEUR/Gpkm/year,5% of CAPEX,26.08.2024,Alena Diesing <ad@wip.tu-berlin.de>,
World,PSNG_Road_LNG,2035,49.97916667,,MEUR/Gpkm/year,5% of CAPEX,26.08.2024,Alena Diesing <ad@wip.tu-berlin.de>,
World,PSNG_Road_LNG,2040,49.97916667,,MEUR/Gpkm/year,5% of CAPEX,26.08.2024,Alena Diesing <ad@wip.tu-berlin.de>,
World,PSNG_Road_LNG,2045,49.97916667,,MEUR/Gpkm/year,5% of CAPEX,26.08.2024,Alena Diesing <ad@wip.tu-berlin.de>,
World,PSNG_Road_LNG,2050,49.97916667,,MEUR/Gpkm/year,5% of CAPEX,26.08.2024,Alena Diesing <ad@wip.tu-berlin.de>,
World,PSNG_Road_LNG,2055,49.97916667,,MEUR/Gpkm/year,same as 2050 for now,29.01.2025,Nikita Moskalenko <nim@wip.tu-berlin.de>,
World,PSNG_Road_LNG,2060,49.97916667,,MEUR/Gpkm/year,same as 2050 for now,29.01.2025,Nikita Moskalenko <nim@wip.tu-berlin.de>,
World,PSNG_Road_PHEV,2018,68.82638889,,MEUR/Gpkm/year,,,,
World,PSNG_Road_PHEV,2020,68.82638889,,MEUR/Gpkm/year,,,,
World,PSNG_Road_PHEV,2021,68.82638889,,MEUR/Gpkm/year,5% of CAPEX,26.08.2024,Alena Diesing <ad@wip.tu-berlin.de>,
World,PSNG_Road_PHEV,2025,68.82638889,,MEUR/Gpkm/year,5% of CAPEX,26.08.2024,Alena Diesing <ad@wip.tu-berlin.de>,
World,PSNG_Road_PHEV,2030,63.96064815,,MEUR/Gpkm/year,5% of CAPEX,26.08.2024,Alena Diesing <ad@wip.tu-berlin.de>,
World,PSNG_Road_PHEV,2035,59.09490741,,MEUR/Gpkm/year,5% of CAPEX,26.08.2024,Alena Diesing <ad@wip.tu-berlin.de>,
World,PSNG_Road_PHEV,2040,57.94444444,,MEUR/Gpkm/year,5% of CAPEX,26.08.2024,Alena Diesing <ad@wip.tu-berlin.de>,
World,PSNG_Road_PHEV,2045,56.79398148,,MEUR/Gpkm/year,5% of CAPEX,26.08.2024,Alena Diesing <ad@wip.tu-berlin.de>,
World,PSNG_Road_PHEV,2050,56.45833333,,MEUR/Gpkm/year,5% of CAPEX,26.08.2024,Alena Diesing <ad@wip.tu-berlin.de>,
World,PSNG_Road_PHEV,2055,56.45833333,,MEUR/Gpkm/year,same as 2050 for now,29.01.2025,Nikita Moskalenko <nim@wip.tu-berlin.de>,
World,PSNG_Road_PHEV,2060,56.45833333,,MEUR/Gpkm/year,same as 2050 for now,29.01.2025,Nikita Moskalenko <nim@wip.tu-berlin.de>,
World,P_Biomass,2018,47.2,,MEUR/GW,Biomass - New Fluidised Bed Boiler- Table 1.7- High cost of slow energy transitions for emerging countries: On the case of Egypt's pathway options- Appendix A Supplementary data,08.09.2023,Luka Garibashvili <lukaga@stud.ntnu.no>,
World,P_Biomass,2020,47.2,,MEUR/GW,Biomass - New Fluidised Bed Boiler- Table 1.7- High cost of slow energy transitions for emerging countries: On the case of Egypt's pathway options- Appendix A Supplementary data,08.09.2023,Luka Garibashvili <lukaga@stud.ntnu.no>,
World,P_Biomass,2021,47.5,,MEUR/GW,Steam turbine biomass solid conventional-https://energy.ec.europa.eu/data-and-analysis/energy-modelling/eu-reference-scenario-2020_en,20.08.2024,Alena Diesing <ad@wip.tu-berlin.de>,
World,P_Biomass,2025,43.8,,MEUR/GW,Steam turbine biomass solid conventional-https://energy.ec.europa.eu/data-and-analysis/energy-modelling/eu-reference-scenario-2020_en,20.08.2024,Alena Diesing <ad@wip.tu-berlin.de>,
World,P_Biomass,2030,40.1,,MEUR/GW,Steam turbine biomass solid conventional-https://energy.ec.europa.eu/data-and-analysis/energy-modelling/eu-reference-scenario-2020_en,20.08.2024,Alena Diesing <ad@wip.tu-berlin.de>,
World,P_Biomass,2035,39.65,,MEUR/GW,Steam turbine biomass solid conventional-https://energy.ec.europa.eu/data-and-analysis/energy-modelling/eu-reference-scenario-2020_en,20.08.2024,Alena Diesing <ad@wip.tu-berlin.de>,
World,P_Biomass,2040,39.2,,MEUR/GW,Steam turbine biomass solid conventional-https://energy.ec.europa.eu/data-and-analysis/energy-modelling/eu-reference-scenario-2020_en,20.08.2024,Alena Diesing <ad@wip.tu-berlin.de>,
World,P_Biomass,2045,38.8,,MEUR/GW,Steam turbine biomass solid conventional-https://energy.ec.europa.eu/data-and-analysis/energy-modelling/eu-reference-scenario-2020_en,20.08.2024,Alena Diesing <ad@wip.tu-berlin.de>,
World,P_Biomass,2050,38.4,,MEUR/GW,Steam turbine biomass solid conventional-https://energy.ec.europa.eu/data-and-analysis/energy-modelling/eu-reference-scenario-2020_en,20.08.2024,Alena Diesing <ad@wip.tu-berlin.de>,
World,P_Biomass,2055,38.4,,MEUR/GW,same as 2050 for now,29.01.2025,Nikita Moskalenko <nim@wip.tu-berlin.de>,
World,P_Biomass,2060,38.4,,MEUR/GW,same as 2050 for now,29.01.2025,Nikita Moskalenko <nim@wip.tu-berlin.de>,
World,P_Biomass_CCS,2018,81.5,,MEUR/GW,Steam turbine biomass solid conventional w.CCS- Power&Heat- EU Reference Scenario 2020,08.09.2023,Luka Garibashvili <lukaga@stud.ntnu.no>,
World,P_Biomass_CCS,2020,81.5,,MEUR/GW,Steam turbine biomass solid conventional w.CCS- Power&Heat- EU Reference Scenario 2020,08.09.2023,Luka Garibashvili <lukaga@stud.ntnu.no>,
World,P_Biomass_CCS,2021,81.5,,MEUR/GW,Steam turbine biomass solid conventional w.CCS- Power&Heat- EU Reference Scenario 2020,08.09.2023,Luka Garibashvili <lukaga@stud.ntnu.no>,
World,P_Biomass_CCS,2025,75.3,,MEUR/GW,Steam turbine biomass solid conventional w.CCS- Power&Heat- EU Reference Scenario 2020,08.09.2023,Luka Garibashvili <lukaga@stud.ntnu.no>,
World,P_Biomass_CCS,2030,69.1,,MEUR/GW,Steam turbine biomass solid conventional w.CCS- Power&Heat- EU Reference Scenario 2020,08.09.2023,Luka Garibashvili <lukaga@stud.ntnu.no>,
World,P_Biomass_CCS,2035,66.05,,MEUR/GW,Steam turbine biomass solid conventional w.CCS- Power&Heat- EU Reference Scenario 2020,08.09.2023,Luka Garibashvili <lukaga@stud.ntnu.no>,
World,P_Biomass_CCS,2040,63,,MEUR/GW,Steam turbine biomass solid conventional w.CCS- Power&Heat- EU Reference Scenario 2020,08.09.2023,Luka Garibashvili <lukaga@stud.ntnu.no>,
World,P_Biomass_CCS,2045,62.2,,MEUR/GW,Steam turbine biomass solid conventional w.CCS- Power&Heat- EU Reference Scenario 2020,08.09.2023,Luka Garibashvili <lukaga@stud.ntnu.no>,
World,P_Biomass_CCS,2050,61.4,,MEUR/GW,Steam turbine biomass solid conventional w.CCS- Power&Heat- EU Reference Scenario 2020,08.09.2023,Luka Garibashvili <lukaga@stud.ntnu.no>,
World,P_Biomass_CCS,2055,61.4,,MEUR/GW,same as 2050 for now,29.01.2025,Nikita Moskalenko <nim@wip.tu-berlin.de>,
World,P_Biomass_CCS,2060,61.4,,MEUR/GW,same as 2050 for now,29.01.2025,Nikita Moskalenko <nim@wip.tu-berlin.de>,
World,P_CSP,2018,19.4,,MEUR/GW,,,,
World,P_CSP,2020,19.4,,MEUR/GW,,,,
World,P_CSP,2021,19.4,,MEUR/GW,CSP (solar field,parabolic trough) - https://www.sciencedirect.com/science/article/pii/S096014812300486X,20.08.2024,Alena Diesing <ad@wip.tu-berlin.de>
World,P_CSP,2025,18.9,,MEUR/GW,CSP (solar field,parabolic trough) - https://www.sciencedirect.com/science/article/pii/S096014812300486X,20.08.2024,Alena Diesing <ad@wip.tu-berlin.de>
World,P_CSP,2030,18.5,,MEUR/GW,CSP (solar field,parabolic trough) - https://www.sciencedirect.com/science/article/pii/S096014812300486X,20.08.2024,Alena Diesing <ad@wip.tu-berlin.de>
World,P_CSP,2035,18,,MEUR/GW,CSP (solar field,parabolic trough) - https://www.sciencedirect.com/science/article/pii/S096014812300486X,20.08.2024,Alena Diesing <ad@wip.tu-berlin.de>
World,P_CSP,2040,17.6,,MEUR/GW,CSP (solar field,parabolic trough) - https://www.sciencedirect.com/science/article/pii/S096014812300486X,20.08.2024,Alena Diesing <ad@wip.tu-berlin.de>
World,P_CSP,2045,17.2,,MEUR/GW,CSP (solar field,parabolic trough) - https://www.sciencedirect.com/science/article/pii/S096014812300486X,20.08.2024,Alena Diesing <ad@wip.tu-berlin.de>
World,P_CSP,2050,16.8,,MEUR/GW,CSP (solar field,parabolic trough) - https://www.sciencedirect.com/science/article/pii/S096014812300486X,20.08.2024,Alena Diesing <ad@wip.tu-berlin.de>
World,P_CSP,2055,16.8,,MEUR/GW,same as 2050 for now,29.01.2025,Nikita Moskalenko <nim@wip.tu-berlin.de>,Alena Diesing <ad@wip.tu-berlin.de>
World,P_CSP,2060,16.8,,MEUR/GW,same as 2050 for now,29.01.2025,Nikita Moskalenko <nim@wip.tu-berlin.de>,Alena Diesing <ad@wip.tu-berlin.de>
World,P_Coal_Hardcoal,2018,41,,MEUR/GW,Steam turbine coal supercritical- Power&Heat- EU Reference Scenario 2020,05.09.2023,Stian Backe <stian.backe@sintef.no>,
World,P_Coal_Hardcoal,2020,41,,MEUR/GW,Steam turbine coal supercritical- Power&Heat- EU Reference Scenario 2020,05.09.2023,Stian Backe <stian.backe@sintef.no>,
World,P_Coal_Hardcoal,2021,41,,MEUR/GW,Steam turbine coal supercritical- Power&Heat- EU Reference Scenario 2020,05.09.2023,Stian Backe <stian.backe@sintef.no>,
World,P_Coal_Hardcoal,2025,38.5,,MEUR/GW,Steam turbine coal supercritical- Power&Heat- EU Reference Scenario 2020,05.09.2023,Stian Backe <stian.backe@sintef.no>,
World,P_Coal_Hardcoal,2030,36,,MEUR/GW,Steam turbine coal supercritical- Power&Heat- EU Reference Scenario 2020,05.09.2023,Stian Backe <stian.backe@sintef.no>,
World,P_Coal_Hardcoal,2035,34,,MEUR/GW,Steam turbine coal supercritical- Power&Heat- EU Reference Scenario 2020,05.09.2023,Stian Backe <stian.backe@sintef.no>,
World,P_Coal_Hardcoal,2040,32,,MEUR/GW,Steam turbine coal supercritical- Power&Heat- EU Reference Scenario 2020,05.09.2023,Stian Backe <stian.backe@sintef.no>,
World,P_Coal_Hardcoal,2045,31.5,,MEUR/GW,Steam turbine coal supercritical- Power&Heat- EU Reference Scenario 2020,05.09.2023,Stian Backe <stian.backe@sintef.no>,
World,P_Coal_Hardcoal,2050,31,,MEUR/GW,Steam turbine coal supercritical- Power&Heat- EU Reference Scenario 2020,05.09.2023,Stian Backe <stian.backe@sintef.no>,
World,P_Coal_Hardcoal,2055,31,,MEUR/GW,same as 2050 for now,29.01.2025,Nikita Moskalenko <nim@wip.tu-berlin.de>,
World,P_Coal_Hardcoal,2060,31,,MEUR/GW,same as 2050 for now,29.01.2025,Nikita Moskalenko <nim@wip.tu-berlin.de>,
World,P_Coal_Hardcoal_CCS,2018,69.8,,MEUR/GW,,,,
World,P_Coal_Hardcoal_CCS,2020,69.8,,MEUR/GW,,,,
World,P_Coal_Hardcoal_CCS,2021,69.8,,MEUR/GW,Integrated gasification coal CCS pre combustion-https://energy.ec.europa.eu/data-and-analysis/energy-modelling/eu-reference-scenario-2020_en,20.08.2024,Alena Diesing <ad@wip.tu-berlin.de>,
World,P_Coal_Hardcoal_CCS,2025,67.85,,MEUR/GW,Integrated gasification coal CCS pre combustion-https://energy.ec.europa.eu/data-and-analysis/energy-modelling/eu-reference-scenario-2020_en,20.08.2024,Alena Diesing <ad@wip.tu-berlin.de>,
World,P_Coal_Hardcoal_CCS,2030,65.9,,MEUR/GW,Integrated gasification coal CCS pre combustion-https://energy.ec.europa.eu/data-and-analysis/energy-modelling/eu-reference-scenario-2020_en,20.08.2024,Alena Diesing <ad@wip.tu-berlin.de>,
World,P_Coal_Hardcoal_CCS,2035,64.9,,MEUR/GW,Integrated gasification coal CCS pre combustion-https://energy.ec.europa.eu/data-and-analysis/energy-modelling/eu-reference-scenario-2020_en,20.08.2024,Alena Diesing <ad@wip.tu-berlin.de>,
World,P_Coal_Hardcoal_CCS,2040,63.9,,MEUR/GW,Integrated gasification coal CCS pre combustion-https://energy.ec.europa.eu/data-and-analysis/energy-modelling/eu-reference-scenario-2020_en,20.08.2024,Alena Diesing <ad@wip.tu-berlin.de>,
World,P_Coal_Hardcoal_CCS,2045,62.9,,MEUR/GW,Integrated gasification coal CCS pre combustion-https://energy.ec.europa.eu/data-and-analysis/energy-modelling/eu-reference-scenario-2020_en,20.08.2024,Alena Diesing <ad@wip.tu-berlin.de>,
World,P_Coal_Hardcoal_CCS,2050,61.9,,MEUR/GW,Integrated gasification coal CCS pre combustion-https://energy.ec.europa.eu/data-and-analysis/energy-modelling/eu-reference-scenario-2020_en,20.08.2024,Alena Diesing <ad@wip.tu-berlin.de>,
World,P_Coal_Hardcoal_CCS,2055,61.9,,MEUR/GW,same as 2050 for now,29.01.2025,Nikita Moskalenko <nim@wip.tu-berlin.de>,
World,P_Coal_Hardcoal_CCS,2060,61.9,,MEUR/GW,same as 2050 for now,29.01.2025,Nikita Moskalenko <nim@wip.tu-berlin.de>,
World,P_Coal_Lignite,2018,47,,MEUR/GW,Steam turbine lignite supercritical- Power&Heat- EU Reference Scenario 2020,05.09.2023,Stian Backe <stian.backe@sintef.no>,
World,P_Coal_Lignite,2020,47,,MEUR/GW,Steam turbine lignite supercritical- Power&Heat- EU Reference Scenario 2020,05.09.2023,Stian Backe <stian.backe@sintef.no>,
World,P_Coal_Lignite,2021,47,,MEUR/GW,Steam turbine lignite supercritical- Power&Heat- EU Reference Scenario 2020,05.09.2023,Stian Backe <stian.backe@sintef.no>,
World,P_Coal_Lignite,2025,44.5,,MEUR/GW,Steam turbine lignite supercritical- Power&Heat- EU Reference Scenario 2020,05.09.2023,Stian Backe <stian.backe@sintef.no>,
World,P_Coal_Lignite,2030,42,,MEUR/GW,Steam turbine lignite supercritical- Power&Heat- EU Reference Scenario 2020,05.09.2023,Stian Backe <stian.backe@sintef.no>,
World,P_Coal_Lignite,2035,40.5,,MEUR/GW,Steam turbine lignite supercritical- Power&Heat- EU Reference Scenario 2020,05.09.2023,Stian Backe <stian.backe@sintef.no>,
World,P_Coal_Lignite,2040,39,,MEUR/GW,Steam turbine lignite supercritical- Power&Heat- EU Reference Scenario 2020,05.09.2023,Stian Backe <stian.backe@sintef.no>,
World,P_Coal_Lignite,2045,39,,MEUR/GW,Steam turbine lignite supercritical- Power&Heat- EU Reference Scenario 2020,05.09.2023,Stian Backe <stian.backe@sintef.no>,
World,P_Coal_Lignite,2050,39,,MEUR/GW,Steam turbine lignite supercritical- Power&Heat- EU Reference Scenario 2020,05.09.2023,Stian Backe <stian.backe@sintef.no>,
World,P_Coal_Lignite,2055,39,,MEUR/GW,same as 2050 for now,29.01.2025,Nikita Moskalenko <nim@wip.tu-berlin.de>,
World,P_Coal_Lignite,2060,39,,MEUR/GW,same as 2050 for now,29.01.2025,Nikita Moskalenko <nim@wip.tu-berlin.de>,
World,P_Coal_Lignite_CCS,2018,77.575,,MEUR/GW,,,,
World,P_Coal_Lignite_CCS,2020,77.575,,MEUR/GW,,,,
World,P_Coal_Lignite_CCS,2021,77.575,,MEUR/GW,Integrated gasification lignitel CCS pre combustion-https://energy.ec.europa.eu/data-and-analysis/energy-modelling/eu-reference-scenario-2020_en,20.08.2024,Alena Diesing <ad@wip.tu-berlin.de>,
World,P_Coal_Lignite_CCS,2025,75.575,,MEUR/GW,Integrated gasification lignitel CCS pre combustion-https://energy.ec.europa.eu/data-and-analysis/energy-modelling/eu-reference-scenario-2020_en,20.08.2024,Alena Diesing <ad@wip.tu-berlin.de>,
World,P_Coal_Lignite_CCS,2030,73.575,,MEUR/GW,Integrated gasification lignitel CCS pre combustion-https://energy.ec.europa.eu/data-and-analysis/energy-modelling/eu-reference-scenario-2020_en,20.08.2024,Alena Diesing <ad@wip.tu-berlin.de>,
World,P_Coal_Lignite_CCS,2035,72.5875,,MEUR/GW,Integrated gasification lignitel CCS pre combustion-https://energy.ec.europa.eu/data-and-analysis/energy-modelling/eu-reference-scenario-2020_en,20.08.2024,Alena Diesing <ad@wip.tu-berlin.de>,
World,P_Coal_Lignite_CCS,2040,71.6,,MEUR/GW,Integrated gasification lignitel CCS pre combustion-https://energy.ec.europa.eu/data-and-analysis/energy-modelling/eu-reference-scenario-2020_en,20.08.2024,Alena Diesing <ad@wip.tu-berlin.de>,
World,P_Coal_Lignite_CCS,2045,70.6125,,MEUR/GW,Integrated gasification lignitel CCS pre combustion-https://energy.ec.europa.eu/data-and-analysis/energy-modelling/eu-reference-scenario-2020_en,20.08.2024,Alena Diesing <ad@wip.tu-berlin.de>,
World,P_Coal_Lignite_CCS,2050,69.625,,MEUR/GW,Integrated gasification lignitel CCS pre combustion-https://energy.ec.europa.eu/data-and-analysis/energy-modelling/eu-reference-scenario-2020_en,20.08.2024,Alena Diesing <ad@wip.tu-berlin.de>,
World,P_Coal_Lignite_CCS,2055,69.625,,MEUR/GW,same as 2050 for now,29.01.2025,Nikita Moskalenko <nim@wip.tu-berlin.de>,
World,P_Coal_Lignite_CCS,2060,69.625,,MEUR/GW,same as 2050 for now,29.01.2025,Nikita Moskalenko <nim@wip.tu-berlin.de>,
World,P_Gas_CCGT,2018,22,,MEUR/GW,Gas turbine combined cycle gas advanced- Power&Heat- EU Reference Scenario 2020,05.09.2023,Stian Backe <stian.backe@sintef.no>,
World,P_Gas_CCGT,2020,22,,MEUR/GW,Gas turbine combined cycle gas advanced- Power&Heat- EU Reference Scenario 2020,05.09.2023,Stian Backe <stian.backe@sintef.no>,
World,P_Gas_CCGT,2021,31.15682064,,MEUR/GW,Gas Turbine combined cycle extraction natural gas large - https://ens.dk/en/our-services/technology-catalogues/technology-data-generation-electricity-and-district-heating,20.08.2024,Alena Diesing <ad@wip.tu-berlin.de>,
World,P_Gas_CCGT,2025,30.3592911,,MEUR/GW,Gas Turbine combined cycle extraction natural gas large - https://ens.dk/en/our-services/technology-catalogues/technology-data-generation-electricity-and-district-heating,20.08.2024,Alena Diesing <ad@wip.tu-berlin.de>,
World,P_Gas_CCGT,2030,29.56176156,,MEUR/GW,Gas Turbine combined cycle extraction natural gas large - https://ens.dk/en/our-services/technology-catalogues/technology-data-generation-electricity-and-district-heating,20.08.2024,Alena Diesing <ad@wip.tu-berlin.de>,
World,P_Gas_CCGT,2035,29.08324384,,MEUR/GW,Gas Turbine combined cycle extraction natural gas large - https://ens.dk/en/our-services/technology-catalogues/technology-data-generation-electricity-and-district-heating,20.08.2024,Alena Diesing <ad@wip.tu-berlin.de>,
World,P_Gas_CCGT,2040,28.60472611,,MEUR/GW,Gas Turbine combined cycle extraction natural gas large - https://ens.dk/en/our-services/technology-catalogues/technology-data-generation-electricity-and-district-heating,20.08.2024,Alena Diesing <ad@wip.tu-berlin.de>,
World,P_Gas_CCGT,2045,28.12620839,,MEUR/GW,Gas Turbine combined cycle extraction natural gas large - https://ens.dk/en/our-services/technology-catalogues/technology-data-generation-electricity-and-district-heating,20.08.2024,Alena Diesing <ad@wip.tu-berlin.de>,
World,P_Gas_CCGT,2050,27.64769067,,MEUR/GW,Gas Turbine combined cycle extraction natural gas large - https://ens.dk/en/our-services/technology-catalogues/technology-data-generation-electricity-and-district-heating,20.08.2024,Alena Diesing <ad@wip.tu-berlin.de>,
World,P_Gas_CCGT,2055,27.64769067,,MEUR/GW,same as 2050 for now,29.01.2025,Nikita Moskalenko <nim@wip.tu-berlin.de>,
World,P_Gas_CCGT,2060,27.64769067,,MEUR/GW,same as 2050 for now,29.01.2025,Nikita Moskalenko <nim@wip.tu-berlin.de>,
World,P_Gas_CCS,2018,73.6,,MEUR/GW,,,,
World,P_Gas_CCS,2020,73.6,,MEUR/GW,,,,
World,P_Gas_CCS,2021,73.6,,MEUR/GW,CCGT + CCS - https://www.iea.org/data-and-statistics/data-product/global-energy-and-climate-model-2023-key-input-data#gec-model-power-generation-technology-costs-dataset,20.08.2024,Alena Diesing <ad@wip.tu-berlin.de>,
World,P_Gas_CCS,2025,71.3,,MEUR/GW,CCGT + CCS - https://www.iea.org/data-and-statistics/data-product/global-energy-and-climate-model-2023-key-input-data#gec-model-power-generation-technology-costs-dataset,20.08.2024,Alena Diesing <ad@wip.tu-berlin.de>,
World,P_Gas_CCS,2030,69,,MEUR/GW,CCGT + CCS - https://www.iea.org/data-and-statistics/data-product/global-energy-and-climate-model-2023-key-input-data#gec-model-power-generation-technology-costs-dataset,20.08.2024,Alena Diesing <ad@wip.tu-berlin.de>,
World,P_Gas_CCS,2035,65.55,,MEUR/GW,CCGT + CCS - https://www.iea.org/data-and-statistics/data-product/global-energy-and-climate-model-2023-key-input-data#gec-model-power-generation-technology-costs-dataset,20.08.2024,Alena Diesing <ad@wip.tu-berlin.de>,
World,P_Gas_CCS,2040,62.1,,MEUR/GW,CCGT + CCS - https://www.iea.org/data-and-statistics/data-product/global-energy-and-climate-model-2023-key-input-data#gec-model-power-generation-technology-costs-dataset,20.08.2024,Alena Diesing <ad@wip.tu-berlin.de>,
World,P_Gas_CCS,2045,58.65,,MEUR/GW,CCGT + CCS - https://www.iea.org/data-and-statistics/data-product/global-energy-and-climate-model-2023-key-input-data#gec-model-power-generation-technology-costs-dataset,20.08.2024,Alena Diesing <ad@wip.tu-berlin.de>,
World,P_Gas_CCS,2050,55.2,,MEUR/GW,CCGT + CCS - https://www.iea.org/data-and-statistics/data-product/global-energy-and-climate-model-2023-key-input-data#gec-model-power-generation-technology-costs-dataset,20.08.2024,Alena Diesing <ad@wip.tu-berlin.de>,
World,P_Gas_CCS,2055,55.2,,MEUR/GW,same as 2050 for now,29.01.2025,Nikita Moskalenko <nim@wip.tu-berlin.de>,
World,P_Gas_CCS,2060,55.2,,MEUR/GW,same as 2050 for now,29.01.2025,Nikita Moskalenko <nim@wip.tu-berlin.de>,
World,P_Gas_Engines,2018,10.367884,,MEUR/GW,,,,
World,P_Gas_Engines,2020,10.367884,,MEUR/GW,,,,
World,P_Gas_Engines,2021,10.367884,,MEUR/GW,Gas engine natural gas - https://ens.dk/en/our-services/technology-catalogues/technology-data-generation-electricity-and-district-heating,20.08.2024,Alena Diesing <ad@wip.tu-berlin.de>,
World,P_Gas_Engines,2025,10.12862514,,MEUR/GW,Gas engine natural gas - https://ens.dk/en/our-services/technology-catalogues/technology-data-generation-electricity-and-district-heating,20.08.2024,Alena Diesing <ad@wip.tu-berlin.de>,
World,P_Gas_Engines,2030,9.889366277,,MEUR/GW,Gas engine natural gas - https://ens.dk/en/our-services/technology-catalogues/technology-data-generation-electricity-and-district-heating,20.08.2024,Alena Diesing <ad@wip.tu-berlin.de>,
World,P_Gas_Engines,2035,9.676691734,,MEUR/GW,Gas engine natural gas - https://ens.dk/en/our-services/technology-catalogues/technology-data-generation-electricity-and-district-heating,20.08.2024,Alena Diesing <ad@wip.tu-berlin.de>,
World,P_Gas_Engines,2040,9.46401719,,MEUR/GW,Gas engine natural gas - https://ens.dk/en/our-services/technology-catalogues/technology-data-generation-electricity-and-district-heating,20.08.2024,Alena Diesing <ad@wip.tu-berlin.de>,
World,P_Gas_Engines,2045,9.251342647,,MEUR/GW,Gas engine natural gas - https://ens.dk/en/our-services/technology-catalogues/technology-data-generation-electricity-and-district-heating,20.08.2024,Alena Diesing <ad@wip.tu-berlin.de>,
World,P_Gas_Engines,2050,9.038668103,,MEUR/GW,Gas engine natural gas - https://ens.dk/en/our-services/technology-catalogues/technology-data-generation-electricity-and-district-heating,20.08.2024,Alena Diesing <ad@wip.tu-berlin.de>,
World,P_Gas_Engines,2055,9.038668103,,MEUR/GW,same as 2050 for now,29.01.2025,Nikita Moskalenko <nim@wip.tu-berlin.de>,
World,P_Gas_Engines,2060,9.038668103,,MEUR/GW,same as 2050 for now,29.01.2025,Nikita Moskalenko <nim@wip.tu-berlin.de>,
World,P_Gas_OCGT,2018,20.735768,,MEUR/GW,,,,
World,P_Gas_OCGT,2020,20.735768,,MEUR/GW,,,,
World,P_Gas_OCGT,2021,20.735768,,MEUR/GW,Gas turbine simple cycle (small and medium scale plant) back pressure - https://ens.dk/en/our-services/technology-catalogues/technology-data-generation-electricity-and-district-heating,20.08.2024,Alena Diesing <ad@wip.tu-berlin.de>,
World,P_Gas_OCGT,2025,20.25725028,,MEUR/GW,Gas turbine simple cycle (small and medium scale plant) back pressure - https://ens.dk/en/our-services/technology-catalogues/technology-data-generation-electricity-and-district-heating,20.08.2024,Alena Diesing <ad@wip.tu-berlin.de>,
World,P_Gas_OCGT,2030,19.77873255,,MEUR/GW,Gas turbine simple cycle (small and medium scale plant) back pressure - https://ens.dk/en/our-services/technology-catalogues/technology-data-generation-electricity-and-district-heating,20.08.2024,Alena Diesing <ad@wip.tu-berlin.de>,
World,P_Gas_OCGT,2035,19.61922665,,MEUR/GW,Gas turbine simple cycle (small and medium scale plant) back pressure - https://ens.dk/en/our-services/technology-catalogues/technology-data-generation-electricity-and-district-heating,20.08.2024,Alena Diesing <ad@wip.tu-berlin.de>,
World,P_Gas_OCGT,2040,19.45972074,,MEUR/GW,Gas turbine simple cycle (small and medium scale plant) back pressure - https://ens.dk/en/our-services/technology-catalogues/technology-data-generation-electricity-and-district-heating,20.08.2024,Alena Diesing <ad@wip.tu-berlin.de>,
World,P_Gas_OCGT,2045,19.30021483,,MEUR/GW,Gas turbine simple cycle (small and medium scale plant) back pressure - https://ens.dk/en/our-services/technology-catalogues/technology-data-generation-electricity-and-district-heating,20.08.2024,Alena Diesing <ad@wip.tu-berlin.de>,
World,P_Gas_OCGT,2050,19.14070892,,MEUR/GW,Gas turbine simple cycle (small and medium scale plant) back pressure - https://ens.dk/en/our-services/technology-catalogues/technology-data-generation-electricity-and-district-heating,20.08.2024,Alena Diesing <ad@wip.tu-berlin.de>,
World,P_Gas_OCGT,2055,19.14070892,,MEUR/GW,same as 2050 for now,29.01.2025,Nikita Moskalenko <nim@wip.tu-berlin.de>,
World,P_Gas_OCGT,2060,19.14070892,,MEUR/GW,same as 2050 for now,29.01.2025,Nikita Moskalenko <nim@wip.tu-berlin.de>,
World,P_Geothermal,2018,80,,MEUR/GW,Geothermal Power- Table 1.7- High cost of slow energy transitions for emerging countries: On the case of Egypt's pathway options- Appendix A Supplementary data,06.09.2023,Stian Backe <stian.backe@sintef.no>,
World,P_Geothermal,2020,80,,MEUR/GW,Geothermal Power- Table 1.7- High cost of slow energy transitions for emerging countries: On the case of Egypt's pathway options- Appendix A Supplementary data,06.09.2023,Stian Backe <stian.backe@sintef.no>,
World,P_Geothermal,2021,50.6,,MEUR/GW,Geothermal - https://www.iea.org/data-and-statistics/data-product/global-energy-and-climate-model-2023-key-input-data#gec-model-power-generation-technology-costs-dataset,20.08.2024,Alena Diesing <ad@wip.tu-berlin.de>,
World,P_Geothermal,2025,50.6,,MEUR/GW,Geothermal - https://www.iea.org/data-and-statistics/data-product/global-energy-and-climate-model-2023-key-input-data#gec-model-power-generation-technology-costs-dataset,20.08.2024,Alena Diesing <ad@wip.tu-berlin.de>,
World,P_Geothermal,2030,50.6,,MEUR/GW,Geothermal - https://www.iea.org/data-and-statistics/data-product/global-energy-and-climate-model-2023-key-input-data#gec-model-power-generation-technology-costs-dataset,20.08.2024,Alena Diesing <ad@wip.tu-berlin.de>,
World,P_Geothermal,2035,49.45,,MEUR/GW,Geothermal - https://www.iea.org/data-and-statistics/data-product/global-energy-and-climate-model-2023-key-input-data#gec-model-power-generation-technology-costs-dataset,20.08.2024,Alena Diesing <ad@wip.tu-berlin.de>,
World,P_Geothermal,2040,48.3,,MEUR/GW,Geothermal - https://www.iea.org/data-and-statistics/data-product/global-energy-and-climate-model-2023-key-input-data#gec-model-power-generation-technology-costs-dataset,20.08.2024,Alena Diesing <ad@wip.tu-berlin.de>,
World,P_Geothermal,2045,47.15,,MEUR/GW,Geothermal - https://www.iea.org/data-and-statistics/data-product/global-energy-and-climate-model-2023-key-input-data#gec-model-power-generation-technology-costs-dataset,20.08.2024,Alena Diesing <ad@wip.tu-berlin.de>,
World,P_Geothermal,2050,46,,MEUR/GW,Geothermal - https://www.iea.org/data-and-statistics/data-product/global-energy-and-climate-model-2023-key-input-data#gec-model-power-generation-technology-costs-dataset,20.08.2024,Alena Diesing <ad@wip.tu-berlin.de>,
World,P_Geothermal,2055,46,,MEUR/GW,same as 2050 for now,29.01.2025,Nikita Moskalenko <nim@wip.tu-berlin.de>,
World,P_Geothermal,2060,46,,MEUR/GW,same as 2050 for now,29.01.2025,Nikita Moskalenko <nim@wip.tu-berlin.de>,
World,P_H2_OCGT,2018,23.8461332,,MEUR/GW,,,,
World,P_H2_OCGT,2020,23.8461332,,MEUR/GW,,,,
World,P_H2_OCGT,2021,23.8461332,,MEUR/GW,assumend 115% of OCGT - https://www.sciencedirect.com/science/article/pii/S0360319921039768,20.08.2024,Alena Diesing <ad@wip.tu-berlin.de>,
World,P_H2_OCGT,2025,23.29583782,,MEUR/GW,assumend 115% of OCGT - https://www.sciencedirect.com/science/article/pii/S0360319921039768,20.08.2024,Alena Diesing <ad@wip.tu-berlin.de>,
World,P_H2_OCGT,2030,22.74554244,,MEUR/GW,assumend 115% of OCGT - https://www.sciencedirect.com/science/article/pii/S0360319921039768,20.08.2024,Alena Diesing <ad@wip.tu-berlin.de>,
World,P_H2_OCGT,2035,22.56211064,,MEUR/GW,assumend 115% of OCGT - https://www.sciencedirect.com/science/article/pii/S0360319921039768,20.08.2024,Alena Diesing <ad@wip.tu-berlin.de>,
World,P_H2_OCGT,2040,22.37867885,,MEUR/GW,assumend 115% of OCGT - https://www.sciencedirect.com/science/article/pii/S0360319921039768,20.08.2024,Alena Diesing <ad@wip.tu-berlin.de>,
World,P_H2_OCGT,2045,22.19524706,,MEUR/GW,assumend 115% of OCGT - https://www.sciencedirect.com/science/article/pii/S0360319921039768,20.08.2024,Alena Diesing <ad@wip.tu-berlin.de>,
World,P_H2_OCGT,2050,22.01181526,,MEUR/GW,assumend 115% of OCGT - https://www.sciencedirect.com/science/article/pii/S0360319921039768,20.08.2024,Alena Diesing <ad@wip.tu-berlin.de>,
World,P_H2_OCGT,2055,22.01181526,,MEUR/GW,same as 2050 for now,29.01.2025,Nikita Moskalenko <nim@wip.tu-berlin.de>,
World,P_H2_OCGT,2060,22.01181526,,MEUR/GW,same as 2050 for now,29.01.2025,Nikita Moskalenko <nim@wip.tu-berlin.de>,
World,P_Hydro_Reservoir,2018,25.5,,MEUR/GW,Lakes - https://energy.ec.europa.eu/data-and-analysis/energy-modelling/eu-reference-scenario-2020_en,20.08.2024,Alena Diesing <ad@wip.tu-berlin.de>,
World,P_Hydro_Reservoir,2020,25.5,,MEUR/GW,Lakes - https://energy.ec.europa.eu/data-and-analysis/energy-modelling/eu-reference-scenario-2020_en,20.08.2024,Alena Diesing <ad@wip.tu-berlin.de>,
World,P_Hydro_Reservoir,2021,25.5,,MEUR/GW,Lakes - https://energy.ec.europa.eu/data-and-analysis/energy-modelling/eu-reference-scenario-2020_en,20.08.2024,Alena Diesing <ad@wip.tu-berlin.de>,
World,P_Hydro_Reservoir,2025,25.5,,MEUR/GW,Lakes - https://energy.ec.europa.eu/data-and-analysis/energy-modelling/eu-reference-scenario-2020_en,20.08.2024,Alena Diesing <ad@wip.tu-berlin.de>,
World,P_Hydro_Reservoir,2030,25.5,,MEUR/GW,Lakes - https://energy.ec.europa.eu/data-and-analysis/energy-modelling/eu-reference-scenario-2020_en,20.08.2024,Alena Diesing <ad@wip.tu-berlin.de>,
World,P_Hydro_Reservoir,2035,25.5,,MEUR/GW,Lakes - https://energy.ec.europa.eu/data-and-analysis/energy-modelling/eu-reference-scenario-2020_en,20.08.2024,Alena Diesing <ad@wip.tu-berlin.de>,
World,P_Hydro_Reservoir,2040,25.5,,MEUR/GW,Lakes - https://energy.ec.europa.eu/data-and-analysis/energy-modelling/eu-reference-scenario-2020_en,20.08.2024,Alena Diesing <ad@wip.tu-berlin.de>,
World,P_Hydro_Reservoir,2045,25.5,,MEUR/GW,Lakes - https://energy.ec.europa.eu/data-and-analysis/energy-modelling/eu-reference-scenario-2020_en,20.08.2024,Alena Diesing <ad@wip.tu-berlin.de>,
World,P_Hydro_Reservoir,2050,25.5,,MEUR/GW,Lakes - https://energy.ec.europa.eu/data-and-analysis/energy-modelling/eu-reference-scenario-2020_en,20.08.2024,Alena Diesing <ad@wip.tu-berlin.de>,
World,P_Hydro_Reservoir,2055,25.5,,MEUR/GW,same as 2050 for now,29.01.2025,Nikita Moskalenko <nim@wip.tu-berlin.de>,
World,P_Hydro_Reservoir,2060,25.5,,MEUR/GW,same as 2050 for now,29.01.2025,Nikita Moskalenko <nim@wip.tu-berlin.de>,
World,P_Hydro_RoR,2018,76.8,,MEUR/GW,Hydro Run-of-River- Table 1.7- High cost of slow energy transitions for emerging countries: On the case of Egypt's pathway options- Appendix A Supplementary data,08.09.2023,Luka Garibashvili <lukaga@stud.ntnu.no>,
World,P_Hydro_RoR,2020,76.8,,MEUR/GW,Hydro Run-of-River- Table 1.7- High cost of slow energy transitions for emerging countries: On the case of Egypt's pathway options- Appendix A Supplementary data,08.09.2023,Luka Garibashvili <lukaga@stud.ntnu.no>,
World,P_Hydro_RoR,2021,8.9,,MEUR/GW,Run of River - https://energy.ec.europa.eu/data-and-analysis/energy-modelling/eu-reference-scenario-2020_en,20.08.2024,Alena Diesing <ad@wip.tu-berlin.de>,
World,P_Hydro_RoR,2025,8.55,,MEUR/GW,Run of River - https://energy.ec.europa.eu/data-and-analysis/energy-modelling/eu-reference-scenario-2020_en,20.08.2024,Alena Diesing <ad@wip.tu-berlin.de>,
World,P_Hydro_RoR,2030,8.2,,MEUR/GW,Run of River - https://energy.ec.europa.eu/data-and-analysis/energy-modelling/eu-reference-scenario-2020_en,20.08.2024,Alena Diesing <ad@wip.tu-berlin.de>,
World,P_Hydro_RoR,2035,8.2,,MEUR/GW,Run of River - https://energy.ec.europa.eu/data-and-analysis/energy-modelling/eu-reference-scenario-2020_en,20.08.2024,Alena Diesing <ad@wip.tu-berlin.de>,
World,P_Hydro_RoR,2040,8.2,,MEUR/GW,Run of River - https://energy.ec.europa.eu/data-and-analysis/energy-modelling/eu-reference-scenario-2020_en,20.08.2024,Alena Diesing <ad@wip.tu-berlin.de>,
World,P_Hydro_RoR,2045,8.15,,MEUR/GW,Run of River - https://energy.ec.europa.eu/data-and-analysis/energy-modelling/eu-reference-scenario-2020_en,20.08.2024,Alena Diesing <ad@wip.tu-berlin.de>,
World,P_Hydro_RoR,2050,8.1,,MEUR/GW,Run of River - https://energy.ec.europa.eu/data-and-analysis/energy-modelling/eu-reference-scenario-2020_en,20.08.2024,Alena Diesing <ad@wip.tu-berlin.de>,
World,P_Hydro_RoR,2055,8.1,,MEUR/GW,same as 2050 for now,29.01.2025,Nikita Moskalenko <nim@wip.tu-berlin.de>,
World,P_Hydro_RoR,2060,8.1,,MEUR/GW,same as 2050 for now,29.01.2025,Nikita Moskalenko <nim@wip.tu-berlin.de>,
World,P_Nuclear,2018,120,,MEUR/GW,Nuclear III gen. (no economies of scale)- EU Reference Scenario 2020,05.09.2023,Stian Backe <stian.backe@sintef.no>,
World,P_Nuclear,2020,120,,MEUR/GW,Nuclear III gen. (no economies of scale)- EU Reference Scenario 2020,05.09.2023,Stian Backe <stian.backe@sintef.no>,
World,P_Nuclear,2021,120,,MEUR/GW,Nuclear III gen. (no economies of scale)- EU Reference Scenario 2020,05.09.2023,Stian Backe <stian.backe@sintef.no>,
World,P_Nuclear,2025,117.5,,MEUR/GW,Nuclear III gen. (no economies of scale)- EU Reference Scenario 2020,05.09.2023,Stian Backe <stian.backe@sintef.no>,
World,P_Nuclear,2030,115,,MEUR/GW,Nuclear III gen. (no economies of scale)- EU Reference Scenario 2020,05.09.2023,Stian Backe <stian.backe@sintef.no>,
World,P_Nuclear,2035,111.5,,MEUR/GW,Nuclear III gen. (no economies of scale)- EU Reference Scenario 2020,05.09.2023,Stian Backe <stian.backe@sintef.no>,
World,P_Nuclear,2040,108,,MEUR/GW,Nuclear III gen. (no economies of scale)- EU Reference Scenario 2020,05.09.2023,Stian Backe <stian.backe@sintef.no>,
World,P_Nuclear,2045,106.5,,MEUR/GW,Nuclear III gen. (no economies of scale)- EU Reference Scenario 2020,05.09.2023,Stian Backe <stian.backe@sintef.no>,
World,P_Nuclear,2050,105,,MEUR/GW,Nuclear III gen. (no economies of scale)- EU Reference Scenario 2020,05.09.2023,Stian Backe <stian.backe@sintef.no>,
World,P_Nuclear,2055,105,,MEUR/GW,same as 2050 for now,29.01.2025,Nikita Moskalenko <nim@wip.tu-berlin.de>,
World,P_Nuclear,2060,105,,MEUR/GW,same as 2050 for now,29.01.2025,Nikita Moskalenko <nim@wip.tu-berlin.de>,
World,P_Ocean,2018,39.6,,MEUR/GW,Tidal and waves- Power&Heat- EU Reference Scenario 2020,08.09.2023,Luka Garibashvili <lukaga@stud.ntnu.no>,
World,P_Ocean,2020,39.6,,MEUR/GW,Tidal and waves- Power&Heat- EU Reference Scenario 2020,08.09.2023,Luka Garibashvili <lukaga@stud.ntnu.no>,
World,P_Ocean,2021,39.6,,MEUR/GW,Tidal and waves- Power&Heat- EU Reference Scenario 2020,08.09.2023,Luka Garibashvili <lukaga@stud.ntnu.no>,
World,P_Ocean,2025,36.45,,MEUR/GW,Tidal and waves- Power&Heat- EU Reference Scenario 2020,08.09.2023,Luka Garibashvili <lukaga@stud.ntnu.no>,
World,P_Ocean,2030,33.3,,MEUR/GW,Tidal and waves- Power&Heat- EU Reference Scenario 2020,08.09.2023,Luka Garibashvili <lukaga@stud.ntnu.no>,
World,P_Ocean,2035,30.65,,MEUR/GW,Tidal and waves- Power&Heat- EU Reference Scenario 2020,08.09.2023,Luka Garibashvili <lukaga@stud.ntnu.no>,
World,P_Ocean,2040,28,,MEUR/GW,Tidal and waves- Power&Heat- EU Reference Scenario 2020,08.09.2023,Luka Garibashvili <lukaga@stud.ntnu.no>,
World,P_Ocean,2045,25.75,,MEUR/GW,Tidal and waves- Power&Heat- EU Reference Scenario 2020,08.09.2023,Luka Garibashvili <lukaga@stud.ntnu.no>,
World,P_Ocean,2050,23.5,,MEUR/GW,Tidal and waves- Power&Heat- EU Reference Scenario 2020,08.09.2023,Luka Garibashvili <lukaga@stud.ntnu.no>,
World,P_Ocean,2055,23.5,,MEUR/GW,same as 2050 for now,29.01.2025,Nikita Moskalenko <nim@wip.tu-berlin.de>,
World,P_Ocean,2060,23.5,,MEUR/GW,same as 2050 for now,29.01.2025,Nikita Moskalenko <nim@wip.tu-berlin.de>,
World,P_Oil,2018,9.357679918,,MEUR/GW,,,,
World,P_Oil,2020,9.357679918,,MEUR/GW,,,,
World,P_Oil,2021,9.357679918,,MEUR/GW,diesel engine farm - https://ens.dk/en/our-services/technology-catalogues/technology-data-generation-electricity-and-district-heating,20.08.2024,Alena Diesing <ad@wip.tu-berlin.de>,
World,P_Oil,2025,9.17052632,,MEUR/GW,diesel engine farm - https://ens.dk/en/our-services/technology-catalogues/technology-data-generation-electricity-and-district-heating,20.08.2024,Alena Diesing <ad@wip.tu-berlin.de>,
World,P_Oil,2030,8.983372722,,MEUR/GW,diesel engine farm - https://ens.dk/en/our-services/technology-catalogues/technology-data-generation-electricity-and-district-heating,20.08.2024,Alena Diesing <ad@wip.tu-berlin.de>,
World,P_Oil,2035,8.983372722,,MEUR/GW,diesel engine farm - https://ens.dk/en/our-services/technology-catalogues/technology-data-generation-electricity-and-district-heating,20.08.2024,Alena Diesing <ad@wip.tu-berlin.de>,
World,P_Oil,2040,8.983372722,,MEUR/GW,diesel engine farm - https://ens.dk/en/our-services/technology-catalogues/technology-data-generation-electricity-and-district-heating,20.08.2024,Alena Diesing <ad@wip.tu-berlin.de>,
World,P_Oil,2045,8.983372722,,MEUR/GW,diesel engine farm - https://ens.dk/en/our-services/technology-catalogues/technology-data-generation-electricity-and-district-heating,20.08.2024,Alena Diesing <ad@wip.tu-berlin.de>,
World,P_Oil,2050,8.983372722,,MEUR/GW,diesel engine farm - https://ens.dk/en/our-services/technology-catalogues/technology-data-generation-electricity-and-district-heating,20.08.2024,Alena Diesing <ad@wip.tu-berlin.de>,
World,P_Oil,2055,8.983372722,,MEUR/GW,same as 2050 for now,29.01.2025,Nikita Moskalenko <nim@wip.tu-berlin.de>,
World,P_Oil,2060,8.983372722,,MEUR/GW,same as 2050 for now,29.01.2025,Nikita Moskalenko <nim@wip.tu-berlin.de>,
World,P_PV_Rooftop_Commercial,2018,9.13,,MEUR/GW,PV rooftop â€“ commercial- Table 1.7- High cost of slow energy transitions for emerging countries: On the case of Egypt's pathway options- Appendix A Supplementary data,06.09.2023,Stian Backe <stian.backe@sintef.no>,
World,P_PV_Rooftop_Commercial,2020,9.13,,MEUR/GW,PV rooftop â€“ commercial- Table 1.7- High cost of slow energy transitions for emerging countries: On the case of Egypt's pathway options- Appendix A Supplementary data,06.09.2023,Stian Backe <stian.backe@sintef.no>,
World,P_PV_Rooftop_Commercial,2021,10.6,,MEUR/GW,Rooftop PV commercial & industrial - https://ens.dk/en/our-services/technology-catalogues/technology-data-generation-electricity-and-district-heating,20.08.2024,Alena Diesing <ad@wip.tu-berlin.de>,
World,P_PV_Rooftop_Commercial,2025,9.75,,MEUR/GW,Rooftop PV commercial & industrial - https://ens.dk/en/our-services/technology-catalogues/technology-data-generation-electricity-and-district-heating,20.08.2024,Alena Diesing <ad@wip.tu-berlin.de>,
World,P_PV_Rooftop_Commercial,2030,8.9,,MEUR/GW,Rooftop PV commercial & industrial - https://ens.dk/en/our-services/technology-catalogues/technology-data-generation-electricity-and-district-heating,20.08.2024,Alena Diesing <ad@wip.tu-berlin.de>,
World,P_PV_Rooftop_Commercial,2035,8.45,,MEUR/GW,Rooftop PV commercial & industrial - https://ens.dk/en/our-services/technology-catalogues/technology-data-generation-electricity-and-district-heating,20.08.2024,Alena Diesing <ad@wip.tu-berlin.de>,
World,P_PV_Rooftop_Commercial,2040,8,,MEUR/GW,Rooftop PV commercial & industrial - https://ens.dk/en/our-services/technology-catalogues/technology-data-generation-electricity-and-district-heating,20.08.2024,Alena Diesing <ad@wip.tu-berlin.de>,
World,P_PV_Rooftop_Commercial,2045,7.75,,MEUR/GW,Rooftop PV commercial & industrial - https://ens.dk/en/our-services/technology-catalogues/technology-data-generation-electricity-and-district-heating,20.08.2024,Alena Diesing <ad@wip.tu-berlin.de>,
World,P_PV_Rooftop_Commercial,2050,7.5,,MEUR/GW,Rooftop PV commercial & industrial - https://ens.dk/en/our-services/technology-catalogues/technology-data-generation-electricity-and-district-heating,20.08.2024,Alena Diesing <ad@wip.tu-berlin.de>,
World,P_PV_Rooftop_Commercial,2055,7.5,,MEUR/GW,same as 2050 for now,29.01.2025,Nikita Moskalenko <nim@wip.tu-berlin.de>,
World,P_PV_Rooftop_Commercial,2060,7.5,,MEUR/GW,same as 2050 for now,29.01.2025,Nikita Moskalenko <nim@wip.tu-berlin.de>,
World,P_PV_Rooftop_Residential,2018,9.13,,MEUR/GW,PV rooftop â€“ residential- Table 1.7- High cost of slow energy transitions for emerging countries: On the case of Egypt's pathway options- Appendix A Supplementary data,06.09.2023,Stian Backe <stian.backe@sintef.no>,
World,P_PV_Rooftop_Residential,2020,9.13,,MEUR/GW,PV rooftop â€“ residential- Table 1.7- High cost of slow energy transitions for emerging countries: On the case of Egypt's pathway options- Appendix A Supplementary data,06.09.2023,Stian Backe <stian.backe@sintef.no>,
World,P_PV_Rooftop_Residential,2021,13.4,,MEUR/GW,Rooftop PV residential - https://ens.dk/en/our-services/technology-catalogues/technology-data-generation-electricity-and-district-heating,20.08.2024,Alena Diesing <ad@wip.tu-berlin.de>,
World,P_PV_Rooftop_Residential,2025,12.05,,MEUR/GW,Rooftop PV residential - https://ens.dk/en/our-services/technology-catalogues/technology-data-generation-electricity-and-district-heating,20.08.2024,Alena Diesing <ad@wip.tu-berlin.de>,
World,P_PV_Rooftop_Residential,2030,10.7,,MEUR/GW,Rooftop PV residential - https://ens.dk/en/our-services/technology-catalogues/technology-data-generation-electricity-and-district-heating,20.08.2024,Alena Diesing <ad@wip.tu-berlin.de>,
World,P_PV_Rooftop_Residential,2035,10.15,,MEUR/GW,Rooftop PV residential - https://ens.dk/en/our-services/technology-catalogues/technology-data-generation-electricity-and-district-heating,20.08.2024,Alena Diesing <ad@wip.tu-berlin.de>,
World,P_PV_Rooftop_Residential,2040,9.6,,MEUR/GW,Rooftop PV residential - https://ens.dk/en/our-services/technology-catalogues/technology-data-generation-electricity-and-district-heating,20.08.2024,Alena Diesing <ad@wip.tu-berlin.de>,
World,P_PV_Rooftop_Residential,2045,9.25,,MEUR/GW,Rooftop PV residential - https://ens.dk/en/our-services/technology-catalogues/technology-data-generation-electricity-and-district-heating,20.08.2024,Alena Diesing <ad@wip.tu-berlin.de>,
World,P_PV_Rooftop_Residential,2050,8.9,,MEUR/GW,Rooftop PV residential - https://ens.dk/en/our-services/technology-catalogues/technology-data-generation-electricity-and-district-heating,20.08.2024,Alena Diesing <ad@wip.tu-berlin.de>,
World,P_PV_Rooftop_Residential,2055,8.9,,MEUR/GW,same as 2050 for now,29.01.2025,Nikita Moskalenko <nim@wip.tu-berlin.de>,
World,P_PV_Rooftop_Residential,2060,8.9,,MEUR/GW,same as 2050 for now,29.01.2025,Nikita Moskalenko <nim@wip.tu-berlin.de>,
World,P_PV_Utility_Avg,2018,11.3,,MEUR/GW,Utility-scale ground mounted PV - https://ens.dk/en/our-services/technology-catalogues/technology-data-generation-electricity-and-district-heating,02.09.2025,Nikita Moskalenko <nim@wip.tu-berlin.de>,
World,P_PV_Utility_Avg,2020,11.3,,MEUR/GW,Utility-scale ground mounted PV - https://ens.dk/en/our-services/technology-catalogues/technology-data-generation-electricity-and-district-heating,02.09.2025,Nikita Moskalenko <nim@wip.tu-berlin.de>,
World,P_PV_Utility_Avg,2021,11.3,,MEUR/GW,Utility-scale ground mounted PV - https://ens.dk/en/our-services/technology-catalogues/technology-data-generation-electricity-and-district-heating,20.08.2024,Alena Diesing <ad@wip.tu-berlin.de>,
World,P_PV_Utility_Avg,2025,10.4,,MEUR/GW,Utility-scale ground mounted PV - https://ens.dk/en/our-services/technology-catalogues/technology-data-generation-electricity-and-district-heating,20.08.2024,Alena Diesing <ad@wip.tu-berlin.de>,
World,P_PV_Utility_Avg,2030,9.5,,MEUR/GW,Utility-scale ground mounted PV - https://ens.dk/en/our-services/technology-catalogues/technology-data-generation-electricity-and-district-heating,20.08.2024,Alena Diesing <ad@wip.tu-berlin.de>,
World,P_PV_Utility_Avg,2035,8.8,,MEUR/GW,Utility-scale ground mounted PV - https://ens.dk/en/our-services/technology-catalogues/technology-data-generation-electricity-and-district-heating,20.08.2024,Alena Diesing <ad@wip.tu-berlin.de>,
World,P_PV_Utility_Avg,2040,8.1,,MEUR/GW,Utility-scale ground mounted PV - https://ens.dk/en/our-services/technology-catalogues/technology-data-generation-electricity-and-district-heating,20.08.2024,Alena Diesing <ad@wip.tu-berlin.de>,
World,P_PV_Utility_Avg,2045,7.75,,MEUR/GW,Utility-scale ground mounted PV - https://ens.dk/en/our-services/technology-catalogues/technology-data-generation-electricity-and-district-heating,20.08.2024,Alena Diesing <ad@wip.tu-berlin.de>,
World,P_PV_Utility_Avg,2050,7.4,,MEUR/GW,Utility-scale ground mounted PV - https://ens.dk/en/our-services/technology-catalogues/technology-data-generation-electricity-and-district-heating,20.08.2024,Alena Diesing <ad@wip.tu-berlin.de>,
World,P_PV_Utility_Avg,2055,7.4,,MEUR/GW,same as 2050 for now,29.01.2025,Nikita Moskalenko <nim@wip.tu-berlin.de>,
World,P_PV_Utility_Avg,2060,7.4,,MEUR/GW,same as 2050 for now,29.01.2025,Nikita Moskalenko <nim@wip.tu-berlin.de>,
World,P_PV_Utility_Inf,2018,11.3,,MEUR/GW,Utility-scale ground mounted PV - https://ens.dk/en/our-services/technology-catalogues/technology-data-generation-electricity-and-district-heating,02.09.2025,Nikita Moskalenko <nim@wip.tu-berlin.de>,
World,P_PV_Utility_Inf,2020,11.3,,MEUR/GW,Utility-scale ground mounted PV - https://ens.dk/en/our-services/technology-catalogues/technology-data-generation-electricity-and-district-heating,02.09.2025,Nikita Moskalenko <nim@wip.tu-berlin.de>,
World,P_PV_Utility_Inf,2021,11.3,,MEUR/GW,Utility-scale ground mounted PV - https://ens.dk/en/our-services/technology-catalogues/technology-data-generation-electricity-and-district-heating,20.08.2024,Alena Diesing <ad@wip.tu-berlin.de>,
World,P_PV_Utility_Inf,2025,10.4,,MEUR/GW,Utility-scale ground mounted PV - https://ens.dk/en/our-services/technology-catalogues/technology-data-generation-electricity-and-district-heating,20.08.2024,Alena Diesing <ad@wip.tu-berlin.de>,
World,P_PV_Utility_Inf,2030,9.5,,MEUR/GW,Utility-scale ground mounted PV - https://ens.dk/en/our-services/technology-catalogues/technology-data-generation-electricity-and-district-heating,20.08.2024,Alena Diesing <ad@wip.tu-berlin.de>,
World,P_PV_Utility_Inf,2035,8.8,,MEUR/GW,Utility-scale ground mounted PV - https://ens.dk/en/our-services/technology-catalogues/technology-data-generation-electricity-and-district-heating,20.08.2024,Alena Diesing <ad@wip.tu-berlin.de>,
World,P_PV_Utility_Inf,2040,8.1,,MEUR/GW,Utility-scale ground mounted PV - https://ens.dk/en/our-services/technology-catalogues/technology-data-generation-electricity-and-district-heating,20.08.2024,Alena Diesing <ad@wip.tu-berlin.de>,
World,P_PV_Utility_Inf,2045,7.75,,MEUR/GW,Utility-scale ground mounted PV - https://ens.dk/en/our-services/technology-catalogues/technology-data-generation-electricity-and-district-heating,20.08.2024,Alena Diesing <ad@wip.tu-berlin.de>,
World,P_PV_Utility_Inf,2050,7.4,,MEUR/GW,Utility-scale ground mounted PV - https://ens.dk/en/our-services/technology-catalogues/technology-data-generation-electricity-and-district-heating,20.08.2024,Alena Diesing <ad@wip.tu-berlin.de>,
World,P_PV_Utility_Inf,2055,7.4,,MEUR/GW,same as 2050 for now,29.01.2025,Nikita Moskalenko <nim@wip.tu-berlin.de>,
World,P_PV_Utility_Inf,2060,7.4,,MEUR/GW,same as 2050 for now,29.01.2025,Nikita Moskalenko <nim@wip.tu-berlin.de>,
World,P_PV_Utility_Opt,2018,11.3,,MEUR/GW,Utility-scale ground mounted PV - https://ens.dk/en/our-services/technology-catalogues/technology-data-generation-electricity-and-district-heating,02.09.2025,Nikita Moskalenko <nim@wip.tu-berlin.de>,
World,P_PV_Utility_Opt,2020,11.3,,MEUR/GW,Utility-scale ground mounted PV - https://ens.dk/en/our-services/technology-catalogues/technology-data-generation-electricity-and-district-heating,02.09.2025,Nikita Moskalenko <nim@wip.tu-berlin.de>,
World,P_PV_Utility_Opt,2021,11.3,,MEUR/GW,Utility-scale ground mounted PV - https://ens.dk/en/our-services/technology-catalogues/technology-data-generation-electricity-and-district-heating,20.08.2024,Alena Diesing <ad@wip.tu-berlin.de>,
World,P_PV_Utility_Opt,2025,10.4,,MEUR/GW,Utility-scale ground mounted PV - https://ens.dk/en/our-services/technology-catalogues/technology-data-generation-electricity-and-district-heating,20.08.2024,Alena Diesing <ad@wip.tu-berlin.de>,
World,P_PV_Utility_Opt,2030,9.5,,MEUR/GW,Utility-scale ground mounted PV - https://ens.dk/en/our-services/technology-catalogues/technology-data-generation-electricity-and-district-heating,20.08.2024,Alena Diesing <ad@wip.tu-berlin.de>,
World,P_PV_Utility_Opt,2035,8.8,,MEUR/GW,Utility-scale ground mounted PV - https://ens.dk/en/our-services/technology-catalogues/technology-data-generation-electricity-and-district-heating,20.08.2024,Alena Diesing <ad@wip.tu-berlin.de>,
World,P_PV_Utility_Opt,2040,8.1,,MEUR/GW,Utility-scale ground mounted PV - https://ens.dk/en/our-services/technology-catalogues/technology-data-generation-electricity-and-district-heating,20.08.2024,Alena Diesing <ad@wip.tu-berlin.de>,
World,P_PV_Utility_Opt,2045,7.75,,MEUR/GW,Utility-scale ground mounted PV - https://ens.dk/en/our-services/technology-catalogues/technology-data-generation-electricity-and-district-heating,20.08.2024,Alena Diesing <ad@wip.tu-berlin.de>,
World,P_PV_Utility_Opt,2050,7.4,,MEUR/GW,Utility-scale ground mounted PV - https://ens.dk/en/our-services/technology-catalogues/technology-data-generation-electricity-and-district-heating,20.08.2024,Alena Diesing <ad@wip.tu-berlin.de>,
World,P_PV_Utility_Opt,2055,7.4,,MEUR/GW,same as 2050 for now,29.01.2025,Nikita Moskalenko <nim@wip.tu-berlin.de>,
World,P_PV_Utility_Opt,2060,7.4,,MEUR/GW,same as 2050 for now,29.01.2025,Nikita Moskalenko <nim@wip.tu-berlin.de>,
World,P_PV_Utility_Tracking,2018,12.1,,MEUR/GW,Utility-scale ground mounted PV tracker - https://ens.dk/en/our-services/technology-catalogues/technology-data-generation-electricity-and-district-heating,02.09.2025,Nikita Moskalenko <nim@wip.tu-berlin.de>,
World,P_PV_Utility_Tracking,2020,12.1,,MEUR/GW,Utility-scale ground mounted PV tracker - https://ens.dk/en/our-services/technology-catalogues/technology-data-generation-electricity-and-district-heating,02.09.2025,Nikita Moskalenko <nim@wip.tu-berlin.de>,
World,P_PV_Utility_Tracking,2021,12.1,,MEUR/GW,Utility-scale ground mounted PV tracker - https://ens.dk/en/our-services/technology-catalogues/technology-data-generation-electricity-and-district-heating,20.08.2024,Alena Diesing <ad@wip.tu-berlin.de>,
World,P_PV_Utility_Tracking,2025,11.25,,MEUR/GW,Utility-scale ground mounted PV tracker - https://ens.dk/en/our-services/technology-catalogues/technology-data-generation-electricity-and-district-heating,20.08.2024,Alena Diesing <ad@wip.tu-berlin.de>,
World,P_PV_Utility_Tracking,2030,10.4,,MEUR/GW,Utility-scale ground mounted PV tracker - https://ens.dk/en/our-services/technology-catalogues/technology-data-generation-electricity-and-district-heating,20.08.2024,Alena Diesing <ad@wip.tu-berlin.de>,
World,P_PV_Utility_Tracking,2035,9.9,,MEUR/GW,Utility-scale ground mounted PV tracker - https://ens.dk/en/our-services/technology-catalogues/technology-data-generation-electricity-and-district-heating,20.08.2024,Alena Diesing <ad@wip.tu-berlin.de>,
World,P_PV_Utility_Tracking,2040,9.4,,MEUR/GW,Utility-scale ground mounted PV tracker - https://ens.dk/en/our-services/technology-catalogues/technology-data-generation-electricity-and-district-heating,20.08.2024,Alena Diesing <ad@wip.tu-berlin.de>,
World,P_PV_Utility_Tracking,2045,9.2,,MEUR/GW,Utility-scale ground mounted PV tracker - https://ens.dk/en/our-services/technology-catalogues/technology-data-generation-electricity-and-district-heating,20.08.2024,Alena Diesing <ad@wip.tu-berlin.de>,
World,P_PV_Utility_Tracking,2050,9,,MEUR/GW,Utility-scale ground mounted PV tracker - https://ens.dk/en/our-services/technology-catalogues/technology-data-generation-electricity-and-district-heating,20.08.2024,Alena Diesing <ad@wip.tu-berlin.de>,
World,P_PV_Utility_Tracking,2055,9,,MEUR/GW,same as 2050 for now,29.01.2025,Nikita Moskalenko <nim@wip.tu-berlin.de>,
World,P_PV_Utility_Tracking,2060,9,,MEUR/GW,same as 2050 for now,29.01.2025,Nikita Moskalenko <nim@wip.tu-berlin.de>,
World,P_Wind_Offshore_Deep,2018,55,,MEUR/GW,EU REF2020 scenario: offshore deep + distant,04.09.2025,Nikita Moskalenko <nim@wip.tu-berlin.de>,
World,P_Wind_Offshore_Deep,2020,55,,MEUR/GW,EU REF2020 scenario: offshore deep + distant,04.09.2025,Nikita Moskalenko <nim@wip.tu-berlin.de>,
World,P_Wind_Offshore_Deep,2021,53.8,,MEUR/GW,EU REF2020 scenario: offshore deep + distant,04.09.2025,Nikita Moskalenko <nim@wip.tu-berlin.de>,
World,P_Wind_Offshore_Deep,2025,49,,MEUR/GW,EU REF2020 scenario: offshore deep + distant,04.09.2025,Nikita Moskalenko <nim@wip.tu-berlin.de>,
World,P_Wind_Offshore_Deep,2030,43,,MEUR/GW,EU REF2020 scenario: offshore deep + distant,04.09.2025,Nikita Moskalenko <nim@wip.tu-berlin.de>,
World,P_Wind_Offshore_Deep,2035,41.5,,MEUR/GW,EU REF2020 scenario: offshore deep + distant,04.09.2025,Nikita Moskalenko <nim@wip.tu-berlin.de>,
World,P_Wind_Offshore_Deep,2040,40,,MEUR/GW,EU REF2020 scenario: offshore deep + distant,04.09.2025,Nikita Moskalenko <nim@wip.tu-berlin.de>,
World,P_Wind_Offshore_Deep,2045,39.5,,MEUR/GW,EU REF2020 scenario: offshore deep + distant,04.09.2025,Nikita Moskalenko <nim@wip.tu-berlin.de>,
World,P_Wind_Offshore_Deep,2050,39,,MEUR/GW,EU REF2020 scenario: offshore deep + distant,04.09.2025,Nikita Moskalenko <nim@wip.tu-berlin.de>,
World,P_Wind_Offshore_Deep,2055,39,,MEUR/GW,same as 2050 for now,04.09.2025,Nikita Moskalenko <nim@wip.tu-berlin.de>,
World,P_Wind_Offshore_Deep,2060,39,,MEUR/GW,same as 2050 for now,04.09.2025,Nikita Moskalenko <nim@wip.tu-berlin.de>,
World,P_Wind_Offshore_Shallow,2018,33,,MEUR/GW,EU REF2020 scenario: offshore shallow and near,04.09.2025,Nikita Moskalenko <nim@wip.tu-berlin.de>,
World,P_Wind_Offshore_Shallow,2020,33,,MEUR/GW,EU REF2020 scenario: offshore shallow and near,04.09.2025,Nikita Moskalenko <nim@wip.tu-berlin.de>,
World,P_Wind_Offshore_Shallow,2021,32.4,,MEUR/GW,EU REF2020 scenario: offshore shallow and near,04.09.2025,Nikita Moskalenko <nim@wip.tu-berlin.de>,
World,P_Wind_Offshore_Shallow,2025,30,,MEUR/GW,EU REF2020 scenario: offshore shallow and near,04.09.2025,Nikita Moskalenko <nim@wip.tu-berlin.de>,
World,P_Wind_Offshore_Shallow,2030,27,,MEUR/GW,EU REF2020 scenario: offshore shallow and near,04.09.2025,Nikita Moskalenko <nim@wip.tu-berlin.de>,
World,P_Wind_Offshore_Shallow,2035,26.5,,MEUR/GW,EU REF2020 scenario: offshore shallow and near,04.09.2025,Nikita Moskalenko <nim@wip.tu-berlin.de>,
World,P_Wind_Offshore_Shallow,2040,26,,MEUR/GW,EU REF2020 scenario: offshore shallow and near,04.09.2025,Nikita Moskalenko <nim@wip.tu-berlin.de>,
World,P_Wind_Offshore_Shallow,2045,26,,MEUR/GW,EU REF2020 scenario: offshore shallow and near,04.09.2025,Nikita Moskalenko <nim@wip.tu-berlin.de>,
World,P_Wind_Offshore_Shallow,2050,26,,MEUR/GW,EU REF2020 scenario: offshore shallow and near,04.09.2025,Nikita Moskalenko <nim@wip.tu-berlin.de>,
World,P_Wind_Offshore_Shallow,2055,26,,MEUR/GW,same as 2050 for now,04.09.2025,Nikita Moskalenko <nim@wip.tu-berlin.de>,
World,P_Wind_Offshore_Shallow,2060,26,,MEUR/GW,same as 2050 for now,04.09.2025,Nikita Moskalenko <nim@wip.tu-berlin.de>,
World,P_Wind_Offshore_Transitional,2018,45,,MEUR/GW,EU REF2020 scenario: offshore: average between deep near shore and shallow distant,04.09.2025,Nikita Moskalenko <nim@wip.tu-berlin.de>,
World,P_Wind_Offshore_Transitional,2020,45,,MEUR/GW,EU REF2020 scenario: offshore: average between deep near shore and shallow distant,04.09.2025,Nikita Moskalenko <nim@wip.tu-berlin.de>,
World,P_Wind_Offshore_Transitional,2021,43.9,,MEUR/GW,EU REF2020 scenario: offshore: average between deep near shore and shallow distant,04.09.2025,Nikita Moskalenko <nim@wip.tu-berlin.de>,
World,P_Wind_Offshore_Transitional,2025,39.5,,MEUR/GW,EU REF2020 scenario: offshore: average between deep near shore and shallow distant,04.09.2025,Nikita Moskalenko <nim@wip.tu-berlin.de>,
World,P_Wind_Offshore_Transitional,2030,34,,MEUR/GW,EU REF2020 scenario: offshore: average between deep near shore and shallow distant,04.09.2025,Nikita Moskalenko <nim@wip.tu-berlin.de>,
World,P_Wind_Offshore_Transitional,2035,33,,MEUR/GW,EU REF2020 scenario: offshore: average between deep near shore and shallow distant,04.09.2025,Nikita Moskalenko <nim@wip.tu-berlin.de>,
World,P_Wind_Offshore_Transitional,2040,32,,MEUR/GW,EU REF2020 scenario: offshore: average between deep near shore and shallow distant,04.09.2025,Nikita Moskalenko <nim@wip.tu-berlin.de>,
World,P_Wind_Offshore_Transitional,2045,31.5,,MEUR/GW,EU REF2020 scenario: offshore: average between deep near shore and shallow distant,04.09.2025,Nikita Moskalenko <nim@wip.tu-berlin.de>,
World,P_Wind_Offshore_Transitional,2050,31,,MEUR/GW,EU REF2020 scenario: offshore: average between deep near shore and shallow distant,04.09.2025,Nikita Moskalenko <nim@wip.tu-berlin.de>,
World,P_Wind_Offshore_Transitional,2055,31,,MEUR/GW,same as 2050 for now,04.09.2025,Nikita Moskalenko <nim@wip.tu-berlin.de>,
World,P_Wind_Offshore_Transitional,2060,31,,MEUR/GW,same as 2050 for now,04.09.2025,Nikita Moskalenko <nim@wip.tu-berlin.de>,
World,P_Wind_Onshore_Avg,2018,14,,MEUR/GW,EU REF2020 scenario: onshore medium resource area,04.09.2025,Nikita Moskalenko <nim@wip.tu-berlin.de>,
World,P_Wind_Onshore_Avg,2020,14,,MEUR/GW,EU REF2020 scenario: onshore medium resource area,04.09.2025,Nikita Moskalenko <nim@wip.tu-berlin.de>,
World,P_Wind_Onshore_Avg,2021,14,,MEUR/GW,EU REF2020 scenario: onshore medium resource area,04.09.2025,Nikita Moskalenko <nim@wip.tu-berlin.de>,
World,P_Wind_Onshore_Avg,2025,14,,MEUR/GW,EU REF2020 scenario: onshore medium resource area,04.09.2025,Nikita Moskalenko <nim@wip.tu-berlin.de>,
World,P_Wind_Onshore_Avg,2030,14,,MEUR/GW,EU REF2020 scenario: onshore medium resource area,04.09.2025,Nikita Moskalenko <nim@wip.tu-berlin.de>,
World,P_Wind_Onshore_Avg,2035,13,,MEUR/GW,EU REF2020 scenario: onshore medium resource area,04.09.2025,Nikita Moskalenko <nim@wip.tu-berlin.de>,
World,P_Wind_Onshore_Avg,2040,12,,MEUR/GW,EU REF2020 scenario: onshore medium resource area,04.09.2025,Nikita Moskalenko <nim@wip.tu-berlin.de>,
World,P_Wind_Onshore_Avg,2045,12,,MEUR/GW,EU REF2020 scenario: onshore medium resource area,04.09.2025,Nikita Moskalenko <nim@wip.tu-berlin.de>,
World,P_Wind_Onshore_Avg,2050,12,,MEUR/GW,EU REF2020 scenario: onshore medium resource area,04.09.2025,Nikita Moskalenko <nim@wip.tu-berlin.de>,
World,P_Wind_Onshore_Avg,2055,12,,MEUR/GW,same as 2050 for now,04.09.2025,Nikita Moskalenko <nim@wip.tu-berlin.de>,
World,P_Wind_Onshore_Avg,2060,12,,MEUR/GW,same as 2050 for now,04.09.2025,Nikita Moskalenko <nim@wip.tu-berlin.de>,
World,P_Wind_Onshore_Inf,2018,13,,MEUR/GW,EU REF2020 scenario: onshore low resource area,04.09.2025,Nikita Moskalenko <nim@wip.tu-berlin.de>,
World,P_Wind_Onshore_Inf,2020,13,,MEUR/GW,EU REF2020 scenario: onshore low resource area,04.09.2025,Nikita Moskalenko <nim@wip.tu-berlin.de>,
World,P_Wind_Onshore_Inf,2021,13,,MEUR/GW,EU REF2020 scenario: onshore low resource area,04.09.2025,Nikita Moskalenko <nim@wip.tu-berlin.de>,
World,P_Wind_Onshore_Inf,2025,13,,MEUR/GW,EU REF2020 scenario: onshore low resource area,04.09.2025,Nikita Moskalenko <nim@wip.tu-berlin.de>,
World,P_Wind_Onshore_Inf,2030,13,,MEUR/GW,EU REF2020 scenario: onshore low resource area,04.09.2025,Nikita Moskalenko <nim@wip.tu-berlin.de>,
World,P_Wind_Onshore_Inf,2035,12.5,,MEUR/GW,EU REF2020 scenario: onshore low resource area,04.09.2025,Nikita Moskalenko <nim@wip.tu-berlin.de>,
World,P_Wind_Onshore_Inf,2040,12,,MEUR/GW,EU REF2020 scenario: onshore low resource area,04.09.2025,Nikita Moskalenko <nim@wip.tu-berlin.de>,
World,P_Wind_Onshore_Inf,2045,12,,MEUR/GW,EU REF2020 scenario: onshore low resource area,04.09.2025,Nikita Moskalenko <nim@wip.tu-berlin.de>,
World,P_Wind_Onshore_Inf,2050,12,,MEUR/GW,EU REF2020 scenario: onshore low resource area,04.09.2025,Nikita Moskalenko <nim@wip.tu-berlin.de>,
World,P_Wind_Onshore_Inf,2055,12,,MEUR/GW,same as 2050 for now,04.09.2025,Nikita Moskalenko <nim@wip.tu-berlin.de>,
World,P_Wind_Onshore_Inf,2060,12,,MEUR/GW,same as 2050 for now,04.09.2025,Nikita Moskalenko <nim@wip.tu-berlin.de>,
World,P_Wind_Onshore_Opt,2018,22,,MEUR/GW,EU REF2020 scenario: onshore high resource area,04.09.2025,Nikita Moskalenko <nim@wip.tu-berlin.de>,
World,P_Wind_Onshore_Opt,2020,22,,MEUR/GW,EU REF2020 scenario: onshore high resource area,04.09.2025,Nikita Moskalenko <nim@wip.tu-berlin.de>,
World,P_Wind_Onshore_Opt,2021,21.9,,MEUR/GW,EU REF2020 scenario: onshore high resource area,04.09.2025,Nikita Moskalenko <nim@wip.tu-berlin.de>,
World,P_Wind_Onshore_Opt,2025,21.5,,MEUR/GW,EU REF2020 scenario: onshore high resource area,04.09.2025,Nikita Moskalenko <nim@wip.tu-berlin.de>,
World,P_Wind_Onshore_Opt,2030,21,,MEUR/GW,EU REF2020 scenario: onshore high resource area,04.09.2025,Nikita Moskalenko <nim@wip.tu-berlin.de>,
World,P_Wind_Onshore_Opt,2035,20.5,,MEUR/GW,EU REF2020 scenario: onshore high resource area,04.09.2025,Nikita Moskalenko <nim@wip.tu-berlin.de>,
World,P_Wind_Onshore_Opt,2040,20,,MEUR/GW,EU REF2020 scenario: onshore high resource area,04.09.2025,Nikita Moskalenko <nim@wip.tu-berlin.de>,
World,P_Wind_Onshore_Opt,2045,20,,MEUR/GW,EU REF2020 scenario: onshore high resource area,04.09.2025,Nikita Moskalenko <nim@wip.tu-berlin.de>,
World,P_Wind_Onshore_Opt,2050,20,,MEUR/GW,EU REF2020 scenario: onshore high resource area,04.09.2025,Nikita Moskalenko <nim@wip.tu-berlin.de>,
World,P_Wind_Onshore_Opt,2055,20,,MEUR/GW,same as 2050 for now,04.09.2025,Nikita Moskalenko <nim@wip.tu-berlin.de>,
World,P_Wind_Onshore_Opt,2060,20,,MEUR/GW,same as 2050 for now,04.09.2025,Nikita Moskalenko <nim@wip.tu-berlin.de>,
World,R_Biogas,2018,0.01,,MEUR/GW,assumption: only variable costs,20.06.2025,Nikita Moskalenko <nim@wip.tu-berlin.de>,
World,R_Biogas,2020,0.01,,MEUR/GW,assumption: only variable costs,20.06.2025,Nikita Moskalenko <nim@wip.tu-berlin.de>,
World,R_Biogas,2021,0.01,,MEUR/GW,assumption: only variable costs,20.06.2025,Nikita Moskalenko <nim@wip.tu-berlin.de>,
World,R_Biogas,2025,0.01,,MEUR/GW,assumption: only variable costs,20.06.2025,Nikita Moskalenko <nim@wip.tu-berlin.de>,
World,R_Biogas,2030,0.01,,MEUR/GW,assumption: only variable costs,20.06.2025,Nikita Moskalenko <nim@wip.tu-berlin.de>,
World,R_Biogas,2035,0.01,,MEUR/GW,assumption: only variable costs,20.06.2025,Nikita Moskalenko <nim@wip.tu-berlin.de>,
World,R_Biogas,2040,0.01,,MEUR/GW,assumption: only variable costs,20.06.2025,Nikita Moskalenko <nim@wip.tu-berlin.de>,
World,R_Biogas,2045,0.01,,MEUR/GW,assumption: only variable costs,20.06.2025,Nikita Moskalenko <nim@wip.tu-berlin.de>,
World,R_Biogas,2050,0.01,,MEUR/GW,assumption: only variable costs,20.06.2025,Nikita Moskalenko <nim@wip.tu-berlin.de>,
World,R_Biogas,2055,0.01,,MEUR/GW,assumption: only variable costs,20.06.2025,Nikita Moskalenko <nim@wip.tu-berlin.de>,
World,R_Biogas,2060,0.01,,MEUR/GW,assumption: only variable costs,20.06.2025,Nikita Moskalenko <nim@wip.tu-berlin.de>,
World,R_Grass,2018,0.01,,MEUR/GW,assumption: only variable costs,20.06.2025,Nikita Moskalenko <nim@wip.tu-berlin.de>,
World,R_Grass,2020,0.01,,MEUR/GW,assumption: only variable costs,20.06.2025,Nikita Moskalenko <nim@wip.tu-berlin.de>,
World,R_Grass,2021,0.01,,MEUR/GW,assumption: only variable costs,20.06.2025,Nikita Moskalenko <nim@wip.tu-berlin.de>,
World,R_Grass,2025,0.01,,MEUR/GW,assumption: only variable costs,20.06.2025,Nikita Moskalenko <nim@wip.tu-berlin.de>,
World,R_Grass,2030,0.01,,MEUR/GW,assumption: only variable costs,20.06.2025,Nikita Moskalenko <nim@wip.tu-berlin.de>,
World,R_Grass,2035,0.01,,MEUR/GW,assumption: only variable costs,20.06.2025,Nikita Moskalenko <nim@wip.tu-berlin.de>,
World,R_Grass,2040,0.01,,MEUR/GW,assumption: only variable costs,20.06.2025,Nikita Moskalenko <nim@wip.tu-berlin.de>,
World,R_Grass,2045,0.01,,MEUR/GW,assumption: only variable costs,20.06.2025,Nikita Moskalenko <nim@wip.tu-berlin.de>,
World,R_Grass,2050,0.01,,MEUR/GW,assumption: only variable costs,20.06.2025,Nikita Moskalenko <nim@wip.tu-berlin.de>,
World,R_Grass,2055,0.01,,MEUR/GW,assumption: only variable costs,20.06.2025,Nikita Moskalenko <nim@wip.tu-berlin.de>,
World,R_Grass,2060,0.01,,MEUR/GW,assumption: only variable costs,20.06.2025,Nikita Moskalenko <nim@wip.tu-berlin.de>,
World,R_Paper_Cardboard,2018,0.01,,MEUR/GW,assumption: only variable costs,20.06.2025,Nikita Moskalenko <nim@wip.tu-berlin.de>,
World,R_Paper_Cardboard,2020,0.01,,MEUR/GW,assumption: only variable costs,20.06.2025,Nikita Moskalenko <nim@wip.tu-berlin.de>,
World,R_Paper_Cardboard,2021,0.01,,MEUR/GW,assumption: only variable costs,20.06.2025,Nikita Moskalenko <nim@wip.tu-berlin.de>,
World,R_Paper_Cardboard,2025,0.01,,MEUR/GW,assumption: only variable costs,20.06.2025,Nikita Moskalenko <nim@wip.tu-berlin.de>,
World,R_Paper_Cardboard,2030,0.01,,MEUR/GW,assumption: only variable costs,20.06.2025,Nikita Moskalenko <nim@wip.tu-berlin.de>,
World,R_Paper_Cardboard,2035,0.01,,MEUR/GW,assumption: only variable costs,20.06.2025,Nikita Moskalenko <nim@wip.tu-berlin.de>,
World,R_Paper_Cardboard,2040,0.01,,MEUR/GW,assumption: only variable costs,20.06.2025,Nikita Moskalenko <nim@wip.tu-berlin.de>,
World,R_Paper_Cardboard,2045,0.01,,MEUR/GW,assumption: only variable costs,20.06.2025,Nikita Moskalenko <nim@wip.tu-berlin.de>,
World,R_Paper_Cardboard,2050,0.01,,MEUR/GW,assumption: only variable costs,20.06.2025,Nikita Moskalenko <nim@wip.tu-berlin.de>,
World,R_Paper_Cardboard,2055,0.01,,MEUR/GW,assumption: only variable costs,20.06.2025,Nikita Moskalenko <nim@wip.tu-berlin.de>,
World,R_Paper_Cardboard,2060,0.01,,MEUR/GW,assumption: only variable costs,20.06.2025,Nikita Moskalenko <nim@wip.tu-berlin.de>,
World,R_Residues,2018,0.01,,MEUR/GW,assumption: only variable costs,20.06.2025,Nikita Moskalenko <nim@wip.tu-berlin.de>,
World,R_Residues,2020,0.01,,MEUR/GW,assumption: only variable costs,20.06.2025,Nikita Moskalenko <nim@wip.tu-berlin.de>,
World,R_Residues,2021,0.01,,MEUR/GW,assumption: only variable costs,20.06.2025,Nikita Moskalenko <nim@wip.tu-berlin.de>,
World,R_Residues,2025,0.01,,MEUR/GW,assumption: only variable costs,20.06.2025,Nikita Moskalenko <nim@wip.tu-berlin.de>,
World,R_Residues,2030,0.01,,MEUR/GW,assumption: only variable costs,20.06.2025,Nikita Moskalenko <nim@wip.tu-berlin.de>,
World,R_Residues,2035,0.01,,MEUR/GW,assumption: only variable costs,20.06.2025,Nikita Moskalenko <nim@wip.tu-berlin.de>,
World,R_Residues,2040,0.01,,MEUR/GW,assumption: only variable costs,20.06.2025,Nikita Moskalenko <nim@wip.tu-berlin.de>,
World,R_Residues,2045,0.01,,MEUR/GW,assumption: only variable costs,20.06.2025,Nikita Moskalenko <nim@wip.tu-berlin.de>,
World,R_Residues,2050,0.01,,MEUR/GW,assumption: only variable costs,20.06.2025,Nikita Moskalenko <nim@wip.tu-berlin.de>,
World,R_Residues,2055,0.01,,MEUR/GW,assumption: only variable costs,20.06.2025,Nikita Moskalenko <nim@wip.tu-berlin.de>,
World,R_Residues,2060,0.01,,MEUR/GW,assumption: only variable costs,20.06.2025,Nikita Moskalenko <nim@wip.tu-berlin.de>,
World,R_Roundwood,2018,0.01,,MEUR/GW,assumption: only variable costs,20.06.2025,Nikita Moskalenko <nim@wip.tu-berlin.de>,
World,R_Roundwood,2020,0.01,,MEUR/GW,assumption: only variable costs,20.06.2025,Nikita Moskalenko <nim@wip.tu-berlin.de>,
World,R_Roundwood,2021,0.01,,MEUR/GW,assumption: only variable costs,20.06.2025,Nikita Moskalenko <nim@wip.tu-berlin.de>,
World,R_Roundwood,2025,0.01,,MEUR/GW,assumption: only variable costs,20.06.2025,Nikita Moskalenko <nim@wip.tu-berlin.de>,
World,R_Roundwood,2030,0.01,,MEUR/GW,assumption: only variable costs,20.06.2025,Nikita Moskalenko <nim@wip.tu-berlin.de>,
World,R_Roundwood,2035,0.01,,MEUR/GW,assumption: only variable costs,20.06.2025,Nikita Moskalenko <nim@wip.tu-berlin.de>,
World,R_Roundwood,2040,0.01,,MEUR/GW,assumption: only variable costs,20.06.2025,Nikita Moskalenko <nim@wip.tu-berlin.de>,
World,R_Roundwood,2045,0.01,,MEUR/GW,assumption: only variable costs,20.06.2025,Nikita Moskalenko <nim@wip.tu-berlin.de>,
World,R_Roundwood,2050,0.01,,MEUR/GW,assumption: only variable costs,20.06.2025,Nikita Moskalenko <nim@wip.tu-berlin.de>,
World,R_Roundwood,2055,0.01,,MEUR/GW,assumption: only variable costs,20.06.2025,Nikita Moskalenko <nim@wip.tu-berlin.de>,
World,R_Roundwood,2060,0.01,,MEUR/GW,assumption: only variable costs,20.06.2025,Nikita Moskalenko <nim@wip.tu-berlin.de>,
World,R_Wood,2018,0.01,,MEUR/GW,assumption: only variable costs,20.06.2025,Nikita Moskalenko <nim@wip.tu-berlin.de>,
World,R_Wood,2020,0.01,,MEUR/GW,assumption: only variable costs,20.06.2025,Nikita Moskalenko <nim@wip.tu-berlin.de>,
World,R_Wood,2021,0.01,,MEUR/GW,assumption: only variable costs,20.06.2025,Nikita Moskalenko <nim@wip.tu-berlin.de>,
World,R_Wood,2025,0.01,,MEUR/GW,assumption: only variable costs,20.06.2025,Nikita Moskalenko <nim@wip.tu-berlin.de>,
World,R_Wood,2030,0.01,,MEUR/GW,assumption: only variable costs,20.06.2025,Nikita Moskalenko <nim@wip.tu-berlin.de>,
World,R_Wood,2035,0.01,,MEUR/GW,assumption: only variable costs,20.06.2025,Nikita Moskalenko <nim@wip.tu-berlin.de>,
World,R_Wood,2040,0.01,,MEUR/GW,assumption: only variable costs,20.06.2025,Nikita Moskalenko <nim@wip.tu-berlin.de>,
World,R_Wood,2045,0.01,,MEUR/GW,assumption: only variable costs,20.06.2025,Nikita Moskalenko <nim@wip.tu-berlin.de>,
World,R_Wood,2050,0.01,,MEUR/GW,assumption: only variable costs,20.06.2025,Nikita Moskalenko <nim@wip.tu-berlin.de>,
World,R_Wood,2055,0.01,,MEUR/GW,assumption: only variable costs,20.06.2025,Nikita Moskalenko <nim@wip.tu-berlin.de>,
World,R_Wood,2060,0.01,,MEUR/GW,assumption: only variable costs,20.06.2025,Nikita Moskalenko <nim@wip.tu-berlin.de>,
World,X_ATR_CCS,2018,24,,MEUR/GW,Hydrogen4EU (2021) 10 Annex E: Data documentation Table 21 ATR + CO2 capture large size centralized,08.10.2024,Stian Backe <stian.backe@sintef.no>,
World,X_ATR_CCS,2020,24,,MEUR/GW,Hydrogen4EU (2021) 10 Annex E: Data documentation Table 21 ATR + CO2 capture large size centralized,08.10.2024,Stian Backe <stian.backe@sintef.no>,
World,X_ATR_CCS,2021,24,,MEUR/GW,Hydrogen4EU (2021) 10 Annex E: Data documentation Table 21 ATR + CO2 capture large size centralized,08.10.2024,Stian Backe <stian.backe@sintef.no>,
World,X_ATR_CCS,2025,24,,MEUR/GW,Hydrogen4EU (2021) 10 Annex E: Data documentation Table 21 ATR + CO2 capture large size centralized,08.10.2024,Stian Backe <stian.backe@sintef.no>,
World,X_ATR_CCS,2030,21,,MEUR/GW,Hydrogen4EU (2021) 10 Annex E: Data documentation Table 21 ATR + CO2 capture large size centralized,08.10.2024,Stian Backe <stian.backe@sintef.no>,
World,X_ATR_CCS,2035,21,,MEUR/GW,Hydrogen4EU (2021) 10 Annex E: Data documentation Table 21 ATR + CO2 capture large size centralized,08.10.2024,Stian Backe <stian.backe@sintef.no>,
World,X_ATR_CCS,2040,21,,MEUR/GW,Hydrogen4EU (2021) 10 Annex E: Data documentation Table 21 ATR + CO2 capture large size centralized,08.10.2024,Stian Backe <stian.backe@sintef.no>,
World,X_ATR_CCS,2045,21,,MEUR/GW,Hydrogen4EU (2021) 10 Annex E: Data documentation Table 21 ATR + CO2 capture large size centralized,08.10.2024,Stian Backe <stian.backe@sintef.no>,
World,X_ATR_CCS,2050,21,,MEUR/GW,Hydrogen4EU (2021) 10 Annex E: Data documentation Table 21 ATR + CO2 capture large size centralized,08.10.2024,Stian Backe <stian.backe@sintef.no>,
World,X_ATR_CCS,2055,21,,MEUR/GW,same as 2050 for now,29.01.2025,Nikita Moskalenko <nim@wip.tu-berlin.de>,
World,X_ATR_CCS,2060,21,,MEUR/GW,same as 2050 for now,29.01.2025,Nikita Moskalenko <nim@wip.tu-berlin.de>,
World,X_Biofuel,2018,38,,MEUR/GW,,,,
World,X_Biofuel,2020,38,,MEUR/GW,,,,
World,X_Biofuel,2021,38,,MEUR/GW,HVO / renwable diesel- https://ens.dk/en/our-services/technology-catalogues/technology-data-renewable-fuels,02.09.2024,Alena Diesing <ad@wip.tu-berlin.de>,
World,X_Biofuel,2025,38,,MEUR/GW,HVO / renwable diesel- https://ens.dk/en/our-services/technology-catalogues/technology-data-renewable-fuels,02.09.2024,Alena Diesing <ad@wip.tu-berlin.de>,
World,X_Biofuel,2030,38,,MEUR/GW,HVO / renwable diesel- https://ens.dk/en/our-services/technology-catalogues/technology-data-renewable-fuels,02.09.2024,Alena Diesing <ad@wip.tu-berlin.de>,
World,X_Biofuel,2035,38,,MEUR/GW,HVO / renwable diesel- https://ens.dk/en/our-services/technology-catalogues/technology-data-renewable-fuels,02.09.2024,Alena Diesing <ad@wip.tu-berlin.de>,
World,X_Biofuel,2040,38,,MEUR/GW,HVO / renwable diesel- https://ens.dk/en/our-services/technology-catalogues/technology-data-renewable-fuels,02.09.2024,Alena Diesing <ad@wip.tu-berlin.de>,
World,X_Biofuel,2045,38,,MEUR/GW,HVO / renwable diesel- https://ens.dk/en/our-services/technology-catalogues/technology-data-renewable-fuels,02.09.2024,Alena Diesing <ad@wip.tu-berlin.de>,
World,X_Biofuel,2050,38,,MEUR/GW,HVO / renwable diesel- https://ens.dk/en/our-services/technology-catalogues/technology-data-renewable-fuels,02.09.2024,Alena Diesing <ad@wip.tu-berlin.de>,
World,X_Biofuel,2055,38,,MEUR/GW,same as 2050 for now,29.01.2025,Nikita Moskalenko <nim@wip.tu-berlin.de>,
World,X_Biofuel,2060,38,,MEUR/GW,same as 2050 for now,29.01.2025,Nikita Moskalenko <nim@wip.tu-berlin.de>,
World,X_DAC_HT,2018,815,,MEUR/GW,,,,
World,X_DAC_HT,2020,780.0714286,,MEUR/GW,,,,
World,X_DAC_HT,2021,,,MEUR/GW,,,,
World,X_DAC_HT,2025,545.3714286,,MEUR/GW,,,,
World,X_DAC_HT,2030,329.4,,MEUR/GW,,,,
World,X_DAC_HT,2035,266.3857143,,MEUR/GW,,,,
World,X_DAC_HT,2040,208.2142857,,MEUR/GW,,,,
World,X_DAC_HT,2045,180.8857143,,MEUR/GW,,,,
World,X_DAC_HT,2050,155.4,,MEUR/GW,,,,
World,X_DAC_HT,2055,155.4,,MEUR/GW,same as 2050 for now,29.01.2025,Nikita Moskalenko <nim@wip.tu-berlin.de>,
World,X_DAC_HT,2060,155.4,,MEUR/GW,same as 2050 for now,29.01.2025,Nikita Moskalenko <nim@wip.tu-berlin.de>,
World,X_DAC_LT,2018,730,,MEUR/GW,,,,
World,X_DAC_LT,2020,698.7142857,,MEUR/GW,,,,
World,X_DAC_LT,2021,,,MEUR/GW,,,,
World,X_DAC_LT,2025,488.2285714,,MEUR/GW,,,,
World,X_DAC_LT,2030,294.5428571,,MEUR/GW,,,,
World,X_DAC_LT,2035,238.2142857,,MEUR/GW,,,,
World,X_DAC_LT,2040,186.2142857,,MEUR/GW,,,,
World,X_DAC_LT,2045,161.9428571,,MEUR/GW,,,,
World,X_DAC_LT,2050,139.3,,MEUR/GW,,,,
World,X_DAC_LT,2055,139.3,,MEUR/GW,same as 2050 for now,29.01.2025,Nikita Moskalenko <nim@wip.tu-berlin.de>,
World,X_DAC_LT,2060,139.3,,MEUR/GW,same as 2050 for now,29.01.2025,Nikita Moskalenko <nim@wip.tu-berlin.de>,
World,X_Electrolysis,2018,48,,MEUR/GW,Hydrogen production via alkaline electrolysis for 100 MW plant (ctrl) - https://ens.dk/en/our-services/technology-catalogues/technology-data-renewable-fuels,29.08.2025,Nikita Moskalenko <nim@wip.tu-berlin.de>,
World,X_Electrolysis,2020,48,,MEUR/GW,Hydrogen production via alkaline electrolysis for 100 MW plant (ctrl) - https://ens.dk/en/our-services/technology-catalogues/technology-data-renewable-fuels,29.08.2025,Nikita Moskalenko <nim@wip.tu-berlin.de>,
World,X_Electrolysis,2021,48,,MEUR/GW,Hydrogen production via alkaline electrolysis for 100 MW plant (ctrl) - https://ens.dk/en/our-services/technology-catalogues/technology-data-renewable-fuels,29.08.2025,Nikita Moskalenko <nim@wip.tu-berlin.de>,
World,X_Electrolysis,2025,35,,MEUR/GW,Hydrogen production via alkaline electrolysis for 100 MW plant (ctrl) - https://ens.dk/en/our-services/technology-catalogues/technology-data-renewable-fuels,29.08.2025,Nikita Moskalenko <nim@wip.tu-berlin.de>,
World,X_Electrolysis,2030,22,,MEUR/GW,Hydrogen production via alkaline electrolysis for 100 MW plant (ctrl) - https://ens.dk/en/our-services/technology-catalogues/technology-data-renewable-fuels,29.08.2025,Nikita Moskalenko <nim@wip.tu-berlin.de>,
World,X_Electrolysis,2035,19.5,,MEUR/GW,Hydrogen production via alkaline electrolysis for 100 MW plant (ctrl) - https://ens.dk/en/our-services/technology-catalogues/technology-data-renewable-fuels,29.08.2025,Nikita Moskalenko <nim@wip.tu-berlin.de>,
World,X_Electrolysis,2040,17,,MEUR/GW,Hydrogen production via alkaline electrolysis for 100 MW plant (ctrl) - https://ens.dk/en/our-services/technology-catalogues/technology-data-renewable-fuels,29.08.2025,Nikita Moskalenko <nim@wip.tu-berlin.de>,
World,X_Electrolysis,2045,14.5,,MEUR/GW,Hydrogen production via alkaline electrolysis for 100 MW plant (ctrl) - https://ens.dk/en/our-services/technology-catalogues/technology-data-renewable-fuels,29.08.2025,Nikita Moskalenko <nim@wip.tu-berlin.de>,
World,X_Electrolysis,2050,12,,MEUR/GW,Hydrogen production via alkaline electrolysis for 100 MW plant (ctrl) - https://ens.dk/en/our-services/technology-catalogues/technology-data-renewable-fuels,29.08.2025,Nikita Moskalenko <nim@wip.tu-berlin.de>,
World,X_Electrolysis,2055,12,,MEUR/GW,same as 2050 for now,29.08.2025,Nikita Moskalenko <nim@wip.tu-berlin.de>,
World,X_Electrolysis,2060,12,,MEUR/GW,same as 2050 for now,29.08.2025,Nikita Moskalenko <nim@wip.tu-berlin.de>,
World,X_Fuel_Cell,2018,66.70074265,,MEUR/GW,,,,
World,X_Fuel_Cell,2020,66.70074265,,MEUR/GW,,,,
World,X_Fuel_Cell,2021,66.70074265,,MEUR/GW,Fuel cell gas- https://energy.ec.europa.eu/data-and-analysis/energy-modelling/eu-reference-scenario-2020_en,02.09.2024,Alena Diesing <ad@wip.tu-berlin.de>,
World,X_Fuel_Cell,2025,56.5288794,,MEUR/GW,Fuel cell gas- https://energy.ec.europa.eu/data-and-analysis/energy-modelling/eu-reference-scenario-2020_en,02.09.2024,Alena Diesing <ad@wip.tu-berlin.de>,
World,X_Fuel_Cell,2030,46.35701615,,MEUR/GW,Fuel cell gas- https://energy.ec.europa.eu/data-and-analysis/energy-modelling/eu-reference-scenario-2020_en,02.09.2024,Alena Diesing <ad@wip.tu-berlin.de>,
World,X_Fuel_Cell,2035,44.7146895,,MEUR/GW,Fuel cell gas- https://energy.ec.europa.eu/data-and-analysis/energy-modelling/eu-reference-scenario-2020_en,02.09.2024,Alena Diesing <ad@wip.tu-berlin.de>,
World,X_Fuel_Cell,2040,43.07236286,,MEUR/GW,Fuel cell gas- https://energy.ec.europa.eu/data-and-analysis/energy-modelling/eu-reference-scenario-2020_en,02.09.2024,Alena Diesing <ad@wip.tu-berlin.de>,
World,X_Fuel_Cell,2045,41.54640423,,MEUR/GW,Fuel cell gas- https://energy.ec.europa.eu/data-and-analysis/energy-modelling/eu-reference-scenario-2020_en,02.09.2024,Alena Diesing <ad@wip.tu-berlin.de>,
World,X_Fuel_Cell,2050,40.02044559,,MEUR/GW,Fuel cell gas- https://energy.ec.europa.eu/data-and-analysis/energy-modelling/eu-reference-scenario-2020_en,02.09.2024,Alena Diesing <ad@wip.tu-berlin.de>,
World,X_Fuel_Cell,2055,40.02044559,,MEUR/GW,same as 2050 for now,29.01.2025,Nikita Moskalenko <nim@wip.tu-berlin.de>,
World,X_Fuel_Cell,2060,40.02044559,,MEUR/GW,same as 2050 for now,29.01.2025,Nikita Moskalenko <nim@wip.tu-berlin.de>,
World,X_Gasifier,2018,5,,MEUR/GW,EU reference scenario 2020 - Regasification Plant including LNG storage  (per 1 kW or 1 MWh gas HHV),08.10.2024,Stian Backe <stian.backe@sintef.no>,
World,X_Gasifier,2020,5,,MEUR/GW,EU reference scenario 2020 - Regasification Plant including LNG storage  (per 1 kW or 1 MWh gas HHV),08.10.2024,Stian Backe <stian.backe@sintef.no>,
World,X_Gasifier,2021,5,,MEUR/GW,EU reference scenario 2020 - Regasification Plant including LNG storage  (per 1 kW or 1 MWh gas HHV),08.10.2024,Stian Backe <stian.backe@sintef.no>,
World,X_Gasifier,2025,5,,MEUR/GW,EU reference scenario 2020 - Regasification Plant including LNG storage  (per 1 kW or 1 MWh gas HHV),08.10.2024,Stian Backe <stian.backe@sintef.no>,
World,X_Gasifier,2030,5,,MEUR/GW,EU reference scenario 2020 - Regasification Plant including LNG storage  (per 1 kW or 1 MWh gas HHV),08.10.2024,Stian Backe <stian.backe@sintef.no>,
World,X_Gasifier,2035,5,,MEUR/GW,EU reference scenario 2020 - Regasification Plant including LNG storage  (per 1 kW or 1 MWh gas HHV),08.10.2024,Stian Backe <stian.backe@sintef.no>,
World,X_Gasifier,2040,5,,MEUR/GW,EU reference scenario 2020 - Regasification Plant including LNG storage  (per 1 kW or 1 MWh gas HHV),08.10.2024,Stian Backe <stian.backe@sintef.no>,
World,X_Gasifier,2045,5,,MEUR/GW,EU reference scenario 2020 - Regasification Plant including LNG storage  (per 1 kW or 1 MWh gas HHV),08.10.2024,Stian Backe <stian.backe@sintef.no>,
World,X_Gasifier,2050,5,,MEUR/GW,EU reference scenario 2020 - Regasification Plant including LNG storage  (per 1 kW or 1 MWh gas HHV),08.10.2024,Stian Backe <stian.backe@sintef.no>,
World,X_Gasifier,2055,5,,MEUR/GW,same as 2050 for now,29.01.2025,Nikita Moskalenko <nim@wip.tu-berlin.de>,
World,X_Gasifier,2060,5,,MEUR/GW,same as 2050 for now,29.01.2025,Nikita Moskalenko <nim@wip.tu-berlin.de>,
World,X_Liquifier,2018,20,,MEUR/GW,,,,
World,X_Liquifier,2020,20,,MEUR/GW,,,,
World,X_Liquifier,2021,20,,MEUR/GW,Gas Liquefaction plant  - https://energy.ec.europa.eu/data-and-analysis/energy-modelling/eu-reference-scenario-2020_en,04.09.2024,Alena Diesing <ad@wip.tu-berlin.de>,
World,X_Liquifier,2025,20,,MEUR/GW,Gas Liquefaction plant  - https://energy.ec.europa.eu/data-and-analysis/energy-modelling/eu-reference-scenario-2020_en,04.09.2024,Alena Diesing <ad@wip.tu-berlin.de>,
World,X_Liquifier,2030,20,,MEUR/GW,Gas Liquefaction plant  - https://energy.ec.europa.eu/data-and-analysis/energy-modelling/eu-reference-scenario-2020_en,04.09.2024,Alena Diesing <ad@wip.tu-berlin.de>,
World,X_Liquifier,2035,20,,MEUR/GW,Gas Liquefaction plant  - https://energy.ec.europa.eu/data-and-analysis/energy-modelling/eu-reference-scenario-2020_en,04.09.2024,Alena Diesing <ad@wip.tu-berlin.de>,
World,X_Liquifier,2040,20,,MEUR/GW,Gas Liquefaction plant  - https://energy.ec.europa.eu/data-and-analysis/energy-modelling/eu-reference-scenario-2020_en,04.09.2024,Alena Diesing <ad@wip.tu-berlin.de>,
World,X_Liquifier,2045,20,,MEUR/GW,Gas Liquefaction plant  - https://energy.ec.europa.eu/data-and-analysis/energy-modelling/eu-reference-scenario-2020_en,04.09.2024,Alena Diesing <ad@wip.tu-berlin.de>,
World,X_Liquifier,2050,20,,MEUR/GW,Gas Liquefaction plant  - https://energy.ec.europa.eu/data-and-analysis/energy-modelling/eu-reference-scenario-2020_en,04.09.2024,Alena Diesing <ad@wip.tu-berlin.de>,
World,X_Liquifier,2055,20,,MEUR/GW,same as 2050 for now,29.01.2025,Nikita Moskalenko <nim@wip.tu-berlin.de>,
World,X_Liquifier,2060,20,,MEUR/GW,same as 2050 for now,29.01.2025,Nikita Moskalenko <nim@wip.tu-berlin.de>,
World,X_Methanation,2018,42,,MEUR/GW,EU reference scenario 2020 - Methanation  (per 1 kW or 1 MWh CH4 HHV),09.10.2024,Stian Backe <stian.backe@sintef.no>,
World,X_Methanation,2020,42,,MEUR/GW,EU reference scenario 2020 - Methanation  (per 1 kW or 1 MWh CH4 HHV),09.10.2024,Stian Backe <stian.backe@sintef.no>,
World,X_Methanation,2021,42,,MEUR/GW,EU reference scenario 2020 - Methanation  (per 1 kW or 1 MWh CH4 HHV),09.10.2024,Stian Backe <stian.backe@sintef.no>,
World,X_Methanation,2025,32,,MEUR/GW,EU reference scenario 2020 - Methanation  (per 1 kW or 1 MWh CH4 HHV),09.10.2024,Stian Backe <stian.backe@sintef.no>,
World,X_Methanation,2030,22,,MEUR/GW,EU reference scenario 2020 - Methanation  (per 1 kW or 1 MWh CH4 HHV),09.10.2024,Stian Backe <stian.backe@sintef.no>,
World,X_Methanation,2035,18.75,,MEUR/GW,EU reference scenario 2020 - Methanation  (per 1 kW or 1 MWh CH4 HHV),09.10.2024,Stian Backe <stian.backe@sintef.no>,
World,X_Methanation,2040,15.5,,MEUR/GW,EU reference scenario 2020 - Methanation  (per 1 kW or 1 MWh CH4 HHV),09.10.2024,Stian Backe <stian.backe@sintef.no>,
World,X_Methanation,2045,12.25,,MEUR/GW,EU reference scenario 2020 - Methanation  (per 1 kW or 1 MWh CH4 HHV),09.10.2024,Stian Backe <stian.backe@sintef.no>,
World,X_Methanation,2050,9,,MEUR/GW,EU reference scenario 2020 - Methanation  (per 1 kW or 1 MWh CH4 HHV),09.10.2024,Stian Backe <stian.backe@sintef.no>,
World,X_Methanation,2055,9,,MEUR/GW,same as 2050 for now,29.01.2025,Nikita Moskalenko <nim@wip.tu-berlin.de>,
World,X_Methanation,2060,9,,MEUR/GW,same as 2050 for now,29.01.2025,Nikita Moskalenko <nim@wip.tu-berlin.de>,
World,X_Powerfuel,2018,232.6549056,,MEUR/GW,,,,
World,X_Powerfuel,2020,232.6549056,,MEUR/GW,,,,
World,X_Powerfuel,2021,232.6549056,,MEUR/GW,Power to Jet Fuel- https://ens.dk/en/our-services/technology-catalogues/technology-data-renewable-fuels,04.09.2024,Alena Diesing <ad@wip.tu-berlin.de>,
World,X_Powerfuel,2025,186.1239245,,MEUR/GW,Power to Jet Fuel- https://ens.dk/en/our-services/technology-catalogues/technology-data-renewable-fuels,04.09.2024,Alena Diesing <ad@wip.tu-berlin.de>,
World,X_Powerfuel,2030,139.5929434,,MEUR/GW,Power to Jet Fuel- https://ens.dk/en/our-services/technology-catalogues/technology-data-renewable-fuels,04.09.2024,Alena Diesing <ad@wip.tu-berlin.de>,
World,X_Powerfuel,2035,116.3274528,,MEUR/GW,Power to Jet Fuel- https://ens.dk/en/our-services/technology-catalogues/technology-data-renewable-fuels,04.09.2024,Alena Diesing <ad@wip.tu-berlin.de>,
World,X_Powerfuel,2040,93.06196224,,MEUR/GW,Power to Jet Fuel- https://ens.dk/en/our-services/technology-catalogues/technology-data-renewable-fuels,04.09.2024,Alena Diesing <ad@wip.tu-berlin.de>,
World,X_Powerfuel,2045,69.79647168,,MEUR/GW,Power to Jet Fuel- https://ens.dk/en/our-services/technology-catalogues/technology-data-renewable-fuels,04.09.2024,Alena Diesing <ad@wip.tu-berlin.de>,
World,X_Powerfuel,2050,46.53098112,,MEUR/GW,Power to Jet Fuel- https://ens.dk/en/our-services/technology-catalogues/technology-data-renewable-fuels,04.09.2024,Alena Diesing <ad@wip.tu-berlin.de>,
World,X_Powerfuel,2055,46.53098112,,MEUR/GW,same as 2050 for now,29.01.2025,Nikita Moskalenko <nim@wip.tu-berlin.de>,
World,X_Powerfuel,2060,46.53098112,,MEUR/GW,same as 2050 for now,29.01.2025,Nikita Moskalenko <nim@wip.tu-berlin.de>,
World,X_SMR,2018,45.25,,MEUR/GW,,,,
World,X_SMR,2020,45.25,,MEUR/GW,,,,
World,X_SMR,2021,45.25,,MEUR/GW,"Hydrogen4EU (2021) 10 Annex E: Data documentation Table 21 average of SMR medium size decentralized and SMR large size, centralized",04.09.2024,Alena Diesing <ad@wip.tu-berlin.de>,
World,X_SMR,2025,39.55,,MEUR/GW,"Hydrogen4EU (2021) 10 Annex E: Data documentation Table 21 average of SMR medium size decentralized and SMR large size, centralized",04.09.2024,Alena Diesing <ad@wip.tu-berlin.de>,
World,X_SMR,2030,33.85,,MEUR/GW,"Hydrogen4EU (2021) 10 Annex E: Data documentation Table 21 average of SMR medium size decentralized and SMR large size, centralized",04.09.2024,Alena Diesing <ad@wip.tu-berlin.de>,
World,X_SMR,2035,33.85,,MEUR/GW,"Hydrogen4EU (2021) 10 Annex E: Data documentation Table 21 average of SMR medium size decentralized and SMR large size, centralized",04.09.2024,Alena Diesing <ad@wip.tu-berlin.de>,
World,X_SMR,2040,33.85,,MEUR/GW,"Hydrogen4EU (2021) 10 Annex E: Data documentation Table 21 average of SMR medium size decentralized and SMR large size, centralized",04.09.2024,Alena Diesing <ad@wip.tu-berlin.de>,
World,X_SMR,2045,33.85,,MEUR/GW,"Hydrogen4EU (2021) 10 Annex E: Data documentation Table 21 average of SMR medium size decentralized and SMR large size, centralized",04.09.2024,Alena Diesing <ad@wip.tu-berlin.de>,
World,X_SMR,2050,33.85,,MEUR/GW,"Hydrogen4EU (2021) 10 Annex E: Data documentation Table 21 average of SMR medium size decentralized and SMR large size, centralized",04.09.2024,Alena Diesing <ad@wip.tu-berlin.de>,
World,X_SMR,2055,33.85,,MEUR/GW,same as 2050 for now,29.01.2025,Nikita Moskalenko <nim@wip.tu-berlin.de>,
World,X_SMR,2060,33.85,,MEUR/GW,same as 2050 for now,29.01.2025,Nikita Moskalenko <nim@wip.tu-berlin.de>,
World,R_Waste,2018,0.01,,MEUR/GW,assumption: only variable costs,20.06.2025,Nikita Moskalenko <nim@wip.tu-berlin.de>,
World,R_Waste,2020,0.01,,MEUR/GW,assumption: only variable costs,20.06.2025,Nikita Moskalenko <nim@wip.tu-berlin.de>,
World,R_Waste,2021,0.01,,MEUR/GW,assumption: only variable costs,20.06.2025,Nikita Moskalenko <nim@wip.tu-berlin.de>,
World,R_Waste,2025,0.01,,MEUR/GW,assumption: only variable costs,20.06.2025,Nikita Moskalenko <nim@wip.tu-berlin.de>,
World,R_Waste,2030,0.01,,MEUR/GW,assumption: only variable costs,20.06.2025,Nikita Moskalenko <nim@wip.tu-berlin.de>,
World,R_Waste,2035,0.01,,MEUR/GW,assumption: only variable costs,20.06.2025,Nikita Moskalenko <nim@wip.tu-berlin.de>,
World,R_Waste,2040,0.01,,MEUR/GW,assumption: only variable costs,20.06.2025,Nikita Moskalenko <nim@wip.tu-berlin.de>,
World,R_Waste,2045,0.01,,MEUR/GW,assumption: only variable costs,20.06.2025,Nikita Moskalenko <nim@wip.tu-berlin.de>,
World,R_Waste,2050,0.01,,MEUR/GW,assumption: only variable costs,20.06.2025,Nikita Moskalenko <nim@wip.tu-berlin.de>,
World,R_Waste,2055,0.01,,MEUR/GW,assumption: only variable costs,20.06.2025,Nikita Moskalenko <nim@wip.tu-berlin.de>,
World,R_Waste,2060,0.01,,MEUR/GW,assumption: only variable costs,20.06.2025,Nikita Moskalenko <nim@wip.tu-berlin.de>,
World,CHP_Biomass_Solid,2026,71.622,,MEUR/GW,interpolated,,,
World,CHP_Biomass_Solid,2027,70.909,,MEUR/GW,interpolated,,,
World,CHP_Biomass_Solid,2028,70.196,,MEUR/GW,interpolated,,,
World,CHP_Biomass_Solid,2029,69.483,,MEUR/GW,interpolated,,,
World,CHP_Biomass_Solid,2031,68.218,,MEUR/GW,interpolated,,,
World,CHP_Biomass_Solid,2032,67.666,,MEUR/GW,interpolated,,,
World,CHP_Biomass_Solid,2033,67.114,,MEUR/GW,interpolated,,,
World,CHP_Biomass_Solid,2034,66.562,,MEUR/GW,interpolated,,,
World,CHP_Biomass_Solid,2036,65.458,,MEUR/GW,interpolated,,,
World,CHP_Biomass_Solid,2037,64.906,,MEUR/GW,interpolated,,,
World,CHP_Biomass_Solid,2038,64.354,,MEUR/GW,interpolated,,,
World,CHP_Biomass_Solid,2039,63.802,,MEUR/GW,interpolated,,,
World,CHP_Biomass_Solid_CCS,2026,126.055,,MEUR/GW,interpolated,,,
World,CHP_Biomass_Solid_CCS,2027,124.8,,MEUR/GW,interpolated,,,
World,CHP_Biomass_Solid_CCS,2028,123.545,,MEUR/GW,interpolated,,,
World,CHP_Biomass_Solid_CCS,2029,122.29,,MEUR/GW,interpolated,,,
World,CHP_Biomass_Solid_CCS,2031,120.064,,MEUR/GW,interpolated,,,
World,CHP_Biomass_Solid_CCS,2032,119.092,,MEUR/GW,interpolated,,,
World,CHP_Biomass_Solid_CCS,2033,118.121,,MEUR/GW,interpolated,,,
World,CHP_Biomass_Solid_CCS,2034,117.149,,MEUR/GW,interpolated,,,
World,CHP_Biomass_Solid_CCS,2036,115.206,,MEUR/GW,interpolated,,,
World,CHP_Biomass_Solid_CCS,2037,114.235,,MEUR/GW,interpolated,,,
World,CHP_Biomass_Solid_CCS,2038,113.263,,MEUR/GW,interpolated,,,
World,CHP_Biomass_Solid_CCS,2039,112.292,,MEUR/GW,interpolated,,,
World,CHP_Coal_Hardcoal,2026,46.7,,MEUR/GW,interpolated,08.09.2023,Luka Garibashvili <lukaga@stud.ntnu.no>,
World,CHP_Coal_Hardcoal,2027,46.7,,MEUR/GW,interpolated,08.09.2023,Luka Garibashvili <lukaga@stud.ntnu.no>,
World,CHP_Coal_Hardcoal,2028,46.7,,MEUR/GW,interpolated,08.09.2023,Luka Garibashvili <lukaga@stud.ntnu.no>,
World,CHP_Coal_Hardcoal,2029,46.7,,MEUR/GW,interpolated,08.09.2023,Luka Garibashvili <lukaga@stud.ntnu.no>,
World,CHP_Coal_Hardcoal,2031,46.7,,MEUR/GW,interpolated,08.09.2023,Luka Garibashvili <lukaga@stud.ntnu.no>,
World,CHP_Coal_Hardcoal,2032,46.7,,MEUR/GW,interpolated,08.09.2023,Luka Garibashvili <lukaga@stud.ntnu.no>,
World,CHP_Coal_Hardcoal,2033,46.7,,MEUR/GW,interpolated,08.09.2023,Luka Garibashvili <lukaga@stud.ntnu.no>,
World,CHP_Coal_Hardcoal,2034,46.7,,MEUR/GW,interpolated,08.09.2023,Luka Garibashvili <lukaga@stud.ntnu.no>,
World,CHP_Coal_Hardcoal,2036,46.7,,MEUR/GW,interpolated,08.09.2023,Luka Garibashvili <lukaga@stud.ntnu.no>,
World,CHP_Coal_Hardcoal,2037,46.7,,MEUR/GW,interpolated,08.09.2023,Luka Garibashvili <lukaga@stud.ntnu.no>,
World,CHP_Coal_Hardcoal,2038,46.7,,MEUR/GW,interpolated,08.09.2023,Luka Garibashvili <lukaga@stud.ntnu.no>,
World,CHP_Coal_Hardcoal,2039,46.7,,MEUR/GW,interpolated,08.09.2023,Luka Garibashvili <lukaga@stud.ntnu.no>,
World,CHP_Coal_Hardcoal_CCS,2026,76.121,,MEUR/GW,interpolated,,,
World,CHP_Coal_Hardcoal_CCS,2027,76.121,,MEUR/GW,interpolated,,,
World,CHP_Coal_Hardcoal_CCS,2028,76.121,,MEUR/GW,interpolated,,,
World,CHP_Coal_Hardcoal_CCS,2029,76.121,,MEUR/GW,interpolated,,,
World,CHP_Coal_Hardcoal_CCS,2031,76.121,,MEUR/GW,interpolated,,,
World,CHP_Coal_Hardcoal_CCS,2032,76.121,,MEUR/GW,interpolated,,,
World,CHP_Coal_Hardcoal_CCS,2033,76.121,,MEUR/GW,interpolated,,,
World,CHP_Coal_Hardcoal_CCS,2034,76.121,,MEUR/GW,interpolated,,,
World,CHP_Coal_Hardcoal_CCS,2036,76.121,,MEUR/GW,interpolated,,,
World,CHP_Coal_Hardcoal_CCS,2037,76.121,,MEUR/GW,interpolated,,,
World,CHP_Coal_Hardcoal_CCS,2038,76.121,,MEUR/GW,interpolated,,,
World,CHP_Coal_Hardcoal_CCS,2039,76.121,,MEUR/GW,interpolated,,,
World,CHP_Coal_Lignite,2026,46.7,,MEUR/GW,interpolated,,,
World,CHP_Coal_Lignite,2027,46.7,,MEUR/GW,interpolated,,,
World,CHP_Coal_Lignite,2028,46.7,,MEUR/GW,interpolated,,,
World,CHP_Coal_Lignite,2029,46.7,,MEUR/GW,interpolated,,,
World,CHP_Coal_Lignite,2031,46.7,,MEUR/GW,interpolated,,,
World,CHP_Coal_Lignite,2032,46.7,,MEUR/GW,interpolated,,,
World,CHP_Coal_Lignite,2033,46.7,,MEUR/GW,interpolated,,,
World,CHP_Coal_Lignite,2034,46.7,,MEUR/GW,interpolated,,,
World,CHP_Coal_Lignite,2036,46.7,,MEUR/GW,interpolated,,,
World,CHP_Coal_Lignite,2037,46.7,,MEUR/GW,interpolated,,,
World,CHP_Coal_Lignite,2038,46.7,,MEUR/GW,interpolated,,,
World,CHP_Coal_Lignite,2039,46.7,,MEUR/GW,interpolated,,,
World,CHP_Coal_Lignite_CCS,2026,76.121,,MEUR/GW,interpolated,,,
World,CHP_Coal_Lignite_CCS,2027,76.121,,MEUR/GW,interpolated,,,
World,CHP_Coal_Lignite_CCS,2028,76.121,,MEUR/GW,interpolated,,,
World,CHP_Coal_Lignite_CCS,2029,76.121,,MEUR/GW,interpolated,,,
World,CHP_Coal_Lignite_CCS,2031,76.121,,MEUR/GW,interpolated,,,
World,CHP_Coal_Lignite_CCS,2032,76.121,,MEUR/GW,interpolated,,,
World,CHP_Coal_Lignite_CCS,2033,76.121,,MEUR/GW,interpolated,,,
World,CHP_Coal_Lignite_CCS,2034,76.121,,MEUR/GW,interpolated,,,
World,CHP_Coal_Lignite_CCS,2036,76.121,,MEUR/GW,interpolated,,,
World,CHP_Coal_Lignite_CCS,2037,76.121,,MEUR/GW,interpolated,,,
World,CHP_Coal_Lignite_CCS,2038,76.121,,MEUR/GW,interpolated,,,
World,CHP_Coal_Lignite_CCS,2039,76.121,,MEUR/GW,interpolated,,,
World,CHP_Gas_CCGT_Biogas,2026,38.766,,MEUR/GW,interpolated,,,
World,CHP_Gas_CCGT_Biogas,2027,38.727,,MEUR/GW,interpolated,,,
World,CHP_Gas_CCGT_Biogas,2028,38.688,,MEUR/GW,interpolated,,,
World,CHP_Gas_CCGT_Biogas,2029,38.649,,MEUR/GW,interpolated,,,
World,CHP_Gas_CCGT_Biogas,2031,38.571,,MEUR/GW,interpolated,,,
World,CHP_Gas_CCGT_Biogas,2032,38.532,,MEUR/GW,interpolated,,,
World,CHP_Gas_CCGT_Biogas,2033,38.493,,MEUR/GW,interpolated,,,
World,CHP_Gas_CCGT_Biogas,2034,38.454,,MEUR/GW,interpolated,,,
World,CHP_Gas_CCGT_Biogas,2036,38.376,,MEUR/GW,interpolated,,,
World,CHP_Gas_CCGT_Biogas,2037,38.337,,MEUR/GW,interpolated,,,
World,CHP_Gas_CCGT_Biogas,2038,38.298,,MEUR/GW,interpolated,,,
World,CHP_Gas_CCGT_Biogas,2039,38.259,,MEUR/GW,interpolated,,,
World,CHP_Gas_CCGT_Biogas_CCS,2026,68.64,,MEUR/GW,interpolated,,,
World,CHP_Gas_CCGT_Biogas_CCS,2027,68.64,,MEUR/GW,interpolated,,,
World,CHP_Gas_CCGT_Biogas_CCS,2028,68.64,,MEUR/GW,interpolated,,,
World,CHP_Gas_CCGT_Biogas_CCS,2029,68.64,,MEUR/GW,interpolated,,,
World,CHP_Gas_CCGT_Biogas_CCS,2031,68.64,,MEUR/GW,interpolated,,,
World,CHP_Gas_CCGT_Biogas_CCS,2032,68.64,,MEUR/GW,interpolated,,,
World,CHP_Gas_CCGT_Biogas_CCS,2033,68.64,,MEUR/GW,interpolated,,,
World,CHP_Gas_CCGT_Biogas_CCS,2034,68.64,,MEUR/GW,interpolated,,,
World,CHP_Gas_CCGT_Biogas_CCS,2036,68.64,,MEUR/GW,interpolated,,,
World,CHP_Gas_CCGT_Biogas_CCS,2037,68.64,,MEUR/GW,interpolated,,,
World,CHP_Gas_CCGT_Biogas_CCS,2038,68.64,,MEUR/GW,interpolated,,,
World,CHP_Gas_CCGT_Biogas_CCS,2039,68.64,,MEUR/GW,interpolated,,,
World,CHP_Gas_CCGT_Natural,2026,38.766,,MEUR/GW,interpolated,,,
World,CHP_Gas_CCGT_Natural,2027,38.727,,MEUR/GW,interpolated,,,
World,CHP_Gas_CCGT_Natural,2028,38.688,,MEUR/GW,interpolated,,,
World,CHP_Gas_CCGT_Natural,2029,38.649,,MEUR/GW,interpolated,,,
World,CHP_Gas_CCGT_Natural,2031,38.571,,MEUR/GW,interpolated,,,
World,CHP_Gas_CCGT_Natural,2032,38.532,,MEUR/GW,interpolated,,,
World,CHP_Gas_CCGT_Natural,2033,38.493,,MEUR/GW,interpolated,,,
World,CHP_Gas_CCGT_Natural,2034,38.454,,MEUR/GW,interpolated,,,
World,CHP_Gas_CCGT_Natural,2036,38.376,,MEUR/GW,interpolated,,,
World,CHP_Gas_CCGT_Natural,2037,38.337,,MEUR/GW,interpolated,,,
World,CHP_Gas_CCGT_Natural,2038,38.298,,MEUR/GW,interpolated,,,
World,CHP_Gas_CCGT_Natural,2039,38.259,,MEUR/GW,interpolated,,,
World,CHP_Gas_CCGT_Natural_CCS,2026,68.64,,MEUR/GW,interpolated,,,
World,CHP_Gas_CCGT_Natural_CCS,2027,68.64,,MEUR/GW,interpolated,,,
World,CHP_Gas_CCGT_Natural_CCS,2028,68.64,,MEUR/GW,interpolated,,,
World,CHP_Gas_CCGT_Natural_CCS,2029,68.64,,MEUR/GW,interpolated,,,
World,CHP_Gas_CCGT_Natural_CCS,2031,68.64,,MEUR/GW,interpolated,,,
World,CHP_Gas_CCGT_Natural_CCS,2032,68.64,,MEUR/GW,interpolated,,,
World,CHP_Gas_CCGT_Natural_CCS,2033,68.64,,MEUR/GW,interpolated,,,
World,CHP_Gas_CCGT_Natural_CCS,2034,68.64,,MEUR/GW,interpolated,,,
World,CHP_Gas_CCGT_Natural_CCS,2036,68.64,,MEUR/GW,interpolated,,,
World,CHP_Gas_CCGT_Natural_CCS,2037,68.64,,MEUR/GW,interpolated,,,
World,CHP_Gas_CCGT_Natural_CCS,2038,68.64,,MEUR/GW,interpolated,,,
World,CHP_Gas_CCGT_Natural_CCS,2039,68.64,,MEUR/GW,interpolated,,,
World,CHP_Gas_CCGT_SynGas,2026,38.766,,MEUR/GW,interpolated,,,
World,CHP_Gas_CCGT_SynGas,2027,38.727,,MEUR/GW,interpolated,,,
World,CHP_Gas_CCGT_SynGas,2028,38.688,,MEUR/GW,interpolated,,,
World,CHP_Gas_CCGT_SynGas,2029,38.649,,MEUR/GW,interpolated,,,
World,CHP_Gas_CCGT_SynGas,2031,38.571,,MEUR/GW,interpolated,,,
World,CHP_Gas_CCGT_SynGas,2032,38.532,,MEUR/GW,interpolated,,,
World,CHP_Gas_CCGT_SynGas,2033,38.493,,MEUR/GW,interpolated,,,
World,CHP_Gas_CCGT_SynGas,2034,38.454,,MEUR/GW,interpolated,,,
World,CHP_Gas_CCGT_SynGas,2036,38.376,,MEUR/GW,interpolated,,,
World,CHP_Gas_CCGT_SynGas,2037,38.337,,MEUR/GW,interpolated,,,
World,CHP_Gas_CCGT_SynGas,2038,38.298,,MEUR/GW,interpolated,,,
World,CHP_Gas_CCGT_SynGas,2039,38.259,,MEUR/GW,interpolated,,,
World,CHP_Hydrogen_FuelCell,2026,0.001,,MEUR/GW,interpolated,,,
World,CHP_Hydrogen_FuelCell,2027,0.001,,MEUR/GW,interpolated,,,
World,CHP_Hydrogen_FuelCell,2028,0.001,,MEUR/GW,interpolated,,,
World,CHP_Hydrogen_FuelCell,2029,0.001,,MEUR/GW,interpolated,,,
World,CHP_Hydrogen_FuelCell,2031,0.001,,MEUR/GW,interpolated,,,
World,CHP_Hydrogen_FuelCell,2032,0.001,,MEUR/GW,interpolated,,,
World,CHP_Hydrogen_FuelCell,2033,0.001,,MEUR/GW,interpolated,,,
World,CHP_Hydrogen_FuelCell,2034,0.001,,MEUR/GW,interpolated,,,
World,CHP_Hydrogen_FuelCell,2036,0.001,,MEUR/GW,interpolated,,,
World,CHP_Hydrogen_FuelCell,2037,0.001,,MEUR/GW,interpolated,,,
World,CHP_Hydrogen_FuelCell,2038,0.001,,MEUR/GW,interpolated,,,
World,CHP_Hydrogen_FuelCell,2039,0.001,,MEUR/GW,interpolated,,,
World,CHP_Oil,2026,38.766,,MEUR/GW,interpolated,,,
World,CHP_Oil,2027,38.727,,MEUR/GW,interpolated,,,
World,CHP_Oil,2028,38.688,,MEUR/GW,interpolated,,,
World,CHP_Oil,2029,38.649,,MEUR/GW,interpolated,,,
World,CHP_Oil,2031,38.571,,MEUR/GW,interpolated,,,
World,CHP_Oil,2032,38.532,,MEUR/GW,interpolated,,,
World,CHP_Oil,2033,38.493,,MEUR/GW,interpolated,,,
World,CHP_Oil,2034,38.454,,MEUR/GW,interpolated,,,
World,CHP_Oil,2036,38.376,,MEUR/GW,interpolated,,,
World,CHP_Oil,2037,38.337,,MEUR/GW,interpolated,,,
World,CHP_Oil,2038,38.298,,MEUR/GW,interpolated,,,
World,CHP_Oil,2039,38.259,,MEUR/GW,interpolated,,,
World,CHP_WasteToEnergy,2026,271.48,,MEUR/GW,interpolated,13.12.2023,Frida Sather <frida.sather@sintef.no>,
World,CHP_WasteToEnergy,2027,269.54,,MEUR/GW,interpolated,13.12.2023,Frida Sather <frida.sather@sintef.no>,
World,CHP_WasteToEnergy,2028,267.6,,MEUR/GW,interpolated,13.12.2023,Frida Sather <frida.sather@sintef.no>,
World,CHP_WasteToEnergy,2029,265.66,,MEUR/GW,interpolated,13.12.2023,Frida Sather <frida.sather@sintef.no>,
World,CHP_WasteToEnergy,2031,261.792,,MEUR/GW,interpolated,13.12.2023,Frida Sather <frida.sather@sintef.no>,
World,CHP_WasteToEnergy,2032,259.864,,MEUR/GW,interpolated,13.12.2023,Frida Sather <frida.sather@sintef.no>,
World,CHP_WasteToEnergy,2033,257.936,,MEUR/GW,interpolated,13.12.2023,Frida Sather <frida.sather@sintef.no>,
World,CHP_WasteToEnergy,2034,256.008,,MEUR/GW,interpolated,13.12.2023,Frida Sather <frida.sather@sintef.no>,
World,CHP_WasteToEnergy,2036,252.152,,MEUR/GW,interpolated,13.12.2023,Frida Sather <frida.sather@sintef.no>,
World,CHP_WasteToEnergy,2037,250.225,,MEUR/GW,interpolated,13.12.2023,Frida Sather <frida.sather@sintef.no>,
World,CHP_WasteToEnergy,2038,248.298,,MEUR/GW,interpolated,13.12.2023,Frida Sather <frida.sather@sintef.no>,
World,CHP_WasteToEnergy,2039,246.37,,MEUR/GW,interpolated,13.12.2023,Frida Sather <frida.sather@sintef.no>,
World,D_HB_Tank_Small,2026,17,,MEUR/GW,interpolated,26.11.2024,Stian Backe <stian.backe@sintef.no>,
World,D_HB_Tank_Small,2027,17,,MEUR/GW,interpolated,26.11.2024,Stian Backe <stian.backe@sintef.no>,
World,D_HB_Tank_Small,2028,17,,MEUR/GW,interpolated,26.11.2024,Stian Backe <stian.backe@sintef.no>,
World,D_HB_Tank_Small,2029,17,,MEUR/GW,interpolated,26.11.2024,Stian Backe <stian.backe@sintef.no>,
World,D_HB_Tank_Small,2031,17,,MEUR/GW,interpolated,26.11.2024,Stian Backe <stian.backe@sintef.no>,
World,D_HB_Tank_Small,2032,17,,MEUR/GW,interpolated,26.11.2024,Stian Backe <stian.backe@sintef.no>,
World,D_HB_Tank_Small,2033,17,,MEUR/GW,interpolated,26.11.2024,Stian Backe <stian.backe@sintef.no>,
World,D_HB_Tank_Small,2034,17,,MEUR/GW,interpolated,26.11.2024,Stian Backe <stian.backe@sintef.no>,
World,D_HB_Tank_Small,2036,17,,MEUR/GW,interpolated,26.11.2024,Stian Backe <stian.backe@sintef.no>,
World,D_HB_Tank_Small,2037,17,,MEUR/GW,interpolated,26.11.2024,Stian Backe <stian.backe@sintef.no>,
World,D_HB_Tank_Small,2038,17,,MEUR/GW,interpolated,26.11.2024,Stian Backe <stian.backe@sintef.no>,
World,D_HB_Tank_Small,2039,17,,MEUR/GW,interpolated,26.11.2024,Stian Backe <stian.backe@sintef.no>,
World,D_HD_Pit,2026,0.46,,MEUR/GW,interpolated,26.11.2024,Stian Backe <stian.backe@sintef.no>,
World,D_HD_Pit,2027,0.46,,MEUR/GW,interpolated,26.11.2024,Stian Backe <stian.backe@sintef.no>,
World,D_HD_Pit,2028,0.46,,MEUR/GW,interpolated,26.11.2024,Stian Backe <stian.backe@sintef.no>,
World,D_HD_Pit,2029,0.46,,MEUR/GW,interpolated,26.11.2024,Stian Backe <stian.backe@sintef.no>,
World,D_HD_Pit,2031,0.46,,MEUR/GW,interpolated,26.11.2024,Stian Backe <stian.backe@sintef.no>,
World,D_HD_Pit,2032,0.46,,MEUR/GW,interpolated,26.11.2024,Stian Backe <stian.backe@sintef.no>,
World,D_HD_Pit,2033,0.46,,MEUR/GW,interpolated,26.11.2024,Stian Backe <stian.backe@sintef.no>,
World,D_HD_Pit,2034,0.46,,MEUR/GW,interpolated,26.11.2024,Stian Backe <stian.backe@sintef.no>,
World,D_HD_Pit,2036,0.46,,MEUR/GW,interpolated,26.11.2024,Stian Backe <stian.backe@sintef.no>,
World,D_HD_Pit,2037,0.46,,MEUR/GW,interpolated,26.11.2024,Stian Backe <stian.backe@sintef.no>,
World,D_HD_Pit,2038,0.46,,MEUR/GW,interpolated,26.11.2024,Stian Backe <stian.backe@sintef.no>,
World,D_HD_Pit,2039,0.46,,MEUR/GW,interpolated,26.11.2024,Stian Backe <stian.backe@sintef.no>,
World,D_HLI_Tank_Large,2026,0.53,,MEUR/GW,interpolated,26.11.2024,Stian Backe <stian.backe@sintef.no>,
World,D_HLI_Tank_Large,2027,0.53,,MEUR/GW,interpolated,26.11.2024,Stian Backe <stian.backe@sintef.no>,
World,D_HLI_Tank_Large,2028,0.53,,MEUR/GW,interpolated,26.11.2024,Stian Backe <stian.backe@sintef.no>,
World,D_HLI_Tank_Large,2029,0.53,,MEUR/GW,interpolated,26.11.2024,Stian Backe <stian.backe@sintef.no>,
World,D_HLI_Tank_Large,2031,0.53,,MEUR/GW,interpolated,26.11.2024,Stian Backe <stian.backe@sintef.no>,
World,D_HLI_Tank_Large,2032,0.53,,MEUR/GW,interpolated,26.11.2024,Stian Backe <stian.backe@sintef.no>,
World,D_HLI_Tank_Large,2033,0.53,,MEUR/GW,interpolated,26.11.2024,Stian Backe <stian.backe@sintef.no>,
World,D_HLI_Tank_Large,2034,0.53,,MEUR/GW,interpolated,26.11.2024,Stian Backe <stian.backe@sintef.no>,
World,D_HLI_Tank_Large,2036,0.53,,MEUR/GW,interpolated,26.11.2024,Stian Backe <stian.backe@sintef.no>,
World,D_HLI_Tank_Large,2037,0.53,,MEUR/GW,interpolated,26.11.2024,Stian Backe <stian.backe@sintef.no>,
World,D_HLI_Tank_Large,2038,0.53,,MEUR/GW,interpolated,26.11.2024,Stian Backe <stian.backe@sintef.no>,
World,D_HLI_Tank_Large,2039,0.53,,MEUR/GW,interpolated,26.11.2024,Stian Backe <stian.backe@sintef.no>,
World,FRT_Rail_Conv,2026,18.7116,,MEUR/Gtkm/year,interpolated,,,
World,FRT_Rail_Conv,2027,18.5067,,MEUR/Gtkm/year,interpolated,,,
World,FRT_Rail_Conv,2028,18.3017,,MEUR/Gtkm/year,interpolated,,,
World,FRT_Rail_Conv,2029,18.0968,,MEUR/Gtkm/year,interpolated,,,
World,FRT_Rail_Conv,2031,17.687,,MEUR/Gtkm/year,interpolated,,,
World,FRT_Rail_Conv,2032,17.482,,MEUR/Gtkm/year,interpolated,,,
World,FRT_Rail_Conv,2033,17.2771,,MEUR/Gtkm/year,interpolated,,,
World,FRT_Rail_Conv,2034,17.0722,,MEUR/Gtkm/year,interpolated,,,
World,FRT_Rail_Conv,2036,16.8672,,MEUR/Gtkm/year,interpolated,,,
World,FRT_Rail_Conv,2037,16.8672,,MEUR/Gtkm/year,interpolated,,,
World,FRT_Rail_Conv,2038,16.8672,,MEUR/Gtkm/year,interpolated,,,
World,FRT_Rail_Conv,2039,16.8672,,MEUR/Gtkm/year,interpolated,,,
World,FRT_Rail_Electric,2026,22.5264,,MEUR/Gtkm/year,interpolated,,,
World,FRT_Rail_Electric,2027,22.353,,MEUR/Gtkm/year,interpolated,,,
World,FRT_Rail_Electric,2028,22.1796,,MEUR/Gtkm/year,interpolated,,,
World,FRT_Rail_Electric,2029,22.0062,,MEUR/Gtkm/year,interpolated,,,
World,FRT_Rail_Electric,2031,21.6594,,MEUR/Gtkm/year,interpolated,,,
World,FRT_Rail_Electric,2032,21.486,,MEUR/Gtkm/year,interpolated,,,
World,FRT_Rail_Electric,2033,21.3126,,MEUR/Gtkm/year,interpolated,,,
World,FRT_Rail_Electric,2034,21.1392,,MEUR/Gtkm/year,interpolated,,,
World,FRT_Rail_Electric,2036,20.9658,,MEUR/Gtkm/year,interpolated,,,
World,FRT_Rail_Electric,2037,20.9658,,MEUR/Gtkm/year,interpolated,,,
World,FRT_Rail_Electric,2038,20.9658,,MEUR/Gtkm/year,interpolated,,,
World,FRT_Rail_Electric,2039,20.9658,,MEUR/Gtkm/year,interpolated,,,
World,FRT_Road_BEV,2026,35.4804,,MEUR/Gtkm/year,interpolated,,,
World,FRT_Road_BEV,2027,34.3974,,MEUR/Gtkm/year,interpolated,,,
World,FRT_Road_BEV,2028,33.3144,,MEUR/Gtkm/year,interpolated,,,
World,FRT_Road_BEV,2029,32.2315,,MEUR/Gtkm/year,interpolated,,,
World,FRT_Road_BEV,2031,30.0655,,MEUR/Gtkm/year,interpolated,,,
World,FRT_Road_BEV,2032,28.9825,,MEUR/Gtkm/year,interpolated,,,
World,FRT_Road_BEV,2033,27.8996,,MEUR/Gtkm/year,interpolated,,,
World,FRT_Road_BEV,2034,26.8166,,MEUR/Gtkm/year,interpolated,,,
World,FRT_Road_BEV,2036,25.4879,,MEUR/Gtkm/year,interpolated,,,
World,FRT_Road_BEV,2037,25.2422,,MEUR/Gtkm/year,interpolated,,,
World,FRT_Road_BEV,2038,24.9964,,MEUR/Gtkm/year,interpolated,,,
World,FRT_Road_BEV,2039,24.7507,,MEUR/Gtkm/year,interpolated,,,
World,FRT_Road_H2,2026,62.3239,,MEUR/Gtkm/year,interpolated,,,
World,FRT_Road_H2,2027,59.6684,,MEUR/Gtkm/year,interpolated,,,
World,FRT_Road_H2,2028,57.0129,,MEUR/Gtkm/year,interpolated,,,
World,FRT_Road_H2,2029,54.3574,,MEUR/Gtkm/year,interpolated,,,
World,FRT_Road_H2,2031,49.0463,,MEUR/Gtkm/year,interpolated,,,
World,FRT_Road_H2,2032,46.3908,,MEUR/Gtkm/year,interpolated,,,
World,FRT_Road_H2,2033,43.7353,,MEUR/Gtkm/year,interpolated,,,
World,FRT_Road_H2,2034,41.0798,,MEUR/Gtkm/year,interpolated,,,
World,FRT_Road_H2,2036,38.445,,MEUR/Gtkm/year,interpolated,,,
World,FRT_Road_H2,2037,38.4658,,MEUR/Gtkm/year,interpolated,,,
World,FRT_Road_H2,2038,38.4866,,MEUR/Gtkm/year,interpolated,,,
World,FRT_Road_H2,2039,38.5074,,MEUR/Gtkm/year,interpolated,,,
World,FRT_Road_ICE,2026,20.4426,,MEUR/Gtkm/year,interpolated,,,
World,FRT_Road_ICE,2027,20.2492,,MEUR/Gtkm/year,interpolated,,,
World,FRT_Road_ICE,2028,20.0559,,MEUR/Gtkm/year,interpolated,,,
World,FRT_Road_ICE,2029,19.8625,,MEUR/Gtkm/year,interpolated,,,
World,FRT_Road_ICE,2031,19.4759,,MEUR/Gtkm/year,interpolated,,,
World,FRT_Road_ICE,2032,19.2825,,MEUR/Gtkm/year,interpolated,,,
World,FRT_Road_ICE,2033,19.0892,,MEUR/Gtkm/year,interpolated,,,
World,FRT_Road_ICE,2034,18.8958,,MEUR/Gtkm/year,interpolated,,,
World,FRT_Road_ICE,2036,18.6987,,MEUR/Gtkm/year,interpolated,,,
World,FRT_Road_ICE,2037,18.6948,,MEUR/Gtkm/year,interpolated,,,
World,FRT_Road_ICE,2038,18.691,,MEUR/Gtkm/year,interpolated,,,
World,FRT_Road_ICE,2039,18.6872,,MEUR/Gtkm/year,interpolated,,,
World,FRT_Road_LNG,2026,25.9387,,MEUR/Gtkm/year,interpolated,,,
World,FRT_Road_LNG,2027,25.7453,,MEUR/Gtkm/year,interpolated,,,
World,FRT_Road_LNG,2028,25.552,,MEUR/Gtkm/year,interpolated,,,
World,FRT_Road_LNG,2029,25.3587,,MEUR/Gtkm/year,interpolated,,,
World,FRT_Road_LNG,2031,24.972,,MEUR/Gtkm/year,interpolated,,,
World,FRT_Road_LNG,2032,24.7786,,MEUR/Gtkm/year,interpolated,,,
World,FRT_Road_LNG,2033,24.5853,,MEUR/Gtkm/year,interpolated,,,
World,FRT_Road_LNG,2034,24.3919,,MEUR/Gtkm/year,interpolated,,,
World,FRT_Road_LNG,2036,24.1948,,MEUR/Gtkm/year,interpolated,,,
World,FRT_Road_LNG,2037,24.191,,MEUR/Gtkm/year,interpolated,,,
World,FRT_Road_LNG,2038,24.1872,,MEUR/Gtkm/year,interpolated,,,
World,FRT_Road_LNG,2039,24.1834,,MEUR/Gtkm/year,interpolated,,,
World,FRT_Road_OH,2026,29.337,,MEUR/Gtkm/year,interpolated,,,
World,FRT_Road_OH,2027,29.337,,MEUR/Gtkm/year,interpolated,,,
World,FRT_Road_OH,2028,29.337,,MEUR/Gtkm/year,interpolated,,,
World,FRT_Road_OH,2029,29.337,,MEUR/Gtkm/year,interpolated,,,
World,FRT_Road_OH,2031,29.337,,MEUR/Gtkm/year,interpolated,,,
World,FRT_Road_OH,2032,29.337,,MEUR/Gtkm/year,interpolated,,,
World,FRT_Road_OH,2033,29.337,,MEUR/Gtkm/year,interpolated,,,
World,FRT_Road_OH,2034,29.337,,MEUR/Gtkm/year,interpolated,,,
World,FRT_Road_OH,2036,29.2682,,MEUR/Gtkm/year,interpolated,,,
World,FRT_Road_OH,2037,29.1993,,MEUR/Gtkm/year,interpolated,,,
World,FRT_Road_OH,2038,29.1305,,MEUR/Gtkm/year,interpolated,,,
World,FRT_Road_OH,2039,29.0617,,MEUR/Gtkm/year,interpolated,,,
World,FRT_Road_PHEV,2026,21.8555,,MEUR/Gtkm/year,interpolated,,,
World,FRT_Road_PHEV,2027,21.6773,,MEUR/Gtkm/year,interpolated,,,
World,FRT_Road_PHEV,2028,21.499,,MEUR/Gtkm/year,interpolated,,,
World,FRT_Road_PHEV,2029,21.3207,,MEUR/Gtkm/year,interpolated,,,
World,FRT_Road_PHEV,2031,20.9642,,MEUR/Gtkm/year,interpolated,,,
World,FRT_Road_PHEV,2032,20.7859,,MEUR/Gtkm/year,interpolated,,,
World,FRT_Road_PHEV,2033,20.6077,,MEUR/Gtkm/year,interpolated,,,
World,FRT_Road_PHEV,2034,20.4294,,MEUR/Gtkm/year,interpolated,,,
World,FRT_Road_PHEV,2036,20.2266,,MEUR/Gtkm/year,interpolated,,,
World,FRT_Road_PHEV,2037,20.2021,,MEUR/Gtkm/year,interpolated,,,
World,FRT_Road_PHEV,2038,20.1776,,MEUR/Gtkm/year,interpolated,,,
World,FRT_Road_PHEV,2039,20.153,,MEUR/Gtkm/year,interpolated,,,
World,FRT_Ship_Bio,2026,0.751247,,MEUR/Gtkm/year,interpolated,,,
World,FRT_Ship_Bio,2027,0.750591,,MEUR/Gtkm/year,interpolated,,,
World,FRT_Ship_Bio,2028,0.749934,,MEUR/Gtkm/year,interpolated,,,
World,FRT_Ship_Bio,2029,0.749277,,MEUR/Gtkm/year,interpolated,,,
World,FRT_Ship_Bio,2031,0.747964,,MEUR/Gtkm/year,interpolated,,,
World,FRT_Ship_Bio,2032,0.747307,,MEUR/Gtkm/year,interpolated,,,
World,FRT_Ship_Bio,2033,0.746651,,MEUR/Gtkm/year,interpolated,,,
World,FRT_Ship_Bio,2034,0.745994,,MEUR/Gtkm/year,interpolated,,,
World,FRT_Ship_Bio,2036,0.745009,,MEUR/Gtkm/year,interpolated,,,
World,FRT_Ship_Bio,2037,0.744681,,MEUR/Gtkm/year,interpolated,,,
World,FRT_Ship_Bio,2038,0.744352,,MEUR/Gtkm/year,interpolated,,,
World,FRT_Ship_Bio,2039,0.744024,,MEUR/Gtkm/year,interpolated,,,
World,FRT_Ship_Conv,2026,0.751247,,MEUR/Gtkm/year,interpolated,,,
World,FRT_Ship_Conv,2027,0.750591,,MEUR/Gtkm/year,interpolated,,,
World,FRT_Ship_Conv,2028,0.749934,,MEUR/Gtkm/year,interpolated,,,
World,FRT_Ship_Conv,2029,0.749277,,MEUR/Gtkm/year,interpolated,,,
World,FRT_Ship_Conv,2031,0.747964,,MEUR/Gtkm/year,interpolated,,,
World,FRT_Ship_Conv,2032,0.747307,,MEUR/Gtkm/year,interpolated,,,
World,FRT_Ship_Conv,2033,0.746651,,MEUR/Gtkm/year,interpolated,,,
World,FRT_Ship_Conv,2034,0.745994,,MEUR/Gtkm/year,interpolated,,,
World,FRT_Ship_Conv,2036,0.745009,,MEUR/Gtkm/year,interpolated,,,
World,FRT_Ship_Conv,2037,0.744681,,MEUR/Gtkm/year,interpolated,,,
World,FRT_Ship_Conv,2038,0.744352,,MEUR/Gtkm/year,interpolated,,,
World,FRT_Ship_Conv,2039,0.744024,,MEUR/Gtkm/year,interpolated,,,
World,FRT_Ship_LNG,2026,0.833333,,MEUR/Gtkm/year,interpolated,,,
World,FRT_Ship_LNG,2027,0.832676,,MEUR/Gtkm/year,interpolated,,,
World,FRT_Ship_LNG,2028,0.83202,,MEUR/Gtkm/year,interpolated,,,
World,FRT_Ship_LNG,2029,0.831363,,MEUR/Gtkm/year,interpolated,,,
World,FRT_Ship_LNG,2031,0.83005,,MEUR/Gtkm/year,interpolated,,,
World,FRT_Ship_LNG,2032,0.829393,,MEUR/Gtkm/year,interpolated,,,
World,FRT_Ship_LNG,2033,0.828736,,MEUR/Gtkm/year,interpolated,,,
World,FRT_Ship_LNG,2034,0.82808,,MEUR/Gtkm/year,interpolated,,,
World,FRT_Ship_LNG,2036,0.827094,,MEUR/Gtkm/year,interpolated,,,
World,FRT_Ship_LNG,2037,0.826766,,MEUR/Gtkm/year,interpolated,,,
World,FRT_Ship_LNG,2038,0.826438,,MEUR/Gtkm/year,interpolated,,,
World,FRT_Ship_LNG,2039,0.826109,,MEUR/Gtkm/year,interpolated,,,
World,HB_Biomass,2026,23.1248,,MEUR/GW,interpolated,,,
World,HB_Biomass,2027,23.0693,,MEUR/GW,interpolated,,,
World,HB_Biomass,2028,23.0138,,MEUR/GW,interpolated,,,
World,HB_Biomass,2029,22.9583,,MEUR/GW,interpolated,,,
World,HB_Biomass,2031,22.801,,MEUR/GW,interpolated,,,
World,HB_Biomass,2032,22.6991,,MEUR/GW,interpolated,,,
World,HB_Biomass,2033,22.5973,,MEUR/GW,interpolated,,,
World,HB_Biomass,2034,22.4954,,MEUR/GW,interpolated,,,
World,HB_Biomass,2036,22.2918,,MEUR/GW,interpolated,,,
World,HB_Biomass,2037,22.1899,,MEUR/GW,interpolated,,,
World,HB_Biomass,2038,22.0881,,MEUR/GW,interpolated,,,
World,HB_Biomass,2039,21.9862,,MEUR/GW,interpolated,,,
World,X_Convert_HD,2026,1,,MEUR/GW,interpolated,,,
World,X_Convert_HD,2027,1,,MEUR/GW,interpolated,,,
World,X_Convert_HD,2028,1,,MEUR/GW,interpolated,,,
World,X_Convert_HD,2029,1,,MEUR/GW,interpolated,,,
World,X_Convert_HD,2031,1,,MEUR/GW,interpolated,,,
World,X_Convert_HD,2032,1,,MEUR/GW,interpolated,,,
World,X_Convert_HD,2033,1,,MEUR/GW,interpolated,,,
World,X_Convert_HD,2034,1,,MEUR/GW,interpolated,,,
World,X_Convert_HD,2036,1,,MEUR/GW,interpolated,,,
World,X_Convert_HD,2037,1,,MEUR/GW,interpolated,,,
World,X_Convert_HD,2038,1,,MEUR/GW,interpolated,,,
World,X_Convert_HD,2039,1,,MEUR/GW,interpolated,,,
World,HB_Direct_Electric,2026,4.11292,,MEUR/GW,interpolated,,,
World,HB_Direct_Electric,2027,4.07896,,MEUR/GW,interpolated,,,
World,HB_Direct_Electric,2028,4.045,,MEUR/GW,interpolated,,,
World,HB_Direct_Electric,2029,4.01104,,MEUR/GW,interpolated,,,
World,HB_Direct_Electric,2031,3.95979,,MEUR/GW,interpolated,,,
World,HB_Direct_Electric,2032,3.9425,,MEUR/GW,interpolated,,,
World,HB_Direct_Electric,2033,3.92521,,MEUR/GW,interpolated,,,
World,HB_Direct_Electric,2034,3.90792,,MEUR/GW,interpolated,,,
World,HB_Direct_Electric,2036,3.87333,,MEUR/GW,interpolated,,,
World,HB_Direct_Electric,2037,3.85604,,MEUR/GW,interpolated,,,
World,HB_Direct_Electric,2038,3.83875,,MEUR/GW,interpolated,,,
World,HB_Direct_Electric,2039,3.82146,,MEUR/GW,interpolated,,,
World,HB_Gas_Boiler,2026,13.4302,,MEUR/GW,interpolated,31.01.2025,Konstantin Loffler <kl@wip.tu-berlin.de>,
World,HB_Gas_Boiler,2027,13.4072,,MEUR/GW,interpolated,31.01.2025,Konstantin Loffler <kl@wip.tu-berlin.de>,
World,HB_Gas_Boiler,2028,13.3841,,MEUR/GW,interpolated,31.01.2025,Konstantin Loffler <kl@wip.tu-berlin.de>,
World,HB_Gas_Boiler,2029,13.3611,,MEUR/GW,interpolated,31.01.2025,Konstantin Loffler <kl@wip.tu-berlin.de>,
World,HB_Gas_Boiler,2031,13.338,,MEUR/GW,interpolated,31.01.2025,Konstantin Loffler <kl@wip.tu-berlin.de>,
World,HB_Gas_Boiler,2032,13.338,,MEUR/GW,interpolated,31.01.2025,Konstantin Loffler <kl@wip.tu-berlin.de>,
World,HB_Gas_Boiler,2033,13.338,,MEUR/GW,interpolated,31.01.2025,Konstantin Loffler <kl@wip.tu-berlin.de>,
World,HB_Gas_Boiler,2034,13.338,,MEUR/GW,interpolated,31.01.2025,Konstantin Loffler <kl@wip.tu-berlin.de>,
World,HB_Gas_Boiler,2036,13.1924,,MEUR/GW,interpolated,31.01.2025,Konstantin Loffler <kl@wip.tu-berlin.de>,
World,HB_Gas_Boiler,2037,13.0468,,MEUR/GW,interpolated,31.01.2025,Konstantin Loffler <kl@wip.tu-berlin.de>,
World,HB_Gas_Boiler,2038,12.9012,,MEUR/GW,interpolated,31.01.2025,Konstantin Loffler <kl@wip.tu-berlin.de>,
World,HB_Gas_Boiler,2039,12.7556,,MEUR/GW,interpolated,31.01.2025,Konstantin Loffler <kl@wip.tu-berlin.de>,
World,HB_Geothermal,2026,23.1603,,MEUR/GW,interpolated,,,
World,HB_Geothermal,2027,23.0327,,MEUR/GW,interpolated,,,
World,HB_Geothermal,2028,22.905,,MEUR/GW,interpolated,,,
World,HB_Geothermal,2029,22.7774,,MEUR/GW,interpolated,,,
World,HB_Geothermal,2031,22.5754,,MEUR/GW,interpolated,,,
World,HB_Geothermal,2032,22.501,,MEUR/GW,interpolated,,,
World,HB_Geothermal,2033,22.4265,,MEUR/GW,interpolated,,,
World,HB_Geothermal,2034,22.3521,,MEUR/GW,interpolated,,,
World,HB_Geothermal,2036,22.2032,,MEUR/GW,interpolated,,,
World,HB_Geothermal,2037,22.1288,,MEUR/GW,interpolated,,,
World,HB_Geothermal,2038,22.0544,,MEUR/GW,interpolated,,,
World,HB_Geothermal,2039,21.9799,,MEUR/GW,interpolated,,,
World,HB_H2_Boiler,2026,20.1454,,MEUR/GW,interpolated,31.01.2025,Konstantin Loffler <kl@wip.tu-berlin.de>,
World,HB_H2_Boiler,2027,20.1108,,MEUR/GW,interpolated,31.01.2025,Konstantin Loffler <kl@wip.tu-berlin.de>,
World,HB_H2_Boiler,2028,20.0762,,MEUR/GW,interpolated,31.01.2025,Konstantin Loffler <kl@wip.tu-berlin.de>,
World,HB_H2_Boiler,2029,20.0416,,MEUR/GW,interpolated,31.01.2025,Konstantin Loffler <kl@wip.tu-berlin.de>,
World,HB_H2_Boiler,2031,20.007,,MEUR/GW,interpolated,31.01.2025,Konstantin Loffler <kl@wip.tu-berlin.de>,
World,HB_H2_Boiler,2032,20.007,,MEUR/GW,interpolated,31.01.2025,Konstantin Loffler <kl@wip.tu-berlin.de>,
World,HB_H2_Boiler,2033,20.007,,MEUR/GW,interpolated,31.01.2025,Konstantin Loffler <kl@wip.tu-berlin.de>,
World,HB_H2_Boiler,2034,20.007,,MEUR/GW,interpolated,31.01.2025,Konstantin Loffler <kl@wip.tu-berlin.de>,
World,HB_H2_Boiler,2036,19.7886,,MEUR/GW,interpolated,31.01.2025,Konstantin Loffler <kl@wip.tu-berlin.de>,
World,HB_H2_Boiler,2037,19.5702,,MEUR/GW,interpolated,31.01.2025,Konstantin Loffler <kl@wip.tu-berlin.de>,
World,HB_H2_Boiler,2038,19.3518,,MEUR/GW,interpolated,31.01.2025,Konstantin Loffler <kl@wip.tu-berlin.de>,
World,HB_H2_Boiler,2039,19.1334,,MEUR/GW,interpolated,31.01.2025,Konstantin Loffler <kl@wip.tu-berlin.de>,
World,HB_Hardcoal,2026,1.3,,MEUR/GW,interpolated,,,
World,HB_Hardcoal,2027,1.3,,MEUR/GW,interpolated,,,
World,HB_Hardcoal,2028,1.3,,MEUR/GW,interpolated,,,
World,HB_Hardcoal,2029,1.3,,MEUR/GW,interpolated,,,
World,HB_Hardcoal,2031,1.3,,MEUR/GW,interpolated,,,
World,HB_Hardcoal,2032,1.3,,MEUR/GW,interpolated,,,
World,HB_Hardcoal,2033,1.3,,MEUR/GW,interpolated,,,
World,HB_Hardcoal,2034,1.3,,MEUR/GW,interpolated,,,
World,HB_Hardcoal,2036,1.3,,MEUR/GW,interpolated,,,
World,HB_Hardcoal,2037,1.3,,MEUR/GW,interpolated,,,
World,HB_Hardcoal,2038,1.3,,MEUR/GW,interpolated,,,
World,HB_Hardcoal,2039,1.3,,MEUR/GW,interpolated,,,
World,HB_Heatpump_Aerial,2026,28.1,,MEUR/GW,interpolated,13.12.2023,Frida Sather <frida.sather@sintef.no>,
World,HB_Heatpump_Aerial,2027,28,,MEUR/GW,interpolated,13.12.2023,Frida Sather <frida.sather@sintef.no>,
World,HB_Heatpump_Aerial,2028,27.9,,MEUR/GW,interpolated,13.12.2023,Frida Sather <frida.sather@sintef.no>,
World,HB_Heatpump_Aerial,2029,27.8,,MEUR/GW,interpolated,13.12.2023,Frida Sather <frida.sather@sintef.no>,
World,HB_Heatpump_Aerial,2031,27.62,,MEUR/GW,interpolated,13.12.2023,Frida Sather <frida.sather@sintef.no>,
World,HB_Heatpump_Aerial,2032,27.54,,MEUR/GW,interpolated,13.12.2023,Frida Sather <frida.sather@sintef.no>,
World,HB_Heatpump_Aerial,2033,27.46,,MEUR/GW,interpolated,13.12.2023,Frida Sather <frida.sather@sintef.no>,
World,HB_Heatpump_Aerial,2034,27.38,,MEUR/GW,interpolated,13.12.2023,Frida Sather <frida.sather@sintef.no>,
World,HB_Heatpump_Aerial,2036,27.22,,MEUR/GW,interpolated,13.12.2023,Frida Sather <frida.sather@sintef.no>,
World,HB_Heatpump_Aerial,2037,27.14,,MEUR/GW,interpolated,13.12.2023,Frida Sather <frida.sather@sintef.no>,
World,HB_Heatpump_Aerial,2038,27.06,,MEUR/GW,interpolated,13.12.2023,Frida Sather <frida.sather@sintef.no>,
World,HB_Heatpump_Aerial,2039,26.98,,MEUR/GW,interpolated,13.12.2023,Frida Sather <frida.sather@sintef.no>,
World,HB_Heatpump_Ground,2026,20.74,,MEUR/GW,interpolated,13.12.2023,Frida Sather <frida.sather@sintef.no>,
World,HB_Heatpump_Ground,2027,20.68,,MEUR/GW,interpolated,13.12.2023,Frida Sather <frida.sather@sintef.no>,
World,HB_Heatpump_Ground,2028,20.62,,MEUR/GW,interpolated,13.12.2023,Frida Sather <frida.sather@sintef.no>,
World,HB_Heatpump_Ground,2029,20.56,,MEUR/GW,interpolated,13.12.2023,Frida Sather <frida.sather@sintef.no>,
World,HB_Heatpump_Ground,2031,20.44,,MEUR/GW,interpolated,13.12.2023,Frida Sather <frida.sather@sintef.no>,
World,HB_Heatpump_Ground,2032,20.38,,MEUR/GW,interpolated,13.12.2023,Frida Sather <frida.sather@sintef.no>,
World,HB_Heatpump_Ground,2033,20.32,,MEUR/GW,interpolated,13.12.2023,Frida Sather <frida.sather@sintef.no>,
World,HB_Heatpump_Ground,2034,20.26,,MEUR/GW,interpolated,13.12.2023,Frida Sather <frida.sather@sintef.no>,
World,HB_Heatpump_Ground,2036,20.14,,MEUR/GW,interpolated,13.12.2023,Frida Sather <frida.sather@sintef.no>,
World,HB_Heatpump_Ground,2037,20.08,,MEUR/GW,interpolated,13.12.2023,Frida Sather <frida.sather@sintef.no>,
World,HB_Heatpump_Ground,2038,20.02,,MEUR/GW,interpolated,13.12.2023,Frida Sather <frida.sather@sintef.no>,
World,HB_Heatpump_Ground,2039,19.96,,MEUR/GW,interpolated,13.12.2023,Frida Sather <frida.sather@sintef.no>,
World,HB_Lignite,2026,1.3,,MEUR/GW,interpolated,,,
World,HB_Lignite,2027,1.3,,MEUR/GW,interpolated,,,
World,HB_Lignite,2028,1.3,,MEUR/GW,interpolated,,,
World,HB_Lignite,2029,1.3,,MEUR/GW,interpolated,,,
World,HB_Lignite,2031,1.3,,MEUR/GW,interpolated,,,
World,HB_Lignite,2032,1.3,,MEUR/GW,interpolated,,,
World,HB_Lignite,2033,1.3,,MEUR/GW,interpolated,,,
World,HB_Lignite,2034,1.3,,MEUR/GW,interpolated,,,
World,HB_Lignite,2036,1.3,,MEUR/GW,interpolated,,,
World,HB_Lignite,2037,1.3,,MEUR/GW,interpolated,,,
World,HB_Lignite,2038,1.3,,MEUR/GW,interpolated,,,
World,HB_Lignite,2039,1.3,,MEUR/GW,interpolated,,,
World,HB_Oil_Boiler,2026,6.33281,,MEUR/GW,interpolated,,,
World,HB_Oil_Boiler,2027,6.32,,MEUR/GW,interpolated,,,
World,HB_Oil_Boiler,2028,6.30719,,MEUR/GW,interpolated,,,
World,HB_Oil_Boiler,2029,6.29437,,MEUR/GW,interpolated,,,
World,HB_Oil_Boiler,2031,6.25906,,MEUR/GW,interpolated,,,
World,HB_Oil_Boiler,2032,6.23656,,MEUR/GW,interpolated,,,
World,HB_Oil_Boiler,2033,6.21406,,MEUR/GW,interpolated,,,
World,HB_Oil_Boiler,2034,6.19156,,MEUR/GW,interpolated,,,
World,HB_Oil_Boiler,2036,6.14656,,MEUR/GW,interpolated,,,
World,HB_Oil_Boiler,2037,6.12406,,MEUR/GW,interpolated,,,
World,HB_Oil_Boiler,2038,6.10156,,MEUR/GW,interpolated,,,
World,HB_Oil_Boiler,2039,6.07906,,MEUR/GW,interpolated,,,
World,HB_Solar_Thermal,2026,8.43988,,MEUR/GW,interpolated,,,
World,HB_Solar_Thermal,2027,8.44762,,MEUR/GW,interpolated,,,
World,HB_Solar_Thermal,2028,8.45536,,MEUR/GW,interpolated,,,
World,HB_Solar_Thermal,2029,8.4631,,MEUR/GW,interpolated,,,
World,HB_Solar_Thermal,2031,8.42887,,MEUR/GW,interpolated,,,
World,HB_Solar_Thermal,2032,8.3869,,MEUR/GW,interpolated,,,
World,HB_Solar_Thermal,2033,8.34494,,MEUR/GW,interpolated,,,
World,HB_Solar_Thermal,2034,8.30298,,MEUR/GW,interpolated,,,
World,HB_Solar_Thermal,2036,8.21905,,MEUR/GW,interpolated,,,
World,HB_Solar_Thermal,2037,8.17708,,MEUR/GW,interpolated,,,
World,HB_Solar_Thermal,2038,8.13512,,MEUR/GW,interpolated,,,
World,HB_Solar_Thermal,2039,8.09315,,MEUR/GW,interpolated,,,
World,HD_Electric_Boiler,2026,1.104,,MEUR/GW,interpolated,13.12.2023,Frida Sather <frida.sather@sintef.no>,
World,HD_Electric_Boiler,2027,1.098,,MEUR/GW,interpolated,13.12.2023,Frida Sather <frida.sather@sintef.no>,
World,HD_Electric_Boiler,2028,1.092,,MEUR/GW,interpolated,13.12.2023,Frida Sather <frida.sather@sintef.no>,
World,HD_Electric_Boiler,2029,1.086,,MEUR/GW,interpolated,13.12.2023,Frida Sather <frida.sather@sintef.no>,
World,HD_Electric_Boiler,2031,1.07561,,MEUR/GW,interpolated,13.12.2023,Frida Sather <frida.sather@sintef.no>,
World,HD_Electric_Boiler,2032,1.07122,,MEUR/GW,interpolated,13.12.2023,Frida Sather <frida.sather@sintef.no>,
World,HD_Electric_Boiler,2033,1.06683,,MEUR/GW,interpolated,13.12.2023,Frida Sather <frida.sather@sintef.no>,
World,HD_Electric_Boiler,2034,1.06244,,MEUR/GW,interpolated,13.12.2023,Frida Sather <frida.sather@sintef.no>,
World,HD_Electric_Boiler,2036,1.05274,,MEUR/GW,interpolated,13.12.2023,Frida Sather <frida.sather@sintef.no>,
World,HD_Electric_Boiler,2037,1.04742,,MEUR/GW,interpolated,13.12.2023,Frida Sather <frida.sather@sintef.no>,
World,HD_Electric_Boiler,2038,1.0421,,MEUR/GW,interpolated,13.12.2023,Frida Sather <frida.sather@sintef.no>,
World,HD_Electric_Boiler,2039,1.03679,,MEUR/GW,interpolated,13.12.2023,Frida Sather <frida.sather@sintef.no>,
World,HD_Geothermal,2026,22.954,,MEUR/GW,interpolated,13.12.2023,Frida Sather <frida.sather@sintef.no>,
World,HD_Geothermal,2027,22.818,,MEUR/GW,interpolated,13.12.2023,Frida Sather <frida.sather@sintef.no>,
World,HD_Geothermal,2028,22.682,,MEUR/GW,interpolated,13.12.2023,Frida Sather <frida.sather@sintef.no>,
World,HD_Geothermal,2029,22.546,,MEUR/GW,interpolated,13.12.2023,Frida Sather <frida.sather@sintef.no>,
World,HD_Geothermal,2031,22.3356,,MEUR/GW,interpolated,13.12.2023,Frida Sather <frida.sather@sintef.no>,
World,HD_Geothermal,2032,22.2612,,MEUR/GW,interpolated,13.12.2023,Frida Sather <frida.sather@sintef.no>,
World,HD_Geothermal,2033,22.1869,,MEUR/GW,interpolated,13.12.2023,Frida Sather <frida.sather@sintef.no>,
World,HD_Geothermal,2034,22.1125,,MEUR/GW,interpolated,13.12.2023,Frida Sather <frida.sather@sintef.no>,
World,HD_Geothermal,2036,21.9642,,MEUR/GW,interpolated,13.12.2023,Frida Sather <frida.sather@sintef.no>,
World,HD_Geothermal,2037,21.8902,,MEUR/GW,interpolated,13.12.2023,Frida Sather <frida.sather@sintef.no>,
World,HD_Geothermal,2038,21.8163,,MEUR/GW,interpolated,13.12.2023,Frida Sather <frida.sather@sintef.no>,
World,HD_Geothermal,2039,21.7423,,MEUR/GW,interpolated,13.12.2023,Frida Sather <frida.sather@sintef.no>,
World,HD_Heatpump_Air,2026,2.13,,MEUR/GW,interpolated,13.12.2023,Frida Sather <frida.sather@sintef.no>,
World,HD_Heatpump_Air,2027,2.13,,MEUR/GW,interpolated,13.12.2023,Frida Sather <frida.sather@sintef.no>,
World,HD_Heatpump_Air,2028,2.13,,MEUR/GW,interpolated,13.12.2023,Frida Sather <frida.sather@sintef.no>,
World,HD_Heatpump_Air,2029,2.13,,MEUR/GW,interpolated,13.12.2023,Frida Sather <frida.sather@sintef.no>,
World,HD_Heatpump_Air,2031,2.13,,MEUR/GW,interpolated,13.12.2023,Frida Sather <frida.sather@sintef.no>,
World,HD_Heatpump_Air,2032,2.13,,MEUR/GW,interpolated,13.12.2023,Frida Sather <frida.sather@sintef.no>,
World,HD_Heatpump_Air,2033,2.13,,MEUR/GW,interpolated,13.12.2023,Frida Sather <frida.sather@sintef.no>,
World,HD_Heatpump_Air,2034,2.13,,MEUR/GW,interpolated,13.12.2023,Frida Sather <frida.sather@sintef.no>,
World,HD_Heatpump_Air,2036,2.13,,MEUR/GW,interpolated,13.12.2023,Frida Sather <frida.sather@sintef.no>,
World,HD_Heatpump_Air,2037,2.13,,MEUR/GW,interpolated,13.12.2023,Frida Sather <frida.sather@sintef.no>,
World,HD_Heatpump_Air,2038,2.13,,MEUR/GW,interpolated,13.12.2023,Frida Sather <frida.sather@sintef.no>,
World,HD_Heatpump_Air,2039,2.13,,MEUR/GW,interpolated,13.12.2023,Frida Sather <frida.sather@sintef.no>,
World,HD_Heatpump_ExcessHeat,2026,2.13,,MEUR/GW,interpolated,13.12.2023,Frida Sather <frida.sather@sintef.no>,
World,HD_Heatpump_ExcessHeat,2027,2.13,,MEUR/GW,interpolated,13.12.2023,Frida Sather <frida.sather@sintef.no>,
World,HD_Heatpump_ExcessHeat,2028,2.13,,MEUR/GW,interpolated,13.12.2023,Frida Sather <frida.sather@sintef.no>,
World,HD_Heatpump_ExcessHeat,2029,2.13,,MEUR/GW,interpolated,13.12.2023,Frida Sather <frida.sather@sintef.no>,
World,HD_Heatpump_ExcessHeat,2031,2.13,,MEUR/GW,interpolated,13.12.2023,Frida Sather <frida.sather@sintef.no>,
World,HD_Heatpump_ExcessHeat,2032,2.13,,MEUR/GW,interpolated,13.12.2023,Frida Sather <frida.sather@sintef.no>,
World,HD_Heatpump_ExcessHeat,2033,2.13,,MEUR/GW,interpolated,13.12.2023,Frida Sather <frida.sather@sintef.no>,
World,HD_Heatpump_ExcessHeat,2034,2.13,,MEUR/GW,interpolated,13.12.2023,Frida Sather <frida.sather@sintef.no>,
World,HD_Heatpump_ExcessHeat,2036,2.13,,MEUR/GW,interpolated,13.12.2023,Frida Sather <frida.sather@sintef.no>,
World,HD_Heatpump_ExcessHeat,2037,2.13,,MEUR/GW,interpolated,13.12.2023,Frida Sather <frida.sather@sintef.no>,
World,HD_Heatpump_ExcessHeat,2038,2.13,,MEUR/GW,interpolated,13.12.2023,Frida Sather <frida.sather@sintef.no>,
World,HD_Heatpump_ExcessHeat,2039,2.13,,MEUR/GW,interpolated,13.12.2023,Frida Sather <frida.sather@sintef.no>,
World,HD_Solar_Thermal,2026,0.06,,MEUR/GW,interpolated,13.12.2023,Frida Sather <frida.sather@sintef.no>,
World,HD_Solar_Thermal,2027,0.06,,MEUR/GW,interpolated,13.12.2023,Frida Sather <frida.sather@sintef.no>,
World,HD_Solar_Thermal,2028,0.06,,MEUR/GW,interpolated,13.12.2023,Frida Sather <frida.sather@sintef.no>,
World,HD_Solar_Thermal,2029,0.06,,MEUR/GW,interpolated,13.12.2023,Frida Sather <frida.sather@sintef.no>,
World,HD_Solar_Thermal,2031,0.0602362,,MEUR/GW,interpolated,13.12.2023,Frida Sather <frida.sather@sintef.no>,
World,HD_Solar_Thermal,2032,0.0604725,,MEUR/GW,interpolated,13.12.2023,Frida Sather <frida.sather@sintef.no>,
World,HD_Solar_Thermal,2033,0.0607087,,MEUR/GW,interpolated,13.12.2023,Frida Sather <frida.sather@sintef.no>,
World,HD_Solar_Thermal,2034,0.0609449,,MEUR/GW,interpolated,13.12.2023,Frida Sather <frida.sather@sintef.no>,
World,HD_Solar_Thermal,2036,0.0613353,,MEUR/GW,interpolated,13.12.2023,Frida Sather <frida.sather@sintef.no>,
World,HD_Solar_Thermal,2037,0.0614895,,MEUR/GW,interpolated,13.12.2023,Frida Sather <frida.sather@sintef.no>,
World,HD_Solar_Thermal,2038,0.0616437,,MEUR/GW,interpolated,13.12.2023,Frida Sather <frida.sather@sintef.no>,
World,HD_Solar_Thermal,2039,0.0617979,,MEUR/GW,interpolated,13.12.2023,Frida Sather <frida.sather@sintef.no>,
World,HLI_Biomass,2026,35.02,,MEUR/GW,interpolated,,,
World,HLI_Biomass,2027,35.24,,MEUR/GW,interpolated,,,
World,HLI_Biomass,2028,35.46,,MEUR/GW,interpolated,,,
World,HLI_Biomass,2029,35.68,,MEUR/GW,interpolated,,,
World,HLI_Biomass,2031,35.79,,MEUR/GW,interpolated,,,
World,HLI_Biomass,2032,35.68,,MEUR/GW,interpolated,,,
World,HLI_Biomass,2033,35.57,,MEUR/GW,interpolated,,,
World,HLI_Biomass,2034,35.46,,MEUR/GW,interpolated,,,
World,HLI_Biomass,2036,35.24,,MEUR/GW,interpolated,,,
World,HLI_Biomass,2037,35.13,,MEUR/GW,interpolated,,,
World,HLI_Biomass,2038,35.02,,MEUR/GW,interpolated,,,
World,HLI_Biomass,2039,34.91,,MEUR/GW,interpolated,,,
World,HLI_Direct_Electric,2026,0.936,,MEUR/GW,interpolated,,,
World,HLI_Direct_Electric,2027,0.9315,,MEUR/GW,interpolated,,,
World,HLI_Direct_Electric,2028,0.927,,MEUR/GW,interpolated,,,
World,HLI_Direct_Electric,2029,0.9225,,MEUR/GW,interpolated,,,
World,HLI_Direct_Electric,2031,0.9135,,MEUR/GW,interpolated,,,
World,HLI_Direct_Electric,2032,0.909,,MEUR/GW,interpolated,,,
World,HLI_Direct_Electric,2033,0.9045,,MEUR/GW,interpolated,,,
World,HLI_Direct_Electric,2034,0.9,,MEUR/GW,interpolated,,,
World,HLI_Direct_Electric,2036,0.891,,MEUR/GW,interpolated,,,
World,HLI_Direct_Electric,2037,0.8865,,MEUR/GW,interpolated,,,
World,HLI_Direct_Electric,2038,0.882,,MEUR/GW,interpolated,,,
World,HLI_Direct_Electric,2039,0.8775,,MEUR/GW,interpolated,,,
World,HLI_Gas_Boiler,2026,1.94,,MEUR/GW,interpolated,,,
World,HLI_Gas_Boiler,2027,1.93,,MEUR/GW,interpolated,,,
World,HLI_Gas_Boiler,2028,1.92,,MEUR/GW,interpolated,,,
World,HLI_Gas_Boiler,2029,1.91,,MEUR/GW,interpolated,,,
World,HLI_Gas_Boiler,2031,1.89,,MEUR/GW,interpolated,,,
World,HLI_Gas_Boiler,2032,1.88,,MEUR/GW,interpolated,,,
World,HLI_Gas_Boiler,2033,1.87,,MEUR/GW,interpolated,,,
World,HLI_Gas_Boiler,2034,1.86,,MEUR/GW,interpolated,,,
World,HLI_Gas_Boiler,2036,1.84,,MEUR/GW,interpolated,,,
World,HLI_Gas_Boiler,2037,1.83,,MEUR/GW,interpolated,,,
World,HLI_Gas_Boiler,2038,1.82,,MEUR/GW,interpolated,,,
World,HLI_Gas_Boiler,2039,1.81,,MEUR/GW,interpolated,,,
World,HLI_Geothermal,2026,23.1603,,MEUR/GW,interpolated,,,
World,HLI_Geothermal,2027,23.0327,,MEUR/GW,interpolated,,,
World,HLI_Geothermal,2028,22.905,,MEUR/GW,interpolated,,,
World,HLI_Geothermal,2029,22.7774,,MEUR/GW,interpolated,,,
World,HLI_Geothermal,2031,22.5754,,MEUR/GW,interpolated,,,
World,HLI_Geothermal,2032,22.501,,MEUR/GW,interpolated,,,
World,HLI_Geothermal,2033,22.4265,,MEUR/GW,interpolated,,,
World,HLI_Geothermal,2034,22.3521,,MEUR/GW,interpolated,,,
World,HLI_Geothermal,2036,22.2032,,MEUR/GW,interpolated,,,
World,HLI_Geothermal,2037,22.1288,,MEUR/GW,interpolated,,,
World,HLI_Geothermal,2038,22.0544,,MEUR/GW,interpolated,,,
World,HLI_Geothermal,2039,21.9799,,MEUR/GW,interpolated,,,
World,HLI_H2_Boiler,2026,1.94,,MEUR/GW,interpolated,,,
World,HLI_H2_Boiler,2027,1.93,,MEUR/GW,interpolated,,,
World,HLI_H2_Boiler,2028,1.92,,MEUR/GW,interpolated,,,
World,HLI_H2_Boiler,2029,1.91,,MEUR/GW,interpolated,,,
World,HLI_H2_Boiler,2031,1.89,,MEUR/GW,interpolated,,,
World,HLI_H2_Boiler,2032,1.88,,MEUR/GW,interpolated,,,
World,HLI_H2_Boiler,2033,1.87,,MEUR/GW,interpolated,,,
World,HLI_H2_Boiler,2034,1.86,,MEUR/GW,interpolated,,,
World,HLI_H2_Boiler,2036,1.84,,MEUR/GW,interpolated,,,
World,HLI_H2_Boiler,2037,1.83,,MEUR/GW,interpolated,,,
World,HLI_H2_Boiler,2038,1.82,,MEUR/GW,interpolated,,,
World,HLI_H2_Boiler,2039,1.81,,MEUR/GW,interpolated,,,
World,HLI_Hardcoal,2026,33.04,,MEUR/GW,interpolated,,,
World,HLI_Hardcoal,2027,32.93,,MEUR/GW,interpolated,,,
World,HLI_Hardcoal,2028,32.82,,MEUR/GW,interpolated,,,
World,HLI_Hardcoal,2029,32.71,,MEUR/GW,interpolated,,,
World,HLI_Hardcoal,2031,32.5,,MEUR/GW,interpolated,,,
World,HLI_Hardcoal,2032,32.4,,MEUR/GW,interpolated,,,
World,HLI_Hardcoal,2033,32.3,,MEUR/GW,interpolated,,,
World,HLI_Hardcoal,2034,32.2,,MEUR/GW,interpolated,,,
World,HLI_Hardcoal,2036,32,,MEUR/GW,interpolated,,,
World,HLI_Hardcoal,2037,31.9,,MEUR/GW,interpolated,,,
World,HLI_Hardcoal,2038,31.8,,MEUR/GW,interpolated,,,
World,HLI_Hardcoal,2039,31.7,,MEUR/GW,interpolated,,,
World,HLI_Heatpump,2026,2,,MEUR/GW,interpolated,13.12.2023,Frida Sather <frida.sather@sintef.no>,
World,HLI_Heatpump,2027,2,,MEUR/GW,interpolated,13.12.2023,Frida Sather <frida.sather@sintef.no>,
World,HLI_Heatpump,2028,2,,MEUR/GW,interpolated,13.12.2023,Frida Sather <frida.sather@sintef.no>,
World,HLI_Heatpump,2029,2,,MEUR/GW,interpolated,13.12.2023,Frida Sather <frida.sather@sintef.no>,
World,HLI_Heatpump,2031,2,,MEUR/GW,interpolated,13.12.2023,Frida Sather <frida.sather@sintef.no>,
World,HLI_Heatpump,2032,2,,MEUR/GW,interpolated,13.12.2023,Frida Sather <frida.sather@sintef.no>,
World,HLI_Heatpump,2033,2,,MEUR/GW,interpolated,13.12.2023,Frida Sather <frida.sather@sintef.no>,
World,HLI_Heatpump,2034,2,,MEUR/GW,interpolated,13.12.2023,Frida Sather <frida.sather@sintef.no>,
World,HLI_Heatpump,2036,2,,MEUR/GW,interpolated,13.12.2023,Frida Sather <frida.sather@sintef.no>,
World,HLI_Heatpump,2037,2,,MEUR/GW,interpolated,13.12.2023,Frida Sather <frida.sather@sintef.no>,
World,HLI_Heatpump,2038,2,,MEUR/GW,interpolated,13.12.2023,Frida Sather <frida.sather@sintef.no>,
World,HLI_Heatpump,2039,2,,MEUR/GW,interpolated,13.12.2023,Frida Sather <frida.sather@sintef.no>,
World,HLI_Lignite,2026,35.3528,,MEUR/GW,interpolated,,,
World,HLI_Lignite,2027,35.2351,,MEUR/GW,interpolated,,,
World,HLI_Lignite,2028,35.1174,,MEUR/GW,interpolated,,,
World,HLI_Lignite,2029,34.9997,,MEUR/GW,interpolated,,,
World,HLI_Lignite,2031,34.775,,MEUR/GW,interpolated,,,
World,HLI_Lignite,2032,34.668,,MEUR/GW,interpolated,,,
World,HLI_Lignite,2033,34.561,,MEUR/GW,interpolated,,,
World,HLI_Lignite,2034,34.454,,MEUR/GW,interpolated,,,
World,HLI_Lignite,2036,34.24,,MEUR/GW,interpolated,,,
World,HLI_Lignite,2037,34.133,,MEUR/GW,interpolated,,,
World,HLI_Lignite,2038,34.026,,MEUR/GW,interpolated,,,
World,HLI_Lignite,2039,33.919,,MEUR/GW,interpolated,,,
World,HLI_Oil_Boiler,2026,1.74,,MEUR/GW,interpolated,,,
World,HLI_Oil_Boiler,2027,1.73,,MEUR/GW,interpolated,,,
World,HLI_Oil_Boiler,2028,1.72,,MEUR/GW,interpolated,,,
World,HLI_Oil_Boiler,2029,1.71,,MEUR/GW,interpolated,,,
World,HLI_Oil_Boiler,2031,1.69,,MEUR/GW,interpolated,,,
World,HLI_Oil_Boiler,2032,1.68,,MEUR/GW,interpolated,,,
World,HLI_Oil_Boiler,2033,1.67,,MEUR/GW,interpolated,,,
World,HLI_Oil_Boiler,2034,1.66,,MEUR/GW,interpolated,,,
World,HLI_Oil_Boiler,2036,1.64,,MEUR/GW,interpolated,,,
World,HLI_Oil_Boiler,2037,1.63,,MEUR/GW,interpolated,,,
World,HLI_Oil_Boiler,2038,1.62,,MEUR/GW,interpolated,,,
World,HLI_Oil_Boiler,2039,1.61,,MEUR/GW,interpolated,,,
World,HLI_Solar_Thermal,2026,8.43988,,MEUR/GW,interpolated,,,
World,HLI_Solar_Thermal,2027,8.44762,,MEUR/GW,interpolated,,,
World,HLI_Solar_Thermal,2028,8.45536,,MEUR/GW,interpolated,,,
World,HLI_Solar_Thermal,2029,8.4631,,MEUR/GW,interpolated,,,
World,HLI_Solar_Thermal,2031,8.42887,,MEUR/GW,interpolated,,,
World,HLI_Solar_Thermal,2032,8.3869,,MEUR/GW,interpolated,,,
World,HLI_Solar_Thermal,2033,8.34494,,MEUR/GW,interpolated,,,
World,HLI_Solar_Thermal,2034,8.30298,,MEUR/GW,interpolated,,,
World,HLI_Solar_Thermal,2036,8.21905,,MEUR/GW,interpolated,,,
World,HLI_Solar_Thermal,2037,8.17708,,MEUR/GW,interpolated,,,
World,HLI_Solar_Thermal,2038,8.13512,,MEUR/GW,interpolated,,,
World,HLI_Solar_Thermal,2039,8.09315,,MEUR/GW,interpolated,,,
World,HMHI_Biomass,2026,35.02,,MEUR/GW,interpolated,,,
World,HMHI_Biomass,2027,35.24,,MEUR/GW,interpolated,,,
World,HMHI_Biomass,2028,35.46,,MEUR/GW,interpolated,,,
World,HMHI_Biomass,2029,35.68,,MEUR/GW,interpolated,,,
World,HMHI_Biomass,2031,35.79,,MEUR/GW,interpolated,,,
World,HMHI_Biomass,2032,35.68,,MEUR/GW,interpolated,,,
World,HMHI_Biomass,2033,35.57,,MEUR/GW,interpolated,,,
World,HMHI_Biomass,2034,35.46,,MEUR/GW,interpolated,,,
World,HMHI_Biomass,2036,35.24,,MEUR/GW,interpolated,,,
World,HMHI_Biomass,2037,35.13,,MEUR/GW,interpolated,,,
World,HMHI_Biomass,2038,35.02,,MEUR/GW,interpolated,,,
World,HMHI_Biomass,2039,34.91,,MEUR/GW,interpolated,,,
World,HMHI_Gas,2026,1.94,,MEUR/GW,interpolated,,,
World,HMHI_Gas,2027,1.93,,MEUR/GW,interpolated,,,
World,HMHI_Gas,2028,1.92,,MEUR/GW,interpolated,,,
World,HMHI_Gas,2029,1.91,,MEUR/GW,interpolated,,,
World,HMHI_Gas,2031,1.89,,MEUR/GW,interpolated,,,
World,HMHI_Gas,2032,1.88,,MEUR/GW,interpolated,,,
World,HMHI_Gas,2033,1.87,,MEUR/GW,interpolated,,,
World,HMHI_Gas,2034,1.86,,MEUR/GW,interpolated,,,
World,HMHI_Gas,2036,1.84,,MEUR/GW,interpolated,,,
World,HMHI_Gas,2037,1.83,,MEUR/GW,interpolated,,,
World,HMHI_Gas,2038,1.82,,MEUR/GW,interpolated,,,
World,HMHI_Gas,2039,1.81,,MEUR/GW,interpolated,,,
World,HMHI_Gas_CCS,2026,3.4144,,MEUR/GW,interpolated,,,
World,HMHI_Gas_CCS,2027,3.3968,,MEUR/GW,interpolated,,,
World,HMHI_Gas_CCS,2028,3.3792,,MEUR/GW,interpolated,,,
World,HMHI_Gas_CCS,2029,3.3616,,MEUR/GW,interpolated,,,
World,HMHI_Gas_CCS,2031,3.3264,,MEUR/GW,interpolated,,,
World,HMHI_Gas_CCS,2032,3.3088,,MEUR/GW,interpolated,,,
World,HMHI_Gas_CCS,2033,3.2912,,MEUR/GW,interpolated,,,
World,HMHI_Gas_CCS,2034,3.2736,,MEUR/GW,interpolated,,,
World,HMHI_Gas_CCS,2036,3.2384,,MEUR/GW,interpolated,,,
World,HMHI_Gas_CCS,2037,3.2208,,MEUR/GW,interpolated,,,
World,HMHI_Gas_CCS,2038,3.2032,,MEUR/GW,interpolated,,,
World,HMHI_Gas_CCS,2039,3.1856,,MEUR/GW,interpolated,,,
World,HMHI_H2,2026,1.94,,MEUR/GW,interpolated,,,
World,HMHI_H2,2027,1.93,,MEUR/GW,interpolated,,,
World,HMHI_H2,2028,1.92,,MEUR/GW,interpolated,,,
World,HMHI_H2,2029,1.91,,MEUR/GW,interpolated,,,
World,HMHI_H2,2031,1.89,,MEUR/GW,interpolated,,,
World,HMHI_H2,2032,1.88,,MEUR/GW,interpolated,,,
World,HMHI_H2,2033,1.87,,MEUR/GW,interpolated,,,
World,HMHI_H2,2034,1.86,,MEUR/GW,interpolated,,,
World,HMHI_H2,2036,1.84,,MEUR/GW,interpolated,,,
World,HMHI_H2,2037,1.83,,MEUR/GW,interpolated,,,
World,HMHI_H2,2038,1.82,,MEUR/GW,interpolated,,,
World,HMHI_H2,2039,1.81,,MEUR/GW,interpolated,,,
World,HMHI_HardCoal,2026,33.04,,MEUR/GW,interpolated,,,
World,HMHI_HardCoal,2027,32.93,,MEUR/GW,interpolated,,,
World,HMHI_HardCoal,2028,32.82,,MEUR/GW,interpolated,,,
World,HMHI_HardCoal,2029,32.71,,MEUR/GW,interpolated,,,
World,HMHI_HardCoal,2031,32.5,,MEUR/GW,interpolated,,,
World,HMHI_HardCoal,2032,32.4,,MEUR/GW,interpolated,,,
World,HMHI_HardCoal,2033,32.3,,MEUR/GW,interpolated,,,
World,HMHI_HardCoal,2034,32.2,,MEUR/GW,interpolated,,,
World,HMHI_HardCoal,2036,32,,MEUR/GW,interpolated,,,
World,HMHI_HardCoal,2037,31.9,,MEUR/GW,interpolated,,,
World,HMHI_HardCoal,2038,31.8,,MEUR/GW,interpolated,,,
World,HMHI_HardCoal,2039,31.7,,MEUR/GW,interpolated,,,
World,HMHI_HardCoal_CCS,2026,53.8552,,MEUR/GW,interpolated,,,
World,HMHI_HardCoal_CCS,2027,53.6759,,MEUR/GW,interpolated,,,
World,HMHI_HardCoal_CCS,2028,53.4966,,MEUR/GW,interpolated,,,
World,HMHI_HardCoal_CCS,2029,53.3173,,MEUR/GW,interpolated,,,
World,HMHI_HardCoal_CCS,2031,52.975,,MEUR/GW,interpolated,,,
World,HMHI_HardCoal_CCS,2032,52.812,,MEUR/GW,interpolated,,,
World,HMHI_HardCoal_CCS,2033,52.649,,MEUR/GW,interpolated,,,
World,HMHI_HardCoal_CCS,2034,52.486,,MEUR/GW,interpolated,,,
World,HMHI_HardCoal_CCS,2036,52.16,,MEUR/GW,interpolated,,,
World,HMHI_HardCoal_CCS,2037,51.997,,MEUR/GW,interpolated,,,
World,HMHI_HardCoal_CCS,2038,51.834,,MEUR/GW,interpolated,,,
World,HMHI_HardCoal_CCS,2039,51.671,,MEUR/GW,interpolated,,,
World,HMHI_Oil,2026,1.74,,MEUR/GW,interpolated,,,
World,HMHI_Oil,2027,1.73,,MEUR/GW,interpolated,,,
World,HMHI_Oil,2028,1.72,,MEUR/GW,interpolated,,,
World,HMHI_Oil,2029,1.71,,MEUR/GW,interpolated,,,
World,HMHI_Oil,2031,1.69,,MEUR/GW,interpolated,,,
World,HMHI_Oil,2032,1.68,,MEUR/GW,interpolated,,,
World,HMHI_Oil,2033,1.67,,MEUR/GW,interpolated,,,
World,HMHI_Oil,2034,1.66,,MEUR/GW,interpolated,,,
World,HMHI_Oil,2036,1.64,,MEUR/GW,interpolated,,,
World,HMHI_Oil,2037,1.63,,MEUR/GW,interpolated,,,
World,HMHI_Oil,2038,1.62,,MEUR/GW,interpolated,,,
World,HMHI_Oil,2039,1.61,,MEUR/GW,interpolated,,,
World,HMHI_Steam_Electric,2026,1.0764,,MEUR/GW,interpolated,,,
World,HMHI_Steam_Electric,2027,1.07123,,MEUR/GW,interpolated,,,
World,HMHI_Steam_Electric,2028,1.06605,,MEUR/GW,interpolated,,,
World,HMHI_Steam_Electric,2029,1.06088,,MEUR/GW,interpolated,,,
World,HMHI_Steam_Electric,2031,0.950215,,MEUR/GW,interpolated,,,
World,HMHI_Steam_Electric,2032,0.84473,,MEUR/GW,interpolated,,,
World,HMHI_Steam_Electric,2033,0.739245,,MEUR/GW,interpolated,,,
World,HMHI_Steam_Electric,2034,0.63376,,MEUR/GW,interpolated,,,
World,HMHI_Steam_Electric,2036,0.422789,,MEUR/GW,interpolated,,,
World,HMHI_Steam_Electric,2037,0.317304,,MEUR/GW,interpolated,,,
World,HMHI_Steam_Electric,2038,0.211819,,MEUR/GW,interpolated,,,
World,HMHI_Steam_Electric,2039,0.106334,,MEUR/GW,interpolated,,,
World,HMLI_Heatpump,2026,1.27333,,MEUR/GW,interpolated,13.12.2023,Frida Sather <frida.sather@sintef.no>,
World,HMLI_Heatpump,2027,1.26667,,MEUR/GW,interpolated,13.12.2023,Frida Sather <frida.sather@sintef.no>,
World,HMLI_Heatpump,2028,1.26,,MEUR/GW,interpolated,13.12.2023,Frida Sather <frida.sather@sintef.no>,
World,HMLI_Heatpump,2029,1.25333,,MEUR/GW,interpolated,13.12.2023,Frida Sather <frida.sather@sintef.no>,
World,HMLI_Heatpump,2031,1.242,,MEUR/GW,interpolated,13.12.2023,Frida Sather <frida.sather@sintef.no>,
World,HMLI_Heatpump,2032,1.23733,,MEUR/GW,interpolated,13.12.2023,Frida Sather <frida.sather@sintef.no>,
World,HMLI_Heatpump,2033,1.23267,,MEUR/GW,interpolated,13.12.2023,Frida Sather <frida.sather@sintef.no>,
World,HMLI_Heatpump,2034,1.228,,MEUR/GW,interpolated,13.12.2023,Frida Sather <frida.sather@sintef.no>,
World,HMLI_Heatpump,2036,1.21867,,MEUR/GW,interpolated,13.12.2023,Frida Sather <frida.sather@sintef.no>,
World,HMLI_Heatpump,2037,1.214,,MEUR/GW,interpolated,13.12.2023,Frida Sather <frida.sather@sintef.no>,
World,HMLI_Heatpump,2038,1.20933,,MEUR/GW,interpolated,13.12.2023,Frida Sather <frida.sather@sintef.no>,
World,HMLI_Heatpump,2039,1.20467,,MEUR/GW,interpolated,13.12.2023,Frida Sather <frida.sather@sintef.no>,
World,PSNG_Air_Bio,2026,19.5992,,MEUR/Gpkm/year,interpolated,,,
World,PSNG_Air_Bio,2027,19.4394,,MEUR/Gpkm/year,interpolated,,,
World,PSNG_Air_Bio,2028,19.2796,,MEUR/Gpkm/year,interpolated,,,
World,PSNG_Air_Bio,2029,19.1198,,MEUR/Gpkm/year,interpolated,,,
World,PSNG_Air_Bio,2031,18.8001,,MEUR/Gpkm/year,interpolated,,,
World,PSNG_Air_Bio,2032,18.6403,,MEUR/Gpkm/year,interpolated,,,
World,PSNG_Air_Bio,2033,18.4805,,MEUR/Gpkm/year,interpolated,,,
World,PSNG_Air_Bio,2034,18.3207,,MEUR/Gpkm/year,interpolated,,,
World,PSNG_Air_Bio,2036,18.1609,,MEUR/Gpkm/year,interpolated,,,
World,PSNG_Air_Bio,2037,18.1609,,MEUR/Gpkm/year,interpolated,,,
World,PSNG_Air_Bio,2038,18.1609,,MEUR/Gpkm/year,interpolated,,,
World,PSNG_Air_Bio,2039,18.1609,,MEUR/Gpkm/year,interpolated,,,
World,PSNG_Air_Conv,2026,19.5992,,MEUR/Gpkm/year,interpolated,,,
World,PSNG_Air_Conv,2027,19.4394,,MEUR/Gpkm/year,interpolated,,,
World,PSNG_Air_Conv,2028,19.2796,,MEUR/Gpkm/year,interpolated,,,
World,PSNG_Air_Conv,2029,19.1198,,MEUR/Gpkm/year,interpolated,,,
World,PSNG_Air_Conv,2031,18.8001,,MEUR/Gpkm/year,interpolated,,,
World,PSNG_Air_Conv,2032,18.6403,,MEUR/Gpkm/year,interpolated,,,
World,PSNG_Air_Conv,2033,18.4805,,MEUR/Gpkm/year,interpolated,,,
World,PSNG_Air_Conv,2034,18.3207,,MEUR/Gpkm/year,interpolated,,,
World,PSNG_Air_Conv,2036,18.1609,,MEUR/Gpkm/year,interpolated,,,
World,PSNG_Air_Conv,2037,18.1609,,MEUR/Gpkm/year,interpolated,,,
World,PSNG_Air_Conv,2038,18.1609,,MEUR/Gpkm/year,interpolated,,,
World,PSNG_Air_Conv,2039,18.1609,,MEUR/Gpkm/year,interpolated,,,
World,PSNG_Air_H2,2026,23.2459,,MEUR/Gpkm/year,interpolated,,,
World,PSNG_Air_H2,2027,23.2459,,MEUR/Gpkm/year,interpolated,,,
World,PSNG_Air_H2,2028,23.2459,,MEUR/Gpkm/year,interpolated,,,
World,PSNG_Air_H2,2029,23.2459,,MEUR/Gpkm/year,interpolated,,,
World,PSNG_Air_H2,2031,23.2459,,MEUR/Gpkm/year,interpolated,,,
World,PSNG_Air_H2,2032,23.2459,,MEUR/Gpkm/year,interpolated,,,
World,PSNG_Air_H2,2033,23.2459,,MEUR/Gpkm/year,interpolated,,,
World,PSNG_Air_H2,2034,23.2459,,MEUR/Gpkm/year,interpolated,,,
World,PSNG_Air_H2,2036,23.1006,,MEUR/Gpkm/year,interpolated,,,
World,PSNG_Air_H2,2037,22.9553,,MEUR/Gpkm/year,interpolated,,,
World,PSNG_Air_H2,2038,22.81,,MEUR/Gpkm/year,interpolated,,,
World,PSNG_Air_H2,2039,22.6648,,MEUR/Gpkm/year,interpolated,,,
World,PSNG_Rail_Conv,2026,6.00488,,MEUR/Gpkm/year,interpolated,,,
World,PSNG_Rail_Conv,2027,5.96826,,MEUR/Gpkm/year,interpolated,,,
World,PSNG_Rail_Conv,2028,5.93165,,MEUR/Gpkm/year,interpolated,,,
World,PSNG_Rail_Conv,2029,5.89503,,MEUR/Gpkm/year,interpolated,,,
World,PSNG_Rail_Conv,2031,5.8218,,MEUR/Gpkm/year,interpolated,,,
World,PSNG_Rail_Conv,2032,5.78519,,MEUR/Gpkm/year,interpolated,,,
World,PSNG_Rail_Conv,2033,5.74857,,MEUR/Gpkm/year,interpolated,,,
World,PSNG_Rail_Conv,2034,5.71196,,MEUR/Gpkm/year,interpolated,,,
World,PSNG_Rail_Conv,2036,5.67534,,MEUR/Gpkm/year,interpolated,,,
World,PSNG_Rail_Conv,2037,5.67534,,MEUR/Gpkm/year,interpolated,,,
World,PSNG_Rail_Conv,2038,5.67534,,MEUR/Gpkm/year,interpolated,,,
World,PSNG_Rail_Conv,2039,5.67534,,MEUR/Gpkm/year,interpolated,,,
World,PSNG_Rail_Electric,2026,8.13466,,MEUR/Gpkm/year,interpolated,,,
World,PSNG_Rail_Electric,2027,8.09194,,MEUR/Gpkm/year,interpolated,,,
World,PSNG_Rail_Electric,2028,8.04922,,MEUR/Gpkm/year,interpolated,,,
World,PSNG_Rail_Electric,2029,8.0065,,MEUR/Gpkm/year,interpolated,,,
World,PSNG_Rail_Electric,2031,7.92107,,MEUR/Gpkm/year,interpolated,,,
World,PSNG_Rail_Electric,2032,7.87835,,MEUR/Gpkm/year,interpolated,,,
World,PSNG_Rail_Electric,2033,7.83563,,MEUR/Gpkm/year,interpolated,,,
World,PSNG_Rail_Electric,2034,7.79292,,MEUR/Gpkm/year,interpolated,,,
World,PSNG_Rail_Electric,2036,7.7502,,MEUR/Gpkm/year,interpolated,,,
World,PSNG_Rail_Electric,2037,7.7502,,MEUR/Gpkm/year,interpolated,,,
World,PSNG_Rail_Electric,2038,7.7502,,MEUR/Gpkm/year,interpolated,,,
World,PSNG_Rail_Electric,2039,7.7502,,MEUR/Gpkm/year,interpolated,,,
World,PSNG_Road_BEV,2026,64.5512,,MEUR/Gpkm/year,interpolated,,,
World,PSNG_Road_BEV,2027,62.9819,,MEUR/Gpkm/year,interpolated,,,
World,PSNG_Road_BEV,2028,61.4127,,MEUR/Gpkm/year,interpolated,,,
World,PSNG_Road_BEV,2029,59.8435,,MEUR/Gpkm/year,interpolated,,,
World,PSNG_Road_BEV,2031,56.7051,,MEUR/Gpkm/year,interpolated,,,
World,PSNG_Road_BEV,2032,55.1359,,MEUR/Gpkm/year,interpolated,,,
World,PSNG_Road_BEV,2033,53.5667,,MEUR/Gpkm/year,interpolated,,,
World,PSNG_Road_BEV,2034,51.9975,,MEUR/Gpkm/year,interpolated,,,
World,PSNG_Road_BEV,2036,50.2266,,MEUR/Gpkm/year,interpolated,,,
World,PSNG_Road_BEV,2037,50.025,,MEUR/Gpkm/year,interpolated,,,
World,PSNG_Road_BEV,2038,49.8234,,MEUR/Gpkm/year,interpolated,,,
World,PSNG_Road_BEV,2039,49.6218,,MEUR/Gpkm/year,interpolated,,,
World,PSNG_Road_H2,2026,121.068,,MEUR/Gpkm/year,interpolated,,,
World,PSNG_Road_H2,2027,117.002,,MEUR/Gpkm/year,interpolated,,,
World,PSNG_Road_H2,2028,112.936,,MEUR/Gpkm/year,interpolated,,,
World,PSNG_Road_H2,2029,108.869,,MEUR/Gpkm/year,interpolated,,,
World,PSNG_Road_H2,2031,100.737,,MEUR/Gpkm/year,interpolated,,,
World,PSNG_Road_H2,2032,96.6708,,MEUR/Gpkm/year,interpolated,,,
World,PSNG_Road_H2,2033,92.6046,,MEUR/Gpkm/year,interpolated,,,
World,PSNG_Road_H2,2034,88.5384,,MEUR/Gpkm/year,interpolated,,,
World,PSNG_Road_H2,2036,83.0699,,MEUR/Gpkm/year,interpolated,,,
World,PSNG_Road_H2,2037,81.6676,,MEUR/Gpkm/year,interpolated,,,
World,PSNG_Road_H2,2038,80.2653,,MEUR/Gpkm/year,interpolated,,,
World,PSNG_Road_H2,2039,78.863,,MEUR/Gpkm/year,interpolated,,,
World,PSNG_Road_ICE,2026,50.3912,,MEUR/Gpkm/year,interpolated,,,
World,PSNG_Road_ICE,2027,49.956,,MEUR/Gpkm/year,interpolated,,,
World,PSNG_Road_ICE,2028,49.5208,,MEUR/Gpkm/year,interpolated,,,
World,PSNG_Road_ICE,2029,49.0856,,MEUR/Gpkm/year,interpolated,,,
World,PSNG_Road_ICE,2031,48.2153,,MEUR/Gpkm/year,interpolated,,,
World,PSNG_Road_ICE,2032,47.7801,,MEUR/Gpkm/year,interpolated,,,
World,PSNG_Road_ICE,2033,47.3449,,MEUR/Gpkm/year,interpolated,,,
World,PSNG_Road_ICE,2034,46.9097,,MEUR/Gpkm/year,interpolated,,,
World,PSNG_Road_ICE,2036,46.4745,,MEUR/Gpkm/year,interpolated,,,
World,PSNG_Road_ICE,2037,46.4745,,MEUR/Gpkm/year,interpolated,,,
World,PSNG_Road_ICE,2038,46.4745,,MEUR/Gpkm/year,interpolated,,,
World,PSNG_Road_ICE,2039,46.4745,,MEUR/Gpkm/year,interpolated,,,
World,PSNG_Road_LNG,2026,53.8958,,MEUR/Gpkm/year,interpolated,,,
World,PSNG_Road_LNG,2027,53.4606,,MEUR/Gpkm/year,interpolated,,,
World,PSNG_Road_LNG,2028,53.0255,,MEUR/Gpkm/year,interpolated,,,
World,PSNG_Road_LNG,2029,52.5903,,MEUR/Gpkm/year,interpolated,,,
World,PSNG_Road_LNG,2031,51.7199,,MEUR/Gpkm/year,interpolated,,,
World,PSNG_Road_LNG,2032,51.2847,,MEUR/Gpkm/year,interpolated,,,
World,PSNG_Road_LNG,2033,50.8495,,MEUR/Gpkm/year,interpolated,,,
World,PSNG_Road_LNG,2034,50.4144,,MEUR/Gpkm/year,interpolated,,,
World,PSNG_Road_LNG,2036,49.9792,,MEUR/Gpkm/year,interpolated,,,
World,PSNG_Road_LNG,2037,49.9792,,MEUR/Gpkm/year,interpolated,,,
World,PSNG_Road_LNG,2038,49.9792,,MEUR/Gpkm/year,interpolated,,,
World,PSNG_Road_LNG,2039,49.9792,,MEUR/Gpkm/year,interpolated,,,
World,PSNG_Road_PHEV,2026,67.8532,,MEUR/Gpkm/year,interpolated,,,
World,PSNG_Road_PHEV,2027,66.8801,,MEUR/Gpkm/year,interpolated,,,
World,PSNG_Road_PHEV,2028,65.9069,,MEUR/Gpkm/year,interpolated,,,
World,PSNG_Road_PHEV,2029,64.9338,,MEUR/Gpkm/year,interpolated,,,
World,PSNG_Road_PHEV,2031,62.9875,,MEUR/Gpkm/year,interpolated,,,
World,PSNG_Road_PHEV,2032,62.0144,,MEUR/Gpkm/year,interpolated,,,
World,PSNG_Road_PHEV,2033,61.0412,,MEUR/Gpkm/year,interpolated,,,
World,PSNG_Road_PHEV,2034,60.0681,,MEUR/Gpkm/year,interpolated,,,
World,PSNG_Road_PHEV,2036,58.8648,,MEUR/Gpkm/year,interpolated,,,
World,PSNG_Road_PHEV,2037,58.6347,,MEUR/Gpkm/year,interpolated,,,
World,PSNG_Road_PHEV,2038,58.4046,,MEUR/Gpkm/year,interpolated,,,
World,PSNG_Road_PHEV,2039,58.1745,,MEUR/Gpkm/year,interpolated,,,
World,P_Biomass,2026,43.06,,MEUR/GW,interpolated,08.09.2023,Luka Garibashvili <lukaga@stud.ntnu.no>,
World,P_Biomass,2027,42.32,,MEUR/GW,interpolated,08.09.2023,Luka Garibashvili <lukaga@stud.ntnu.no>,
World,P_Biomass,2028,41.58,,MEUR/GW,interpolated,08.09.2023,Luka Garibashvili <lukaga@stud.ntnu.no>,
World,P_Biomass,2029,40.84,,MEUR/GW,interpolated,08.09.2023,Luka Garibashvili <lukaga@stud.ntnu.no>,
World,P_Biomass,2031,40.01,,MEUR/GW,interpolated,08.09.2023,Luka Garibashvili <lukaga@stud.ntnu.no>,
World,P_Biomass,2032,39.92,,MEUR/GW,interpolated,08.09.2023,Luka Garibashvili <lukaga@stud.ntnu.no>,
World,P_Biomass,2033,39.83,,MEUR/GW,interpolated,08.09.2023,Luka Garibashvili <lukaga@stud.ntnu.no>,
World,P_Biomass,2034,39.74,,MEUR/GW,interpolated,08.09.2023,Luka Garibashvili <lukaga@stud.ntnu.no>,
World,P_Biomass,2036,39.56,,MEUR/GW,interpolated,08.09.2023,Luka Garibashvili <lukaga@stud.ntnu.no>,
World,P_Biomass,2037,39.47,,MEUR/GW,interpolated,08.09.2023,Luka Garibashvili <lukaga@stud.ntnu.no>,
World,P_Biomass,2038,39.38,,MEUR/GW,interpolated,08.09.2023,Luka Garibashvili <lukaga@stud.ntnu.no>,
World,P_Biomass,2039,39.29,,MEUR/GW,interpolated,08.09.2023,Luka Garibashvili <lukaga@stud.ntnu.no>,
World,P_Biomass_CCS,2026,74.06,,MEUR/GW,interpolated,08.09.2023,Luka Garibashvili <lukaga@stud.ntnu.no>,
World,P_Biomass_CCS,2027,72.82,,MEUR/GW,interpolated,08.09.2023,Luka Garibashvili <lukaga@stud.ntnu.no>,
World,P_Biomass_CCS,2028,71.58,,MEUR/GW,interpolated,08.09.2023,Luka Garibashvili <lukaga@stud.ntnu.no>,
World,P_Biomass_CCS,2029,70.34,,MEUR/GW,interpolated,08.09.2023,Luka Garibashvili <lukaga@stud.ntnu.no>,
World,P_Biomass_CCS,2031,68.49,,MEUR/GW,interpolated,08.09.2023,Luka Garibashvili <lukaga@stud.ntnu.no>,
World,P_Biomass_CCS,2032,67.88,,MEUR/GW,interpolated,08.09.2023,Luka Garibashvili <lukaga@stud.ntnu.no>,
World,P_Biomass_CCS,2033,67.27,,MEUR/GW,interpolated,08.09.2023,Luka Garibashvili <lukaga@stud.ntnu.no>,
World,P_Biomass_CCS,2034,66.66,,MEUR/GW,interpolated,08.09.2023,Luka Garibashvili <lukaga@stud.ntnu.no>,
World,P_Biomass_CCS,2036,65.44,,MEUR/GW,interpolated,08.09.2023,Luka Garibashvili <lukaga@stud.ntnu.no>,
World,P_Biomass_CCS,2037,64.83,,MEUR/GW,interpolated,08.09.2023,Luka Garibashvili <lukaga@stud.ntnu.no>,
World,P_Biomass_CCS,2038,64.22,,MEUR/GW,interpolated,08.09.2023,Luka Garibashvili <lukaga@stud.ntnu.no>,
World,P_Biomass_CCS,2039,63.61,,MEUR/GW,interpolated,08.09.2023,Luka Garibashvili <lukaga@stud.ntnu.no>,
World,P_CSP,2026,18.82,,MEUR/GW,interpolated,,,
World,P_CSP,2027,18.74,,MEUR/GW,interpolated,,,
World,P_CSP,2028,18.66,,MEUR/GW,interpolated,,,
World,P_CSP,2029,18.58,,MEUR/GW,interpolated,,,
World,P_CSP,2031,18.4,,MEUR/GW,interpolated,,,
World,P_CSP,2032,18.3,,MEUR/GW,interpolated,,,
World,P_CSP,2033,18.2,,MEUR/GW,interpolated,,,
World,P_CSP,2034,18.1,,MEUR/GW,interpolated,,,
World,P_CSP,2036,17.92,,MEUR/GW,interpolated,,,
World,P_CSP,2037,17.84,,MEUR/GW,interpolated,,,
World,P_CSP,2038,17.76,,MEUR/GW,interpolated,,,
World,P_CSP,2039,17.68,,MEUR/GW,interpolated,,,
World,P_Coal_Hardcoal,2026,38,,MEUR/GW,interpolated,05.09.2023,Stian Backe <stian.backe@sintef.no>,
World,P_Coal_Hardcoal,2027,37.5,,MEUR/GW,interpolated,05.09.2023,Stian Backe <stian.backe@sintef.no>,
World,P_Coal_Hardcoal,2028,37,,MEUR/GW,interpolated,05.09.2023,Stian Backe <stian.backe@sintef.no>,
World,P_Coal_Hardcoal,2029,36.5,,MEUR/GW,interpolated,05.09.2023,Stian Backe <stian.backe@sintef.no>,
World,P_Coal_Hardcoal,2031,35.6,,MEUR/GW,interpolated,05.09.2023,Stian Backe <stian.backe@sintef.no>,
World,P_Coal_Hardcoal,2032,35.2,,MEUR/GW,interpolated,05.09.2023,Stian Backe <stian.backe@sintef.no>,
World,P_Coal_Hardcoal,2033,34.8,,MEUR/GW,interpolated,05.09.2023,Stian Backe <stian.backe@sintef.no>,
World,P_Coal_Hardcoal,2034,34.4,,MEUR/GW,interpolated,05.09.2023,Stian Backe <stian.backe@sintef.no>,
World,P_Coal_Hardcoal,2036,33.6,,MEUR/GW,interpolated,05.09.2023,Stian Backe <stian.backe@sintef.no>,
World,P_Coal_Hardcoal,2037,33.2,,MEUR/GW,interpolated,05.09.2023,Stian Backe <stian.backe@sintef.no>,
World,P_Coal_Hardcoal,2038,32.8,,MEUR/GW,interpolated,05.09.2023,Stian Backe <stian.backe@sintef.no>,
World,P_Coal_Hardcoal,2039,32.4,,MEUR/GW,interpolated,05.09.2023,Stian Backe <stian.backe@sintef.no>,
World,P_Coal_Hardcoal_CCS,2026,67.46,,MEUR/GW,interpolated,,,
World,P_Coal_Hardcoal_CCS,2027,67.07,,MEUR/GW,interpolated,,,
World,P_Coal_Hardcoal_CCS,2028,66.68,,MEUR/GW,interpolated,,,
World,P_Coal_Hardcoal_CCS,2029,66.29,,MEUR/GW,interpolated,,,
World,P_Coal_Hardcoal_CCS,2031,65.7,,MEUR/GW,interpolated,,,
World,P_Coal_Hardcoal_CCS,2032,65.5,,MEUR/GW,interpolated,,,
World,P_Coal_Hardcoal_CCS,2033,65.3,,MEUR/GW,interpolated,,,
World,P_Coal_Hardcoal_CCS,2034,65.1,,MEUR/GW,interpolated,,,
World,P_Coal_Hardcoal_CCS,2036,64.7,,MEUR/GW,interpolated,,,
World,P_Coal_Hardcoal_CCS,2037,64.5,,MEUR/GW,interpolated,,,
World,P_Coal_Hardcoal_CCS,2038,64.3,,MEUR/GW,interpolated,,,
World,P_Coal_Hardcoal_CCS,2039,64.1,,MEUR/GW,interpolated,,,
World,P_Coal_Lignite,2026,44,,MEUR/GW,interpolated,05.09.2023,Stian Backe <stian.backe@sintef.no>,
World,P_Coal_Lignite,2027,43.5,,MEUR/GW,interpolated,05.09.2023,Stian Backe <stian.backe@sintef.no>,
World,P_Coal_Lignite,2028,43,,MEUR/GW,interpolated,05.09.2023,Stian Backe <stian.backe@sintef.no>,
World,P_Coal_Lignite,2029,42.5,,MEUR/GW,interpolated,05.09.2023,Stian Backe <stian.backe@sintef.no>,
World,P_Coal_Lignite,2031,41.7,,MEUR/GW,interpolated,05.09.2023,Stian Backe <stian.backe@sintef.no>,
World,P_Coal_Lignite,2032,41.4,,MEUR/GW,interpolated,05.09.2023,Stian Backe <stian.backe@sintef.no>,
World,P_Coal_Lignite,2033,41.1,,MEUR/GW,interpolated,05.09.2023,Stian Backe <stian.backe@sintef.no>,
World,P_Coal_Lignite,2034,40.8,,MEUR/GW,interpolated,05.09.2023,Stian Backe <stian.backe@sintef.no>,
World,P_Coal_Lignite,2036,40.2,,MEUR/GW,interpolated,05.09.2023,Stian Backe <stian.backe@sintef.no>,
World,P_Coal_Lignite,2037,39.9,,MEUR/GW,interpolated,05.09.2023,Stian Backe <stian.backe@sintef.no>,
World,P_Coal_Lignite,2038,39.6,,MEUR/GW,interpolated,05.09.2023,Stian Backe <stian.backe@sintef.no>,
World,P_Coal_Lignite,2039,39.3,,MEUR/GW,interpolated,05.09.2023,Stian Backe <stian.backe@sintef.no>,
World,P_Coal_Lignite_CCS,2026,75.175,,MEUR/GW,interpolated,,,
World,P_Coal_Lignite_CCS,2027,74.775,,MEUR/GW,interpolated,,,
World,P_Coal_Lignite_CCS,2028,74.375,,MEUR/GW,interpolated,,,
World,P_Coal_Lignite_CCS,2029,73.975,,MEUR/GW,interpolated,,,
World,P_Coal_Lignite_CCS,2031,73.3775,,MEUR/GW,interpolated,,,
World,P_Coal_Lignite_CCS,2032,73.18,,MEUR/GW,interpolated,,,
World,P_Coal_Lignite_CCS,2033,72.9825,,MEUR/GW,interpolated,,,
World,P_Coal_Lignite_CCS,2034,72.785,,MEUR/GW,interpolated,,,
World,P_Coal_Lignite_CCS,2036,72.39,,MEUR/GW,interpolated,,,
World,P_Coal_Lignite_CCS,2037,72.1925,,MEUR/GW,interpolated,,,
World,P_Coal_Lignite_CCS,2038,71.995,,MEUR/GW,interpolated,,,
World,P_Coal_Lignite_CCS,2039,71.7975,,MEUR/GW,interpolated,,,
World,P_Gas_CCGT,2026,30.1998,,MEUR/GW,interpolated,05.09.2023,Stian Backe <stian.backe@sintef.no>,
World,P_Gas_CCGT,2027,30.0403,,MEUR/GW,interpolated,05.09.2023,Stian Backe <stian.backe@sintef.no>,
World,P_Gas_CCGT,2028,29.8808,,MEUR/GW,interpolated,05.09.2023,Stian Backe <stian.backe@sintef.no>,
World,P_Gas_CCGT,2029,29.7213,,MEUR/GW,interpolated,05.09.2023,Stian Backe <stian.backe@sintef.no>,
World,P_Gas_CCGT,2031,29.4661,,MEUR/GW,interpolated,05.09.2023,Stian Backe <stian.backe@sintef.no>,
World,P_Gas_CCGT,2032,29.3704,,MEUR/GW,interpolated,05.09.2023,Stian Backe <stian.backe@sintef.no>,
World,P_Gas_CCGT,2033,29.2747,,MEUR/GW,interpolated,05.09.2023,Stian Backe <stian.backe@sintef.no>,
World,P_Gas_CCGT,2034,29.1789,,MEUR/GW,interpolated,05.09.2023,Stian Backe <stian.backe@sintef.no>,
World,P_Gas_CCGT,2036,28.9875,,MEUR/GW,interpolated,05.09.2023,Stian Backe <stian.backe@sintef.no>,
World,P_Gas_CCGT,2037,28.8918,,MEUR/GW,interpolated,05.09.2023,Stian Backe <stian.backe@sintef.no>,
World,P_Gas_CCGT,2038,28.7961,,MEUR/GW,interpolated,05.09.2023,Stian Backe <stian.backe@sintef.no>,
World,P_Gas_CCGT,2039,28.7004,,MEUR/GW,interpolated,05.09.2023,Stian Backe <stian.backe@sintef.no>,
World,P_Gas_CCS,2026,70.84,,MEUR/GW,interpolated,,,
World,P_Gas_CCS,2027,70.38,,MEUR/GW,interpolated,,,
World,P_Gas_CCS,2028,69.92,,MEUR/GW,interpolated,,,
World,P_Gas_CCS,2029,69.46,,MEUR/GW,interpolated,,,
World,P_Gas_CCS,2031,68.31,,MEUR/GW,interpolated,,,
World,P_Gas_CCS,2032,67.62,,MEUR/GW,interpolated,,,
World,P_Gas_CCS,2033,66.93,,MEUR/GW,interpolated,,,
World,P_Gas_CCS,2034,66.24,,MEUR/GW,interpolated,,,
World,P_Gas_CCS,2036,64.86,,MEUR/GW,interpolated,,,
World,P_Gas_CCS,2037,64.17,,MEUR/GW,interpolated,,,
World,P_Gas_CCS,2038,63.48,,MEUR/GW,interpolated,,,
World,P_Gas_CCS,2039,62.79,,MEUR/GW,interpolated,,,
World,P_Gas_Engines,2026,10.0808,,MEUR/GW,interpolated,,,
World,P_Gas_Engines,2027,10.0329,,MEUR/GW,interpolated,,,
World,P_Gas_Engines,2028,9.98507,,MEUR/GW,interpolated,,,
World,P_Gas_Engines,2029,9.93722,,MEUR/GW,interpolated,,,
World,P_Gas_Engines,2031,9.84683,,MEUR/GW,interpolated,,,
World,P_Gas_Engines,2032,9.8043,,MEUR/GW,interpolated,,,
World,P_Gas_Engines,2033,9.76176,,MEUR/GW,interpolated,,,
World,P_Gas_Engines,2034,9.71923,,MEUR/GW,interpolated,,,
World,P_Gas_Engines,2036,9.63416,,MEUR/GW,interpolated,,,
World,P_Gas_Engines,2037,9.59162,,MEUR/GW,interpolated,,,
World,P_Gas_Engines,2038,9.54909,,MEUR/GW,interpolated,,,
World,P_Gas_Engines,2039,9.50655,,MEUR/GW,interpolated,,,
World,P_Gas_OCGT,2026,20.1615,,MEUR/GW,interpolated,,,
World,P_Gas_OCGT,2027,20.0658,,MEUR/GW,interpolated,,,
World,P_Gas_OCGT,2028,19.9701,,MEUR/GW,interpolated,,,
World,P_Gas_OCGT,2029,19.8744,,MEUR/GW,interpolated,,,
World,P_Gas_OCGT,2031,19.7468,,MEUR/GW,interpolated,,,
World,P_Gas_OCGT,2032,19.7149,,MEUR/GW,interpolated,,,
World,P_Gas_OCGT,2033,19.683,,MEUR/GW,interpolated,,,
World,P_Gas_OCGT,2034,19.6511,,MEUR/GW,interpolated,,,
World,P_Gas_OCGT,2036,19.5873,,MEUR/GW,interpolated,,,
World,P_Gas_OCGT,2037,19.5554,,MEUR/GW,interpolated,,,
World,P_Gas_OCGT,2038,19.5235,,MEUR/GW,interpolated,,,
World,P_Gas_OCGT,2039,19.4916,,MEUR/GW,interpolated,,,
World,P_Geothermal,2026,50.6,,MEUR/GW,interpolated,06.09.2023,Stian Backe <stian.backe@sintef.no>,
World,P_Geothermal,2027,50.6,,MEUR/GW,interpolated,06.09.2023,Stian Backe <stian.backe@sintef.no>,
World,P_Geothermal,2028,50.6,,MEUR/GW,interpolated,06.09.2023,Stian Backe <stian.backe@sintef.no>,
World,P_Geothermal,2029,50.6,,MEUR/GW,interpolated,06.09.2023,Stian Backe <stian.backe@sintef.no>,
World,P_Geothermal,2031,50.37,,MEUR/GW,interpolated,06.09.2023,Stian Backe <stian.backe@sintef.no>,
World,P_Geothermal,2032,50.14,,MEUR/GW,interpolated,06.09.2023,Stian Backe <stian.backe@sintef.no>,
World,P_Geothermal,2033,49.91,,MEUR/GW,interpolated,06.09.2023,Stian Backe <stian.backe@sintef.no>,
World,P_Geothermal,2034,49.68,,MEUR/GW,interpolated,06.09.2023,Stian Backe <stian.backe@sintef.no>,
World,P_Geothermal,2036,49.22,,MEUR/GW,interpolated,06.09.2023,Stian Backe <stian.backe@sintef.no>,
World,P_Geothermal,2037,48.99,,MEUR/GW,interpolated,06.09.2023,Stian Backe <stian.backe@sintef.no>,
World,P_Geothermal,2038,48.76,,MEUR/GW,interpolated,06.09.2023,Stian Backe <stian.backe@sintef.no>,
World,P_Geothermal,2039,48.53,,MEUR/GW,interpolated,06.09.2023,Stian Backe <stian.backe@sintef.no>,
World,P_H2_OCGT,2026,23.1858,,MEUR/GW,interpolated,,,
World,P_H2_OCGT,2027,23.0757,,MEUR/GW,interpolated,,,
World,P_H2_OCGT,2028,22.9657,,MEUR/GW,interpolated,,,
World,P_H2_OCGT,2029,22.8556,,MEUR/GW,interpolated,,,
World,P_H2_OCGT,2031,22.7089,,MEUR/GW,interpolated,,,
World,P_H2_OCGT,2032,22.6722,,MEUR/GW,interpolated,,,
World,P_H2_OCGT,2033,22.6355,,MEUR/GW,interpolated,,,
World,P_H2_OCGT,2034,22.5988,,MEUR/GW,interpolated,,,
World,P_H2_OCGT,2036,22.5254,,MEUR/GW,interpolated,,,
World,P_H2_OCGT,2037,22.4887,,MEUR/GW,interpolated,,,
World,P_H2_OCGT,2038,22.4521,,MEUR/GW,interpolated,,,
World,P_H2_OCGT,2039,22.4154,,MEUR/GW,interpolated,,,
World,P_Hydro_Reservoir,2026,25.5,,MEUR/GW,interpolated,20.08.2024,Alena Diesing <ad@wip.tu-berlin.de>,
World,P_Hydro_Reservoir,2027,25.5,,MEUR/GW,interpolated,20.08.2024,Alena Diesing <ad@wip.tu-berlin.de>,
World,P_Hydro_Reservoir,2028,25.5,,MEUR/GW,interpolated,20.08.2024,Alena Diesing <ad@wip.tu-berlin.de>,
World,P_Hydro_Reservoir,2029,25.5,,MEUR/GW,interpolated,20.08.2024,Alena Diesing <ad@wip.tu-berlin.de>,
World,P_Hydro_Reservoir,2031,25.5,,MEUR/GW,interpolated,20.08.2024,Alena Diesing <ad@wip.tu-berlin.de>,
World,P_Hydro_Reservoir,2032,25.5,,MEUR/GW,interpolated,20.08.2024,Alena Diesing <ad@wip.tu-berlin.de>,
World,P_Hydro_Reservoir,2033,25.5,,MEUR/GW,interpolated,20.08.2024,Alena Diesing <ad@wip.tu-berlin.de>,
World,P_Hydro_Reservoir,2034,25.5,,MEUR/GW,interpolated,20.08.2024,Alena Diesing <ad@wip.tu-berlin.de>,
World,P_Hydro_Reservoir,2036,25.5,,MEUR/GW,interpolated,20.08.2024,Alena Diesing <ad@wip.tu-berlin.de>,
World,P_Hydro_Reservoir,2037,25.5,,MEUR/GW,interpolated,20.08.2024,Alena Diesing <ad@wip.tu-berlin.de>,
World,P_Hydro_Reservoir,2038,25.5,,MEUR/GW,interpolated,20.08.2024,Alena Diesing <ad@wip.tu-berlin.de>,
World,P_Hydro_Reservoir,2039,25.5,,MEUR/GW,interpolated,20.08.2024,Alena Diesing <ad@wip.tu-berlin.de>,
World,P_Hydro_RoR,2026,8.48,,MEUR/GW,interpolated,08.09.2023,Luka Garibashvili <lukaga@stud.ntnu.no>,
World,P_Hydro_RoR,2027,8.41,,MEUR/GW,interpolated,08.09.2023,Luka Garibashvili <lukaga@stud.ntnu.no>,
World,P_Hydro_RoR,2028,8.34,,MEUR/GW,interpolated,08.09.2023,Luka Garibashvili <lukaga@stud.ntnu.no>,
World,P_Hydro_RoR,2029,8.27,,MEUR/GW,interpolated,08.09.2023,Luka Garibashvili <lukaga@stud.ntnu.no>,
World,P_Hydro_RoR,2031,8.2,,MEUR/GW,interpolated,08.09.2023,Luka Garibashvili <lukaga@stud.ntnu.no>,
World,P_Hydro_RoR,2032,8.2,,MEUR/GW,interpolated,08.09.2023,Luka Garibashvili <lukaga@stud.ntnu.no>,
World,P_Hydro_RoR,2033,8.2,,MEUR/GW,interpolated,08.09.2023,Luka Garibashvili <lukaga@stud.ntnu.no>,
World,P_Hydro_RoR,2034,8.2,,MEUR/GW,interpolated,08.09.2023,Luka Garibashvili <lukaga@stud.ntnu.no>,
World,P_Hydro_RoR,2036,8.2,,MEUR/GW,interpolated,08.09.2023,Luka Garibashvili <lukaga@stud.ntnu.no>,
World,P_Hydro_RoR,2037,8.2,,MEUR/GW,interpolated,08.09.2023,Luka Garibashvili <lukaga@stud.ntnu.no>,
World,P_Hydro_RoR,2038,8.2,,MEUR/GW,interpolated,08.09.2023,Luka Garibashvili <lukaga@stud.ntnu.no>,
World,P_Hydro_RoR,2039,8.2,,MEUR/GW,interpolated,08.09.2023,Luka Garibashvili <lukaga@stud.ntnu.no>,
World,P_Nuclear,2026,117,,MEUR/GW,interpolated,05.09.2023,Stian Backe <stian.backe@sintef.no>,
World,P_Nuclear,2027,116.5,,MEUR/GW,interpolated,05.09.2023,Stian Backe <stian.backe@sintef.no>,
World,P_Nuclear,2028,116,,MEUR/GW,interpolated,05.09.2023,Stian Backe <stian.backe@sintef.no>,
World,P_Nuclear,2029,115.5,,MEUR/GW,interpolated,05.09.2023,Stian Backe <stian.backe@sintef.no>,
World,P_Nuclear,2031,114.3,,MEUR/GW,interpolated,05.09.2023,Stian Backe <stian.backe@sintef.no>,
World,P_Nuclear,2032,113.6,,MEUR/GW,interpolated,05.09.2023,Stian Backe <stian.backe@sintef.no>,
World,P_Nuclear,2033,112.9,,MEUR/GW,interpolated,05.09.2023,Stian Backe <stian.backe@sintef.no>,
World,P_Nuclear,2034,112.2,,MEUR/GW,interpolated,05.09.2023,Stian Backe <stian.backe@sintef.no>,
World,P_Nuclear,2036,110.8,,MEUR/GW,interpolated,05.09.2023,Stian Backe <stian.backe@sintef.no>,
World,P_Nuclear,2037,110.1,,MEUR/GW,interpolated,05.09.2023,Stian Backe <stian.backe@sintef.no>,
World,P_Nuclear,2038,109.4,,MEUR/GW,interpolated,05.09.2023,Stian Backe <stian.backe@sintef.no>,
World,P_Nuclear,2039,108.7,,MEUR/GW,interpolated,05.09.2023,Stian Backe <stian.backe@sintef.no>,
World,P_Ocean,2026,35.82,,MEUR/GW,interpolated,08.09.2023,Luka Garibashvili <lukaga@stud.ntnu.no>,
World,P_Ocean,2027,35.19,,MEUR/GW,interpolated,08.09.2023,Luka Garibashvili <lukaga@stud.ntnu.no>,
World,P_Ocean,2028,34.56,,MEUR/GW,interpolated,08.09.2023,Luka Garibashvili <lukaga@stud.ntnu.no>,
World,P_Ocean,2029,33.93,,MEUR/GW,interpolated,08.09.2023,Luka Garibashvili <lukaga@stud.ntnu.no>,
World,P_Ocean,2031,32.77,,MEUR/GW,interpolated,08.09.2023,Luka Garibashvili <lukaga@stud.ntnu.no>,
World,P_Ocean,2032,32.24,,MEUR/GW,interpolated,08.09.2023,Luka Garibashvili <lukaga@stud.ntnu.no>,
World,P_Ocean,2033,31.71,,MEUR/GW,interpolated,08.09.2023,Luka Garibashvili <lukaga@stud.ntnu.no>,
World,P_Ocean,2034,31.18,,MEUR/GW,interpolated,08.09.2023,Luka Garibashvili <lukaga@stud.ntnu.no>,
World,P_Ocean,2036,30.12,,MEUR/GW,interpolated,08.09.2023,Luka Garibashvili <lukaga@stud.ntnu.no>,
World,P_Ocean,2037,29.59,,MEUR/GW,interpolated,08.09.2023,Luka Garibashvili <lukaga@stud.ntnu.no>,
World,P_Ocean,2038,29.06,,MEUR/GW,interpolated,08.09.2023,Luka Garibashvili <lukaga@stud.ntnu.no>,
World,P_Ocean,2039,28.53,,MEUR/GW,interpolated,08.09.2023,Luka Garibashvili <lukaga@stud.ntnu.no>,
World,P_Oil,2026,9.1331,,MEUR/GW,interpolated,,,
World,P_Oil,2027,9.09566,,MEUR/GW,interpolated,,,
World,P_Oil,2028,9.05823,,MEUR/GW,interpolated,,,
World,P_Oil,2029,9.0208,,MEUR/GW,interpolated,,,
World,P_Oil,2031,8.98337,,MEUR/GW,interpolated,,,
World,P_Oil,2032,8.98337,,MEUR/GW,interpolated,,,
World,P_Oil,2033,8.98337,,MEUR/GW,interpolated,,,
World,P_Oil,2034,8.98337,,MEUR/GW,interpolated,,,
World,P_Oil,2036,8.98337,,MEUR/GW,interpolated,,,
World,P_Oil,2037,8.98337,,MEUR/GW,interpolated,,,
World,P_Oil,2038,8.98337,,MEUR/GW,interpolated,,,
World,P_Oil,2039,8.98337,,MEUR/GW,interpolated,,,
World,P_PV_Rooftop_Commercial,2026,9.58,,MEUR/GW,interpolated,06.09.2023,Stian Backe <stian.backe@sintef.no>,
World,P_PV_Rooftop_Commercial,2027,9.41,,MEUR/GW,interpolated,06.09.2023,Stian Backe <stian.backe@sintef.no>,
World,P_PV_Rooftop_Commercial,2028,9.24,,MEUR/GW,interpolated,06.09.2023,Stian Backe <stian.backe@sintef.no>,
World,P_PV_Rooftop_Commercial,2029,9.07,,MEUR/GW,interpolated,06.09.2023,Stian Backe <stian.backe@sintef.no>,
World,P_PV_Rooftop_Commercial,2031,8.81,,MEUR/GW,interpolated,06.09.2023,Stian Backe <stian.backe@sintef.no>,
World,P_PV_Rooftop_Commercial,2032,8.72,,MEUR/GW,interpolated,06.09.2023,Stian Backe <stian.backe@sintef.no>,
World,P_PV_Rooftop_Commercial,2033,8.63,,MEUR/GW,interpolated,06.09.2023,Stian Backe <stian.backe@sintef.no>,
World,P_PV_Rooftop_Commercial,2034,8.54,,MEUR/GW,interpolated,06.09.2023,Stian Backe <stian.backe@sintef.no>,
World,P_PV_Rooftop_Commercial,2036,8.36,,MEUR/GW,interpolated,06.09.2023,Stian Backe <stian.backe@sintef.no>,
World,P_PV_Rooftop_Commercial,2037,8.27,,MEUR/GW,interpolated,06.09.2023,Stian Backe <stian.backe@sintef.no>,
World,P_PV_Rooftop_Commercial,2038,8.18,,MEUR/GW,interpolated,06.09.2023,Stian Backe <stian.backe@sintef.no>,
World,P_PV_Rooftop_Commercial,2039,8.09,,MEUR/GW,interpolated,06.09.2023,Stian Backe <stian.backe@sintef.no>,
World,P_PV_Rooftop_Residential,2026,11.78,,MEUR/GW,interpolated,06.09.2023,Stian Backe <stian.backe@sintef.no>,
World,P_PV_Rooftop_Residential,2027,11.51,,MEUR/GW,interpolated,06.09.2023,Stian Backe <stian.backe@sintef.no>,
World,P_PV_Rooftop_Residential,2028,11.24,,MEUR/GW,interpolated,06.09.2023,Stian Backe <stian.backe@sintef.no>,
World,P_PV_Rooftop_Residential,2029,10.97,,MEUR/GW,interpolated,06.09.2023,Stian Backe <stian.backe@sintef.no>,
World,P_PV_Rooftop_Residential,2031,10.59,,MEUR/GW,interpolated,06.09.2023,Stian Backe <stian.backe@sintef.no>,
World,P_PV_Rooftop_Residential,2032,10.48,,MEUR/GW,interpolated,06.09.2023,Stian Backe <stian.backe@sintef.no>,
World,P_PV_Rooftop_Residential,2033,10.37,,MEUR/GW,interpolated,06.09.2023,Stian Backe <stian.backe@sintef.no>,
World,P_PV_Rooftop_Residential,2034,10.26,,MEUR/GW,interpolated,06.09.2023,Stian Backe <stian.backe@sintef.no>,
World,P_PV_Rooftop_Residential,2036,10.04,,MEUR/GW,interpolated,06.09.2023,Stian Backe <stian.backe@sintef.no>,
World,P_PV_Rooftop_Residential,2037,9.93,,MEUR/GW,interpolated,06.09.2023,Stian Backe <stian.backe@sintef.no>,
World,P_PV_Rooftop_Residential,2038,9.82,,MEUR/GW,interpolated,06.09.2023,Stian Backe <stian.backe@sintef.no>,
World,P_PV_Rooftop_Residential,2039,9.71,,MEUR/GW,interpolated,06.09.2023,Stian Backe <stian.backe@sintef.no>,
World,P_PV_Utility_Avg,2026,10.22,,MEUR/GW,interpolated,02.09.2025,Nikita Moskalenko <nim@wip.tu-berlin.de>,
World,P_PV_Utility_Avg,2027,10.04,,MEUR/GW,interpolated,02.09.2025,Nikita Moskalenko <nim@wip.tu-berlin.de>,
World,P_PV_Utility_Avg,2028,9.86,,MEUR/GW,interpolated,02.09.2025,Nikita Moskalenko <nim@wip.tu-berlin.de>,
World,P_PV_Utility_Avg,2029,9.68,,MEUR/GW,interpolated,02.09.2025,Nikita Moskalenko <nim@wip.tu-berlin.de>,
World,P_PV_Utility_Avg,2031,9.36,,MEUR/GW,interpolated,02.09.2025,Nikita Moskalenko <nim@wip.tu-berlin.de>,
World,P_PV_Utility_Avg,2032,9.22,,MEUR/GW,interpolated,02.09.2025,Nikita Moskalenko <nim@wip.tu-berlin.de>,
World,P_PV_Utility_Avg,2033,9.08,,MEUR/GW,interpolated,02.09.2025,Nikita Moskalenko <nim@wip.tu-berlin.de>,
World,P_PV_Utility_Avg,2034,8.94,,MEUR/GW,interpolated,02.09.2025,Nikita Moskalenko <nim@wip.tu-berlin.de>,
World,P_PV_Utility_Avg,2036,8.66,,MEUR/GW,interpolated,02.09.2025,Nikita Moskalenko <nim@wip.tu-berlin.de>,
World,P_PV_Utility_Avg,2037,8.52,,MEUR/GW,interpolated,02.09.2025,Nikita Moskalenko <nim@wip.tu-berlin.de>,
World,P_PV_Utility_Avg,2038,8.38,,MEUR/GW,interpolated,02.09.2025,Nikita Moskalenko <nim@wip.tu-berlin.de>,
World,P_PV_Utility_Avg,2039,8.24,,MEUR/GW,interpolated,02.09.2025,Nikita Moskalenko <nim@wip.tu-berlin.de>,
World,P_PV_Utility_Inf,2026,10.22,,MEUR/GW,interpolated,02.09.2025,Nikita Moskalenko <nim@wip.tu-berlin.de>,
World,P_PV_Utility_Inf,2027,10.04,,MEUR/GW,interpolated,02.09.2025,Nikita Moskalenko <nim@wip.tu-berlin.de>,
World,P_PV_Utility_Inf,2028,9.86,,MEUR/GW,interpolated,02.09.2025,Nikita Moskalenko <nim@wip.tu-berlin.de>,
World,P_PV_Utility_Inf,2029,9.68,,MEUR/GW,interpolated,02.09.2025,Nikita Moskalenko <nim@wip.tu-berlin.de>,
World,P_PV_Utility_Inf,2031,9.36,,MEUR/GW,interpolated,02.09.2025,Nikita Moskalenko <nim@wip.tu-berlin.de>,
World,P_PV_Utility_Inf,2032,9.22,,MEUR/GW,interpolated,02.09.2025,Nikita Moskalenko <nim@wip.tu-berlin.de>,
World,P_PV_Utility_Inf,2033,9.08,,MEUR/GW,interpolated,02.09.2025,Nikita Moskalenko <nim@wip.tu-berlin.de>,
World,P_PV_Utility_Inf,2034,8.94,,MEUR/GW,interpolated,02.09.2025,Nikita Moskalenko <nim@wip.tu-berlin.de>,
World,P_PV_Utility_Inf,2036,8.66,,MEUR/GW,interpolated,02.09.2025,Nikita Moskalenko <nim@wip.tu-berlin.de>,
World,P_PV_Utility_Inf,2037,8.52,,MEUR/GW,interpolated,02.09.2025,Nikita Moskalenko <nim@wip.tu-berlin.de>,
World,P_PV_Utility_Inf,2038,8.38,,MEUR/GW,interpolated,02.09.2025,Nikita Moskalenko <nim@wip.tu-berlin.de>,
World,P_PV_Utility_Inf,2039,8.24,,MEUR/GW,interpolated,02.09.2025,Nikita Moskalenko <nim@wip.tu-berlin.de>,
World,P_PV_Utility_Opt,2026,10.22,,MEUR/GW,interpolated,02.09.2025,Nikita Moskalenko <nim@wip.tu-berlin.de>,
World,P_PV_Utility_Opt,2027,10.04,,MEUR/GW,interpolated,02.09.2025,Nikita Moskalenko <nim@wip.tu-berlin.de>,
World,P_PV_Utility_Opt,2028,9.86,,MEUR/GW,interpolated,02.09.2025,Nikita Moskalenko <nim@wip.tu-berlin.de>,
World,P_PV_Utility_Opt,2029,9.68,,MEUR/GW,interpolated,02.09.2025,Nikita Moskalenko <nim@wip.tu-berlin.de>,
World,P_PV_Utility_Opt,2031,9.36,,MEUR/GW,interpolated,02.09.2025,Nikita Moskalenko <nim@wip.tu-berlin.de>,
World,P_PV_Utility_Opt,2032,9.22,,MEUR/GW,interpolated,02.09.2025,Nikita Moskalenko <nim@wip.tu-berlin.de>,
World,P_PV_Utility_Opt,2033,9.08,,MEUR/GW,interpolated,02.09.2025,Nikita Moskalenko <nim@wip.tu-berlin.de>,
World,P_PV_Utility_Opt,2034,8.94,,MEUR/GW,interpolated,02.09.2025,Nikita Moskalenko <nim@wip.tu-berlin.de>,
World,P_PV_Utility_Opt,2036,8.66,,MEUR/GW,interpolated,02.09.2025,Nikita Moskalenko <nim@wip.tu-berlin.de>,
World,P_PV_Utility_Opt,2037,8.52,,MEUR/GW,interpolated,02.09.2025,Nikita Moskalenko <nim@wip.tu-berlin.de>,
World,P_PV_Utility_Opt,2038,8.38,,MEUR/GW,interpolated,02.09.2025,Nikita Moskalenko <nim@wip.tu-berlin.de>,
World,P_PV_Utility_Opt,2039,8.24,,MEUR/GW,interpolated,02.09.2025,Nikita Moskalenko <nim@wip.tu-berlin.de>,
World,P_PV_Utility_Tracking,2026,11.08,,MEUR/GW,interpolated,02.09.2025,Nikita Moskalenko <nim@wip.tu-berlin.de>,
World,P_PV_Utility_Tracking,2027,10.91,,MEUR/GW,interpolated,02.09.2025,Nikita Moskalenko <nim@wip.tu-berlin.de>,
World,P_PV_Utility_Tracking,2028,10.74,,MEUR/GW,interpolated,02.09.2025,Nikita Moskalenko <nim@wip.tu-berlin.de>,
World,P_PV_Utility_Tracking,2029,10.57,,MEUR/GW,interpolated,02.09.2025,Nikita Moskalenko <nim@wip.tu-berlin.de>,
World,P_PV_Utility_Tracking,2031,10.3,,MEUR/GW,interpolated,02.09.2025,Nikita Moskalenko <nim@wip.tu-berlin.de>,
World,P_PV_Utility_Tracking,2032,10.2,,MEUR/GW,interpolated,02.09.2025,Nikita Moskalenko <nim@wip.tu-berlin.de>,
World,P_PV_Utility_Tracking,2033,10.1,,MEUR/GW,interpolated,02.09.2025,Nikita Moskalenko <nim@wip.tu-berlin.de>,
World,P_PV_Utility_Tracking,2034,10,,MEUR/GW,interpolated,02.09.2025,Nikita Moskalenko <nim@wip.tu-berlin.de>,
World,P_PV_Utility_Tracking,2036,9.8,,MEUR/GW,interpolated,02.09.2025,Nikita Moskalenko <nim@wip.tu-berlin.de>,
World,P_PV_Utility_Tracking,2037,9.7,,MEUR/GW,interpolated,02.09.2025,Nikita Moskalenko <nim@wip.tu-berlin.de>,
World,P_PV_Utility_Tracking,2038,9.6,,MEUR/GW,interpolated,02.09.2025,Nikita Moskalenko <nim@wip.tu-berlin.de>,
World,P_PV_Utility_Tracking,2039,9.5,,MEUR/GW,interpolated,02.09.2025,Nikita Moskalenko <nim@wip.tu-berlin.de>,
World,P_Wind_Offshore_Deep,2026,47.8,,MEUR/GW,interpolated,04.09.2025,Nikita Moskalenko <nim@wip.tu-berlin.de>,
World,P_Wind_Offshore_Deep,2027,46.6,,MEUR/GW,interpolated,04.09.2025,Nikita Moskalenko <nim@wip.tu-berlin.de>,
World,P_Wind_Offshore_Deep,2028,45.4,,MEUR/GW,interpolated,04.09.2025,Nikita Moskalenko <nim@wip.tu-berlin.de>,
World,P_Wind_Offshore_Deep,2029,44.2,,MEUR/GW,interpolated,04.09.2025,Nikita Moskalenko <nim@wip.tu-berlin.de>,
World,P_Wind_Offshore_Deep,2031,42.7,,MEUR/GW,interpolated,04.09.2025,Nikita Moskalenko <nim@wip.tu-berlin.de>,
World,P_Wind_Offshore_Deep,2032,42.4,,MEUR/GW,interpolated,04.09.2025,Nikita Moskalenko <nim@wip.tu-berlin.de>,
World,P_Wind_Offshore_Deep,2033,42.1,,MEUR/GW,interpolated,04.09.2025,Nikita Moskalenko <nim@wip.tu-berlin.de>,
World,P_Wind_Offshore_Deep,2034,41.8,,MEUR/GW,interpolated,04.09.2025,Nikita Moskalenko <nim@wip.tu-berlin.de>,
World,P_Wind_Offshore_Deep,2036,41.2,,MEUR/GW,interpolated,04.09.2025,Nikita Moskalenko <nim@wip.tu-berlin.de>,
World,P_Wind_Offshore_Deep,2037,40.9,,MEUR/GW,interpolated,04.09.2025,Nikita Moskalenko <nim@wip.tu-berlin.de>,
World,P_Wind_Offshore_Deep,2038,40.6,,MEUR/GW,interpolated,04.09.2025,Nikita Moskalenko <nim@wip.tu-berlin.de>,
World,P_Wind_Offshore_Deep,2039,40.3,,MEUR/GW,interpolated,04.09.2025,Nikita Moskalenko <nim@wip.tu-berlin.de>,
World,P_Wind_Offshore_Shallow,2026,29.4,,MEUR/GW,interpolated,04.09.2025,Nikita Moskalenko <nim@wip.tu-berlin.de>,
World,P_Wind_Offshore_Shallow,2027,28.8,,MEUR/GW,interpolated,04.09.2025,Nikita Moskalenko <nim@wip.tu-berlin.de>,
World,P_Wind_Offshore_Shallow,2028,28.2,,MEUR/GW,interpolated,04.09.2025,Nikita Moskalenko <nim@wip.tu-berlin.de>,
World,P_Wind_Offshore_Shallow,2029,27.6,,MEUR/GW,interpolated,04.09.2025,Nikita Moskalenko <nim@wip.tu-berlin.de>,
World,P_Wind_Offshore_Shallow,2031,26.9,,MEUR/GW,interpolated,04.09.2025,Nikita Moskalenko <nim@wip.tu-berlin.de>,
World,P_Wind_Offshore_Shallow,2032,26.8,,MEUR/GW,interpolated,04.09.2025,Nikita Moskalenko <nim@wip.tu-berlin.de>,
World,P_Wind_Offshore_Shallow,2033,26.7,,MEUR/GW,interpolated,04.09.2025,Nikita Moskalenko <nim@wip.tu-berlin.de>,
World,P_Wind_Offshore_Shallow,2034,26.6,,MEUR/GW,interpolated,04.09.2025,Nikita Moskalenko <nim@wip.tu-berlin.de>,
World,P_Wind_Offshore_Shallow,2036,26.4,,MEUR/GW,interpolated,04.09.2025,Nikita Moskalenko <nim@wip.tu-berlin.de>,
World,P_Wind_Offshore_Shallow,2037,26.3,,MEUR/GW,interpolated,04.09.2025,Nikita Moskalenko <nim@wip.tu-berlin.de>,
World,P_Wind_Offshore_Shallow,2038,26.2,,MEUR/GW,interpolated,04.09.2025,Nikita Moskalenko <nim@wip.tu-berlin.de>,
World,P_Wind_Offshore_Shallow,2039,26.1,,MEUR/GW,interpolated,04.09.2025,Nikita Moskalenko <nim@wip.tu-berlin.de>,
World,P_Wind_Offshore_Transitional,2026,38.4,,MEUR/GW,interpolated,04.09.2025,Nikita Moskalenko <nim@wip.tu-berlin.de>,
World,P_Wind_Offshore_Transitional,2027,37.3,,MEUR/GW,interpolated,04.09.2025,Nikita Moskalenko <nim@wip.tu-berlin.de>,
World,P_Wind_Offshore_Transitional,2028,36.2,,MEUR/GW,interpolated,04.09.2025,Nikita Moskalenko <nim@wip.tu-berlin.de>,
World,P_Wind_Offshore_Transitional,2029,35.1,,MEUR/GW,interpolated,04.09.2025,Nikita Moskalenko <nim@wip.tu-berlin.de>,
World,P_Wind_Offshore_Transitional,2031,33.8,,MEUR/GW,interpolated,04.09.2025,Nikita Moskalenko <nim@wip.tu-berlin.de>,
World,P_Wind_Offshore_Transitional,2032,33.6,,MEUR/GW,interpolated,04.09.2025,Nikita Moskalenko <nim@wip.tu-berlin.de>,
World,P_Wind_Offshore_Transitional,2033,33.4,,MEUR/GW,interpolated,04.09.2025,Nikita Moskalenko <nim@wip.tu-berlin.de>,
World,P_Wind_Offshore_Transitional,2034,33.2,,MEUR/GW,interpolated,04.09.2025,Nikita Moskalenko <nim@wip.tu-berlin.de>,
World,P_Wind_Offshore_Transitional,2036,32.8,,MEUR/GW,interpolated,04.09.2025,Nikita Moskalenko <nim@wip.tu-berlin.de>,
World,P_Wind_Offshore_Transitional,2037,32.6,,MEUR/GW,interpolated,04.09.2025,Nikita Moskalenko <nim@wip.tu-berlin.de>,
World,P_Wind_Offshore_Transitional,2038,32.4,,MEUR/GW,interpolated,04.09.2025,Nikita Moskalenko <nim@wip.tu-berlin.de>,
World,P_Wind_Offshore_Transitional,2039,32.2,,MEUR/GW,interpolated,04.09.2025,Nikita Moskalenko <nim@wip.tu-berlin.de>,
World,P_Wind_Onshore_Avg,2026,14,,MEUR/GW,interpolated,04.09.2025,Nikita Moskalenko <nim@wip.tu-berlin.de>,
World,P_Wind_Onshore_Avg,2027,14,,MEUR/GW,interpolated,04.09.2025,Nikita Moskalenko <nim@wip.tu-berlin.de>,
World,P_Wind_Onshore_Avg,2028,14,,MEUR/GW,interpolated,04.09.2025,Nikita Moskalenko <nim@wip.tu-berlin.de>,
World,P_Wind_Onshore_Avg,2029,14,,MEUR/GW,interpolated,04.09.2025,Nikita Moskalenko <nim@wip.tu-berlin.de>,
World,P_Wind_Onshore_Avg,2031,13.8,,MEUR/GW,interpolated,04.09.2025,Nikita Moskalenko <nim@wip.tu-berlin.de>,
World,P_Wind_Onshore_Avg,2032,13.6,,MEUR/GW,interpolated,04.09.2025,Nikita Moskalenko <nim@wip.tu-berlin.de>,
World,P_Wind_Onshore_Avg,2033,13.4,,MEUR/GW,interpolated,04.09.2025,Nikita Moskalenko <nim@wip.tu-berlin.de>,
World,P_Wind_Onshore_Avg,2034,13.2,,MEUR/GW,interpolated,04.09.2025,Nikita Moskalenko <nim@wip.tu-berlin.de>,
World,P_Wind_Onshore_Avg,2036,12.8,,MEUR/GW,interpolated,04.09.2025,Nikita Moskalenko <nim@wip.tu-berlin.de>,
World,P_Wind_Onshore_Avg,2037,12.6,,MEUR/GW,interpolated,04.09.2025,Nikita Moskalenko <nim@wip.tu-berlin.de>,
World,P_Wind_Onshore_Avg,2038,12.4,,MEUR/GW,interpolated,04.09.2025,Nikita Moskalenko <nim@wip.tu-berlin.de>,
World,P_Wind_Onshore_Avg,2039,12.2,,MEUR/GW,interpolated,04.09.2025,Nikita Moskalenko <nim@wip.tu-berlin.de>,
World,P_Wind_Onshore_Inf,2026,13,,MEUR/GW,interpolated,04.09.2025,Nikita Moskalenko <nim@wip.tu-berlin.de>,
World,P_Wind_Onshore_Inf,2027,13,,MEUR/GW,interpolated,04.09.2025,Nikita Moskalenko <nim@wip.tu-berlin.de>,
World,P_Wind_Onshore_Inf,2028,13,,MEUR/GW,interpolated,04.09.2025,Nikita Moskalenko <nim@wip.tu-berlin.de>,
World,P_Wind_Onshore_Inf,2029,13,,MEUR/GW,interpolated,04.09.2025,Nikita Moskalenko <nim@wip.tu-berlin.de>,
World,P_Wind_Onshore_Inf,2031,12.9,,MEUR/GW,interpolated,04.09.2025,Nikita Moskalenko <nim@wip.tu-berlin.de>,
World,P_Wind_Onshore_Inf,2032,12.8,,MEUR/GW,interpolated,04.09.2025,Nikita Moskalenko <nim@wip.tu-berlin.de>,
World,P_Wind_Onshore_Inf,2033,12.7,,MEUR/GW,interpolated,04.09.2025,Nikita Moskalenko <nim@wip.tu-berlin.de>,
World,P_Wind_Onshore_Inf,2034,12.6,,MEUR/GW,interpolated,04.09.2025,Nikita Moskalenko <nim@wip.tu-berlin.de>,
World,P_Wind_Onshore_Inf,2036,12.4,,MEUR/GW,interpolated,04.09.2025,Nikita Moskalenko <nim@wip.tu-berlin.de>,
World,P_Wind_Onshore_Inf,2037,12.3,,MEUR/GW,interpolated,04.09.2025,Nikita Moskalenko <nim@wip.tu-berlin.de>,
World,P_Wind_Onshore_Inf,2038,12.2,,MEUR/GW,interpolated,04.09.2025,Nikita Moskalenko <nim@wip.tu-berlin.de>,
World,P_Wind_Onshore_Inf,2039,12.1,,MEUR/GW,interpolated,04.09.2025,Nikita Moskalenko <nim@wip.tu-berlin.de>,
World,P_Wind_Onshore_Opt,2026,21.4,,MEUR/GW,interpolated,04.09.2025,Nikita Moskalenko <nim@wip.tu-berlin.de>,
World,P_Wind_Onshore_Opt,2027,21.3,,MEUR/GW,interpolated,04.09.2025,Nikita Moskalenko <nim@wip.tu-berlin.de>,
World,P_Wind_Onshore_Opt,2028,21.2,,MEUR/GW,interpolated,04.09.2025,Nikita Moskalenko <nim@wip.tu-berlin.de>,
World,P_Wind_Onshore_Opt,2029,21.1,,MEUR/GW,interpolated,04.09.2025,Nikita Moskalenko <nim@wip.tu-berlin.de>,
World,P_Wind_Onshore_Opt,2031,20.9,,MEUR/GW,interpolated,04.09.2025,Nikita Moskalenko <nim@wip.tu-berlin.de>,
World,P_Wind_Onshore_Opt,2032,20.8,,MEUR/GW,interpolated,04.09.2025,Nikita Moskalenko <nim@wip.tu-berlin.de>,
World,P_Wind_Onshore_Opt,2033,20.7,,MEUR/GW,interpolated,04.09.2025,Nikita Moskalenko <nim@wip.tu-berlin.de>,
World,P_Wind_Onshore_Opt,2034,20.6,,MEUR/GW,interpolated,04.09.2025,Nikita Moskalenko <nim@wip.tu-berlin.de>,
World,P_Wind_Onshore_Opt,2036,20.4,,MEUR/GW,interpolated,04.09.2025,Nikita Moskalenko <nim@wip.tu-berlin.de>,
World,P_Wind_Onshore_Opt,2037,20.3,,MEUR/GW,interpolated,04.09.2025,Nikita Moskalenko <nim@wip.tu-berlin.de>,
World,P_Wind_Onshore_Opt,2038,20.2,,MEUR/GW,interpolated,04.09.2025,Nikita Moskalenko <nim@wip.tu-berlin.de>,
World,P_Wind_Onshore_Opt,2039,20.1,,MEUR/GW,interpolated,04.09.2025,Nikita Moskalenko <nim@wip.tu-berlin.de>,
World,R_Biogas,2026,0.01,,MEUR/GW,interpolated,20.06.2025,Nikita Moskalenko <nim@wip.tu-berlin.de>,
World,R_Biogas,2027,0.01,,MEUR/GW,interpolated,20.06.2025,Nikita Moskalenko <nim@wip.tu-berlin.de>,
World,R_Biogas,2028,0.01,,MEUR/GW,interpolated,20.06.2025,Nikita Moskalenko <nim@wip.tu-berlin.de>,
World,R_Biogas,2029,0.01,,MEUR/GW,interpolated,20.06.2025,Nikita Moskalenko <nim@wip.tu-berlin.de>,
World,R_Biogas,2031,0.01,,MEUR/GW,interpolated,20.06.2025,Nikita Moskalenko <nim@wip.tu-berlin.de>,
World,R_Biogas,2032,0.01,,MEUR/GW,interpolated,20.06.2025,Nikita Moskalenko <nim@wip.tu-berlin.de>,
World,R_Biogas,2033,0.01,,MEUR/GW,interpolated,20.06.2025,Nikita Moskalenko <nim@wip.tu-berlin.de>,
World,R_Biogas,2034,0.01,,MEUR/GW,interpolated,20.06.2025,Nikita Moskalenko <nim@wip.tu-berlin.de>,
World,R_Biogas,2036,0.01,,MEUR/GW,interpolated,20.06.2025,Nikita Moskalenko <nim@wip.tu-berlin.de>,
World,R_Biogas,2037,0.01,,MEUR/GW,interpolated,20.06.2025,Nikita Moskalenko <nim@wip.tu-berlin.de>,
World,R_Biogas,2038,0.01,,MEUR/GW,interpolated,20.06.2025,Nikita Moskalenko <nim@wip.tu-berlin.de>,
World,R_Biogas,2039,0.01,,MEUR/GW,interpolated,20.06.2025,Nikita Moskalenko <nim@wip.tu-berlin.de>,
World,R_Grass,2026,0.01,,MEUR/GW,interpolated,20.06.2025,Nikita Moskalenko <nim@wip.tu-berlin.de>,
World,R_Grass,2027,0.01,,MEUR/GW,interpolated,20.06.2025,Nikita Moskalenko <nim@wip.tu-berlin.de>,
World,R_Grass,2028,0.01,,MEUR/GW,interpolated,20.06.2025,Nikita Moskalenko <nim@wip.tu-berlin.de>,
World,R_Grass,2029,0.01,,MEUR/GW,interpolated,20.06.2025,Nikita Moskalenko <nim@wip.tu-berlin.de>,
World,R_Grass,2031,0.01,,MEUR/GW,interpolated,20.06.2025,Nikita Moskalenko <nim@wip.tu-berlin.de>,
World,R_Grass,2032,0.01,,MEUR/GW,interpolated,20.06.2025,Nikita Moskalenko <nim@wip.tu-berlin.de>,
World,R_Grass,2033,0.01,,MEUR/GW,interpolated,20.06.2025,Nikita Moskalenko <nim@wip.tu-berlin.de>,
World,R_Grass,2034,0.01,,MEUR/GW,interpolated,20.06.2025,Nikita Moskalenko <nim@wip.tu-berlin.de>,
World,R_Grass,2036,0.01,,MEUR/GW,interpolated,20.06.2025,Nikita Moskalenko <nim@wip.tu-berlin.de>,
World,R_Grass,2037,0.01,,MEUR/GW,interpolated,20.06.2025,Nikita Moskalenko <nim@wip.tu-berlin.de>,
World,R_Grass,2038,0.01,,MEUR/GW,interpolated,20.06.2025,Nikita Moskalenko <nim@wip.tu-berlin.de>,
World,R_Grass,2039,0.01,,MEUR/GW,interpolated,20.06.2025,Nikita Moskalenko <nim@wip.tu-berlin.de>,
World,R_Paper_Cardboard,2026,0.01,,MEUR/GW,interpolated,20.06.2025,Nikita Moskalenko <nim@wip.tu-berlin.de>,
World,R_Paper_Cardboard,2027,0.01,,MEUR/GW,interpolated,20.06.2025,Nikita Moskalenko <nim@wip.tu-berlin.de>,
World,R_Paper_Cardboard,2028,0.01,,MEUR/GW,interpolated,20.06.2025,Nikita Moskalenko <nim@wip.tu-berlin.de>,
World,R_Paper_Cardboard,2029,0.01,,MEUR/GW,interpolated,20.06.2025,Nikita Moskalenko <nim@wip.tu-berlin.de>,
World,R_Paper_Cardboard,2031,0.01,,MEUR/GW,interpolated,20.06.2025,Nikita Moskalenko <nim@wip.tu-berlin.de>,
World,R_Paper_Cardboard,2032,0.01,,MEUR/GW,interpolated,20.06.2025,Nikita Moskalenko <nim@wip.tu-berlin.de>,
World,R_Paper_Cardboard,2033,0.01,,MEUR/GW,interpolated,20.06.2025,Nikita Moskalenko <nim@wip.tu-berlin.de>,
World,R_Paper_Cardboard,2034,0.01,,MEUR/GW,interpolated,20.06.2025,Nikita Moskalenko <nim@wip.tu-berlin.de>,
World,R_Paper_Cardboard,2036,0.01,,MEUR/GW,interpolated,20.06.2025,Nikita Moskalenko <nim@wip.tu-berlin.de>,
World,R_Paper_Cardboard,2037,0.01,,MEUR/GW,interpolated,20.06.2025,Nikita Moskalenko <nim@wip.tu-berlin.de>,
World,R_Paper_Cardboard,2038,0.01,,MEUR/GW,interpolated,20.06.2025,Nikita Moskalenko <nim@wip.tu-berlin.de>,
World,R_Paper_Cardboard,2039,0.01,,MEUR/GW,interpolated,20.06.2025,Nikita Moskalenko <nim@wip.tu-berlin.de>,
World,R_Residues,2026,0.01,,MEUR/GW,interpolated,20.06.2025,Nikita Moskalenko <nim@wip.tu-berlin.de>,
World,R_Residues,2027,0.01,,MEUR/GW,interpolated,20.06.2025,Nikita Moskalenko <nim@wip.tu-berlin.de>,
World,R_Residues,2028,0.01,,MEUR/GW,interpolated,20.06.2025,Nikita Moskalenko <nim@wip.tu-berlin.de>,
World,R_Residues,2029,0.01,,MEUR/GW,interpolated,20.06.2025,Nikita Moskalenko <nim@wip.tu-berlin.de>,
World,R_Residues,2031,0.01,,MEUR/GW,interpolated,20.06.2025,Nikita Moskalenko <nim@wip.tu-berlin.de>,
World,R_Residues,2032,0.01,,MEUR/GW,interpolated,20.06.2025,Nikita Moskalenko <nim@wip.tu-berlin.de>,
World,R_Residues,2033,0.01,,MEUR/GW,interpolated,20.06.2025,Nikita Moskalenko <nim@wip.tu-berlin.de>,
World,R_Residues,2034,0.01,,MEUR/GW,interpolated,20.06.2025,Nikita Moskalenko <nim@wip.tu-berlin.de>,
World,R_Residues,2036,0.01,,MEUR/GW,interpolated,20.06.2025,Nikita Moskalenko <nim@wip.tu-berlin.de>,
World,R_Residues,2037,0.01,,MEUR/GW,interpolated,20.06.2025,Nikita Moskalenko <nim@wip.tu-berlin.de>,
World,R_Residues,2038,0.01,,MEUR/GW,interpolated,20.06.2025,Nikita Moskalenko <nim@wip.tu-berlin.de>,
World,R_Residues,2039,0.01,,MEUR/GW,interpolated,20.06.2025,Nikita Moskalenko <nim@wip.tu-berlin.de>,
World,R_Roundwood,2026,0.01,,MEUR/GW,interpolated,20.06.2025,Nikita Moskalenko <nim@wip.tu-berlin.de>,
World,R_Roundwood,2027,0.01,,MEUR/GW,interpolated,20.06.2025,Nikita Moskalenko <nim@wip.tu-berlin.de>,
World,R_Roundwood,2028,0.01,,MEUR/GW,interpolated,20.06.2025,Nikita Moskalenko <nim@wip.tu-berlin.de>,
World,R_Roundwood,2029,0.01,,MEUR/GW,interpolated,20.06.2025,Nikita Moskalenko <nim@wip.tu-berlin.de>,
World,R_Roundwood,2031,0.01,,MEUR/GW,interpolated,20.06.2025,Nikita Moskalenko <nim@wip.tu-berlin.de>,
World,R_Roundwood,2032,0.01,,MEUR/GW,interpolated,20.06.2025,Nikita Moskalenko <nim@wip.tu-berlin.de>,
World,R_Roundwood,2033,0.01,,MEUR/GW,interpolated,20.06.2025,Nikita Moskalenko <nim@wip.tu-berlin.de>,
World,R_Roundwood,2034,0.01,,MEUR/GW,interpolated,20.06.2025,Nikita Moskalenko <nim@wip.tu-berlin.de>,
World,R_Roundwood,2036,0.01,,MEUR/GW,interpolated,20.06.2025,Nikita Moskalenko <nim@wip.tu-berlin.de>,
World,R_Roundwood,2037,0.01,,MEUR/GW,interpolated,20.06.2025,Nikita Moskalenko <nim@wip.tu-berlin.de>,
World,R_Roundwood,2038,0.01,,MEUR/GW,interpolated,20.06.2025,Nikita Moskalenko <nim@wip.tu-berlin.de>,
World,R_Roundwood,2039,0.01,,MEUR/GW,interpolated,20.06.2025,Nikita Moskalenko <nim@wip.tu-berlin.de>,
World,R_Wood,2026,0.01,,MEUR/GW,interpolated,20.06.2025,Nikita Moskalenko <nim@wip.tu-berlin.de>,
World,R_Wood,2027,0.01,,MEUR/GW,interpolated,20.06.2025,Nikita Moskalenko <nim@wip.tu-berlin.de>,
World,R_Wood,2028,0.01,,MEUR/GW,interpolated,20.06.2025,Nikita Moskalenko <nim@wip.tu-berlin.de>,
World,R_Wood,2029,0.01,,MEUR/GW,interpolated,20.06.2025,Nikita Moskalenko <nim@wip.tu-berlin.de>,
World,R_Wood,2031,0.01,,MEUR/GW,interpolated,20.06.2025,Nikita Moskalenko <nim@wip.tu-berlin.de>,
World,R_Wood,2032,0.01,,MEUR/GW,interpolated,20.06.2025,Nikita Moskalenko <nim@wip.tu-berlin.de>,
World,R_Wood,2033,0.01,,MEUR/GW,interpolated,20.06.2025,Nikita Moskalenko <nim@wip.tu-berlin.de>,
World,R_Wood,2034,0.01,,MEUR/GW,interpolated,20.06.2025,Nikita Moskalenko <nim@wip.tu-berlin.de>,
World,R_Wood,2036,0.01,,MEUR/GW,interpolated,20.06.2025,Nikita Moskalenko <nim@wip.tu-berlin.de>,
World,R_Wood,2037,0.01,,MEUR/GW,interpolated,20.06.2025,Nikita Moskalenko <nim@wip.tu-berlin.de>,
World,R_Wood,2038,0.01,,MEUR/GW,interpolated,20.06.2025,Nikita Moskalenko <nim@wip.tu-berlin.de>,
World,R_Wood,2039,0.01,,MEUR/GW,interpolated,20.06.2025,Nikita Moskalenko <nim@wip.tu-berlin.de>,
World,X_ATR_CCS,2026,23.4,,MEUR/GW,interpolated,08.10.2024,Stian Backe <stian.backe@sintef.no>,
World,X_ATR_CCS,2027,22.8,,MEUR/GW,interpolated,08.10.2024,Stian Backe <stian.backe@sintef.no>,
World,X_ATR_CCS,2028,22.2,,MEUR/GW,interpolated,08.10.2024,Stian Backe <stian.backe@sintef.no>,
World,X_ATR_CCS,2029,21.6,,MEUR/GW,interpolated,08.10.2024,Stian Backe <stian.backe@sintef.no>,
World,X_ATR_CCS,2031,21,,MEUR/GW,interpolated,08.10.2024,Stian Backe <stian.backe@sintef.no>,
World,X_ATR_CCS,2032,21,,MEUR/GW,interpolated,08.10.2024,Stian Backe <stian.backe@sintef.no>,
World,X_ATR_CCS,2033,21,,MEUR/GW,interpolated,08.10.2024,Stian Backe <stian.backe@sintef.no>,
World,X_ATR_CCS,2034,21,,MEUR/GW,interpolated,08.10.2024,Stian Backe <stian.backe@sintef.no>,
World,X_ATR_CCS,2036,21,,MEUR/GW,interpolated,08.10.2024,Stian Backe <stian.backe@sintef.no>,
World,X_ATR_CCS,2037,21,,MEUR/GW,interpolated,08.10.2024,Stian Backe <stian.backe@sintef.no>,
World,X_ATR_CCS,2038,21,,MEUR/GW,interpolated,08.10.2024,Stian Backe <stian.backe@sintef.no>,
World,X_ATR_CCS,2039,21,,MEUR/GW,interpolated,08.10.2024,Stian Backe <stian.backe@sintef.no>,
World,X_Biofuel,2026,38,,MEUR/GW,interpolated,,,
World,X_Biofuel,2027,38,,MEUR/GW,interpolated,,,
World,X_Biofuel,2028,38,,MEUR/GW,interpolated,,,
World,X_Biofuel,2029,38,,MEUR/GW,interpolated,,,
World,X_Biofuel,2031,38,,MEUR/GW,interpolated,,,
World,X_Biofuel,2032,38,,MEUR/GW,interpolated,,,
World,X_Biofuel,2033,38,,MEUR/GW,interpolated,,,
World,X_Biofuel,2034,38,,MEUR/GW,interpolated,,,
World,X_Biofuel,2036,38,,MEUR/GW,interpolated,,,
World,X_Biofuel,2037,38,,MEUR/GW,interpolated,,,
World,X_Biofuel,2038,38,,MEUR/GW,interpolated,,,
World,X_Biofuel,2039,38,,MEUR/GW,interpolated,,,
World,X_Electrolysis,2026,32.4,,MEUR/GW,interpolated,29.08.2025,Nikita Moskalenko <nim@wip.tu-berlin.de>,
World,X_Electrolysis,2027,29.8,,MEUR/GW,interpolated,29.08.2025,Nikita Moskalenko <nim@wip.tu-berlin.de>,
World,X_Electrolysis,2028,27.2,,MEUR/GW,interpolated,29.08.2025,Nikita Moskalenko <nim@wip.tu-berlin.de>,
World,X_Electrolysis,2029,24.6,,MEUR/GW,interpolated,29.08.2025,Nikita Moskalenko <nim@wip.tu-berlin.de>,
World,X_Electrolysis,2031,21.5,,MEUR/GW,interpolated,29.08.2025,Nikita Moskalenko <nim@wip.tu-berlin.de>,
World,X_Electrolysis,2032,21,,MEUR/GW,interpolated,29.08.2025,Nikita Moskalenko <nim@wip.tu-berlin.de>,
World,X_Electrolysis,2033,20.5,,MEUR/GW,interpolated,29.08.2025,Nikita Moskalenko <nim@wip.tu-berlin.de>,
World,X_Electrolysis,2034,20,,MEUR/GW,interpolated,29.08.2025,Nikita Moskalenko <nim@wip.tu-berlin.de>,
World,X_Electrolysis,2036,19,,MEUR/GW,interpolated,29.08.2025,Nikita Moskalenko <nim@wip.tu-berlin.de>,
World,X_Electrolysis,2037,18.5,,MEUR/GW,interpolated,29.08.2025,Nikita Moskalenko <nim@wip.tu-berlin.de>,
World,X_Electrolysis,2038,18,,MEUR/GW,interpolated,29.08.2025,Nikita Moskalenko <nim@wip.tu-berlin.de>,
World,X_Electrolysis,2039,17.5,,MEUR/GW,interpolated,29.08.2025,Nikita Moskalenko <nim@wip.tu-berlin.de>,
World,X_Fuel_Cell,2026,54.4945,,MEUR/GW,interpolated,,,
World,X_Fuel_Cell,2027,52.4601,,MEUR/GW,interpolated,,,
World,X_Fuel_Cell,2028,50.4258,,MEUR/GW,interpolated,,,
World,X_Fuel_Cell,2029,48.3914,,MEUR/GW,interpolated,,,
World,X_Fuel_Cell,2031,46.0286,,MEUR/GW,interpolated,,,
World,X_Fuel_Cell,2032,45.7001,,MEUR/GW,interpolated,,,
World,X_Fuel_Cell,2033,45.3716,,MEUR/GW,interpolated,,,
World,X_Fuel_Cell,2034,45.0432,,MEUR/GW,interpolated,,,
World,X_Fuel_Cell,2036,44.3862,,MEUR/GW,interpolated,,,
World,X_Fuel_Cell,2037,44.0578,,MEUR/GW,interpolated,,,
World,X_Fuel_Cell,2038,43.7293,,MEUR/GW,interpolated,,,
World,X_Fuel_Cell,2039,43.4008,,MEUR/GW,interpolated,,,
World,X_Gasifier,2026,5,,MEUR/GW,interpolated,08.10.2024,Stian Backe <stian.backe@sintef.no>,
World,X_Gasifier,2027,5,,MEUR/GW,interpolated,08.10.2024,Stian Backe <stian.backe@sintef.no>,
World,X_Gasifier,2028,5,,MEUR/GW,interpolated,08.10.2024,Stian Backe <stian.backe@sintef.no>,
World,X_Gasifier,2029,5,,MEUR/GW,interpolated,08.10.2024,Stian Backe <stian.backe@sintef.no>,
World,X_Gasifier,2031,5,,MEUR/GW,interpolated,08.10.2024,Stian Backe <stian.backe@sintef.no>,
World,X_Gasifier,2032,5,,MEUR/GW,interpolated,08.10.2024,Stian Backe <stian.backe@sintef.no>,
World,X_Gasifier,2033,5,,MEUR/GW,interpolated,08.10.2024,Stian Backe <stian.backe@sintef.no>,
World,X_Gasifier,2034,5,,MEUR/GW,interpolated,08.10.2024,Stian Backe <stian.backe@sintef.no>,
World,X_Gasifier,2036,5,,MEUR/GW,interpolated,08.10.2024,Stian Backe <stian.backe@sintef.no>,
World,X_Gasifier,2037,5,,MEUR/GW,interpolated,08.10.2024,Stian Backe <stian.backe@sintef.no>,
World,X_Gasifier,2038,5,,MEUR/GW,interpolated,08.10.2024,Stian Backe <stian.backe@sintef.no>,
World,X_Gasifier,2039,5,,MEUR/GW,interpolated,08.10.2024,Stian Backe <stian.backe@sintef.no>,
World,X_Liquifier,2026,20,,MEUR/GW,interpolated,,,
World,X_Liquifier,2027,20,,MEUR/GW,interpolated,,,
World,X_Liquifier,2028,20,,MEUR/GW,interpolated,,,
World,X_Liquifier,2029,20,,MEUR/GW,interpolated,,,
World,X_Liquifier,2031,20,,MEUR/GW,interpolated,,,
World,X_Liquifier,2032,20,,MEUR/GW,interpolated,,,
World,X_Liquifier,2033,20,,MEUR/GW,interpolated,,,
World,X_Liquifier,2034,20,,MEUR/GW,interpolated,,,
World,X_Liquifier,2036,20,,MEUR/GW,interpolated,,,
World,X_Liquifier,2037,20,,MEUR/GW,interpolated,,,
World,X_Liquifier,2038,20,,MEUR/GW,interpolated,,,
World,X_Liquifier,2039,20,,MEUR/GW,interpolated,,,
World,X_Methanation,2026,30,,MEUR/GW,interpolated,09.10.2024,Stian Backe <stian.backe@sintef.no>,
World,X_Methanation,2027,28,,MEUR/GW,interpolated,09.10.2024,Stian Backe <stian.backe@sintef.no>,
World,X_Methanation,2028,26,,MEUR/GW,interpolated,09.10.2024,Stian Backe <stian.backe@sintef.no>,
World,X_Methanation,2029,24,,MEUR/GW,interpolated,09.10.2024,Stian Backe <stian.backe@sintef.no>,
World,X_Methanation,2031,21.35,,MEUR/GW,interpolated,09.10.2024,Stian Backe <stian.backe@sintef.no>,
World,X_Methanation,2032,20.7,,MEUR/GW,interpolated,09.10.2024,Stian Backe <stian.backe@sintef.no>,
World,X_Methanation,2033,20.05,,MEUR/GW,interpolated,09.10.2024,Stian Backe <stian.backe@sintef.no>,
World,X_Methanation,2034,19.4,,MEUR/GW,interpolated,09.10.2024,Stian Backe <stian.backe@sintef.no>,
World,X_Methanation,2036,18.1,,MEUR/GW,interpolated,09.10.2024,Stian Backe <stian.backe@sintef.no>,
World,X_Methanation,2037,17.45,,MEUR/GW,interpolated,09.10.2024,Stian Backe <stian.backe@sintef.no>,
World,X_Methanation,2038,16.8,,MEUR/GW,interpolated,09.10.2024,Stian Backe <stian.backe@sintef.no>,
World,X_Methanation,2039,16.15,,MEUR/GW,interpolated,09.10.2024,Stian Backe <stian.backe@sintef.no>,
World,X_Powerfuel,2026,176.818,,MEUR/GW,interpolated,,,
World,X_Powerfuel,2027,167.512,,MEUR/GW,interpolated,,,
World,X_Powerfuel,2028,158.205,,MEUR/GW,interpolated,,,
World,X_Powerfuel,2029,148.899,,MEUR/GW,interpolated,,,
World,X_Powerfuel,2031,134.94,,MEUR/GW,interpolated,,,
World,X_Powerfuel,2032,130.287,,MEUR/GW,interpolated,,,
World,X_Powerfuel,2033,125.634,,MEUR/GW,interpolated,,,
World,X_Powerfuel,2034,120.981,,MEUR/GW,interpolated,,,
World,X_Powerfuel,2036,111.674,,MEUR/GW,interpolated,,,
World,X_Powerfuel,2037,107.021,,MEUR/GW,interpolated,,,
World,X_Powerfuel,2038,102.368,,MEUR/GW,interpolated,,,
World,X_Powerfuel,2039,97.7151,,MEUR/GW,interpolated,,,
World,X_SMR,2026,38.41,,MEUR/GW,interpolated,,,
World,X_SMR,2027,37.27,,MEUR/GW,interpolated,,,
World,X_SMR,2028,36.13,,MEUR/GW,interpolated,,,
World,X_SMR,2029,34.99,,MEUR/GW,interpolated,,,
World,X_SMR,2031,33.85,,MEUR/GW,interpolated,,,
World,X_SMR,2032,33.85,,MEUR/GW,interpolated,,,
World,X_SMR,2033,33.85,,MEUR/GW,interpolated,,,
World,X_SMR,2034,33.85,,MEUR/GW,interpolated,,,
World,X_SMR,2036,33.85,,MEUR/GW,interpolated,,,
World,X_SMR,2037,33.85,,MEUR/GW,interpolated,,,
World,X_SMR,2038,33.85,,MEUR/GW,interpolated,,,
World,X_SMR,2039,33.85,,MEUR/GW,interpolated,,,
World,R_Waste,2026,0.01,,MEUR/GW,interpolated,20.06.2025,Nikita Moskalenko <nim@wip.tu-berlin.de>,
World,R_Waste,2027,0.01,,MEUR/GW,interpolated,20.06.2025,Nikita Moskalenko <nim@wip.tu-berlin.de>,
World,R_Waste,2028,0.01,,MEUR/GW,interpolated,20.06.2025,Nikita Moskalenko <nim@wip.tu-berlin.de>,
World,R_Waste,2029,0.01,,MEUR/GW,interpolated,20.06.2025,Nikita Moskalenko <nim@wip.tu-berlin.de>,
World,R_Waste,2031,0.01,,MEUR/GW,interpolated,20.06.2025,Nikita Moskalenko <nim@wip.tu-berlin.de>,
World,R_Waste,2032,0.01,,MEUR/GW,interpolated,20.06.2025,Nikita Moskalenko <nim@wip.tu-berlin.de>,
World,R_Waste,2033,0.01,,MEUR/GW,interpolated,20.06.2025,Nikita Moskalenko <nim@wip.tu-berlin.de>,
World,R_Waste,2034,0.01,,MEUR/GW,interpolated,20.06.2025,Nikita Moskalenko <nim@wip.tu-berlin.de>,
World,R_Waste,2036,0.01,,MEUR/GW,interpolated,20.06.2025,Nikita Moskalenko <nim@wip.tu-berlin.de>,
World,R_Waste,2037,0.01,,MEUR/GW,interpolated,20.06.2025,Nikita Moskalenko <nim@wip.tu-berlin.de>,
World,R_Waste,2038,0.01,,MEUR/GW,interpolated,20.06.2025,Nikita Moskalenko <nim@wip.tu-berlin.de>,
World,R_Waste,2039,0.01,,MEUR/GW,interpolated,20.06.2025,Nikita Moskalenko <nim@wip.tu-berlin.de>,
