Region,Region.1,Fuel,Year,Value,,Unit,Source,Updated at,Updated by
California,WECC,Power,2025,17.797,,GW,"IC transfer capability, High/NTP ceiling (MW/1000), floored at existing+commissioned",2026-06-25,Konstantin Loffler <kl@wip.tu-berlin.de>
California,WECC,Power,2026,18.50888,,GW,"IC transfer capability, High/NTP ceiling (MW/1000), floored at existing+commissioned",2026-06-25,Konstantin Loffler <kl@wip.tu-berlin.de>
California,WECC,Power,2027,19.249235,,GW,"IC transfer capability, High/NTP ceiling (MW/1000), floored at existing+commissioned",2026-06-25,Konstantin Loffler <kl@wip.tu-berlin.de>
California,WECC,Power,2028,20.019205,,GW,"IC transfer capability, High/NTP ceiling (MW/1000), floored at existing+commissioned",2026-06-25,Konstantin Loffler <kl@wip.tu-berlin.de>
California,WECC,Power,2029,20.819973,,GW,"IC transfer capability, High/NTP ceiling (MW/1000), floored at existing+commissioned",2026-06-25,Konstantin Loffler <kl@wip.tu-berlin.de>
California,WECC,Power,2030,21.652772,,GW,"IC transfer capability, High/NTP ceiling (MW/1000), floored at existing+commissioned",2026-06-25,Konstantin Loffler <kl@wip.tu-berlin.de>
California,WECC,Power,2031,22.518883,,GW,"IC transfer capability, High/NTP ceiling (MW/1000), floored at existing+commissioned",2026-06-25,Konstantin Loffler <kl@wip.tu-berlin.de>
California,WECC,Power,2032,23.419638,,GW,"IC transfer capability, High/NTP ceiling (MW/1000), floored at existing+commissioned",2026-06-25,Konstantin Loffler <kl@wip.tu-berlin.de>
California,WECC,Power,2033,24.356423,,GW,"IC transfer capability, High/NTP ceiling (MW/1000), floored at existing+commissioned",2026-06-25,Konstantin Loffler <kl@wip.tu-berlin.de>
California,WECC,Power,2034,25.33068,,GW,"IC transfer capability, High/NTP ceiling (MW/1000), floored at existing+commissioned",2026-06-25,Konstantin Loffler <kl@wip.tu-berlin.de>
California,WECC,Power,2035,26.343908,,GW,"IC transfer capability, High/NTP ceiling (MW/1000), floored at existing+commissioned",2026-06-25,Konstantin Loffler <kl@wip.tu-berlin.de>
California,WECC,Power,2036,27.397664,,GW,"IC transfer capability, High/NTP ceiling (MW/1000), floored at existing+commissioned",2026-06-25,Konstantin Loffler <kl@wip.tu-berlin.de>
California,WECC,Power,2037,28.49357,,GW,"IC transfer capability, High/NTP ceiling (MW/1000), floored at existing+commissioned",2026-06-25,Konstantin Loffler <kl@wip.tu-berlin.de>
California,WECC,Power,2038,29.633313,,GW,"IC transfer capability, High/NTP ceiling (MW/1000), floored at existing+commissioned",2026-06-25,Konstantin Loffler <kl@wip.tu-berlin.de>
California,WECC,Power,2039,30.818646,,GW,"IC transfer capability, High/NTP ceiling (MW/1000), floored at existing+commissioned",2026-06-25,Konstantin Loffler <kl@wip.tu-berlin.de>
California,WECC,Power,2040,32.051392,,GW,"IC transfer capability, High/NTP ceiling (MW/1000), floored at existing+commissioned",2026-06-25,Konstantin Loffler <kl@wip.tu-berlin.de>
Canada,NewEngland,Power,2025,2.395,,GW,"IC transfer capability, High/NTP ceiling (MW/1000), floored at existing+commissioned",2026-06-25,Konstantin Loffler <kl@wip.tu-berlin.de>
Canada,NewEngland,Power,2026,2.4908,,GW,"IC transfer capability, High/NTP ceiling (MW/1000), floored at existing+commissioned",2026-06-25,Konstantin Loffler <kl@wip.tu-berlin.de>
Canada,NewEngland,Power,2027,2.590432,,GW,"IC transfer capability, High/NTP ceiling (MW/1000), floored at existing+commissioned",2026-06-25,Konstantin Loffler <kl@wip.tu-berlin.de>
Canada,NewEngland,Power,2028,2.694049,,GW,"IC transfer capability, High/NTP ceiling (MW/1000), floored at existing+commissioned",2026-06-25,Konstantin Loffler <kl@wip.tu-berlin.de>
Canada,NewEngland,Power,2029,2.801811,,GW,"IC transfer capability, High/NTP ceiling (MW/1000), floored at existing+commissioned",2026-06-25,Konstantin Loffler <kl@wip.tu-berlin.de>
Canada,NewEngland,Power,2030,2.913884,,GW,"IC transfer capability, High/NTP ceiling (MW/1000), floored at existing+commissioned",2026-06-25,Konstantin Loffler <kl@wip.tu-berlin.de>
Canada,NewEngland,Power,2031,3.030439,,GW,"IC transfer capability, High/NTP ceiling (MW/1000), floored at existing+commissioned",2026-06-25,Konstantin Loffler <kl@wip.tu-berlin.de>
Canada,NewEngland,Power,2032,3.151657,,GW,"IC transfer capability, High/NTP ceiling (MW/1000), floored at existing+commissioned",2026-06-25,Konstantin Loffler <kl@wip.tu-berlin.de>
Canada,NewEngland,Power,2033,3.277723,,GW,"IC transfer capability, High/NTP ceiling (MW/1000), floored at existing+commissioned",2026-06-25,Konstantin Loffler <kl@wip.tu-berlin.de>
Canada,NewEngland,Power,2034,3.408832,,GW,"IC transfer capability, High/NTP ceiling (MW/1000), floored at existing+commissioned",2026-06-25,Konstantin Loffler <kl@wip.tu-berlin.de>
Canada,NewEngland,Power,2035,3.545185,,GW,"IC transfer capability, High/NTP ceiling (MW/1000), floored at existing+commissioned",2026-06-25,Konstantin Loffler <kl@wip.tu-berlin.de>
Canada,NewEngland,Power,2036,3.686992,,GW,"IC transfer capability, High/NTP ceiling (MW/1000), floored at existing+commissioned",2026-06-25,Konstantin Loffler <kl@wip.tu-berlin.de>
Canada,NewEngland,Power,2037,3.834472,,GW,"IC transfer capability, High/NTP ceiling (MW/1000), floored at existing+commissioned",2026-06-25,Konstantin Loffler <kl@wip.tu-berlin.de>
Canada,NewEngland,Power,2038,3.987851,,GW,"IC transfer capability, High/NTP ceiling (MW/1000), floored at existing+commissioned",2026-06-25,Konstantin Loffler <kl@wip.tu-berlin.de>
Canada,NewEngland,Power,2039,4.147365,,GW,"IC transfer capability, High/NTP ceiling (MW/1000), floored at existing+commissioned",2026-06-25,Konstantin Loffler <kl@wip.tu-berlin.de>
Canada,NewEngland,Power,2040,4.31326,,GW,"IC transfer capability, High/NTP ceiling (MW/1000), floored at existing+commissioned",2026-06-25,Konstantin Loffler <kl@wip.tu-berlin.de>
Canada,MISO,Power,2025,6.854,,GW,"IC transfer capability, High/NTP ceiling (MW/1000), floored at existing+commissioned",2026-06-25,Konstantin Loffler <kl@wip.tu-berlin.de>
Canada,MISO,Power,2026,6.854,,GW,"IC transfer capability, High/NTP ceiling (MW/1000), floored at existing+commissioned",2026-06-25,Konstantin Loffler <kl@wip.tu-berlin.de>
Canada,MISO,Power,2027,6.854,,GW,"IC transfer capability, High/NTP ceiling (MW/1000), floored at existing+commissioned",2026-06-25,Konstantin Loffler <kl@wip.tu-berlin.de>
Canada,MISO,Power,2028,6.854,,GW,"IC transfer capability, High/NTP ceiling (MW/1000), floored at existing+commissioned",2026-06-25,Konstantin Loffler <kl@wip.tu-berlin.de>
Canada,MISO,Power,2029,6.854,,GW,"IC transfer capability, High/NTP ceiling (MW/1000), floored at existing+commissioned",2026-06-25,Konstantin Loffler <kl@wip.tu-berlin.de>
Canada,MISO,Power,2030,6.854,,GW,"IC transfer capability, High/NTP ceiling (MW/1000), floored at existing+commissioned",2026-06-25,Konstantin Loffler <kl@wip.tu-berlin.de>
Canada,MISO,Power,2031,6.854,,GW,"IC transfer capability, High/NTP ceiling (MW/1000), floored at existing+commissioned",2026-06-25,Konstantin Loffler <kl@wip.tu-berlin.de>
Canada,MISO,Power,2032,6.854,,GW,"IC transfer capability, High/NTP ceiling (MW/1000), floored at existing+commissioned",2026-06-25,Konstantin Loffler <kl@wip.tu-berlin.de>
Canada,MISO,Power,2033,6.854,,GW,"IC transfer capability, High/NTP ceiling (MW/1000), floored at existing+commissioned",2026-06-25,Konstantin Loffler <kl@wip.tu-berlin.de>
Canada,MISO,Power,2034,6.854,,GW,"IC transfer capability, High/NTP ceiling (MW/1000), floored at existing+commissioned",2026-06-25,Konstantin Loffler <kl@wip.tu-berlin.de>
Canada,MISO,Power,2035,6.854,,GW,"IC transfer capability, High/NTP ceiling (MW/1000), floored at existing+commissioned",2026-06-25,Konstantin Loffler <kl@wip.tu-berlin.de>
Canada,MISO,Power,2036,6.854,,GW,"IC transfer capability, High/NTP ceiling (MW/1000), floored at existing+commissioned",2026-06-25,Konstantin Loffler <kl@wip.tu-berlin.de>
Canada,MISO,Power,2037,6.854,,GW,"IC transfer capability, High/NTP ceiling (MW/1000), floored at existing+commissioned",2026-06-25,Konstantin Loffler <kl@wip.tu-berlin.de>
Canada,MISO,Power,2038,6.854,,GW,"IC transfer capability, High/NTP ceiling (MW/1000), floored at existing+commissioned",2026-06-25,Konstantin Loffler <kl@wip.tu-berlin.de>
Canada,MISO,Power,2039,6.854,,GW,"IC transfer capability, High/NTP ceiling (MW/1000), floored at existing+commissioned",2026-06-25,Konstantin Loffler <kl@wip.tu-berlin.de>
Canada,MISO,Power,2040,6.854,,GW,"IC transfer capability, High/NTP ceiling (MW/1000), floored at existing+commissioned",2026-06-25,Konstantin Loffler <kl@wip.tu-berlin.de>
Canada,NewYork,Power,2025,4.626,,GW,"IC transfer capability, High/NTP ceiling (MW/1000), floored at existing+commissioned",2026-06-25,Konstantin Loffler <kl@wip.tu-berlin.de>
Canada,NewYork,Power,2026,4.626,,GW,"IC transfer capability, High/NTP ceiling (MW/1000), floored at existing+commissioned",2026-06-25,Konstantin Loffler <kl@wip.tu-berlin.de>
Canada,NewYork,Power,2027,4.626,,GW,"IC transfer capability, High/NTP ceiling (MW/1000), floored at existing+commissioned",2026-06-25,Konstantin Loffler <kl@wip.tu-berlin.de>
Canada,NewYork,Power,2028,4.626,,GW,"IC transfer capability, High/NTP ceiling (MW/1000), floored at existing+commissioned",2026-06-25,Konstantin Loffler <kl@wip.tu-berlin.de>
Canada,NewYork,Power,2029,4.719,,GW,"IC transfer capability, High/NTP ceiling (MW/1000), floored at existing+commissioned",2026-06-25,Konstantin Loffler <kl@wip.tu-berlin.de>
Canada,NewYork,Power,2030,4.969,,GW,"IC transfer capability, High/NTP ceiling (MW/1000), floored at existing+commissioned",2026-06-25,Konstantin Loffler <kl@wip.tu-berlin.de>
Canada,NewYork,Power,2031,4.969,,GW,"IC transfer capability, High/NTP ceiling (MW/1000), floored at existing+commissioned",2026-06-25,Konstantin Loffler <kl@wip.tu-berlin.de>
Canada,NewYork,Power,2032,4.969,,GW,"IC transfer capability, High/NTP ceiling (MW/1000), floored at existing+commissioned",2026-06-25,Konstantin Loffler <kl@wip.tu-berlin.de>
Canada,NewYork,Power,2033,4.969,,GW,"IC transfer capability, High/NTP ceiling (MW/1000), floored at existing+commissioned",2026-06-25,Konstantin Loffler <kl@wip.tu-berlin.de>
Canada,NewYork,Power,2034,4.969,,GW,"IC transfer capability, High/NTP ceiling (MW/1000), floored at existing+commissioned",2026-06-25,Konstantin Loffler <kl@wip.tu-berlin.de>
Canada,NewYork,Power,2035,4.969,,GW,"IC transfer capability, High/NTP ceiling (MW/1000), floored at existing+commissioned",2026-06-25,Konstantin Loffler <kl@wip.tu-berlin.de>
Canada,NewYork,Power,2036,4.969,,GW,"IC transfer capability, High/NTP ceiling (MW/1000), floored at existing+commissioned",2026-06-25,Konstantin Loffler <kl@wip.tu-berlin.de>
Canada,NewYork,Power,2037,4.969,,GW,"IC transfer capability, High/NTP ceiling (MW/1000), floored at existing+commissioned",2026-06-25,Konstantin Loffler <kl@wip.tu-berlin.de>
Canada,NewYork,Power,2038,4.969,,GW,"IC transfer capability, High/NTP ceiling (MW/1000), floored at existing+commissioned",2026-06-25,Konstantin Loffler <kl@wip.tu-berlin.de>
Canada,NewYork,Power,2039,4.969,,GW,"IC transfer capability, High/NTP ceiling (MW/1000), floored at existing+commissioned",2026-06-25,Konstantin Loffler <kl@wip.tu-berlin.de>
Canada,NewYork,Power,2040,4.969,,GW,"IC transfer capability, High/NTP ceiling (MW/1000), floored at existing+commissioned",2026-06-25,Konstantin Loffler <kl@wip.tu-berlin.de>
Canada,PJM,Power,2025,0.0,,GW,"IC transfer capability, High/NTP ceiling (MW/1000), floored at existing+commissioned",2026-06-25,Konstantin Loffler <kl@wip.tu-berlin.de>
Canada,PJM,Power,2026,0.0,,GW,"IC transfer capability, High/NTP ceiling (MW/1000), floored at existing+commissioned",2026-06-25,Konstantin Loffler <kl@wip.tu-berlin.de>
Canada,PJM,Power,2027,0.0,,GW,"IC transfer capability, High/NTP ceiling (MW/1000), floored at existing+commissioned",2026-06-25,Konstantin Loffler <kl@wip.tu-berlin.de>
Canada,PJM,Power,2028,0.0,,GW,"IC transfer capability, High/NTP ceiling (MW/1000), floored at existing+commissioned",2026-06-25,Konstantin Loffler <kl@wip.tu-berlin.de>
Canada,PJM,Power,2029,0.0,,GW,"IC transfer capability, High/NTP ceiling (MW/1000), floored at existing+commissioned",2026-06-25,Konstantin Loffler <kl@wip.tu-berlin.de>
Canada,PJM,Power,2030,0.0,,GW,"IC transfer capability, High/NTP ceiling (MW/1000), floored at existing+commissioned",2026-06-25,Konstantin Loffler <kl@wip.tu-berlin.de>
Canada,PJM,Power,2031,0.2,,GW,"IC transfer capability, High/NTP ceiling (MW/1000), floored at existing+commissioned",2026-06-25,Konstantin Loffler <kl@wip.tu-berlin.de>
Canada,PJM,Power,2032,0.4,,GW,"IC transfer capability, High/NTP ceiling (MW/1000), floored at existing+commissioned",2026-06-25,Konstantin Loffler <kl@wip.tu-berlin.de>
Canada,PJM,Power,2033,0.6,,GW,"IC transfer capability, High/NTP ceiling (MW/1000), floored at existing+commissioned",2026-06-25,Konstantin Loffler <kl@wip.tu-berlin.de>
Canada,PJM,Power,2034,0.8,,GW,"IC transfer capability, High/NTP ceiling (MW/1000), floored at existing+commissioned",2026-06-25,Konstantin Loffler <kl@wip.tu-berlin.de>
Canada,PJM,Power,2035,1.0,,GW,"IC transfer capability, High/NTP ceiling (MW/1000), floored at existing+commissioned",2026-06-25,Konstantin Loffler <kl@wip.tu-berlin.de>
Canada,PJM,Power,2036,1.0,,GW,"IC transfer capability, High/NTP ceiling (MW/1000), floored at existing+commissioned",2026-06-25,Konstantin Loffler <kl@wip.tu-berlin.de>
Canada,PJM,Power,2037,1.0,,GW,"IC transfer capability, High/NTP ceiling (MW/1000), floored at existing+commissioned",2026-06-25,Konstantin Loffler <kl@wip.tu-berlin.de>
Canada,PJM,Power,2038,1.0,,GW,"IC transfer capability, High/NTP ceiling (MW/1000), floored at existing+commissioned",2026-06-25,Konstantin Loffler <kl@wip.tu-berlin.de>
Canada,PJM,Power,2039,1.0,,GW,"IC transfer capability, High/NTP ceiling (MW/1000), floored at existing+commissioned",2026-06-25,Konstantin Loffler <kl@wip.tu-berlin.de>
Canada,PJM,Power,2040,1.0,,GW,"IC transfer capability, High/NTP ceiling (MW/1000), floored at existing+commissioned",2026-06-25,Konstantin Loffler <kl@wip.tu-berlin.de>
Canada,SPP,Power,2025,0.2,,GW,"IC transfer capability, High/NTP ceiling (MW/1000), floored at existing+commissioned",2026-06-25,Konstantin Loffler <kl@wip.tu-berlin.de>
Canada,SPP,Power,2026,0.208,,GW,"IC transfer capability, High/NTP ceiling (MW/1000), floored at existing+commissioned",2026-06-25,Konstantin Loffler <kl@wip.tu-berlin.de>
Canada,SPP,Power,2027,0.21632,,GW,"IC transfer capability, High/NTP ceiling (MW/1000), floored at existing+commissioned",2026-06-25,Konstantin Loffler <kl@wip.tu-berlin.de>
Canada,SPP,Power,2028,0.224973,,GW,"IC transfer capability, High/NTP ceiling (MW/1000), floored at existing+commissioned",2026-06-25,Konstantin Loffler <kl@wip.tu-berlin.de>
Canada,SPP,Power,2029,0.233972,,GW,"IC transfer capability, High/NTP ceiling (MW/1000), floored at existing+commissioned",2026-06-25,Konstantin Loffler <kl@wip.tu-berlin.de>
Canada,SPP,Power,2030,0.243331,,GW,"IC transfer capability, High/NTP ceiling (MW/1000), floored at existing+commissioned",2026-06-25,Konstantin Loffler <kl@wip.tu-berlin.de>
Canada,SPP,Power,2031,0.253064,,GW,"IC transfer capability, High/NTP ceiling (MW/1000), floored at existing+commissioned",2026-06-25,Konstantin Loffler <kl@wip.tu-berlin.de>
Canada,SPP,Power,2032,0.263186,,GW,"IC transfer capability, High/NTP ceiling (MW/1000), floored at existing+commissioned",2026-06-25,Konstantin Loffler <kl@wip.tu-berlin.de>
Canada,SPP,Power,2033,0.273714,,GW,"IC transfer capability, High/NTP ceiling (MW/1000), floored at existing+commissioned",2026-06-25,Konstantin Loffler <kl@wip.tu-berlin.de>
Canada,SPP,Power,2034,0.284662,,GW,"IC transfer capability, High/NTP ceiling (MW/1000), floored at existing+commissioned",2026-06-25,Konstantin Loffler <kl@wip.tu-berlin.de>
Canada,SPP,Power,2035,0.296049,,GW,"IC transfer capability, High/NTP ceiling (MW/1000), floored at existing+commissioned",2026-06-25,Konstantin Loffler <kl@wip.tu-berlin.de>
Canada,SPP,Power,2036,0.307891,,GW,"IC transfer capability, High/NTP ceiling (MW/1000), floored at existing+commissioned",2026-06-25,Konstantin Loffler <kl@wip.tu-berlin.de>
Canada,SPP,Power,2037,0.320206,,GW,"IC transfer capability, High/NTP ceiling (MW/1000), floored at existing+commissioned",2026-06-25,Konstantin Loffler <kl@wip.tu-berlin.de>
Canada,SPP,Power,2038,0.333015,,GW,"IC transfer capability, High/NTP ceiling (MW/1000), floored at existing+commissioned",2026-06-25,Konstantin Loffler <kl@wip.tu-berlin.de>
Canada,SPP,Power,2039,0.346335,,GW,"IC transfer capability, High/NTP ceiling (MW/1000), floored at existing+commissioned",2026-06-25,Konstantin Loffler <kl@wip.tu-berlin.de>
Canada,SPP,Power,2040,0.360189,,GW,"IC transfer capability, High/NTP ceiling (MW/1000), floored at existing+commissioned",2026-06-25,Konstantin Loffler <kl@wip.tu-berlin.de>
Canada,WECC,Power,2025,3.15,,GW,"IC transfer capability, High/NTP ceiling (MW/1000), floored at existing+commissioned",2026-06-25,Konstantin Loffler <kl@wip.tu-berlin.de>
Canada,WECC,Power,2026,3.276,,GW,"IC transfer capability, High/NTP ceiling (MW/1000), floored at existing+commissioned",2026-06-25,Konstantin Loffler <kl@wip.tu-berlin.de>
Canada,WECC,Power,2027,3.40704,,GW,"IC transfer capability, High/NTP ceiling (MW/1000), floored at existing+commissioned",2026-06-25,Konstantin Loffler <kl@wip.tu-berlin.de>
Canada,WECC,Power,2028,3.45,,GW,"IC transfer capability, High/NTP ceiling (MW/1000), floored at existing+commissioned",2026-06-25,Konstantin Loffler <kl@wip.tu-berlin.de>
Canada,WECC,Power,2029,3.45,,GW,"IC transfer capability, High/NTP ceiling (MW/1000), floored at existing+commissioned",2026-06-25,Konstantin Loffler <kl@wip.tu-berlin.de>
Canada,WECC,Power,2030,3.45,,GW,"IC transfer capability, High/NTP ceiling (MW/1000), floored at existing+commissioned",2026-06-25,Konstantin Loffler <kl@wip.tu-berlin.de>
Canada,WECC,Power,2031,3.45,,GW,"IC transfer capability, High/NTP ceiling (MW/1000), floored at existing+commissioned",2026-06-25,Konstantin Loffler <kl@wip.tu-berlin.de>
Canada,WECC,Power,2032,3.45,,GW,"IC transfer capability, High/NTP ceiling (MW/1000), floored at existing+commissioned",2026-06-25,Konstantin Loffler <kl@wip.tu-berlin.de>
Canada,WECC,Power,2033,3.45,,GW,"IC transfer capability, High/NTP ceiling (MW/1000), floored at existing+commissioned",2026-06-25,Konstantin Loffler <kl@wip.tu-berlin.de>
Canada,WECC,Power,2034,3.45,,GW,"IC transfer capability, High/NTP ceiling (MW/1000), floored at existing+commissioned",2026-06-25,Konstantin Loffler <kl@wip.tu-berlin.de>
Canada,WECC,Power,2035,3.45,,GW,"IC transfer capability, High/NTP ceiling (MW/1000), floored at existing+commissioned",2026-06-25,Konstantin Loffler <kl@wip.tu-berlin.de>
Canada,WECC,Power,2036,3.45,,GW,"IC transfer capability, High/NTP ceiling (MW/1000), floored at existing+commissioned",2026-06-25,Konstantin Loffler <kl@wip.tu-berlin.de>
Canada,WECC,Power,2037,3.45,,GW,"IC transfer capability, High/NTP ceiling (MW/1000), floored at existing+commissioned",2026-06-25,Konstantin Loffler <kl@wip.tu-berlin.de>
Canada,WECC,Power,2038,3.45,,GW,"IC transfer capability, High/NTP ceiling (MW/1000), floored at existing+commissioned",2026-06-25,Konstantin Loffler <kl@wip.tu-berlin.de>
Canada,WECC,Power,2039,3.45,,GW,"IC transfer capability, High/NTP ceiling (MW/1000), floored at existing+commissioned",2026-06-25,Konstantin Loffler <kl@wip.tu-berlin.de>
Canada,WECC,Power,2040,3.45,,GW,"IC transfer capability, High/NTP ceiling (MW/1000), floored at existing+commissioned",2026-06-25,Konstantin Loffler <kl@wip.tu-berlin.de>
ERCOT,MISO,Power,2025,0.0,,GW,"IC transfer capability, High/NTP ceiling (MW/1000), floored at existing+commissioned",2026-06-25,Konstantin Loffler <kl@wip.tu-berlin.de>
ERCOT,MISO,Power,2026,1.1092,,GW,"IC transfer capability, High/NTP ceiling (MW/1000), floored at existing+commissioned",2026-06-25,Konstantin Loffler <kl@wip.tu-berlin.de>
ERCOT,MISO,Power,2027,2.1632,,GW,"IC transfer capability, High/NTP ceiling (MW/1000), floored at existing+commissioned",2026-06-25,Konstantin Loffler <kl@wip.tu-berlin.de>
ERCOT,MISO,Power,2028,2.249728,,GW,"IC transfer capability, High/NTP ceiling (MW/1000), floored at existing+commissioned",2026-06-25,Konstantin Loffler <kl@wip.tu-berlin.de>
ERCOT,MISO,Power,2029,2.339717,,GW,"IC transfer capability, High/NTP ceiling (MW/1000), floored at existing+commissioned",2026-06-25,Konstantin Loffler <kl@wip.tu-berlin.de>
ERCOT,MISO,Power,2030,2.433306,,GW,"IC transfer capability, High/NTP ceiling (MW/1000), floored at existing+commissioned",2026-06-25,Konstantin Loffler <kl@wip.tu-berlin.de>
ERCOT,MISO,Power,2031,2.530638,,GW,"IC transfer capability, High/NTP ceiling (MW/1000), floored at existing+commissioned",2026-06-25,Konstantin Loffler <kl@wip.tu-berlin.de>
ERCOT,MISO,Power,2032,2.631864,,GW,"IC transfer capability, High/NTP ceiling (MW/1000), floored at existing+commissioned",2026-06-25,Konstantin Loffler <kl@wip.tu-berlin.de>
ERCOT,MISO,Power,2033,2.737138,,GW,"IC transfer capability, High/NTP ceiling (MW/1000), floored at existing+commissioned",2026-06-25,Konstantin Loffler <kl@wip.tu-berlin.de>
ERCOT,MISO,Power,2034,2.846624,,GW,"IC transfer capability, High/NTP ceiling (MW/1000), floored at existing+commissioned",2026-06-25,Konstantin Loffler <kl@wip.tu-berlin.de>
ERCOT,MISO,Power,2035,2.960489,,GW,"IC transfer capability, High/NTP ceiling (MW/1000), floored at existing+commissioned",2026-06-25,Konstantin Loffler <kl@wip.tu-berlin.de>
ERCOT,MISO,Power,2036,3.078908,,GW,"IC transfer capability, High/NTP ceiling (MW/1000), floored at existing+commissioned",2026-06-25,Konstantin Loffler <kl@wip.tu-berlin.de>
ERCOT,MISO,Power,2037,3.202064,,GW,"IC transfer capability, High/NTP ceiling (MW/1000), floored at existing+commissioned",2026-06-25,Konstantin Loffler <kl@wip.tu-berlin.de>
ERCOT,MISO,Power,2038,3.330147,,GW,"IC transfer capability, High/NTP ceiling (MW/1000), floored at existing+commissioned",2026-06-25,Konstantin Loffler <kl@wip.tu-berlin.de>
ERCOT,MISO,Power,2039,3.463353,,GW,"IC transfer capability, High/NTP ceiling (MW/1000), floored at existing+commissioned",2026-06-25,Konstantin Loffler <kl@wip.tu-berlin.de>
ERCOT,MISO,Power,2040,3.601887,,GW,"IC transfer capability, High/NTP ceiling (MW/1000), floored at existing+commissioned",2026-06-25,Konstantin Loffler <kl@wip.tu-berlin.de>
ERCOT,SERC,Power,2025,0.0,,GW,"IC transfer capability, High/NTP ceiling (MW/1000), floored at existing+commissioned",2026-06-25,Konstantin Loffler <kl@wip.tu-berlin.de>
ERCOT,SERC,Power,2026,0.0,,GW,"IC transfer capability, High/NTP ceiling (MW/1000), floored at existing+commissioned",2026-06-25,Konstantin Loffler <kl@wip.tu-berlin.de>
ERCOT,SERC,Power,2027,0.0,,GW,"IC transfer capability, High/NTP ceiling (MW/1000), floored at existing+commissioned",2026-06-25,Konstantin Loffler <kl@wip.tu-berlin.de>
ERCOT,SERC,Power,2028,0.0,,GW,"IC transfer capability, High/NTP ceiling (MW/1000), floored at existing+commissioned",2026-06-25,Konstantin Loffler <kl@wip.tu-berlin.de>
ERCOT,SERC,Power,2029,0.0,,GW,"IC transfer capability, High/NTP ceiling (MW/1000), floored at existing+commissioned",2026-06-25,Konstantin Loffler <kl@wip.tu-berlin.de>
ERCOT,SERC,Power,2030,0.0,,GW,"IC transfer capability, High/NTP ceiling (MW/1000), floored at existing+commissioned",2026-06-25,Konstantin Loffler <kl@wip.tu-berlin.de>
ERCOT,SERC,Power,2031,0.0,,GW,"IC transfer capability, High/NTP ceiling (MW/1000), floored at existing+commissioned",2026-06-25,Konstantin Loffler <kl@wip.tu-berlin.de>
ERCOT,SERC,Power,2032,0.0,,GW,"IC transfer capability, High/NTP ceiling (MW/1000), floored at existing+commissioned",2026-06-25,Konstantin Loffler <kl@wip.tu-berlin.de>
ERCOT,SERC,Power,2033,0.0,,GW,"IC transfer capability, High/NTP ceiling (MW/1000), floored at existing+commissioned",2026-06-25,Konstantin Loffler <kl@wip.tu-berlin.de>
ERCOT,SERC,Power,2034,0.0,,GW,"IC transfer capability, High/NTP ceiling (MW/1000), floored at existing+commissioned",2026-06-25,Konstantin Loffler <kl@wip.tu-berlin.de>
ERCOT,SERC,Power,2035,0.0,,GW,"IC transfer capability, High/NTP ceiling (MW/1000), floored at existing+commissioned",2026-06-25,Konstantin Loffler <kl@wip.tu-berlin.de>
ERCOT,SERC,Power,2036,0.0,,GW,"IC transfer capability, High/NTP ceiling (MW/1000), floored at existing+commissioned",2026-06-25,Konstantin Loffler <kl@wip.tu-berlin.de>
ERCOT,SERC,Power,2037,0.0,,GW,"IC transfer capability, High/NTP ceiling (MW/1000), floored at existing+commissioned",2026-06-25,Konstantin Loffler <kl@wip.tu-berlin.de>
ERCOT,SERC,Power,2038,0.0,,GW,"IC transfer capability, High/NTP ceiling (MW/1000), floored at existing+commissioned",2026-06-25,Konstantin Loffler <kl@wip.tu-berlin.de>
ERCOT,SERC,Power,2039,0.0,,GW,"IC transfer capability, High/NTP ceiling (MW/1000), floored at existing+commissioned",2026-06-25,Konstantin Loffler <kl@wip.tu-berlin.de>
ERCOT,SERC,Power,2040,0.0,,GW,"IC transfer capability, High/NTP ceiling (MW/1000), floored at existing+commissioned",2026-06-25,Konstantin Loffler <kl@wip.tu-berlin.de>
ERCOT,SPP,Power,2025,3.0,,GW,"IC transfer capability, High/NTP ceiling (MW/1000), floored at existing+commissioned",2026-06-25,Konstantin Loffler <kl@wip.tu-berlin.de>
ERCOT,SPP,Power,2026,3.12,,GW,"IC transfer capability, High/NTP ceiling (MW/1000), floored at existing+commissioned",2026-06-25,Konstantin Loffler <kl@wip.tu-berlin.de>
ERCOT,SPP,Power,2027,3.2448,,GW,"IC transfer capability, High/NTP ceiling (MW/1000), floored at existing+commissioned",2026-06-25,Konstantin Loffler <kl@wip.tu-berlin.de>
ERCOT,SPP,Power,2028,3.374592,,GW,"IC transfer capability, High/NTP ceiling (MW/1000), floored at existing+commissioned",2026-06-25,Konstantin Loffler <kl@wip.tu-berlin.de>
ERCOT,SPP,Power,2029,3.509576,,GW,"IC transfer capability, High/NTP ceiling (MW/1000), floored at existing+commissioned",2026-06-25,Konstantin Loffler <kl@wip.tu-berlin.de>
ERCOT,SPP,Power,2030,3.649959,,GW,"IC transfer capability, High/NTP ceiling (MW/1000), floored at existing+commissioned",2026-06-25,Konstantin Loffler <kl@wip.tu-berlin.de>
ERCOT,SPP,Power,2031,3.795957,,GW,"IC transfer capability, High/NTP ceiling (MW/1000), floored at existing+commissioned",2026-06-25,Konstantin Loffler <kl@wip.tu-berlin.de>
ERCOT,SPP,Power,2032,3.947795,,GW,"IC transfer capability, High/NTP ceiling (MW/1000), floored at existing+commissioned",2026-06-25,Konstantin Loffler <kl@wip.tu-berlin.de>
ERCOT,SPP,Power,2033,4.105707,,GW,"IC transfer capability, High/NTP ceiling (MW/1000), floored at existing+commissioned",2026-06-25,Konstantin Loffler <kl@wip.tu-berlin.de>
ERCOT,SPP,Power,2034,4.269935,,GW,"IC transfer capability, High/NTP ceiling (MW/1000), floored at existing+commissioned",2026-06-25,Konstantin Loffler <kl@wip.tu-berlin.de>
ERCOT,SPP,Power,2035,4.440733,,GW,"IC transfer capability, High/NTP ceiling (MW/1000), floored at existing+commissioned",2026-06-25,Konstantin Loffler <kl@wip.tu-berlin.de>
ERCOT,SPP,Power,2036,4.618362,,GW,"IC transfer capability, High/NTP ceiling (MW/1000), floored at existing+commissioned",2026-06-25,Konstantin Loffler <kl@wip.tu-berlin.de>
ERCOT,SPP,Power,2037,4.803097,,GW,"IC transfer capability, High/NTP ceiling (MW/1000), floored at existing+commissioned",2026-06-25,Konstantin Loffler <kl@wip.tu-berlin.de>
ERCOT,SPP,Power,2038,4.995221,,GW,"IC transfer capability, High/NTP ceiling (MW/1000), floored at existing+commissioned",2026-06-25,Konstantin Loffler <kl@wip.tu-berlin.de>
ERCOT,SPP,Power,2039,5.195029,,GW,"IC transfer capability, High/NTP ceiling (MW/1000), floored at existing+commissioned",2026-06-25,Konstantin Loffler <kl@wip.tu-berlin.de>
ERCOT,SPP,Power,2040,5.402831,,GW,"IC transfer capability, High/NTP ceiling (MW/1000), floored at existing+commissioned",2026-06-25,Konstantin Loffler <kl@wip.tu-berlin.de>
ERCOT,WECC,Power,2025,0.0,,GW,"IC transfer capability, High/NTP ceiling (MW/1000), floored at existing+commissioned",2026-06-25,Konstantin Loffler <kl@wip.tu-berlin.de>
ERCOT,WECC,Power,2026,2.08,,GW,"IC transfer capability, High/NTP ceiling (MW/1000), floored at existing+commissioned",2026-06-25,Konstantin Loffler <kl@wip.tu-berlin.de>
ERCOT,WECC,Power,2027,2.1632,,GW,"IC transfer capability, High/NTP ceiling (MW/1000), floored at existing+commissioned",2026-06-25,Konstantin Loffler <kl@wip.tu-berlin.de>
ERCOT,WECC,Power,2028,2.249728,,GW,"IC transfer capability, High/NTP ceiling (MW/1000), floored at existing+commissioned",2026-06-25,Konstantin Loffler <kl@wip.tu-berlin.de>
ERCOT,WECC,Power,2029,2.339717,,GW,"IC transfer capability, High/NTP ceiling (MW/1000), floored at existing+commissioned",2026-06-25,Konstantin Loffler <kl@wip.tu-berlin.de>
ERCOT,WECC,Power,2030,2.433306,,GW,"IC transfer capability, High/NTP ceiling (MW/1000), floored at existing+commissioned",2026-06-25,Konstantin Loffler <kl@wip.tu-berlin.de>
ERCOT,WECC,Power,2031,2.530638,,GW,"IC transfer capability, High/NTP ceiling (MW/1000), floored at existing+commissioned",2026-06-25,Konstantin Loffler <kl@wip.tu-berlin.de>
ERCOT,WECC,Power,2032,2.631864,,GW,"IC transfer capability, High/NTP ceiling (MW/1000), floored at existing+commissioned",2026-06-25,Konstantin Loffler <kl@wip.tu-berlin.de>
ERCOT,WECC,Power,2033,2.737138,,GW,"IC transfer capability, High/NTP ceiling (MW/1000), floored at existing+commissioned",2026-06-25,Konstantin Loffler <kl@wip.tu-berlin.de>
ERCOT,WECC,Power,2034,2.846624,,GW,"IC transfer capability, High/NTP ceiling (MW/1000), floored at existing+commissioned",2026-06-25,Konstantin Loffler <kl@wip.tu-berlin.de>
ERCOT,WECC,Power,2035,2.960489,,GW,"IC transfer capability, High/NTP ceiling (MW/1000), floored at existing+commissioned",2026-06-25,Konstantin Loffler <kl@wip.tu-berlin.de>
ERCOT,WECC,Power,2036,3.078908,,GW,"IC transfer capability, High/NTP ceiling (MW/1000), floored at existing+commissioned",2026-06-25,Konstantin Loffler <kl@wip.tu-berlin.de>
ERCOT,WECC,Power,2037,3.202064,,GW,"IC transfer capability, High/NTP ceiling (MW/1000), floored at existing+commissioned",2026-06-25,Konstantin Loffler <kl@wip.tu-berlin.de>
ERCOT,WECC,Power,2038,3.330147,,GW,"IC transfer capability, High/NTP ceiling (MW/1000), floored at existing+commissioned",2026-06-25,Konstantin Loffler <kl@wip.tu-berlin.de>
ERCOT,WECC,Power,2039,3.463353,,GW,"IC transfer capability, High/NTP ceiling (MW/1000), floored at existing+commissioned",2026-06-25,Konstantin Loffler <kl@wip.tu-berlin.de>
ERCOT,WECC,Power,2040,3.601887,,GW,"IC transfer capability, High/NTP ceiling (MW/1000), floored at existing+commissioned",2026-06-25,Konstantin Loffler <kl@wip.tu-berlin.de>
NewEngland,Canada,Power,2025,2.268,,GW,"IC transfer capability, High/NTP ceiling (MW/1000), floored at existing+commissioned",2026-06-25,Konstantin Loffler <kl@wip.tu-berlin.de>
NewEngland,Canada,Power,2026,2.35872,,GW,"IC transfer capability, High/NTP ceiling (MW/1000), floored at existing+commissioned",2026-06-25,Konstantin Loffler <kl@wip.tu-berlin.de>
NewEngland,Canada,Power,2027,2.453069,,GW,"IC transfer capability, High/NTP ceiling (MW/1000), floored at existing+commissioned",2026-06-25,Konstantin Loffler <kl@wip.tu-berlin.de>
NewEngland,Canada,Power,2028,2.551192,,GW,"IC transfer capability, High/NTP ceiling (MW/1000), floored at existing+commissioned",2026-06-25,Konstantin Loffler <kl@wip.tu-berlin.de>
NewEngland,Canada,Power,2029,2.653239,,GW,"IC transfer capability, High/NTP ceiling (MW/1000), floored at existing+commissioned",2026-06-25,Konstantin Loffler <kl@wip.tu-berlin.de>
NewEngland,Canada,Power,2030,2.759369,,GW,"IC transfer capability, High/NTP ceiling (MW/1000), floored at existing+commissioned",2026-06-25,Konstantin Loffler <kl@wip.tu-berlin.de>
NewEngland,Canada,Power,2031,2.869744,,GW,"IC transfer capability, High/NTP ceiling (MW/1000), floored at existing+commissioned",2026-06-25,Konstantin Loffler <kl@wip.tu-berlin.de>
NewEngland,Canada,Power,2032,2.984533,,GW,"IC transfer capability, High/NTP ceiling (MW/1000), floored at existing+commissioned",2026-06-25,Konstantin Loffler <kl@wip.tu-berlin.de>
NewEngland,Canada,Power,2033,3.103915,,GW,"IC transfer capability, High/NTP ceiling (MW/1000), floored at existing+commissioned",2026-06-25,Konstantin Loffler <kl@wip.tu-berlin.de>
NewEngland,Canada,Power,2034,3.228071,,GW,"IC transfer capability, High/NTP ceiling (MW/1000), floored at existing+commissioned",2026-06-25,Konstantin Loffler <kl@wip.tu-berlin.de>
NewEngland,Canada,Power,2035,3.357194,,GW,"IC transfer capability, High/NTP ceiling (MW/1000), floored at existing+commissioned",2026-06-25,Konstantin Loffler <kl@wip.tu-berlin.de>
NewEngland,Canada,Power,2036,3.491482,,GW,"IC transfer capability, High/NTP ceiling (MW/1000), floored at existing+commissioned",2026-06-25,Konstantin Loffler <kl@wip.tu-berlin.de>
NewEngland,Canada,Power,2037,3.631141,,GW,"IC transfer capability, High/NTP ceiling (MW/1000), floored at existing+commissioned",2026-06-25,Konstantin Loffler <kl@wip.tu-berlin.de>
NewEngland,Canada,Power,2038,3.776387,,GW,"IC transfer capability, High/NTP ceiling (MW/1000), floored at existing+commissioned",2026-06-25,Konstantin Loffler <kl@wip.tu-berlin.de>
NewEngland,Canada,Power,2039,3.927442,,GW,"IC transfer capability, High/NTP ceiling (MW/1000), floored at existing+commissioned",2026-06-25,Konstantin Loffler <kl@wip.tu-berlin.de>
NewEngland,Canada,Power,2040,3.975,,GW,"IC transfer capability, High/NTP ceiling (MW/1000), floored at existing+commissioned",2026-06-25,Konstantin Loffler <kl@wip.tu-berlin.de>
NewEngland,NewYork,Power,2025,3.502,,GW,"IC transfer capability, High/NTP ceiling (MW/1000), floored at existing+commissioned",2026-06-25,Konstantin Loffler <kl@wip.tu-berlin.de>
NewEngland,NewYork,Power,2026,3.64208,,GW,"IC transfer capability, High/NTP ceiling (MW/1000), floored at existing+commissioned",2026-06-25,Konstantin Loffler <kl@wip.tu-berlin.de>
NewEngland,NewYork,Power,2027,3.787763,,GW,"IC transfer capability, High/NTP ceiling (MW/1000), floored at existing+commissioned",2026-06-25,Konstantin Loffler <kl@wip.tu-berlin.de>
NewEngland,NewYork,Power,2028,3.939274,,GW,"IC transfer capability, High/NTP ceiling (MW/1000), floored at existing+commissioned",2026-06-25,Konstantin Loffler <kl@wip.tu-berlin.de>
NewEngland,NewYork,Power,2029,4.096845,,GW,"IC transfer capability, High/NTP ceiling (MW/1000), floored at existing+commissioned",2026-06-25,Konstantin Loffler <kl@wip.tu-berlin.de>
NewEngland,NewYork,Power,2030,4.260718,,GW,"IC transfer capability, High/NTP ceiling (MW/1000), floored at existing+commissioned",2026-06-25,Konstantin Loffler <kl@wip.tu-berlin.de>
NewEngland,NewYork,Power,2031,4.431147,,GW,"IC transfer capability, High/NTP ceiling (MW/1000), floored at existing+commissioned",2026-06-25,Konstantin Loffler <kl@wip.tu-berlin.de>
NewEngland,NewYork,Power,2032,4.608393,,GW,"IC transfer capability, High/NTP ceiling (MW/1000), floored at existing+commissioned",2026-06-25,Konstantin Loffler <kl@wip.tu-berlin.de>
NewEngland,NewYork,Power,2033,4.792729,,GW,"IC transfer capability, High/NTP ceiling (MW/1000), floored at existing+commissioned",2026-06-25,Konstantin Loffler <kl@wip.tu-berlin.de>
NewEngland,NewYork,Power,2034,4.984438,,GW,"IC transfer capability, High/NTP ceiling (MW/1000), floored at existing+commissioned",2026-06-25,Konstantin Loffler <kl@wip.tu-berlin.de>
NewEngland,NewYork,Power,2035,5.183815,,GW,"IC transfer capability, High/NTP ceiling (MW/1000), floored at existing+commissioned",2026-06-25,Konstantin Loffler <kl@wip.tu-berlin.de>
NewEngland,NewYork,Power,2036,5.391168,,GW,"IC transfer capability, High/NTP ceiling (MW/1000), floored at existing+commissioned",2026-06-25,Konstantin Loffler <kl@wip.tu-berlin.de>
NewEngland,NewYork,Power,2037,5.606815,,GW,"IC transfer capability, High/NTP ceiling (MW/1000), floored at existing+commissioned",2026-06-25,Konstantin Loffler <kl@wip.tu-berlin.de>
NewEngland,NewYork,Power,2038,5.831087,,GW,"IC transfer capability, High/NTP ceiling (MW/1000), floored at existing+commissioned",2026-06-25,Konstantin Loffler <kl@wip.tu-berlin.de>
NewEngland,NewYork,Power,2039,6.064331,,GW,"IC transfer capability, High/NTP ceiling (MW/1000), floored at existing+commissioned",2026-06-25,Konstantin Loffler <kl@wip.tu-berlin.de>
NewEngland,NewYork,Power,2040,6.306904,,GW,"IC transfer capability, High/NTP ceiling (MW/1000), floored at existing+commissioned",2026-06-25,Konstantin Loffler <kl@wip.tu-berlin.de>
MISO,Canada,Power,2025,4.821,,GW,"IC transfer capability, High/NTP ceiling (MW/1000), floored at existing+commissioned",2026-06-25,Konstantin Loffler <kl@wip.tu-berlin.de>
MISO,Canada,Power,2026,5.01384,,GW,"IC transfer capability, High/NTP ceiling (MW/1000), floored at existing+commissioned",2026-06-25,Konstantin Loffler <kl@wip.tu-berlin.de>
MISO,Canada,Power,2027,5.045,,GW,"IC transfer capability, High/NTP ceiling (MW/1000), floored at existing+commissioned",2026-06-25,Konstantin Loffler <kl@wip.tu-berlin.de>
MISO,Canada,Power,2028,5.045,,GW,"IC transfer capability, High/NTP ceiling (MW/1000), floored at existing+commissioned",2026-06-25,Konstantin Loffler <kl@wip.tu-berlin.de>
MISO,Canada,Power,2029,5.045,,GW,"IC transfer capability, High/NTP ceiling (MW/1000), floored at existing+commissioned",2026-06-25,Konstantin Loffler <kl@wip.tu-berlin.de>
MISO,Canada,Power,2030,5.045,,GW,"IC transfer capability, High/NTP ceiling (MW/1000), floored at existing+commissioned",2026-06-25,Konstantin Loffler <kl@wip.tu-berlin.de>
MISO,Canada,Power,2031,5.045,,GW,"IC transfer capability, High/NTP ceiling (MW/1000), floored at existing+commissioned",2026-06-25,Konstantin Loffler <kl@wip.tu-berlin.de>
MISO,Canada,Power,2032,5.045,,GW,"IC transfer capability, High/NTP ceiling (MW/1000), floored at existing+commissioned",2026-06-25,Konstantin Loffler <kl@wip.tu-berlin.de>
MISO,Canada,Power,2033,5.045,,GW,"IC transfer capability, High/NTP ceiling (MW/1000), floored at existing+commissioned",2026-06-25,Konstantin Loffler <kl@wip.tu-berlin.de>
MISO,Canada,Power,2034,5.045,,GW,"IC transfer capability, High/NTP ceiling (MW/1000), floored at existing+commissioned",2026-06-25,Konstantin Loffler <kl@wip.tu-berlin.de>
MISO,Canada,Power,2035,5.045,,GW,"IC transfer capability, High/NTP ceiling (MW/1000), floored at existing+commissioned",2026-06-25,Konstantin Loffler <kl@wip.tu-berlin.de>
MISO,Canada,Power,2036,5.045,,GW,"IC transfer capability, High/NTP ceiling (MW/1000), floored at existing+commissioned",2026-06-25,Konstantin Loffler <kl@wip.tu-berlin.de>
MISO,Canada,Power,2037,5.045,,GW,"IC transfer capability, High/NTP ceiling (MW/1000), floored at existing+commissioned",2026-06-25,Konstantin Loffler <kl@wip.tu-berlin.de>
MISO,Canada,Power,2038,5.045,,GW,"IC transfer capability, High/NTP ceiling (MW/1000), floored at existing+commissioned",2026-06-25,Konstantin Loffler <kl@wip.tu-berlin.de>
MISO,Canada,Power,2039,5.045,,GW,"IC transfer capability, High/NTP ceiling (MW/1000), floored at existing+commissioned",2026-06-25,Konstantin Loffler <kl@wip.tu-berlin.de>
MISO,Canada,Power,2040,5.045,,GW,"IC transfer capability, High/NTP ceiling (MW/1000), floored at existing+commissioned",2026-06-25,Konstantin Loffler <kl@wip.tu-berlin.de>
MISO,ERCOT,Power,2025,0.0,,GW,"IC transfer capability, High/NTP ceiling (MW/1000), floored at existing+commissioned",2026-06-25,Konstantin Loffler <kl@wip.tu-berlin.de>
MISO,ERCOT,Power,2026,1.1092,,GW,"IC transfer capability, High/NTP ceiling (MW/1000), floored at existing+commissioned",2026-06-25,Konstantin Loffler <kl@wip.tu-berlin.de>
MISO,ERCOT,Power,2027,2.1632,,GW,"IC transfer capability, High/NTP ceiling (MW/1000), floored at existing+commissioned",2026-06-25,Konstantin Loffler <kl@wip.tu-berlin.de>
MISO,ERCOT,Power,2028,2.249728,,GW,"IC transfer capability, High/NTP ceiling (MW/1000), floored at existing+commissioned",2026-06-25,Konstantin Loffler <kl@wip.tu-berlin.de>
MISO,ERCOT,Power,2029,2.339717,,GW,"IC transfer capability, High/NTP ceiling (MW/1000), floored at existing+commissioned",2026-06-25,Konstantin Loffler <kl@wip.tu-berlin.de>
MISO,ERCOT,Power,2030,2.433306,,GW,"IC transfer capability, High/NTP ceiling (MW/1000), floored at existing+commissioned",2026-06-25,Konstantin Loffler <kl@wip.tu-berlin.de>
MISO,ERCOT,Power,2031,2.530638,,GW,"IC transfer capability, High/NTP ceiling (MW/1000), floored at existing+commissioned",2026-06-25,Konstantin Loffler <kl@wip.tu-berlin.de>
MISO,ERCOT,Power,2032,2.631864,,GW,"IC transfer capability, High/NTP ceiling (MW/1000), floored at existing+commissioned",2026-06-25,Konstantin Loffler <kl@wip.tu-berlin.de>
MISO,ERCOT,Power,2033,2.737138,,GW,"IC transfer capability, High/NTP ceiling (MW/1000), floored at existing+commissioned",2026-06-25,Konstantin Loffler <kl@wip.tu-berlin.de>
MISO,ERCOT,Power,2034,2.846624,,GW,"IC transfer capability, High/NTP ceiling (MW/1000), floored at existing+commissioned",2026-06-25,Konstantin Loffler <kl@wip.tu-berlin.de>
MISO,ERCOT,Power,2035,2.960489,,GW,"IC transfer capability, High/NTP ceiling (MW/1000), floored at existing+commissioned",2026-06-25,Konstantin Loffler <kl@wip.tu-berlin.de>
MISO,ERCOT,Power,2036,3.078908,,GW,"IC transfer capability, High/NTP ceiling (MW/1000), floored at existing+commissioned",2026-06-25,Konstantin Loffler <kl@wip.tu-berlin.de>
MISO,ERCOT,Power,2037,3.202064,,GW,"IC transfer capability, High/NTP ceiling (MW/1000), floored at existing+commissioned",2026-06-25,Konstantin Loffler <kl@wip.tu-berlin.de>
MISO,ERCOT,Power,2038,3.330147,,GW,"IC transfer capability, High/NTP ceiling (MW/1000), floored at existing+commissioned",2026-06-25,Konstantin Loffler <kl@wip.tu-berlin.de>
MISO,ERCOT,Power,2039,3.463353,,GW,"IC transfer capability, High/NTP ceiling (MW/1000), floored at existing+commissioned",2026-06-25,Konstantin Loffler <kl@wip.tu-berlin.de>
MISO,ERCOT,Power,2040,3.601887,,GW,"IC transfer capability, High/NTP ceiling (MW/1000), floored at existing+commissioned",2026-06-25,Konstantin Loffler <kl@wip.tu-berlin.de>
MISO,PJM,Power,2025,2.0,,GW,"IC transfer capability, High/NTP ceiling (MW/1000), floored at existing+commissioned",2026-06-25,Konstantin Loffler <kl@wip.tu-berlin.de>
MISO,PJM,Power,2026,2.08,,GW,"IC transfer capability, High/NTP ceiling (MW/1000), floored at existing+commissioned",2026-06-25,Konstantin Loffler <kl@wip.tu-berlin.de>
MISO,PJM,Power,2027,2.1632,,GW,"IC transfer capability, High/NTP ceiling (MW/1000), floored at existing+commissioned",2026-06-25,Konstantin Loffler <kl@wip.tu-berlin.de>
MISO,PJM,Power,2028,2.249728,,GW,"IC transfer capability, High/NTP ceiling (MW/1000), floored at existing+commissioned",2026-06-25,Konstantin Loffler <kl@wip.tu-berlin.de>
MISO,PJM,Power,2029,2.339717,,GW,"IC transfer capability, High/NTP ceiling (MW/1000), floored at existing+commissioned",2026-06-25,Konstantin Loffler <kl@wip.tu-berlin.de>
MISO,PJM,Power,2030,2.433306,,GW,"IC transfer capability, High/NTP ceiling (MW/1000), floored at existing+commissioned",2026-06-25,Konstantin Loffler <kl@wip.tu-berlin.de>
MISO,PJM,Power,2031,2.530638,,GW,"IC transfer capability, High/NTP ceiling (MW/1000), floored at existing+commissioned",2026-06-25,Konstantin Loffler <kl@wip.tu-berlin.de>
MISO,PJM,Power,2032,2.631864,,GW,"IC transfer capability, High/NTP ceiling (MW/1000), floored at existing+commissioned",2026-06-25,Konstantin Loffler <kl@wip.tu-berlin.de>
MISO,PJM,Power,2033,2.737138,,GW,"IC transfer capability, High/NTP ceiling (MW/1000), floored at existing+commissioned",2026-06-25,Konstantin Loffler <kl@wip.tu-berlin.de>
MISO,PJM,Power,2034,2.846624,,GW,"IC transfer capability, High/NTP ceiling (MW/1000), floored at existing+commissioned",2026-06-25,Konstantin Loffler <kl@wip.tu-berlin.de>
MISO,PJM,Power,2035,2.960489,,GW,"IC transfer capability, High/NTP ceiling (MW/1000), floored at existing+commissioned",2026-06-25,Konstantin Loffler <kl@wip.tu-berlin.de>
MISO,PJM,Power,2036,3.078908,,GW,"IC transfer capability, High/NTP ceiling (MW/1000), floored at existing+commissioned",2026-06-25,Konstantin Loffler <kl@wip.tu-berlin.de>
MISO,PJM,Power,2037,3.202064,,GW,"IC transfer capability, High/NTP ceiling (MW/1000), floored at existing+commissioned",2026-06-25,Konstantin Loffler <kl@wip.tu-berlin.de>
MISO,PJM,Power,2038,3.330147,,GW,"IC transfer capability, High/NTP ceiling (MW/1000), floored at existing+commissioned",2026-06-25,Konstantin Loffler <kl@wip.tu-berlin.de>
MISO,PJM,Power,2039,3.463353,,GW,"IC transfer capability, High/NTP ceiling (MW/1000), floored at existing+commissioned",2026-06-25,Konstantin Loffler <kl@wip.tu-berlin.de>
MISO,PJM,Power,2040,3.601887,,GW,"IC transfer capability, High/NTP ceiling (MW/1000), floored at existing+commissioned",2026-06-25,Konstantin Loffler <kl@wip.tu-berlin.de>
MISO,SERC,Power,2025,3.111,,GW,"IC transfer capability, High/NTP ceiling (MW/1000), floored at existing+commissioned",2026-06-25,Konstantin Loffler <kl@wip.tu-berlin.de>
MISO,SERC,Power,2026,3.23544,,GW,"IC transfer capability, High/NTP ceiling (MW/1000), floored at existing+commissioned",2026-06-25,Konstantin Loffler <kl@wip.tu-berlin.de>
MISO,SERC,Power,2027,3.364858,,GW,"IC transfer capability, High/NTP ceiling (MW/1000), floored at existing+commissioned",2026-06-25,Konstantin Loffler <kl@wip.tu-berlin.de>
MISO,SERC,Power,2028,3.499452,,GW,"IC transfer capability, High/NTP ceiling (MW/1000), floored at existing+commissioned",2026-06-25,Konstantin Loffler <kl@wip.tu-berlin.de>
MISO,SERC,Power,2029,3.63943,,GW,"IC transfer capability, High/NTP ceiling (MW/1000), floored at existing+commissioned",2026-06-25,Konstantin Loffler <kl@wip.tu-berlin.de>
MISO,SERC,Power,2030,3.785007,,GW,"IC transfer capability, High/NTP ceiling (MW/1000), floored at existing+commissioned",2026-06-25,Konstantin Loffler <kl@wip.tu-berlin.de>
MISO,SERC,Power,2031,3.936407,,GW,"IC transfer capability, High/NTP ceiling (MW/1000), floored at existing+commissioned",2026-06-25,Konstantin Loffler <kl@wip.tu-berlin.de>
MISO,SERC,Power,2032,4.093864,,GW,"IC transfer capability, High/NTP ceiling (MW/1000), floored at existing+commissioned",2026-06-25,Konstantin Loffler <kl@wip.tu-berlin.de>
MISO,SERC,Power,2033,4.257618,,GW,"IC transfer capability, High/NTP ceiling (MW/1000), floored at existing+commissioned",2026-06-25,Konstantin Loffler <kl@wip.tu-berlin.de>
MISO,SERC,Power,2034,4.427923,,GW,"IC transfer capability, High/NTP ceiling (MW/1000), floored at existing+commissioned",2026-06-25,Konstantin Loffler <kl@wip.tu-berlin.de>
MISO,SERC,Power,2035,4.60504,,GW,"IC transfer capability, High/NTP ceiling (MW/1000), floored at existing+commissioned",2026-06-25,Konstantin Loffler <kl@wip.tu-berlin.de>
MISO,SERC,Power,2036,4.789242,,GW,"IC transfer capability, High/NTP ceiling (MW/1000), floored at existing+commissioned",2026-06-25,Konstantin Loffler <kl@wip.tu-berlin.de>
MISO,SERC,Power,2037,4.980811,,GW,"IC transfer capability, High/NTP ceiling (MW/1000), floored at existing+commissioned",2026-06-25,Konstantin Loffler <kl@wip.tu-berlin.de>
MISO,SERC,Power,2038,5.180044,,GW,"IC transfer capability, High/NTP ceiling (MW/1000), floored at existing+commissioned",2026-06-25,Konstantin Loffler <kl@wip.tu-berlin.de>
MISO,SERC,Power,2039,5.387245,,GW,"IC transfer capability, High/NTP ceiling (MW/1000), floored at existing+commissioned",2026-06-25,Konstantin Loffler <kl@wip.tu-berlin.de>
MISO,SERC,Power,2040,5.602735,,GW,"IC transfer capability, High/NTP ceiling (MW/1000), floored at existing+commissioned",2026-06-25,Konstantin Loffler <kl@wip.tu-berlin.de>
MISO,SPP,Power,2025,4.382,,GW,"IC transfer capability, High/NTP ceiling (MW/1000), floored at existing+commissioned",2026-06-25,Konstantin Loffler <kl@wip.tu-berlin.de>
MISO,SPP,Power,2026,4.55728,,GW,"IC transfer capability, High/NTP ceiling (MW/1000), floored at existing+commissioned",2026-06-25,Konstantin Loffler <kl@wip.tu-berlin.de>
MISO,SPP,Power,2027,4.739571,,GW,"IC transfer capability, High/NTP ceiling (MW/1000), floored at existing+commissioned",2026-06-25,Konstantin Loffler <kl@wip.tu-berlin.de>
MISO,SPP,Power,2028,4.929154,,GW,"IC transfer capability, High/NTP ceiling (MW/1000), floored at existing+commissioned",2026-06-25,Konstantin Loffler <kl@wip.tu-berlin.de>
MISO,SPP,Power,2029,5.12632,,GW,"IC transfer capability, High/NTP ceiling (MW/1000), floored at existing+commissioned",2026-06-25,Konstantin Loffler <kl@wip.tu-berlin.de>
MISO,SPP,Power,2030,5.331373,,GW,"IC transfer capability, High/NTP ceiling (MW/1000), floored at existing+commissioned",2026-06-25,Konstantin Loffler <kl@wip.tu-berlin.de>
MISO,SPP,Power,2031,5.544628,,GW,"IC transfer capability, High/NTP ceiling (MW/1000), floored at existing+commissioned",2026-06-25,Konstantin Loffler <kl@wip.tu-berlin.de>
MISO,SPP,Power,2032,5.766413,,GW,"IC transfer capability, High/NTP ceiling (MW/1000), floored at existing+commissioned",2026-06-25,Konstantin Loffler <kl@wip.tu-berlin.de>
MISO,SPP,Power,2033,5.99707,,GW,"IC transfer capability, High/NTP ceiling (MW/1000), floored at existing+commissioned",2026-06-25,Konstantin Loffler <kl@wip.tu-berlin.de>
MISO,SPP,Power,2034,6.236952,,GW,"IC transfer capability, High/NTP ceiling (MW/1000), floored at existing+commissioned",2026-06-25,Konstantin Loffler <kl@wip.tu-berlin.de>
MISO,SPP,Power,2035,6.48643,,GW,"IC transfer capability, High/NTP ceiling (MW/1000), floored at existing+commissioned",2026-06-25,Konstantin Loffler <kl@wip.tu-berlin.de>
MISO,SPP,Power,2036,6.745888,,GW,"IC transfer capability, High/NTP ceiling (MW/1000), floored at existing+commissioned",2026-06-25,Konstantin Loffler <kl@wip.tu-berlin.de>
MISO,SPP,Power,2037,7.015723,,GW,"IC transfer capability, High/NTP ceiling (MW/1000), floored at existing+commissioned",2026-06-25,Konstantin Loffler <kl@wip.tu-berlin.de>
MISO,SPP,Power,2038,7.296352,,GW,"IC transfer capability, High/NTP ceiling (MW/1000), floored at existing+commissioned",2026-06-25,Konstantin Loffler <kl@wip.tu-berlin.de>
MISO,SPP,Power,2039,7.588206,,GW,"IC transfer capability, High/NTP ceiling (MW/1000), floored at existing+commissioned",2026-06-25,Konstantin Loffler <kl@wip.tu-berlin.de>
MISO,SPP,Power,2040,7.891734,,GW,"IC transfer capability, High/NTP ceiling (MW/1000), floored at existing+commissioned",2026-06-25,Konstantin Loffler <kl@wip.tu-berlin.de>
MISO,WECC,Power,2025,0.0,,GW,"IC transfer capability, High/NTP ceiling (MW/1000), floored at existing+commissioned",2026-06-25,Konstantin Loffler <kl@wip.tu-berlin.de>
MISO,WECC,Power,2026,0.0,,GW,"IC transfer capability, High/NTP ceiling (MW/1000), floored at existing+commissioned",2026-06-25,Konstantin Loffler <kl@wip.tu-berlin.de>
MISO,WECC,Power,2027,0.0,,GW,"IC transfer capability, High/NTP ceiling (MW/1000), floored at existing+commissioned",2026-06-25,Konstantin Loffler <kl@wip.tu-berlin.de>
MISO,WECC,Power,2028,0.0,,GW,"IC transfer capability, High/NTP ceiling (MW/1000), floored at existing+commissioned",2026-06-25,Konstantin Loffler <kl@wip.tu-berlin.de>
MISO,WECC,Power,2029,0.0,,GW,"IC transfer capability, High/NTP ceiling (MW/1000), floored at existing+commissioned",2026-06-25,Konstantin Loffler <kl@wip.tu-berlin.de>
MISO,WECC,Power,2030,0.0,,GW,"IC transfer capability, High/NTP ceiling (MW/1000), floored at existing+commissioned",2026-06-25,Konstantin Loffler <kl@wip.tu-berlin.de>
MISO,WECC,Power,2031,0.66,,GW,"IC transfer capability, High/NTP ceiling (MW/1000), floored at existing+commissioned",2026-06-25,Konstantin Loffler <kl@wip.tu-berlin.de>
MISO,WECC,Power,2032,3.0,,GW,"IC transfer capability, High/NTP ceiling (MW/1000), floored at existing+commissioned",2026-06-25,Konstantin Loffler <kl@wip.tu-berlin.de>
MISO,WECC,Power,2033,3.0,,GW,"IC transfer capability, High/NTP ceiling (MW/1000), floored at existing+commissioned",2026-06-25,Konstantin Loffler <kl@wip.tu-berlin.de>
MISO,WECC,Power,2034,3.0,,GW,"IC transfer capability, High/NTP ceiling (MW/1000), floored at existing+commissioned",2026-06-25,Konstantin Loffler <kl@wip.tu-berlin.de>
MISO,WECC,Power,2035,3.0,,GW,"IC transfer capability, High/NTP ceiling (MW/1000), floored at existing+commissioned",2026-06-25,Konstantin Loffler <kl@wip.tu-berlin.de>
MISO,WECC,Power,2036,3.078908,,GW,"IC transfer capability, High/NTP ceiling (MW/1000), floored at existing+commissioned",2026-06-25,Konstantin Loffler <kl@wip.tu-berlin.de>
MISO,WECC,Power,2037,3.202064,,GW,"IC transfer capability, High/NTP ceiling (MW/1000), floored at existing+commissioned",2026-06-25,Konstantin Loffler <kl@wip.tu-berlin.de>
MISO,WECC,Power,2038,3.3,,GW,"IC transfer capability, High/NTP ceiling (MW/1000), floored at existing+commissioned",2026-06-25,Konstantin Loffler <kl@wip.tu-berlin.de>
MISO,WECC,Power,2039,3.3,,GW,"IC transfer capability, High/NTP ceiling (MW/1000), floored at existing+commissioned",2026-06-25,Konstantin Loffler <kl@wip.tu-berlin.de>
MISO,WECC,Power,2040,3.3,,GW,"IC transfer capability, High/NTP ceiling (MW/1000), floored at existing+commissioned",2026-06-25,Konstantin Loffler <kl@wip.tu-berlin.de>
NewYork,Canada,Power,2025,6.421,,GW,"IC transfer capability, High/NTP ceiling (MW/1000), floored at existing+commissioned",2026-06-25,Konstantin Loffler <kl@wip.tu-berlin.de>
NewYork,Canada,Power,2026,6.421,,GW,"IC transfer capability, High/NTP ceiling (MW/1000), floored at existing+commissioned",2026-06-25,Konstantin Loffler <kl@wip.tu-berlin.de>
NewYork,Canada,Power,2027,6.421,,GW,"IC transfer capability, High/NTP ceiling (MW/1000), floored at existing+commissioned",2026-06-25,Konstantin Loffler <kl@wip.tu-berlin.de>
NewYork,Canada,Power,2028,6.421,,GW,"IC transfer capability, High/NTP ceiling (MW/1000), floored at existing+commissioned",2026-06-25,Konstantin Loffler <kl@wip.tu-berlin.de>
NewYork,Canada,Power,2029,6.421,,GW,"IC transfer capability, High/NTP ceiling (MW/1000), floored at existing+commissioned",2026-06-25,Konstantin Loffler <kl@wip.tu-berlin.de>
NewYork,Canada,Power,2030,6.421,,GW,"IC transfer capability, High/NTP ceiling (MW/1000), floored at existing+commissioned",2026-06-25,Konstantin Loffler <kl@wip.tu-berlin.de>
NewYork,Canada,Power,2031,6.421,,GW,"IC transfer capability, High/NTP ceiling (MW/1000), floored at existing+commissioned",2026-06-25,Konstantin Loffler <kl@wip.tu-berlin.de>
NewYork,Canada,Power,2032,6.421,,GW,"IC transfer capability, High/NTP ceiling (MW/1000), floored at existing+commissioned",2026-06-25,Konstantin Loffler <kl@wip.tu-berlin.de>
NewYork,Canada,Power,2033,6.421,,GW,"IC transfer capability, High/NTP ceiling (MW/1000), floored at existing+commissioned",2026-06-25,Konstantin Loffler <kl@wip.tu-berlin.de>
NewYork,Canada,Power,2034,6.421,,GW,"IC transfer capability, High/NTP ceiling (MW/1000), floored at existing+commissioned",2026-06-25,Konstantin Loffler <kl@wip.tu-berlin.de>
NewYork,Canada,Power,2035,6.421,,GW,"IC transfer capability, High/NTP ceiling (MW/1000), floored at existing+commissioned",2026-06-25,Konstantin Loffler <kl@wip.tu-berlin.de>
NewYork,Canada,Power,2036,6.421,,GW,"IC transfer capability, High/NTP ceiling (MW/1000), floored at existing+commissioned",2026-06-25,Konstantin Loffler <kl@wip.tu-berlin.de>
NewYork,Canada,Power,2037,6.421,,GW,"IC transfer capability, High/NTP ceiling (MW/1000), floored at existing+commissioned",2026-06-25,Konstantin Loffler <kl@wip.tu-berlin.de>
NewYork,Canada,Power,2038,6.421,,GW,"IC transfer capability, High/NTP ceiling (MW/1000), floored at existing+commissioned",2026-06-25,Konstantin Loffler <kl@wip.tu-berlin.de>
NewYork,Canada,Power,2039,6.421,,GW,"IC transfer capability, High/NTP ceiling (MW/1000), floored at existing+commissioned",2026-06-25,Konstantin Loffler <kl@wip.tu-berlin.de>
NewYork,Canada,Power,2040,6.421,,GW,"IC transfer capability, High/NTP ceiling (MW/1000), floored at existing+commissioned",2026-06-25,Konstantin Loffler <kl@wip.tu-berlin.de>
NewYork,NewEngland,Power,2025,3.02,,GW,"IC transfer capability, High/NTP ceiling (MW/1000), floored at existing+commissioned",2026-06-25,Konstantin Loffler <kl@wip.tu-berlin.de>
NewYork,NewEngland,Power,2026,3.1408,,GW,"IC transfer capability, High/NTP ceiling (MW/1000), floored at existing+commissioned",2026-06-25,Konstantin Loffler <kl@wip.tu-berlin.de>
NewYork,NewEngland,Power,2027,3.266432,,GW,"IC transfer capability, High/NTP ceiling (MW/1000), floored at existing+commissioned",2026-06-25,Konstantin Loffler <kl@wip.tu-berlin.de>
NewYork,NewEngland,Power,2028,3.397089,,GW,"IC transfer capability, High/NTP ceiling (MW/1000), floored at existing+commissioned",2026-06-25,Konstantin Loffler <kl@wip.tu-berlin.de>
NewYork,NewEngland,Power,2029,3.532973,,GW,"IC transfer capability, High/NTP ceiling (MW/1000), floored at existing+commissioned",2026-06-25,Konstantin Loffler <kl@wip.tu-berlin.de>
NewYork,NewEngland,Power,2030,3.674292,,GW,"IC transfer capability, High/NTP ceiling (MW/1000), floored at existing+commissioned",2026-06-25,Konstantin Loffler <kl@wip.tu-berlin.de>
NewYork,NewEngland,Power,2031,3.821263,,GW,"IC transfer capability, High/NTP ceiling (MW/1000), floored at existing+commissioned",2026-06-25,Konstantin Loffler <kl@wip.tu-berlin.de>
NewYork,NewEngland,Power,2032,3.974114,,GW,"IC transfer capability, High/NTP ceiling (MW/1000), floored at existing+commissioned",2026-06-25,Konstantin Loffler <kl@wip.tu-berlin.de>
NewYork,NewEngland,Power,2033,4.133079,,GW,"IC transfer capability, High/NTP ceiling (MW/1000), floored at existing+commissioned",2026-06-25,Konstantin Loffler <kl@wip.tu-berlin.de>
NewYork,NewEngland,Power,2034,4.298402,,GW,"IC transfer capability, High/NTP ceiling (MW/1000), floored at existing+commissioned",2026-06-25,Konstantin Loffler <kl@wip.tu-berlin.de>
NewYork,NewEngland,Power,2035,4.470338,,GW,"IC transfer capability, High/NTP ceiling (MW/1000), floored at existing+commissioned",2026-06-25,Konstantin Loffler <kl@wip.tu-berlin.de>
NewYork,NewEngland,Power,2036,4.649151,,GW,"IC transfer capability, High/NTP ceiling (MW/1000), floored at existing+commissioned",2026-06-25,Konstantin Loffler <kl@wip.tu-berlin.de>
NewYork,NewEngland,Power,2037,4.835117,,GW,"IC transfer capability, High/NTP ceiling (MW/1000), floored at existing+commissioned",2026-06-25,Konstantin Loffler <kl@wip.tu-berlin.de>
NewYork,NewEngland,Power,2038,5.028522,,GW,"IC transfer capability, High/NTP ceiling (MW/1000), floored at existing+commissioned",2026-06-25,Konstantin Loffler <kl@wip.tu-berlin.de>
NewYork,NewEngland,Power,2039,5.229663,,GW,"IC transfer capability, High/NTP ceiling (MW/1000), floored at existing+commissioned",2026-06-25,Konstantin Loffler <kl@wip.tu-berlin.de>
NewYork,NewEngland,Power,2040,5.438849,,GW,"IC transfer capability, High/NTP ceiling (MW/1000), floored at existing+commissioned",2026-06-25,Konstantin Loffler <kl@wip.tu-berlin.de>
NewYork,PJM,Power,2025,6.523,,GW,"IC transfer capability, High/NTP ceiling (MW/1000), floored at existing+commissioned",2026-06-25,Konstantin Loffler <kl@wip.tu-berlin.de>
NewYork,PJM,Power,2026,6.604,,GW,"IC transfer capability, High/NTP ceiling (MW/1000), floored at existing+commissioned",2026-06-25,Konstantin Loffler <kl@wip.tu-berlin.de>
NewYork,PJM,Power,2027,6.604,,GW,"IC transfer capability, High/NTP ceiling (MW/1000), floored at existing+commissioned",2026-06-25,Konstantin Loffler <kl@wip.tu-berlin.de>
NewYork,PJM,Power,2028,6.604,,GW,"IC transfer capability, High/NTP ceiling (MW/1000), floored at existing+commissioned",2026-06-25,Konstantin Loffler <kl@wip.tu-berlin.de>
NewYork,PJM,Power,2029,6.604,,GW,"IC transfer capability, High/NTP ceiling (MW/1000), floored at existing+commissioned",2026-06-25,Konstantin Loffler <kl@wip.tu-berlin.de>
NewYork,PJM,Power,2030,6.604,,GW,"IC transfer capability, High/NTP ceiling (MW/1000), floored at existing+commissioned",2026-06-25,Konstantin Loffler <kl@wip.tu-berlin.de>
NewYork,PJM,Power,2031,8.2472,,GW,"IC transfer capability, High/NTP ceiling (MW/1000), floored at existing+commissioned",2026-06-25,Konstantin Loffler <kl@wip.tu-berlin.de>
NewYork,PJM,Power,2032,8.583823,,GW,"IC transfer capability, High/NTP ceiling (MW/1000), floored at existing+commissioned",2026-06-25,Konstantin Loffler <kl@wip.tu-berlin.de>
NewYork,PJM,Power,2033,8.927176,,GW,"IC transfer capability, High/NTP ceiling (MW/1000), floored at existing+commissioned",2026-06-25,Konstantin Loffler <kl@wip.tu-berlin.de>
NewYork,PJM,Power,2034,9.284263,,GW,"IC transfer capability, High/NTP ceiling (MW/1000), floored at existing+commissioned",2026-06-25,Konstantin Loffler <kl@wip.tu-berlin.de>
NewYork,PJM,Power,2035,9.655633,,GW,"IC transfer capability, High/NTP ceiling (MW/1000), floored at existing+commissioned",2026-06-25,Konstantin Loffler <kl@wip.tu-berlin.de>
NewYork,PJM,Power,2036,10.041859,,GW,"IC transfer capability, High/NTP ceiling (MW/1000), floored at existing+commissioned",2026-06-25,Konstantin Loffler <kl@wip.tu-berlin.de>
NewYork,PJM,Power,2037,10.443533,,GW,"IC transfer capability, High/NTP ceiling (MW/1000), floored at existing+commissioned",2026-06-25,Konstantin Loffler <kl@wip.tu-berlin.de>
NewYork,PJM,Power,2038,10.861274,,GW,"IC transfer capability, High/NTP ceiling (MW/1000), floored at existing+commissioned",2026-06-25,Konstantin Loffler <kl@wip.tu-berlin.de>
NewYork,PJM,Power,2039,11.295725,,GW,"IC transfer capability, High/NTP ceiling (MW/1000), floored at existing+commissioned",2026-06-25,Konstantin Loffler <kl@wip.tu-berlin.de>
NewYork,PJM,Power,2040,11.747554,,GW,"IC transfer capability, High/NTP ceiling (MW/1000), floored at existing+commissioned",2026-06-25,Konstantin Loffler <kl@wip.tu-berlin.de>
PJM,Canada,Power,2025,0.0,,GW,"IC transfer capability, High/NTP ceiling (MW/1000), floored at existing+commissioned",2026-06-25,Konstantin Loffler <kl@wip.tu-berlin.de>
PJM,Canada,Power,2026,0.0,,GW,"IC transfer capability, High/NTP ceiling (MW/1000), floored at existing+commissioned",2026-06-25,Konstantin Loffler <kl@wip.tu-berlin.de>
PJM,Canada,Power,2027,0.0,,GW,"IC transfer capability, High/NTP ceiling (MW/1000), floored at existing+commissioned",2026-06-25,Konstantin Loffler <kl@wip.tu-berlin.de>
PJM,Canada,Power,2028,0.0,,GW,"IC transfer capability, High/NTP ceiling (MW/1000), floored at existing+commissioned",2026-06-25,Konstantin Loffler <kl@wip.tu-berlin.de>
PJM,Canada,Power,2029,0.0,,GW,"IC transfer capability, High/NTP ceiling (MW/1000), floored at existing+commissioned",2026-06-25,Konstantin Loffler <kl@wip.tu-berlin.de>
PJM,Canada,Power,2030,0.0,,GW,"IC transfer capability, High/NTP ceiling (MW/1000), floored at existing+commissioned",2026-06-25,Konstantin Loffler <kl@wip.tu-berlin.de>
PJM,Canada,Power,2031,0.2,,GW,"IC transfer capability, High/NTP ceiling (MW/1000), floored at existing+commissioned",2026-06-25,Konstantin Loffler <kl@wip.tu-berlin.de>
PJM,Canada,Power,2032,0.4,,GW,"IC transfer capability, High/NTP ceiling (MW/1000), floored at existing+commissioned",2026-06-25,Konstantin Loffler <kl@wip.tu-berlin.de>
PJM,Canada,Power,2033,0.6,,GW,"IC transfer capability, High/NTP ceiling (MW/1000), floored at existing+commissioned",2026-06-25,Konstantin Loffler <kl@wip.tu-berlin.de>
PJM,Canada,Power,2034,0.8,,GW,"IC transfer capability, High/NTP ceiling (MW/1000), floored at existing+commissioned",2026-06-25,Konstantin Loffler <kl@wip.tu-berlin.de>
PJM,Canada,Power,2035,1.0,,GW,"IC transfer capability, High/NTP ceiling (MW/1000), floored at existing+commissioned",2026-06-25,Konstantin Loffler <kl@wip.tu-berlin.de>
PJM,Canada,Power,2036,1.0,,GW,"IC transfer capability, High/NTP ceiling (MW/1000), floored at existing+commissioned",2026-06-25,Konstantin Loffler <kl@wip.tu-berlin.de>
PJM,Canada,Power,2037,1.0,,GW,"IC transfer capability, High/NTP ceiling (MW/1000), floored at existing+commissioned",2026-06-25,Konstantin Loffler <kl@wip.tu-berlin.de>
PJM,Canada,Power,2038,1.0,,GW,"IC transfer capability, High/NTP ceiling (MW/1000), floored at existing+commissioned",2026-06-25,Konstantin Loffler <kl@wip.tu-berlin.de>
PJM,Canada,Power,2039,1.0,,GW,"IC transfer capability, High/NTP ceiling (MW/1000), floored at existing+commissioned",2026-06-25,Konstantin Loffler <kl@wip.tu-berlin.de>
PJM,Canada,Power,2040,1.0,,GW,"IC transfer capability, High/NTP ceiling (MW/1000), floored at existing+commissioned",2026-06-25,Konstantin Loffler <kl@wip.tu-berlin.de>
PJM,MISO,Power,2025,45.174,,GW,"IC transfer capability, High/NTP ceiling (MW/1000), floored at existing+commissioned",2026-06-25,Konstantin Loffler <kl@wip.tu-berlin.de>
PJM,MISO,Power,2026,46.98096,,GW,"IC transfer capability, High/NTP ceiling (MW/1000), floored at existing+commissioned",2026-06-25,Konstantin Loffler <kl@wip.tu-berlin.de>
PJM,MISO,Power,2027,48.860198,,GW,"IC transfer capability, High/NTP ceiling (MW/1000), floored at existing+commissioned",2026-06-25,Konstantin Loffler <kl@wip.tu-berlin.de>
PJM,MISO,Power,2028,50.814606,,GW,"IC transfer capability, High/NTP ceiling (MW/1000), floored at existing+commissioned",2026-06-25,Konstantin Loffler <kl@wip.tu-berlin.de>
PJM,MISO,Power,2029,52.847191,,GW,"IC transfer capability, High/NTP ceiling (MW/1000), floored at existing+commissioned",2026-06-25,Konstantin Loffler <kl@wip.tu-berlin.de>
PJM,MISO,Power,2030,54.961078,,GW,"IC transfer capability, High/NTP ceiling (MW/1000), floored at existing+commissioned",2026-06-25,Konstantin Loffler <kl@wip.tu-berlin.de>
PJM,MISO,Power,2031,57.159521,,GW,"IC transfer capability, High/NTP ceiling (MW/1000), floored at existing+commissioned",2026-06-25,Konstantin Loffler <kl@wip.tu-berlin.de>
PJM,MISO,Power,2032,59.445902,,GW,"IC transfer capability, High/NTP ceiling (MW/1000), floored at existing+commissioned",2026-06-25,Konstantin Loffler <kl@wip.tu-berlin.de>
PJM,MISO,Power,2033,61.823738,,GW,"IC transfer capability, High/NTP ceiling (MW/1000), floored at existing+commissioned",2026-06-25,Konstantin Loffler <kl@wip.tu-berlin.de>
PJM,MISO,Power,2034,64.296688,,GW,"IC transfer capability, High/NTP ceiling (MW/1000), floored at existing+commissioned",2026-06-25,Konstantin Loffler <kl@wip.tu-berlin.de>
PJM,MISO,Power,2035,66.868555,,GW,"IC transfer capability, High/NTP ceiling (MW/1000), floored at existing+commissioned",2026-06-25,Konstantin Loffler <kl@wip.tu-berlin.de>
PJM,MISO,Power,2036,69.543298,,GW,"IC transfer capability, High/NTP ceiling (MW/1000), floored at existing+commissioned",2026-06-25,Konstantin Loffler <kl@wip.tu-berlin.de>
PJM,MISO,Power,2037,72.325029,,GW,"IC transfer capability, High/NTP ceiling (MW/1000), floored at existing+commissioned",2026-06-25,Konstantin Loffler <kl@wip.tu-berlin.de>
PJM,MISO,Power,2038,75.218031,,GW,"IC transfer capability, High/NTP ceiling (MW/1000), floored at existing+commissioned",2026-06-25,Konstantin Loffler <kl@wip.tu-berlin.de>
PJM,MISO,Power,2039,78.226752,,GW,"IC transfer capability, High/NTP ceiling (MW/1000), floored at existing+commissioned",2026-06-25,Konstantin Loffler <kl@wip.tu-berlin.de>
PJM,MISO,Power,2040,81.355822,,GW,"IC transfer capability, High/NTP ceiling (MW/1000), floored at existing+commissioned",2026-06-25,Konstantin Loffler <kl@wip.tu-berlin.de>
PJM,NewYork,Power,2025,4.399,,GW,"IC transfer capability, High/NTP ceiling (MW/1000), floored at existing+commissioned",2026-06-25,Konstantin Loffler <kl@wip.tu-berlin.de>
PJM,NewYork,Power,2026,4.57496,,GW,"IC transfer capability, High/NTP ceiling (MW/1000), floored at existing+commissioned",2026-06-25,Konstantin Loffler <kl@wip.tu-berlin.de>
PJM,NewYork,Power,2027,4.757958,,GW,"IC transfer capability, High/NTP ceiling (MW/1000), floored at existing+commissioned",2026-06-25,Konstantin Loffler <kl@wip.tu-berlin.de>
PJM,NewYork,Power,2028,4.948277,,GW,"IC transfer capability, High/NTP ceiling (MW/1000), floored at existing+commissioned",2026-06-25,Konstantin Loffler <kl@wip.tu-berlin.de>
PJM,NewYork,Power,2029,5.146208,,GW,"IC transfer capability, High/NTP ceiling (MW/1000), floored at existing+commissioned",2026-06-25,Konstantin Loffler <kl@wip.tu-berlin.de>
PJM,NewYork,Power,2030,5.352056,,GW,"IC transfer capability, High/NTP ceiling (MW/1000), floored at existing+commissioned",2026-06-25,Konstantin Loffler <kl@wip.tu-berlin.de>
PJM,NewYork,Power,2031,5.566138,,GW,"IC transfer capability, High/NTP ceiling (MW/1000), floored at existing+commissioned",2026-06-25,Konstantin Loffler <kl@wip.tu-berlin.de>
PJM,NewYork,Power,2032,5.788784,,GW,"IC transfer capability, High/NTP ceiling (MW/1000), floored at existing+commissioned",2026-06-25,Konstantin Loffler <kl@wip.tu-berlin.de>
PJM,NewYork,Power,2033,6.020335,,GW,"IC transfer capability, High/NTP ceiling (MW/1000), floored at existing+commissioned",2026-06-25,Konstantin Loffler <kl@wip.tu-berlin.de>
PJM,NewYork,Power,2034,6.261149,,GW,"IC transfer capability, High/NTP ceiling (MW/1000), floored at existing+commissioned",2026-06-25,Konstantin Loffler <kl@wip.tu-berlin.de>
PJM,NewYork,Power,2035,6.511595,,GW,"IC transfer capability, High/NTP ceiling (MW/1000), floored at existing+commissioned",2026-06-25,Konstantin Loffler <kl@wip.tu-berlin.de>
PJM,NewYork,Power,2036,6.772058,,GW,"IC transfer capability, High/NTP ceiling (MW/1000), floored at existing+commissioned",2026-06-25,Konstantin Loffler <kl@wip.tu-berlin.de>
PJM,NewYork,Power,2037,7.042941,,GW,"IC transfer capability, High/NTP ceiling (MW/1000), floored at existing+commissioned",2026-06-25,Konstantin Loffler <kl@wip.tu-berlin.de>
PJM,NewYork,Power,2038,7.324658,,GW,"IC transfer capability, High/NTP ceiling (MW/1000), floored at existing+commissioned",2026-06-25,Konstantin Loffler <kl@wip.tu-berlin.de>
PJM,NewYork,Power,2039,7.617645,,GW,"IC transfer capability, High/NTP ceiling (MW/1000), floored at existing+commissioned",2026-06-25,Konstantin Loffler <kl@wip.tu-berlin.de>
PJM,NewYork,Power,2040,7.92235,,GW,"IC transfer capability, High/NTP ceiling (MW/1000), floored at existing+commissioned",2026-06-25,Konstantin Loffler <kl@wip.tu-berlin.de>
PJM,SERC,Power,2025,17.278,,GW,"IC transfer capability, High/NTP ceiling (MW/1000), floored at existing+commissioned",2026-06-25,Konstantin Loffler <kl@wip.tu-berlin.de>
PJM,SERC,Power,2026,17.278,,GW,"IC transfer capability, High/NTP ceiling (MW/1000), floored at existing+commissioned",2026-06-25,Konstantin Loffler <kl@wip.tu-berlin.de>
PJM,SERC,Power,2027,17.278,,GW,"IC transfer capability, High/NTP ceiling (MW/1000), floored at existing+commissioned",2026-06-25,Konstantin Loffler <kl@wip.tu-berlin.de>
PJM,SERC,Power,2028,17.278,,GW,"IC transfer capability, High/NTP ceiling (MW/1000), floored at existing+commissioned",2026-06-25,Konstantin Loffler <kl@wip.tu-berlin.de>
PJM,SERC,Power,2029,17.278,,GW,"IC transfer capability, High/NTP ceiling (MW/1000), floored at existing+commissioned",2026-06-25,Konstantin Loffler <kl@wip.tu-berlin.de>
PJM,SERC,Power,2030,17.596,,GW,"IC transfer capability, High/NTP ceiling (MW/1000), floored at existing+commissioned",2026-06-25,Konstantin Loffler <kl@wip.tu-berlin.de>
PJM,SERC,Power,2031,18.4948,,GW,"IC transfer capability, High/NTP ceiling (MW/1000), floored at existing+commissioned",2026-06-25,Konstantin Loffler <kl@wip.tu-berlin.de>
PJM,SERC,Power,2032,19.3936,,GW,"IC transfer capability, High/NTP ceiling (MW/1000), floored at existing+commissioned",2026-06-25,Konstantin Loffler <kl@wip.tu-berlin.de>
PJM,SERC,Power,2033,20.2924,,GW,"IC transfer capability, High/NTP ceiling (MW/1000), floored at existing+commissioned",2026-06-25,Konstantin Loffler <kl@wip.tu-berlin.de>
PJM,SERC,Power,2034,21.1912,,GW,"IC transfer capability, High/NTP ceiling (MW/1000), floored at existing+commissioned",2026-06-25,Konstantin Loffler <kl@wip.tu-berlin.de>
PJM,SERC,Power,2035,22.09,,GW,"IC transfer capability, High/NTP ceiling (MW/1000), floored at existing+commissioned",2026-06-25,Konstantin Loffler <kl@wip.tu-berlin.de>
PJM,SERC,Power,2036,23.4004,,GW,"IC transfer capability, High/NTP ceiling (MW/1000), floored at existing+commissioned",2026-06-25,Konstantin Loffler <kl@wip.tu-berlin.de>
PJM,SERC,Power,2037,24.7108,,GW,"IC transfer capability, High/NTP ceiling (MW/1000), floored at existing+commissioned",2026-06-25,Konstantin Loffler <kl@wip.tu-berlin.de>
PJM,SERC,Power,2038,26.0212,,GW,"IC transfer capability, High/NTP ceiling (MW/1000), floored at existing+commissioned",2026-06-25,Konstantin Loffler <kl@wip.tu-berlin.de>
PJM,SERC,Power,2039,27.3316,,GW,"IC transfer capability, High/NTP ceiling (MW/1000), floored at existing+commissioned",2026-06-25,Konstantin Loffler <kl@wip.tu-berlin.de>
PJM,SERC,Power,2040,28.642,,GW,"IC transfer capability, High/NTP ceiling (MW/1000), floored at existing+commissioned",2026-06-25,Konstantin Loffler <kl@wip.tu-berlin.de>
PJM,SPP,Power,2025,0.0,,GW,"IC transfer capability, High/NTP ceiling (MW/1000), floored at existing+commissioned",2026-06-25,Konstantin Loffler <kl@wip.tu-berlin.de>
PJM,SPP,Power,2026,0.0,,GW,"IC transfer capability, High/NTP ceiling (MW/1000), floored at existing+commissioned",2026-06-25,Konstantin Loffler <kl@wip.tu-berlin.de>
PJM,SPP,Power,2027,0.0,,GW,"IC transfer capability, High/NTP ceiling (MW/1000), floored at existing+commissioned",2026-06-25,Konstantin Loffler <kl@wip.tu-berlin.de>
PJM,SPP,Power,2028,0.0,,GW,"IC transfer capability, High/NTP ceiling (MW/1000), floored at existing+commissioned",2026-06-25,Konstantin Loffler <kl@wip.tu-berlin.de>
PJM,SPP,Power,2029,0.0,,GW,"IC transfer capability, High/NTP ceiling (MW/1000), floored at existing+commissioned",2026-06-25,Konstantin Loffler <kl@wip.tu-berlin.de>
PJM,SPP,Power,2030,0.0,,GW,"IC transfer capability, High/NTP ceiling (MW/1000), floored at existing+commissioned",2026-06-25,Konstantin Loffler <kl@wip.tu-berlin.de>
PJM,SPP,Power,2031,0.5,,GW,"IC transfer capability, High/NTP ceiling (MW/1000), floored at existing+commissioned",2026-06-25,Konstantin Loffler <kl@wip.tu-berlin.de>
PJM,SPP,Power,2032,1.0,,GW,"IC transfer capability, High/NTP ceiling (MW/1000), floored at existing+commissioned",2026-06-25,Konstantin Loffler <kl@wip.tu-berlin.de>
PJM,SPP,Power,2033,1.5,,GW,"IC transfer capability, High/NTP ceiling (MW/1000), floored at existing+commissioned",2026-06-25,Konstantin Loffler <kl@wip.tu-berlin.de>
PJM,SPP,Power,2034,2.0,,GW,"IC transfer capability, High/NTP ceiling (MW/1000), floored at existing+commissioned",2026-06-25,Konstantin Loffler <kl@wip.tu-berlin.de>
PJM,SPP,Power,2035,2.5,,GW,"IC transfer capability, High/NTP ceiling (MW/1000), floored at existing+commissioned",2026-06-25,Konstantin Loffler <kl@wip.tu-berlin.de>
PJM,SPP,Power,2036,2.5,,GW,"IC transfer capability, High/NTP ceiling (MW/1000), floored at existing+commissioned",2026-06-25,Konstantin Loffler <kl@wip.tu-berlin.de>
PJM,SPP,Power,2037,2.5,,GW,"IC transfer capability, High/NTP ceiling (MW/1000), floored at existing+commissioned",2026-06-25,Konstantin Loffler <kl@wip.tu-berlin.de>
PJM,SPP,Power,2038,2.5,,GW,"IC transfer capability, High/NTP ceiling (MW/1000), floored at existing+commissioned",2026-06-25,Konstantin Loffler <kl@wip.tu-berlin.de>
PJM,SPP,Power,2039,2.5,,GW,"IC transfer capability, High/NTP ceiling (MW/1000), floored at existing+commissioned",2026-06-25,Konstantin Loffler <kl@wip.tu-berlin.de>
PJM,SPP,Power,2040,2.5,,GW,"IC transfer capability, High/NTP ceiling (MW/1000), floored at existing+commissioned",2026-06-25,Konstantin Loffler <kl@wip.tu-berlin.de>
SERC,ERCOT,Power,2025,0.0,,GW,"IC transfer capability, High/NTP ceiling (MW/1000), floored at existing+commissioned",2026-06-25,Konstantin Loffler <kl@wip.tu-berlin.de>
SERC,ERCOT,Power,2026,0.0,,GW,"IC transfer capability, High/NTP ceiling (MW/1000), floored at existing+commissioned",2026-06-25,Konstantin Loffler <kl@wip.tu-berlin.de>
SERC,ERCOT,Power,2027,0.0,,GW,"IC transfer capability, High/NTP ceiling (MW/1000), floored at existing+commissioned",2026-06-25,Konstantin Loffler <kl@wip.tu-berlin.de>
SERC,ERCOT,Power,2028,0.0,,GW,"IC transfer capability, High/NTP ceiling (MW/1000), floored at existing+commissioned",2026-06-25,Konstantin Loffler <kl@wip.tu-berlin.de>
SERC,ERCOT,Power,2029,0.0,,GW,"IC transfer capability, High/NTP ceiling (MW/1000), floored at existing+commissioned",2026-06-25,Konstantin Loffler <kl@wip.tu-berlin.de>
SERC,ERCOT,Power,2030,0.0,,GW,"IC transfer capability, High/NTP ceiling (MW/1000), floored at existing+commissioned",2026-06-25,Konstantin Loffler <kl@wip.tu-berlin.de>
SERC,ERCOT,Power,2031,0.0,,GW,"IC transfer capability, High/NTP ceiling (MW/1000), floored at existing+commissioned",2026-06-25,Konstantin Loffler <kl@wip.tu-berlin.de>
SERC,ERCOT,Power,2032,0.0,,GW,"IC transfer capability, High/NTP ceiling (MW/1000), floored at existing+commissioned",2026-06-25,Konstantin Loffler <kl@wip.tu-berlin.de>
SERC,ERCOT,Power,2033,0.0,,GW,"IC transfer capability, High/NTP ceiling (MW/1000), floored at existing+commissioned",2026-06-25,Konstantin Loffler <kl@wip.tu-berlin.de>
SERC,ERCOT,Power,2034,0.0,,GW,"IC transfer capability, High/NTP ceiling (MW/1000), floored at existing+commissioned",2026-06-25,Konstantin Loffler <kl@wip.tu-berlin.de>
SERC,ERCOT,Power,2035,0.0,,GW,"IC transfer capability, High/NTP ceiling (MW/1000), floored at existing+commissioned",2026-06-25,Konstantin Loffler <kl@wip.tu-berlin.de>
SERC,ERCOT,Power,2036,0.0,,GW,"IC transfer capability, High/NTP ceiling (MW/1000), floored at existing+commissioned",2026-06-25,Konstantin Loffler <kl@wip.tu-berlin.de>
SERC,ERCOT,Power,2037,0.0,,GW,"IC transfer capability, High/NTP ceiling (MW/1000), floored at existing+commissioned",2026-06-25,Konstantin Loffler <kl@wip.tu-berlin.de>
SERC,ERCOT,Power,2038,0.0,,GW,"IC transfer capability, High/NTP ceiling (MW/1000), floored at existing+commissioned",2026-06-25,Konstantin Loffler <kl@wip.tu-berlin.de>
SERC,ERCOT,Power,2039,0.0,,GW,"IC transfer capability, High/NTP ceiling (MW/1000), floored at existing+commissioned",2026-06-25,Konstantin Loffler <kl@wip.tu-berlin.de>
SERC,ERCOT,Power,2040,0.0,,GW,"IC transfer capability, High/NTP ceiling (MW/1000), floored at existing+commissioned",2026-06-25,Konstantin Loffler <kl@wip.tu-berlin.de>
SERC,MISO,Power,2025,20.71,,GW,"IC transfer capability, High/NTP ceiling (MW/1000), floored at existing+commissioned",2026-06-25,Konstantin Loffler <kl@wip.tu-berlin.de>
SERC,MISO,Power,2026,20.71,,GW,"IC transfer capability, High/NTP ceiling (MW/1000), floored at existing+commissioned",2026-06-25,Konstantin Loffler <kl@wip.tu-berlin.de>
SERC,MISO,Power,2027,20.71,,GW,"IC transfer capability, High/NTP ceiling (MW/1000), floored at existing+commissioned",2026-06-25,Konstantin Loffler <kl@wip.tu-berlin.de>
SERC,MISO,Power,2028,20.71,,GW,"IC transfer capability, High/NTP ceiling (MW/1000), floored at existing+commissioned",2026-06-25,Konstantin Loffler <kl@wip.tu-berlin.de>
SERC,MISO,Power,2029,22.0994,,GW,"IC transfer capability, High/NTP ceiling (MW/1000), floored at existing+commissioned",2026-06-25,Konstantin Loffler <kl@wip.tu-berlin.de>
SERC,MISO,Power,2030,23.851,,GW,"IC transfer capability, High/NTP ceiling (MW/1000), floored at existing+commissioned",2026-06-25,Konstantin Loffler <kl@wip.tu-berlin.de>
SERC,MISO,Power,2031,26.204757,,GW,"IC transfer capability, High/NTP ceiling (MW/1000), floored at existing+commissioned",2026-06-25,Konstantin Loffler <kl@wip.tu-berlin.de>
SERC,MISO,Power,2032,27.252947,,GW,"IC transfer capability, High/NTP ceiling (MW/1000), floored at existing+commissioned",2026-06-25,Konstantin Loffler <kl@wip.tu-berlin.de>
SERC,MISO,Power,2033,28.343065,,GW,"IC transfer capability, High/NTP ceiling (MW/1000), floored at existing+commissioned",2026-06-25,Konstantin Loffler <kl@wip.tu-berlin.de>
SERC,MISO,Power,2034,29.476788,,GW,"IC transfer capability, High/NTP ceiling (MW/1000), floored at existing+commissioned",2026-06-25,Konstantin Loffler <kl@wip.tu-berlin.de>
SERC,MISO,Power,2035,30.655859,,GW,"IC transfer capability, High/NTP ceiling (MW/1000), floored at existing+commissioned",2026-06-25,Konstantin Loffler <kl@wip.tu-berlin.de>
SERC,MISO,Power,2036,31.882094,,GW,"IC transfer capability, High/NTP ceiling (MW/1000), floored at existing+commissioned",2026-06-25,Konstantin Loffler <kl@wip.tu-berlin.de>
SERC,MISO,Power,2037,33.157377,,GW,"IC transfer capability, High/NTP ceiling (MW/1000), floored at existing+commissioned",2026-06-25,Konstantin Loffler <kl@wip.tu-berlin.de>
SERC,MISO,Power,2038,34.483672,,GW,"IC transfer capability, High/NTP ceiling (MW/1000), floored at existing+commissioned",2026-06-25,Konstantin Loffler <kl@wip.tu-berlin.de>
SERC,MISO,Power,2039,35.863019,,GW,"IC transfer capability, High/NTP ceiling (MW/1000), floored at existing+commissioned",2026-06-25,Konstantin Loffler <kl@wip.tu-berlin.de>
SERC,MISO,Power,2040,37.29754,,GW,"IC transfer capability, High/NTP ceiling (MW/1000), floored at existing+commissioned",2026-06-25,Konstantin Loffler <kl@wip.tu-berlin.de>
SERC,PJM,Power,2025,15.938,,GW,"IC transfer capability, High/NTP ceiling (MW/1000), floored at existing+commissioned",2026-06-25,Konstantin Loffler <kl@wip.tu-berlin.de>
SERC,PJM,Power,2026,15.938,,GW,"IC transfer capability, High/NTP ceiling (MW/1000), floored at existing+commissioned",2026-06-25,Konstantin Loffler <kl@wip.tu-berlin.de>
SERC,PJM,Power,2027,15.938,,GW,"IC transfer capability, High/NTP ceiling (MW/1000), floored at existing+commissioned",2026-06-25,Konstantin Loffler <kl@wip.tu-berlin.de>
SERC,PJM,Power,2028,15.938,,GW,"IC transfer capability, High/NTP ceiling (MW/1000), floored at existing+commissioned",2026-06-25,Konstantin Loffler <kl@wip.tu-berlin.de>
SERC,PJM,Power,2029,16.2612,,GW,"IC transfer capability, High/NTP ceiling (MW/1000), floored at existing+commissioned",2026-06-25,Konstantin Loffler <kl@wip.tu-berlin.de>
SERC,PJM,Power,2030,17.596,,GW,"IC transfer capability, High/NTP ceiling (MW/1000), floored at existing+commissioned",2026-06-25,Konstantin Loffler <kl@wip.tu-berlin.de>
SERC,PJM,Power,2031,18.4948,,GW,"IC transfer capability, High/NTP ceiling (MW/1000), floored at existing+commissioned",2026-06-25,Konstantin Loffler <kl@wip.tu-berlin.de>
SERC,PJM,Power,2032,19.3936,,GW,"IC transfer capability, High/NTP ceiling (MW/1000), floored at existing+commissioned",2026-06-25,Konstantin Loffler <kl@wip.tu-berlin.de>
SERC,PJM,Power,2033,20.2924,,GW,"IC transfer capability, High/NTP ceiling (MW/1000), floored at existing+commissioned",2026-06-25,Konstantin Loffler <kl@wip.tu-berlin.de>
SERC,PJM,Power,2034,21.1912,,GW,"IC transfer capability, High/NTP ceiling (MW/1000), floored at existing+commissioned",2026-06-25,Konstantin Loffler <kl@wip.tu-berlin.de>
SERC,PJM,Power,2035,22.09,,GW,"IC transfer capability, High/NTP ceiling (MW/1000), floored at existing+commissioned",2026-06-25,Konstantin Loffler <kl@wip.tu-berlin.de>
SERC,PJM,Power,2036,23.4004,,GW,"IC transfer capability, High/NTP ceiling (MW/1000), floored at existing+commissioned",2026-06-25,Konstantin Loffler <kl@wip.tu-berlin.de>
SERC,PJM,Power,2037,24.7108,,GW,"IC transfer capability, High/NTP ceiling (MW/1000), floored at existing+commissioned",2026-06-25,Konstantin Loffler <kl@wip.tu-berlin.de>
SERC,PJM,Power,2038,26.0212,,GW,"IC transfer capability, High/NTP ceiling (MW/1000), floored at existing+commissioned",2026-06-25,Konstantin Loffler <kl@wip.tu-berlin.de>
SERC,PJM,Power,2039,27.3316,,GW,"IC transfer capability, High/NTP ceiling (MW/1000), floored at existing+commissioned",2026-06-25,Konstantin Loffler <kl@wip.tu-berlin.de>
SERC,PJM,Power,2040,28.642,,GW,"IC transfer capability, High/NTP ceiling (MW/1000), floored at existing+commissioned",2026-06-25,Konstantin Loffler <kl@wip.tu-berlin.de>
SERC,SPP,Power,2025,0.707,,GW,"IC transfer capability, High/NTP ceiling (MW/1000), floored at existing+commissioned",2026-06-25,Konstantin Loffler <kl@wip.tu-berlin.de>
SERC,SPP,Power,2026,0.73528,,GW,"IC transfer capability, High/NTP ceiling (MW/1000), floored at existing+commissioned",2026-06-25,Konstantin Loffler <kl@wip.tu-berlin.de>
SERC,SPP,Power,2027,0.764691,,GW,"IC transfer capability, High/NTP ceiling (MW/1000), floored at existing+commissioned",2026-06-25,Konstantin Loffler <kl@wip.tu-berlin.de>
SERC,SPP,Power,2028,0.795279,,GW,"IC transfer capability, High/NTP ceiling (MW/1000), floored at existing+commissioned",2026-06-25,Konstantin Loffler <kl@wip.tu-berlin.de>
SERC,SPP,Power,2029,0.82709,,GW,"IC transfer capability, High/NTP ceiling (MW/1000), floored at existing+commissioned",2026-06-25,Konstantin Loffler <kl@wip.tu-berlin.de>
SERC,SPP,Power,2030,0.860174,,GW,"IC transfer capability, High/NTP ceiling (MW/1000), floored at existing+commissioned",2026-06-25,Konstantin Loffler <kl@wip.tu-berlin.de>
SERC,SPP,Power,2031,0.894581,,GW,"IC transfer capability, High/NTP ceiling (MW/1000), floored at existing+commissioned",2026-06-25,Konstantin Loffler <kl@wip.tu-berlin.de>
SERC,SPP,Power,2032,0.930364,,GW,"IC transfer capability, High/NTP ceiling (MW/1000), floored at existing+commissioned",2026-06-25,Konstantin Loffler <kl@wip.tu-berlin.de>
SERC,SPP,Power,2033,0.967578,,GW,"IC transfer capability, High/NTP ceiling (MW/1000), floored at existing+commissioned",2026-06-25,Konstantin Loffler <kl@wip.tu-berlin.de>
SERC,SPP,Power,2034,1.006281,,GW,"IC transfer capability, High/NTP ceiling (MW/1000), floored at existing+commissioned",2026-06-25,Konstantin Loffler <kl@wip.tu-berlin.de>
SERC,SPP,Power,2035,1.046533,,GW,"IC transfer capability, High/NTP ceiling (MW/1000), floored at existing+commissioned",2026-06-25,Konstantin Loffler <kl@wip.tu-berlin.de>
SERC,SPP,Power,2036,1.088394,,GW,"IC transfer capability, High/NTP ceiling (MW/1000), floored at existing+commissioned",2026-06-25,Konstantin Loffler <kl@wip.tu-berlin.de>
SERC,SPP,Power,2037,1.13193,,GW,"IC transfer capability, High/NTP ceiling (MW/1000), floored at existing+commissioned",2026-06-25,Konstantin Loffler <kl@wip.tu-berlin.de>
SERC,SPP,Power,2038,1.177207,,GW,"IC transfer capability, High/NTP ceiling (MW/1000), floored at existing+commissioned",2026-06-25,Konstantin Loffler <kl@wip.tu-berlin.de>
SERC,SPP,Power,2039,1.224295,,GW,"IC transfer capability, High/NTP ceiling (MW/1000), floored at existing+commissioned",2026-06-25,Konstantin Loffler <kl@wip.tu-berlin.de>
SERC,SPP,Power,2040,1.273267,,GW,"IC transfer capability, High/NTP ceiling (MW/1000), floored at existing+commissioned",2026-06-25,Konstantin Loffler <kl@wip.tu-berlin.de>
SPP,Canada,Power,2025,0.3,,GW,"IC transfer capability, High/NTP ceiling (MW/1000), floored at existing+commissioned",2026-06-25,Konstantin Loffler <kl@wip.tu-berlin.de>
SPP,Canada,Power,2026,0.312,,GW,"IC transfer capability, High/NTP ceiling (MW/1000), floored at existing+commissioned",2026-06-25,Konstantin Loffler <kl@wip.tu-berlin.de>
SPP,Canada,Power,2027,0.32448,,GW,"IC transfer capability, High/NTP ceiling (MW/1000), floored at existing+commissioned",2026-06-25,Konstantin Loffler <kl@wip.tu-berlin.de>
SPP,Canada,Power,2028,0.337459,,GW,"IC transfer capability, High/NTP ceiling (MW/1000), floored at existing+commissioned",2026-06-25,Konstantin Loffler <kl@wip.tu-berlin.de>
SPP,Canada,Power,2029,0.350958,,GW,"IC transfer capability, High/NTP ceiling (MW/1000), floored at existing+commissioned",2026-06-25,Konstantin Loffler <kl@wip.tu-berlin.de>
SPP,Canada,Power,2030,0.364996,,GW,"IC transfer capability, High/NTP ceiling (MW/1000), floored at existing+commissioned",2026-06-25,Konstantin Loffler <kl@wip.tu-berlin.de>
SPP,Canada,Power,2031,0.37,,GW,"IC transfer capability, High/NTP ceiling (MW/1000), floored at existing+commissioned",2026-06-25,Konstantin Loffler <kl@wip.tu-berlin.de>
SPP,Canada,Power,2032,0.37,,GW,"IC transfer capability, High/NTP ceiling (MW/1000), floored at existing+commissioned",2026-06-25,Konstantin Loffler <kl@wip.tu-berlin.de>
SPP,Canada,Power,2033,0.37,,GW,"IC transfer capability, High/NTP ceiling (MW/1000), floored at existing+commissioned",2026-06-25,Konstantin Loffler <kl@wip.tu-berlin.de>
SPP,Canada,Power,2034,0.37,,GW,"IC transfer capability, High/NTP ceiling (MW/1000), floored at existing+commissioned",2026-06-25,Konstantin Loffler <kl@wip.tu-berlin.de>
SPP,Canada,Power,2035,0.37,,GW,"IC transfer capability, High/NTP ceiling (MW/1000), floored at existing+commissioned",2026-06-25,Konstantin Loffler <kl@wip.tu-berlin.de>
SPP,Canada,Power,2036,0.37,,GW,"IC transfer capability, High/NTP ceiling (MW/1000), floored at existing+commissioned",2026-06-25,Konstantin Loffler <kl@wip.tu-berlin.de>
SPP,Canada,Power,2037,0.37,,GW,"IC transfer capability, High/NTP ceiling (MW/1000), floored at existing+commissioned",2026-06-25,Konstantin Loffler <kl@wip.tu-berlin.de>
SPP,Canada,Power,2038,0.37,,GW,"IC transfer capability, High/NTP ceiling (MW/1000), floored at existing+commissioned",2026-06-25,Konstantin Loffler <kl@wip.tu-berlin.de>
SPP,Canada,Power,2039,0.37,,GW,"IC transfer capability, High/NTP ceiling (MW/1000), floored at existing+commissioned",2026-06-25,Konstantin Loffler <kl@wip.tu-berlin.de>
SPP,Canada,Power,2040,0.37,,GW,"IC transfer capability, High/NTP ceiling (MW/1000), floored at existing+commissioned",2026-06-25,Konstantin Loffler <kl@wip.tu-berlin.de>
SPP,ERCOT,Power,2025,3.0,,GW,"IC transfer capability, High/NTP ceiling (MW/1000), floored at existing+commissioned",2026-06-25,Konstantin Loffler <kl@wip.tu-berlin.de>
SPP,ERCOT,Power,2026,3.12,,GW,"IC transfer capability, High/NTP ceiling (MW/1000), floored at existing+commissioned",2026-06-25,Konstantin Loffler <kl@wip.tu-berlin.de>
SPP,ERCOT,Power,2027,3.2448,,GW,"IC transfer capability, High/NTP ceiling (MW/1000), floored at existing+commissioned",2026-06-25,Konstantin Loffler <kl@wip.tu-berlin.de>
SPP,ERCOT,Power,2028,3.374592,,GW,"IC transfer capability, High/NTP ceiling (MW/1000), floored at existing+commissioned",2026-06-25,Konstantin Loffler <kl@wip.tu-berlin.de>
SPP,ERCOT,Power,2029,3.509576,,GW,"IC transfer capability, High/NTP ceiling (MW/1000), floored at existing+commissioned",2026-06-25,Konstantin Loffler <kl@wip.tu-berlin.de>
SPP,ERCOT,Power,2030,3.649959,,GW,"IC transfer capability, High/NTP ceiling (MW/1000), floored at existing+commissioned",2026-06-25,Konstantin Loffler <kl@wip.tu-berlin.de>
SPP,ERCOT,Power,2031,3.795957,,GW,"IC transfer capability, High/NTP ceiling (MW/1000), floored at existing+commissioned",2026-06-25,Konstantin Loffler <kl@wip.tu-berlin.de>
SPP,ERCOT,Power,2032,3.947795,,GW,"IC transfer capability, High/NTP ceiling (MW/1000), floored at existing+commissioned",2026-06-25,Konstantin Loffler <kl@wip.tu-berlin.de>
SPP,ERCOT,Power,2033,4.105707,,GW,"IC transfer capability, High/NTP ceiling (MW/1000), floored at existing+commissioned",2026-06-25,Konstantin Loffler <kl@wip.tu-berlin.de>
SPP,ERCOT,Power,2034,4.269935,,GW,"IC transfer capability, High/NTP ceiling (MW/1000), floored at existing+commissioned",2026-06-25,Konstantin Loffler <kl@wip.tu-berlin.de>
SPP,ERCOT,Power,2035,4.440733,,GW,"IC transfer capability, High/NTP ceiling (MW/1000), floored at existing+commissioned",2026-06-25,Konstantin Loffler <kl@wip.tu-berlin.de>
SPP,ERCOT,Power,2036,4.618362,,GW,"IC transfer capability, High/NTP ceiling (MW/1000), floored at existing+commissioned",2026-06-25,Konstantin Loffler <kl@wip.tu-berlin.de>
SPP,ERCOT,Power,2037,4.803097,,GW,"IC transfer capability, High/NTP ceiling (MW/1000), floored at existing+commissioned",2026-06-25,Konstantin Loffler <kl@wip.tu-berlin.de>
SPP,ERCOT,Power,2038,4.995221,,GW,"IC transfer capability, High/NTP ceiling (MW/1000), floored at existing+commissioned",2026-06-25,Konstantin Loffler <kl@wip.tu-berlin.de>
SPP,ERCOT,Power,2039,5.195029,,GW,"IC transfer capability, High/NTP ceiling (MW/1000), floored at existing+commissioned",2026-06-25,Konstantin Loffler <kl@wip.tu-berlin.de>
SPP,ERCOT,Power,2040,5.402831,,GW,"IC transfer capability, High/NTP ceiling (MW/1000), floored at existing+commissioned",2026-06-25,Konstantin Loffler <kl@wip.tu-berlin.de>
SPP,MISO,Power,2025,3.152,,GW,"IC transfer capability, High/NTP ceiling (MW/1000), floored at existing+commissioned",2026-06-25,Konstantin Loffler <kl@wip.tu-berlin.de>
SPP,MISO,Power,2026,3.27808,,GW,"IC transfer capability, High/NTP ceiling (MW/1000), floored at existing+commissioned",2026-06-25,Konstantin Loffler <kl@wip.tu-berlin.de>
SPP,MISO,Power,2027,3.409203,,GW,"IC transfer capability, High/NTP ceiling (MW/1000), floored at existing+commissioned",2026-06-25,Konstantin Loffler <kl@wip.tu-berlin.de>
SPP,MISO,Power,2028,3.545571,,GW,"IC transfer capability, High/NTP ceiling (MW/1000), floored at existing+commissioned",2026-06-25,Konstantin Loffler <kl@wip.tu-berlin.de>
SPP,MISO,Power,2029,3.687394,,GW,"IC transfer capability, High/NTP ceiling (MW/1000), floored at existing+commissioned",2026-06-25,Konstantin Loffler <kl@wip.tu-berlin.de>
SPP,MISO,Power,2030,3.83489,,GW,"IC transfer capability, High/NTP ceiling (MW/1000), floored at existing+commissioned",2026-06-25,Konstantin Loffler <kl@wip.tu-berlin.de>
SPP,MISO,Power,2031,3.988286,,GW,"IC transfer capability, High/NTP ceiling (MW/1000), floored at existing+commissioned",2026-06-25,Konstantin Loffler <kl@wip.tu-berlin.de>
SPP,MISO,Power,2032,4.147817,,GW,"IC transfer capability, High/NTP ceiling (MW/1000), floored at existing+commissioned",2026-06-25,Konstantin Loffler <kl@wip.tu-berlin.de>
SPP,MISO,Power,2033,4.31373,,GW,"IC transfer capability, High/NTP ceiling (MW/1000), floored at existing+commissioned",2026-06-25,Konstantin Loffler <kl@wip.tu-berlin.de>
SPP,MISO,Power,2034,4.486279,,GW,"IC transfer capability, High/NTP ceiling (MW/1000), floored at existing+commissioned",2026-06-25,Konstantin Loffler <kl@wip.tu-berlin.de>
SPP,MISO,Power,2035,4.66573,,GW,"IC transfer capability, High/NTP ceiling (MW/1000), floored at existing+commissioned",2026-06-25,Konstantin Loffler <kl@wip.tu-berlin.de>
SPP,MISO,Power,2036,4.852359,,GW,"IC transfer capability, High/NTP ceiling (MW/1000), floored at existing+commissioned",2026-06-25,Konstantin Loffler <kl@wip.tu-berlin.de>
SPP,MISO,Power,2037,5.046454,,GW,"IC transfer capability, High/NTP ceiling (MW/1000), floored at existing+commissioned",2026-06-25,Konstantin Loffler <kl@wip.tu-berlin.de>
SPP,MISO,Power,2038,5.248312,,GW,"IC transfer capability, High/NTP ceiling (MW/1000), floored at existing+commissioned",2026-06-25,Konstantin Loffler <kl@wip.tu-berlin.de>
SPP,MISO,Power,2039,5.458244,,GW,"IC transfer capability, High/NTP ceiling (MW/1000), floored at existing+commissioned",2026-06-25,Konstantin Loffler <kl@wip.tu-berlin.de>
SPP,MISO,Power,2040,5.676574,,GW,"IC transfer capability, High/NTP ceiling (MW/1000), floored at existing+commissioned",2026-06-25,Konstantin Loffler <kl@wip.tu-berlin.de>
SPP,PJM,Power,2025,0.0,,GW,"IC transfer capability, High/NTP ceiling (MW/1000), floored at existing+commissioned",2026-06-25,Konstantin Loffler <kl@wip.tu-berlin.de>
SPP,PJM,Power,2026,0.0,,GW,"IC transfer capability, High/NTP ceiling (MW/1000), floored at existing+commissioned",2026-06-25,Konstantin Loffler <kl@wip.tu-berlin.de>
SPP,PJM,Power,2027,0.0,,GW,"IC transfer capability, High/NTP ceiling (MW/1000), floored at existing+commissioned",2026-06-25,Konstantin Loffler <kl@wip.tu-berlin.de>
SPP,PJM,Power,2028,0.0,,GW,"IC transfer capability, High/NTP ceiling (MW/1000), floored at existing+commissioned",2026-06-25,Konstantin Loffler <kl@wip.tu-berlin.de>
SPP,PJM,Power,2029,0.0,,GW,"IC transfer capability, High/NTP ceiling (MW/1000), floored at existing+commissioned",2026-06-25,Konstantin Loffler <kl@wip.tu-berlin.de>
SPP,PJM,Power,2030,0.0,,GW,"IC transfer capability, High/NTP ceiling (MW/1000), floored at existing+commissioned",2026-06-25,Konstantin Loffler <kl@wip.tu-berlin.de>
SPP,PJM,Power,2031,0.5,,GW,"IC transfer capability, High/NTP ceiling (MW/1000), floored at existing+commissioned",2026-06-25,Konstantin Loffler <kl@wip.tu-berlin.de>
SPP,PJM,Power,2032,1.0,,GW,"IC transfer capability, High/NTP ceiling (MW/1000), floored at existing+commissioned",2026-06-25,Konstantin Loffler <kl@wip.tu-berlin.de>
SPP,PJM,Power,2033,1.5,,GW,"IC transfer capability, High/NTP ceiling (MW/1000), floored at existing+commissioned",2026-06-25,Konstantin Loffler <kl@wip.tu-berlin.de>
SPP,PJM,Power,2034,2.0,,GW,"IC transfer capability, High/NTP ceiling (MW/1000), floored at existing+commissioned",2026-06-25,Konstantin Loffler <kl@wip.tu-berlin.de>
SPP,PJM,Power,2035,2.5,,GW,"IC transfer capability, High/NTP ceiling (MW/1000), floored at existing+commissioned",2026-06-25,Konstantin Loffler <kl@wip.tu-berlin.de>
SPP,PJM,Power,2036,2.5,,GW,"IC transfer capability, High/NTP ceiling (MW/1000), floored at existing+commissioned",2026-06-25,Konstantin Loffler <kl@wip.tu-berlin.de>
SPP,PJM,Power,2037,2.5,,GW,"IC transfer capability, High/NTP ceiling (MW/1000), floored at existing+commissioned",2026-06-25,Konstantin Loffler <kl@wip.tu-berlin.de>
SPP,PJM,Power,2038,2.5,,GW,"IC transfer capability, High/NTP ceiling (MW/1000), floored at existing+commissioned",2026-06-25,Konstantin Loffler <kl@wip.tu-berlin.de>
SPP,PJM,Power,2039,2.5,,GW,"IC transfer capability, High/NTP ceiling (MW/1000), floored at existing+commissioned",2026-06-25,Konstantin Loffler <kl@wip.tu-berlin.de>
SPP,PJM,Power,2040,2.5,,GW,"IC transfer capability, High/NTP ceiling (MW/1000), floored at existing+commissioned",2026-06-25,Konstantin Loffler <kl@wip.tu-berlin.de>
SPP,SERC,Power,2025,0.707,,GW,"IC transfer capability, High/NTP ceiling (MW/1000), floored at existing+commissioned",2026-06-25,Konstantin Loffler <kl@wip.tu-berlin.de>
SPP,SERC,Power,2026,0.73528,,GW,"IC transfer capability, High/NTP ceiling (MW/1000), floored at existing+commissioned",2026-06-25,Konstantin Loffler <kl@wip.tu-berlin.de>
SPP,SERC,Power,2027,0.764691,,GW,"IC transfer capability, High/NTP ceiling (MW/1000), floored at existing+commissioned",2026-06-25,Konstantin Loffler <kl@wip.tu-berlin.de>
SPP,SERC,Power,2028,0.795279,,GW,"IC transfer capability, High/NTP ceiling (MW/1000), floored at existing+commissioned",2026-06-25,Konstantin Loffler <kl@wip.tu-berlin.de>
SPP,SERC,Power,2029,0.82709,,GW,"IC transfer capability, High/NTP ceiling (MW/1000), floored at existing+commissioned",2026-06-25,Konstantin Loffler <kl@wip.tu-berlin.de>
SPP,SERC,Power,2030,0.860174,,GW,"IC transfer capability, High/NTP ceiling (MW/1000), floored at existing+commissioned",2026-06-25,Konstantin Loffler <kl@wip.tu-berlin.de>
SPP,SERC,Power,2031,0.894581,,GW,"IC transfer capability, High/NTP ceiling (MW/1000), floored at existing+commissioned",2026-06-25,Konstantin Loffler <kl@wip.tu-berlin.de>
SPP,SERC,Power,2032,0.930364,,GW,"IC transfer capability, High/NTP ceiling (MW/1000), floored at existing+commissioned",2026-06-25,Konstantin Loffler <kl@wip.tu-berlin.de>
SPP,SERC,Power,2033,0.967578,,GW,"IC transfer capability, High/NTP ceiling (MW/1000), floored at existing+commissioned",2026-06-25,Konstantin Loffler <kl@wip.tu-berlin.de>
SPP,SERC,Power,2034,1.006281,,GW,"IC transfer capability, High/NTP ceiling (MW/1000), floored at existing+commissioned",2026-06-25,Konstantin Loffler <kl@wip.tu-berlin.de>
SPP,SERC,Power,2035,1.046533,,GW,"IC transfer capability, High/NTP ceiling (MW/1000), floored at existing+commissioned",2026-06-25,Konstantin Loffler <kl@wip.tu-berlin.de>
SPP,SERC,Power,2036,1.088394,,GW,"IC transfer capability, High/NTP ceiling (MW/1000), floored at existing+commissioned",2026-06-25,Konstantin Loffler <kl@wip.tu-berlin.de>
SPP,SERC,Power,2037,1.13193,,GW,"IC transfer capability, High/NTP ceiling (MW/1000), floored at existing+commissioned",2026-06-25,Konstantin Loffler <kl@wip.tu-berlin.de>
SPP,SERC,Power,2038,1.177207,,GW,"IC transfer capability, High/NTP ceiling (MW/1000), floored at existing+commissioned",2026-06-25,Konstantin Loffler <kl@wip.tu-berlin.de>
SPP,SERC,Power,2039,1.224295,,GW,"IC transfer capability, High/NTP ceiling (MW/1000), floored at existing+commissioned",2026-06-25,Konstantin Loffler <kl@wip.tu-berlin.de>
SPP,SERC,Power,2040,1.273267,,GW,"IC transfer capability, High/NTP ceiling (MW/1000), floored at existing+commissioned",2026-06-25,Konstantin Loffler <kl@wip.tu-berlin.de>
SPP,WECC,Power,2025,0.61,,GW,"IC transfer capability, High/NTP ceiling (MW/1000), floored at existing+commissioned",2026-06-25,Konstantin Loffler <kl@wip.tu-berlin.de>
SPP,WECC,Power,2026,0.6344,,GW,"IC transfer capability, High/NTP ceiling (MW/1000), floored at existing+commissioned",2026-06-25,Konstantin Loffler <kl@wip.tu-berlin.de>
SPP,WECC,Power,2027,0.659776,,GW,"IC transfer capability, High/NTP ceiling (MW/1000), floored at existing+commissioned",2026-06-25,Konstantin Loffler <kl@wip.tu-berlin.de>
SPP,WECC,Power,2028,0.686167,,GW,"IC transfer capability, High/NTP ceiling (MW/1000), floored at existing+commissioned",2026-06-25,Konstantin Loffler <kl@wip.tu-berlin.de>
SPP,WECC,Power,2029,0.713614,,GW,"IC transfer capability, High/NTP ceiling (MW/1000), floored at existing+commissioned",2026-06-25,Konstantin Loffler <kl@wip.tu-berlin.de>
SPP,WECC,Power,2030,0.742158,,GW,"IC transfer capability, High/NTP ceiling (MW/1000), floored at existing+commissioned",2026-06-25,Konstantin Loffler <kl@wip.tu-berlin.de>
SPP,WECC,Power,2031,0.771845,,GW,"IC transfer capability, High/NTP ceiling (MW/1000), floored at existing+commissioned",2026-06-25,Konstantin Loffler <kl@wip.tu-berlin.de>
SPP,WECC,Power,2032,0.802718,,GW,"IC transfer capability, High/NTP ceiling (MW/1000), floored at existing+commissioned",2026-06-25,Konstantin Loffler <kl@wip.tu-berlin.de>
SPP,WECC,Power,2033,0.834827,,GW,"IC transfer capability, High/NTP ceiling (MW/1000), floored at existing+commissioned",2026-06-25,Konstantin Loffler <kl@wip.tu-berlin.de>
SPP,WECC,Power,2034,0.86822,,GW,"IC transfer capability, High/NTP ceiling (MW/1000), floored at existing+commissioned",2026-06-25,Konstantin Loffler <kl@wip.tu-berlin.de>
SPP,WECC,Power,2035,0.902949,,GW,"IC transfer capability, High/NTP ceiling (MW/1000), floored at existing+commissioned",2026-06-25,Konstantin Loffler <kl@wip.tu-berlin.de>
SPP,WECC,Power,2036,0.939067,,GW,"IC transfer capability, High/NTP ceiling (MW/1000), floored at existing+commissioned",2026-06-25,Konstantin Loffler <kl@wip.tu-berlin.de>
SPP,WECC,Power,2037,0.97663,,GW,"IC transfer capability, High/NTP ceiling (MW/1000), floored at existing+commissioned",2026-06-25,Konstantin Loffler <kl@wip.tu-berlin.de>
SPP,WECC,Power,2038,1.015695,,GW,"IC transfer capability, High/NTP ceiling (MW/1000), floored at existing+commissioned",2026-06-25,Konstantin Loffler <kl@wip.tu-berlin.de>
SPP,WECC,Power,2039,1.056323,,GW,"IC transfer capability, High/NTP ceiling (MW/1000), floored at existing+commissioned",2026-06-25,Konstantin Loffler <kl@wip.tu-berlin.de>
SPP,WECC,Power,2040,1.098576,,GW,"IC transfer capability, High/NTP ceiling (MW/1000), floored at existing+commissioned",2026-06-25,Konstantin Loffler <kl@wip.tu-berlin.de>
WECC,California,Power,2025,16.914,,GW,"IC transfer capability, High/NTP ceiling (MW/1000), floored at existing+commissioned",2026-06-25,Konstantin Loffler <kl@wip.tu-berlin.de>
WECC,California,Power,2026,17.59056,,GW,"IC transfer capability, High/NTP ceiling (MW/1000), floored at existing+commissioned",2026-06-25,Konstantin Loffler <kl@wip.tu-berlin.de>
WECC,California,Power,2027,18.294182,,GW,"IC transfer capability, High/NTP ceiling (MW/1000), floored at existing+commissioned",2026-06-25,Konstantin Loffler <kl@wip.tu-berlin.de>
WECC,California,Power,2028,19.02595,,GW,"IC transfer capability, High/NTP ceiling (MW/1000), floored at existing+commissioned",2026-06-25,Konstantin Loffler <kl@wip.tu-berlin.de>
WECC,California,Power,2029,19.786988,,GW,"IC transfer capability, High/NTP ceiling (MW/1000), floored at existing+commissioned",2026-06-25,Konstantin Loffler <kl@wip.tu-berlin.de>
WECC,California,Power,2030,20.578467,,GW,"IC transfer capability, High/NTP ceiling (MW/1000), floored at existing+commissioned",2026-06-25,Konstantin Loffler <kl@wip.tu-berlin.de>
WECC,California,Power,2031,21.401606,,GW,"IC transfer capability, High/NTP ceiling (MW/1000), floored at existing+commissioned",2026-06-25,Konstantin Loffler <kl@wip.tu-berlin.de>
WECC,California,Power,2032,22.25767,,GW,"IC transfer capability, High/NTP ceiling (MW/1000), floored at existing+commissioned",2026-06-25,Konstantin Loffler <kl@wip.tu-berlin.de>
WECC,California,Power,2033,23.147977,,GW,"IC transfer capability, High/NTP ceiling (MW/1000), floored at existing+commissioned",2026-06-25,Konstantin Loffler <kl@wip.tu-berlin.de>
WECC,California,Power,2034,24.073896,,GW,"IC transfer capability, High/NTP ceiling (MW/1000), floored at existing+commissioned",2026-06-25,Konstantin Loffler <kl@wip.tu-berlin.de>
WECC,California,Power,2035,25.036852,,GW,"IC transfer capability, High/NTP ceiling (MW/1000), floored at existing+commissioned",2026-06-25,Konstantin Loffler <kl@wip.tu-berlin.de>
WECC,California,Power,2036,26.038326,,GW,"IC transfer capability, High/NTP ceiling (MW/1000), floored at existing+commissioned",2026-06-25,Konstantin Loffler <kl@wip.tu-berlin.de>
WECC,California,Power,2037,27.079859,,GW,"IC transfer capability, High/NTP ceiling (MW/1000), floored at existing+commissioned",2026-06-25,Konstantin Loffler <kl@wip.tu-berlin.de>
WECC,California,Power,2038,28.163053,,GW,"IC transfer capability, High/NTP ceiling (MW/1000), floored at existing+commissioned",2026-06-25,Konstantin Loffler <kl@wip.tu-berlin.de>
WECC,California,Power,2039,29.289575,,GW,"IC transfer capability, High/NTP ceiling (MW/1000), floored at existing+commissioned",2026-06-25,Konstantin Loffler <kl@wip.tu-berlin.de>
WECC,California,Power,2040,30.461158,,GW,"IC transfer capability, High/NTP ceiling (MW/1000), floored at existing+commissioned",2026-06-25,Konstantin Loffler <kl@wip.tu-berlin.de>
WECC,Canada,Power,2025,3.25,,GW,"IC transfer capability, High/NTP ceiling (MW/1000), floored at existing+commissioned",2026-06-25,Konstantin Loffler <kl@wip.tu-berlin.de>
WECC,Canada,Power,2026,3.38,,GW,"IC transfer capability, High/NTP ceiling (MW/1000), floored at existing+commissioned",2026-06-25,Konstantin Loffler <kl@wip.tu-berlin.de>
WECC,Canada,Power,2027,3.422,,GW,"IC transfer capability, High/NTP ceiling (MW/1000), floored at existing+commissioned",2026-06-25,Konstantin Loffler <kl@wip.tu-berlin.de>
WECC,Canada,Power,2028,3.422,,GW,"IC transfer capability, High/NTP ceiling (MW/1000), floored at existing+commissioned",2026-06-25,Konstantin Loffler <kl@wip.tu-berlin.de>
WECC,Canada,Power,2029,3.422,,GW,"IC transfer capability, High/NTP ceiling (MW/1000), floored at existing+commissioned",2026-06-25,Konstantin Loffler <kl@wip.tu-berlin.de>
WECC,Canada,Power,2030,3.422,,GW,"IC transfer capability, High/NTP ceiling (MW/1000), floored at existing+commissioned",2026-06-25,Konstantin Loffler <kl@wip.tu-berlin.de>
WECC,Canada,Power,2031,3.422,,GW,"IC transfer capability, High/NTP ceiling (MW/1000), floored at existing+commissioned",2026-06-25,Konstantin Loffler <kl@wip.tu-berlin.de>
WECC,Canada,Power,2032,3.422,,GW,"IC transfer capability, High/NTP ceiling (MW/1000), floored at existing+commissioned",2026-06-25,Konstantin Loffler <kl@wip.tu-berlin.de>
WECC,Canada,Power,2033,3.422,,GW,"IC transfer capability, High/NTP ceiling (MW/1000), floored at existing+commissioned",2026-06-25,Konstantin Loffler <kl@wip.tu-berlin.de>
WECC,Canada,Power,2034,3.422,,GW,"IC transfer capability, High/NTP ceiling (MW/1000), floored at existing+commissioned",2026-06-25,Konstantin Loffler <kl@wip.tu-berlin.de>
WECC,Canada,Power,2035,3.422,,GW,"IC transfer capability, High/NTP ceiling (MW/1000), floored at existing+commissioned",2026-06-25,Konstantin Loffler <kl@wip.tu-berlin.de>
WECC,Canada,Power,2036,3.422,,GW,"IC transfer capability, High/NTP ceiling (MW/1000), floored at existing+commissioned",2026-06-25,Konstantin Loffler <kl@wip.tu-berlin.de>
WECC,Canada,Power,2037,3.422,,GW,"IC transfer capability, High/NTP ceiling (MW/1000), floored at existing+commissioned",2026-06-25,Konstantin Loffler <kl@wip.tu-berlin.de>
WECC,Canada,Power,2038,3.422,,GW,"IC transfer capability, High/NTP ceiling (MW/1000), floored at existing+commissioned",2026-06-25,Konstantin Loffler <kl@wip.tu-berlin.de>
WECC,Canada,Power,2039,3.422,,GW,"IC transfer capability, High/NTP ceiling (MW/1000), floored at existing+commissioned",2026-06-25,Konstantin Loffler <kl@wip.tu-berlin.de>
WECC,Canada,Power,2040,3.422,,GW,"IC transfer capability, High/NTP ceiling (MW/1000), floored at existing+commissioned",2026-06-25,Konstantin Loffler <kl@wip.tu-berlin.de>
WECC,ERCOT,Power,2025,0.0,,GW,"IC transfer capability, High/NTP ceiling (MW/1000), floored at existing+commissioned",2026-06-25,Konstantin Loffler <kl@wip.tu-berlin.de>
WECC,ERCOT,Power,2026,2.08,,GW,"IC transfer capability, High/NTP ceiling (MW/1000), floored at existing+commissioned",2026-06-25,Konstantin Loffler <kl@wip.tu-berlin.de>
WECC,ERCOT,Power,2027,2.1632,,GW,"IC transfer capability, High/NTP ceiling (MW/1000), floored at existing+commissioned",2026-06-25,Konstantin Loffler <kl@wip.tu-berlin.de>
WECC,ERCOT,Power,2028,2.249728,,GW,"IC transfer capability, High/NTP ceiling (MW/1000), floored at existing+commissioned",2026-06-25,Konstantin Loffler <kl@wip.tu-berlin.de>
WECC,ERCOT,Power,2029,2.339717,,GW,"IC transfer capability, High/NTP ceiling (MW/1000), floored at existing+commissioned",2026-06-25,Konstantin Loffler <kl@wip.tu-berlin.de>
WECC,ERCOT,Power,2030,2.433306,,GW,"IC transfer capability, High/NTP ceiling (MW/1000), floored at existing+commissioned",2026-06-25,Konstantin Loffler <kl@wip.tu-berlin.de>
WECC,ERCOT,Power,2031,2.530638,,GW,"IC transfer capability, High/NTP ceiling (MW/1000), floored at existing+commissioned",2026-06-25,Konstantin Loffler <kl@wip.tu-berlin.de>
WECC,ERCOT,Power,2032,2.631864,,GW,"IC transfer capability, High/NTP ceiling (MW/1000), floored at existing+commissioned",2026-06-25,Konstantin Loffler <kl@wip.tu-berlin.de>
WECC,ERCOT,Power,2033,2.737138,,GW,"IC transfer capability, High/NTP ceiling (MW/1000), floored at existing+commissioned",2026-06-25,Konstantin Loffler <kl@wip.tu-berlin.de>
WECC,ERCOT,Power,2034,2.846624,,GW,"IC transfer capability, High/NTP ceiling (MW/1000), floored at existing+commissioned",2026-06-25,Konstantin Loffler <kl@wip.tu-berlin.de>
WECC,ERCOT,Power,2035,2.960489,,GW,"IC transfer capability, High/NTP ceiling (MW/1000), floored at existing+commissioned",2026-06-25,Konstantin Loffler <kl@wip.tu-berlin.de>
WECC,ERCOT,Power,2036,3.078908,,GW,"IC transfer capability, High/NTP ceiling (MW/1000), floored at existing+commissioned",2026-06-25,Konstantin Loffler <kl@wip.tu-berlin.de>
WECC,ERCOT,Power,2037,3.202064,,GW,"IC transfer capability, High/NTP ceiling (MW/1000), floored at existing+commissioned",2026-06-25,Konstantin Loffler <kl@wip.tu-berlin.de>
WECC,ERCOT,Power,2038,3.330147,,GW,"IC transfer capability, High/NTP ceiling (MW/1000), floored at existing+commissioned",2026-06-25,Konstantin Loffler <kl@wip.tu-berlin.de>
WECC,ERCOT,Power,2039,3.463353,,GW,"IC transfer capability, High/NTP ceiling (MW/1000), floored at existing+commissioned",2026-06-25,Konstantin Loffler <kl@wip.tu-berlin.de>
WECC,ERCOT,Power,2040,3.601887,,GW,"IC transfer capability, High/NTP ceiling (MW/1000), floored at existing+commissioned",2026-06-25,Konstantin Loffler <kl@wip.tu-berlin.de>
WECC,MISO,Power,2025,0.0,,GW,"IC transfer capability, High/NTP ceiling (MW/1000), floored at existing+commissioned",2026-06-25,Konstantin Loffler <kl@wip.tu-berlin.de>
WECC,MISO,Power,2026,0.0,,GW,"IC transfer capability, High/NTP ceiling (MW/1000), floored at existing+commissioned",2026-06-25,Konstantin Loffler <kl@wip.tu-berlin.de>
WECC,MISO,Power,2027,0.0,,GW,"IC transfer capability, High/NTP ceiling (MW/1000), floored at existing+commissioned",2026-06-25,Konstantin Loffler <kl@wip.tu-berlin.de>
WECC,MISO,Power,2028,0.0,,GW,"IC transfer capability, High/NTP ceiling (MW/1000), floored at existing+commissioned",2026-06-25,Konstantin Loffler <kl@wip.tu-berlin.de>
WECC,MISO,Power,2029,0.0,,GW,"IC transfer capability, High/NTP ceiling (MW/1000), floored at existing+commissioned",2026-06-25,Konstantin Loffler <kl@wip.tu-berlin.de>
WECC,MISO,Power,2030,0.0,,GW,"IC transfer capability, High/NTP ceiling (MW/1000), floored at existing+commissioned",2026-06-25,Konstantin Loffler <kl@wip.tu-berlin.de>
WECC,MISO,Power,2031,0.66,,GW,"IC transfer capability, High/NTP ceiling (MW/1000), floored at existing+commissioned",2026-06-25,Konstantin Loffler <kl@wip.tu-berlin.de>
WECC,MISO,Power,2032,3.0,,GW,"IC transfer capability, High/NTP ceiling (MW/1000), floored at existing+commissioned",2026-06-25,Konstantin Loffler <kl@wip.tu-berlin.de>
WECC,MISO,Power,2033,3.0,,GW,"IC transfer capability, High/NTP ceiling (MW/1000), floored at existing+commissioned",2026-06-25,Konstantin Loffler <kl@wip.tu-berlin.de>
WECC,MISO,Power,2034,3.0,,GW,"IC transfer capability, High/NTP ceiling (MW/1000), floored at existing+commissioned",2026-06-25,Konstantin Loffler <kl@wip.tu-berlin.de>
WECC,MISO,Power,2035,3.0,,GW,"IC transfer capability, High/NTP ceiling (MW/1000), floored at existing+commissioned",2026-06-25,Konstantin Loffler <kl@wip.tu-berlin.de>
WECC,MISO,Power,2036,3.078908,,GW,"IC transfer capability, High/NTP ceiling (MW/1000), floored at existing+commissioned",2026-06-25,Konstantin Loffler <kl@wip.tu-berlin.de>
WECC,MISO,Power,2037,3.202064,,GW,"IC transfer capability, High/NTP ceiling (MW/1000), floored at existing+commissioned",2026-06-25,Konstantin Loffler <kl@wip.tu-berlin.de>
WECC,MISO,Power,2038,3.3,,GW,"IC transfer capability, High/NTP ceiling (MW/1000), floored at existing+commissioned",2026-06-25,Konstantin Loffler <kl@wip.tu-berlin.de>
WECC,MISO,Power,2039,3.3,,GW,"IC transfer capability, High/NTP ceiling (MW/1000), floored at existing+commissioned",2026-06-25,Konstantin Loffler <kl@wip.tu-berlin.de>
WECC,MISO,Power,2040,3.3,,GW,"IC transfer capability, High/NTP ceiling (MW/1000), floored at existing+commissioned",2026-06-25,Konstantin Loffler <kl@wip.tu-berlin.de>
WECC,SPP,Power,2025,0.61,,GW,"IC transfer capability, High/NTP ceiling (MW/1000), floored at existing+commissioned",2026-06-25,Konstantin Loffler <kl@wip.tu-berlin.de>
WECC,SPP,Power,2026,0.6344,,GW,"IC transfer capability, High/NTP ceiling (MW/1000), floored at existing+commissioned",2026-06-25,Konstantin Loffler <kl@wip.tu-berlin.de>
WECC,SPP,Power,2027,0.659776,,GW,"IC transfer capability, High/NTP ceiling (MW/1000), floored at existing+commissioned",2026-06-25,Konstantin Loffler <kl@wip.tu-berlin.de>
WECC,SPP,Power,2028,0.686167,,GW,"IC transfer capability, High/NTP ceiling (MW/1000), floored at existing+commissioned",2026-06-25,Konstantin Loffler <kl@wip.tu-berlin.de>
WECC,SPP,Power,2029,0.713614,,GW,"IC transfer capability, High/NTP ceiling (MW/1000), floored at existing+commissioned",2026-06-25,Konstantin Loffler <kl@wip.tu-berlin.de>
WECC,SPP,Power,2030,0.742158,,GW,"IC transfer capability, High/NTP ceiling (MW/1000), floored at existing+commissioned",2026-06-25,Konstantin Loffler <kl@wip.tu-berlin.de>
WECC,SPP,Power,2031,0.771845,,GW,"IC transfer capability, High/NTP ceiling (MW/1000), floored at existing+commissioned",2026-06-25,Konstantin Loffler <kl@wip.tu-berlin.de>
WECC,SPP,Power,2032,0.802718,,GW,"IC transfer capability, High/NTP ceiling (MW/1000), floored at existing+commissioned",2026-06-25,Konstantin Loffler <kl@wip.tu-berlin.de>
WECC,SPP,Power,2033,0.834827,,GW,"IC transfer capability, High/NTP ceiling (MW/1000), floored at existing+commissioned",2026-06-25,Konstantin Loffler <kl@wip.tu-berlin.de>
WECC,SPP,Power,2034,0.86822,,GW,"IC transfer capability, High/NTP ceiling (MW/1000), floored at existing+commissioned",2026-06-25,Konstantin Loffler <kl@wip.tu-berlin.de>
WECC,SPP,Power,2035,0.902949,,GW,"IC transfer capability, High/NTP ceiling (MW/1000), floored at existing+commissioned",2026-06-25,Konstantin Loffler <kl@wip.tu-berlin.de>
WECC,SPP,Power,2036,0.939067,,GW,"IC transfer capability, High/NTP ceiling (MW/1000), floored at existing+commissioned",2026-06-25,Konstantin Loffler <kl@wip.tu-berlin.de>
WECC,SPP,Power,2037,0.97663,,GW,"IC transfer capability, High/NTP ceiling (MW/1000), floored at existing+commissioned",2026-06-25,Konstantin Loffler <kl@wip.tu-berlin.de>
WECC,SPP,Power,2038,1.015695,,GW,"IC transfer capability, High/NTP ceiling (MW/1000), floored at existing+commissioned",2026-06-25,Konstantin Loffler <kl@wip.tu-berlin.de>
WECC,SPP,Power,2039,1.056323,,GW,"IC transfer capability, High/NTP ceiling (MW/1000), floored at existing+commissioned",2026-06-25,Konstantin Loffler <kl@wip.tu-berlin.de>
WECC,SPP,Power,2040,1.098576,,GW,"IC transfer capability, High/NTP ceiling (MW/1000), floored at existing+commissioned",2026-06-25,Konstantin Loffler <kl@wip.tu-berlin.de>
